"date","USDBRL.X.Open","USDBRL.X.High","USDBRL.X.Low","USDBRL.X.Close","USDBRL.X.Volume","USDBRL.X.Adjusted","country"
2010-01-04,1.692999958992,1.74119997024536,1.67229998111725,1.71899998188019,0,1.71899998188019,"Brazil"
2010-01-05,1.6713000535965,1.73699998855591,1.6713000535965,1.73699998855591,0,1.73699998855591,"Brazil"
2010-01-06,1.67980003356934,1.73590004444122,1.67980003356934,1.7315000295639,0,1.7315000295639,"Brazil"
2010-01-07,1.72420001029968,1.74720001220703,1.68050003051758,1.73889994621277,0,1.73889994621277,"Brazil"
2010-01-08,1.69539999961853,1.74919998645782,1.69539999961853,1.73199999332428,0,1.73199999332428,"Brazil"
2010-01-11,1.6764999628067,1.73300004005432,1.6764999628067,1.73099994659424,0,1.73099994659424,"Brazil"
2010-01-12,1.68700003623962,1.74559998512268,1.68700003623962,1.73730003833771,0,1.73730003833771,"Brazil"
2010-01-13,1.69589996337891,1.74849998950958,1.69589996337891,1.74590003490448,0,1.74590003490448,"Brazil"
2010-01-14,1.70799994468689,1.76979994773865,1.70799994468689,1.76409995555878,0,1.76409995555878,"Brazil"
2010-01-15,1.70850002765656,1.77040004730225,1.70850002765656,1.76440000534058,0,1.76440000534058,"Brazil"
2010-01-18,1.72150003910065,1.77369999885559,1.72150003910065,1.7632999420166,0,1.7632999420166,"Brazil"
2010-01-19,1.71000003814697,1.77859997749329,1.71000003814697,1.77419996261597,0,1.77419996261597,"Brazil"
2010-01-20,1.72150003910065,1.79040002822876,1.72150003910065,1.78949999809265,0,1.78949999809265,"Brazil"
2010-01-21,1.74049997329712,1.80320000648499,1.73950004577637,1.80079996585846,0,1.80079996585846,"Brazil"
2010-01-22,1.75250005722046,1.83010005950928,1.75250005722046,1.81879997253418,0,1.81879997253418,"Brazil"
2010-01-25,1.77149999141693,1.82130002975464,1.76549994945526,1.78349995613098,0,1.78349995613098,"Brazil"
2010-01-26,1.81359994411469,1.84599995613098,1.81289994716644,1.83360004425049,0,1.83360004425049,"Brazil"
2010-01-27,1.78600001335144,1.86629998683929,1.78600001335144,1.84959995746613,0,1.84959995746613,"Brazil"
2010-01-28,1.8063999414444,1.87119996547699,1.8063999414444,1.86800003051758,0,1.86800003051758,"Brazil"
2010-01-29,1.82000005245209,1.87290000915527,1.82000005245209,1.87290000915527,0,1.87290000915527,"Brazil"
2010-02-01,1.81900000572205,1.89520001411438,1.81900000572205,1.86240005493164,0,1.86240005493164,"Brazil"
2010-02-02,1.80750000476837,1.855299949646,1.80750000476837,1.83039999008179,0,1.83039999008179,"Brazil"
2010-02-03,1.78190004825592,1.85000002384186,1.77970004081726,1.85000002384186,0,1.85000002384186,"Brazil"
2010-02-04,1.79149997234344,1.89450001716614,1.79149997234344,1.88039994239807,0,1.88039994239807,"Brazil"
2010-02-05,1.82449996471405,1.88759994506836,1.82449996471405,1.88269996643066,0,1.88269996643066,"Brazil"
2010-02-08,1.83200001716614,1.88580000400543,1.83200001716614,1.87150001525879,0,1.87150001525879,"Brazil"
2010-02-09,1.81939995288849,1.87310004234314,1.81939995288849,1.84300005435944,0,1.84300005435944,"Brazil"
2010-02-10,1.79750001430511,1.85920000076294,1.79750001430511,1.85060000419617,0,1.85060000419617,"Brazil"
2010-02-11,1.79949998855591,1.85979998111725,1.79949998855591,1.85150003433228,0,1.85150003433228,"Brazil"
2010-02-12,1.80350005626678,1.87000000476837,1.80350005626678,1.8585000038147,0,1.8585000038147,"Brazil"
2010-02-15,1.81200003623962,1.85930001735687,1.81200003623962,1.85140001773834,0,1.85140001773834,"Brazil"
2010-02-16,1.80449998378754,1.85660004615784,1.80449998378754,1.84249997138977,0,1.84249997138977,"Brazil"
2010-02-17,1.792799949646,1.85720002651215,1.792799949646,1.83299994468689,0,1.83299994468689,"Brazil"
2010-02-18,1.77950000762939,1.83519995212555,1.77950000762939,1.81900000572205,0,1.81900000572205,"Brazil"
2010-02-19,1.77250003814697,1.82700002193451,1.77250003814697,1.80350005626678,0,1.80350005626678,"Brazil"
2010-02-22,1.76150000095367,1.80939996242523,1.76150000095367,1.80799996852875,0,1.80799996852875,"Brazil"
2010-02-23,1.7606999874115,1.82079994678497,1.7606999874115,1.81959998607635,0,1.81959998607635,"Brazil"
2010-02-24,1.77569997310638,1.82389998435974,1.77569997310638,1.8186000585556,0,1.8186000585556,"Brazil"
2010-02-25,1.77279996871948,1.83800005912781,1.77279996871948,1.83599996566772,0,1.83599996566772,"Brazil"
2010-02-26,1.77450001239777,1.82850003242493,1.77450001239777,1.80599999427795,0,1.80599999427795,"Brazil"
2010-03-01,1.75629997253418,1.81120002269745,1.75629997253418,1.79799997806549,0,1.79799997806549,"Brazil"
2010-03-02,1.74580001831055,1.79799997806549,1.73249995708466,1.73249995708466,0,1.73249995708466,"Brazil"
2010-03-03,1.74230003356934,1.79040002822876,1.74230003356934,1.78799998760223,0,1.78799998760223,"Brazil"
2010-03-04,1.74010002613068,1.79219996929169,1.74010002613068,1.78849995136261,0,1.78849995136261,"Brazil"
2010-03-05,1.73819994926453,1.78849995136261,1.73819994926453,1.77799999713898,0,1.77799999713898,"Brazil"
2010-03-08,1.72759997844696,1.78760004043579,1.72759997844696,1.78470003604889,0,1.78470003604889,"Brazil"
2010-03-09,1.78439998626709,1.79739999771118,1.73740005493164,1.78100001811981,0,1.78100001811981,"Brazil"
2010-03-10,1.72500002384186,1.77869999408722,1.72500002384186,1.76800000667572,0,1.76800000667572,"Brazil"
2010-03-11,1.71850001811981,1.77219998836517,1.71850001811981,1.76900005340576,0,1.76900005340576,"Brazil"
2010-03-12,1.71420001983643,1.76569998264313,1.71420001983643,1.7610000371933,0,1.7610000371933,"Brazil"
2010-03-15,1.71360003948212,1.76590001583099,1.71360003948212,1.76139998435974,0,1.76139998435974,"Brazil"
2010-03-16,1.71360003948212,1.7661999464035,1.71360003948212,1.7661999464035,0,1.7661999464035,"Brazil"
2010-03-17,1.71700000762939,1.7661999464035,1.71700000762939,1.76199996471405,0,1.76199996471405,"Brazil"
2010-03-18,1.71259999275208,1.78840005397797,1.71259999275208,1.77100002765656,0,1.77100002765656,"Brazil"
2010-03-19,1.74059998989105,1.79939997196198,1.74059998989105,1.79499995708466,0,1.79499995708466,"Brazil"
2010-03-22,1.75090003013611,1.80970001220703,1.75090003013611,1.79900002479553,0,1.79900002479553,"Brazil"
2010-03-23,1.74930000305176,1.79190003871918,1.73689997196198,1.78059995174408,0,1.78059995174408,"Brazil"
2010-03-24,1.72669994831085,1.79330003261566,1.72669994831085,1.79330003261566,0,1.79330003261566,"Brazil"
2010-03-25,1.74129998683929,1.80289995670319,1.74129998683929,1.79900002479553,0,1.79900002479553,"Brazil"
2010-03-26,1.77059996128082,1.82299995422363,1.77059996128082,1.82299995422363,0,1.82299995422363,"Brazil"
2010-03-28,1.77230000495911,1.81589996814728,1.77230000495911,1.80850005149841,0,1.80850005149841,"Brazil"
2010-03-29,1.80260002613068,1.80260002613068,1.74489998817444,1.79379999637604,0,1.79379999637604,"Brazil"
2010-03-30,1.73909997940063,1.78910005092621,1.73909997940063,1.78050005435944,0,1.78050005435944,"Brazil"
2010-03-31,1.73020005226135,1.77760004997253,1.73020005226135,1.76540005207062,0,1.76540005207062,"Brazil"
2010-04-01,1.71780002117157,1.76499998569489,1.71780002117157,1.76499998569489,0,1.76499998569489,"Brazil"
2010-04-04,1.71780002117157,1.76049995422363,1.71780002117157,1.76049995422363,0,1.76049995422363,"Brazil"
2010-04-05,1.71780002117157,1.76709997653961,1.71119999885559,1.75300002098083,0,1.75300002098083,"Brazil"
2010-04-06,1.70439994335175,1.77699995040894,1.70439994335175,1.77699995040894,0,1.77699995040894,"Brazil"
2010-04-07,1.71249997615814,1.78740000724792,1.71249997615814,1.77300000190735,0,1.77300000190735,"Brazil"
2010-04-08,1.73010003566742,1.77789998054504,1.73010003566742,1.77100002765656,0,1.77100002765656,"Brazil"
2010-04-11,1.7146999835968,1.76660001277924,1.7146999835968,1.75619995594025,0,1.75619995594025,"Brazil"
2010-04-12,1.75720000267029,1.76510000228882,1.7043000459671,1.71350002288818,0,1.71350002288818,"Brazil"
2010-04-13,1.69949996471405,1.74769997596741,1.69949996471405,1.74600005149841,0,1.74600005149841,"Brazil"
2010-04-14,1.69500005245209,1.75069999694824,1.69500005245209,1.75,0,1.75,"Brazil"
2010-04-15,1.69910001754761,1.76080000400543,1.69910001754761,1.75619995594025,0,1.75619995594025,"Brazil"
2010-04-18,1.70990002155304,1.76579999923706,1.70990002155304,1.76030004024506,0,1.76030004024506,"Brazil"
2010-04-19,1.70490002632141,1.75329995155334,1.70490002632141,1.75250005722046,0,1.75250005722046,"Brazil"
2010-04-20,1.70229995250702,1.75250005722046,1.70229995250702,1.74800002574921,0,1.74800002574921,"Brazil"
2010-04-21,1.70239996910095,1.76699995994568,1.70239996910095,1.76349997520447,0,1.76349997520447,"Brazil"
2010-04-22,1.71440005302429,1.76400005817413,1.71440005302429,1.76279997825623,0,1.76279997825623,"Brazil"
2010-04-25,1.70570003986359,1.75310003757477,1.70570003986359,1.74399995803833,0,1.74399995803833,"Brazil"
2010-04-26,1.69630002975464,1.76499998569489,1.69630002975464,1.76499998569489,0,1.76499998569489,"Brazil"
2010-04-27,1.72490000724792,1.7688000202179,1.72109997272491,1.7581000328064,0,1.7581000328064,"Brazil"
2010-04-28,1.70210003852844,1.75,1.70210003852844,1.73099994659424,0,1.73099994659424,"Brazil"
2010-04-29,1.67900002002716,1.7305999994278,1.67900002002716,1.72870004177094,0,1.72870004177094,"Brazil"
2010-05-02,1.68900001049042,1.73699998855591,1.68900001049042,1.73099994659424,0,1.73099994659424,"Brazil"
2010-05-03,1.67719995975494,1.75890004634857,1.67719995975494,1.74930000305176,0,1.74930000305176,"Brazil"
2010-05-04,1.71350002288818,1.78929996490479,1.71350002288818,1.77980005741119,0,1.77980005741119,"Brazil"
2010-05-05,1.744500041008,1.84179997444153,1.744500041008,1.83410000801086,0,1.83410000801086,"Brazil"
2010-05-06,1.8047000169754,1.86710000038147,1.8047000169754,1.84949994087219,0,1.84949994087219,"Brazil"
2010-05-09,1.78699994087219,1.83500003814697,1.77489995956421,1.77489995956421,0,1.77489995956421,"Brazil"
2010-05-10,1.72150003910065,1.78810000419617,1.72150003910065,1.77550005912781,0,1.77550005912781,"Brazil"
2010-05-11,1.73919999599457,1.78639996051788,1.73919999599457,1.77349996566772,0,1.77349996566772,"Brazil"
2010-05-12,1.72609996795654,1.76999998092651,1.72609996795654,1.76999998092651,0,1.76999998092651,"Brazil"
2010-05-13,1.72370004653931,1.81449997425079,1.72370004653931,1.80250000953674,0,1.80250000953674,"Brazil"
2010-05-16,1.74930000305176,1.81819999217987,1.74930000305176,1.80330002307892,0,1.80330002307892,"Brazil"
2010-05-17,1.75020003318787,1.81599998474121,1.75020003318787,1.81599998474121,0,1.81599998474121,"Brazil"
2010-05-18,1.77059996128082,1.85490000247955,1.77059996128082,1.82969999313354,0,1.82969999313354,"Brazil"
2010-05-19,1.7771999835968,1.8934999704361,1.7771999835968,1.88479995727539,0,1.88479995727539,"Brazil"
2010-05-20,1.8319000005722,1.89900004863739,1.8319000005722,1.84679996967316,0,1.84679996967316,"Brazil"
2010-05-23,1.81180000305176,1.86380004882812,1.81180000305176,1.86220002174377,0,1.86220002174377,"Brazil"
2010-05-24,1.81949996948242,1.90900003910065,1.81949996948242,1.86849999427795,0,1.86849999427795,"Brazil"
2010-05-25,1.7940000295639,1.86300003528595,1.7940000295639,1.86300003528595,0,1.86300003528595,"Brazil"
2010-05-26,1.85570001602173,1.87049996852875,1.81599998474121,1.81599998474121,0,1.81599998474121,"Brazil"
2010-05-27,1.76429998874664,1.82550001144409,1.76429998874664,1.81429994106293,0,1.81429994106293,"Brazil"
2010-05-30,1.76479995250702,1.81490004062653,1.73280000686646,1.81439995765686,0,1.81439995765686,"Brazil"
2010-05-31,1.81679999828339,1.83440005779266,1.81190001964569,1.83399999141693,0,1.83399999141693,"Brazil"
2010-06-01,1.79799997806549,1.84529995918274,1.79799997806549,1.8309999704361,0,1.8309999704361,"Brazil"
2010-06-02,1.76750004291534,1.81939995288849,1.76750004291534,1.81939995288849,0,1.81939995288849,"Brazil"
2010-06-03,1.81640005111694,1.84440004825592,1.81560003757477,1.83889997005463,0,1.83889997005463,"Brazil"
2010-06-06,1.81480002403259,1.87399995326996,1.81480002403259,1.87399995326996,0,1.87399995326996,"Brazil"
2010-06-07,1.82949995994568,1.87679994106293,1.82949995994568,1.86000001430511,0,1.86000001430511,"Brazil"
2010-06-08,1.80379998683929,1.85160005092621,1.80379998683929,1.84200000762939,0,1.84200000762939,"Brazil"
2010-06-09,1.80030000209808,1.84769999980927,1.80030000209808,1.81229996681213,0,1.81229996681213,"Brazil"
2010-06-10,1.75250005722046,1.81340003013611,1.75250005722046,1.81159996986389,0,1.81159996986389,"Brazil"
2010-06-13,1.75919997692108,1.8063999414444,1.75919997692108,1.80169999599457,0,1.80169999599457,"Brazil"
2010-06-14,1.76129996776581,1.80900001525879,1.76129996776581,1.78460001945496,0,1.78460001945496,"Brazil"
2010-06-15,1.73489999771118,1.79560005664825,1.73489999771118,1.78680002689362,0,1.78680002689362,"Brazil"
2010-06-16,1.73529994487762,1.78540003299713,1.73529994487762,1.78540003299713,0,1.78540003299713,"Brazil"
2010-06-17,1.73080003261566,1.78100001811981,1.73080003261566,1.77230000495911,0,1.77230000495911,"Brazil"
2010-06-20,1.72130000591278,1.77030003070831,1.72130000591278,1.7635999917984,0,1.7635999917984,"Brazil"
2010-06-21,1.72070002555847,1.77190005779266,1.72070002555847,1.76689994335175,0,1.76689994335175,"Brazil"
2010-06-22,1.73819994926453,1.80449998378754,1.73819994926453,1.80110001564026,0,1.80110001564026,"Brazil"
2010-06-23,1.73740005493164,1.79900002479553,1.73740005493164,1.77849996089935,0,1.77849996089935,"Brazil"
2010-06-24,1.79209995269775,1.79209995269775,1.73239994049072,1.77999997138977,0,1.77999997138977,"Brazil"
2010-06-27,1.72759997844696,1.78400003910065,1.72759997844696,1.78199994564056,0,1.78199994564056,"Brazil"
2010-06-28,1.7305999994278,1.80780005455017,1.7305999994278,1.80780005455017,0,1.80780005455017,"Brazil"
2010-06-29,1.7606999874115,1.80900001525879,1.7606999874115,1.79089999198914,0,1.79089999198914,"Brazil"
2010-06-30,1.7606999874115,1.80900001525879,1.79209995269775,1.7989000082016,0,1.7989000082016,"Brazil"
2010-07-01,1.74010002613068,1.7930999994278,1.74010002613068,1.77450001239777,0,1.77450001239777,"Brazil"
2010-07-04,1.72099995613098,1.77339994907379,1.72099995613098,1.77339994907379,0,1.77339994907379,"Brazil"
2010-07-05,1.72510004043579,1.77479994297028,1.72510004043579,1.76699995994568,0,1.76699995994568,"Brazil"
2010-07-06,1.72930002212524,1.78190004825592,1.72930002212524,1.76499998569489,0,1.76499998569489,"Brazil"
2010-07-07,1.71580004692078,1.77190005779266,1.71580004692078,1.76830005645752,0,1.76830005645752,"Brazil"
2010-07-08,1.71379995346069,1.76189994812012,1.71379995346069,1.75639998912811,0,1.75639998912811,"Brazil"
2010-07-11,1.70879995822906,1.76250004768372,1.70879995822906,1.75999999046326,0,1.75999999046326,"Brazil"
2010-07-12,1.71089994907379,1.75999999046326,1.71089994907379,1.75600004196167,0,1.75600004196167,"Brazil"
2010-07-13,1.70239996910095,1.76600003242493,1.70190000534058,1.76600003242493,0,1.76600003242493,"Brazil"
2010-07-14,1.71309995651245,1.77479994297028,1.71309995651245,1.76999998092651,0,1.76999998092651,"Brazil"
2010-07-15,1.71029996871948,1.78419995307922,1.71029996871948,1.78260004520416,0,1.78260004520416,"Brazil"
2010-07-18,1.73169994354248,1.78629994392395,1.73169994354248,1.78629994392395,0,1.78629994392395,"Brazil"
2010-07-19,1.74240005016327,1.79639995098114,1.74240005016327,1.77369999885559,0,1.77369999885559,"Brazil"
2010-07-20,1.72370004653931,1.77649998664856,1.72370004653931,1.771399974823,0,1.771399974823,"Brazil"
2010-07-21,1.73080003261566,1.77950000762939,1.73080003261566,1.76020002365112,0,1.76020002365112,"Brazil"
2010-07-22,1.70780003070831,1.76419997215271,1.70780003070831,1.76049995422363,0,1.76049995422363,"Brazil"
2010-07-25,1.72319996356964,1.77069997787476,1.72319996356964,1.76559996604919,0,1.76559996604919,"Brazil"
2010-07-26,1.71229994297028,1.76810002326965,1.71229994297028,1.7606999874115,0,1.7606999874115,"Brazil"
2010-07-27,1.71870005130768,1.76900005340576,1.71870005130768,1.76230001449585,0,1.76230001449585,"Brazil"
2010-07-28,1.71979999542236,1.7694000005722,1.71979999542236,1.76479995250702,0,1.76479995250702,"Brazil"
2010-07-29,1.70799994468689,1.76310002803802,1.70799994468689,1.75849997997284,0,1.75849997997284,"Brazil"
2010-08-01,1.7039999961853,1.75390005111694,1.7039999961853,1.74290001392365,0,1.74290001392365,"Brazil"
2010-08-02,1.70120000839233,1.75999999046326,1.70120000839233,1.75370001792908,0,1.75370001792908,"Brazil"
2010-08-03,1.70840001106262,1.75859999656677,1.70840001106262,1.75370001792908,0,1.75370001792908,"Brazil"
2010-08-04,1.70200002193451,1.75539994239807,1.70200002193451,1.7525999546051,0,1.7525999546051,"Brazil"
2010-08-05,1.70260000228882,1.7581000328064,1.70260000228882,1.75349998474121,0,1.75349998474121,"Brazil"
2010-08-08,1.70759999752045,1.7581000328064,1.70759999752045,1.70749998092651,0,1.70749998092651,"Brazil"
2010-08-09,1.69799995422363,1.76150000095367,1.69799995422363,1.75100004673004,0,1.75100004673004,"Brazil"
2010-08-10,1.70270001888275,1.77090001106262,1.70270001888275,1.75999999046326,0,1.75999999046326,"Brazil"
2010-08-11,1.72420001029968,1.77690005302429,1.72420001029968,1.7684999704361,0,1.7684999704361,"Brazil"
2010-08-12,1.71870005130768,1.771399974823,1.71870005130768,1.76639997959137,0,1.76639997959137,"Brazil"
2010-08-15,1.72230005264282,1.76999998092651,1.72230005264282,1.72200000286102,0,1.72200000286102,"Brazil"
2010-08-16,1.70449995994568,1.75409996509552,1.70449995994568,1.75539994239807,0,1.75539994239807,"Brazil"
2010-08-17,1.70340001583099,1.75199997425079,1.70340001583099,1.74779999256134,0,1.74779999256134,"Brazil"
2010-08-18,1.70360004901886,1.76139998435974,1.70360004901886,1.74880003929138,0,1.74880003929138,"Brazil"
2010-08-19,1.70659995079041,1.76240003108978,1.70659995079041,1.76059997081757,0,1.76059997081757,"Brazil"
2010-08-22,1.70809996128082,1.76139998435974,1.70809996128082,1.71280002593994,0,1.71280002593994,"Brazil"
2010-08-23,1.72809994220734,1.77820003032684,1.72000002861023,1.76129996776581,0,1.76129996776581,"Brazil"
2010-08-24,1.72130000591278,1.77199995517731,1.72130000591278,1.76090002059937,0,1.76090002059937,"Brazil"
2010-08-25,1.71360003948212,1.76219999790192,1.71360003948212,1.76489996910095,0,1.76489996910095,"Brazil"
2010-08-26,1.71229994297028,1.76010000705719,1.71229994297028,1.75629997253418,0,1.75629997253418,"Brazil"
2010-08-29,1.69969999790192,1.75670003890991,1.69969999790192,1.69920003414154,0,1.69920003414154,"Brazil"
2010-08-30,1.70899999141693,1.76470005512238,1.70899999141693,1.75499999523163,0,1.75499999523163,"Brazil"
2010-08-31,1.70519995689392,1.75740003585815,1.70519995689392,1.75010001659393,0,1.75010001659393,"Brazil"
2010-09-01,1.69490003585815,1.74399995803833,1.69490003585815,1.74000000953674,0,1.74000000953674,"Brazil"
2010-09-02,1.67560005187988,1.72399997711182,1.67560005187988,1.73950004577637,0,1.73950004577637,"Brazil"
2010-09-05,1.68250000476837,1.7311999797821,1.68250000476837,1.67400002479553,0,1.67400002479553,"Brazil"
2010-09-06,1.67700004577637,1.72800004482269,1.67700004577637,1.72490000724792,0,1.72490000724792,"Brazil"
2010-09-07,1.67999994754791,1.72850000858307,1.67999994754791,1.73000001907349,0,1.73000001907349,"Brazil"
2010-09-08,1.67569994926453,1.72339999675751,1.67569994926453,1.71920001506805,0,1.71920001506805,"Brazil"
2010-09-09,1.67320001125336,1.72300004959106,1.67320001125336,1.72319996356964,0,1.72319996356964,"Brazil"
2010-09-12,1.67180001735687,1.71979999542236,1.67180001735687,1.66799998283386,0,1.66799998283386,"Brazil"
2010-09-13,1.65989995002747,1.71290004253387,1.65989995002747,1.71650004386902,0,1.71650004386902,"Brazil"
2010-09-14,1.6599999666214,1.71870005130768,1.6599999666214,1.70150005817413,0,1.70150005817413,"Brazil"
2010-09-15,1.67369997501373,1.72130000591278,1.67369997501373,1.72119998931885,0,1.72119998931885,"Brazil"
2010-09-16,1.66129994392395,1.71399998664856,1.66129994392395,1.71749997138977,0,1.71749997138977,"Brazil"
2010-09-19,1.67180001735687,1.72010004520416,1.67180001735687,1.66550004482269,0,1.66550004482269,"Brazil"
2010-09-20,1.68280005455017,1.73160004615784,1.68280005455017,1.72650003433228,0,1.72650003433228,"Brazil"
2010-09-21,1.66159999370575,1.7228000164032,1.66159999370575,1.72449994087219,0,1.72449994087219,"Brazil"
2010-09-22,1.6686999797821,1.72319996356964,1.6686999797821,1.67429995536804,0,1.67429995536804,"Brazil"
2010-09-23,1.67279994487762,1.72099995613098,1.67279994487762,1.71770000457764,0,1.71770000457764,"Brazil"
2010-09-26,1.66059994697571,1.71140003204346,1.66059994697571,1.66439998149872,0,1.66439998149872,"Brazil"
2010-09-27,1.65989995002747,1.71140003204346,1.65989995002747,1.70899999141693,0,1.70899999141693,"Brazil"
2010-09-28,1.65799999237061,1.71089994907379,1.65799999237061,1.70899999141693,0,1.70899999141693,"Brazil"
2010-09-29,1.65050005912781,1.70200002193451,1.65050005912781,1.70350003242493,0,1.70350003242493,"Brazil"
2010-09-30,1.63759994506836,1.68610000610352,1.63759994506836,1.69609999656677,0,1.69609999656677,"Brazil"
2010-10-03,1.63940000534058,1.69060003757477,1.63940000534058,1.63349997997284,0,1.63349997997284,"Brazil"
2010-10-04,1.64800000190735,1.69760000705719,1.64800000190735,1.69749999046326,0,1.69749999046326,"Brazil"
2010-10-05,1.61360001564026,1.67859995365143,1.61360001564026,1.6690000295639,0,1.6690000295639,"Brazil"
2010-10-06,1.62829995155334,1.68009996414185,1.62829995155334,1.68400001525879,0,1.68400001525879,"Brazil"
2010-10-07,1.6311000585556,1.68659996986389,1.6311000585556,1.67780005931854,0,1.67780005931854,"Brazil"
2010-10-10,1.61629998683929,1.66499996185303,1.61629998683929,1.62580001354218,0,1.62580001354218,"Brazil"
2010-10-11,1.62059998512268,1.6690000295639,1.62059998512268,1.66129994392395,0,1.66129994392395,"Brazil"
2010-10-12,1.62070000171661,1.6680999994278,1.60669994354248,1.66999995708466,0,1.66999995708466,"Brazil"
2010-10-13,1.60290002822876,1.66120004653931,1.60290002822876,1.6525000333786,0,1.6525000333786,"Brazil"
2010-10-14,1.60979998111725,1.66180002689362,1.60979998111725,1.66059994697571,0,1.66059994697571,"Brazil"
2010-10-17,1.61450004577637,1.67369997501373,1.61450004577637,1.60640001296997,0,1.60640001296997,"Brazil"
2010-10-18,1.62249994277954,1.69690001010895,1.62249994277954,1.67200005054474,0,1.67200005054474,"Brazil"
2010-10-19,1.64209997653961,1.67990005016327,1.63240003585815,1.69000005722046,0,1.69000005722046,"Brazil"
2010-10-20,1.62619996070862,1.69550001621246,1.62619996070862,1.67499995231628,0,1.67499995231628,"Brazil"
2010-10-21,1.64690005779266,1.69889998435974,1.64690005779266,1.69400000572205,0,1.69400000572205,"Brazil"
2010-10-24,1.65590000152588,1.70679998397827,1.65590000152588,1.64390003681183,0,1.64390003681183,"Brazil"
2010-10-25,1.64579999446869,1.70620000362396,1.64579999446869,1.69980001449585,0,1.69980001449585,"Brazil"
2010-10-26,1.65330004692078,1.71510004997253,1.65330004692078,1.70229995250702,0,1.70229995250702,"Brazil"
2010-10-27,1.67030000686646,1.71800005435944,1.67030000686646,1.71899998188019,0,1.71899998188019,"Brazil"
2010-10-28,1.65450000762939,1.708899974823,1.65450000762939,1.71350002288818,0,1.71350002288818,"Brazil"
2010-11-01,1.65129995346069,1.70529997348785,1.65120005607605,1.64619994163513,0,1.64619994163513,"Brazil"
2010-11-02,1.65380001068115,1.70169997215271,1.65380001068115,1.7043000459671,0,1.7043000459671,"Brazil"
2010-11-03,1.65400004386902,1.70159995555878,1.65400004386902,1.70099997520447,0,1.70099997520447,"Brazil"
2010-11-04,1.65090000629425,1.6875,1.63989996910095,1.68900001049042,0,1.68900001049042,"Brazil"
2010-11-05,1.62000000476837,1.68079996109009,1.62000000476837,1.67470002174377,0,1.67470002174377,"Brazil"
2010-11-08,1.62860000133514,1.69790005683899,1.62860000133514,1.67900002002716,0,1.67900002002716,"Brazil"
2010-11-09,1.65030002593994,1.69939994812012,1.65030002593994,1.69599997997284,0,1.69599997997284,"Brazil"
2010-11-10,1.65069997310638,1.71379995346069,1.65069997310638,1.69599997997284,0,1.69599997997284,"Brazil"
2010-11-11,1.65760004520416,1.71899998188019,1.65760004520416,1.71000003814697,0,1.71000003814697,"Brazil"
2010-11-12,1.6657999753952,1.72060000896454,1.6657999753952,1.72150003910065,0,1.72150003910065,"Brazil"
2010-11-15,1.67040002346039,1.72090005874634,1.67040002346039,1.67040002346039,0,1.67040002346039,"Brazil"
2010-11-16,1.67190003395081,1.72990000247955,1.67190003395081,1.72000002861023,0,1.72000002861023,"Brazil"
2010-11-17,1.69029998779297,1.73849999904633,1.69029998779297,1.73599994182587,0,1.73599994182587,"Brazil"
2010-11-18,1.67480003833771,1.72490000724792,1.67480003833771,1.72619998455048,0,1.72619998455048,"Brazil"
2010-11-19,1.66089999675751,1.71829998493195,1.66089999675751,1.71099996566772,0,1.71099996566772,"Brazil"
2010-11-22,1.66550004482269,1.71840000152588,1.66540002822876,1.67299997806549,0,1.67299997806549,"Brazil"
2010-11-23,1.67309999465942,1.73370003700256,1.67309999465942,1.7208000421524,0,1.7208000421524,"Brazil"
2010-11-24,1.68509995937347,1.73269999027252,1.68509995937347,1.7335000038147,0,1.7335000038147,"Brazil"
2010-11-25,1.67159998416901,1.72210001945496,1.67159998416901,1.72200000286102,0,1.72200000286102,"Brazil"
2010-11-26,1.67110002040863,1.73469996452332,1.67110002040863,1.71549999713898,0,1.71549999713898,"Brazil"
2010-11-29,1.67690002918243,1.73099994659424,1.67690002918243,1.72959995269775,0,1.72959995269775,"Brazil"
2010-11-30,1.66830003261566,1.72350001335144,1.66830003261566,1.71700000762939,0,1.71700000762939,"Brazil"
2010-12-01,1.66390001773834,1.7121000289917,1.66390001773834,1.71449995040894,0,1.71449995040894,"Brazil"
2010-12-02,1.65530002117157,1.7043000459671,1.65530002117157,1.70589995384216,0,1.70589995384216,"Brazil"
2010-12-03,1.64600002765656,1.69799995422363,1.64600002765656,1.70150005817413,0,1.70150005817413,"Brazil"
2010-12-06,1.63469994068146,1.68819999694824,1.63469994068146,1.63610005378723,0,1.63610005378723,"Brazil"
2010-12-07,1.62489998340607,1.67770004272461,1.62489998340607,1.68130004405975,0,1.68130004405975,"Brazil"
2010-12-08,1.63199996948242,1.6900999546051,1.63199996948242,1.67700004577637,0,1.67700004577637,"Brazil"
2010-12-09,1.63979995250702,1.70210003852844,1.63979995250702,1.69200003147125,0,1.69200003147125,"Brazil"
2010-12-10,1.65939998626709,1.71700000762939,1.65939998626709,1.70360004901886,0,1.70360004901886,"Brazil"
2010-12-13,1.65670001506805,1.70659995079041,1.65670001506805,1.70500004291534,0,1.70500004291534,"Brazil"
2010-12-14,1.6434999704361,1.69690001010895,1.6434999704361,1.692999958992,0,1.692999958992,"Brazil"
2010-12-15,1.64709997177124,1.69939994812012,1.64709997177124,1.692999958992,0,1.692999958992,"Brazil"
2010-12-16,1.65960001945496,1.70819997787476,1.65960001945496,1.69889998435974,0,1.69889998435974,"Brazil"
2010-12-17,1.65310001373291,1.71169996261597,1.65310001373291,1.7043000459671,0,1.7043000459671,"Brazil"
2010-12-20,1.66439998149872,1.7117999792099,1.66439998149872,1.66620004177094,0,1.66620004177094,"Brazil"
2010-12-21,1.65690004825592,1.70459997653961,1.65690004825592,1.70659995079041,0,1.70659995079041,"Brazil"
2010-12-22,1.64409995079041,1.69869995117188,1.64409995079041,1.70000004768372,0,1.70000004768372,"Brazil"
2010-12-23,1.64989995956421,1.69920003414154,1.64989995956421,1.69900000095367,0,1.69900000095367,"Brazil"
2010-12-24,1.64509999752045,1.65230000019073,1.64509999752045,1.69229996204376,0,1.69229996204376,"Brazil"
2010-12-27,1.64100003242493,1.69050002098083,1.64100003242493,1.6907000541687,0,1.6907000541687,"Brazil"
2010-12-28,1.63559997081757,1.68470001220703,1.63559997081757,1.68499994277954,0,1.68499994277954,"Brazil"
2010-12-29,1.64049994945526,1.68799996376038,1.64049994945526,1.69019997119904,0,1.69019997119904,"Brazil"
2010-12-30,1.62699997425079,1.6768000125885,1.62699997425079,1.67799997329712,0,1.67799997329712,"Brazil"
2010-12-31,1.62170004844666,1.62170004844666,1.62170004844666,1.66199994087219,0,1.66199994087219,"Brazil"
2011-01-03,1.60959994792938,1.65929996967316,1.60959994792938,1.61549997329712,0,1.61549997329712,"Brazil"
2011-01-04,1.59790003299713,1.66659998893738,1.59790003299713,1.64649999141693,0,1.64649999141693,"Brazil"
2011-01-05,1.61210000514984,1.6686999797821,1.61210000514984,1.66750001907349,0,1.66750001907349,"Brazil"
2011-01-06,1.62339997291565,1.69029998779297,1.62339997291565,1.67499995231628,0,1.67499995231628,"Brazil"
2011-01-07,1.63670003414154,1.68690001964569,1.63670003414154,1.68589997291565,0,1.68589997291565,"Brazil"
2011-01-10,1.63240003585815,1.6933000087738,1.63240003585815,1.63549995422363,0,1.63549995422363,"Brazil"
2011-01-11,1.63769996166229,1.68900001049042,1.63769996166229,1.68900001049042,0,1.68900001049042,"Brazil"
2011-01-12,1.64160001277924,1.68050003051758,1.63339996337891,1.64160001277924,0,1.64160001277924,"Brazil"
2011-01-13,1.62310004234314,1.67200005054474,1.62310004234314,1.6246999502182,0,1.6246999502182,"Brazil"
2011-01-14,1.62259995937347,1.68729996681213,1.62259995937347,1.6690000295639,0,1.6690000295639,"Brazil"
2011-01-17,1.63619995117188,1.6842999458313,1.63619995117188,1.64810001850128,0,1.64810001850128,"Brazil"
2011-01-18,1.63069999217987,1.67789995670319,1.63069999217987,1.68210005760193,0,1.68210005760193,"Brazil"
2011-01-19,1.62419998645782,1.67139995098114,1.62419998645782,1.67149996757507,0,1.67149996757507,"Brazil"
2011-01-20,1.62160003185272,1.67279994487762,1.62160003185272,1.66999995708466,0,1.66999995708466,"Brazil"
2011-01-21,1.63619995117188,1.67229998111725,1.62230002880096,1.63520002365112,0,1.63520002365112,"Brazil"
2011-01-24,1.62650001049042,1.67589998245239,1.62650001049042,1.61930000782013,0,1.61930000782013,"Brazil"
2011-01-25,1.62100005149841,1.67200005054474,1.62100005149841,1.67050004005432,0,1.67050004005432,"Brazil"
2011-01-26,1.62170004844666,1.66890001296997,1.62170004844666,1.66770005226135,0,1.66770005226135,"Brazil"
2011-01-27,1.61710000038147,1.67190003395081,1.61710000038147,1.61829996109009,0,1.61829996109009,"Brazil"
2011-01-28,1.62619996070862,1.67999994754791,1.62619996070862,1.67229998111725,0,1.67229998111725,"Brazil"
2011-01-31,1.63429999351501,1.68289995193481,1.63429999351501,1.63429999351501,0,1.63429999351501,"Brazil"
2011-02-01,1.6168999671936,1.66489994525909,1.6168999671936,1.66700005531311,0,1.66700005531311,"Brazil"
2011-02-02,1.61230003833771,1.66489994525909,1.61230003833771,1.66519999504089,0,1.66519999504089,"Brazil"
2011-02-03,1.61640000343323,1.66970002651215,1.61640000343323,1.66270005702972,0,1.66270005702972,"Brazil"
2011-02-04,1.61790001392365,1.67410004138947,1.61790001392365,1.66840004920959,0,1.66840004920959,"Brazil"
2011-02-07,1.62360000610352,1.67799997329712,1.62360000610352,1.62419998645782,0,1.62419998645782,"Brazil"
2011-02-08,1.62860000133514,1.67599999904633,1.62860000133514,1.6279000043869,0,1.6279000043869,"Brazil"
2011-02-09,1.61469995975494,1.66700005531311,1.61469995975494,1.66449999809265,0,1.66449999809265,"Brazil"
2011-02-10,1.61070001125336,1.67289996147156,1.61070001125336,1.66199994087219,0,1.66199994087219,"Brazil"
2011-02-11,1.61969995498657,1.67490005493164,1.61969995498657,1.66410005092621,0,1.66410005092621,"Brazil"
2011-02-14,1.61440002918243,1.66770005226135,1.61440002918243,1.61549997329712,0,1.61549997329712,"Brazil"
2011-02-15,1.61699998378754,1.66639995574951,1.61699998378754,1.66649997234344,0,1.66649997234344,"Brazil"
2011-02-16,1.6188999414444,1.66840004920959,1.6188999414444,1.66859996318817,0,1.66859996318817,"Brazil"
2011-02-17,1.62119996547699,1.67299997806549,1.62119996547699,1.6690000295639,0,1.6690000295639,"Brazil"
2011-02-18,1.61240005493164,1.6735999584198,1.61240005493164,1.66199994087219,0,1.66199994087219,"Brazil"
2011-02-21,1.61339998245239,1.67340004444122,1.61339998245239,1.61450004577637,0,1.61450004577637,"Brazil"
2011-02-22,1.61839997768402,1.66910004615784,1.61839997768402,1.66750001907349,0,1.66750001907349,"Brazil"
2011-02-23,1.6139999628067,1.67139995098114,1.6139999628067,1.6706999540329,0,1.6706999540329,"Brazil"
2011-02-24,1.62450003623962,1.67260003089905,1.62450003623962,1.6710000038147,0,1.6710000038147,"Brazil"
2011-02-25,1.6599999666214,1.67270004749298,1.65499997138977,1.66270005702972,0,1.66270005702972,"Brazil"
2011-02-28,1.6583000421524,1.66059994697571,1.65390002727509,1.6599999666214,0,1.6599999666214,"Brazil"
2011-03-01,1.6574000120163,1.66089999675751,1.65639996528625,1.65880000591278,0,1.65880000591278,"Brazil"
2011-03-02,1.6583000421524,1.66129994392395,1.65629994869232,1.6574000120163,0,1.6574000120163,"Brazil"
2011-03-03,1.6525000333786,1.65480005741119,1.65009999275208,1.6541999578476,0,1.6541999578476,"Brazil"
2011-03-04,1.64390003681183,1.64709997177124,1.63989996910095,1.64950001239777,0,1.64950001239777,"Brazil"
2011-03-07,1.65009999275208,1.65230000019073,1.65009999275208,1.63989996910095,0,1.63989996910095,"Brazil"
2011-03-08,1.65009999275208,1.65400004386902,1.64839994907379,1.65209996700287,0,1.65209996700287,"Brazil"
2011-03-09,1.64900004863739,1.65139997005463,1.63940000534058,1.65400004386902,0,1.65400004386902,"Brazil"
2011-03-10,1.64880001544952,1.65929996967316,1.64880001544952,1.65470004081726,0,1.65470004081726,"Brazil"
2011-03-11,1.65639996528625,1.6632000207901,1.65590000152588,1.65900003910065,0,1.65900003910065,"Brazil"
2011-03-14,1.65989995002747,1.66569995880127,1.6583000421524,1.65610003471375,0,1.65610003471375,"Brazil"
2011-03-15,1.65450000762939,1.67560005187988,1.65450000762939,1.66489994525909,0,1.66489994525909,"Brazil"
2011-03-16,1.6599999666214,1.666100025177,1.65530002117157,1.6632000207901,0,1.6632000207901,"Brazil"
2011-03-17,1.67060005664825,1.67279994487762,1.66199994087219,1.67599999904633,0,1.67599999904633,"Brazil"
2011-03-18,1.6735999584198,1.67669999599457,1.66349995136261,1.67949998378754,0,1.67949998378754,"Brazil"
2011-03-21,1.66369998455048,1.66589999198914,1.65530002117157,1.66369998455048,0,1.66369998455048,"Brazil"
2011-03-22,1.65950000286102,1.66410005092621,1.65929996967316,1.66359996795654,0,1.66359996795654,"Brazil"
2011-03-23,1.65450000762939,1.66120004653931,1.65450000762939,1.65929996967316,0,1.65929996967316,"Brazil"
2011-03-24,1.65610003471375,1.65869998931885,1.65180003643036,1.6599999666214,0,1.6599999666214,"Brazil"
2011-03-25,1.65349996089935,1.65789997577667,1.64989995956421,1.65750002861023,0,1.65750002861023,"Brazil"
2011-03-27,1.64989995956421,1.66139996051788,1.64989995956421,1.64989995956421,0,1.64989995956421,"Brazil"
2011-03-28,1.65789997577667,1.66120004653931,1.65310001373291,1.6599999666214,0,1.6599999666214,"Brazil"
2011-03-29,1.64100003242493,1.64699995517731,1.62279999256134,1.65590000152588,0,1.65590000152588,"Brazil"
2011-03-30,1.62279999256134,1.62860000133514,1.61839997768402,1.62849998474121,0,1.62849998474121,"Brazil"
2011-03-31,1.62279999256134,1.62769997119904,1.59529995918274,1.62720000743866,0,1.62720000743866,"Brazil"
2011-04-03,1.60230004787445,1.61769998073578,1.60189998149872,1.61199998855591,0,1.61199998855591,"Brazil"
2011-04-04,1.60520005226135,1.61150002479553,1.60339999198914,1.60520005226135,0,1.60520005226135,"Brazil"
2011-04-05,1.6032999753952,1.60749995708466,1.59790003299713,1.60699999332428,0,1.60699999332428,"Brazil"
2011-04-06,1.59920001029968,1.6117000579834,1.58910000324249,1.61469995975494,0,1.61469995975494,"Brazil"
2011-04-07,1.58700001239777,1.58700001239777,1.56589996814728,1.5929000377655,0,1.5929000377655,"Brazil"
2011-04-10,1.57879996299744,1.57879996299744,1.56389999389648,1.5702999830246,0,1.5702999830246,"Brazil"
2011-04-11,1.57790005207062,1.58829998970032,1.57260000705719,1.57710003852844,0,1.57710003852844,"Brazil"
2011-04-12,1.59099996089935,1.59370005130768,1.57560002803802,1.59099996089935,0,1.59099996089935,"Brazil"
2011-04-13,1.58529996871948,1.58800005912781,1.57770001888275,1.59200000762939,0,1.59200000762939,"Brazil"
2011-04-14,NA,NA,NA,NA,NA,NA,"Brazil"
2011-04-17,1.57120001316071,1.59689998626709,1.57120001316071,1.5686000585556,0,1.5686000585556,"Brazil"
2011-04-18,1.58319997787476,1.58550000190735,1.57650005817413,1.58899998664856,0,1.58899998664856,"Brazil"
2011-04-19,1.57050001621246,1.57309997081757,1.55910003185272,1.57850003242493,0,1.57850003242493,"Brazil"
2011-04-20,1.56229996681213,1.56500005722046,1.55859994888306,1.56900000572205,0,1.56900000572205,"Brazil"
2011-04-21,1.56229996681213,1.56500005722046,1.55859994888306,1.56900000572205,0,1.56900000572205,"Brazil"
2011-04-24,1.55859994888306,1.55859994888306,1.55859994888306,1.56130003929138,0,1.56130003929138,"Brazil"
2011-04-25,1.56350004673004,1.56610000133514,1.56070005893707,1.57500004768372,0,1.57500004768372,"Brazil"
2011-04-26,1.56110000610352,1.56930005550385,1.55410003662109,1.56449997425079,0,1.56449997425079,"Brazil"
2011-04-27,1.56490004062653,1.59179997444153,1.56190001964569,1.56649994850159,0,1.56649994850159,"Brazil"
2011-04-28,1.58080005645752,1.58080005645752,1.56459999084473,1.58630001544952,0,1.58630001544952,"Brazil"
2011-05-01,1.57120001316071,1.57519996166229,1.56589996814728,1.56330001354218,0,1.56330001354218,"Brazil"
2011-05-02,1.58379995822906,1.59360003471375,1.57910001277924,1.57650005817413,0,1.57650005817413,"Brazil"
2011-05-03,1.58000004291534,1.6055999994278,1.57860004901886,1.58749997615814,0,1.58749997615814,"Brazil"
2011-05-04,1.61080002784729,1.62129998207092,1.6085000038147,1.60500001907349,0,1.60500001907349,"Brazil"
2011-05-05,1.61189997196198,1.6188999414444,1.59870004653931,1.625,0,1.625,"Brazil"
2011-05-08,1.59940004348755,1.62590003013611,1.59940004348755,1.59940004348755,0,1.59940004348755,"Brazil"
2011-05-09,1.60839998722076,1.61220002174377,1.60269999504089,1.61549997329712,0,1.61549997329712,"Brazil"
2011-05-10,1.59870004653931,1.61699998378754,1.59870004653931,1.60699999332428,0,1.60699999332428,"Brazil"
2011-05-11,1.61590003967285,1.62750005722046,1.61349999904633,1.61989998817444,0,1.61989998817444,"Brazil"
2011-05-12,1.61459994316101,1.63779997825623,1.60979998111725,1.61650002002716,0,1.61650002002716,"Brazil"
2011-05-15,1.6311000585556,1.63540005683899,1.6217999458313,1.63559997081757,0,1.63559997081757,"Brazil"
2011-05-16,1.62960004806519,1.63610005378723,1.62539994716644,1.6308000087738,0,1.6308000087738,"Brazil"
2011-05-17,1.62960004806519,1.62960004806519,1.60899996757507,1.61800003051758,0,1.61800003051758,"Brazil"
2011-05-18,1.60580003261566,1.61749994754791,1.60249996185303,1.61129999160767,0,1.61129999160767,"Brazil"
2011-05-19,1.61240005493164,1.62000000476837,1.60920000076294,1.61590003967285,0,1.61590003967285,"Brazil"
2011-05-22,1.61749994754791,1.63689994812012,1.61749994754791,1.61129999160767,0,1.61129999160767,"Brazil"
2011-05-23,1.62899994850159,1.63189995288849,1.61779999732971,1.63730001449585,0,1.63730001449585,"Brazil"
2011-05-24,1.61899995803833,1.62870001792908,1.61899995803833,1.62849998474121,0,1.62849998474121,"Brazil"
2011-05-25,1.62390005588531,1.62699997425079,1.61730003356934,1.62650001049042,0,1.62650001049042,"Brazil"
2011-05-26,1.61080002784729,1.6143000125885,1.59430003166199,1.62230002880096,0,1.62230002880096,"Brazil"
2011-05-29,1.58949995040894,1.59449994564056,1.58949995040894,1.59430003166199,0,1.59430003166199,"Brazil"
2011-05-30,1.58350002765656,1.5929000377655,1.5764000415802,1.59300005435944,0,1.59300005435944,"Brazil"
2011-05-31,1.57500004768372,1.58430004119873,1.57050001621246,1.5786999464035,0,1.5786999464035,"Brazil"
2011-06-01,1.5789999961853,1.59119999408722,1.57690000534058,1.59200000762939,0,1.59200000762939,"Brazil"
2011-06-02,1.57039999961853,1.58169996738434,1.54089999198914,1.57749998569489,0,1.57749998569489,"Brazil"
2011-06-05,1.56879997253418,1.5819000005722,1.56879997253418,1.56879997253418,0,1.56879997253418,"Brazil"
2011-06-06,1.54999995231628,1.57459998130798,1.54999995231628,1.58019995689392,0,1.58019995689392,"Brazil"
2011-06-07,1.5757999420166,1.58469998836517,1.57480001449585,1.57700002193451,0,1.57700002193451,"Brazil"
2011-06-08,1.57400000095367,1.5871000289917,1.57400000095367,1.58150005340576,0,1.58150005340576,"Brazil"
2011-06-09,1.58000004291534,1.59599995613098,1.57790005207062,1.58689999580383,0,1.58689999580383,"Brazil"
2011-06-12,1.59479999542236,1.59479999542236,1.5813000202179,1.59479999542236,0,1.59479999542236,"Brazil"
2011-06-13,1.58899998664856,1.58899998664856,1.57650005817413,1.58899998664856,0,1.58899998664856,"Brazil"
2011-06-14,1.57650005817413,1.5925999879837,1.57650005817413,1.57910001277924,0,1.57910001277924,"Brazil"
2011-06-15,1.59519994258881,1.61189997196198,1.59519994258881,1.59700000286102,0,1.59700000286102,"Brazil"
2011-06-16,1.59739995002747,1.59979999065399,1.58980000019073,1.60609996318817,0,1.60609996318817,"Brazil"
2011-06-19,1.58980000019073,1.60510003566742,1.58980000019073,1.58980000019073,0,1.58980000019073,"Brazil"
2011-06-20,1.58860003948212,1.59640002250671,1.58179998397827,1.59399998188019,0,1.59399998188019,"Brazil"
2011-06-21,1.58369994163513,1.58659994602203,1.58179998397827,1.58749997615814,0,1.58749997615814,"Brazil"
2011-06-22,1.58640003204346,1.58990001678467,1.58640003204346,1.58700001239777,0,1.58700001239777,"Brazil"
2011-06-23,1.58630001544952,1.59519994258881,1.58630001544952,1.59049999713898,0,1.59049999713898,"Brazil"
2011-06-26,1.5900000333786,1.60179996490479,1.5900000333786,1.5900000333786,0,1.5900000333786,"Brazil"
2011-06-27,1.58899998664856,1.5916999578476,1.57589995861053,1.59500002861023,0,1.59500002861023,"Brazil"
2011-06-28,1.57330000400543,1.57550001144409,1.56420004367828,1.57799994945526,0,1.57799994945526,"Brazil"
2011-06-29,1.56260001659393,1.56550002098083,1.55460000038147,1.56970000267029,0,1.56970000267029,"Brazil"
2011-06-30,1.55379998683929,1.56200003623962,1.54879999160767,1.56140005588531,0,1.56140005588531,"Brazil"
2011-07-03,1.55229997634888,1.557000041008,1.5514999628067,1.54879999160767,0,1.54879999160767,"Brazil"
2011-07-04,1.54770004749298,1.56289994716644,1.54770004749298,1.5514999628067,0,1.5514999628067,"Brazil"
2011-07-05,1.56029999256134,1.56980001926422,1.55920004844666,1.56369996070862,0,1.56369996070862,"Brazil"
2011-07-06,1.56449997425079,1.56690001487732,1.5514999628067,1.56920003890991,0,1.56920003890991,"Brazil"
2011-07-07,1.54820001125336,1.56389999389648,1.54820001125336,1.55449998378754,0,1.55449998378754,"Brazil"
2011-07-10,1.54509997367859,1.58140003681183,1.54509997367859,1.56180000305176,0,1.56180000305176,"Brazil"
2011-07-11,1.57190001010895,1.58200001716614,1.57159996032715,1.58000004291534,0,1.58000004291534,"Brazil"
2011-07-12,1.57449996471405,1.57980000972748,1.56420004367828,1.57469999790192,0,1.57469999790192,"Brazil"
2011-07-13,1.56879997253418,1.57290005683899,1.56480002403259,1.56770002841949,0,1.56770002841949,"Brazil"
2011-07-14,1.57149994373322,1.57690000534058,1.56729996204376,1.57650005817413,0,1.57650005817413,"Brazil"
2011-07-17,1.56959998607635,1.58249998092651,1.56959998607635,1.567999958992,0,1.567999958992,"Brazil"
2011-07-18,1.56949996948242,1.57179999351501,1.56379997730255,1.57500004768372,0,1.57500004768372,"Brazil"
2011-07-19,1.56500005722046,1.56500005722046,1.56180000305176,1.56500005722046,0,1.56500005722046,"Brazil"
2011-07-20,1.56289994716644,1.56289994716644,1.55089998245239,1.56149995326996,0,1.56149995326996,"Brazil"
2011-07-21,1.54779994487762,1.55499994754791,1.54779994487762,1.55229997634888,0,1.55229997634888,"Brazil"
2011-07-24,1.55390000343323,1.55390000343323,1.53610002994537,1.55390000343323,0,1.55390000343323,"Brazil"
2011-07-25,1.54410004615784,1.54410004615784,1.52520000934601,1.54410004615784,0,1.54410004615784,"Brazil"
2011-07-26,1.53369998931885,1.56889998912811,1.5333000421524,1.53369998931885,0,1.53369998931885,"Brazil"
2011-07-27,1.56309998035431,1.56770002841949,1.55030000209808,1.56309998035431,0,1.56309998035431,"Brazil"
2011-07-28,1.5628000497818,1.57070004940033,1.54620003700256,1.5628000497818,0,1.5628000497818,"Brazil"
2011-07-31,1.5440000295639,1.56029999256134,1.54270005226135,1.54649996757507,0,1.54649996757507,"Brazil"
2011-08-01,1.56159996986389,1.57179999351501,1.54579997062683,1.55780005455017,0,1.55780005455017,"Brazil"
2011-08-02,1.56289994716644,1.56589996814728,1.55729997158051,1.56330001354218,0,1.56330001354218,"Brazil"
2011-08-03,1.54560005664825,1.58050000667572,1.54560005664825,1.56299996376038,0,1.56299996376038,"Brazil"
2011-08-04,1.58229994773865,1.59519994258881,1.56959998607635,1.57679998874664,0,1.57679998874664,"Brazil"
2011-08-07,1.59300005435944,1.60339999198914,1.57200002670288,1.59300005435944,0,1.59300005435944,"Brazil"
2011-08-08,1.62150001525879,1.65480005741119,1.60930001735687,1.59689998626709,0,1.59689998626709,"Brazil"
2011-08-09,1.62740004062653,1.62769997119904,1.58630001544952,1.6282000541687,0,1.6282000541687,"Brazil"
2011-08-10,1.61849999427795,1.63719999790192,1.61849999427795,1.62189996242523,0,1.62189996242523,"Brazil"
2011-08-11,1.6224000453949,1.6253000497818,1.60450005531311,1.62329995632172,0,1.62329995632172,"Brazil"
2011-08-14,1.60599994659424,1.61119997501373,1.5900000333786,1.6114000082016,0,1.6114000082016,"Brazil"
2011-08-15,1.58870005607605,1.59969997406006,1.57219994068146,1.58870005607605,0,1.58870005607605,"Brazil"
2011-08-16,1.58519995212555,1.58819997310638,1.57430005073547,1.58410000801086,0,1.58410000801086,"Brazil"
2011-08-17,1.58379995822906,1.60889995098114,1.58379995822906,1.57850003242493,0,1.57850003242493,"Brazil"
2011-08-18,1.5945999622345,1.59949994087219,1.58700001239777,1.60699999332428,0,1.60699999332428,"Brazil"
2011-08-21,1.59340000152588,1.60520005226135,1.58369994163513,1.59529995918274,0,1.59529995918274,"Brazil"
2011-08-22,1.60249996185303,1.60570001602173,1.59230005741119,1.60249996185303,0,1.60249996185303,"Brazil"
2011-08-23,1.59189999103546,1.60269999504089,1.59189999103546,1.59730005264282,0,1.59730005264282,"Brazil"
2011-08-24,1.60920000076294,1.61520004272461,1.59689998626709,1.60730004310608,0,1.60730004310608,"Brazil"
2011-08-25,1.60459995269775,1.61339998245239,1.60000002384186,1.60899996757507,0,1.60899996757507,"Brazil"
2011-08-28,1.60000002384186,1.60140001773834,1.59200000762939,1.60000002384186,0,1.60000002384186,"Brazil"
2011-08-29,1.58619999885559,1.59519994258881,1.58200001716614,1.59430003166199,0,1.59430003166199,"Brazil"
2011-08-30,1.58249998092651,1.59969997406006,1.57939994335175,1.58650004863739,0,1.58650004863739,"Brazil"
2011-08-31,1.5842000246048,1.60889995098114,1.5842000246048,1.58249998092651,0,1.58249998092651,"Brazil"
2011-09-01,1.59529995918274,1.63789999485016,1.59529995918274,1.59899997711182,0,1.59899997711182,"Brazil"
2011-09-04,1.63650000095367,1.65390002727509,1.63650000095367,1.62979996204376,0,1.62979996204376,"Brazil"
2011-09-05,1.63800001144409,1.6628999710083,1.63800001144409,1.6492999792099,0,1.6492999792099,"Brazil"
2011-09-06,1.65600001811981,1.65600001811981,1.64979994297028,1.6599999666214,0,1.6599999666214,"Brazil"
2011-09-07,1.64900004863739,1.65680003166199,1.64760005474091,1.65349996089935,0,1.65349996089935,"Brazil"
2011-09-08,1.65450000762939,1.6793999671936,1.65450000762939,1.65160000324249,0,1.65160000324249,"Brazil"
2011-09-11,1.67490005493164,1.69840002059937,1.66970002651215,1.67490005493164,0,1.67490005493164,"Brazil"
2011-09-12,1.69869995117188,1.71619999408722,1.69869995117188,1.70350003242493,0,1.70350003242493,"Brazil"
2011-09-13,1.71150004863739,1.73360002040863,1.70500004291534,1.71150004863739,0,1.71150004863739,"Brazil"
2011-09-14,1.70899999141693,1.71280002593994,1.69609999656677,1.72399997711182,0,1.72399997711182,"Brazil"
2011-09-15,1.70000004768372,1.72420001029968,1.70000004768372,1.70910000801086,0,1.70910000801086,"Brazil"
2011-09-18,1.72769999504089,1.79180002212524,1.71430003643036,1.71050000190735,0,1.71050000190735,"Brazil"
2011-09-19,1.79470002651215,1.79690003395081,1.76540005207062,1.78460001945496,0,1.78460001945496,"Brazil"
2011-09-20,1.78059995174408,1.84099996089935,1.76740002632141,1.79159998893738,0,1.79159998893738,"Brazil"
2011-09-21,1.86790001392365,1.94630002975464,1.78279995918274,1.833899974823,0,1.833899974823,"Brazil"
2011-09-22,1.89830005168915,1.91750001907349,1.855299949646,1.87679994106293,0,1.87679994106293,"Brazil"
2011-09-25,1.82829999923706,1.86240005493164,1.81019997596741,1.85580003261566,0,1.85580003261566,"Brazil"
2011-09-26,1.81850004196167,1.82179999351501,1.79190003871918,1.84599995613098,0,1.84599995613098,"Brazil"
2011-09-27,1.7992000579834,1.81700003147125,1.79670000076294,1.80200004577637,0,1.80200004577637,"Brazil"
2011-09-28,1.832200050354,1.83640003204346,1.81939995288849,1.81770002841949,0,1.81770002841949,"Brazil"
2011-09-29,1.83749997615814,1.86220002174377,1.82140004634857,1.82770001888275,0,1.82770001888275,"Brazil"
2011-10-02,1.87399995326996,1.89100003242493,1.85899996757507,1.84700000286102,0,1.84700000286102,"Brazil"
2011-10-03,1.88629996776581,1.89919996261597,1.8720999956131,1.88769996166229,0,1.88769996166229,"Brazil"
2011-10-04,1.85160005092621,1.85930001735687,1.82799994945526,1.85010004043579,0,1.85010004043579,"Brazil"
2011-10-05,1.82959997653961,1.83469998836517,1.79849994182587,1.83369994163513,0,1.83369994163513,"Brazil"
2011-10-06,1.77550005912781,1.77929997444153,1.75109994411469,1.8066999912262,0,1.8066999912262,"Brazil"
2011-10-09,1.76670002937317,1.77279996871948,1.73389995098114,1.76230001449585,0,1.76230001449585,"Brazil"
2011-10-10,1.75740003585815,1.77980005741119,1.75049996376038,1.74689996242523,0,1.74689996242523,"Brazil"
2011-10-11,1.76999998092651,1.77450001239777,1.75670003890991,1.73880004882812,0,1.73880004882812,"Brazil"
2011-10-12,1.76999998092651,1.77240002155304,1.74070000648499,1.77400004863739,0,1.77400004863739,"Brazil"
2011-10-13,1.74590003490448,1.74870002269745,1.72339999675751,1.74310004711151,0,1.74310004711151,"Brazil"
2011-10-16,1.73070001602173,1.75160002708435,1.73070001602173,1.73070001602173,0,1.73070001602173,"Brazil"
2011-10-17,1.76859998703003,1.78349995613098,1.75160002708435,1.76699995994568,0,1.76699995994568,"Brazil"
2011-10-18,1.7474000453949,1.76530003547668,1.74070000648499,1.75750005245209,0,1.75750005245209,"Brazil"
2011-10-19,1.76810002326965,1.79869997501373,1.76170003414154,1.76129996776581,0,1.76129996776581,"Brazil"
2011-10-20,1.77620005607605,1.78849995136261,1.76020002365112,1.78699994087219,0,1.78699994087219,"Brazil"
2011-10-23,1.76989996433258,1.78149998188019,1.74650001525879,1.76760005950928,0,1.76760005950928,"Brazil"
2011-10-24,1.74580001831055,1.76370000839233,1.73389995098114,1.74930000305176,0,1.74930000305176,"Brazil"
2011-10-25,1.7610000371933,1.76900005340576,1.74349999427795,1.76150000095367,0,1.76150000095367,"Brazil"
2011-10-26,1.75339996814728,1.75590002536774,1.71430003643036,1.75800001621246,0,1.75800001621246,"Brazil"
2011-10-27,1.70449995994568,1.70940005779266,1.68270003795624,1.70899999141693,0,1.70899999141693,"Brazil"
2011-10-31,1.66750001907349,1.69410002231598,1.66509997844696,1.68710005283356,0,1.68710005283356,"Brazil"
2011-11-01,1.68980002403259,1.75730001926422,1.68980002403259,1.6923999786377,0,1.6923999786377,"Brazil"
2011-11-02,1.74000000953674,1.74230003356934,1.72099995613098,1.74199998378754,0,1.74199998378754,"Brazil"
2011-11-03,1.73099994659424,1.74010002613068,1.71089994907379,1.73329997062683,0,1.73329997062683,"Brazil"
2011-11-04,1.72969996929169,1.75750005245209,1.72389996051788,1.7315000295639,0,1.7315000295639,"Brazil"
2011-11-07,1.74759995937347,1.75829994678497,1.73660004138947,1.74899995326996,0,1.74899995326996,"Brazil"
2011-11-08,1.74140000343323,1.74940001964569,1.73020005226135,1.74989998340607,0,1.74989998340607,"Brazil"
2011-11-09,1.72730004787445,1.75800001621246,1.72730004787445,1.73950004577637,0,1.73950004577637,"Brazil"
2011-11-10,1.77450001239777,1.78050005435944,1.75,1.75660002231598,0,1.75660002231598,"Brazil"
2011-11-11,1.75680005550385,1.76209998130798,1.74049997329712,1.75999999046326,0,1.75999999046326,"Brazil"
2011-11-14,1.73740005493164,1.76510000228882,1.73740005493164,1.73989999294281,0,1.73989999294281,"Brazil"
2011-11-15,1.76209998130798,1.76950001716614,1.74820005893707,1.75950002670288,0,1.75950002670288,"Brazil"
2011-11-16,1.76709997653961,1.78139996528625,1.76310002803802,1.76929998397827,0,1.76929998397827,"Brazil"
2011-11-17,1.76470005512238,1.78419995307922,1.76059997081757,1.77030003070831,0,1.77030003070831,"Brazil"
2011-11-18,1.77349996566772,1.7833000421524,1.76259994506836,1.76450002193451,0,1.76450002193451,"Brazil"
2011-11-21,1.78100001811981,1.81079995632172,1.78100001811981,1.77779996395111,0,1.77779996395111,"Brazil"
2011-11-22,1.80309998989105,1.81340003013611,1.79429996013641,1.80420005321503,0,1.80420005321503,"Brazil"
2011-11-23,1.81340003013611,1.85759997367859,1.81340003013611,1.81169998645782,0,1.81169998645782,"Brazil"
2011-11-24,1.86220002174377,1.88540005683899,1.84619998931885,1.85930001735687,0,1.85930001735687,"Brazil"
2011-11-25,1.89310002326965,1.91050004959106,1.87129998207092,1.87549996376038,0,1.87549996376038,"Brazil"
2011-11-28,1.88699996471405,1.88909995555878,1.84549999237061,1.88030004501343,0,1.88030004501343,"Brazil"
2011-11-29,1.84930002689362,1.85220003128052,1.82850003242493,1.85469996929169,0,1.85469996929169,"Brazil"
2011-11-30,1.8400000333786,1.84469997882843,1.79260003566742,1.84150004386902,0,1.84150004386902,"Brazil"
2011-12-01,1.79999995231628,1.80569994449615,1.78110003471375,1.80799996852875,0,1.80799996852875,"Brazil"
2011-12-02,1.79499995708466,1.79770004749298,1.76380002498627,1.79900002479553,0,1.79900002479553,"Brazil"
2011-12-05,1.78620004653931,1.78830003738403,1.77320003509521,1.79519999027252,0,1.79519999027252,"Brazil"
2011-12-06,1.78069996833801,1.79340004920959,1.77530002593994,1.77960002422333,0,1.77960002422333,"Brazil"
2011-12-07,1.78649997711182,1.80060005187988,1.78149998188019,1.79100000858307,0,1.79100000858307,"Brazil"
2011-12-08,1.79419994354248,1.81500005722046,1.77980005741119,1.79869997501373,0,1.79869997501373,"Brazil"
2011-12-09,1.81700003147125,1.82200002670288,1.79209995269775,1.81700003147125,0,1.81700003147125,"Brazil"
2011-12-12,1.8014999628067,1.83459997177124,1.79289996623993,1.79729998111725,0,1.79729998111725,"Brazil"
2011-12-13,1.83700001239777,1.84819996356964,1.83140003681183,1.80920004844666,0,1.80920004844666,"Brazil"
2011-12-14,1.85969996452332,1.87679994106293,1.85860002040863,1.85769999027252,0,1.85769999027252,"Brazil"
2011-12-15,1.87479996681213,1.87940001487732,1.85010004043579,1.87629997730255,0,1.87629997730255,"Brazil"
2011-12-16,1.85380005836487,1.85710000991821,1.83720004558563,1.8588000535965,0,1.8588000535965,"Brazil"
2011-12-19,1.84899997711182,1.86370003223419,1.83940005302429,1.85300004482269,0,1.85300004482269,"Brazil"
2011-12-20,1.86510002613068,1.86549997329712,1.83480000495911,1.86650002002716,0,1.86650002002716,"Brazil"
2011-12-21,1.84200000762939,1.85710000991821,1.83920001983643,1.84179997444153,0,1.84179997444153,"Brazil"
2011-12-22,1.85769999027252,1.86070001125336,1.84500002861023,1.855299949646,0,1.855299949646,"Brazil"
2011-12-23,1.84590005874634,1.85959994792938,1.82910001277924,1.85099995136261,0,1.85099995136261,"Brazil"
2011-12-26,1.85749995708466,1.85749995708466,1.85749995708466,1.85800004005432,0,1.85800004005432,"Brazil"
2011-12-27,1.85280001163483,1.8588000535965,1.83650004863739,1.85749995708466,0,1.85749995708466,"Brazil"
2011-12-28,1.85800004005432,1.87979996204376,1.85189998149872,1.86000001430511,0,1.86000001430511,"Brazil"
2011-12-29,1.87109994888306,1.88440001010895,1.8617000579834,1.87670004367828,0,1.87670004367828,"Brazil"
2011-12-30,1.86269998550415,1.86290001869202,1.84590005874634,1.86520004272461,0,1.86520004272461,"Brazil"
2012-01-02,1.85989999771118,1.86899995803833,1.85350000858307,1.86230003833771,0,1.86230003833771,"Brazil"
2012-01-03,1.85769999027252,1.86969995498657,1.82939994335175,1.8701000213623,0,1.8701000213623,"Brazil"
2012-01-04,1.83459997177124,1.83459997177124,1.81309998035431,1.83449995517731,0,1.83449995517731,"Brazil"
2012-01-05,1.81970000267029,1.84549999237061,1.81970000267029,1.81840002536774,0,1.81840002536774,"Brazil"
2012-01-06,1.83770000934601,1.85380005836487,1.83329999446869,1.84300005435944,0,1.84300005435944,"Brazil"
2012-01-09,1.85479998588562,1.85490000247955,1.83430004119873,1.84759998321533,0,1.84759998321533,"Brazil"
2012-01-10,1.82990002632141,1.82990002632141,1.79120004177094,1.84099996089935,0,1.84099996089935,"Brazil"
2012-01-11,1.79659998416901,1.80840003490448,1.79519999027252,1.79900002479553,0,1.79900002479553,"Brazil"
2012-01-12,1.79949998855591,1.80120003223419,1.77980005741119,1.80350005626678,0,1.80350005626678,"Brazil"
2012-01-13,1.78090000152588,1.80420005321503,1.76579999923706,1.78090000152588,0,1.78090000152588,"Brazil"
2012-01-16,1.78180003166199,1.7853000164032,1.77839994430542,1.7907999753952,0,1.7907999753952,"Brazil"
2012-01-17,1.78279995918274,1.78429996967316,1.76440000534058,1.77929997444153,0,1.77929997444153,"Brazil"
2012-01-18,1.78470003604889,1.78569996356964,1.76730000972748,1.77950000762939,0,1.77950000762939,"Brazil"
2012-01-19,1.76339995861053,1.76639997959137,1.75639998912811,1.76830005645752,0,1.76830005645752,"Brazil"
2012-01-20,1.76250004768372,1.76820003986359,1.75870001316071,1.755499958992,0,1.755499958992,"Brazil"
2012-01-23,1.76810002326965,1.76820003986359,1.74609994888306,1.76010000705719,0,1.76010000705719,"Brazil"
2012-01-24,1.75380003452301,1.76590001583099,1.75339996814728,1.75199997425079,0,1.75199997425079,"Brazil"
2012-01-25,1.755499958992,1.76020002365112,1.74150002002716,1.75839996337891,0,1.75839996337891,"Brazil"
2012-01-26,1.75750005245209,1.7581000328064,1.72950005531311,1.75999999046326,0,1.75999999046326,"Brazil"
2012-01-27,1.73810005187988,1.74839997291565,1.73300004005432,1.85249996185303,0,1.85249996185303,"Brazil"
2012-01-30,1.74090003967285,1.75329995155334,1.73409998416901,1.73800003528595,0,1.73800003528595,"Brazil"
2012-01-31,1.74629998207092,1.74909996986389,1.7305999994278,1.74629998207092,0,1.74629998207092,"Brazil"
2012-02-01,1.74629998207092,1.75119996070862,1.7305999994278,1.74479997158051,0,1.74479997158051,"Brazil"
2012-02-02,1.73249995708466,1.73549997806549,1.7208000421524,1.73169994354248,0,1.73169994354248,"Brazil"
2012-02-03,1.71819996833801,1.74100005626678,1.71459996700287,1.71809995174408,0,1.71809995174408,"Brazil"
2012-02-06,1.71570003032684,1.73189997673035,1.71109998226166,1.71529996395111,0,1.71529996395111,"Brazil"
2012-02-07,1.72379994392395,1.72940003871918,1.71710002422333,1.72370004653931,0,1.72370004653931,"Brazil"
2012-02-08,1.72500002384186,1.72529995441437,1.71099996566772,1.72469997406006,0,1.72469997406006,"Brazil"
2012-02-09,1.71840000152588,1.72399997711182,1.70659995079041,1.71840000152588,0,1.71840000152588,"Brazil"
2012-02-10,1.71560001373291,1.72800004482269,1.71140003204346,1.71549999713898,0,1.71549999713898,"Brazil"
2012-02-13,1.72599995136261,1.72599995136261,1.70850002765656,1.71879994869232,0,1.71879994869232,"Brazil"
2012-02-14,1.71519994735718,1.71909999847412,1.708899974823,1.71519994735718,0,1.71519994735718,"Brazil"
2012-02-15,1.72109997272491,1.72319996356964,1.71029996871948,1.71609997749329,0,1.71609997749329,"Brazil"
2012-02-16,1.72769999504089,1.73549997806549,1.72119998931885,1.72769999504089,0,1.72769999504089,"Brazil"
2012-02-17,1.71549999713898,1.71710002422333,1.70529997348785,1.71549999713898,0,1.71549999713898,"Brazil"
2012-02-20,1.71290004253387,1.71840000152588,1.71290004253387,1.70930004119873,0,1.70930004119873,"Brazil"
2012-02-21,1.71480000019073,1.7257000207901,1.71280002593994,1.71720004081726,0,1.71720004081726,"Brazil"
2012-02-22,1.71480000019073,1.71599996089935,1.70790004730225,1.71449995040894,0,1.71449995040894,"Brazil"
2012-02-23,1.70510005950928,1.71000003814697,1.69229996204376,1.70510005950928,0,1.70510005950928,"Brazil"
2012-02-24,1.71309995651245,1.71350002288818,1.7007999420166,1.71280002593994,0,1.71280002593994,"Brazil"
2012-02-27,1.70860004425049,1.71749997138977,1.70229995250702,1.70659995079041,0,1.70659995079041,"Brazil"
2012-02-28,1.70589995384216,1.71019995212555,1.69350004196167,1.70589995384216,0,1.70589995384216,"Brazil"
2012-02-29,1.69219994544983,1.72230005264282,1.68669998645782,1.69770002365112,0,1.69770002365112,"Brazil"
2012-03-01,1.71659994125366,1.72490000724792,1.70840001106262,1.71659994125366,0,1.71659994125366,"Brazil"
2012-03-02,1.71070003509521,1.72730004787445,1.70850002765656,1.71350002288818,0,1.71350002288818,"Brazil"
2012-03-05,1.72969996929169,1.74150002002716,1.72230005264282,1.72930002212524,0,1.72930002212524,"Brazil"
2012-03-06,1.73780000209808,1.75919997692108,1.73619997501373,1.73780000209808,0,1.73780000209808,"Brazil"
2012-03-07,1.75950002670288,1.77100002765656,1.71280002593994,1.75929999351501,0,1.75929999351501,"Brazil"
2012-03-08,1.76750004291534,1.77740001678467,1.75119996070862,1.76579999923706,0,1.76579999923706,"Brazil"
2012-03-09,1.76150000095367,1.77900004386902,1.75730001926422,1.76129996776581,0,1.76129996776581,"Brazil"
2012-03-12,1.79030001163483,1.81749999523163,1.77180004119873,1.78910005092621,0,1.78910005092621,"Brazil"
2012-03-13,1.79879999160767,1.82149994373322,1.791100025177,1.79879999160767,0,1.79879999160767,"Brazil"
2012-03-14,1.79130005836487,1.82130002975464,1.7882000207901,1.79130005836487,0,1.79130005836487,"Brazil"
2012-03-15,1.80219995975494,1.80630004405975,1.78629994392395,1.80340003967285,0,1.80340003967285,"Brazil"
2012-03-16,1.79960000514984,1.80369997024536,1.78069996833801,1.79939997196198,0,1.79939997196198,"Brazil"
2012-03-19,1.79879999160767,1.80920004844666,1.79540002346039,1.79750001430511,0,1.79750001430511,"Brazil"
2012-03-20,1.82070004940033,1.83060002326965,1.80169999599457,1.82070004940033,0,1.82070004940033,"Brazil"
2012-03-21,1.81149995326996,1.82669997215271,1.79649996757507,1.81410002708435,0,1.81410002708435,"Brazil"
2012-03-22,1.81900000572205,1.82819998264313,1.81229996681213,1.81920003890991,0,1.81920003890991,"Brazil"
2012-03-23,1.81819999217987,1.8235000371933,1.80379998683929,1.81809997558594,0,1.81809997558594,"Brazil"
2012-03-25,1.8092999458313,1.82149994373322,1.79120004177094,1.8092999458313,0,1.8092999458313,"Brazil"
2012-03-26,1.81719994544983,1.82299995422363,1.80560004711151,1.81710004806519,0,1.81710004806519,"Brazil"
2012-03-27,1.82149994373322,1.82369995117188,1.80410003662109,1.82120001316071,0,1.82120001316071,"Brazil"
2012-03-28,1.82369995117188,1.83410000801086,1.80719995498657,1.82340002059937,0,1.82340002059937,"Brazil"
2012-03-29,1.82089996337891,1.82749998569489,1.80369997024536,1.82079994678497,0,1.82079994678497,"Brazil"
2012-04-01,1.82570004463196,1.83299994468689,1.82079994678497,1.82570004463196,0,1.82570004463196,"Brazil"
2012-04-02,1.83280003070831,1.83319997787476,1.81480002403259,1.83280003070831,0,1.83280003070831,"Brazil"
2012-04-03,1.8293000459671,1.84189999103546,1.80729997158051,1.82920002937317,0,1.82920002937317,"Brazil"
2012-04-04,1.82749998569489,1.83050000667572,1.80780005455017,1.82749998569489,0,1.82749998569489,"Brazil"
2012-04-05,1.82260000705719,1.82799994945526,1.82179999351501,1.82290005683899,0,1.82290005683899,"Brazil"
2012-04-08,1.82190001010895,1.83070003986359,1.82179999351501,1.82190001010895,0,1.82190001010895,"Brazil"
2012-04-09,1.81910002231598,1.83550000190735,1.79779994487762,1.81900000572205,0,1.81900000572205,"Brazil"
2012-04-10,1.83259999752045,1.83770000934601,1.81599998474121,1.83249998092651,0,1.83249998092651,"Brazil"
2012-04-11,1.83459997177124,1.83850002288818,1.81710004806519,1.83459997177124,0,1.83459997177124,"Brazil"
2012-04-12,1.82459998130798,1.83850002288818,1.80889999866486,1.82620000839233,0,1.82620000839233,"Brazil"
2012-04-15,1.83739995956421,1.84969997406006,1.81809997558594,1.83739995956421,0,1.83739995956421,"Brazil"
2012-04-16,1.84570002555847,1.85080003738403,1.82969999313354,1.84570002555847,0,1.84570002555847,"Brazil"
2012-04-17,1.85660004615784,1.87020003795624,1.84189999103546,1.85839998722076,0,1.85839998722076,"Brazil"
2012-04-18,1.87769997119904,1.8882999420166,1.86020004749298,1.87769997119904,0,1.87769997119904,"Brazil"
2012-04-19,1.87960004806519,1.88750004768372,1.86199998855591,1.87950003147125,0,1.87950003147125,"Brazil"
2012-04-22,1.87189996242523,1.88999998569489,1.85290002822876,1.8717999458313,0,1.8717999458313,"Brazil"
2012-04-23,1.87730002403259,1.88999998569489,1.8610999584198,1.87979996204376,0,1.87979996204376,"Brazil"
2012-04-24,1.87929999828339,1.88810002803802,1.87150001525879,1.87929999828339,0,1.87929999828339,"Brazil"
2012-04-25,1.87880003452301,1.88769996166229,1.86259996891022,1.87880003452301,0,1.87880003452301,"Brazil"
2012-04-26,1.88380002975464,1.88699996471405,1.86640000343323,1.88380002975464,0,1.88380002975464,"Brazil"
2012-04-29,1.88639998435974,1.89359998703003,1.8672000169754,1.8860000371933,0,1.8860000371933,"Brazil"
2012-04-30,1.90579998493195,1.90789997577667,1.89450001716614,1.90579998493195,0,1.90579998493195,"Brazil"
2012-05-01,1.90639996528625,1.91299998760223,1.88810002803802,1.90639996528625,0,1.90639996528625,"Brazil"
2012-05-02,1.92219996452332,1.9326000213623,1.90400004386902,1.92219996452332,0,1.92219996452332,"Brazil"
2012-05-03,1.90980005264282,1.92550003528595,1.88909995555878,1.90980005264282,0,1.90980005264282,"Brazil"
2012-05-06,1.92690002918243,1.93229997158051,1.90869998931885,1.92690002918243,0,1.92690002918243,"Brazil"
2012-05-07,1.91879999637604,1.93970000743866,1.90129995346069,1.91879999637604,0,1.91879999637604,"Brazil"
2012-05-08,1.93789994716644,1.9724999666214,1.92229998111725,1.93789994716644,0,1.93789994716644,"Brazil"
2012-05-09,1.96949994564056,1.97370004653931,1.94949996471405,1.96949994564056,0,1.96949994564056,"Brazil"
2012-05-10,1.95200002193451,1.96109998226166,1.93340003490448,1.95200002193451,0,1.95200002193451,"Brazil"
2012-05-13,1.96519994735718,1.98839998245239,1.94669997692108,1.96519994735718,0,1.96519994735718,"Brazil"
2012-05-14,1.99290001392365,1.99870002269745,1.97640001773834,1.99259996414185,0,1.99259996414185,"Brazil"
2012-05-15,1.99989998340607,2.00510001182556,1.98239994049072,1.99989998340607,0,1.99989998340607,"Brazil"
2012-05-16,1.99940001964569,2.00430011749268,1.9811999797821,1.99940001964569,0,1.99940001964569,"Brazil"
2012-05-17,2.00769996643066,2.0220000743866,1.99059998989105,2.00769996643066,0,2.00769996643066,"Brazil"
2012-05-20,2.02239990234375,2.04460000991821,2.00349998474121,2.0220000743866,0,2.0220000743866,"Brazil"
2012-05-21,2.03200006484985,2.05890011787415,2.02130007743835,2.03229999542236,0,2.03229999542236,"Brazil"
2012-05-22,2.08920001983643,2.10170006752014,2.06170010566711,2.08730006217957,0,2.08730006217957,"Brazil"
2012-05-23,2.02670001983643,2.04949998855591,2.01160001754761,2.02710008621216,0,2.02710008621216,"Brazil"
2012-05-24,2.0271999835968,2.03600001335144,1.98810005187988,2.02740001678467,0,2.02740001678467,"Brazil"
2012-05-27,1.98469996452332,1.98940002918243,1.96410000324249,1.98469996452332,0,1.98469996452332,"Brazil"
2012-05-28,1.98189997673035,1.99749994277954,1.96169996261597,1.98189997673035,0,1.98189997673035,"Brazil"
2012-05-29,1.99199998378754,2.00999999046326,1.98860001564026,1.99199998378754,0,1.99199998378754,"Brazil"
2012-05-30,2.01259994506836,2.02640008926392,1.99989998340607,2.01489996910095,0,2.01489996910095,"Brazil"
2012-05-31,2.02550005912781,2.0385000705719,2.00209999084473,2.02530002593994,0,2.02530002593994,"Brazil"
2012-06-03,2.03880000114441,2.04200005531311,2.01999998092651,2.03880000114441,0,2.03880000114441,"Brazil"
2012-06-04,2.05270004272461,2.05789995193481,2.01480007171631,2.05290007591248,0,2.05290007591248,"Brazil"
2012-06-05,2.03130006790161,2.03169989585876,2.00530004501343,2.02150011062622,0,2.02150011062622,"Brazil"
2012-06-06,2.03159999847412,2.03220009803772,2.02900004386902,2.03159999847412,0,2.03159999847412,"Brazil"
2012-06-07,2.03150010108948,2.03990006446838,2.01250004768372,2.02959990501404,0,2.02959990501404,"Brazil"
2012-06-10,2.0220000743866,2.03760004043579,2.00160002708435,2.0220000743866,0,2.0220000743866,"Brazil"
2012-06-11,2.06369996070862,2.06380009651184,2.04399991035461,2.06369996070862,0,2.06369996070862,"Brazil"
2012-06-12,2.06680011749268,2.0676999092102,2.04719996452332,2.06680011749268,0,2.06680011749268,"Brazil"
2012-06-13,2.07089996337891,2.07419991493225,2.05189990997314,2.07089996337891,0,2.07089996337891,"Brazil"
2012-06-14,2.05780005455017,2.06909990310669,2.03439998626709,2.05780005455017,0,2.05780005455017,"Brazil"
2012-06-17,2.04809999465942,2.06550002098083,2.03029990196228,2.04819989204407,0,2.04819989204407,"Brazil"
2012-06-18,2.05999994277954,2.06130003929138,2.03099989891052,2.06010007858276,0,2.06010007858276,"Brazil"
2012-06-19,2.02789998054504,2.03620004653931,2.00729990005493,2.02789998054504,0,2.02789998054504,"Brazil"
2012-06-20,2.02439999580383,2.04450011253357,2.00670003890991,2.02250003814697,0,2.02250003814697,"Brazil"
2012-06-21,2.06220006942749,2.06240010261536,2.04629993438721,2.06220006942749,0,2.06220006942749,"Brazil"
2012-06-24,2.06599998474121,2.07540011405945,2.04649996757507,2.06599998474121,0,2.06599998474121,"Brazil"
2012-06-25,2.06019997596741,2.07540011405945,2.04089999198914,2.06030011177063,0,2.06030011177063,"Brazil"
2012-06-26,2.07489991188049,2.07969999313354,2.05480003356934,2.07470011711121,0,2.07470011711121,"Brazil"
2012-06-27,2.07430005073547,2.09130001068115,2.05749988555908,2.07450008392334,0,2.07450008392334,"Brazil"
2012-06-28,2.07680010795593,2.07800006866455,2.00679993629456,2.07680010795593,0,2.07680010795593,"Brazil"
2012-07-01,2.00889992713928,2.01110005378723,1.98099994659424,2.00869989395142,0,2.00869989395142,"Brazil"
2012-07-02,1.98230004310608,2.00119996070862,1.97560000419617,1.98459994792938,0,1.98459994792938,"Brazil"
2012-07-03,2.00839996337891,2.0304000377655,1.99160003662109,2.00839996337891,0,2.00839996337891,"Brazil"
2012-07-04,2.02629995346069,2.03550004959106,2.0064001083374,2.02629995346069,0,2.02629995346069,"Brazil"
2012-07-05,2.01869988441467,2.03900003433228,1.99950003623962,2.01869988441467,0,2.01869988441467,"Brazil"
2012-07-08,2.02749991416931,2.03900003433228,2.00780010223389,2.02760004997253,0,2.02760004997253,"Brazil"
2012-07-09,2.03139996528625,2.0346999168396,2.01200008392334,2.03139996528625,0,2.03139996528625,"Brazil"
2012-07-10,2.03279995918274,2.03460001945496,2.01340007781982,2.03250002861023,0,2.03250002861023,"Brazil"
2012-07-11,2.03500008583069,2.04970002174377,2.0158998966217,2.03520011901855,0,2.03520011901855,"Brazil"
2012-07-12,2.03699994087219,2.04649996757507,2.02469992637634,2.03670001029968,0,2.03670001029968,"Brazil"
2012-07-15,2.03670001029968,2.04010009765625,2.03069996833801,2.03730010986328,0,2.03730010986328,"Brazil"
2012-07-16,2.03410005569458,2.03730010986328,2.02519989013672,2.03410005569458,0,2.03410005569458,"Brazil"
2012-07-17,2.02060008049011,2.03020000457764,2.01629996299744,2.02060008049011,0,2.02060008049011,"Brazil"
2012-07-18,2.02119994163513,2.02509999275208,2.00300002098083,2.01850008964539,0,2.01850008964539,"Brazil"
2012-07-19,2.01119995117188,2.02410006523132,1.99240005016327,2.01119995117188,0,2.01119995117188,"Brazil"
2012-07-22,2.02270007133484,2.04239988327026,2.00300002098083,2.0229001045227,0,2.0229001045227,"Brazil"
2012-07-23,2.03649997711182,2.04200005531311,2.03329992294312,2.03640007972717,0,2.03640007972717,"Brazil"
2012-07-24,2.04550004005432,2.04719996452332,2.03279995918274,2.04550004005432,0,2.04550004005432,"Brazil"
2012-07-25,2.03279995918274,2.03279995918274,2.01719999313354,2.0327000617981,0,2.0327000617981,"Brazil"
2012-07-26,2.0181999206543,2.02699995040894,2.01200008392334,2.02010011672974,0,2.02010011672974,"Brazil"
2012-07-29,2.02110004425049,2.03649997711182,2.00189995765686,2.02090001106262,0,2.02090001106262,"Brazil"
2012-07-30,2.04040002822876,2.05110001564026,2.02169990539551,2.04029989242554,0,2.04029989242554,"Brazil"
2012-07-31,2.05660009384155,2.05679988861084,2.03419995307922,2.0566999912262,0,2.0566999912262,"Brazil"
2012-08-01,2.04239988327026,2.04999995231628,2.02390003204346,2.04209995269775,0,2.04209995269775,"Brazil"
2012-08-02,2.04839992523193,2.04879999160767,2.01929998397827,2.04839992523193,0,2.04839992523193,"Brazil"
2012-08-05,2.02699995040894,2.02859997749329,2.00859999656677,2.02699995040894,0,2.02699995040894,"Brazil"
2012-08-06,2.02850008010864,2.03119993209839,2.01099991798401,2.02850008010864,0,2.02850008010864,"Brazil"
2012-08-07,2.02710008621216,2.03329992294312,2.00859999656677,2.02710008621216,0,2.02710008621216,"Brazil"
2012-08-08,2.02130007743835,2.02469992637634,2.01149988174438,2.02110004425049,0,2.02110004425049,"Brazil"
2012-08-09,2.01859998703003,2.01979994773865,2.01139998435974,2.0171000957489,0,2.0171000957489,"Brazil"
2012-08-12,2.01379990577698,2.02670001983643,1.99539995193481,2.0139000415802,0,2.0139000415802,"Brazil"
2012-08-13,2.01990008354187,2.02600002288818,2.00149989128113,2.019700050354,0,2.019700050354,"Brazil"
2012-08-14,2.02550005912781,2.02859997749329,2.00629997253418,2.02579998970032,0,2.02579998970032,"Brazil"
2012-08-15,2.02360010147095,2.02369999885559,2.00180006027222,2.02360010147095,0,2.02360010147095,"Brazil"
2012-08-16,2.01510000228882,2.02099990844727,1.99800002574921,2.01510000228882,0,2.01510000228882,"Brazil"
2012-08-19,2.01449990272522,2.02010011672974,1.99570000171661,2.01449990272522,0,2.01449990272522,"Brazil"
2012-08-20,2.01430010795593,2.02049994468689,1.99720001220703,2.01430010795593,0,2.01430010795593,"Brazil"
2012-08-21,2.01500010490417,2.02080011367798,1.99670004844666,2.01090002059937,0,2.01090002059937,"Brazil"
2012-08-22,2.01480007171631,2.02430009841919,2.01200008392334,2.01530003547668,0,2.01530003547668,"Brazil"
2012-08-23,2.0229001045227,2.02940011024475,2.00570011138916,2.02279996871948,0,2.02279996871948,"Brazil"
2012-08-26,2.02309989929199,2.02810001373291,2.00500011444092,2.02309989929199,0,2.02309989929199,"Brazil"
2012-08-27,2.03099989891052,2.04699993133545,2.01530003547668,2.03099989891052,0,2.03099989891052,"Brazil"
2012-08-28,2.04089999198914,2.04979991912842,2.02419996261597,2.04089999198914,0,2.04089999198914,"Brazil"
2012-08-29,2.04699993133545,2.05290007591248,2.03060007095337,2.04699993133545,0,2.04699993133545,"Brazil"
2012-08-30,2.04399991035461,2.0485999584198,2.02020001411438,2.04550004005432,0,2.04550004005432,"Brazil"
2012-09-02,2.02769994735718,2.03159999847412,2.01060009002686,2.02769994735718,0,2.02769994735718,"Brazil"
2012-09-03,2.02859997749329,2.04040002822876,2.0132999420166,2.02859997749329,0,2.02859997749329,"Brazil"
2012-09-04,2.03670001029968,2.0404999256134,2.02320003509521,2.03670001029968,0,2.03670001029968,"Brazil"
2012-09-05,2.03620004653931,2.03889989852905,2.019700050354,2.03620004653931,0,2.03620004653931,"Brazil"
2012-09-06,2.02469992637634,2.02530002593994,2.00789999961853,2.02500009536743,0,2.02500009536743,"Brazil"
2012-09-09,2.02530002593994,2.02670001983643,1.99230003356934,2.02530002593994,0,2.02530002593994,"Brazil"
2012-09-10,2.01929998397827,2.02049994468689,2.0032000541687,2.01929998397827,0,2.01929998397827,"Brazil"
2012-09-11,2.01189994812012,2.01950001716614,1.99759995937347,2.01189994812012,0,2.01189994812012,"Brazil"
2012-09-12,2.02379989624023,2.02530002593994,2.00699996948242,2.02379989624023,0,2.02379989624023,"Brazil"
2012-09-13,2.0181999206543,2.01950001716614,2.0006000995636,2.0181999206543,0,2.0181999206543,"Brazil"
2012-09-16,2.00929999351501,2.03029990196228,1.99319994449615,2.00929999351501,0,2.00929999351501,"Brazil"
2012-09-17,2.03029990196228,2.03119993209839,2.01510000228882,2.03029990196228,0,2.03029990196228,"Brazil"
2012-09-18,2.01990008354187,2.02449989318848,2.00460004806519,2.01990008354187,0,2.01990008354187,"Brazil"
2012-09-19,2.02150011062622,2.02679991722107,2.00659990310669,2.02150011062622,0,2.02150011062622,"Brazil"
2012-09-20,2.01810002326965,2.02349996566772,2.01600003242493,2.01810002326965,0,2.01810002326965,"Brazil"
2012-09-23,2.0188000202179,2.02640008926392,2.00340008735657,2.0188000202179,0,2.0188000202179,"Brazil"
2012-09-24,2.02349996566772,2.02390003204346,2.00670003890991,2.02349996566772,0,2.02349996566772,"Brazil"
2012-09-25,2.02819991111755,2.03410005569458,2.0113000869751,2.02819991111755,0,2.02819991111755,"Brazil"
2012-09-26,2.03320002555847,2.03399991989136,2.0158998966217,2.03320002555847,0,2.03320002555847,"Brazil"
2012-09-27,2.02699995040894,2.03139996528625,2.02189993858337,2.02699995040894,0,2.02699995040894,"Brazil"
2012-09-30,2.02259993553162,2.02640008926392,2.0074999332428,2.02259993553162,0,2.02259993553162,"Brazil"
2012-10-01,2.02300000190735,2.02570009231567,2.00889992713928,2.02300000190735,0,2.02300000190735,"Brazil"
2012-10-02,2.02509999275208,2.02600002288818,2.0081000328064,2.02509999275208,0,2.02509999275208,"Brazil"
2012-10-03,2.01869988441467,2.02379989624023,2.00539994239807,2.01869988441467,0,2.01869988441467,"Brazil"
2012-10-04,2.01609992980957,2.02570009231567,2.00180006027222,2.01609992980957,0,2.01609992980957,"Brazil"
2012-10-07,2.02850008010864,2.0304000377655,2.01189994812012,1.9974000453949,0,1.9974000453949,"Brazil"
2012-10-08,2.02870011329651,2.03430008888245,2.02489995956421,2.02870011329651,0,2.02870011329651,"Brazil"
2012-10-09,2.03069996833801,2.03780007362366,2.01830005645752,2.03069996833801,0,2.03069996833801,"Brazil"
2012-10-10,2.03940010070801,2.04029989242554,2.02320003509521,2.03940010070801,0,2.03940010070801,"Brazil"
2012-10-11,2.03909993171692,2.04130005836487,2.02410006523132,2.03909993171692,0,2.03909993171692,"Brazil"
2012-10-14,2.04200005531311,2.04220008850098,2.02439999580383,2.04189991950989,0,2.04189991950989,"Brazil"
2012-10-15,2.03550004959106,2.03600001335144,2.01810002326965,2.03550004959106,0,2.03550004959106,"Brazil"
2012-10-16,2.03130006790161,2.03480005264282,2.01469993591309,2.03340005874634,0,2.03340005874634,"Brazil"
2012-10-17,2.0297999382019,2.03150010108948,2.01430010795593,2.02990007400513,0,2.02990007400513,"Brazil"
2012-10-18,2.02609992027283,2.02810001373291,2.00850009918213,2.02600002288818,0,2.02600002288818,"Brazil"
2012-10-21,2.02609992027283,2.0278000831604,2.00970005989075,2.02600002288818,0,2.02600002288818,"Brazil"
2012-10-22,2.02300000190735,2.02830004692078,2.0048999786377,2.02300000190735,0,2.02300000190735,"Brazil"
2012-10-23,2.02539992332458,2.02620005607605,2.00789999961853,2.02539992332458,0,2.02539992332458,"Brazil"
2012-10-24,2.02419996261597,2.02530002593994,2.00570011138916,2.02410006523132,0,2.02410006523132,"Brazil"
2012-10-25,2.0239999294281,2.02970004081726,2.00729990005493,2.0239999294281,0,2.0239999294281,"Brazil"
2012-10-29,2.02550005912781,2.04229998588562,2.00999999046326,2.02519989013672,0,2.02519989013672,"Brazil"
2012-10-30,2.03080010414124,2.03290009498596,2.02749991416931,2.03090000152588,0,2.03090000152588,"Brazil"
2012-10-31,2.0288999080658,2.03239989280701,2.00830006599426,2.02900004386902,0,2.02900004386902,"Brazil"
2012-11-01,2.0304000377655,2.03250002861023,2.0265998840332,2.02789998054504,0,2.02789998054504,"Brazil"
2012-11-02,2.02950000762939,2.0320999622345,2.02600002288818,2.02950000762939,0,2.02950000762939,"Brazil"
2012-11-05,2.0297999382019,2.03839993476868,2.01169991493225,2.02880001068115,0,2.02880001068115,"Brazil"
2012-11-06,2.03419995307922,2.03570008277893,2.01430010795593,2.03419995307922,0,2.03419995307922,"Brazil"
2012-11-07,2.03099989891052,2.03550004959106,2.01279997825623,2.02909994125366,0,2.02909994125366,"Brazil"
2012-11-08,2.03069996833801,2.03800010681152,2.02880001068115,2.03299999237061,0,2.03299999237061,"Brazil"
2012-11-09,2.03909993171692,2.06170010566711,2.03670001029968,2.03719997406006,0,2.03719997406006,"Brazil"
2012-11-12,2.04480004310608,2.05229997634888,2.02760004997253,2.04450011253357,0,2.04450011253357,"Brazil"
2012-11-13,2.04929995536804,2.06329989433289,2.0460000038147,2.04929995536804,0,2.04929995536804,"Brazil"
2012-11-14,2.05710005760193,2.0676999092102,2.04080009460449,2.05719995498657,0,2.05719995498657,"Brazil"
2012-11-15,2.06559991836548,2.06990003585815,2.04769992828369,2.06369996070862,0,2.06369996070862,"Brazil"
2012-11-16,2.06480002403259,2.07570004463196,2.05049991607666,2.06480002403259,0,2.06480002403259,"Brazil"
2012-11-19,2.08279991149902,2.09479999542236,2.05579996109009,2.08060002326965,0,2.08060002326965,"Brazil"
2012-11-20,2.07310009002686,2.08080005645752,2.06110000610352,2.07719993591309,0,2.07719993591309,"Brazil"
2012-11-21,2.08039999008179,2.09629988670349,2.07310009002686,2.08019995689392,0,2.08019995689392,"Brazil"
2012-11-22,2.0971999168396,2.09949994087219,2.07240009307861,2.09559988975525,0,2.09559988975525,"Brazil"
2012-11-23,2.10330009460449,2.1136999130249,2.08340001106262,2.10330009460449,0,2.10330009460449,"Brazil"
2012-11-26,2.08030009269714,2.0913999080658,2.0560998916626,2.08010005950928,0,2.08010005950928,"Brazil"
2012-11-27,2.08170008659363,2.08500003814697,2.06920003890991,2.0813000202179,0,2.0813000202179,"Brazil"
2012-11-28,2.08290004730225,2.09209990501404,2.06789994239807,2.08299994468689,0,2.08299994468689,"Brazil"
2012-11-29,2.09209990501404,2.10700011253357,2.07229995727539,2.09190011024475,0,2.09190011024475,"Brazil"
2012-11-30,2.09549999237061,2.11089992523193,2.09279990196228,2.09559988975525,0,2.09559988975525,"Brazil"
2012-12-03,2.13470005989075,2.14030003547668,2.09100008010864,2.13389992713928,0,2.13389992713928,"Brazil"
2012-12-04,2.11929988861084,2.12310004234314,2.08340001106262,2.11910009384155,0,2.11910009384155,"Brazil"
2012-12-05,2.11829996109009,2.1198000907898,2.0903000831604,2.11829996109009,0,2.11829996109009,"Brazil"
2012-12-06,2.0871000289917,2.09750008583069,2.06430006027222,2.0871000289917,0,2.0871000289917,"Brazil"
2012-12-07,2.07610011100769,2.07979989051819,2.05890011787415,2.07599997520447,0,2.07599997520447,"Brazil"
2012-12-10,2.07410001754761,2.08349990844727,2.05940008163452,2.07349991798401,0,2.07349991798401,"Brazil"
2012-12-11,2.07629990577698,2.07780003547668,2.05290007591248,2.07620000839233,0,2.07620000839233,"Brazil"
2012-12-12,2.07750010490417,2.07999992370605,2.05800008773804,2.07559990882874,0,2.07559990882874,"Brazil"
2012-12-13,2.07039999961853,2.07999992370605,2.05520009994507,2.07039999961853,0,2.07039999961853,"Brazil"
2012-12-14,2.08459997177124,2.08689999580383,2.06909990310669,2.08430004119873,0,2.08430004119873,"Brazil"
2012-12-17,2.08459997177124,2.09509992599487,2.06859993934631,2.08509993553162,0,2.08509993553162,"Brazil"
2012-12-18,2.09450006484985,2.10599994659424,2.0783998966217,2.09509992599487,0,2.09509992599487,"Brazil"
2012-12-19,2.08839988708496,2.09100008010864,2.05949997901917,2.08800005912781,0,2.08800005912781,"Brazil"
2012-12-20,2.06940007209778,2.07500004768372,2.0436999797821,2.06920003890991,0,2.06920003890991,"Brazil"
2012-12-21,2.06929993629456,2.07809996604919,2.05310010910034,2.06929993629456,0,2.06929993629456,"Brazil"
2012-12-24,2.07719993591309,2.08879995346069,2.05890011787415,2.05629992485046,0,2.05629992485046,"Brazil"
2012-12-25,2.07520008087158,2.08529996871948,2.07430005073547,2.07489991188049,0,2.07489991188049,"Brazil"
2012-12-26,2.07710003852844,2.08150005340576,2.03760004043579,2.07710003852844,0,2.07710003852844,"Brazil"
2012-12-27,2.04590010643005,2.05550003051758,2.02270007133484,2.04800009727478,0,2.04800009727478,"Brazil"
2012-12-28,2.04169988632202,2.04749989509583,2.02230000495911,2.04169988632202,0,2.04169988632202,"Brazil"
2012-12-31,2.04559993743896,2.04809999465942,2.02850008010864,2.04509997367859,0,2.04509997367859,"Brazil"
2013-01-01,2.05069994926453,2.05399990081787,2.04349994659424,2.05069994926453,0,2.05069994926453,"Brazil"
2013-01-02,2.04550004005432,2.05029988288879,2.03500008583069,2.04559993743896,0,2.04559993743896,"Brazil"
2013-01-03,2.04559993743896,2.04850006103516,2.02819991111755,2.04559993743896,0,2.04559993743896,"Brazil"
2013-01-04,2.04879999160767,2.04879999160767,2.02729988098145,2.04870009422302,0,2.04870009422302,"Brazil"
2013-01-07,2.03290009498596,2.03679990768433,2.01469993591309,2.03239989280701,0,2.03239989280701,"Brazil"
2013-01-08,2.0265998840332,2.03500008583069,2.00379991531372,2.02640008926392,0,2.02640008926392,"Brazil"
2013-01-09,2.03990006446838,2.04620003700256,2.02489995956421,2.04010009765625,0,2.04010009765625,"Brazil"
2013-01-10,2.04769992828369,2.04769992828369,2.01620006561279,2.04769992828369,0,2.04769992828369,"Brazil"
2013-01-11,2.02800011634827,2.03500008583069,2.01539993286133,2.02769994735718,0,2.02769994735718,"Brazil"
2013-01-14,2.02970004081726,2.03500008583069,2.01189994812012,2.02970004081726,0,2.02970004081726,"Brazil"
2013-01-15,2.03239989280701,2.03690004348755,2.01839995384216,2.03239989280701,0,2.03239989280701,"Brazil"
2013-01-16,NA,NA,NA,NA,NA,NA,"Brazil"
2013-01-17,2.03940010070801,2.04139995574951,2.02320003509521,2.04080009460449,0,2.04080009460449,"Brazil"
2013-01-18,2.03710007667542,2.0436999797821,2.02489995956421,2.03710007667542,0,2.03710007667542,"Brazil"
2013-01-21,2.03909993171692,2.04150009155273,2.02309989929199,2.0297999382019,0,2.0297999382019,"Brazil"
2013-01-22,2.04019999504089,2.04839992523193,2.03670001029968,2.03870010375977,0,2.03870010375977,"Brazil"
2013-01-23,2.04099988937378,2.05029988288879,2.02270007133484,2.04099988937378,0,2.04099988937378,"Brazil"
2013-01-24,2.03390002250671,2.03900003433228,2.01679992675781,2.03390002250671,0,2.03390002250671,"Brazil"
2013-01-25,2.02850008010864,2.02950000762939,2.02500009536743,2.02850008010864,0,2.02850008010864,"Brazil"
2013-01-28,2.02850008010864,2.03449988365173,2.0032000541687,2.02850008010864,0,2.02850008010864,"Brazil"
2013-01-29,1.99409997463226,1.99609994888306,1.97399997711182,1.99409997463226,0,1.99409997463226,"Brazil"
2013-01-30,1.98300004005432,1.99590003490448,1.97940003871918,1.9864000082016,0,1.9864000082016,"Brazil"
2013-01-31,1.98829996585846,1.99080002307892,1.96529996395111,1.98829996585846,0,1.98829996585846,"Brazil"
2013-02-01,1.99059998989105,1.99109995365143,1.97109997272491,1.99059998989105,0,1.99059998989105,"Brazil"
2013-02-04,1.9864000082016,1.98959994316101,1.96819996833801,1.9864000082016,0,1.9864000082016,"Brazil"
2013-02-05,1.99469995498657,1.99489998817444,1.96940004825592,1.99469995498657,0,1.99469995498657,"Brazil"
2013-02-06,1.98290002346039,1.98699998855591,1.96819996833801,1.98290002346039,0,1.98290002346039,"Brazil"
2013-02-07,1.9860999584198,1.99049997329712,1.96060001850128,1.98590004444122,0,1.98590004444122,"Brazil"
2013-02-08,1.96510004997253,1.97350001335144,1.93830001354218,1.96350002288818,0,1.96350002288818,"Brazil"
2013-02-11,1.97010004520416,1.97239995002747,1.94939994812012,1.97010004520416,0,1.97010004520416,"Brazil"
2013-02-12,1.97070002555847,1.9724999666214,1.95130002498627,1.97070002555847,0,1.97070002555847,"Brazil"
2013-02-13,1.96879994869232,1.96949994564056,1.95130002498627,1.96879994869232,0,1.96879994869232,"Brazil"
2013-02-14,1.96410000324249,1.96650004386902,1.9481999874115,1.96410000324249,0,1.96410000324249,"Brazil"
2013-02-15,1.95620000362396,1.96189999580383,1.94809997081757,1.95620000362396,0,1.95620000362396,"Brazil"
2013-02-18,1.96519994735718,1.97029995918274,1.95150005817413,1.96519994735718,0,1.96519994735718,"Brazil"
2013-02-19,1.96109998226166,1.96399998664856,1.94389998912811,1.95969998836517,0,1.95969998836517,"Brazil"
2013-02-20,1.95389997959137,1.95700001716614,1.93570005893707,1.95389997959137,0,1.95389997959137,"Brazil"
2013-02-21,1.96010005474091,1.97669994831085,1.95609998703003,1.96010005474091,0,1.96010005474091,"Brazil"
2013-02-22,1.97179996967316,1.97269999980927,1.96130001544952,1.97179996967316,0,1.97179996967316,"Brazil"
2013-02-25,1.97230005264282,1.97319996356964,1.95930004119873,1.96909999847412,0,1.96909999847412,"Brazil"
2013-02-26,1.98129999637604,1.98300004005432,1.9708000421524,1.98049998283386,0,1.98049998283386,"Brazil"
2013-02-27,1.98210000991821,1.9889999628067,1.97259998321533,1.98210000991821,0,1.98210000991821,"Brazil"
2013-02-28,1.97339999675751,1.97679996490479,1.96410000324249,1.97440004348755,0,1.97440004348755,"Brazil"
2013-03-01,1.97769999504089,1.98489999771118,1.97580003738403,1.97769999504089,0,1.97769999504089,"Brazil"
2013-03-04,1.98049998283386,1.98389995098114,1.96340000629425,1.98109996318817,0,1.98109996318817,"Brazil"
2013-03-05,1.97010004520416,1.97179996967316,1.94840002059937,1.97109997272491,0,1.97109997272491,"Brazil"
2013-03-06,1.96249997615814,1.96720004081726,1.95879995822906,1.96249997615814,0,1.96249997615814,"Brazil"
2013-03-07,1.97070002555847,1.97090005874634,1.95669996738434,1.97070002555847,0,1.97070002555847,"Brazil"
2013-03-08,1.95949995517731,1.96000003814697,1.94470000267029,1.95949995517731,0,1.95949995517731,"Brazil"
2013-03-11,1.94480001926422,1.95790004730225,1.92869997024536,1.94190001487732,0,1.94190001487732,"Brazil"
2013-03-12,1.95739996433258,1.96010005474091,1.94099998474121,1.95729994773865,0,1.95729994773865,"Brazil"
2013-03-13,1.9650000333786,1.96689999103546,1.95609998703003,1.96560001373291,0,1.96560001373291,"Brazil"
2013-03-14,1.97150003910065,1.97350001335144,1.96220004558563,1.97150003910065,0,1.97150003910065,"Brazil"
2013-03-15,1.97200000286102,1.97580003738403,1.96159994602203,1.97200000286102,0,1.97200000286102,"Brazil"
2013-03-18,1.9811999797821,2.00710010528564,1.97780001163483,1.97880005836487,0,1.97880005836487,"Brazil"
2013-03-19,1.98280000686646,1.98510003089905,1.96200001239777,1.98280000686646,0,1.98280000686646,"Brazil"
2013-03-20,1.98259997367859,1.98730003833771,1.9708000421524,1.98259997367859,0,1.98259997367859,"Brazil"
2013-03-21,1.98440003395081,1.9922000169754,1.97850000858307,1.98440003395081,0,1.98440003395081,"Brazil"
2013-03-22,2.00510001182556,2.01309990882874,2.00099992752075,2.00510001182556,0,2.00510001182556,"Brazil"
2013-03-25,2.00650000572205,2.01600003242493,1.98740005493164,2.00650000572205,0,2.00650000572205,"Brazil"
2013-03-26,2.00600004196167,2.01600003242493,1.99870002269745,2.00600004196167,0,2.00600004196167,"Brazil"
2013-03-27,2.01489996910095,2.02379989624023,2.00650000572205,2.01489996910095,0,2.01489996910095,"Brazil"
2013-03-28,2.01020002365112,2.01500010490417,1.99549996852875,2.01020002365112,0,2.01020002365112,"Brazil"
2013-03-29,2.01920008659363,2.01920008659363,2.01920008659363,2.01920008659363,0,2.01920008659363,"Brazil"
2013-03-31,2.01500010490417,2.01659989356995,2.01500010490417,2.01900005340576,0,2.01900005340576,"Brazil"
2013-04-01,2.01510000228882,2.02220010757446,2.00189995765686,2.01510000228882,0,2.01510000228882,"Brazil"
2013-04-02,2.01859998703003,2.02300000190735,2.00250005722046,2.01859998703003,0,2.01859998703003,"Brazil"
2013-04-03,2.02099990844727,2.02300000190735,2.00440001487732,2.02099990844727,0,2.02099990844727,"Brazil"
2013-04-04,2.01279997825623,2.01480007171631,1.98469996452332,2.01279997825623,0,2.01279997825623,"Brazil"
2013-04-07,1.9831999540329,1.99030005931854,1.9699000120163,1.9831999540329,0,1.9831999540329,"Brazil"
2013-04-08,1.98969995975494,1.99020004272461,1.97399997711182,1.98969995975494,0,1.98969995975494,"Brazil"
2013-04-09,1.9805999994278,1.9831999540329,1.96459996700287,1.9805999994278,0,1.9805999994278,"Brazil"
2013-04-10,1.97329998016357,1.97449994087219,1.95570003986359,1.97319996356964,0,1.97319996356964,"Brazil"
2013-04-11,1.97479999065399,1.97819995880127,1.958899974823,1.97479999065399,0,1.97479999065399,"Brazil"
2013-04-14,1.96619999408722,1.97880005836487,1.95060002803802,1.96619999408722,0,1.96619999408722,"Brazil"
2013-04-15,1.99800002574921,2.00029993057251,1.97850000858307,1.99800002574921,0,1.99800002574921,"Brazil"
2013-04-16,1.98459994792938,2.00090003013611,1.96840000152588,1.98459994792938,0,1.98459994792938,"Brazil"
2013-04-17,1.9970999956131,2.01670002937317,1.98129999637604,1.9970999956131,0,1.9970999956131,"Brazil"
2013-04-18,1.98109996318817,2.01690006256104,1.98109996318817,1.98169994354248,0,1.98169994354248,"Brazil"
2013-04-21,2.0051999092102,2.01519989967346,1.98399996757507,2.0051999092102,0,2.0051999092102,"Brazil"
2013-04-22,2.0158998966217,2.01959991455078,1.99960005283356,2.0158998966217,0,2.0158998966217,"Brazil"
2013-04-23,2.01839995384216,2.0229001045227,2.00230002403259,2.01839995384216,0,2.01839995384216,"Brazil"
2013-04-24,2.00869989395142,2.01250004768372,1.99179995059967,2.00869989395142,0,2.00869989395142,"Brazil"
2013-04-25,1.99930000305176,2.01250004768372,1.98339998722076,1.99930000305176,0,1.99930000305176,"Brazil"
2013-04-28,1.9970999956131,2.00049996376038,1.9805999994278,1.99329996109009,0,1.99329996109009,"Brazil"
2013-04-29,2.00570011138916,2.01020002365112,1.99170005321503,2.00570011138916,0,2.00570011138916,"Brazil"
2013-04-30,2.00160002708435,2.00440001487732,1.98559999465942,2.00149989128113,0,2.00149989128113,"Brazil"
2013-05-01,2.00169992446899,2.01060009002686,1.98590004444122,2.00169992446899,0,2.00169992446899,"Brazil"
2013-05-02,2.00690007209778,2.01200008392334,1.9922000169754,2.00690007209778,0,2.00690007209778,"Brazil"
2013-05-05,2.00539994239807,2.01430010795593,1.99109995365143,2.00539994239807,0,2.00539994239807,"Brazil"
2013-05-06,2.00589990615845,2.01300001144409,1.98880004882812,2.00589990615845,0,2.00589990615845,"Brazil"
2013-05-07,2.0058000087738,2.00620007514954,1.98950004577637,2.0058000087738,0,2.0058000087738,"Brazil"
2013-05-08,2.00069999694824,2.00430011749268,1.9889999628067,2.00069999694824,0,2.00069999694824,"Brazil"
2013-05-09,2.00929999351501,2.02530002593994,1.99530005455017,2.00929999351501,0,2.00929999351501,"Brazil"
2013-05-12,1.99820005893707,2.01999998092651,1.99820005893707,2.01379990577698,0,2.01379990577698,"Brazil"
2013-05-13,2.00659990310669,2.01900005340576,1.98940002918243,2.00620007514954,0,2.00620007514954,"Brazil"
2013-05-14,2.01830005645752,2.02940011024475,2.00090003013611,2.01839995384216,0,2.01839995384216,"Brazil"
2013-05-15,2.01959991455078,2.02649998664856,2.00329995155334,2.01990008354187,0,2.01990008354187,"Brazil"
2013-05-16,2.02259993553162,2.03640007972717,2.0074999332428,2.02259993553162,0,2.02259993553162,"Brazil"
2013-05-19,2.03290009498596,2.03780007362366,2.01659989356995,2.03119993209839,0,2.03119993209839,"Brazil"
2013-05-20,2.03570008277893,2.04320001602173,2.02029991149902,2.03570008277893,0,2.03570008277893,"Brazil"
2013-05-21,2.0327000617981,2.04089999198914,2.01679992675781,2.03279995918274,0,2.03279995918274,"Brazil"
2013-05-22,2.04590010643005,2.05279994010925,2.0297999382019,2.04559993743896,0,2.04559993743896,"Brazil"
2013-05-23,2.041100025177,2.05250000953674,2.02469992637634,2.041100025177,0,2.041100025177,"Brazil"
2013-05-26,2.01690006256104,2.05029988288879,2.01690006256104,2.04690003395081,0,2.04690003395081,"Brazil"
2013-05-27,2.0534999370575,2.06669998168945,2.03690004348755,2.0534999370575,0,2.0534999370575,"Brazil"
2013-05-28,2.07369995117188,2.0945999622345,2.06789994239807,2.0738000869751,0,2.0738000869751,"Brazil"
2013-05-29,2.1068000793457,2.10949993133545,2.09100008010864,2.10730004310608,0,2.10730004310608,"Brazil"
2013-05-30,2.10730004310608,2.14079999923706,2.09080004692078,2.10770010948181,0,2.10770010948181,"Brazil"
2013-06-02,2.13919997215271,2.14120006561279,2.12080001831055,2.08990001678467,0,2.08990001678467,"Brazil"
2013-06-03,2.12069988250732,2.1382999420166,2.10759997367859,2.12129998207092,0,2.12129998207092,"Brazil"
2013-06-04,2.12470006942749,2.14660000801086,2.08750009536743,2.12400007247925,0,2.12400007247925,"Brazil"
2013-06-05,2.12700009346008,2.14000010490417,2.11069989204407,2.12509989738464,0,2.12509989738464,"Brazil"
2013-06-06,2.12730002403259,2.14809989929199,2.11080002784729,2.12739992141724,0,2.12739992141724,"Brazil"
2013-06-09,2.12730002403259,2.15799999237061,2.11080002784729,2.12739992141724,0,2.12739992141724,"Brazil"
2013-06-10,2.12730002403259,2.16199994087219,2.11080002784729,2.12739992141724,0,2.12739992141724,"Brazil"
2013-06-11,2.12730002403259,2.16199994087219,2.11080002784729,2.12739992141724,0,2.12739992141724,"Brazil"
2013-06-12,2.15089988708496,2.15319991111755,2.13150000572205,2.15269994735718,0,2.15269994735718,"Brazil"
2013-06-13,2.11570000648499,2.13800001144409,2.10080003738403,2.11680006980896,0,2.11680006980896,"Brazil"
2013-06-16,2.0961000919342,2.15739989280701,2.0961000919342,2.09640002250671,0,2.09640002250671,"Brazil"
2013-06-17,2.167799949646,2.18149995803833,2.15300011634827,2.167799949646,0,2.167799949646,"Brazil"
2013-06-18,2.17759990692139,2.17980003356934,2.16210007667542,2.17759990692139,0,2.17759990692139,"Brazil"
2013-06-19,2.22469997406006,2.27169990539551,2.20700001716614,2.22420001029968,0,2.22420001029968,"Brazil"
2013-06-20,2.25359988212585,2.27020001411438,2.24020004272461,2.25570011138916,0,2.25570011138916,"Brazil"
2013-06-23,2.25539994239807,2.26119995117188,2.22650003433228,2.23850011825562,0,2.23850011825562,"Brazil"
2013-06-24,2.22550010681152,2.22790002822876,2.20180010795593,2.22560000419617,0,2.22560000419617,"Brazil"
2013-06-25,2.21000003814697,2.21160006523132,2.18680000305176,2.21020007133484,0,2.21020007133484,"Brazil"
2013-06-26,2.18420004844666,2.18639993667603,2.16969990730286,2.18619990348816,0,2.18619990348816,"Brazil"
2013-06-27,2.1939001083374,2.22289991378784,2.17919993400574,2.19589996337891,0,2.19589996337891,"Brazil"
2013-06-30,2.2260000705719,2.23580002784729,2.21289992332458,2.18919992446899,0,2.18919992446899,"Brazil"
2013-07-01,2.22129988670349,2.24390006065369,2.20659995079041,2.22309994697571,0,2.22309994697571,"Brazil"
2013-07-02,2.24729990959167,2.26690006256104,2.23040008544922,2.24720001220703,0,2.24720001220703,"Brazil"
2013-07-03,2.26149988174438,2.26900005340576,2.24429988861084,2.26340007781982,0,2.26340007781982,"Brazil"
2013-07-04,2.24589991569519,2.2664999961853,2.22979998588562,2.24600005149841,0,2.24600005149841,"Brazil"
2013-07-07,2.24749994277954,2.26349997520447,2.2328999042511,2.24749994277954,0,2.24749994277954,"Brazil"
2013-07-08,2.25950002670288,2.26169991493225,2.24440002441406,2.26149988174438,0,2.26149988174438,"Brazil"
2013-07-09,2.25390005111694,2.27069997787476,2.23690009117126,2.25410008430481,0,2.25410008430481,"Brazil"
2013-07-10,2.26979994773865,2.27099990844727,2.2467999458313,2.27040004730225,0,2.27040004730225,"Brazil"
2013-07-11,2.24880003929138,2.26769995689392,2.24880003929138,2.25200009346008,0,2.25200009346008,"Brazil"
2013-07-14,2.2664999961853,2.26979994773865,2.24009990692139,2.26189994812012,0,2.26189994812012,"Brazil"
2013-07-15,2.21429991722107,2.25500011444092,2.20009994506836,2.21630001068115,0,2.21630001068115,"Brazil"
2013-07-16,2.24860000610352,2.26169991493225,2.22670006752014,2.24880003929138,0,2.24880003929138,"Brazil"
2013-07-17,2.22270011901855,2.23819994926453,2.20639991760254,2.22289991378784,0,2.22289991378784,"Brazil"
2013-07-18,2.22140002250671,2.23799991607666,2.20390009880066,2.22180008888245,0,2.22180008888245,"Brazil"
2013-07-21,2.2399001121521,2.2451000213623,2.22839999198914,2.2448000907898,0,2.2448000907898,"Brazil"
2013-07-22,2.22979998588562,2.24200010299683,2.21379995346069,2.23020005226135,0,2.23020005226135,"Brazil"
2013-07-23,2.21050000190735,2.2409999370575,2.19939994812012,2.21000003814697,0,2.21000003814697,"Brazil"
2013-07-24,2.24370002746582,2.25650000572205,2.22740006446838,2.2435998916626,0,2.2435998916626,"Brazil"
2013-07-25,2.24070000648499,2.25209999084473,2.23469996452332,2.24070000648499,0,2.24070000648499,"Brazil"
2013-07-28,2.24930000305176,2.26270008087158,2.23420000076294,2.25440001487732,0,2.25440001487732,"Brazil"
2013-07-29,2.26670002937317,2.27340006828308,2.25069999694824,2.26659989356995,0,2.26659989356995,"Brazil"
2013-07-30,2.27920007705688,2.29739999771118,2.25999999046326,2.27940011024475,0,2.27940011024475,"Brazil"
2013-07-31,2.27379989624023,2.29520010948181,2.25720000267029,2.27369999885559,0,2.27369999885559,"Brazil"
2013-08-01,2.30100011825562,2.30960011482239,2.27760004997253,2.3011999130249,0,2.3011999130249,"Brazil"
2013-08-04,2.24729990959167,2.30040001869202,2.24729990959167,2.28399991989136,0,2.28399991989136,"Brazil"
2013-08-05,2.30279994010925,2.30369997024536,2.28550004959106,2.30259990692139,0,2.30259990692139,"Brazil"
2013-08-06,2.29530000686646,2.3043999671936,2.27940011024475,2.29520010948181,0,2.29520010948181,"Brazil"
2013-08-07,2.30419993400574,2.30450010299683,2.27029991149902,2.30410003662109,0,2.30410003662109,"Brazil"
2013-08-08,2.2788999080658,2.28399991989136,2.26099991798401,2.27850008010864,0,2.27850008010864,"Brazil"
2013-08-11,2.24729990959167,2.27649998664856,2.24729990959167,2.26859998703003,0,2.26859998703003,"Brazil"
2013-08-12,2.28460001945496,2.3050000667572,2.26859998703003,2.28449988365173,0,2.28449988365173,"Brazil"
2013-08-13,2.31010007858276,2.31229996681213,2.29520010948181,2.31069993972778,0,2.31069993972778,"Brazil"
2013-08-14,2.3215000629425,2.34789991378784,2.30550003051758,2.3215000629425,0,2.3215000629425,"Brazil"
2013-08-15,2.33780002593994,2.36199998855591,2.32200002670288,2.33780002593994,0,2.33780002593994,"Brazil"
2013-08-18,2.38960003852844,2.41079998016357,2.37380003929138,2.38750004768372,0,2.38750004768372,"Brazil"
2013-08-19,2.40949988365173,2.41059994697571,2.38109993934631,2.40960001945496,0,2.40960001945496,"Brazil"
2013-08-20,2.39409995079041,2.42300009727478,2.37680006027222,2.39389991760254,0,2.39389991760254,"Brazil"
2013-08-21,2.4475998878479,2.45160007476807,2.42930006980896,2.44779992103577,0,2.44779992103577,"Brazil"
2013-08-22,2.43239998817444,2.43289995193481,2.36360001564026,2.43249988555908,0,2.43249988555908,"Brazil"
2013-08-25,2.44569993019104,2.44569993019104,2.33030009269714,2.34549999237061,0,2.34549999237061,"Brazil"
2013-08-26,2.37689995765686,2.41319990158081,2.36100006103516,2.37619996070862,0,2.37619996070862,"Brazil"
2013-08-27,2.36809992790222,2.38700008392334,2.32520008087158,2.36840009689331,0,2.36840009689331,"Brazil"
2013-08-28,2.34279990196228,2.36439990997314,2.32669997215271,2.34249997138977,0,2.34249997138977,"Brazil"
2013-08-29,2.3561999797821,2.38000011444092,2.34109997749329,2.35610008239746,0,2.35610008239746,"Brazil"
2013-09-01,2.44569993019104,2.44569993019104,2.35120010375977,2.38070011138916,0,2.38070011138916,"Brazil"
2013-09-02,2.37409996986389,2.39869999885559,2.3585000038147,2.37479996681213,0,2.37479996681213,"Brazil"
2013-09-03,2.35560011863708,2.35989999771118,2.33850002288818,2.35599994659424,0,2.35599994659424,"Brazil"
2013-09-04,2.3578999042511,2.37039995193481,2.31399989128113,2.35780000686646,0,2.35780000686646,"Brazil"
2013-09-05,2.32159996032715,2.3225998878479,2.28130006790161,2.32039999961853,0,2.32039999961853,"Brazil"
2013-09-08,2.44569993019104,2.44569993019104,2.27300000190735,2.30060005187988,0,2.30060005187988,"Brazil"
2013-09-09,2.27379989624023,2.27699995040894,2.25510001182556,2.27390003204346,0,2.27390003204346,"Brazil"
2013-09-10,2.28220009803772,2.30399990081787,2.26600003242493,2.28229999542236,0,2.28229999542236,"Brazil"
2013-09-11,2.27150011062622,2.28699994087219,2.25889992713928,2.27180004119873,0,2.27180004119873,"Brazil"
2013-09-12,2.27279996871948,2.28329992294312,2.25670003890991,2.27259993553162,0,2.27259993553162,"Brazil"
2013-09-15,2.27760004997253,2.27789998054504,2.24499988555908,2.27670001983643,0,2.27670001983643,"Brazil"
2013-09-16,2.28159999847412,2.28279995918274,2.24990010261536,2.28139996528625,0,2.28139996528625,"Brazil"
2013-09-17,2.25230002403259,2.25469994544983,2.23629999160767,2.25029993057251,0,2.25029993057251,"Brazil"
2013-09-18,2.18289995193481,2.21329998970032,2.16650009155273,2.18280005455017,0,2.18280005455017,"Brazil"
2013-09-19,2.19770002365112,2.21620011329651,2.18079996109009,2.19729995727539,0,2.19729995727539,"Brazil"
2013-09-22,2.37779998779297,2.37779998779297,2.19129991531372,2.20749998092651,0,2.20749998092651,"Brazil"
2013-09-23,2.19779992103577,2.20959997177124,2.18219995498657,2.19580006599426,0,2.19580006599426,"Brazil"
2013-09-24,2.19449996948242,2.23049998283386,2.17930006980896,2.19470000267029,0,2.19470000267029,"Brazil"
2013-09-25,2.22289991378784,2.23850011825562,2.20790004730225,2.22329998016357,0,2.22329998016357,"Brazil"
2013-09-26,2.24259996414185,2.25999999046326,2.22499990463257,2.23900008201599,0,2.23900008201599,"Brazil"
2013-09-29,2.25390005111694,2.25530004501343,2.21740007400513,2.22270011901855,0,2.22270011901855,"Brazil"
2013-09-30,2.21700000762939,2.2228000164032,2.19429993629456,2.21700000762939,0,2.21700000762939,"Brazil"
2013-10-01,2.21300005912781,2.21989989280701,2.19829988479614,2.21259999275208,0,2.21259999275208,"Brazil"
2013-10-02,2.18939995765686,2.21099996566772,2.17400002479553,2.18959999084473,0,2.18959999084473,"Brazil"
2013-10-03,2.20479989051819,2.20810008049011,2.18919992446899,2.20490002632141,0,2.20490002632141,"Brazil"
2013-10-06,2.20749998092651,2.21779990196228,2.18869996070862,2.20749998092651,0,2.20749998092651,"Brazil"
2013-10-07,NA,NA,NA,NA,NA,NA,"Brazil"
2013-10-08,2.20549988746643,2.21070003509521,2.19000005722046,2.20510005950928,0,2.20510005950928,"Brazil"
2013-10-09,2.20269989967346,2.20370006561279,2.17210006713867,2.20260000228882,0,2.20260000228882,"Brazil"
2013-10-10,2.17709994316101,2.18449997901917,2.16190004348755,2.17720007896423,0,2.17720007896423,"Brazil"
2013-10-13,2.17600011825562,2.18989992141724,2.16000008583069,2.1710000038147,0,2.1710000038147,"Brazil"
2013-10-14,2.17880010604858,2.1875,2.16000008583069,2.17890000343323,0,2.17890000343323,"Brazil"
2013-10-15,2.17720007896423,2.18269991874695,2.15170001983643,2.17729997634888,0,2.17729997634888,"Brazil"
2013-10-16,2.17770004272461,2.17890000343323,2.15459990501404,2.17810010910034,0,2.17810010910034,"Brazil"
2013-10-17,2.15879988670349,2.16300010681152,2.14350008964539,2.15849995613098,0,2.15849995613098,"Brazil"
2013-10-20,2.166100025177,2.17459988594055,2.15009999275208,2.14549994468689,0,2.14549994468689,"Brazil"
2013-10-21,2.17059993743896,2.18549990653992,2.15470004081726,2.17059993743896,0,2.17059993743896,"Brazil"
2013-10-22,2.16950011253357,2.18440008163452,2.16919994354248,2.16960000991821,0,2.16960000991821,"Brazil"
2013-10-23,2.18829989433289,2.20530009269714,2.17339992523193,2.18630003929138,0,2.18630003929138,"Brazil"
2013-10-24,2.20050001144409,2.20180010795593,2.17610001564026,2.20059990882874,0,2.20059990882874,"Brazil"
2013-10-28,2.18619990348816,2.1875,2.16499996185303,2.18440008163452,0,2.18440008163452,"Brazil"
2013-10-29,2.17779994010925,2.1875,2.16319990158081,2.17750000953674,0,2.17750000953674,"Brazil"
2013-10-30,2.18210005760193,2.18950009346008,2.17779994010925,2.18199992179871,0,2.18199992179871,"Brazil"
2013-10-31,2.18090009689331,2.22079992294312,2.17899990081787,2.1810998916626,0,2.1810998916626,"Brazil"
2013-11-01,2.23189997673035,2.25650000572205,2.22300004959106,2.2318000793457,0,2.2318000793457,"Brazil"
2013-11-04,2.25399994850159,2.25399994850159,2.22620010375977,2.25169992446899,0,2.25169992446899,"Brazil"
2013-11-05,2.24090003967285,2.29029989242554,2.23889994621277,2.24079990386963,0,2.24079990386963,"Brazil"
2013-11-06,2.27920007705688,2.2936999797821,2.26640009880066,2.27729988098145,0,2.27729988098145,"Brazil"
2013-11-07,2.28250002861023,2.30010008811951,2.26729989051819,2.28250002861023,0,2.28250002861023,"Brazil"
2013-11-08,2.30279994010925,2.33960008621216,2.29209995269775,2.30290007591248,0,2.30290007591248,"Brazil"
2013-11-11,2.3125,2.32690000534058,2.28839993476868,2.3092999458313,0,2.3092999458313,"Brazil"
2013-11-12,2.32780003547668,2.34489989280701,2.32039999961853,2.32780003547668,0,2.32780003547668,"Brazil"
2013-11-13,2.33019995689392,2.33179998397827,2.30299997329712,2.33039999008179,0,2.33039999008179,"Brazil"
2013-11-14,2.3289999961853,2.33509993553162,2.30629992485046,2.3289999961853,0,2.3289999961853,"Brazil"
2013-11-15,2.31110000610352,2.31489992141724,2.29480004310608,2.31130003929138,0,2.31130003929138,"Brazil"
2013-11-18,2.3157000541687,2.31620001792908,2.26250004768372,2.31590008735657,0,2.31590008735657,"Brazil"
2013-11-19,2.26020002365112,2.27390003204346,2.24699997901917,2.26040005683899,0,2.26040005683899,"Brazil"
2013-11-20,2.2688000202179,2.27049994468689,2.26430010795593,2.2688000202179,0,2.2688000202179,"Brazil"
2013-11-21,2.26679992675781,2.31419992446899,2.26609992980957,2.26869988441467,0,2.26869988441467,"Brazil"
2013-11-22,2.30209994316101,2.31229996681213,2.27649998664856,2.30209994316101,0,2.30209994316101,"Brazil"
2013-11-25,2.27579998970032,2.29259991645813,2.26200008392334,2.27379989624023,0,2.27379989624023,"Brazil"
2013-11-26,2.28189992904663,2.30299997329712,2.27880001068115,2.28080010414124,0,2.28080010414124,"Brazil"
2013-11-27,2.2895998954773,2.31100010871887,2.2895998954773,2.29380011558533,0,2.29380011558533,"Brazil"
2013-11-28,2.32699990272522,2.33730006217957,2.30979990959167,2.32699990272522,0,2.32699990272522,"Brazil"
2013-11-29,2.31520009040833,2.33680009841919,2.30049991607666,2.31489992141724,0,2.31489992141724,"Brazil"
2013-12-02,2.33080005645752,2.35310006141663,2.32990002632141,2.33080005645752,0,2.33080005645752,"Brazil"
2013-12-03,2.3510000705719,2.3591001033783,2.33550000190735,2.35330009460449,0,2.35330009460449,"Brazil"
2013-12-04,2.37089991569519,2.3801999092102,2.35050010681152,2.37299990653992,0,2.37299990653992,"Brazil"
2013-12-05,2.38610005378723,2.39140009880066,2.3561999797821,2.38800001144409,0,2.38800001144409,"Brazil"
2013-12-06,2.3561999797821,2.3691999912262,2.32829999923706,2.3561999797821,0,2.3561999797821,"Brazil"
2013-12-09,2.32179999351501,2.32859992980957,2.29809999465942,2.32179999351501,0,2.32179999351501,"Brazil"
2013-12-10,2.31690001487732,2.32200002670288,2.29150009155273,2.31699991226196,0,2.31699991226196,"Brazil"
2013-12-11,2.30159997940063,2.33579993247986,2.28940010070801,2.30599999427795,0,2.30599999427795,"Brazil"
2013-12-12,2.33859992027283,2.34699988365173,2.32279992103577,2.33870005607605,0,2.33870005607605,"Brazil"
2013-12-13,2.33010005950928,2.33680009841919,2.31669998168945,2.33200001716614,0,2.33200001716614,"Brazil"
2013-12-16,2.32500004768372,2.33170008659363,2.30430006980896,2.32500004768372,0,2.32500004768372,"Brazil"
2013-12-17,2.32290005683899,2.32660007476807,2.31399989128113,2.32290005683899,0,2.32290005683899,"Brazil"
2013-12-18,2.31439995765686,2.33489990234375,2.30089998245239,2.31640005111694,0,2.31640005111694,"Brazil"
2013-12-19,2.3283998966217,2.35899996757507,2.31629991531372,2.32890009880066,0,2.32890009880066,"Brazil"
2013-12-20,2.35240006446838,2.38560009002686,2.33689999580383,2.35450005531311,0,2.35450005531311,"Brazil"
2013-12-23,2.35599994659424,2.38499999046326,2.35279989242554,2.38269996643066,0,2.38269996643066,"Brazil"
2013-12-24,2.3520998954773,2.35750007629395,2.33879995346069,2.35400009155273,0,2.35400009155273,"Brazil"
2013-12-25,2.35229992866516,2.35229992866516,2.35229992866516,2.35520005226135,0,2.35520005226135,"Brazil"
2013-12-26,2.35229992866516,2.3568000793457,2.35229992866516,2.35450005531311,0,2.35450005531311,"Brazil"
2013-12-27,2.35229992866516,2.3568000793457,2.3354001045227,2.35229992866516,0,2.35229992866516,"Brazil"
2013-12-30,2.3578999042511,2.36089992523193,2.30830001831055,2.33349990844727,0,2.33349990844727,"Brazil"
2013-12-31,2.35920000076294,2.35980010032654,2.34340000152588,2.35929989814758,0,2.35929989814758,"Brazil"
2014-01-01,2.35710000991821,2.35710000991821,2.34739995002747,2.35920000076294,0,2.35920000076294,"Brazil"
2014-01-02,2.35710000991821,2.40569996833801,2.3452000617981,2.35710000991821,0,2.35710000991821,"Brazil"
2014-01-03,2.38499999046326,2.3850998878479,2.36010003089905,2.38470005989075,0,2.38470005989075,"Brazil"
2014-01-06,2.37150001525879,2.38190007209778,2.36039996147156,2.37150001525879,0,2.37150001525879,"Brazil"
2014-01-07,2.37120008468628,2.37369990348816,2.34439992904663,2.37369990348816,0,2.37369990348816,"Brazil"
2014-01-08,2.36870002746582,2.38050007820129,2.35010004043579,2.36870002746582,0,2.36870002746582,"Brazil"
2014-01-09,2.3921000957489,2.39949989318848,2.37339997291565,2.39199995994568,0,2.39199995994568,"Brazil"
2014-01-10,2.38779997825623,2.39400005340576,2.35929989814758,2.38800001144409,0,2.38800001144409,"Brazil"
2014-01-13,2.35349988937378,2.35920000076294,2.33570003509521,2.35349988937378,0,2.35349988937378,"Brazil"
2014-01-14,2.35240006446838,2.36549997329712,2.33879995346069,2.3568000793457,0,2.3568000793457,"Brazil"
2014-01-15,2.34949994087219,2.35500001907349,2.32310009002686,2.35159993171692,0,2.35159993171692,"Brazil"
2014-01-16,2.35549998283386,2.37420010566711,2.34080004692078,2.35549998283386,0,2.35549998283386,"Brazil"
2014-01-17,2.36059999465942,2.36279988288879,2.3422999382019,2.36059999465942,0,2.36059999465942,"Brazil"
2014-01-20,2.34949994087219,2.3520998954773,2.31850004196167,2.34750008583069,0,2.34750008583069,"Brazil"
2014-01-21,2.33859992027283,2.36529994010925,2.33829998970032,2.34050011634827,0,2.34050011634827,"Brazil"
2014-01-22,2.35770010948181,2.36630010604858,2.33669996261597,2.35780000686646,0,2.35780000686646,"Brazil"
2014-01-23,2.36999988555908,2.38809990882874,2.35870003700256,2.36960005760193,0,2.36960005760193,"Brazil"
2014-01-24,2.3908998966217,2.42969989776611,2.3908998966217,2.3908998966217,0,2.3908998966217,"Brazil"
2014-01-27,2.3931999206543,2.41810011863708,2.3863000869751,2.3931999206543,0,2.3931999206543,"Brazil"
2014-01-28,2.41849994659424,2.42440009117126,2.3921000957489,2.41840004920959,0,2.41840004920959,"Brazil"
2014-01-29,2.42339992523193,2.44679999351501,2.4210000038147,2.42339992523193,0,2.42339992523193,"Brazil"
2014-01-30,2.43020009994507,2.44000005722046,2.40659999847412,2.43239998817444,0,2.43239998817444,"Brazil"
2014-01-31,2.40680003166199,2.43379998207092,2.38619995117188,2.40879988670349,0,2.40879988670349,"Brazil"
2014-02-03,2.4077000617981,2.42429995536804,2.39809989929199,2.42230010032654,0,2.42230010032654,"Brazil"
2014-02-04,2.43720006942749,2.4375,2.40619993209839,2.43720006942749,0,2.43720006942749,"Brazil"
2014-02-05,2.40639996528625,2.41669988632202,2.38639998435974,2.40639996528625,0,2.40639996528625,"Brazil"
2014-02-06,2.39359998703003,2.40980005264282,2.37549996376038,2.39549994468689,0,2.39549994468689,"Brazil"
2014-02-07,2.37960004806519,2.39100003242493,2.36500000953674,2.37949991226196,0,2.37949991226196,"Brazil"
2014-02-10,2.37520003318787,2.39930009841919,2.37490010261536,2.37520003318787,0,2.37520003318787,"Brazil"
2014-02-11,2.40400004386902,2.41370010375977,2.38179993629456,2.40619993209839,0,2.40619993209839,"Brazil"
2014-02-12,2.40149998664856,2.41009998321533,2.38709998130798,2.40140008926392,0,2.40140008926392,"Brazil"
2014-02-13,2.41919994354248,2.42980003356934,2.40440011024475,2.41700005531311,0,2.41700005531311,"Brazil"
2014-02-14,2.38879990577698,2.39590001106262,2.36879992485046,2.39100003242493,0,2.39100003242493,"Brazil"
2014-02-17,2.38409996032715,2.38969993591309,2.3691999912262,2.38409996032715,0,2.38409996032715,"Brazil"
2014-02-18,2.38190007209778,2.39949989318848,2.36960005760193,2.38179993629456,0,2.38179993629456,"Brazil"
2014-02-19,2.38800001144409,2.40930008888245,2.38240003585815,2.38610005378723,0,2.38610005378723,"Brazil"
2014-02-20,2.38899993896484,2.39179992675781,2.36089992523193,2.38899993896484,0,2.38899993896484,"Brazil"
2014-02-21,2.37159991264343,2.37389993667603,2.34850001335144,2.36960005760193,0,2.36960005760193,"Brazil"
2014-02-24,2.34060001373291,2.34820008277893,2.32500004768372,2.34060001373291,0,2.34060001373291,"Brazil"
2014-02-25,2.33349990844727,2.34200000762939,2.32039999961853,2.33629989624023,0,2.33629989624023,"Brazil"
2014-02-26,2.33850002288818,2.34980010986328,2.32109999656677,2.33879995346069,0,2.33879995346069,"Brazil"
2014-02-27,2.34820008277893,2.34829998016357,2.33039999008179,2.34800004959106,0,2.34800004959106,"Brazil"
2014-02-28,2.31360006332397,2.34109997749329,2.31360006332397,2.31900000572205,0,2.31900000572205,"Brazil"
2014-03-03,2.33340001106262,2.3390998840332,2.32039999961853,2.33340001106262,0,2.33340001106262,"Brazil"
2014-03-04,2.3390998840332,2.34549999237061,2.3257999420166,2.34109997749329,0,2.34109997749329,"Brazil"
2014-03-05,2.33599996566772,2.33859992027283,2.32220005989075,2.33780002593994,0,2.33780002593994,"Brazil"
2014-03-06,2.31529998779297,2.31949996948242,2.29739999771118,2.31730008125305,0,2.31730008125305,"Brazil"
2014-03-07,2.31789994239807,2.34260010719299,2.30480003356934,2.3199999332428,0,2.3199999332428,"Brazil"
2014-03-10,2.30879998207092,2.34879994392395,2.30879998207092,2.33559989929199,0,2.33559989929199,"Brazil"
2014-03-11,2.34310007095337,2.35369992256165,2.32769989967346,2.34319996833801,0,2.34319996833801,"Brazil"
2014-03-12,2.35949993133545,2.37050008773804,2.35419988632202,2.35940003395081,0,2.35940003395081,"Brazil"
2014-03-13,2.3520998954773,2.35759997367859,2.33599996566772,2.35229992866516,0,2.35229992866516,"Brazil"
2014-03-14,2.36100006103516,2.37290000915527,2.35369992256165,2.3610999584198,0,2.3610999584198,"Brazil"
2014-03-17,2.34050011634827,2.35190010070801,2.32940006256104,2.34050011634827,0,2.34050011634827,"Brazil"
2014-03-18,2.34400010108948,2.35570001602173,2.33979988098145,2.3461000919342,0,2.3461000919342,"Brazil"
2014-03-19,2.32730007171631,2.34120011329651,2.32629990577698,2.32940006256104,0,2.32940006256104,"Brazil"
2014-03-20,2.34439992904663,2.35380005836487,2.32480001449585,2.3445999622345,0,2.3445999622345,"Brazil"
2014-03-21,2.32340002059937,2.32929992675781,2.30839991569519,2.32329988479614,0,2.32329988479614,"Brazil"
2014-03-24,2.31979990005493,2.33089995384216,2.30890011787415,2.31979990005493,0,2.31979990005493,"Brazil"
2014-03-25,2.32080006599426,2.32680010795593,2.29839992523193,2.31859993934631,0,2.31859993934631,"Brazil"
2014-03-26,2.30909991264343,2.31620001792908,2.28749990463257,2.30909991264343,0,2.30909991264343,"Brazil"
2014-03-27,2.29299998283386,2.30399990081787,2.25869989395142,2.29290008544922,0,2.29290008544922,"Brazil"
2014-03-28,2.25430011749268,2.26629996299744,2.24469995498657,2.25620007514954,0,2.25620007514954,"Brazil"
2014-03-30,2.25609993934631,2.2720000743866,2.24530005455017,2.25609993934631,0,2.25609993934631,"Brazil"
2014-03-31,2.24909996986389,2.27279996871948,2.24909996986389,2.26929998397827,0,2.26929998397827,"Brazil"
2014-04-01,2.25830006599426,2.27340006828308,2.24259996414185,2.25830006599426,0,2.25830006599426,"Brazil"
2014-04-02,2.2671000957489,2.28609991073608,2.25250005722046,2.26500010490417,0,2.26500010490417,"Brazil"
2014-04-03,2.25869989395142,2.27800011634827,2.23370003700256,2.27649998664856,0,2.27649998664856,"Brazil"
2014-04-06,2.23359990119934,2.24489998817444,2.21519994735718,2.23079991340637,0,2.23079991340637,"Brazil"
2014-04-07,2.21429991722107,2.21670007705688,2.18969988822937,2.21429991722107,0,2.21429991722107,"Brazil"
2014-04-08,2.19679999351501,2.21420001983643,2.18359994888306,2.19889998435974,0,2.19889998435974,"Brazil"
2014-04-09,2.18129992485046,2.20260000228882,2.16880011558533,2.18129992485046,0,2.18129992485046,"Brazil"
2014-04-10,2.20180010795593,2.21620011329651,2.18799996376038,2.20390009880066,0,2.20390009880066,"Brazil"
2014-04-13,2.21390008926392,2.21909999847412,2.19630002975464,2.21390008926392,0,2.21390008926392,"Brazil"
2014-04-14,2.20099997520447,2.23399996757507,2.19630002975464,2.21230006217957,0,2.21230006217957,"Brazil"
2014-04-15,2.23160004615784,2.23629999160767,2.21930003166199,2.23359990119934,0,2.23359990119934,"Brazil"
2014-04-16,2.22199988365173,2.24699997901917,2.22199988365173,2.23819994926453,0,2.23819994926453,"Brazil"
2014-04-17,2.22819995880127,2.24279999732971,2.22819995880127,2.22819995880127,0,2.22819995880127,"Brazil"
2014-04-20,2.22819995880127,2.23699998855591,2.22819995880127,2.22819995880127,0,2.22819995880127,"Brazil"
2014-04-21,2.22819995880127,2.24699997901917,2.21849989891052,2.22819995880127,0,2.22819995880127,"Brazil"
2014-04-22,2.23699998855591,2.24499988555908,2.22099995613098,2.23699998855591,0,2.23699998855591,"Brazil"
2014-04-23,2.21580004692078,2.22569990158081,2.207200050354,2.2179000377655,0,2.2179000377655,"Brazil"
2014-04-24,2.20679998397827,2.23679995536804,2.19359993934631,2.20900011062622,0,2.20900011062622,"Brazil"
2014-04-27,2.23880004882812,2.2425000667572,2.22469997406006,2.23880004882812,0,2.23880004882812,"Brazil"
2014-04-28,2.22029995918274,2.22650003433228,2.20099997520447,2.22029995918274,0,2.22029995918274,"Brazil"
2014-04-29,2.23110008239746,2.25460004806519,2.21799993515015,2.23320007324219,0,2.23320007324219,"Brazil"
2014-04-30,2.21160006523132,2.2335000038147,2.21160006523132,2.2279999256134,0,2.2279999256134,"Brazil"
2014-05-01,2.21180009841919,2.23860001564026,2.21169996261597,2.23070001602173,0,2.23070001602173,"Brazil"
2014-05-04,2.21499991416931,2.23250007629395,2.20210003852844,2.21499991416931,0,2.21499991416931,"Brazil"
2014-05-05,2.24000000953674,2.24239993095398,2.22309994697571,2.24230003356934,0,2.24230003356934,"Brazil"
2014-05-06,2.22699999809265,2.2311999797821,2.20819997787476,2.22699999809265,0,2.22699999809265,"Brazil"
2014-05-07,2.21189999580383,2.21490001678467,2.19899988174438,2.21399998664856,0,2.21399998664856,"Brazil"
2014-05-08,2.21370005607605,2.22160005569458,2.19829988479614,2.21300005912781,0,2.21300005912781,"Brazil"
2014-05-11,2.20749998092651,2.21779990196228,2.19519996643066,2.20749998092651,0,2.20749998092651,"Brazil"
2014-05-12,2.1949999332428,2.21779990196228,2.1949999332428,2.20989990234375,0,2.20989990234375,"Brazil"
2014-05-13,2.19790005683899,2.21580004692078,2.19600009918213,2.21160006523132,0,2.21160006523132,"Brazil"
2014-05-14,2.19749999046326,2.22399997711182,2.18449997901917,2.19970011711121,0,2.19970011711121,"Brazil"
2014-05-15,2.21539998054504,2.22000002861023,2.20000004768372,2.21560001373291,0,2.21560001373291,"Brazil"
2014-05-18,2.21029996871948,2.2146999835968,2.19709992408752,2.21029996871948,0,2.21029996871948,"Brazil"
2014-05-19,2.20280003547668,2.21709990501404,2.1875,2.20289993286133,0,2.20289993286133,"Brazil"
2014-05-20,2.21079993247986,2.21320009231567,2.19910001754761,2.21280002593994,0,2.21280002593994,"Brazil"
2014-05-21,2.20510005950928,2.21679997444153,2.18950009346008,2.20510005950928,0,2.20510005950928,"Brazil"
2014-05-22,2.21079993247986,2.2195999622345,2.1965000629425,2.21079993247986,0,2.21079993247986,"Brazil"
2014-05-25,2.21900010108948,2.22059988975525,2.20390009880066,2.21900010108948,0,2.21900010108948,"Brazil"
2014-05-26,2.2211000919342,2.24029994010925,2.2056999206543,2.2211000919342,0,2.2211000919342,"Brazil"
2014-05-27,2.23480010032654,2.24410009384155,2.21939992904663,2.23280000686646,0,2.23280000686646,"Brazil"
2014-05-28,2.22760009765625,2.23230004310608,2.21460008621216,2.22760009765625,0,2.22760009765625,"Brazil"
2014-05-29,2.22129988670349,2.24219989776611,2.20819997787476,2.22359991073608,0,2.22359991073608,"Brazil"
2014-06-01,2.23679995536804,2.27110004425049,2.22300004959106,2.23679995536804,0,2.23679995536804,"Brazil"
2014-06-02,2.27180004119873,2.27419996261597,2.25390005111694,2.27379989624023,0,2.27379989624023,"Brazil"
2014-06-03,2.27670001983643,2.28699994087219,2.2613000869751,2.2765998840332,0,2.2765998840332,"Brazil"
2014-06-04,2.26399993896484,2.28349995613098,2.25869989395142,2.27539992332458,0,2.27539992332458,"Brazil"
2014-06-05,2.25839996337891,2.25859999656677,2.23629999160767,2.25629997253418,0,2.25629997253418,"Brazil"
2014-06-08,2.24259996414185,2.24650001525879,2.22180008888245,2.24279999732971,0,2.24279999732971,"Brazil"
2014-06-09,2.22429990768433,2.24650001525879,2.21070003509521,2.22620010375977,0,2.22620010375977,"Brazil"
2014-06-10,2.21950006484985,2.23309993743896,2.20379996299744,2.21909999847412,0,2.21909999847412,"Brazil"
2014-06-11,2.22979998588562,2.23090004920959,2.21390008926392,2.23040008544922,0,2.23040008544922,"Brazil"
2014-06-12,2.21009993553162,2.23790001869202,2.21009993553162,2.22699999809265,0,2.22699999809265,"Brazil"
2014-06-15,2.2195999622345,2.23070001602173,2.20519995689392,2.2195999622345,0,2.2195999622345,"Brazil"
2014-06-16,2.23239994049072,2.25539994239807,2.21600008010864,2.22979998588562,0,2.22979998588562,"Brazil"
2014-06-17,2.25679993629456,2.25909996032715,2.24370002746582,2.25880002975464,0,2.25880002975464,"Brazil"
2014-06-18,2.21779990196228,2.22029995918274,2.2039999961853,2.21970009803772,0,2.21970009803772,"Brazil"
2014-06-19,2.20689988136292,2.2393000125885,2.20429992675781,2.21950006484985,0,2.21950006484985,"Brazil"
2014-06-22,2.22690010070801,2.23399996757507,2.21119999885559,2.22679996490479,0,2.22679996490479,"Brazil"
2014-06-23,2.21490001678467,2.22180008888245,2.19970011711121,2.21300005912781,0,2.21300005912781,"Brazil"
2014-06-24,2.20210003852844,2.22210001945496,2.19639992713928,2.22160005569458,0,2.22160005569458,"Brazil"
2014-06-25,2.20280003547668,2.21029996871948,2.18939995765686,2.20479989051819,0,2.20479989051819,"Brazil"
2014-06-26,2.19190001487732,2.20600008964539,2.17840003967285,2.1939001083374,0,2.1939001083374,"Brazil"
2014-06-29,2.17330002784729,2.20370006561279,2.17239999771118,2.19180011749268,0,2.19180011749268,"Brazil"
2014-06-30,2.20959997177124,2.21709990501404,2.19569993019104,2.21169996261597,0,2.21169996261597,"Brazil"
2014-07-01,2.20009994506836,2.21709990501404,2.18479990959167,2.19810009002686,0,2.19810009002686,"Brazil"
2014-07-02,2.22029995918274,2.24049997329712,2.20700001716614,2.22230005264282,0,2.22230005264282,"Brazil"
2014-07-03,2.20479989051819,2.21350002288818,2.19199991226196,2.20679998397827,0,2.20679998397827,"Brazil"
2014-07-06,2.19059991836548,2.2195999622345,2.19059991836548,2.20980000495911,0,2.20980000495911,"Brazil"
2014-07-07,2.22029995918274,2.22499990463257,2.2056999206543,2.22250008583069,0,2.22250008583069,"Brazil"
2014-07-08,2.2095000743866,2.21199989318848,2.19449996948242,2.20939993858337,0,2.20939993858337,"Brazil"
2014-07-09,2.20939993858337,2.22350001335144,2.19350004196167,2.20740008354187,0,2.20740008354187,"Brazil"
2014-07-10,2.21840000152588,2.22390007972717,2.20329999923706,2.21860003471375,0,2.21860003471375,"Brazil"
2014-07-13,2.20320010185242,2.22049999237061,2.20199990272522,2.21749997138977,0,2.21749997138977,"Brazil"
2014-07-14,2.20530009269714,2.22309994697571,2.19050002098083,2.20729994773865,0,2.20729994773865,"Brazil"
2014-07-15,2.19770002365112,2.22149991989136,2.19770002365112,2.21580004692078,0,2.21580004692078,"Brazil"
2014-07-16,2.20090007781982,2.24489998817444,2.20090007781982,2.22070002555847,0,2.22070002555847,"Brazil"
2014-07-17,2.25539994239807,2.25589990615845,2.22650003433228,2.25539994239807,0,2.25539994239807,"Brazil"
2014-07-20,2.22230005264282,2.2279999256134,2.207200050354,2.22230005264282,0,2.22230005264282,"Brazil"
2014-07-21,2.20700001716614,2.22149991989136,2.20250010490417,2.21819996833801,0,2.21819996833801,"Brazil"
2014-07-22,2.21020007133484,2.21950006484985,2.19460010528564,2.20830011367798,0,2.20830011367798,"Brazil"
2014-07-23,2.21600008010864,2.21970009803772,2.20070004463196,2.21589994430542,0,2.21589994430542,"Brazil"
2014-07-24,2.20210003852844,2.22930002212524,2.19980001449585,2.2153000831604,0,2.2153000831604,"Brazil"
2014-07-27,2.22210001945496,2.23169994354248,2.2121000289917,2.22210001945496,0,2.22210001945496,"Brazil"
2014-07-28,2.2172999382019,2.22779989242554,2.20379996299744,2.21930003166199,0,2.21930003166199,"Brazil"
2014-07-29,2.20810008049011,2.25329995155334,2.20810008049011,2.22699999809265,0,2.22699999809265,"Brazil"
2014-07-30,2.2418999671936,2.27130007743835,2.22830009460449,2.24370002746582,0,2.24370002746582,"Brazil"
2014-07-31,2.25859999656677,2.2804000377655,2.24169993400574,2.26029992103577,0,2.26029992103577,"Brazil"
2014-08-03,2.23589992523193,2.25999999046326,2.23589992523193,2.25230002403259,0,2.25230002403259,"Brazil"
2014-08-04,2.2558000087738,2.2765998840332,2.25440001487732,2.25399994850159,0,2.25399994850159,"Brazil"
2014-08-05,2.27830004692078,2.29270005226135,2.26200008392334,2.27629995346069,0,2.27629995346069,"Brazil"
2014-08-06,2.25559997558594,2.28670001029968,2.25510001182556,2.27069997787476,0,2.27069997787476,"Brazil"
2014-08-07,2.29200005531311,2.30410003662109,2.27670001983643,2.29410004615784,0,2.29410004615784,"Brazil"
2014-08-10,2.27900004386902,2.28480005264282,2.26239991188049,2.27900004386902,0,2.27900004386902,"Brazil"
2014-08-11,2.27049994468689,2.28150010108948,2.2564001083374,2.27239990234375,0,2.27239990234375,"Brazil"
2014-08-12,2.27320003509521,2.28329992294312,2.25729990005493,2.27489995956421,0,2.27489995956421,"Brazil"
2014-08-13,2.27649998664856,2.28099989891052,2.26180005073547,2.27850008010864,0,2.27850008010864,"Brazil"
2014-08-14,2.26399993896484,2.2729001045227,2.24799990653992,2.2639000415802,0,2.2639000415802,"Brazil"
2014-08-17,2.25670003890991,2.26149988174438,2.24130010604858,2.24559998512268,0,2.24559998512268,"Brazil"
2014-08-18,2.25469994544983,2.26169991493225,2.23939990997314,2.2551999092102,0,2.2551999092102,"Brazil"
2014-08-19,2.24169993400574,2.25460004806519,2.22749996185303,2.24349999427795,0,2.24349999427795,"Brazil"
2014-08-20,2.25729990005493,2.25999999046326,2.24320006370544,2.25729990005493,0,2.25729990005493,"Brazil"
2014-08-21,2.26460003852844,2.27940011024475,2.25090003013611,2.26679992675781,0,2.26679992675781,"Brazil"
2014-08-24,2.26250004768372,2.28119993209839,2.25830006599426,2.2729001045227,0,2.2729001045227,"Brazil"
2014-08-25,2.28099989891052,2.28500008583069,2.26679992675781,2.28290009498596,0,2.28290009498596,"Brazil"
2014-08-26,2.25869989395142,2.26139998435974,2.24259996414185,2.25859999656677,0,2.25859999656677,"Brazil"
2014-08-27,2.24320006370544,2.25359988212585,2.23909997940063,2.2435998916626,0,2.2435998916626,"Brazil"
2014-08-28,2.23499989509583,2.24180006980896,2.22149991989136,2.23720002174377,0,2.23720002174377,"Brazil"
2014-08-31,2.23160004615784,2.23709988594055,2.21679997444153,2.23160004615784,0,2.23160004615784,"Brazil"
2014-09-01,2.24119997024536,2.25309991836548,2.22779989242554,2.24309992790222,0,2.24309992790222,"Brazil"
2014-09-02,2.23970007896423,2.24029994010925,2.22379994392395,2.23979997634888,0,2.23979997634888,"Brazil"
2014-09-03,2.23200011253357,2.24180006980896,2.22199988365173,2.23399996757507,0,2.23399996757507,"Brazil"
2014-09-04,2.23920011520386,2.24659991264343,2.22329998016357,2.2393000125885,0,2.2393000125885,"Brazil"
2014-09-07,2.23779988288879,2.25359988212585,2.22440004348755,2.23779988288879,0,2.23779988288879,"Brazil"
2014-09-08,2.26309990882874,2.28640007972717,2.24909996986389,2.26500010490417,0,2.26500010490417,"Brazil"
2014-09-09,2.28130006790161,2.29690003395081,2.26789999008179,2.28320002555847,0,2.28320002555847,"Brazil"
2014-09-10,2.27230000495911,2.29649996757507,2.2681999206543,2.28520011901855,0,2.28520011901855,"Brazil"
2014-09-11,2.29290008544922,2.34010004997253,2.27859997749329,2.29489994049072,0,2.29489994049072,"Brazil"
2014-09-14,2.33480000495911,2.34730005264282,2.32039999961853,2.27189993858337,0,2.27189993858337,"Brazil"
2014-09-15,2.33750009536743,2.34299993515015,2.32030010223389,2.33949995040894,0,2.33949995040894,"Brazil"
2014-09-16,2.33369994163513,2.3478000164032,2.31800007820129,2.33369994163513,0,2.33369994163513,"Brazil"
2014-09-17,2.35520005226135,2.37360000610352,2.33809995651245,2.355299949646,0,2.355299949646,"Brazil"
2014-09-18,2.3610999584198,2.37409996986389,2.34599995613098,2.36319994926453,0,2.36319994926453,"Brazil"
2014-09-21,2.3643000125885,2.38960003852844,2.34809994697571,2.36500000953674,0,2.36500000953674,"Brazil"
2014-09-22,2.39610004425049,2.40930008888245,2.37829995155334,2.39569997787476,0,2.39569997787476,"Brazil"
2014-09-23,2.4077000617981,2.4145998954773,2.39330005645752,2.4096999168396,0,2.4096999168396,"Brazil"
2014-09-24,2.37969994544983,2.42170000076294,2.36350011825562,2.37940001487732,0,2.37940001487732,"Brazil"
2014-09-25,2.42330002784729,2.4400999546051,2.40939998626709,2.42519998550415,0,2.42519998550415,"Brazil"
2014-09-28,2.41310000419617,2.47359991073608,2.40009999275208,2.41980004310608,0,2.41980004310608,"Brazil"
2014-09-29,2.44169998168945,2.45770001411438,2.42980003356934,2.44350004196167,0,2.44350004196167,"Brazil"
2014-09-30,2.43560004234314,2.47550010681152,2.42059993743896,2.43589997291565,0,2.43589997291565,"Brazil"
2014-10-01,2.48000001907349,2.49410009384155,2.46499991416931,2.48169994354248,0,2.48169994354248,"Brazil"
2014-10-02,2.49040007591248,2.50300002098083,2.4760000705719,2.49210000038147,0,2.49210000038147,"Brazil"
2014-10-05,2.49589991569519,2.49640011787415,2.37420010566711,2.45490002632141,0,2.45490002632141,"Brazil"
2014-10-06,2.42379999160767,2.42630004882812,2.3850998878479,2.42529988288879,0,2.42529988288879,"Brazil"
2014-10-07,2.39140009880066,2.42650008201599,2.3724000453949,2.3931999206543,0,2.3931999206543,"Brazil"
2014-10-08,2.37389993667603,2.39400005340576,2.35660004615784,2.37400007247925,0,2.37400007247925,"Brazil"
2014-10-09,2.39310002326965,2.42059993743896,2.37859988212585,2.39490008354187,0,2.39490008354187,"Brazil"
2014-10-12,2.42300009727478,2.42670011520386,2.37750005722046,2.38599991798401,0,2.38599991798401,"Brazil"
2014-10-13,2.39059996604919,2.40249991416931,2.38739991188049,2.39050006866455,0,2.39050006866455,"Brazil"
2014-10-14,2.39669990539551,2.4433000087738,2.37849998474121,2.39610004425049,0,2.39610004425049,"Brazil"
2014-10-15,2.45239996910095,2.49889993667603,2.43420004844666,2.45239996910095,0,2.45239996910095,"Brazil"
2014-10-16,2.46440005302429,2.46720004081726,2.4268000125885,2.46589994430542,0,2.46589994430542,"Brazil"
2014-10-19,2.43070006370544,2.46090006828308,2.41969990730286,2.43070006370544,0,2.43070006370544,"Brazil"
2014-10-20,2.46219992637634,2.49670004844666,2.46020007133484,2.46219992637634,0,2.46219992637634,"Brazil"
2014-10-21,2.4760000705719,2.48749995231628,2.45779991149902,2.4779999256134,0,2.4779999256134,"Brazil"
2014-10-22,2.47009992599487,2.50500011444092,2.47009992599487,2.48429989814758,0,2.48429989814758,"Brazil"
2014-10-23,2.49550008773804,2.49670004844666,2.45000004768372,2.49569988250732,0,2.49569988250732,"Brazil"
2014-10-27,2.46679997444153,2.55209994316101,2.46679997444153,2.46889996528625,0,2.46889996528625,"Brazil"
2014-10-28,2.51959991455078,2.519700050354,2.47140002250671,2.51959991455078,0,2.51959991455078,"Brazil"
2014-10-29,2.45819997787476,2.4663999080658,2.41969990730286,2.45819997787476,0,2.45819997787476,"Brazil"
2014-10-30,2.45799994468689,2.45849990844727,2.38899993896484,2.45779991149902,0,2.45779991149902,"Brazil"
2014-10-31,2.4015998840332,2.45190000534058,2.3938000202179,2.4015998840332,0,2.4015998840332,"Brazil"
2014-11-03,2.4235999584198,2.50110006332397,2.4235999584198,2.4135000705719,0,2.4135000705719,"Brazil"
2014-11-04,2.49210000038147,2.52769994735718,2.49040007591248,2.49230003356934,0,2.49230003356934,"Brazil"
2014-11-05,2.49379992485046,2.52519989013672,2.4935998916626,2.49390006065369,0,2.49390006065369,"Brazil"
2014-11-06,2.50169992446899,2.54679989814758,2.49860000610352,2.50130009651184,0,2.50130009651184,"Brazil"
2014-11-07,2.56640005111694,2.58509993553162,2.5460000038147,2.56660008430481,0,2.56660008430481,"Brazil"
2014-11-10,2.55380010604858,2.55620002746582,2.52950000762939,2.54889988899231,0,2.54889988899231,"Brazil"
2014-11-11,2.54929995536804,2.56750011444092,2.53509998321533,2.54940009117126,0,2.54940009117126,"Brazil"
2014-11-12,2.55419993400574,2.56060004234314,2.53239989280701,2.5543999671936,0,2.5543999671936,"Brazil"
2014-11-13,2.56329989433289,2.5764000415802,2.5436999797821,2.5631000995636,0,2.5631000995636,"Brazil"
2014-11-14,2.58559989929199,2.625,2.58400011062622,2.58590006828308,0,2.58590006828308,"Brazil"
2014-11-17,2.59680008888245,2.6149001121521,2.57800006866455,2.59680008888245,0,2.59680008888245,"Brazil"
2014-11-18,2.60509991645813,2.60560011863708,2.58279991149902,2.60470008850098,0,2.60470008850098,"Brazil"
2014-11-19,2.57929992675781,2.59629988670349,2.5676999092102,2.57909989356995,0,2.57909989356995,"Brazil"
2014-11-20,2.56879997253418,2.57179999351501,2.55189990997314,2.5689001083374,0,2.5689001083374,"Brazil"
2014-11-21,2.56979990005493,2.57089996337891,2.5158998966217,2.56970000267029,0,2.56970000267029,"Brazil"
2014-11-24,2.51410007476807,2.5404999256134,2.49959993362427,2.51200008392334,0,2.51200008392334,"Brazil"
2014-11-25,2.54239988327026,2.54550004005432,2.51480007171631,2.54250001907349,0,2.54250001907349,"Brazil"
2014-11-26,2.52690005302429,2.52810001373291,2.49410009384155,2.52710008621216,0,2.52710008621216,"Brazil"
2014-11-27,2.49790000915527,2.5132999420166,2.49070000648499,2.49790000915527,0,2.49790000915527,"Brazil"
2014-11-28,2.5271999835968,2.57879996299744,2.52430009841919,2.5271999835968,0,2.5271999835968,"Brazil"
2014-12-01,2.56089997291565,2.57520008087158,2.54130005836487,2.53150010108948,0,2.53150010108948,"Brazil"
2014-12-02,2.55660009384155,2.57750010490417,2.54349994659424,2.55699992179871,0,2.55699992179871,"Brazil"
2014-12-03,2.56480002403259,2.58270001411438,2.54670000076294,2.56489992141724,0,2.56489992141724,"Brazil"
2014-12-04,2.54940009117126,2.58949995040894,2.54270005226135,2.54909992218018,0,2.54909992218018,"Brazil"
2014-12-05,2.58820009231567,2.60349988937378,2.56680011749268,2.58829998970032,0,2.58829998970032,"Brazil"
2014-12-08,2.58349990844727,2.59689998626709,2.57369995117188,2.58610010147095,0,2.58610010147095,"Brazil"
2014-12-09,2.59699988365173,2.6085000038147,2.57829999923706,2.59660005569458,0,2.59660005569458,"Brazil"
2014-12-10,2.58949995040894,2.60310006141663,2.57489991188049,2.58949995040894,0,2.58949995040894,"Brazil"
2014-12-11,2.61310005187988,2.64869999885559,2.59699988365173,2.61310005187988,0,2.61310005187988,"Brazil"
2014-12-12,2.64680004119873,2.66560006141663,2.6301999092102,2.64669990539551,0,2.64669990539551,"Brazil"
2014-12-15,2.62960004806519,2.68819999694824,2.62960004806519,2.6496000289917,0,2.6496000289917,"Brazil"
2014-12-16,2.69219994544983,2.75480008125305,2.68090009689331,2.69210004806519,0,2.69210004806519,"Brazil"
2014-12-17,2.73530006408691,2.74440002441406,2.68770003318787,2.73519992828369,0,2.73519992828369,"Brazil"
2014-12-18,2.71239995956421,2.71289992332458,2.65300011634827,2.71199989318848,0,2.71199989318848,"Brazil"
2014-12-19,2.65930008888245,2.66260004043579,2.63129997253418,2.65930008888245,0,2.65930008888245,"Brazil"
2014-12-22,2.63919997215271,2.65949988365173,2.6340000629425,2.65650010108948,0,2.65650010108948,"Brazil"
2014-12-23,2.66210007667542,2.70619988441467,2.64050006866455,2.66240000724792,0,2.66240000724792,"Brazil"
2014-12-24,2.69129991531372,2.6949999332428,2.67499995231628,2.69120001792908,0,2.69120001792908,"Brazil"
2014-12-25,2.69129991531372,2.69519996643066,2.67499995231628,2.69120001792908,0,2.69120001792908,"Brazil"
2014-12-26,2.68670010566711,2.68670010566711,2.68670010566711,2.69519996643066,0,2.69519996643066,"Brazil"
2014-12-29,2.67829990386963,2.69479990005493,2.6521999835968,2.6926999092102,0,2.6926999092102,"Brazil"
2014-12-30,2.69950008392334,2.70110011100769,2.64450001716614,2.69930005073547,0,2.69930005073547,"Brazil"
2014-12-31,2.65409994125366,2.65450000762939,2.63739991188049,2.65409994125366,0,2.65409994125366,"Brazil"
2015-01-01,2.65249991416931,2.65249991416931,2.65249991416931,2.65420007705688,0,2.65420007705688,"Brazil"
2015-01-02,2.66140007972717,2.70409989356995,2.65249991416931,2.65319991111755,0,2.65319991111755,"Brazil"
2015-01-05,2.67790007591248,2.71490001678467,2.67790007591248,2.69120001792908,0,2.69120001792908,"Brazil"
2015-01-06,2.7033998966217,2.71869993209839,2.68880009651184,2.70309996604919,0,2.70309996604919,"Brazil"
2015-01-07,2.69679999351501,2.6975998878479,2.66000008583069,2.69659996032715,0,2.69659996032715,"Brazil"
2015-01-08,2.67989993095398,2.69860005378723,2.65869998931885,2.68079996109009,0,2.68079996109009,"Brazil"
2015-01-09,2.66000008583069,2.67059993743896,2.62579989433289,2.6596999168396,0,2.6596999168396,"Brazil"
2015-01-12,2.62100005149841,2.66950011253357,2.62100005149841,2.62639999389648,0,2.62639999389648,"Brazil"
2015-01-13,2.67020010948181,2.67899990081787,2.62899994850159,2.67020010948181,0,2.67020010948181,"Brazil"
2015-01-14,2.63989996910095,2.64910006523132,2.59999990463257,2.63960003852844,0,2.63960003852844,"Brazil"
2015-01-15,2.61249995231628,2.6282000541687,2.59299993515015,2.61209988594055,0,2.61209988594055,"Brazil"
2015-01-16,2.63870000839233,2.6414999961853,2.61220002174377,2.63870000839233,0,2.63870000839233,"Brazil"
2015-01-19,2.60310006141663,2.62840008735657,2.59890007972717,2.6168999671936,0,2.6168999671936,"Brazil"
2015-01-20,2.64820003509521,2.64910006523132,2.61310005187988,2.64809989929199,0,2.64809989929199,"Brazil"
2015-01-21,2.61089992523193,2.6117000579834,2.58260011672974,2.61100006103516,0,2.61100006103516,"Brazil"
2015-01-22,2.59699988365173,2.59850001335144,2.5453999042511,2.59710001945496,0,2.59710001945496,"Brazil"
2015-01-23,2.57089996337891,2.59260010719299,2.56660008430481,2.57069993019104,0,2.57069993019104,"Brazil"
2015-01-26,2.58410000801086,2.603600025177,2.57480001449585,2.57780003547668,0,2.57780003547668,"Brazil"
2015-01-27,2.58010005950928,2.59439992904663,2.56200003623962,2.57990002632141,0,2.57990002632141,"Brazil"
2015-01-28,2.56870007514954,2.5871000289917,2.54760003089905,2.56929993629456,0,2.56929993629456,"Brazil"
2015-01-29,2.57290005683899,2.60069990158081,2.5715000629425,2.57310009002686,0,2.57310009002686,"Brazil"
2015-01-30,2.60010004043579,2.68540000915527,2.59949994087219,2.60019993782043,0,2.60019993782043,"Brazil"
2015-02-02,2.67880010604858,2.708899974823,2.65140008926392,2.67880010604858,0,2.67880010604858,"Brazil"
2015-02-03,2.72359991073608,2.72550010681152,2.68969988822937,2.72359991073608,0,2.72359991073608,"Brazil"
2015-02-04,2.69099998474121,2.73230004310608,2.69000005722046,2.69109988212585,0,2.69109988212585,"Brazil"
2015-02-05,2.73830008506775,2.75659990310669,2.70679998397827,2.73830008506775,0,2.73830008506775,"Brazil"
2015-02-06,2.74130010604858,2.77909994125366,2.74119997024536,2.74160003662109,0,2.74160003662109,"Brazil"
2015-02-09,2.75830006599426,2.79180002212524,2.75740003585815,2.77959990501404,0,2.77959990501404,"Brazil"
2015-02-10,2.76620006561279,2.83480000495911,2.75399994850159,2.76629996299744,0,2.76629996299744,"Brazil"
2015-02-11,2.83049988746643,2.86989998817444,2.82999992370605,2.83109998703003,0,2.83109998703003,"Brazil"
2015-02-12,2.86560010910034,2.87420010566711,2.83680009841919,2.86549997329712,0,2.86549997329712,"Brazil"
2015-02-13,2.81699991226196,2.85229992866516,2.8125,2.81699991226196,0,2.81699991226196,"Brazil"
2015-02-16,2.82550001144409,2.8313000202179,2.81270003318787,2.83089995384216,0,2.83089995384216,"Brazil"
2015-02-17,2.82610011100769,2.82649993896484,2.81100010871887,2.82599997520447,0,2.82599997520447,"Brazil"
2015-02-18,2.8257999420166,2.84479999542236,2.80679988861084,2.82570004463196,0,2.82570004463196,"Brazil"
2015-02-19,2.8345000743866,2.86380004882812,2.81920003890991,2.83400011062622,0,2.83400011062622,"Brazil"
2015-02-20,2.86290001869202,2.8808000087738,2.84949994087219,2.86330008506775,0,2.86330008506775,"Brazil"
2015-02-23,2.86409997940063,2.89759993553162,2.85969996452332,2.86409997940063,0,2.86409997940063,"Brazil"
2015-02-24,2.87549996376038,2.88220000267029,2.85339999198914,2.87470006942749,0,2.87470006942749,"Brazil"
2015-02-25,2.85470008850098,2.87940001487732,2.82809996604919,2.85700011253357,0,2.85700011253357,"Brazil"
2015-02-26,2.87150001525879,2.88700008392334,2.83800005912781,2.86879992485046,0,2.86879992485046,"Brazil"
2015-02-27,2.90440011024475,2.91529989242554,2.853600025177,2.90499997138977,0,2.90499997138977,"Brazil"
2015-03-02,2.83680009841919,2.88129997253418,2.83400011062622,2.83680009841919,0,2.83680009841919,"Brazil"
2015-03-03,2.89260005950928,2.9135000705719,2.89260005950928,2.89269995689392,0,2.89269995689392,"Brazil"
2015-03-04,2.9274001121521,2.99650001525879,2.9268000125885,2.92790007591248,0,2.92790007591248,"Brazil"
2015-03-05,2.97370004653931,2.99659991264343,2.97329998016357,2.97140002250671,0,2.97140002250671,"Brazil"
2015-03-06,2.99979996681213,3.06680011749268,2.9711000919342,3.00009989738464,0,3.00009989738464,"Brazil"
2015-03-09,3.05769991874695,3.10279989242554,3.05599999427795,3.05699992179871,0,3.05699992179871,"Brazil"
2015-03-10,3.12360000610352,3.16599988937378,3.09450006484985,3.12269997596741,0,3.12269997596741,"Brazil"
2015-03-11,3.10150003433228,3.13599991798401,3.0789999961853,3.10159993171692,0,3.10159993171692,"Brazil"
2015-03-12,3.12719988822937,3.13030004501343,3.07299995422363,3.12689995765686,0,3.12689995765686,"Brazil"
2015-03-13,3.16230010986328,3.2720000743866,3.16079998016357,3.16310000419617,0,3.16310000419617,"Brazil"
2015-03-16,3.24429988861084,3.24760007858276,3.20919990539551,3.24499988555908,0,3.24499988555908,"Brazil"
2015-03-17,3.24259996414185,3.27830004692078,3.21650004386902,3.24279999732971,0,3.24279999732971,"Brazil"
2015-03-18,3.24710011482239,3.27439999580383,3.21379995346069,3.24620008468628,0,3.24620008468628,"Brazil"
2015-03-19,3.21770000457764,3.29699993133545,3.21770000457764,3.21810007095337,0,3.21810007095337,"Brazil"
2015-03-20,3.29089999198914,3.31030011177063,3.20600008964539,3.29040002822876,0,3.29040002822876,"Brazil"
2015-03-23,3.23110008239746,3.23110008239746,3.15759992599487,3.22460007667542,0,3.22460007667542,"Brazil"
2015-03-24,3.12859988212585,3.16739988327026,3.09060001373291,3.12829995155334,0,3.12829995155334,"Brazil"
2015-03-25,3.13610005378723,3.16709995269775,3.1117000579834,3.13619995117188,0,3.13619995117188,"Brazil"
2015-03-26,3.1975998878479,3.21589994430542,3.16950011253357,3.19729995727539,0,3.19729995727539,"Brazil"
2015-03-27,3.17899990081787,3.24329996109009,3.17829990386963,3.17950010299683,0,3.17950010299683,"Brazil"
2015-03-29,3.25390005111694,3.28500008583069,3.22410011291504,3.24119997024536,0,3.24119997024536,"Brazil"
2015-03-30,3.22659993171692,3.26320004463196,3.166100025177,3.2260000705719,0,3.2260000705719,"Brazil"
2015-03-31,3.18969988822937,3.19079995155334,3.13429999351501,3.18849992752075,0,3.18849992752075,"Brazil"
2015-04-01,3.1645998954773,3.17840003967285,3.13280010223389,3.16429996490479,0,3.16429996490479,"Brazil"
2015-04-02,3.12159991264343,3.12159991264343,3.11999988555908,3.12220001220703,0,3.12220001220703,"Brazil"
2015-04-05,3.08949995040894,3.10069990158081,3.0864999294281,3.12159991264343,0,3.12159991264343,"Brazil"
2015-04-06,3.12159991264343,3.14310002326965,3.10290002822876,3.12159991264343,0,3.12159991264343,"Brazil"
2015-04-07,3.12509989738464,3.12649989128113,3.0618999004364,3.12509989738464,0,3.12509989738464,"Brazil"
2015-04-08,3.0453999042511,3.06060004234314,3.01929998397827,3.04609990119934,0,3.04609990119934,"Brazil"
2015-04-09,3.05430006980896,3.08940005302429,3.03410005569458,3.05529999732971,0,3.05529999732971,"Brazil"
2015-04-12,3.06879997253418,3.11360001564026,3.05229997634888,3.07179999351501,0,3.07179999351501,"Brazil"
2015-04-13,3.11949992179871,3.1217999458313,3.0683000087738,3.1191999912262,0,3.1191999912262,"Brazil"
2015-04-14,3.06419992446899,3.08839988708496,3.04649996757507,3.06459999084473,0,3.06459999084473,"Brazil"
2015-04-15,3.02500009536743,3.03699994087219,3.00209999084473,3.02589988708496,0,3.02589988708496,"Brazil"
2015-04-16,3.01889991760254,3.06550002098083,3.00119996070862,3.01859998703003,0,3.01859998703003,"Brazil"
2015-04-19,3.03719997406006,3.05290007591248,3.01559996604919,3.03670001029968,0,3.03670001029968,"Brazil"
2015-04-20,3.02940011024475,3.03600001335144,3.01060009002686,3.02940011024475,0,3.02940011024475,"Brazil"
2015-04-21,3.03049993515015,3.03220009803772,2.99340009689331,3.02600002288818,0,3.02600002288818,"Brazil"
2015-04-22,3.00440001487732,3.02710008621216,2.97099995613098,3.0051999092102,0,3.0051999092102,"Brazil"
2015-04-23,2.96919989585876,2.98480010032654,2.9533998966217,2.96849989891052,0,2.96849989891052,"Brazil"
2015-04-26,2.94779992103577,2.95560002326965,2.89759993553162,2.94829988479614,0,2.94829988479614,"Brazil"
2015-04-27,2.91260004043579,2.9184000492096,2.8798999786377,2.91310000419617,0,2.91310000419617,"Brazil"
2015-04-28,2.93300008773804,2.95329999923706,2.91149997711182,2.93479990959167,0,2.93479990959167,"Brazil"
2015-04-29,2.95309996604919,3.01419997215271,2.93819999694824,2.95269989967346,0,2.95269989967346,"Brazil"
2015-04-30,3.01510000228882,3.08049988746643,3.01110005378723,3.01110005378723,0,3.01110005378723,"Brazil"
2015-05-03,3.02150011062622,3.07739996910095,2.99049997329712,3.01110005378723,0,3.01110005378723,"Brazil"
2015-05-04,3.07809996604919,3.0864999294281,3.03920006752014,3.08299994468689,0,3.08299994468689,"Brazil"
2015-05-05,3.05299997329712,3.06900000572205,3.01939988136292,3.05310010910034,0,3.05310010910034,"Brazil"
2015-05-06,3.00740003585815,3.05789995193481,3.00740003585815,3.02870011329651,0,3.02870011329651,"Brazil"
2015-05-07,3.02189993858337,3.03740000724792,2.97499990463257,3.02130007743835,0,3.02130007743835,"Brazil"
2015-05-10,2.97350001335144,3.0404999256134,2.95230007171631,2.97119998931885,0,2.97119998931885,"Brazil"
2015-05-11,3.05579996109009,3.07290005683899,3.01480007171631,3.05640006065369,0,3.05640006065369,"Brazil"
2015-05-12,3.01740002632141,3.0229001045227,2.98110008239746,3.01749992370605,0,3.01749992370605,"Brazil"
2015-05-13,3.03629994392395,3.03719997406006,2.99140000343323,3.03649997711182,0,3.03649997711182,"Brazil"
2015-05-14,2.99009990692139,3.01099991798401,2.96830010414124,2.9899001121521,0,2.9899001121521,"Brazil"
2015-05-17,2.99580001831055,3.02169990539551,2.98559999465942,2.99140000343323,0,2.99140000343323,"Brazil"
2015-05-18,3.00620007514954,3.03810000419617,2.98639988899231,3.0058000087738,0,3.0058000087738,"Brazil"
2015-05-19,3.03150010108948,3.04099988937378,3.01950001716614,3.03159999847412,0,3.03159999847412,"Brazil"
2015-05-20,3.00149989128113,3.04099988937378,2.9886999130249,3.00169992446899,0,3.00169992446899,"Brazil"
2015-05-21,3.03699994087219,3.06970000267029,3.01780009269714,3.03670001029968,0,3.03670001029968,"Brazil"
2015-05-24,3.07489991188049,3.12879991531372,3.07489991188049,3.08899998664856,0,3.08899998664856,"Brazil"
2015-05-25,3.07829999923706,3.14939999580383,3.07829999923706,3.09319996833801,0,3.09319996833801,"Brazil"
2015-05-26,3.14779996871948,3.1800000667572,3.14619994163513,3.14800000190735,0,3.14800000190735,"Brazil"
2015-05-27,3.13820004463196,3.1784999370575,3.12220001220703,3.13790011405945,0,3.13790011405945,"Brazil"
2015-05-28,3.15869998931885,3.1900999546051,3.13560009002686,3.15840005874634,0,3.15840005874634,"Brazil"
2015-05-31,3.18540000915527,3.20790004730225,3.15669989585876,3.17580008506775,0,3.17580008506775,"Brazil"
2015-06-01,3.17079997062683,3.17339992523193,3.12910008430481,3.16950011253357,0,3.16950011253357,"Brazil"
2015-06-02,3.12800002098083,3.14190006256104,3.09829998016357,3.12859988212585,0,3.12859988212585,"Brazil"
2015-06-03,3.13199996948242,3.14229989051819,3.13030004501343,3.13319993019104,0,3.13319993019104,"Brazil"
2015-06-04,3.13989996910095,3.1816999912262,3.10159993171692,3.14019989967346,0,3.14019989967346,"Brazil"
2015-06-07,3.14280009269714,3.14650011062622,3.10640001296997,3.13960003852844,0,3.13960003852844,"Brazil"
2015-06-08,3.10969996452332,3.11610007286072,3.08270001411438,3.10989999771118,0,3.10989999771118,"Brazil"
2015-06-09,3.09369993209839,3.09999990463257,3.06150007247925,3.09549999237061,0,3.09549999237061,"Brazil"
2015-06-10,3.11450004577637,3.16599988937378,3.09770011901855,3.11400008201599,0,3.11400008201599,"Brazil"
2015-06-11,3.08780002593994,3.12409996986389,3.0854001045227,3.0871000289917,0,3.0871000289917,"Brazil"
2015-06-14,3.12649989128113,3.13339996337891,3.09240007400513,3.11680006980896,0,3.11680006980896,"Brazil"
2015-06-15,3.12430000305176,3.13520002365112,3.09450006484985,3.12350010871887,0,3.12350010871887,"Brazil"
2015-06-16,3.08719992637634,3.10080003738403,3.06539988517761,3.08689999580383,0,3.08689999580383,"Brazil"
2015-06-17,3.03830003738403,3.05800008773804,3.02859997749329,3.05040001869202,0,3.05040001869202,"Brazil"
2015-06-18,3.06180000305176,3.08839988708496,3.03929996490479,3.05780005455017,0,3.05780005455017,"Brazil"
2015-06-21,3.09019994735718,3.09910011291504,3.0650999546051,3.09319996833801,0,3.09319996833801,"Brazil"
2015-06-22,3.08470010757446,3.11190009117126,3.07010006904602,3.08439993858337,0,3.08439993858337,"Brazil"
2015-06-23,3.07399988174438,3.09200000762939,3.05660009384155,3.0738000869751,0,3.0738000869751,"Brazil"
2015-06-24,3.09549999237061,3.12220001220703,3.0731999874115,3.09489989280701,0,3.09489989280701,"Brazil"
2015-06-25,3.12490010261536,3.13579988479614,3.10540008544922,3.1243999004364,0,3.1243999004364,"Brazil"
2015-06-28,3.16790008544922,3.16790008544922,3.12199997901917,3.12569999694824,0,3.12569999694824,"Brazil"
2015-06-29,3.11459994316101,3.14000010490417,3.08380007743835,3.11500000953674,0,3.11500000953674,"Brazil"
2015-06-30,3.10969996452332,3.12490010261536,3.09430003166199,3.10800004005432,0,3.10800004005432,"Brazil"
2015-07-01,3.14569997787476,3.15510010719299,3.10060000419617,3.14549994468689,0,3.14549994468689,"Brazil"
2015-07-02,3.09549999237061,3.13369989395142,3.08559989929199,3.09400010108948,0,3.09400010108948,"Brazil"
2015-07-05,3.15849995613098,3.15849995613098,3.12719988822937,3.12919998168945,0,3.12919998168945,"Brazil"
2015-07-06,3.12610006332397,3.19320011138916,3.12610006332397,3.1350998878479,0,3.1350998878479,"Brazil"
2015-07-07,3.1784999370575,3.23790001869202,3.1784999370575,3.17869997024536,0,3.17869997024536,"Brazil"
2015-07-08,3.23300004005432,3.23379993438721,3.21009993553162,3.23169994354248,0,3.23169994354248,"Brazil"
2015-07-09,3.22049999237061,3.2228000164032,3.17409992218018,3.2211000919342,0,3.2211000919342,"Brazil"
2015-07-12,3.16499996185303,3.17260003089905,3.14490008354187,3.15560007095337,0,3.15560007095337,"Brazil"
2015-07-13,3.13159990310669,3.14030003547668,3.11059999465942,3.13120007514954,0,3.13120007514954,"Brazil"
2015-07-14,3.13689994812012,3.15930008888245,3.11779999732971,3.13649988174438,0,3.13649988174438,"Brazil"
2015-07-15,3.13499999046326,3.14779996871948,3.12599992752075,3.13560009002686,0,3.13560009002686,"Brazil"
2015-07-16,3.15109992027283,3.19740009307861,3.13289999961853,3.15059995651245,0,3.15059995651245,"Brazil"
2015-07-19,3.18630003929138,3.22070002555847,3.17030000686646,3.18519997596741,0,3.18519997596741,"Brazil"
2015-07-20,3.19109988212585,3.19689989089966,3.16689991950989,3.19449996948242,0,3.19449996948242,"Brazil"
2015-07-21,3.15100002288818,3.22350001335144,3.15100002288818,3.17190003395081,0,3.17190003395081,"Brazil"
2015-07-22,3.22029995918274,3.29419994354248,3.19849991798401,3.21979999542236,0,3.21979999542236,"Brazil"
2015-07-23,3.28430008888245,3.3345000743866,3.26659989356995,3.28419995307922,0,3.28419995307922,"Brazil"
2015-07-26,3.3503999710083,3.37569999694824,3.34319996833801,3.35599994659424,0,3.35599994659424,"Brazil"
2015-07-27,3.36179995536804,3.40019989013672,3.3403000831604,3.3617000579834,0,3.3617000579834,"Brazil"
2015-07-28,3.35470008850098,3.37109994888306,3.32660007476807,3.35450005531311,0,3.35450005531311,"Brazil"
2015-07-29,3.3238000869751,3.37280011177063,3.30789995193481,3.32389998435974,0,3.32389998435974,"Brazil"
2015-07-30,3.3701000213623,3.41039991378784,3.33150005340576,3.37080001831055,0,3.37080001831055,"Brazil"
2015-08-02,3.42429995536804,3.45679998397827,3.40079998970032,3.41939997673035,0,3.41939997673035,"Brazil"
2015-08-03,3.44950008392334,3.478600025177,3.42700004577637,3.4488000869751,0,3.4488000869751,"Brazil"
2015-08-04,3.46670007705688,3.49469995498657,3.44829988479614,3.46630001068115,0,3.46630001068115,"Brazil"
2015-08-05,3.48440003395081,3.56290006637573,3.47720003128052,3.48379993438721,0,3.48379993438721,"Brazil"
2015-08-06,3.53099989891052,3.56299996376038,3.49000000953674,3.53159999847412,0,3.53159999847412,"Brazil"
2015-08-09,3.50760006904602,3.52250003814697,3.46099996566772,3.53159999847412,0,3.53159999847412,"Brazil"
2015-08-10,3.43600010871887,3.51090002059937,3.41860008239746,3.43569993972778,0,3.43569993972778,"Brazil"
2015-08-11,3.47160005569458,3.50069999694824,3.44580006599426,3.47099995613098,0,3.47099995613098,"Brazil"
2015-08-12,3.45059990882874,3.52320003509521,3.45059990882874,3.47510004043579,0,3.47510004043579,"Brazil"
2015-08-13,3.519700050354,3.52099990844727,3.45849990844727,3.51929998397827,0,3.51929998397827,"Brazil"
2015-08-16,3.48429989814758,3.50189995765686,3.45869994163513,3.47790002822876,0,3.47790002822876,"Brazil"
2015-08-17,3.46919989585876,3.49930000305176,3.45880007743835,3.47659993171692,0,3.47659993171692,"Brazil"
2015-08-18,3.46460008621216,3.50430011749268,3.45499992370605,3.46490001678467,0,3.46490001678467,"Brazil"
2015-08-19,3.48839998245239,3.51480007171631,3.4565999507904,3.48830008506775,0,3.48830008506775,"Brazil"
2015-08-20,3.45840001106262,3.49819993972778,3.44140005111694,3.45779991149902,0,3.45779991149902,"Brazil"
2015-08-23,3.50169992446899,3.57559990882874,3.48480010032654,3.49799990653992,0,3.49799990653992,"Brazil"
2015-08-24,3.54739999771118,3.55369997024536,3.51040005683899,3.54809999465942,0,3.54809999465942,"Brazil"
2015-08-25,3.61290001869202,3.64980006217957,3.58279991149902,3.61150002479553,0,3.61150002479553,"Brazil"
2015-08-26,3.59409999847412,3.59409999847412,3.54150009155273,3.59409999847412,0,3.59409999847412,"Brazil"
2015-08-27,3.55100011825562,3.59549999237061,3.53769993782043,3.55019998550415,0,3.55019998550415,"Brazil"
2015-08-30,3.55949997901917,3.67700004577637,3.55949997901917,3.57870006561279,0,3.57870006561279,"Brazil"
2015-08-31,3.61779999732971,3.67370009422302,3.61660003662109,3.6191999912262,0,3.6191999912262,"Brazil"
2015-09-01,3.69250011444092,3.75029993057251,3.68029999732971,3.69250011444092,0,3.69250011444092,"Brazil"
2015-09-02,3.75329995155334,3.81110000610352,3.7367000579834,3.75390005111694,0,3.75390005111694,"Brazil"
2015-09-03,3.73629999160767,3.8099000453949,3.71799993515015,3.73499989509583,0,3.73499989509583,"Brazil"
2015-09-06,3.83949995040894,3.84080004692078,3.81690001487732,3.8396999835968,0,3.8396999835968,"Brazil"
2015-09-07,3.83529996871948,3.83610010147095,3.77830004692078,3.83500003814697,0,3.83500003814697,"Brazil"
2015-09-08,3.78629994392395,3.81850004196167,3.76279997825623,3.81590008735657,0,3.81590008735657,"Brazil"
2015-09-09,3.77830004692078,3.90409994125366,3.77369999885559,3.77870011329651,0,3.77870011329651,"Brazil"
2015-09-10,3.84890007972717,3.88899993896484,3.81690001487732,3.84809994697571,0,3.84809994697571,"Brazil"
2015-09-13,3.86500000953674,3.8863000869751,3.83629989624023,3.86820006370544,0,3.86820006370544,"Brazil"
2015-09-14,3.81069993972778,3.86809992790222,3.78550004959106,3.81069993972778,0,3.81069993972778,"Brazil"
2015-09-15,3.85809993743896,3.86100006103516,3.81879997253418,3.85969996452332,0,3.85969996452332,"Brazil"
2015-09-16,3.83119988441467,3.9028000831604,3.80679988861084,3.82859992980957,0,3.82859992980957,"Brazil"
2015-09-17,3.8931999206543,3.91960000991821,3.86310005187988,3.89140009880066,0,3.89140009880066,"Brazil"
2015-09-20,3.91739988327026,3.99300003051758,3.91739988327026,3.93899989128113,0,3.93899989128113,"Brazil"
2015-09-21,3.95269989967346,4.0560998916626,3.95269989967346,3.98140001296997,0,3.98140001296997,"Brazil"
2015-09-22,4.04739999771118,4.1382999420166,4.01149988174438,4.04769992828369,0,4.04769992828369,"Brazil"
2015-09-23,4.17379999160767,4.24109983444214,4.14410018920898,4.17509984970093,0,4.17509984970093,"Brazil"
2015-09-24,3.93350005149841,4.00190019607544,3.88229990005493,3.93300008773804,0,3.93300008773804,"Brazil"
2015-09-27,3.97129988670349,4.03679990768433,3.97079992294312,3.96760010719299,0,3.96760010719299,"Brazil"
2015-09-28,4.10379981994629,4.14429998397827,4.07140016555786,4.10370016098022,0,4.10370016098022,"Brazil"
2015-09-29,4.05490016937256,4.05999994277954,3.95029997825623,4.0543999671936,0,4.0543999671936,"Brazil"
2015-09-30,3.94549989700317,3.99309992790222,3.93479990959167,3.94569993019104,0,3.94569993019104,"Brazil"
2015-10-01,3.99930000305176,4.03730010986328,3.957200050354,3.99880003929138,0,3.99880003929138,"Brazil"
2015-10-04,3.92630004882812,3.94490003585815,3.88369989395142,3.92750000953674,0,3.92750000953674,"Brazil"
2015-10-05,3.9109001159668,3.93770003318787,3.82710003852844,3.90989995002747,0,3.90989995002747,"Brazil"
2015-10-06,3.8503999710083,3.85290002822876,3.78690004348755,3.84899997711182,0,3.84899997711182,"Brazil"
2015-10-07,3.87940001487732,3.90370011329651,3.8173999786377,3.88030004501343,0,3.88030004501343,"Brazil"
2015-10-08,3.78080010414124,3.78320002555847,3.72009992599487,3.78189992904663,0,3.78189992904663,"Brazil"
2015-10-11,3.76149988174438,3.76349997520447,3.73799991607666,3.75909996032715,0,3.75909996032715,"Brazil"
2015-10-12,3.75999999046326,3.84629988670349,3.73589992523193,3.76049995422363,0,3.76049995422363,"Brazil"
2015-10-13,3.88879990577698,3.89010000228882,3.832200050354,3.88879990577698,0,3.88879990577698,"Brazil"
2015-10-14,3.8066999912262,3.86910009384155,3.77810001373291,3.80710005760193,0,3.80710005760193,"Brazil"
2015-10-15,3.79329991340637,3.85610008239746,3.79019999504089,3.79250001907349,0,3.79250001907349,"Brazil"
2015-10-18,3.9145998954773,3.92720007896423,3.86059999465942,3.92070007324219,0,3.92070007324219,"Brazil"
2015-10-19,3.8863000869751,3.8882999420166,3.84360003471375,3.88779997825623,0,3.88779997825623,"Brazil"
2015-10-20,3.87299990653992,3.96029996871948,3.87299990653992,3.90229988098145,0,3.90229988098145,"Brazil"
2015-10-21,3.93580007553101,3.95830011367798,3.90229988098145,3.93670010566711,0,3.93670010566711,"Brazil"
2015-10-22,3.90249991416931,3.92449998855591,3.86159992218018,3.90229988098145,0,3.90229988098145,"Brazil"
2015-10-26,3.87129998207092,3.8938000202179,3.82459998130798,3.8756000995636,0,3.8756000995636,"Brazil"
2015-10-27,3.90370011329651,3.92720007896423,3.88420009613037,3.9038999080658,0,3.9038999080658,"Brazil"
2015-10-28,3.88389992713928,3.90470004081726,3.85820007324219,3.88339996337891,0,3.88339996337891,"Brazil"
2015-10-29,3.89630007743835,3.95250010490417,3.89249992370605,3.89720010757446,0,3.89720010757446,"Brazil"
2015-10-30,3.84409999847412,3.8840000629425,3.82500004768372,3.84470009803772,0,3.84470009803772,"Brazil"
2015-11-02,3.83859992027283,3.85369992256165,3.83310008049011,3.85139989852905,0,3.85139989852905,"Brazil"
2015-11-03,3.87059998512268,3.87059998512268,3.77570009231567,3.87019991874695,0,3.87019991874695,"Brazil"
2015-11-04,3.76760005950928,3.81030011177063,3.74440002441406,3.7671000957489,0,3.7671000957489,"Brazil"
2015-11-05,3.79349994659424,3.81270003318787,3.76430010795593,3.79559993743896,0,3.79559993743896,"Brazil"
2015-11-06,3.77850008010864,3.83680009841919,3.75869989395142,3.78010010719299,0,3.78010010719299,"Brazil"
2015-11-09,3.77649998664856,3.80019998550415,3.76149988174438,3.76629996299744,0,3.76629996299744,"Brazil"
2015-11-10,3.79769992828369,3.81859993934631,3.77060008049011,3.79909992218018,0,3.79909992218018,"Brazil"
2015-11-11,3.74499988555908,3.76090002059937,3.70329999923706,3.74539995193481,0,3.74539995193481,"Brazil"
2015-11-12,3.76340007781982,3.81979990005493,3.74300003051758,3.76290011405945,0,3.76290011405945,"Brazil"
2015-11-13,3.76679992675781,3.82249999046326,3.75909996032715,3.76690006256104,0,3.76690006256104,"Brazil"
2015-11-16,3.86220002174377,3.86220002174377,3.81690001487732,3.84060001373291,0,3.84060001373291,"Brazil"
2015-11-17,3.82509994506836,3.82610011100769,3.78349995613098,3.82559990882874,0,3.82559990882874,"Brazil"
2015-11-18,3.8076000213623,3.80909991264343,3.76959991455078,3.80830001831055,0,3.80830001831055,"Brazil"
2015-11-19,3.76769995689392,3.76799988746643,3.71589994430542,3.7671000957489,0,3.7671000957489,"Brazil"
2015-11-20,3.76160001754761,3.76160001754761,3.70169997215271,3.76119995117188,0,3.76119995117188,"Brazil"
2015-11-23,3.70020008087158,3.73399996757507,3.6881000995636,3.69959998130798,0,3.69959998130798,"Brazil"
2015-11-24,3.72869992256165,3.74040007591248,3.69129991531372,3.72889995574951,0,3.72889995574951,"Brazil"
2015-11-25,3.6956000328064,3.80130004882812,3.69090008735657,3.69619989395142,0,3.69619989395142,"Brazil"
2015-11-26,3.74049997329712,3.76349997520447,3.7309000492096,3.73939990997314,0,3.73939990997314,"Brazil"
2015-11-27,3.73959994316101,3.76570010185242,3.71280002593994,3.73839998245239,0,3.73839998245239,"Brazil"
2015-11-30,3.8413999080658,3.91050004959106,3.72740006446838,3.8413999080658,0,3.8413999080658,"Brazil"
2015-12-01,3.86710000038147,3.89890003204346,3.83109998703003,3.86660003662109,0,3.86660003662109,"Brazil"
2015-12-02,3.85010004043579,3.86069989204407,3.8354001045227,3.85060000419617,0,3.85060000419617,"Brazil"
2015-12-03,3.832200050354,3.832200050354,3.76950001716614,3.83229994773865,0,3.83229994773865,"Brazil"
2015-12-04,3.75620007514954,3.78340005874634,3.72049999237061,3.75589990615845,0,3.75589990615845,"Brazil"
2015-12-07,3.75500011444092,3.77160000801086,3.72580003738403,3.75099992752075,0,3.75099992752075,"Brazil"
2015-12-08,3.75990009307861,3.81550002098083,3.74230003356934,3.75950002670288,0,3.75950002670288,"Brazil"
2015-12-09,3.81520009040833,3.81629991531372,3.71700000762939,3.81450009346008,0,3.81450009346008,"Brazil"
2015-12-10,3.7435998916626,3.77990007400513,3.73620009422302,3.74270009994507,0,3.74270009994507,"Brazil"
2015-12-11,3.80769991874695,3.8840000629425,3.80040001869202,3.80780005455017,0,3.80780005455017,"Brazil"
2015-12-14,3.86800003051758,3.91880011558533,3.85879993438721,3.81270003318787,0,3.81270003318787,"Brazil"
2015-12-15,3.88350009918213,3.88949990272522,3.84750008583069,3.88439989089966,0,3.88439989089966,"Brazil"
2015-12-16,3.90650010108948,3.95980000495911,3.89930009841919,3.90590000152588,0,3.90590000152588,"Brazil"
2015-12-17,3.89269995689392,3.91240000724792,3.85570001602173,3.89289999008179,0,3.89289999008179,"Brazil"
2015-12-18,3.87569999694824,3.93269991874695,3.8717999458313,3.87630009651184,0,3.87630009651184,"Brazil"
2015-12-21,3.97670006752014,4.03529977798462,3.95860004425049,3.97839999198914,0,3.97839999198914,"Brazil"
2015-12-22,4.01179981231689,4.01289987564087,3.9563000202179,4.01140022277832,0,4.01140022277832,"Brazil"
2015-12-23,3.98420000076294,3.99270009994507,3.95230007171631,3.98519992828369,0,3.98519992828369,"Brazil"
2015-12-24,3.94090008735657,3.94160008430481,3.93289995193481,3.94099998474121,0,3.94099998474121,"Brazil"
2015-12-25,3.91280007362366,3.91280007362366,3.91280007362366,3.91300010681152,0,3.91300010681152,"Brazil"
2015-12-28,3.90980005264282,3.95900011062622,3.87509989738464,3.90820002555847,0,3.90820002555847,"Brazil"
2015-12-29,3.85540008544922,3.86579990386963,3.83599996566772,3.85509991645813,0,3.85509991645813,"Brazil"
2015-12-30,3.86409997940063,3.99920010566711,3.84980010986328,3.86409997940063,0,3.86409997940063,"Brazil"
2015-12-31,3.9565999507904,3.96000003814697,3.95549988746643,3.95670008659363,0,3.95670008659363,"Brazil"
2016-01-01,3.95000004768372,3.95000004768372,3.95000004768372,3.95000004768372,0,3.95000004768372,"Brazil"
2016-01-04,3.96050000190735,4.05940008163452,3.9556999206543,3.94910001754761,0,3.94910001754761,"Brazil"
2016-01-05,4.03709983825684,4.05310010910034,3.99569988250732,4.03730010986328,0,4.03730010986328,"Brazil"
2016-01-06,4.02710008621216,4.05049991607666,4.00600004196167,4.02689981460571,0,4.02689981460571,"Brazil"
2016-01-07,4.02089977264404,4.06869983673096,4.01840019226074,4.01989984512329,0,4.01989984512329,"Brazil"
2016-01-08,4.04169988632202,4.04339981079102,4.00220012664795,4.04150009155273,0,4.04150009155273,"Brazil"
2016-01-11,4.02010011672974,4.04689979553223,3.99239993095398,3.99320006370544,0,3.99320006370544,"Brazil"
2016-01-12,4.05030012130737,4.05189990997314,4.00750017166138,4.05039978027344,0,4.05039978027344,"Brazil"
2016-01-13,4.02510023117065,4.02619981765747,3.96679997444153,4.02519989013672,0,4.02519989013672,"Brazil"
2016-01-14,4.01440000534058,4.03679990768433,3.98679995536804,4.01410007476807,0,4.01410007476807,"Brazil"
2016-01-15,4.00589990615845,4.05539989471436,4.00260019302368,4.00589990615845,0,4.00589990615845,"Brazil"
2016-01-18,4.04290008544922,4.04829978942871,4.01350021362305,4.00430011749268,0,4.00430011749268,"Brazil"
2016-01-19,4.0524001121521,4.05569982528687,3.99810004234314,4.05229997634888,0,4.05229997634888,"Brazil"
2016-01-20,4.05840015411377,4.10939979553223,4.05700016021729,4.05840015411377,0,4.05840015411377,"Brazil"
2016-01-21,4.1016001701355,4.16690015792847,4.09740018844604,4.10139989852905,0,4.10139989852905,"Brazil"
2016-01-22,4.15380001068115,4.15420007705688,4.09959983825684,4.15350008010864,0,4.15350008010864,"Brazil"
2016-01-25,4.09240007400513,4.09289979934692,4.08799982070923,4.08949995040894,0,4.08949995040894,"Brazil"
2016-01-26,4.08720016479492,4.11749982833862,4.05569982528687,4.08790016174316,0,4.08790016174316,"Brazil"
2016-01-27,4.06839990615845,4.0689001083374,4.02699995040894,4.06689977645874,0,4.06689977645874,"Brazil"
2016-01-28,4.10589981079102,4.11880016326904,4.03280019760132,4.10489988327026,0,4.10489988327026,"Brazil"
2016-01-29,4.06710004806519,4.09100008010864,4.00139999389648,4.06699991226196,0,4.06699991226196,"Brazil"
2016-02-01,3.9941999912262,4.01690006256104,3.96259999275208,3.99710011482239,0,3.99710011482239,"Brazil"
2016-02-02,3.95860004425049,4.01399993896484,3.95239996910095,3.95970010757446,0,3.95970010757446,"Brazil"
2016-02-03,3.98539996147156,3.98810005187988,3.93619990348816,3.98530006408691,0,3.98530006408691,"Brazil"
2016-02-04,3.8921000957489,3.89429998397827,3.83500003814697,3.89229989051819,0,3.89229989051819,"Brazil"
2016-02-05,3.88649988174438,3.9210000038147,3.86380004882812,3.88619995117188,0,3.88619995117188,"Brazil"
2016-02-08,3.89450001716614,3.90089988708496,3.87590003013611,3.89849996566772,0,3.89849996566772,"Brazil"
2016-02-09,3.89350008964539,3.8970000743866,3.88529992103577,3.89159989356995,0,3.89159989356995,"Brazil"
2016-02-10,3.8824999332428,3.93720006942749,3.86479997634888,3.88150000572205,0,3.88150000572205,"Brazil"
2016-02-11,3.92670011520386,3.97639989852905,3.92000007629395,3.92630004882812,0,3.92630004882812,"Brazil"
2016-02-12,3.98810005187988,3.99839997291565,3.96709990501404,3.98749995231628,0,3.98749995231628,"Brazil"
2016-02-15,4.00839996337891,4.00839996337891,3.97270011901855,3.96819996833801,0,3.96819996833801,"Brazil"
2016-02-16,3.99530005455017,4.05999994277954,3.9679000377655,3.99499988555908,0,3.99499988555908,"Brazil"
2016-02-17,4.0644998550415,4.06750011444092,3.97769999504089,4.0625,0,4.0625,"Brazil"
2016-02-18,3.98060011863708,4.02500009536743,3.96979999542236,3.9809000492096,0,3.9809000492096,"Brazil"
2016-02-19,4.02409982681274,4.06099987030029,4.02229976654053,4.0246000289917,0,4.0246000289917,"Brazil"
2016-02-22,4.02750015258789,4.03350019454956,3.94160008430481,4.01639986038208,0,4.01639986038208,"Brazil"
2016-02-23,3.94359993934631,3.97469997406006,3.93540000915527,3.94280004501343,0,3.94280004501343,"Brazil"
2016-02-24,3.95300006866455,4.00390005111694,3.95020008087158,3.95350003242493,0,3.95350003242493,"Brazil"
2016-02-25,3.95510005950928,3.95549988746643,3.91680002212524,3.95440006256104,0,3.95440006256104,"Brazil"
2016-02-26,3.95230007171631,3.98379993438721,3.92799997329712,3.95190000534058,0,3.95190000534058,"Brazil"
2016-02-29,3.99320006370544,3.99410009384155,3.94889998435974,3.9646999835968,0,3.9646999835968,"Brazil"
2016-03-01,4.01240015029907,4.01410007476807,3.97049999237061,4.01289987564087,0,4.01289987564087,"Brazil"
2016-03-02,3.92249989509583,3.9368999004364,3.89100003242493,3.92199993133545,0,3.92199993133545,"Brazil"
2016-03-03,3.88980007171631,3.89000010490417,3.832200050354,3.88930010795593,0,3.88930010795593,"Brazil"
2016-03-04,3.79649996757507,3.79719996452332,3.65050005912781,3.79609990119934,0,3.79609990119934,"Brazil"
2016-03-07,3.75430011749268,3.78060007095337,3.73379993438721,3.7688000202179,0,3.7688000202179,"Brazil"
2016-03-08,3.78189992904663,3.79780006408691,3.75629997253418,3.78110003471375,0,3.78110003471375,"Brazil"
2016-03-09,3.75230002403259,3.75379991531372,3.6816999912262,3.75270009040833,0,3.75270009040833,"Brazil"
2016-03-10,3.67759990692139,3.70490002632141,3.63840007781982,3.67689990997314,0,3.67689990997314,"Brazil"
2016-03-11,3.61420011520386,3.66230010986328,3.58680009841919,3.61400008201599,0,3.61400008201599,"Brazil"
2016-03-14,3.57859992980957,3.6356999874115,3.5725998878479,3.57170009613037,0,3.57170009613037,"Brazil"
2016-03-15,3.65989995002747,3.75049996376038,3.65459990501404,3.65499997138977,0,3.65499997138977,"Brazil"
2016-03-16,3.76399993896484,3.84699988365173,3.75959992408752,3.76230001449585,0,3.76230001449585,"Brazil"
2016-03-17,3.73889994621277,3.7399001121521,3.6256000995636,3.73659992218018,0,3.73659992218018,"Brazil"
2016-03-18,3.62030005455017,3.66619992256165,3.60249996185303,3.62059998512268,0,3.62059998512268,"Brazil"
2016-03-21,3.61989998817444,3.64389991760254,3.59929990768433,3.62109994888306,0,3.62109994888306,"Brazil"
2016-03-22,3.61249995231628,3.64709997177124,3.58470010757446,3.61260008811951,0,3.61260008811951,"Brazil"
2016-03-23,3.5783998966217,3.67190003395081,3.57369995117188,3.57780003547668,0,3.57780003547668,"Brazil"
2016-03-24,3.68029999732971,3.71580004692078,3.67470002174377,3.68009996414185,0,3.68009996414185,"Brazil"
2016-03-25,3.67720007896423,3.68269991874695,3.65079998970032,3.67720007896423,0,3.67720007896423,"Brazil"
2016-03-27,3.6538999080658,3.6538999080658,3.6340000629425,3.68350005149841,0,3.68350005149841,"Brazil"
2016-03-28,3.64059996604919,3.67179989814758,3.59910011291504,3.67720007896423,0,3.67720007896423,"Brazil"
2016-03-29,3.63420009613037,3.64280009269714,3.59579992294312,3.63490009307861,0,3.63490009307861,"Brazil"
2016-03-30,3.5984001159668,3.62700009346008,3.52970004081726,3.5961000919342,0,3.5961000919342,"Brazil"
2016-03-31,3.5871000289917,3.61710000038147,3.53660011291504,3.5864999294281,0,3.5864999294281,"Brazil"
2016-04-03,3.5485999584198,3.60260009765625,3.53150010108948,3.5485999584198,0,3.5485999584198,"Brazil"
2016-04-04,3.61800003051758,3.66950011253357,3.60139989852905,3.61719989776611,0,3.61719989776611,"Brazil"
2016-04-05,3.67309999465942,3.70490002632141,3.65140008926392,3.67370009422302,0,3.67370009422302,"Brazil"
2016-04-06,3.63610005378723,3.70469999313354,3.61360001564026,3.63639998435974,0,3.63639998435974,"Brazil"
2016-04-07,3.68239998817444,3.68239998817444,3.61470007896423,3.6826000213623,0,3.6826000213623,"Brazil"
2016-04-10,3.58410000801086,3.58769989013672,3.50430011749268,3.58619999885559,0,3.58619999885559,"Brazil"
2016-04-11,3.48729991912842,3.55719995498657,3.46519994735718,3.48850011825562,0,3.48850011825562,"Brazil"
2016-04-12,3.48440003395081,3.55590009689331,3.48239994049072,3.48250007629395,0,3.48250007629395,"Brazil"
2016-04-13,3.49289989471436,3.52020001411438,3.49070000648499,3.49349999427795,0,3.49349999427795,"Brazil"
2016-04-14,3.47210001945496,3.53999996185303,3.44639992713928,3.47250008583069,0,3.47250008583069,"Brazil"
2016-04-17,3.52410006523132,3.60139989852905,3.4753999710083,3.53099989891052,0,3.53099989891052,"Brazil"
2016-04-18,3.60829997062683,3.61220002174377,3.53620004653931,3.60989999771118,0,3.60989999771118,"Brazil"
2016-04-19,3.52439999580383,3.56299996376038,3.50419998168945,3.52530002593994,0,3.52530002593994,"Brazil"
2016-04-20,3.52449989318848,3.53600001335144,3.50309991836548,3.52439999580383,0,3.52439999580383,"Brazil"
2016-04-21,3.52410006523132,3.59619998931885,3.52239990234375,3.52439999580383,0,3.52439999580383,"Brazil"
2016-04-24,3.5599000453949,3.5657000541687,3.53439998626709,3.56229996681213,0,3.56229996681213,"Brazil"
2016-04-25,3.54979991912842,3.55229997634888,3.52080011367798,3.55040001869202,0,3.55040001869202,"Brazil"
2016-04-26,3.521399974823,3.53990006446838,3.50999999046326,3.52020001411438,0,3.52020001411438,"Brazil"
2016-04-27,3.52040004730225,3.52360010147095,3.47740006446838,3.52150011062622,0,3.52150011062622,"Brazil"
2016-04-28,3.48009991645813,3.49210000038147,3.42470002174377,3.47970008850098,0,3.47970008850098,"Brazil"
2016-05-01,3.43140006065369,3.50379991531372,3.4128999710083,3.43280005455017,0,3.43280005455017,"Brazil"
2016-05-02,3.49690008163452,3.57710003852844,3.4811999797821,3.49650001525879,0,3.49650001525879,"Brazil"
2016-05-03,3.5550000667572,3.56820011138916,3.52579998970032,3.55489993095398,0,3.55489993095398,"Brazil"
2016-05-04,3.54520010948181,3.54620003700256,3.50480008125305,3.5453999042511,0,3.5453999042511,"Brazil"
2016-05-05,3.53449988365173,3.56859993934631,3.51309990882874,3.53309988975525,0,3.53309988975525,"Brazil"
2016-05-08,3.50449991226196,3.66409993171692,3.47390007972717,3.49900007247925,0,3.49900007247925,"Brazil"
2016-05-09,3.5139000415802,3.51550006866455,3.46580004692078,3.51300001144409,0,3.51300001144409,"Brazil"
2016-05-10,3.47040009498596,3.4760000705719,3.44309997558594,3.47040009498596,0,3.47040009498596,"Brazil"
2016-05-11,3.44810009002686,3.50040006637573,3.42249989509583,3.44700002670288,0,3.44700002670288,"Brazil"
2016-05-12,3.4770998954773,3.51659989356995,3.46090006828308,3.4770998954773,0,3.4770998954773,"Brazil"
2016-05-15,3.52789998054504,3.52940011024475,3.49219989776611,3.53020000457764,0,3.53020000457764,"Brazil"
2016-05-16,3.49559998512268,3.52150011062622,3.47679996490479,3.49449992179871,0,3.49449992179871,"Brazil"
2016-05-17,3.47930002212524,3.54850006103516,3.47930002212524,3.4860999584198,0,3.4860999584198,"Brazil"
2016-05-18,3.5576000213623,3.61279988288879,3.53169989585876,3.55850005149841,0,3.55850005149841,"Brazil"
2016-05-19,3.53299999237061,3.56119990348816,3.53299999237061,3.56089997291565,0,3.56089997291565,"Brazil"
2016-05-22,3.53749990463257,3.57299995422363,3.50999999046326,3.5573000907898,0,3.5573000907898,"Brazil"
2016-05-23,3.56629991531372,3.56839990615845,3.5395998954773,3.56649994850159,0,3.56649994850159,"Brazil"
2016-05-24,3.5599000453949,3.61779999732971,3.54609990119934,3.56730008125305,0,3.56730008125305,"Brazil"
2016-05-25,3.57789993286133,3.59500002861023,3.56089997291565,3.57690000534058,0,3.57690000534058,"Brazil"
2016-05-26,3.55520009994507,3.62420010566711,3.55520009994507,3.58270001411438,0,3.58270001411438,"Brazil"
2016-05-29,3.5815999507904,3.61229991912842,3.5815999507904,3.60890007019043,0,3.60890007019043,"Brazil"
2016-05-30,3.56669998168945,3.6091001033783,3.55130004882812,3.5673999786377,0,3.5673999786377,"Brazil"
2016-05-31,3.58439993858337,3.6314001083374,3.57240009307861,3.58319997787476,0,3.58319997787476,"Brazil"
2016-06-01,3.59109997749329,3.60560011863708,3.56410002708435,3.59100008010864,0,3.59100008010864,"Brazil"
2016-06-02,3.5796000957489,3.58999991416931,3.52579998970032,3.58010005950928,0,3.58010005950928,"Brazil"
2016-06-05,3.5297999382019,3.5297999382019,3.49990010261536,3.52449989318848,0,3.52449989318848,"Brazil"
2016-06-06,3.48370003700256,3.50950002670288,3.44970011711121,3.48449993133545,0,3.48449993133545,"Brazil"
2016-06-07,3.43709993362427,3.43869996070862,3.37059998512268,3.4349000453949,0,3.4349000453949,"Brazil"
2016-06-08,3.35750007629395,3.39369988441467,3.33570003509521,3.35750007629395,0,3.35750007629395,"Brazil"
2016-06-09,3.39619994163513,3.43950009346008,3.39010000228882,3.39590001106262,0,3.39590001106262,"Brazil"
2016-06-12,3.39829993247986,3.46230006217957,3.39299988746643,3.41580009460449,0,3.41580009460449,"Brazil"
2016-06-13,3.47790002822876,3.51029992103577,3.45020008087158,3.47729992866516,0,3.47729992866516,"Brazil"
2016-06-14,3.45539999008179,3.49130010604858,3.45539999008179,3.47510004043579,0,3.47510004043579,"Brazil"
2016-06-15,3.47000002861023,3.50460004806519,3.46799993515015,3.46930003166199,0,3.46930003166199,"Brazil"
2016-06-16,3.46160006523132,3.47449994087219,3.41890001296997,3.46119999885559,0,3.46119999885559,"Brazil"
2016-06-19,3.41409993171692,3.41420006752014,3.37039995193481,3.41280007362366,0,3.41280007362366,"Brazil"
2016-06-20,3.39039993286133,3.4038999080658,3.35249996185303,3.39170002937317,0,3.39170002937317,"Brazil"
2016-06-21,3.41260004043579,3.41260004043579,3.37540006637573,3.41210007667542,0,3.41210007667542,"Brazil"
2016-06-22,3.3743999004364,3.3756000995636,3.33769989013672,3.37430000305176,0,3.37430000305176,"Brazil"
2016-06-23,3.33579993247986,3.44320011138916,3.31529998779297,3.33699989318848,0,3.33699989318848,"Brazil"
2016-06-26,3.36770009994507,3.4070999622345,3.36290001869202,3.36770009994507,0,3.36770009994507,"Brazil"
2016-06-27,3.38770008087158,3.39260005950928,3.30620002746582,3.38930010795593,0,3.38930010795593,"Brazil"
2016-06-28,3.30130004882812,3.30299997329712,3.22519993782043,3.30250000953674,0,3.30250000953674,"Brazil"
2016-06-29,3.23650002479553,3.24469995498657,3.19079995155334,3.23760008811951,0,3.23760008811951,"Brazil"
2016-06-30,3.2104001045227,3.24399995803833,3.19140005111694,3.20589995384216,0,3.20589995384216,"Brazil"
2016-07-03,3.23320007324219,3.25189995765686,3.21059989929199,3.23060011863708,0,3.23060011863708,"Brazil"
2016-07-04,3.2885000705719,3.29530000686646,3.25480008125305,3.2885000705719,0,3.2885000705719,"Brazil"
2016-07-05,3.2966001033783,3.33459997177124,3.28250002861023,3.29909992218018,0,3.29909992218018,"Brazil"
2016-07-06,3.32690000534058,3.34809994697571,3.31920003890991,3.32699990272522,0,3.32699990272522,"Brazil"
2016-07-07,3.36129999160767,3.36310005187988,3.2804000377655,3.3610999584198,0,3.3610999584198,"Brazil"
2016-07-10,3.29520010948181,3.31480002403259,3.27410006523132,3.29769992828369,0,3.29769992828369,"Brazil"
2016-07-11,3.30579996109009,3.30890011787415,3.26060009002686,3.30719995498657,0,3.30719995498657,"Brazil"
2016-07-12,3.29270005226135,3.30399990081787,3.27489995956421,3.29349994659424,0,3.29349994659424,"Brazil"
2016-07-13,3.26119995117188,3.26489996910095,3.21199989318848,3.26160001754761,0,3.26160001754761,"Brazil"
2016-07-14,3.24880003929138,3.27449989318848,3.22950005531311,3.24839997291565,0,3.24839997291565,"Brazil"
2016-07-17,3.27029991149902,3.28090000152588,3.24410009384155,3.2765998840332,0,3.2765998840332,"Brazil"
2016-07-18,3.24810004234314,3.2804000377655,3.23130011558533,3.2493999004364,0,3.2493999004364,"Brazil"
2016-07-19,3.24810004234314,3.25830006599426,3.22979998588562,3.24790000915527,0,3.24790000915527,"Brazil"
2016-07-20,3.25069999694824,3.2658998966217,3.23810005187988,3.25270009040833,0,3.25270009040833,"Brazil"
2016-07-21,3.26729989051819,3.2895998954773,3.24850010871887,3.26859998703003,0,3.26859998703003,"Brazil"
2016-07-24,3.25149989128113,3.28600001335144,3.23650002479553,3.25149989128113,0,3.25149989128113,"Brazil"
2016-07-25,3.28340005874634,3.28859996795654,3.26799988746643,3.2820999622345,0,3.2820999622345,"Brazil"
2016-07-26,3.27309989929199,3.28670001029968,3.25530004501343,3.26999998092651,0,3.26999998092651,"Brazil"
2016-07-27,3.25830006599426,3.27679991722107,3.23779988288879,3.25859999656677,0,3.25859999656677,"Brazil"
2016-07-28,3.28259992599487,3.28859996795654,3.22659993171692,3.28189992904663,0,3.28189992904663,"Brazil"
2016-07-31,3.2467999458313,3.26629996299744,3.23850011825562,3.24620008468628,0,3.24620008468628,"Brazil"
2016-08-01,3.25690007209778,3.26789999008179,3.23440003395081,3.25839996337891,0,3.25839996337891,"Brazil"
2016-08-02,3.25419998168945,3.28819990158081,3.25149989128113,3.25279998779297,0,3.25279998779297,"Brazil"
2016-08-03,3.23460006713867,3.23810005187988,3.1949999332428,3.23460006713867,0,3.23460006713867,"Brazil"
2016-08-04,3.18630003929138,3.2039999961853,3.15790009498596,3.1868999004364,0,3.1868999004364,"Brazil"
2016-08-07,3.16009998321533,3.18580007553101,3.13980007171631,3.16070008277893,0,3.16070008277893,"Brazil"
2016-08-08,3.16729998588562,3.16980004310608,3.12380003929138,3.16860008239746,0,3.16860008239746,"Brazil"
2016-08-09,3.14289999008179,3.14529991149902,3.11030006408691,3.14289999008179,0,3.14289999008179,"Brazil"
2016-08-10,3.12630009651184,3.15000009536743,3.10120010375977,3.12470006942749,0,3.12470006942749,"Brazil"
2016-08-11,3.13960003852844,3.16650009155273,3.11870002746582,3.13899993896484,0,3.13899993896484,"Brazil"
2016-08-14,3.18989992141724,3.19169998168945,3.15680003166199,3.19050002098083,0,3.19050002098083,"Brazil"
2016-08-15,3.18510007858276,3.18989992141724,3.15510010719299,3.18479990959167,0,3.18479990959167,"Brazil"
2016-08-16,3.19770002365112,3.23140001296997,3.19300007820129,3.20120000839233,0,3.20120000839233,"Brazil"
2016-08-17,3.20490002632141,3.22989988327026,3.18120002746582,3.20479989051819,0,3.20479989051819,"Brazil"
2016-08-18,3.23810005187988,3.24410009384155,3.21709990501404,3.23790001869202,0,3.23790001869202,"Brazil"
2016-08-21,3.20560002326965,3.22359991073608,3.20099997520447,3.20449995994568,0,3.20449995994568,"Brazil"
2016-08-22,3.1988000869751,3.21569991111755,3.18440008163452,3.19869995117188,0,3.19869995117188,"Brazil"
2016-08-23,3.23519992828369,3.2474000453949,3.22620010375977,3.23550009727478,0,3.23550009727478,"Brazil"
2016-08-24,3.22300004959106,3.23900008201599,3.21449995040894,3.22329998016357,0,3.22329998016357,"Brazil"
2016-08-25,3.228600025177,3.23270010948181,3.18610000610352,3.22830009460449,0,3.22830009460449,"Brazil"
2016-08-28,3.26379990577698,3.28679990768433,3.23889994621277,3.26410007476807,0,3.26410007476807,"Brazil"
2016-08-29,3.22970008850098,3.26139998435974,3.20639991760254,3.22760009765625,0,3.22760009765625,"Brazil"
2016-08-30,3.23690009117126,3.24720001220703,3.21609997749329,3.23679995536804,0,3.23679995536804,"Brazil"
2016-08-31,3.22620010375977,3.25999999046326,3.20120000839233,3.2260000705719,0,3.2260000705719,"Brazil"
2016-09-01,3.24970006942749,3.26799988746643,3.22129988670349,3.2532000541687,0,3.2532000541687,"Brazil"
2016-09-04,3.2558000087738,3.27859997749329,3.24609994888306,3.25609993934631,0,3.25609993934631,"Brazil"
2016-09-05,3.2671000957489,3.28060007095337,3.2202000617981,3.26719999313354,0,3.26719999313354,"Brazil"
2016-09-06,3.19589996337891,3.21300005912781,3.17449998855591,3.19630002975464,0,3.19630002975464,"Brazil"
2016-09-07,3.19059991836548,3.21420001983643,3.1635000705719,3.1907000541687,0,3.1907000541687,"Brazil"
2016-09-08,3.2140998840332,3.27600002288818,3.21259999275208,3.21490001678467,0,3.21490001678467,"Brazil"
2016-09-11,3.27169990539551,3.30299997329712,3.26670002937317,3.27169990539551,0,3.27169990539551,"Brazil"
2016-09-12,3.24329996109009,3.31599998474121,3.24329996109009,3.24690008163452,0,3.24690008163452,"Brazil"
2016-09-13,3.31200003623962,3.34380006790161,3.29839992523193,3.31410002708435,0,3.31410002708435,"Brazil"
2016-09-14,3.34299993515015,3.36439990997314,3.31299996376038,3.34349989891052,0,3.34349989891052,"Brazil"
2016-09-15,3.29990005493164,3.31719994544983,3.28609991073608,3.29979991912842,0,3.29979991912842,"Brazil"
2016-09-18,3.26519989967346,3.27559995651245,3.25160002708435,3.26550006866455,0,3.26550006866455,"Brazil"
2016-09-19,3.27110004425049,3.27209997177124,3.24429988861084,3.27119994163513,0,3.27119994163513,"Brazil"
2016-09-20,3.25620007514954,3.25889992713928,3.22880005836487,3.25609993934631,0,3.25609993934631,"Brazil"
2016-09-21,3.2095000743866,3.21550011634827,3.17950010299683,3.20959997177124,0,3.20959997177124,"Brazil"
2016-09-22,3.21909999847412,3.23130011558533,3.20009994506836,3.21700000762939,0,3.21700000762939,"Brazil"
2016-09-25,3.2435998916626,3.25,3.23259997367859,3.24320006370544,0,3.24320006370544,"Brazil"
2016-09-26,3.24160003662109,3.24550008773804,3.21860003471375,3.24060010910034,0,3.24060010910034,"Brazil"
2016-09-27,3.23280000686646,3.25309991836548,3.23020005226135,3.23259997367859,0,3.23259997367859,"Brazil"
2016-09-28,3.2179000377655,3.23429989814758,3.21119999885559,3.21779990196228,0,3.21779990196228,"Brazil"
2016-09-29,3.2590000629425,3.25939989089966,3.22979998588562,3.25929999351501,0,3.25929999351501,"Brazil"
2016-10-02,3.26079988479614,3.26119995117188,3.22420001029968,3.25979995727539,0,3.25979995727539,"Brazil"
2016-10-03,3.20880007743835,3.23320007324219,3.20350003242493,3.20869994163513,0,3.20869994163513,"Brazil"
2016-10-04,3.25679993629456,3.25939989089966,3.22560000419617,3.25449991226196,0,3.25449991226196,"Brazil"
2016-10-05,3.21869993209839,3.24200010299683,3.2140998840332,3.21849989891052,0,3.21849989891052,"Brazil"
2016-10-06,3.22690010070801,3.2386999130249,3.18910002708435,3.22720003128052,0,3.22720003128052,"Brazil"
2016-10-09,3.22160005569458,3.22160005569458,3.19779992103577,3.21930003166199,0,3.21930003166199,"Brazil"
2016-10-10,3.20300006866455,3.22410011291504,3.19630002975464,3.20269989967346,0,3.20269989967346,"Brazil"
2016-10-11,3.19580006599426,3.20090007781982,3.19169998168945,3.19589996337891,0,3.19589996337891,"Brazil"
2016-10-12,3.2007999420166,3.21620011329651,3.19339990615845,3.20070004463196,0,3.20070004463196,"Brazil"
2016-10-13,3.1774001121521,3.19630002975464,3.15590000152588,3.17729997634888,0,3.17729997634888,"Brazil"
2016-10-16,3.20390009880066,3.20390009880066,3.18519997596741,3.20199990272522,0,3.20199990272522,"Brazil"
2016-10-17,3.20390009880066,3.2046000957489,3.17519998550415,3.20420002937317,0,3.20420002937317,"Brazil"
2016-10-18,3.18309998512268,3.19519996643066,3.16319990158081,3.1816999912262,0,3.1816999912262,"Brazil"
2016-10-19,3.16680002212524,3.16910004615784,3.14919996261597,3.166100025177,0,3.166100025177,"Brazil"
2016-10-20,3.13560009002686,3.16400003433228,3.13470005989075,3.13910007476807,0,3.13910007476807,"Brazil"
2016-10-23,3.14540004730225,3.15089988708496,3.11590003967285,3.14890003204346,0,3.14890003204346,"Brazil"
2016-10-24,3.1243999004364,3.13389992713928,3.09809994697571,3.12450003623962,0,3.12450003623962,"Brazil"
2016-10-25,3.11039996147156,3.13299989700317,3.10689997673035,3.11039996147156,0,3.11039996147156,"Brazil"
2016-10-26,3.13919997215271,3.15930008888245,3.12700009346008,3.13879990577698,0,3.13879990577698,"Brazil"
2016-10-27,3.16179990768433,3.19260001182556,3.15450000762939,3.16529989242554,0,3.16529989242554,"Brazil"
2016-10-31,3.20309996604919,3.20469999313354,3.16319990158081,3.20309996604919,0,3.20309996604919,"Brazil"
2016-11-01,3.19790005683899,3.23009991645813,3.17350006103516,3.1981999874115,0,3.1981999874115,"Brazil"
2016-11-02,3.23539996147156,3.24140000343323,3.21950006484985,3.23510003089905,0,3.23510003089905,"Brazil"
2016-11-03,3.25239992141724,3.25250005722046,3.21810007095337,3.2525999546051,0,3.2525999546051,"Brazil"
2016-11-04,3.25839996337891,3.26040005683899,3.22699999809265,3.25839996337891,0,3.25839996337891,"Brazil"
2016-11-07,3.23230004310608,3.24140000343323,3.18400001525879,3.23230004310608,0,3.23230004310608,"Brazil"
2016-11-08,3.2007999420166,3.21259999275208,3.1868999004364,3.20090007781982,0,3.20090007781982,"Brazil"
2016-11-09,3.16759991645813,3.2451000213623,3.16199994087219,3.16810011863708,0,3.16810011863708,"Brazil"
2016-11-10,3.2328999042511,3.38529992103577,3.20650005340576,3.23300004005432,0,3.23300004005432,"Brazil"
2016-11-11,3.39479994773865,3.49410009384155,3.38260006904602,3.39560008049011,0,3.39560008049011,"Brazil"
2016-11-14,3.39170002937317,3.47309994697571,3.38649988174438,3.39000010490417,0,3.39000010490417,"Brazil"
2016-11-15,3.43930006027222,3.44420003890991,3.43190002441406,3.44029998779297,0,3.44029998779297,"Brazil"
2016-11-16,3.44180011749268,3.44420003890991,3.3996000289917,3.44169998168945,0,3.44169998168945,"Brazil"
2016-11-17,3.45029997825623,3.45160007476807,3.37380003929138,3.45070004463196,0,3.45070004463196,"Brazil"
2016-11-18,3.43120002746582,3.43709993362427,3.3691999912262,3.43239998817444,0,3.43239998817444,"Brazil"
2016-11-21,3.38319993019104,3.38319993019104,3.33669996261597,3.38229990005493,0,3.38229990005493,"Brazil"
2016-11-22,3.38750004768372,3.38750004768372,3.32710003852844,3.38739991188049,0,3.38739991188049,"Brazil"
2016-11-23,3.36269998550415,3.41160011291504,3.34969997406006,3.36360001564026,0,3.36360001564026,"Brazil"
2016-11-24,3.43070006370544,3.43770003318787,3.38269996643066,3.4310998916626,0,3.4310998916626,"Brazil"
2016-11-25,3.39059996604919,3.46239995956421,3.38779997825623,3.39070010185242,0,3.39070010185242,"Brazil"
2016-11-28,3.4210000038147,3.42219996452332,3.38680005073547,3.4210000038147,0,3.4210000038147,"Brazil"
2016-11-29,3.40680003166199,3.40989995002747,3.37660002708435,3.40720009803772,0,3.40720009803772,"Brazil"
2016-11-30,3.45379996299744,3.4539999961853,3.37859988212585,3.45379996299744,0,3.45379996299744,"Brazil"
2016-12-01,3.40420007705688,3.47639989852905,3.38220000267029,3.40630006790161,0,3.40630006790161,"Brazil"
2016-12-02,3.57629990577698,3.57730007171631,3.44350004196167,3.57299995422363,0,3.57299995422363,"Brazil"
2016-12-05,3.47469997406006,3.50430011749268,3.44190001487732,3.47469997406006,0,3.47469997406006,"Brazil"
2016-12-06,3.42009997367859,3.46140003204346,3.41669988632202,3.42000007629395,0,3.42000007629395,"Brazil"
2016-12-07,3.40650010108948,3.4077000617981,3.36400008201599,3.40630006790161,0,3.40630006790161,"Brazil"
2016-12-08,3.38150000572205,3.41449999809265,3.36969995498657,3.38159990310669,0,3.38159990310669,"Brazil"
2016-12-09,3.3743999004364,3.40799999237061,3.35010004043579,3.37369990348816,0,3.37369990348816,"Brazil"
2016-12-12,3.37770009040833,3.40560007095337,3.3364999294281,3.37700009346008,0,3.37700009346008,"Brazil"
2016-12-13,3.3371000289917,3.36420011520386,3.31760001182556,3.33730006217957,0,3.33730006217957,"Brazil"
2016-12-14,3.333899974823,3.34710001945496,3.30209994316101,3.33419990539551,0,3.33419990539551,"Brazil"
2016-12-15,3.36890006065369,3.40659999847412,3.34680008888245,3.36899995803833,0,3.36899995803833,"Brazil"
2016-12-16,3.36770009994507,3.40499997138977,3.34299993515015,3.36570000648499,0,3.36570000648499,"Brazil"
2016-12-19,3.39240002632141,3.40109992027283,3.36680006980896,3.39039993286133,0,3.39039993286133,"Brazil"
2016-12-20,3.36319994926453,3.37680006027222,3.34890007972717,3.36389994621277,0,3.36389994621277,"Brazil"
2016-12-21,3.35330009460449,3.35730004310608,3.32480001449585,3.35310006141663,0,3.35310006141663,"Brazil"
2016-12-22,3.32550001144409,3.34599995613098,3.31500005722046,3.32540011405945,0,3.32540011405945,"Brazil"
2016-12-23,3.2859001159668,3.28929996490479,3.25950002670288,3.28629994392395,0,3.28629994392395,"Brazil"
2016-12-26,3.26950001716614,3.27279996871948,3.26950001716614,3.26950001716614,0,3.26950001716614,"Brazil"
2016-12-27,3.26979994773865,3.28640007972717,3.26600003242493,3.26959991455078,0,3.26959991455078,"Brazil"
2016-12-28,3.26959991455078,3.29380011558533,3.25349998474121,3.26939988136292,0,3.26939988136292,"Brazil"
2016-12-29,3.28430008888245,3.28430008888245,3.24210000038147,3.28250002861023,0,3.28250002861023,"Brazil"
2016-12-30,3.2525999546051,3.25510001182556,3.24970006942749,3.25230002403259,0,3.25230002403259,"Brazil"
2017-01-02,3.2532000541687,3.27970004081726,3.24270009994507,3.2532000541687,0,3.2532000541687,"Brazil"
2017-01-03,3.28410005569458,3.28970003128052,3.24749994277954,3.28399991989136,0,3.28399991989136,"Brazil"
2017-01-04,3.26349997520447,3.26430010795593,3.21880006790161,3.26349997520447,0,3.26349997520447,"Brazil"
2017-01-05,3.21490001678467,3.22760009765625,3.19980001449585,3.2140998840332,0,3.2140998840332,"Brazil"
2017-01-06,3.19749999046326,3.21180009841919,3.18939995765686,3.19770002365112,0,3.19770002365112,"Brazil"
2017-01-09,3.22239995002747,3.22699999809265,3.19609999656677,3.2221999168396,0,3.2221999168396,"Brazil"
2017-01-10,3.19309997558594,3.19700002670288,3.1793999671936,3.19549989700317,0,3.19549989700317,"Brazil"
2017-01-11,3.19440007209778,3.22250008583069,3.18829989433289,3.19449996948242,0,3.19449996948242,"Brazil"
2017-01-12,3.19600009918213,3.19720005989075,3.15659999847412,3.19630002975464,0,3.19630002975464,"Brazil"
2017-01-13,3.18639993667603,3.21919989585876,3.17989993095398,3.18680000305176,0,3.18680000305176,"Brazil"
2017-01-16,3.21979999542236,3.23079991340637,3.2114999294281,3.18680000305176,0,3.18680000305176,"Brazil"
2017-01-17,3.2399001121521,3.24130010604858,3.19849991798401,3.24049997329712,0,3.24049997329712,"Brazil"
2017-01-18,3.20989990234375,3.22779989242554,3.18050003051758,3.20980000495911,0,3.20980000495911,"Brazil"
2017-01-19,3.230299949646,3.23340010643005,3.19889998435974,3.22959995269775,0,3.22959995269775,"Brazil"
2017-01-20,3.19289994239807,3.19829988479614,3.18400001525879,3.19490003585815,0,3.19490003585815,"Brazil"
2017-01-23,3.16890001296997,3.1716001033783,3.15510010719299,3.14229989051819,0,3.14229989051819,"Brazil"
2017-01-24,3.16149997711182,3.17109990119934,3.15689992904663,3.16170001029968,0,3.16170001029968,"Brazil"
2017-01-25,3.1686999797821,3.17090010643005,3.15910005569458,3.1686999797821,0,3.1686999797821,"Brazil"
2017-01-26,3.16890001296997,3.18779993057251,3.14829993247986,3.16849994659424,0,3.16849994659424,"Brazil"
2017-01-27,3.17569994926453,3.17980003356934,3.1440999507904,3.17610001564026,0,3.17610001564026,"Brazil"
2017-01-30,3.13870000839233,3.15120005607605,3.11829996109009,3.10960006713867,0,3.10960006713867,"Brazil"
2017-01-31,3.12520003318787,3.13529992103577,3.10560011863708,3.12549996376038,0,3.12549996376038,"Brazil"
2017-02-01,3.1479001045227,3.1603000164032,3.13439989089966,3.15009999275208,0,3.15009999275208,"Brazil"
2017-02-02,3.12809991836548,3.1298999786377,3.10780000686646,3.12800002098083,0,3.12800002098083,"Brazil"
2017-02-03,3.12220001220703,3.13560009002686,3.10459995269775,3.12249994277954,0,3.12249994277954,"Brazil"
2017-02-06,3.1159999370575,3.12389993667603,3.10640001296997,3.11949992179871,0,3.11949992179871,"Brazil"
2017-02-07,3.11479997634888,3.13330006599426,3.1117000579834,3.1136999130249,0,3.1136999130249,"Brazil"
2017-02-08,3.11669993400574,3.12680006027222,3.11549997329712,3.11669993400574,0,3.11669993400574,"Brazil"
2017-02-09,3.11610007286072,3.12509989738464,3.11260008811951,3.11590003967285,0,3.11590003967285,"Brazil"
2017-02-10,3.12859988212585,3.12930011749268,3.10710000991821,3.12879991531372,0,3.12879991531372,"Brazil"
2017-02-13,3.11579990386963,3.12100005149841,3.10960006713867,3.10710000991821,0,3.10710000991821,"Brazil"
2017-02-14,3.10999989509583,3.11520004272461,3.09120011329651,3.11010003089905,0,3.11010003089905,"Brazil"
2017-02-15,3.08349990844727,3.0896999835968,3.05809998512268,3.08119988441467,0,3.08119988441467,"Brazil"
2017-02-16,3.05599999427795,3.05809998512268,3.04130005836487,3.0560998916626,0,3.0560998916626,"Brazil"
2017-02-17,3.08529996871948,3.10549998283386,3.0806999206543,3.08750009536743,0,3.08750009536743,"Brazil"
2017-02-20,3.10349988937378,3.103600025177,3.08279991149902,3.09549999237061,0,3.09549999237061,"Brazil"
2017-02-21,3.08550000190735,3.10199999809265,3.08290004730225,3.08550000190735,0,3.08550000190735,"Brazil"
2017-02-22,3.09409999847412,3.09669995307922,3.07240009307861,3.09389996528625,0,3.09389996528625,"Brazil"
2017-02-23,3.06240010261536,3.07200002670288,3.05040001869202,3.06229996681213,0,3.06229996681213,"Brazil"
2017-02-24,3.06010007858276,3.10389995574951,3.05570006370544,3.06030011177063,0,3.06030011177063,"Brazil"
2017-02-27,3.10949993133545,3.11190009117126,3.10479998588562,3.0945999622345,0,3.0945999622345,"Brazil"
2017-02-28,3.10750007629395,3.10870003700256,3.08579993247986,3.105299949646,0,3.105299949646,"Brazil"
2017-03-01,3.10809993743896,3.1168999671936,3.10549998283386,3.10800004005432,0,3.10800004005432,"Brazil"
2017-03-02,3.08949995040894,3.1256000995636,3.07739996910095,3.08820009231567,0,3.08820009231567,"Brazil"
2017-03-03,3.15520000457764,3.1570999622345,3.12789988517761,3.15459990501404,0,3.15459990501404,"Brazil"
2017-03-06,3.11529994010925,3.12039995193481,3.09489989280701,3.11999988555908,0,3.11999988555908,"Brazil"
2017-03-07,3.13739991188049,3.13849997520447,3.10999989509583,3.13720011711121,0,3.13720011711121,"Brazil"
2017-03-08,3.11840009689331,3.15190005302429,3.11560010910034,3.11590003967285,0,3.11590003967285,"Brazil"
2017-03-09,3.16140007972717,3.18269991874695,3.15779995918274,3.15930008888245,0,3.15930008888245,"Brazil"
2017-03-10,3.19140005111694,3.19400000572205,3.15050005912781,3.19129991531372,0,3.19129991531372,"Brazil"
2017-03-13,3.13820004463196,3.15759992599487,3.13100004196167,3.14750003814697,0,3.14750003814697,"Brazil"
2017-03-14,3.1521999835968,3.16639995574951,3.13720011711121,3.15240001678467,0,3.15240001678467,"Brazil"
2017-03-15,3.1635000705719,3.17799997329712,3.14249992370605,3.16370010375977,0,3.16370010375977,"Brazil"
2017-03-16,3.10220003128052,3.11719989776611,3.08699989318848,3.09990000724792,0,3.09990000724792,"Brazil"
2017-03-17,3.1191999912262,3.12059998512268,3.0903000831604,3.11929988861084,0,3.11929988861084,"Brazil"
2017-03-20,3.09179997444153,3.11350011825562,3.07890009880066,3.08660006523132,0,3.08660006523132,"Brazil"
2017-03-21,3.07089996337891,3.09069991111755,3.0534999370575,3.07100009918213,0,3.07100009918213,"Brazil"
2017-03-22,3.08669996261597,3.10409998893738,3.08200001716614,3.08680009841919,0,3.08680009841919,"Brazil"
2017-03-23,3.08260011672974,3.13210010528564,3.07189989089966,3.08480000495911,0,3.08480000495911,"Brazil"
2017-03-24,3.13820004463196,3.14689993858337,3.11409997940063,3.13809990882874,0,3.13809990882874,"Brazil"
2017-03-26,3.10630011558533,3.13339996337891,3.09150004386902,3.10969996452332,0,3.10969996452332,"Brazil"
2017-03-27,3.12170004844666,3.13479995727539,3.12069988250732,3.12520003318787,0,3.12520003318787,"Brazil"
2017-03-28,3.13709998130798,3.14109992980957,3.11420011520386,3.13840007781982,0,3.13840007781982,"Brazil"
2017-03-29,3.12199997901917,3.13350009918213,3.09629988670349,3.12210011482239,0,3.12210011482239,"Brazil"
2017-03-30,3.14759993553162,3.17470002174377,3.12549996376038,3.14770007133484,0,3.14770007133484,"Brazil"
2017-04-02,3.12030005455017,3.13150000572205,3.10120010375977,3.1217999458313,0,3.1217999458313,"Brazil"
2017-04-03,3.11330008506775,3.13579988479614,3.11059999465942,3.11299991607666,0,3.11299991607666,"Brazil"
2017-04-04,3.09310007095337,3.0971999168396,3.07179999351501,3.09559988975525,0,3.09559988975525,"Brazil"
2017-04-05,3.11999988555908,3.125,3.09820008277893,3.11960005760193,0,3.11960005760193,"Brazil"
2017-04-06,3.1414999961853,3.14359998703003,3.12159991264343,3.1414999961853,0,3.1414999961853,"Brazil"
2017-04-09,3.14599990844727,3.15249991416931,3.13010001182556,3.144700050354,0,3.144700050354,"Brazil"
2017-04-10,3.12829995155334,3.15179991722107,3.1256000995636,3.13179993629456,0,3.13179993629456,"Brazil"
2017-04-11,3.13689994812012,3.15039992332458,3.13150000572205,3.13680005073547,0,3.13680005073547,"Brazil"
2017-04-12,3.12360000610352,3.1356999874115,3.11770009994507,3.12350010871887,0,3.12350010871887,"Brazil"
2017-04-13,3.14369988441467,3.1440999507904,3.14100003242493,3.14240002632141,0,3.14240002632141,"Brazil"
2017-04-16,3.14019989967346,3.144700050354,3.09929990768433,3.14369988441467,0,3.14369988441467,"Brazil"
2017-04-17,3.14019989967346,3.14019989967346,3.08119988441467,3.13030004501343,0,3.13030004501343,"Brazil"
2017-04-18,3.10649991035461,3.13910007476807,3.09439992904663,3.10649991035461,0,3.10649991035461,"Brazil"
2017-04-19,3.14849996566772,3.15039992332458,3.12529993057251,3.14829993247986,0,3.14829993247986,"Brazil"
2017-04-20,3.1470000743866,3.15450000762939,3.1440999507904,3.14709997177124,0,3.14709997177124,"Brazil"
2017-04-23,3.14680004119873,3.14849996566772,3.07789993286133,3.14680004119873,0,3.14680004119873,"Brazil"
2017-04-24,3.12350010871887,3.16330003738403,3.10949993133545,3.12700009346008,0,3.12700009346008,"Brazil"
2017-04-25,3.14709997177124,3.18980002403259,3.13050007820129,3.14720010757446,0,3.14720010757446,"Brazil"
2017-04-26,3.1710000038147,3.18790006637573,3.15700006484985,3.17109990119934,0,3.17109990119934,"Brazil"
2017-04-27,3.17750000953674,3.20869994163513,3.15849995613098,3.1810998916626,0,3.1810998916626,"Brazil"
2017-04-30,3.17330002784729,3.17540001869202,3.16759991645813,3.17610001564026,0,3.17610001564026,"Brazil"
2017-05-01,3.17510008811951,3.1875,3.16070008277893,3.17510008811951,0,3.17510008811951,"Brazil"
2017-05-02,3.15000009536743,3.15910005569458,3.13599991798401,3.15019989013672,0,3.15019989013672,"Brazil"
2017-05-03,3.16249990463257,3.18390011787415,3.13720011711121,3.16210007667542,0,3.16210007667542,"Brazil"
2017-05-04,3.1849000453949,3.1907000541687,3.16829991340637,3.1849000453949,0,3.1849000453949,"Brazil"
2017-05-07,3.16650009155273,3.19580006599426,3.16650009155273,3.17770004272461,0,3.17770004272461,"Brazil"
2017-05-08,3.1965000629425,3.1975998878479,3.17860007286072,3.19639992713928,0,3.19639992713928,"Brazil"
2017-05-09,3.18889999389648,3.18950009346008,3.15370011329651,3.18680000305176,0,3.18680000305176,"Brazil"
2017-05-10,3.16599988937378,3.16689991950989,3.14630007743835,3.16569995880127,0,3.16569995880127,"Brazil"
2017-05-11,3.13879990577698,3.15050005912781,3.11849999427795,3.13899993896484,0,3.13899993896484,"Brazil"
2017-05-14,3.12409996986389,3.12450003623962,3.09489989280701,3.17770004272461,0,3.17770004272461,"Brazil"
2017-05-15,3.10470008850098,3.10890007019043,3.08890008926392,3.10820007324219,0,3.10820007324219,"Brazil"
2017-05-16,3.09570002555847,3.11179995536804,3.09279990196228,3.09579992294312,0,3.09579992294312,"Brazil"
2017-05-17,3.1356999874115,3.40520000457764,3.13109993934631,3.13339996337891,0,3.13339996337891,"Brazil"
2017-05-18,3.36879992485046,3.36940002441406,3.27430009841919,3.36899995803833,0,3.36899995803833,"Brazil"
2017-05-21,3.25589990615845,3.30469989776611,3.22970008850098,3.25329995155334,0,3.25329995155334,"Brazil"
2017-05-22,3.26550006866455,3.27649998664856,3.25589990615845,3.26539993286133,0,3.26539993286133,"Brazil"
2017-05-23,3.26519989967346,3.27500009536743,3.25029993057251,3.26859998703003,0,3.26859998703003,"Brazil"
2017-05-24,3.2739999294281,3.28859996795654,3.2658998966217,3.27419996261597,0,3.27419996261597,"Brazil"
2017-05-25,3.27349996566772,3.28999996185303,3.24959993362427,3.27349996566772,0,3.27349996566772,"Brazil"
2017-05-28,3.2581000328064,3.2729001045227,3.25629997253418,3.17770004272461,0,3.17770004272461,"Brazil"
2017-05-29,3.2551999092102,3.26749992370605,3.25270009040833,3.25539994239807,0,3.25539994239807,"Brazil"
2017-05-30,3.25629997253418,3.25850009918213,3.23699998855591,3.25620007514954,0,3.25620007514954,"Brazil"
2017-05-31,3.22519993782043,3.23699998855591,3.21880006790161,3.22510004043579,0,3.22510004043579,"Brazil"
2017-06-01,3.24909996986389,3.25,3.22830009460449,3.24900007247925,0,3.24900007247925,"Brazil"
2017-06-04,3.24690008163452,3.29189991950989,3.24210000038147,3.24920010566711,0,3.24920010566711,"Brazil"
2017-06-05,3.29259991645813,3.29900002479553,3.27180004119873,3.29609990119934,0,3.29609990119934,"Brazil"
2017-06-06,3.27600002288818,3.28299999237061,3.26679992675781,3.27600002288818,0,3.27600002288818,"Brazil"
2017-06-07,3.26530003547668,3.28679990768433,3.26489996910095,3.26729989051819,0,3.26729989051819,"Brazil"
2017-06-08,3.25979995727539,3.27940011024475,3.25469994544983,3.25959992408752,0,3.25959992408752,"Brazil"
2017-06-11,3.2936999797821,3.30979990959167,3.2739999294281,3.17770004272461,0,3.17770004272461,"Brazil"
2017-06-12,3.31669998168945,3.3313000202179,3.29789996147156,3.31669998168945,0,3.31669998168945,"Brazil"
2017-06-13,3.31100010871887,3.31520009040833,3.27040004730225,3.31439995765686,0,3.31439995765686,"Brazil"
2017-06-14,3.27270007133484,3.28279995918274,3.27020001411438,3.27259993553162,0,3.27259993553162,"Brazil"
2017-06-15,3.27559995651245,3.29380011558533,3.27130007743835,3.27360010147095,0,3.27360010147095,"Brazil"
2017-06-18,3.28929996490479,3.31180000305176,3.28110003471375,3.28859996795654,0,3.28859996795654,"Brazil"
2017-06-19,3.28099989891052,3.31940007209778,3.2788999080658,3.28110003471375,0,3.28110003471375,"Brazil"
2017-06-20,3.32200002670288,3.32750010490417,3.31419992446899,3.32550001144409,0,3.32550001144409,"Brazil"
2017-06-21,3.33330011367798,3.34400010108948,3.32240009307861,3.33340001106262,0,3.33340001106262,"Brazil"
2017-06-22,3.33820009231567,3.34179997444153,3.3257999420166,3.3396999835968,0,3.3396999835968,"Brazil"
2017-06-25,3.3396999835968,3.34240007400513,3.30739998817444,3.34150004386902,0,3.34150004386902,"Brazil"
2017-06-26,3.29489994049072,3.32419991493225,3.27279996871948,3.29480004310608,0,3.29480004310608,"Brazil"
2017-06-27,3.31200003623962,3.31299996376038,3.29719996452332,3.31200003623962,0,3.31200003623962,"Brazil"
2017-06-28,3.2797999382019,3.30200004577637,3.27679991722107,3.27950000762939,0,3.27950000762939,"Brazil"
2017-06-29,3.30279994010925,3.31159996986389,3.29119992256165,3.30270004272461,0,3.30270004272461,"Brazil"
2017-07-02,3.29679989814758,3.31979990005493,3.2804000377655,3.17770004272461,0,3.17770004272461,"Brazil"
2017-07-03,3.29699993133545,3.30979990959167,3.29570007324219,3.30049991607666,0,3.30049991607666,"Brazil"
2017-07-04,3.27789998054504,3.3289999961853,3.27789998054504,3.30920004844666,0,3.30920004844666,"Brazil"
2017-07-05,3.28349995613098,3.31550002098083,3.28349995613098,3.28699994087219,0,3.28699994087219,"Brazil"
2017-07-06,3.29719996452332,3.29839992523193,3.27430009841919,3.29730010032654,0,3.29730010032654,"Brazil"
2017-07-09,3.2788999080658,3.29999995231628,3.25740003585815,3.17770004272461,0,3.17770004272461,"Brazil"
2017-07-10,NA,NA,NA,NA,NA,NA,"Brazil"
2017-07-11,3.25309991836548,3.25379991531372,3.21600008010864,3.25309991836548,0,3.25309991836548,"Brazil"
2017-07-12,3.207200050354,3.21679997444153,3.19919991493225,3.20679998397827,0,3.20679998397827,"Brazil"
2017-07-13,3.20650005340576,3.21059989929199,3.18269991874695,3.21000003814697,0,3.21000003814697,"Brazil"
2017-07-16,3.18149995803833,3.18530011177063,3.17490005493164,3.17770004272461,0,3.17770004272461,"Brazil"
2017-07-17,3.15429997444153,3.18199992179871,3.15300011634827,3.18120002746582,0,3.18120002746582,"Brazil"
2017-07-18,3.1528000831604,3.16059994697571,3.14779996871948,3.15269994735718,0,3.15269994735718,"Brazil"
2017-07-19,3.14980006217957,3.1528000831604,3.12619996070862,3.14770007133484,0,3.14770007133484,"Brazil"
2017-07-20,3.09470009803772,3.12579989433289,3.09470009803772,3.11840009689331,0,3.11840009689331,"Brazil"
2017-07-23,3.13949990272522,3.14930009841919,3.13439989089966,3.17770004272461,0,3.17770004272461,"Brazil"
2017-07-24,3.14269995689392,3.16519999504089,3.13860011100769,3.14439988136292,0,3.14439988136292,"Brazil"
2017-07-25,3.16919994354248,3.17400002479553,3.15109992027283,3.17120003700256,0,3.17120003700256,"Brazil"
2017-07-26,3.1340000629425,3.15739989280701,3.11610007286072,3.13750004768372,0,3.13750004768372,"Brazil"
2017-07-27,3.15249991416931,3.15650010108948,3.13980007171631,3.15260004997253,0,3.15260004997253,"Brazil"
2017-07-30,3.13039994239807,3.14140009880066,3.12199997901917,3.17770004272461,0,3.17770004272461,"Brazil"
2017-07-31,3.12569999694824,3.12680006027222,3.10969996452332,3.12579989433289,0,3.12579989433289,"Brazil"
2017-08-01,3.12610006332397,3.13429999351501,3.11999988555908,3.12280011177063,0,3.12280011177063,"Brazil"
2017-08-02,3.09980010986328,3.12520003318787,3.09240007400513,3.11220002174377,0,3.11220002174377,"Brazil"
2017-08-03,3.11150002479553,3.12730002403259,3.10380005836487,3.11150002479553,0,3.11150002479553,"Brazil"
2017-08-06,3.11619997024536,3.1308000087738,3.1078999042511,3.12930011749268,0,3.12930011749268,"Brazil"
2017-08-07,3.12430000305176,3.13439989089966,3.11999988555908,3.12420010566711,0,3.12420010566711,"Brazil"
2017-08-08,3.12619996070862,3.14800000190735,3.12369990348816,3.12590003013611,0,3.12590003013611,"Brazil"
2017-08-09,3.15420007705688,3.15899991989136,3.14820003509521,3.15229988098145,0,3.15229988098145,"Brazil"
2017-08-10,3.17370009422302,3.17529988288879,3.16219997406006,3.1735999584198,0,3.1735999584198,"Brazil"
2017-08-13,3.18880009651184,3.20269989967346,3.17300009727478,3.17770004272461,0,3.17770004272461,"Brazil"
2017-08-14,3.18700003623962,3.20180010795593,3.18460011482239,3.18720006942749,0,3.18720006942749,"Brazil"
2017-08-15,3.16770005226135,3.17470002174377,3.16359996795654,3.16759991645813,0,3.16759991645813,"Brazil"
2017-08-16,3.12849998474121,3.16420006752014,3.12849998474121,3.15140008926392,0,3.15140008926392,"Brazil"
2017-08-17,3.17339992523193,3.17429995536804,3.15310001373291,3.17330002784729,0,3.17330002784729,"Brazil"
2017-08-20,3.14490008354187,3.14930009841919,3.13450002670288,3.17770004272461,0,3.17770004272461,"Brazil"
2017-08-21,3.16280007362366,3.1635000705719,3.14720010757446,3.16300010681152,0,3.16300010681152,"Brazil"
2017-08-22,3.16059994697571,3.16659998893738,3.15210008621216,3.16050004959106,0,3.16050004959106,"Brazil"
2017-08-23,3.13919997215271,3.14429998397827,3.13330006599426,3.13930010795593,0,3.13930010795593,"Brazil"
2017-08-24,3.14310002326965,3.14980006217957,3.13560009002686,3.14650011062622,0,3.14650011062622,"Brazil"
2017-08-27,3.15580010414124,3.16000008583069,3.14820003509521,3.15869998931885,0,3.15869998931885,"Brazil"
2017-08-28,3.16569995880127,3.1742000579834,3.15890002250671,3.16580009460449,0,3.16580009460449,"Brazil"
2017-08-29,3.16429996490479,3.16960000991821,3.16039991378784,3.16420006752014,0,3.16420006752014,"Brazil"
2017-08-30,3.15890002250671,3.16599988937378,3.13980007171631,3.15879988670349,0,3.15879988670349,"Brazil"
2017-08-31,3.12649989128113,3.14669990539551,3.12280011177063,3.14599990844727,0,3.14599990844727,"Brazil"
2017-09-03,3.13579988479614,3.14350008964539,3.13479995727539,3.17770004272461,0,3.17770004272461,"Brazil"
2017-09-04,3.13919997215271,3.14059996604919,3.11360001564026,3.13940000534058,0,3.13940000534058,"Brazil"
2017-09-05,3.11560010910034,3.11739993095398,3.10859990119934,3.11579990386963,0,3.11579990386963,"Brazil"
2017-09-06,3.09750008583069,3.10700011253357,3.09509992599487,3.09789991378784,0,3.09789991378784,"Brazil"
2017-09-07,3.0978000164032,3.09910011291504,3.08509993553162,3.09759998321533,0,3.09759998321533,"Brazil"
2017-09-10,3.08850002288818,3.09899997711182,3.07879996299744,3.17770004272461,0,3.17770004272461,"Brazil"
2017-09-11,3.10150003433228,3.12159991264343,3.08240008354187,3.09969997406006,0,3.09969997406006,"Brazil"
2017-09-12,3.12380003929138,3.13779997825623,3.12150001525879,3.12190008163452,0,3.12190008163452,"Brazil"
2017-09-13,3.13260006904602,3.14369988441467,3.11590003967285,3.13159990310669,0,3.13159990310669,"Brazil"
2017-09-14,3.11619997024536,3.12960004806519,3.11540007591248,3.11809992790222,0,3.11809992790222,"Brazil"
2017-09-17,3.11199998855591,3.1301999092102,3.10549998283386,3.10969996452332,0,3.10969996452332,"Brazil"
2017-09-18,3.1314001083374,3.1356999874115,3.12540006637573,3.13490009307861,0,3.13490009307861,"Brazil"
2017-09-19,3.1331000328064,3.13590002059937,3.1217999458313,3.13280010223389,0,3.13280010223389,"Brazil"
2017-09-20,3.1308000087738,3.1389000415802,3.12700009346008,3.13059997558594,0,3.13059997558594,"Brazil"
2017-09-21,3.13280010223389,3.13800001144409,3.12199997901917,3.13450002670288,0,3.13450002670288,"Brazil"
2017-09-24,3.11719989776611,3.15009999275208,3.11719989776611,3.12350010871887,0,3.12350010871887,"Brazil"
2017-09-25,3.15729999542236,3.17090010643005,3.15300011634827,3.15729999542236,0,3.15729999542236,"Brazil"
2017-09-26,3.16589999198914,3.1975998878479,3.15459990501404,3.16389989852905,0,3.16389989852905,"Brazil"
2017-09-27,3.19149994850159,3.19470000267029,3.1742000579834,3.19190001487732,0,3.19190001487732,"Brazil"
2017-09-28,3.17120003700256,3.18819999694824,3.15650010108948,3.18090009689331,0,3.18090009689331,"Brazil"
2017-10-01,3.16219997406006,3.17109990119934,3.15669989585876,3.16339993476868,0,3.16339993476868,"Brazil"
2017-10-02,3.15330004692078,3.16149997711182,3.13980007171631,3.15289998054504,0,3.15289998054504,"Brazil"
2017-10-03,3.14100003242493,3.1431999206543,3.12129998207092,3.14079999923706,0,3.14079999923706,"Brazil"
2017-10-04,3.13339996337891,3.13759994506836,3.1198000907898,3.13319993019104,0,3.13319993019104,"Brazil"
2017-10-05,3.15229988098145,3.17079997062683,3.1489999294281,3.15240001678467,0,3.15240001678467,"Brazil"
2017-10-08,3.12330007553101,3.18659996986389,3.12330007553101,3.15549993515015,0,3.15549993515015,"Brazil"
2017-10-09,3.18330001831055,3.18740010261536,3.16120004653931,3.18680000305176,0,3.18680000305176,"Brazil"
2017-10-10,3.17790007591248,3.17840003967285,3.14879989624023,3.17779994010925,0,3.17779994010925,"Brazil"
2017-10-11,3.16960000991821,3.17009997367859,3.14829993247986,3.16969990730286,0,3.16969990730286,"Brazil"
2017-10-12,3.16919994354248,3.17770004272461,3.14939999580383,3.16899991035461,0,3.16899991035461,"Brazil"
2017-10-15,3.14429998397827,3.16680002212524,3.12870001792908,3.14619994163513,0,3.14619994163513,"Brazil"
2017-10-16,3.16680002212524,3.18009996414185,3.15680003166199,3.17030000686646,0,3.17030000686646,"Brazil"
2017-10-17,3.15420007705688,3.17840003967285,3.14280009269714,3.15610003471375,0,3.15610003471375,"Brazil"
2017-10-18,3.17000007629395,3.17750000953674,3.15650010108948,3.17009997367859,0,3.17009997367859,"Brazil"
2017-10-19,3.16269993782043,3.19219994544983,3.16269993782043,3.16490006446838,0,3.16490006446838,"Brazil"
2017-10-22,3.19109988212585,3.21440005302429,3.18740010261536,3.19090008735657,0,3.19090008735657,"Brazil"
2017-10-23,3.23659992218018,3.26259994506836,3.22679996490479,3.23440003395081,0,3.23440003395081,"Brazil"
2017-10-24,3.21539998054504,3.25049996376038,3.21539998054504,3.24259996414185,0,3.24259996414185,"Brazil"
2017-10-25,3.22930002212524,3.25990009307861,3.22930002212524,3.2311999797821,0,3.2311999797821,"Brazil"
2017-10-26,3.2613000869751,3.29679989814758,3.2613000869751,3.28649997711182,0,3.28649997711182,"Brazil"
2017-10-30,3.23480010032654,3.26309990882874,3.23300004005432,3.23480010032654,0,3.23480010032654,"Brazil"
2017-10-31,3.28719997406006,3.28819990158081,3.2671000957489,3.28730010986328,0,3.28730010986328,"Brazil"
2017-11-01,3.26950001716614,3.28570008277893,3.25909996032715,3.26959991455078,0,3.26959991455078,"Brazil"
2017-11-02,3.26579999923706,3.26699995994568,3.24239993095398,3.26620006561279,0,3.26620006561279,"Brazil"
2017-11-03,3.26640009880066,3.33150005340576,3.25049996376038,3.26460003852844,0,3.26460003852844,"Brazil"
2017-11-06,3.31270003318787,3.31369996070862,3.27329993247986,3.29259991645813,0,3.29259991645813,"Brazil"
2017-11-07,3.24799990653992,3.28600001335144,3.24600005149841,3.24790000915527,0,3.24790000915527,"Brazil"
2017-11-08,3.26990008354187,3.2739999294281,3.24070000648499,3.27010011672974,0,3.27010011672974,"Brazil"
2017-11-09,3.25130009651184,3.26510000228882,3.23699998855591,3.25130009651184,0,3.25130009651184,"Brazil"
2017-11-10,3.24869990348816,3.27090001106262,3.24710011482239,3.24869990348816,0,3.24869990348816,"Brazil"
2017-11-13,3.2765998840332,3.29570007324219,3.2574999332428,3.27640008926392,0,3.27640008926392,"Brazil"
2017-11-14,3.27810001373291,3.30279994010925,3.26670002937317,3.27589988708496,0,3.27589988708496,"Brazil"
2017-11-15,3.3099000453949,3.31319999694824,3.30970001220703,3.3118999004364,0,3.3118999004364,"Brazil"
2017-11-16,NA,NA,NA,NA,NA,NA,"Brazil"
2017-11-17,3.27220010757446,3.28600001335144,3.26259994506836,3.27060008049011,0,3.27060008049011,"Brazil"
2017-11-20,3.2558000087738,3.2729001045227,3.25359988212585,3.25449991226196,0,3.25449991226196,"Brazil"
2017-11-21,3.25399994850159,3.26399993896484,3.24340009689331,3.25399994850159,0,3.25399994850159,"Brazil"
2017-11-22,3.25740003585815,3.26349997520447,3.23070001602173,3.25729990005493,0,3.25729990005493,"Brazil"
2017-11-23,3.22270011901855,3.24140000343323,3.22070002555847,3.22289991378784,0,3.22289991378784,"Brazil"
2017-11-24,3.22049999237061,3.23429989814758,3.21849989891052,3.22029995918274,0,3.22029995918274,"Brazil"
2017-11-27,3.2318000793457,3.23230004310608,3.21239995956421,3.2328999042511,0,3.2328999042511,"Brazil"
2017-11-28,3.22639989852905,3.22979998588562,3.2014000415802,3.22639989852905,0,3.22639989852905,"Brazil"
2017-11-29,3.2114999294281,3.22970008850098,3.20070004463196,3.20970010757446,0,3.20970010757446,"Brazil"
2017-11-30,3.24489998817444,3.28579998016357,3.23519992828369,3.2448000907898,0,3.2448000907898,"Brazil"
2017-12-01,3.27130007743835,3.27970004081726,3.24769997596741,3.27119994163513,0,3.27119994163513,"Brazil"
2017-12-04,3.25659990310669,3.25999999046326,3.24340009689331,3.25740003585815,0,3.25740003585815,"Brazil"
2017-12-05,3.24259996414185,3.24410009384155,3.21930003166199,3.24259996414185,0,3.24259996414185,"Brazil"
2017-12-06,3.24040007591248,3.24499988555908,3.22530007362366,3.24029994010925,0,3.24029994010925,"Brazil"
2017-12-07,3.23390007019043,3.31609988212585,3.23070001602173,3.23429989814758,0,3.23429989814758,"Brazil"
2017-12-08,3.28920006752014,3.30859994888306,3.25789999961853,3.28719997406006,0,3.28719997406006,"Brazil"
2017-12-11,3.28780007362366,3.29520010948181,3.2729001045227,3.28780007362366,0,3.28780007362366,"Brazil"
2017-12-12,3.30340003967285,3.3306999206543,3.28810000419617,3.30329990386963,0,3.30329990386963,"Brazil"
2017-12-13,3.30450010299683,3.31929993629456,3.27940011024475,3.30310010910034,0,3.30310010910034,"Brazil"
2017-12-14,3.30859994888306,3.34439992904663,3.30629992485046,3.30859994888306,0,3.30859994888306,"Brazil"
2017-12-15,3.34039998054504,3.34120011329651,3.30809998512268,3.34039998054504,0,3.34039998054504,"Brazil"
2017-12-18,3.29349994659424,3.30229997634888,3.27850008010864,3.29200005531311,0,3.29200005531311,"Brazil"
2017-12-19,3.2904999256134,3.3050000667572,3.28090000152588,3.2904999256134,0,3.2904999256134,"Brazil"
2017-12-20,3.28859996795654,3.29830002784729,3.25690007209778,3.2885000705719,0,3.2885000705719,"Brazil"
2017-12-21,3.2943000793457,3.31430006027222,3.28839993476868,3.29649996757507,0,3.29649996757507,"Brazil"
2017-12-22,3.30690002441406,3.32809996604919,3.27929997444153,3.30679988861084,0,3.30679988861084,"Brazil"
2017-12-25,3.33599996566772,3.33640003204346,3.3354001045227,3.33800005912781,0,3.33800005912781,"Brazil"
2017-12-26,3.33550000190735,3.33610010147095,3.31019997596741,3.33550000190735,0,3.33550000190735,"Brazil"
2017-12-27,3.30970001220703,3.31139993667603,3.29320001602173,3.30970001220703,0,3.30970001220703,"Brazil"
2017-12-28,3.31349992752075,3.31609988212585,3.27950000762939,3.31329989433289,0,3.31329989433289,"Brazil"
2017-12-29,3.31100010871887,3.31220006942749,3.28200006484985,3.31110000610352,0,3.31110000610352,"Brazil"
2018-01-01,3.31049990653992,3.31170010566711,3.3092999458313,3.3076000213623,0,3.3076000213623,"Brazil"
2018-01-02,3.31080007553101,3.31270003318787,3.25850009918213,3.31100010871887,0,3.31100010871887,"Brazil"
2018-01-03,3.25740003585815,3.26379990577698,3.2409999370575,3.25780010223389,0,3.25780010223389,"Brazil"
2018-01-04,3.23559999465942,3.2409999370575,3.22140002250671,3.23550009727478,0,3.23550009727478,"Brazil"
2018-01-05,3.23280000686646,3.24790000915527,3.22560000419617,3.23309993743896,0,3.23309993743896,"Brazil"
2018-01-08,3.22810006141663,3.24349999427795,3.22350001335144,3.22659993171692,0,3.22659993171692,"Brazil"
2018-01-09,3.23920011520386,3.25349998474121,3.22810006141663,3.23900008201599,0,3.23900008201599,"Brazil"
2018-01-10,3.24659991264343,3.25390005111694,3.23559999465942,3.2467999458313,0,3.2467999458313,"Brazil"
2018-01-11,3.22650003433228,3.23650002479553,3.22029995918274,3.22639989852905,0,3.22639989852905,"Brazil"
2018-01-12,3.21420001983643,3.22869992256165,3.19720005989075,3.21420001983643,0,3.21420001983643,"Brazil"
2018-01-15,3.20239996910095,3.20560002326965,3.17610001564026,3.20070004463196,0,3.20070004463196,"Brazil"
2018-01-16,3.21320009231567,3.23580002784729,3.20499992370605,3.21320009231567,0,3.21320009231567,"Brazil"
2018-01-17,3.2228000164032,3.23740005493164,3.2179000377655,3.22270011901855,0,3.22270011901855,"Brazil"
2018-01-18,3.22239995002747,3.22329998016357,3.20129990577698,3.2221999168396,0,3.2221999168396,"Brazil"
2018-01-19,3.20479989051819,3.21269989013672,3.20110011100769,3.20510005950928,0,3.20510005950928,"Brazil"
2018-01-22,3.19379997253418,3.2063000202179,3.18280005455017,3.19470000267029,0,3.19470000267029,"Brazil"
2018-01-23,3.20070004463196,3.23639988899231,3.19860005378723,3.20070004463196,0,3.20070004463196,"Brazil"
2018-01-24,3.23370003700256,3.23819994926453,3.17569994926453,3.23550009727478,0,3.23550009727478,"Brazil"
2018-01-25,3.14510011672974,3.14840006828308,3.12150001525879,3.14510011672974,0,3.14510011672974,"Brazil"
2018-01-26,3.14540004730225,3.15429997444153,3.13120007514954,3.14689993858337,0,3.14689993858337,"Brazil"
2018-01-29,3.15260004997253,3.1703999042511,3.14490008354187,3.15100002288818,0,3.15100002288818,"Brazil"
2018-01-30,3.15380001068115,3.19370007514954,3.14560008049011,3.15359997749329,0,3.15359997749329,"Brazil"
2018-01-31,3.17960000038147,3.18309998512268,3.1438000202179,3.17950010299683,0,3.17950010299683,"Brazil"
2018-02-01,3.18440008163452,3.19379997253418,3.16149997711182,3.18470001220703,0,3.18470001220703,"Brazil"
2018-02-02,3.16370010375977,3.22059988975525,3.16190004348755,3.16370010375977,0,3.16370010375977,"Brazil"
2018-02-05,3.21690011024475,3.24550008773804,3.21379995346069,3.21539998054504,0,3.21539998054504,"Brazil"
2018-02-06,3.26110005378723,3.27589988708496,3.21749997138977,3.26110005378723,0,3.26110005378723,"Brazil"
2018-02-07,3.23329997062683,3.26300001144409,3.23140001296997,3.23340010643005,0,3.23340010643005,"Brazil"
2018-02-08,3.26959991455078,3.29259991645813,3.25620007514954,3.26990008354187,0,3.26990008354187,"Brazil"
2018-02-09,3.28439998626709,3.30749988555908,3.27080011367798,3.28460001945496,0,3.28460001945496,"Brazil"
2018-02-12,3.29250001907349,3.29489994049072,3.26349997520447,3.29080009460449,0,3.29080009460449,"Brazil"
2018-02-13,3.29390001296997,3.29469990730286,3.29180002212524,3.29399991035461,0,3.29399991035461,"Brazil"
2018-02-14,3.29439997673035,3.29870009422302,3.25090003013611,3.29419994354248,0,3.29419994354248,"Brazil"
2018-02-15,3.2140998840332,3.23489999771118,3.19160008430481,3.21620011329651,0,3.21620011329651,"Brazil"
2018-02-16,3.22650003433228,3.24609994888306,3.21659994125366,3.22639989852905,0,3.22639989852905,"Brazil"
2018-02-19,3.22979998588562,3.23620009422302,3.22149991989136,3.22819995880127,0,3.22819995880127,"Brazil"
2018-02-20,3.23320007324219,3.25539994239807,3.23140001296997,3.23309993743896,0,3.23309993743896,"Brazil"
2018-02-21,3.25419998168945,3.26020002365112,3.23040008544922,3.25430011749268,0,3.25430011749268,"Brazil"
2018-02-22,3.26740002632141,3.27080011367798,3.24869990348816,3.26760005950928,0,3.26760005950928,"Brazil"
2018-02-23,3.24889993667603,3.2493999004364,3.2309000492096,3.24869990348816,0,3.24869990348816,"Brazil"
2018-02-26,3.23850011825562,3.24340009689331,3.22550010681152,3.23720002174377,0,3.23720002174377,"Brazil"
2018-02-27,3.22250008583069,3.25300002098083,3.22049999237061,3.22250008583069,0,3.22250008583069,"Brazil"
2018-02-28,3.25,3.25300002098083,3.22329998016357,3.24850010871887,0,3.24850010871887,"Brazil"
2018-03-01,3.24469995498657,3.26920008659363,3.23620009422302,3.2448000907898,0,3.2448000907898,"Brazil"
2018-03-02,3.24819993972778,3.26510000228882,3.24799990653992,3.25,0,3.25,"Brazil"
2018-03-05,3.25049996376038,3.26230001449585,3.2493999004364,3.24959993362427,0,3.24959993362427,"Brazil"
2018-03-06,3.2409999370575,3.24279999732971,3.21630001068115,3.2409999370575,0,3.2409999370575,"Brazil"
2018-03-07,3.20639991760254,3.23950004577637,3.20609998703003,3.20799994468689,0,3.20799994468689,"Brazil"
2018-03-08,3.24130010604858,3.26519989967346,3.20869994163513,3.24289989471436,0,3.24289989471436,"Brazil"
2018-03-09,3.26609992980957,3.26740002632141,3.23880004882812,3.26609992980957,0,3.26609992980957,"Brazil"
2018-03-12,3.25609993934631,3.26379990577698,3.24979996681213,3.25609993934631,0,3.25609993934631,"Brazil"
2018-03-13,3.2600998878479,3.26440000534058,3.23860001564026,3.26029992103577,0,3.26029992103577,"Brazil"
2018-03-14,3.25859999656677,3.26519989967346,3.23569989204407,3.25869989395142,0,3.25869989395142,"Brazil"
2018-03-15,3.25859999656677,3.29299998283386,3.25659990310669,3.25850009918213,0,3.25850009918213,"Brazil"
2018-03-16,3.28220009803772,3.29719996452332,3.28110003471375,3.2820999622345,0,3.2820999622345,"Brazil"
2018-03-19,3.27859997749329,3.29489994049072,3.27530002593994,3.28010010719299,0,3.28010010719299,"Brazil"
2018-03-20,3.28419995307922,3.3034999370575,3.27970004081726,3.28410005569458,0,3.28410005569458,"Brazil"
2018-03-21,3.31040000915527,3.31180000305176,3.28229999542236,3.30870008468628,0,3.30870008468628,"Brazil"
2018-03-22,3.27090001106262,3.30599999427795,3.26729989051819,3.27270007133484,0,3.27270007133484,"Brazil"
2018-03-23,3.31419992446899,3.31480002403259,3.27329993247986,3.31410002708435,0,3.31410002708435,"Brazil"
2018-03-25,3.30870008468628,3.31319999694824,3.28970003128052,3.31450009346008,0,3.31450009346008,"Brazil"
2018-03-26,3.31010007858276,3.3306999206543,3.30800008773804,3.31030011177063,0,3.31030011177063,"Brazil"
2018-03-27,3.32109999656677,3.34299993515015,3.31970000267029,3.32290005683899,0,3.32290005683899,"Brazil"
2018-03-28,3.31929993629456,3.32750010490417,3.3125,3.31929993629456,0,3.31929993629456,"Brazil"
2018-03-29,3.3034999370575,3.30419993400574,3.30150008201599,3.3034999370575,0,3.3034999370575,"Brazil"
2018-04-01,3.30279994010925,3.31590008735657,3.29640007019043,3.30200004577637,0,3.30200004577637,"Brazil"
2018-04-02,3.29929995536804,3.32189989089966,3.29929995536804,3.30940008163452,0,3.30940008163452,"Brazil"
2018-04-03,3.33599996566772,3.36649990081787,3.32069993019104,3.33940005302429,0,3.33940005302429,"Brazil"
2018-04-04,3.32010006904602,3.33209991455078,3.29879999160767,3.32769989967346,0,3.32769989967346,"Brazil"
2018-04-05,3.33979988098145,3.37719988822937,3.32139992713928,3.34159994125366,0,3.34159994125366,"Brazil"
2018-04-08,3.36899995803833,3.39549994468689,3.36030006408691,3.3675000667572,0,3.3675000667572,"Brazil"
2018-04-09,3.41750001907349,3.43440008163452,3.38540005683899,3.4210000038147,0,3.4210000038147,"Brazil"
2018-04-10,3.40750002861023,3.4210000038147,3.39079999923706,3.40729999542236,0,3.40729999542236,"Brazil"
2018-04-11,3.37290000915527,3.39059996604919,3.36439990997314,3.37310004234314,0,3.37310004234314,"Brazil"
2018-04-12,3.41109991073608,3.42650008201599,3.3850998878479,3.41100001335144,0,3.41100001335144,"Brazil"
2018-04-15,3.38969993591309,3.43319988250732,3.38969993591309,3.42429995536804,0,3.42429995536804,"Brazil"
2018-04-16,3.39989995956421,3.4184000492096,3.39549994468689,3.416100025177,0,3.416100025177,"Brazil"
2018-04-17,3.4038999080658,3.40879988670349,3.37800002098083,3.40580010414124,0,3.40580010414124,"Brazil"
2018-04-18,3.37899994850159,3.40330004692078,3.36059999465942,3.37709999084473,0,3.37709999084473,"Brazil"
2018-04-19,3.38560009002686,3.41519999504089,3.37400007247925,3.38269996643066,0,3.38269996643066,"Brazil"
2018-04-22,3.41380000114441,3.44700002670288,3.40409994125366,3.41370010375977,0,3.41370010375977,"Brazil"
2018-04-23,3.45070004463196,3.47830009460449,3.42960000038147,3.44889998435974,0,3.44889998435974,"Brazil"
2018-04-24,3.47169995307922,3.51349997520447,3.43020009994507,3.47149991989136,0,3.47149991989136,"Brazil"
2018-04-25,3.48270010948181,3.5051999092102,3.46029996871948,3.4809000492096,0,3.4809000492096,"Brazil"
2018-04-26,3.47410011291504,3.47900009155273,3.45930004119873,3.47420001029968,0,3.47420001029968,"Brazil"
2018-04-29,3.45689988136292,3.48760008811951,3.45379996299744,3.45810008049011,0,3.45810008049011,"Brazil"
2018-04-30,3.50419998168945,3.50589990615845,3.50419998168945,3.5058000087738,0,3.5058000087738,"Brazil"
2018-05-01,3.50399994850159,3.5524001121521,3.48620009422302,3.50609993934631,0,3.50609993934631,"Brazil"
2018-05-02,3.54959988594055,3.56439995765686,3.50939989089966,3.54959988594055,0,3.54959988594055,"Brazil"
2018-05-03,3.52679991722107,3.5460000038147,3.50799989700317,3.5265998840332,0,3.5265998840332,"Brazil"
2018-05-06,3.5106999874115,3.5560998916626,3.5106999874115,3.52550005912781,0,3.52550005912781,"Brazil"
2018-05-07,3.54570007324219,3.5913999080658,3.54570007324219,3.5492000579834,0,3.5492000579834,"Brazil"
2018-05-08,3.56180000305176,3.59949994087219,3.55229997634888,3.5618999004364,0,3.5618999004364,"Brazil"
2018-05-09,3.58999991416931,3.59400010108948,3.54670000076294,3.5903000831604,0,3.5903000831604,"Brazil"
2018-05-10,3.5492000579834,3.59689998626709,3.54349994659424,3.54949998855591,0,3.54949998855591,"Brazil"
2018-05-13,3.6029999256134,3.62479996681213,3.56839990615845,3.60290002822876,0,3.60290002822876,"Brazil"
2018-05-14,3.6191999912262,3.69029998779297,3.61910009384155,3.62159991264343,0,3.62159991264343,"Brazil"
2018-05-15,3.64800000190735,3.68600010871887,3.63000011444092,3.64869999885559,0,3.64869999885559,"Brazil"
2018-05-16,3.67470002174377,3.7056999206543,3.65680003166199,3.67440009117126,0,3.67440009117126,"Brazil"
2018-05-17,3.69530010223389,3.76559996604919,3.67569994926453,3.69510006904602,0,3.69510006904602,"Brazil"
2018-05-20,3.73569989204407,3.73729991912842,3.69320011138916,3.73839998245239,0,3.73839998245239,"Brazil"
2018-05-21,3.67569994926453,3.67700004577637,3.63210010528564,3.67569994926453,0,3.67569994926453,"Brazil"
2018-05-22,3.64610004425049,3.6761999130249,3.63879990577698,3.64599990844727,0,3.64599990844727,"Brazil"
2018-05-23,3.62610006332397,3.65190005302429,3.59999990463257,3.6256000995636,0,3.6256000995636,"Brazil"
2018-05-24,3.64809989929199,3.67600011825562,3.64229989051819,3.64809989929199,0,3.64809989929199,"Brazil"
2018-05-27,3.62619996070862,3.71550011634827,3.625,3.62619996070862,0,3.62619996070862,"Brazil"
2018-05-28,3.73070001602173,3.7606999874115,3.71199989318848,3.73420000076294,0,3.73420000076294,"Brazil"
2018-05-29,3.72189998626709,3.7658998966217,3.67400002479553,3.72410011291504,0,3.72410011291504,"Brazil"
2018-05-30,3.69250011444092,3.72569990158081,3.69250011444092,3.72210001945496,0,3.72210001945496,"Brazil"
2018-05-31,3.71849989891052,3.7613000869751,3.69779992103577,3.72199988365173,0,3.72199988365173,"Brazil"
2018-06-03,3.76220011711121,3.76620006561279,3.73300004005432,3.76160001754761,0,3.76160001754761,"Brazil"
2018-06-04,3.74499988555908,3.80430006980896,3.74180006980896,3.74449992179871,0,3.74449992179871,"Brazil"
2018-06-05,3.80460000038147,3.84150004386902,3.77239990234375,3.80430006980896,0,3.80430006980896,"Brazil"
2018-06-06,3.84529995918274,3.94199991226196,3.84220004081726,3.84340000152588,0,3.84340000152588,"Brazil"
2018-06-07,3.90070009231567,3.90300011634827,3.74149990081787,3.90070009231567,0,3.90070009231567,"Brazil"
2018-06-10,3.70700001716614,3.7260000705719,3.6742000579834,3.70490002632141,0,3.70490002632141,"Brazil"
2018-06-11,3.70869994163513,3.72690010070801,3.6703999042511,3.70880007743835,0,3.70880007743835,"Brazil"
2018-06-12,3.7114999294281,3.71849989891052,3.69440007209778,3.71499991416931,0,3.71499991416931,"Brazil"
2018-06-13,3.71869993209839,3.72000002861023,3.68479990959167,3.71880006790161,0,3.71880006790161,"Brazil"
2018-06-14,3.80410003662109,3.80450010299683,3.74990010261536,3.80399990081787,0,3.80399990081787,"Brazil"
2018-06-17,3.73040008544922,3.76340007781982,3.72580003738403,3.72869992256165,0,3.72869992256165,"Brazil"
2018-06-18,3.74270009994507,3.77850008010864,3.71900010108948,3.74620008468628,0,3.74620008468628,"Brazil"
2018-06-19,3.7140998840332,3.75300002098083,3.70679998397827,3.74499988555908,0,3.74499988555908,"Brazil"
2018-06-20,3.76939988136292,3.80040001869202,3.75419998168945,3.7690999507904,0,3.7690999507904,"Brazil"
2018-06-21,3.76510000228882,3.7788999080658,3.73679995536804,3.76510000228882,0,3.76510000228882,"Brazil"
2018-06-24,3.77929997444153,3.78679990768433,3.75950002670288,3.78629994392395,0,3.78629994392395,"Brazil"
2018-06-25,3.74860000610352,3.78379988670349,3.74499988555908,3.77509999275208,0,3.77509999275208,"Brazil"
2018-06-26,3.79620003700256,3.85649991035461,3.77699995040894,3.79579997062683,0,3.79579997062683,"Brazil"
2018-06-27,3.85980010032654,3.87229990959167,3.82789993286133,3.86010003089905,0,3.86010003089905,"Brazil"
2018-06-28,3.8617000579834,3.87290000915527,3.82979989051819,3.85949993133545,0,3.85949993133545,"Brazil"
2018-07-01,3.87529993057251,3.91790008544922,3.85929989814758,3.8756000995636,0,3.8756000995636,"Brazil"
2018-07-02,3.9128999710083,3.91370010375977,3.87290000915527,3.91260004043579,0,3.91260004043579,"Brazil"
2018-07-03,3.88840007781982,3.91669988632202,3.88109993934631,3.89630007743835,0,3.89630007743835,"Brazil"
2018-07-04,3.91149997711182,3.93059992790222,3.8850998878479,3.91100001335144,0,3.91100001335144,"Brazil"
2018-07-05,3.93099999427795,3.95059990882874,3.89689993858337,3.93129992485046,0,3.93129992485046,"Brazil"
2018-07-08,3.85700011253357,3.86940002441406,3.83759999275208,3.86590003967285,0,3.86590003967285,"Brazil"
2018-07-09,3.86940002441406,3.88299989700317,3.82290005683899,3.87129998207092,0,3.87129998207092,"Brazil"
2018-07-10,3.81529998779297,3.86459994316101,3.81180000305176,3.8150999546051,0,3.8150999546051,"Brazil"
2018-07-11,3.87599992752075,3.87700009346008,3.83599996566772,3.87610006332397,0,3.87610006332397,"Brazil"
2018-07-12,3.87809991836548,3.89849996566772,3.85560011863708,3.88070011138916,0,3.88070011138916,"Brazil"
2018-07-15,3.85080003738403,3.87050008773804,3.81529998779297,3.84940004348755,0,3.84940004348755,"Brazil"
2018-07-16,3.83089995384216,3.87599992752075,3.83089995384216,3.85599994659424,0,3.85599994659424,"Brazil"
2018-07-17,3.8364999294281,3.86209988594055,3.83419990539551,3.83590006828308,0,3.83590006828308,"Brazil"
2018-07-18,3.84949994087219,3.88980007171631,3.8461000919342,3.84920001029968,0,3.84920001029968,"Brazil"
2018-07-19,3.82920002937317,3.82940006256104,3.76040005683899,3.82850003242493,0,3.82850003242493,"Brazil"
2018-07-22,3.76220011711121,3.80100011825562,3.76220011711121,3.77080011367798,0,3.77080011367798,"Brazil"
2018-07-23,3.75349998474121,3.78539991378784,3.73200011253357,3.7804000377655,0,3.7804000377655,"Brazil"
2018-07-24,3.74600005149841,3.7467999458313,3.69749999046326,3.74609994888306,0,3.74609994888306,"Brazil"
2018-07-25,3.68650007247925,3.72959995269775,3.66880011558533,3.68639993667603,0,3.68639993667603,"Brazil"
2018-07-26,3.74410009384155,3.74559998512268,3.70469999313354,3.74429988861084,0,3.74429988861084,"Brazil"
2018-07-29,3.70989990234375,3.7279999256134,3.68659996986389,3.71110010147095,0,3.71110010147095,"Brazil"
2018-07-30,3.72440004348755,3.76189994812012,3.71129989624023,3.72810006141663,0,3.72810006141663,"Brazil"
2018-07-31,3.75279998779297,3.76760005950928,3.73420000076294,3.75300002098083,0,3.75300002098083,"Brazil"
2018-08-01,3.74029994010925,3.77920007705688,3.73070001602173,3.74699997901917,0,3.74699997901917,"Brazil"
2018-08-02,3.74909996986389,3.75139999389648,3.70420002937317,3.74839997291565,0,3.74839997291565,"Brazil"
2018-08-05,3.70589995384216,3.73070001602173,3.69079995155334,3.70230007171631,0,3.70230007171631,"Brazil"
2018-08-06,3.73480010032654,3.73659992218018,3.70350003242493,3.73449993133545,0,3.73449993133545,"Brazil"
2018-08-07,3.7506000995636,3.76979994773865,3.73460006713867,3.75049996376038,0,3.75049996376038,"Brazil"
2018-08-08,3.77020001411438,3.81859993934631,3.74349999427795,3.77010011672974,0,3.77010011672974,"Brazil"
2018-08-09,3.77300000190735,3.86820006370544,3.77300000190735,3.79959988594055,0,3.79959988594055,"Brazil"
2018-08-12,3.85820007324219,3.91300010681152,3.85260009765625,3.86540007591248,0,3.86540007591248,"Brazil"
2018-08-13,3.88220000267029,3.88649988174438,3.86030006408691,3.88199996948242,0,3.88199996948242,"Brazil"
2018-08-14,3.86439990997314,3.92560005187988,3.86220002174377,3.86439990997314,0,3.86439990997314,"Brazil"
2018-08-15,3.90100002288818,3.9184000492096,3.86570000648499,3.90059995651245,0,3.90059995651245,"Brazil"
2018-08-16,3.87750005722046,3.95000004768372,3.87750005722046,3.9038999080658,0,3.9038999080658,"Brazil"
2018-08-19,3.90750002861023,3.95390009880066,3.90729999542236,3.90980005264282,0,3.90980005264282,"Brazil"
2018-08-20,3.9663999080658,3.9951000213623,3.93249988555908,3.96600008010864,0,3.96600008010864,"Brazil"
2018-08-21,4.04829978942871,4.08900022506714,4.03229999542236,4.04850006103516,0,4.04850006103516,"Brazil"
2018-08-22,4.03599977493286,4.09170007705688,4.01599979400635,4.03690004348755,0,4.03690004348755,"Brazil"
2018-08-23,4.11059999465942,4.11509990692139,4.07320022583008,4.11229991912842,0,4.11229991912842,"Brazil"
2018-08-26,4.07089996337891,4.11229991912842,4.04930019378662,4.10279989242554,0,4.10279989242554,"Brazil"
2018-08-27,4.07660007476807,4.14219999313354,4.05389976501465,4.0774998664856,0,4.0774998664856,"Brazil"
2018-08-28,4.13390016555786,4.15719985961914,4.11310005187988,4.13390016555786,0,4.13390016555786,"Brazil"
2018-08-29,4.09819984436035,4.20760011672974,4.09819984436035,4.10550022125244,0,4.10550022125244,"Brazil"
2018-08-30,4.1483998298645,4.17390012741089,4.11390018463135,4.14860010147095,0,4.14860010147095,"Brazil"
2018-09-02,4.05249977111816,4.13730001449585,4.03060007095337,4.05369997024536,0,4.05369997024536,"Brazil"
2018-09-03,4.15579986572266,4.18480014801025,4.13959980010986,4.1547999382019,0,4.1547999382019,"Brazil"
2018-09-04,4.12550020217896,4.1806001663208,4.12550020217896,4.15369987487793,0,4.15369987487793,"Brazil"
2018-09-05,4.14120006561279,4.16279983520508,4.10120010375977,4.14309978485107,0,4.14309978485107,"Brazil"
2018-09-06,4.05819988250732,4.05900001525879,4.05520009994507,4.0573000907898,0,4.0573000907898,"Brazil"
2018-09-09,4.05469989776611,4.1117000579834,4.05469989776611,4.04379987716675,0,4.04379987716675,"Brazil"
2018-09-10,4.08479976654053,4.17679977416992,4.082200050354,4.08459997177124,0,4.08459997177124,"Brazil"
2018-09-11,4.15140008926392,4.15220022201538,4.10330009460449,4.1515998840332,0,4.1515998840332,"Brazil"
2018-09-12,4.16020011901855,4.17859983444214,4.12669992446899,4.15980005264282,0,4.15980005264282,"Brazil"
2018-09-13,4.20550012588501,4.20679998397827,4.16429996490479,4.20499992370605,0,4.20499992370605,"Brazil"
2018-09-16,4.16970014572144,4.20240020751953,4.14120006561279,4.17199993133545,0,4.17199993133545,"Brazil"
2018-09-17,4.13259983062744,4.14909982681274,4.12039995193481,4.13210010528564,0,4.13210010528564,"Brazil"
2018-09-18,4.15869998931885,4.17000007629395,4.11140012741089,4.15840005874634,0,4.15840005874634,"Brazil"
2018-09-19,4.13009977340698,4.13170003890991,4.07889986038208,4.13030004501343,0,4.13030004501343,"Brazil"
2018-09-20,4.07569980621338,4.09289979934692,4.0496997833252,4.07600021362305,0,4.07600021362305,"Brazil"
2018-09-23,4.0496997833252,4.07569980621338,4.02440023422241,4.05000019073486,0,4.05000019073486,"Brazil"
2018-09-24,4.08780002593994,4.1395001411438,4.06780004501343,4.09130001068115,0,4.09130001068115,"Brazil"
2018-09-25,4.07420015335083,4.09130001068115,4.03350019454956,4.07359981536865,0,4.07359981536865,"Brazil"
2018-09-26,4.03070020675659,4.05299997329712,3.96979999542236,4.03079986572266,0,4.03079986572266,"Brazil"
2018-09-27,4.01160001754761,4.04720020294189,3.98970007896423,4.01200008392334,0,4.01200008392334,"Brazil"
2018-09-30,4.04559993743896,4.06020021438599,4.00409984588623,4.05270004272461,0,4.05270004272461,"Brazil"
2018-10-01,4.0164999961853,4.01719999313354,3.91810011863708,4.01639986038208,0,4.01639986038208,"Brazil"
2018-10-02,3.94000005722046,3.94099998474121,3.82399988174438,3.93950009346008,0,3.93950009346008,"Brazil"
2018-10-03,3.89930009841919,3.93120002746582,3.88059997558594,3.90039992332458,0,3.90039992332458,"Brazil"
2018-10-04,3.87350010871887,3.89229989051819,3.83789992332458,3.87389993667603,0,3.87389993667603,"Brazil"
2018-10-07,3.83430004119873,3.84380006790161,3.66249990463257,3.83579993247986,0,3.83579993247986,"Brazil"
2018-10-08,3.77760004997253,3.78719997406006,3.72690010070801,3.7771999835968,0,3.7771999835968,"Brazil"
2018-10-09,3.7146999835968,3.76239991188049,3.71230006217957,3.71479988098145,0,3.71479988098145,"Brazil"
2018-10-10,3.75480008125305,3.76769995689392,3.67630004882812,3.75480008125305,0,3.75480008125305,"Brazil"
2018-10-11,3.78150010108948,3.78229999542236,3.77180004119873,3.78150010108948,0,3.78150010108948,"Brazil"
2018-10-14,3.78150010108948,3.78239989280701,3.71919989585876,3.78159999847412,0,3.78159999847412,"Brazil"
2018-10-15,3.73440003395081,3.73480010032654,3.6923999786377,3.73390007019043,0,3.73390007019043,"Brazil"
2018-10-16,3.71440005302429,3.73779988288879,3.67919993400574,3.72359991073608,0,3.72359991073608,"Brazil"
2018-10-17,3.68600010871887,3.70700001716614,3.67339992523193,3.68619990348816,0,3.68619990348816,"Brazil"
2018-10-18,3.72000002861023,3.72320008277893,3.68819999694824,3.72029995918274,0,3.72029995918274,"Brazil"
2018-10-21,3.7104001045227,3.71869993209839,3.66980004310608,3.71090006828308,0,3.71090006828308,"Brazil"
2018-10-22,3.68449997901917,3.72099995613098,3.66100001335144,3.6823000907898,0,3.6823000907898,"Brazil"
2018-10-23,3.69530010223389,3.730299949646,3.68300008773804,3.6923999786377,0,3.6923999786377,"Brazil"
2018-10-24,3.73099994659424,3.7328999042511,3.68510007858276,3.73110008239746,0,3.73110008239746,"Brazil"
2018-10-25,3.70479989051819,3.72210001945496,3.66829991340637,3.70490002632141,0,3.70490002632141,"Brazil"
2018-10-29,3.64159989356995,3.67249989509583,3.58610010147095,3.64159989356995,0,3.64159989356995,"Brazil"
2018-10-30,3.71560001373291,3.71740007400513,3.64709997177124,3.71580004692078,0,3.71580004692078,"Brazil"
2018-10-31,3.69449996948242,3.74219989776611,3.68829989433289,3.69460010528564,0,3.69460010528564,"Brazil"
2018-11-01,3.71880006790161,3.72149991989136,3.68009996414185,3.72070002555847,0,3.72070002555847,"Brazil"
2018-11-02,3.69510006904602,3.69659996032715,3.68190002441406,3.69490003585815,0,3.69490003585815,"Brazil"
2018-11-05,3.70029997825623,3.71519994735718,3.69180011749268,3.70000004768372,0,3.70000004768372,"Brazil"
2018-11-06,3.72469997406006,3.76719999313354,3.70020008087158,3.72460007667542,0,3.72460007667542,"Brazil"
2018-11-07,3.76029992103577,3.78410005569458,3.7221999168396,3.75990009307861,0,3.75990009307861,"Brazil"
2018-11-08,3.72989988327026,3.7564001083374,3.71700000762939,3.73040008544922,0,3.73040008544922,"Brazil"
2018-11-09,3.75880002975464,3.76699995994568,3.73280000686646,3.75920009613037,0,3.75920009613037,"Brazil"
2018-11-12,3.72939991950989,3.7600998878479,3.72909998893738,3.72939991950989,0,3.72939991950989,"Brazil"
2018-11-13,3.76609992980957,3.80999994277954,3.75130009651184,3.76640009880066,0,3.76640009880066,"Brazil"
2018-11-14,3.79940009117126,3.81629991531372,3.76740002632141,3.80139994621277,0,3.80139994621277,"Brazil"
2018-11-15,3.78220009803772,3.78399991989136,3.76999998092651,3.78239989280701,0,3.78239989280701,"Brazil"
2018-11-16,3.78250002861023,3.7836000919342,3.72849988937378,3.78239989280701,0,3.78239989280701,"Brazil"
2018-11-19,3.7425000667572,3.76900005340576,3.71819996833801,3.7425000667572,0,3.7425000667572,"Brazil"
2018-11-20,3.75449991226196,3.76139998435974,3.74729990959167,3.75440001487732,0,3.75440001487732,"Brazil"
2018-11-21,3.75589990615845,3.79730010032654,3.75230002403259,3.75570011138916,0,3.75570011138916,"Brazil"
2018-11-22,3.7966001033783,3.82450008392334,3.78559994697571,3.79609990119934,0,3.79609990119934,"Brazil"
2018-11-23,3.80220007896423,3.82329988479614,3.79530000686646,3.80310010910034,0,3.80310010910034,"Brazil"
2018-11-26,3.82570004463196,3.89219999313354,3.81960010528564,3.67300009727478,0,3.67300009727478,"Brazil"
2018-11-27,3.93939995765686,3.94000005722046,3.87479996681213,3.93969988822937,0,3.93969988822937,"Brazil"
2018-11-28,3.87350010871887,3.88540005683899,3.84699988365173,3.87350010871887,0,3.87350010871887,"Brazil"
2018-11-29,3.84910011291504,3.87229990959167,3.83270001411438,3.84920001029968,0,3.84920001029968,"Brazil"
2018-11-30,3.85139989852905,3.8856999874115,3.83829998970032,3.8510000705719,0,3.8510000705719,"Brazil"
2018-12-03,3.86520004272461,3.86590003967285,3.81620001792908,3.86520004272461,0,3.86520004272461,"Brazil"
2018-12-04,3.84080004692078,3.84150004386902,3.8173999786377,3.84080004692078,0,3.84080004692078,"Brazil"
2018-12-05,3.84910011291504,3.88150000572205,3.83489990234375,3.85109996795654,0,3.85109996795654,"Brazil"
2018-12-06,3.86680006980896,3.94079995155334,3.84929990768433,3.86739993095398,0,3.86739993095398,"Brazil"
2018-12-07,3.87809991836548,3.92149996757507,3.8585000038147,3.87779998779297,0,3.87779998779297,"Brazil"
2018-12-10,3.90630006790161,3.93319988250732,3.89109992980957,3.90580010414124,0,3.90580010414124,"Brazil"
2018-12-11,3.91650009155273,3.91849994659424,3.88849997520447,3.91669988632202,0,3.91669988632202,"Brazil"
2018-12-12,3.90260004997253,3.90510010719299,3.83800005912781,3.90260004997253,0,3.90260004997253,"Brazil"
2018-12-13,3.85190010070801,3.89289999008179,3.83109998703003,3.85409998893738,0,3.85409998893738,"Brazil"
2018-12-14,3.88910007476807,3.92000007629395,3.88669991493225,3.89070010185242,0,3.89070010185242,"Brazil"
2018-12-17,3.91589999198914,3.92659997940063,3.88649988174438,3.9154999256134,0,3.9154999256134,"Brazil"
2018-12-18,3.89840006828308,3.91540002822876,3.88389992713928,3.89759993553162,0,3.89759993553162,"Brazil"
2018-12-19,3.91100001335144,3.91170001029968,3.86389994621277,3.9109001159668,0,3.9109001159668,"Brazil"
2018-12-20,3.89569997787476,3.89750003814697,3.83049988746643,3.89619994163513,0,3.89619994163513,"Brazil"
2018-12-21,3.83890008926392,3.88039994239807,3.83789992332458,3.83890008926392,0,3.83890008926392,"Brazil"
2018-12-24,3.90310001373291,3.90359997749329,3.8775999546051,3.84340000152588,0,3.84340000152588,"Brazil"
2018-12-25,3.90260004997253,3.90289998054504,3.89969992637634,3.90260004997253,0,3.90260004997253,"Brazil"
2018-12-26,3.9028000831604,3.93829989433289,3.894700050354,3.9028000831604,0,3.9028000831604,"Brazil"
2018-12-27,3.92059993743896,3.94190001487732,3.88669991493225,3.92059993743896,0,3.92059993743896,"Brazil"
2018-12-28,3.8724000453949,3.89289999008179,3.82859992980957,3.87150001525879,0,3.87150001525879,"Brazil"
2018-12-31,3.87940001487732,3.88170003890991,3.8698000907898,3.87420010566711,0,3.87420010566711,"Brazil"
2019-01-01,3.88000011444092,3.88000011444092,3.8798999786377,3.88000011444092,0,3.88000011444092,"Brazil"
2019-01-02,3.8798999786377,3.89590001106262,3.80430006980896,3.8798999786377,0,3.8798999786377,"Brazil"
2019-01-03,3.78660011291504,3.80469989776611,3.73769998550415,3.78629994392395,0,3.78629994392395,"Brazil"
2019-01-04,3.75500011444092,3.7836000919342,3.7114999294281,3.75510001182556,0,3.75510001182556,"Brazil"
2019-01-07,3.71370005607605,3.72289991378784,3.69059991836548,3.66120004653931,0,3.66120004653931,"Brazil"
2019-01-08,3.73420000076294,3.73799991607666,3.70519995689392,3.7341001033783,0,3.7341001033783,"Brazil"
2019-01-09,3.71199989318848,3.71370005607605,3.67569994926453,3.71239995956421,0,3.71239995956421,"Brazil"
2019-01-10,3.67950010299683,3.69479990005493,3.67379999160767,3.6800000667572,0,3.6800000667572,"Brazil"
2019-01-11,3.7065999507904,3.72679996490479,3.6933000087738,3.70790004730225,0,3.70790004730225,"Brazil"
2019-01-14,3.71000003814697,3.72939991950989,3.69289994239807,3.65960001945496,0,3.65960001945496,"Brazil"
2019-01-15,3.6981999874115,3.72199988365173,3.69029998779297,3.69749999046326,0,3.69749999046326,"Brazil"
2019-01-16,3.71589994430542,3.73600006103516,3.70970010757446,3.7163999080658,0,3.7163999080658,"Brazil"
2019-01-17,3.73510003089905,3.7720000743866,3.72469997406006,3.73429989814758,0,3.73429989814758,"Brazil"
2019-01-18,3.74909996986389,3.76600003242493,3.7140998840332,3.74889993667603,0,3.74889993667603,"Brazil"
2019-01-21,3.75020003318787,3.77789998054504,3.74049997329712,3.75020003318787,0,3.75020003318787,"Brazil"
2019-01-22,3.75169992446899,3.78460001945496,3.73979997634888,3.75139999389648,0,3.75139999389648,"Brazil"
2019-01-23,3.81369996070862,3.81430006027222,3.77800011634827,3.81200003623962,0,3.81200003623962,"Brazil"
2019-01-24,3.76259994506836,3.79439997673035,3.73860001564026,3.76230001449585,0,3.76230001449585,"Brazil"
2019-01-25,3.76979994773865,3.77180004119873,3.71029996871948,3.76979994773865,0,3.76979994773865,"Brazil"
2019-01-28,3.75329995155334,3.7853000164032,3.75130009651184,3.76959991455078,0,3.76959991455078,"Brazil"
2019-01-29,3.76020002365112,3.76290011405945,3.72469997406006,3.75959992408752,0,3.75959992408752,"Brazil"
2019-01-30,3.71869993209839,3.72390007972717,3.70199990272522,3.71849989891052,0,3.71849989891052,"Brazil"
2019-01-31,3.68160009384155,3.68569993972778,3.63720011711121,3.68140006065369,0,3.68140006065369,"Brazil"
2019-02-01,3.64019989967346,3.68070006370544,3.63520002365112,3.64280009269714,0,3.64280009269714,"Brazil"
2019-02-04,3.65729999542236,3.68659996986389,3.65569996833801,3.65729999542236,0,3.65729999542236,"Brazil"
2019-02-05,3.66720008850098,3.68280005455017,3.66230010986328,3.66700005531311,0,3.66700005531311,"Brazil"
2019-02-06,3.66820001602173,3.71429991722107,3.65750002861023,3.66829991340637,0,3.66829991340637,"Brazil"
2019-02-07,3.69320011138916,3.73460006713867,3.66899991035461,3.69470000267029,0,3.69470000267029,"Brazil"
2019-02-08,3.71309995651245,3.74559998512268,3.70320010185242,3.71490001678467,0,3.71490001678467,"Brazil"
2019-02-11,3.72790002822876,3.77169990539551,3.72440004348755,3.728600025177,0,3.728600025177,"Brazil"
2019-02-12,3.75600004196167,3.75710010528564,3.70869994163513,3.7551999092102,0,3.7551999092102,"Brazil"
2019-02-13,3.70810008049011,3.75629997253418,3.69790005683899,3.70799994468689,0,3.70799994468689,"Brazil"
2019-02-14,3.7525999546051,3.79130005836487,3.73200011253357,3.7532000541687,0,3.7532000541687,"Brazil"
2019-02-15,3.72169995307922,3.72429990768433,3.70219993591309,3.72199988365173,0,3.72199988365173,"Brazil"
2019-02-18,3.69869995117188,3.74049997329712,3.68560004234314,3.64680004119873,0,3.64680004119873,"Brazil"
2019-02-19,3.7318000793457,3.74239993095398,3.70000004768372,3.73169994354248,0,3.73169994354248,"Brazil"
2019-02-20,3.72259998321533,3.73140001296997,3.69140005111694,3.72199988365173,0,3.72199988365173,"Brazil"
2019-02-21,3.72370004653931,3.769700050354,3.71740007400513,3.72399997711182,0,3.72399997711182,"Brazil"
2019-02-22,3.76670002937317,3.76760005950928,3.73200011253357,3.7664999961853,0,3.7664999961853,"Brazil"
2019-02-25,3.74629998207092,3.74699997901917,3.71909999847412,3.74629998207092,0,3.74629998207092,"Brazil"
2019-02-26,3.75009989738464,3.76449990272522,3.72900009155273,3.75040006637573,0,3.75040006637573,"Brazil"
2019-02-27,3.74710011482239,3.74839997291565,3.72199988365173,3.74710011482239,0,3.74710011482239,"Brazil"
2019-02-28,3.7270998954773,3.75440001487732,3.71659994125366,3.72729992866516,0,3.72729992866516,"Brazil"
2019-03-01,3.7474000453949,3.79390001296997,3.7367000579834,3.74749994277954,0,3.74749994277954,"Brazil"
2019-03-04,3.77270007133484,3.77509999275208,3.77049994468689,3.72140002250671,0,3.72140002250671,"Brazil"
2019-03-05,3.77379989624023,3.77519989013672,3.77169990539551,3.77410006523132,0,3.77410006523132,"Brazil"
2019-03-06,3.77449989318848,3.82139992713928,3.75880002975464,3.77439999580383,0,3.77439999580383,"Brazil"
2019-03-07,3.83809995651245,3.88840007781982,3.77579998970032,3.83680009841919,0,3.83680009841919,"Brazil"
2019-03-08,3.86910009384155,3.89969992637634,3.85139989852905,3.86929988861084,0,3.86929988861084,"Brazil"
2019-03-11,3.86669993400574,3.86710000038147,3.83109998703003,3.81340003013611,0,3.81340003013611,"Brazil"
2019-03-12,3.8371000289917,3.84240007400513,3.80200004577637,3.83730006217957,0,3.83730006217957,"Brazil"
2019-03-13,3.81170010566711,3.83209991455078,3.80060005187988,3.81159996986389,0,3.81159996986389,"Brazil"
2019-03-14,3.81290006637573,3.83859992027283,3.80450010299683,3.81329989433289,0,3.81329989433289,"Brazil"
2019-03-15,3.84050011634827,3.8685998916626,3.80999994277954,3.84050011634827,0,3.84050011634827,"Brazil"
2019-03-18,3.81150007247925,3.82570004463196,3.80279994010925,3.81299996376038,0,3.81299996376038,"Brazil"
2019-03-19,3.79040002822876,3.79169988632202,3.76570010185242,3.78999996185303,0,3.78999996185303,"Brazil"
2019-03-20,3.78780007362366,3.79679989814758,3.7771999835968,3.78769993782043,0,3.78769993782043,"Brazil"
2019-03-21,3.7739999294281,3.82489991188049,3.74000000953674,3.77419996261597,0,3.77419996261597,"Brazil"
2019-03-22,3.79089999198914,3.894700050354,3.7746000289917,3.79099988937378,0,3.79099988937378,"Brazil"
2019-03-25,3.90289998054504,3.93079996109009,3.85980010032654,3.90599989891052,0,3.90599989891052,"Brazil"
2019-03-26,3.85380005836487,3.87680006027222,3.82859992980957,3.853600025177,0,3.853600025177,"Brazil"
2019-03-27,3.8756000995636,3.95939993858337,3.85450005531311,3.875,0,3.875,"Brazil"
2019-03-28,3.9886999130249,4.0064001083374,3.95129990577698,3.98819994926453,0,3.98819994926453,"Brazil"
2019-03-29,3.89770007133484,3.90919995307922,3.86420011520386,3.89770007133484,0,3.89770007133484,"Brazil"
2019-03-31,3.88369989395142,3.9216001033783,3.85989999771118,3.92249989509583,0,3.92249989509583,"Brazil"
2019-04-01,3.84899997711182,3.87680006027222,3.82200002670288,3.84850001335144,0,3.84850001335144,"Brazil"
2019-04-02,3.84949994087219,3.85540008544922,3.83470010757446,3.85229992866516,0,3.85229992866516,"Brazil"
2019-04-03,3.86870002746582,3.88540005683899,3.86030006408691,3.86829996109009,0,3.86829996109009,"Brazil"
2019-04-04,3.84960007667542,3.86960005760193,3.82999992370605,3.8559000492096,0,3.8559000492096,"Brazil"
2019-04-07,3.8717999458313,3.87420010566711,3.85500001907349,3.87400007247925,0,3.87400007247925,"Brazil"
2019-04-08,3.84559988975525,3.86229991912842,3.83850002288818,3.84820008277893,0,3.84820008277893,"Brazil"
2019-04-09,3.83100008964539,3.853600025177,3.82089996337891,3.84800004959106,0,3.84800004959106,"Brazil"
2019-04-10,3.82419991493225,3.85719990730286,3.8060998916626,3.82399988174438,0,3.82399988174438,"Brazil"
2019-04-11,3.85669994354248,3.87840008735657,3.83260011672974,3.85579991340637,0,3.85579991340637,"Brazil"
2019-04-14,3.88089990615845,3.88820004463196,3.86179995536804,3.88030004501343,0,3.88030004501343,"Brazil"
2019-04-15,3.87069988250732,3.90529990196228,3.86640000343323,3.87039995193481,0,3.87039995193481,"Brazil"
2019-04-16,3.90370011329651,3.94429993629456,3.875,3.90380001068115,0,3.90380001068115,"Brazil"
2019-04-17,3.93740010261536,3.94919991493225,3.89869999885559,3.93670010566711,0,3.93670010566711,"Brazil"
2019-04-18,3.92630004882812,3.93519997596741,3.92600011825562,3.92670011520386,0,3.92670011520386,"Brazil"
2019-04-21,3.91960000991821,3.93020009994507,3.90000009536743,3.93449997901917,0,3.93449997901917,"Brazil"
2019-04-22,3.93370008468628,3.96129989624023,3.92519998550415,3.93409991264343,0,3.93409991264343,"Brazil"
2019-04-23,3.9184000492096,3.98219990730286,3.90000009536743,3.91829991340637,0,3.91829991340637,"Brazil"
2019-04-24,3.98909997940063,4.00260019302368,3.95289993286133,3.98959994316101,0,3.98959994316101,"Brazil"
2019-04-25,3.9533998966217,3.96709990501404,3.91829991340637,3.95269989967346,0,3.95269989967346,"Brazil"
2019-04-28,3.92370009422302,3.9433000087738,3.91750001907349,3.92919993400574,0,3.92919993400574,"Brazil"
2019-04-29,3.94449996948242,3.95490002632141,3.92090010643005,3.94429993629456,0,3.94429993629456,"Brazil"
2019-04-30,3.92199993133545,3.93910002708435,3.916100025177,3.91689991950989,0,3.91689991950989,"Brazil"
2019-05-01,3.9268000125885,3.96989989280701,3.90720009803772,3.9193000793457,0,3.9193000793457,"Brazil"
2019-05-02,3.96659994125366,3.96720004081726,3.93050003051758,3.96620011329651,0,3.96620011329651,"Brazil"
2019-05-05,3.93379998207092,3.97320008277893,3.92890000343323,3.93659996986389,0,3.93659996986389,"Brazil"
2019-05-06,3.96779990196228,3.9974000453949,3.94720005989075,3.96819996833801,0,3.96819996833801,"Brazil"
2019-05-07,3.97119998931885,3.99149990081787,3.92499995231628,3.96869993209839,0,3.96869993209839,"Brazil"
2019-05-08,3.92610001564026,3.97909998893738,3.90599989891052,3.92630004882812,0,3.92630004882812,"Brazil"
2019-05-09,3.94569993019104,3.97079992294312,3.93639993667603,3.94539999961853,0,3.94539999961853,"Brazil"
2019-05-12,3.9242000579834,4.00080013275146,3.9242000579834,3.95970010757446,0,3.95970010757446,"Brazil"
2019-05-13,3.98909997940063,3.9935998916626,3.96880006790161,3.99049997329712,0,3.99049997329712,"Brazil"
2019-05-14,3.97560000419617,4.02080011367798,3.97239995002747,3.97510004043579,0,3.97510004043579,"Brazil"
2019-05-15,3.99959993362427,4.02430009841919,3.98429989814758,3.99990010261536,0,3.99990010261536,"Brazil"
2019-05-16,4.04629993438721,4.09770011901855,4.02229976654053,4.04619979858398,0,4.04619979858398,"Brazil"
2019-05-19,4.09579992294312,4.11929988861084,4.08199977874756,4.09740018844604,0,4.09740018844604,"Brazil"
2019-05-20,4.09509992599487,4.11059999465942,4.05959987640381,4.09490013122559,0,4.09490013122559,"Brazil"
2019-05-21,NA,NA,NA,NA,NA,NA,"Brazil"
2019-05-22,4.03690004348755,4.06930017471313,4.02619981765747,4.03679990768433,0,4.03679990768433,"Brazil"
2019-05-23,4.03840017318726,4.04540014266968,4.01870012283325,4.03870010375977,0,4.03870010375977,"Brazil"
2019-05-26,4.01200008392334,4.02670001983643,4.00629997253418,4.02120018005371,0,4.02120018005371,"Brazil"
2019-05-27,4.04150009155273,4.05060005187988,4.01350021362305,4.04209995269775,0,4.04209995269775,"Brazil"
2019-05-28,4.02409982681274,4.03579998016357,3.98589992523193,4.02360010147095,0,4.02360010147095,"Brazil"
2019-05-29,3.97350001335144,3.99020004272461,3.9514000415802,3.9734001159668,0,3.9734001159668,"Brazil"
2019-05-30,3.97550010681152,3.99569988250732,3.90869998931885,3.98000001907349,0,3.98000001907349,"Brazil"
2019-06-02,3.91980004310608,3.92899990081787,3.88980007171631,3.9242000579834,0,3.9242000579834,"Brazil"
2019-06-03,3.87949991226196,3.88680005073547,3.85509991645813,3.88409996032715,0,3.88409996032715,"Brazil"
2019-06-04,3.853600025177,3.88050007820129,3.8371000289917,3.853600025177,0,3.853600025177,"Brazil"
2019-06-05,3.84640002250671,3.88619995117188,3.84640002250671,3.87940001487732,0,3.87940001487732,"Brazil"
2019-06-06,3.87849998474121,3.88260006904602,3.84990000724792,3.87840008735657,0,3.87840008735657,"Brazil"
2019-06-09,3.88289999961853,3.89439988136292,3.8668999671936,3.87649989128113,0,3.87649989128113,"Brazil"
2019-06-10,3.8520998954773,3.8856999874115,3.8520998954773,3.88450002670288,0,3.88450002670288,"Brazil"
2019-06-11,3.85520005226135,3.86159992218018,3.83019995689392,3.85509991645813,0,3.85509991645813,"Brazil"
2019-06-12,3.86520004272461,3.8668999671936,3.83419990539551,3.86590003967285,0,3.86590003967285,"Brazil"
2019-06-13,3.8478000164032,3.89800000190735,3.8452000617981,3.84820008277893,0,3.84820008277893,"Brazil"
2019-06-16,3.89369988441467,3.90400004386902,3.87969994544983,3.89450001716614,0,3.89450001716614,"Brazil"
2019-06-17,3.88770008087158,3.88790011405945,3.84899997711182,3.88700008392334,0,3.88700008392334,"Brazil"
2019-06-18,3.85929989814758,3.88240003585815,3.85730004310608,3.85949993133545,0,3.85949993133545,"Brazil"
2019-06-19,3.8289999961853,3.83809995651245,3.8289999961853,3.8354001045227,0,3.8354001045227,"Brazil"
2019-06-20,3.84060001373291,3.8429000377655,3.81159996986389,3.83769989013672,0,3.83769989013672,"Brazil"
2019-06-23,3.79200005531311,3.83489990234375,3.79200005531311,3.82049989700317,0,3.82049989700317,"Brazil"
2019-06-24,3.82550001144409,3.83579993247986,3.81480002403259,3.82559990882874,0,3.82559990882874,"Brazil"
2019-06-25,3.81100010871887,3.8520998954773,3.81100010871887,3.84549999237061,0,3.84549999237061,"Brazil"
2019-06-26,3.84279990196228,3.87100005149841,3.8403000831604,3.8429000377655,0,3.8429000377655,"Brazil"
2019-06-27,3.81579995155334,3.83730006217957,3.79739999771118,3.81599998474121,0,3.81599998474121,"Brazil"
2019-06-30,3.84940004348755,3.85030007362366,3.80640006065369,3.84949994087219,0,3.84949994087219,"Brazil"
2019-07-01,3.83949995040894,3.8782000541687,3.83570003509521,3.83960008621216,0,3.83960008621216,"Brazil"
2019-07-02,3.84240007400513,3.87310004234314,3.82010006904602,3.84389996528625,0,3.84389996528625,"Brazil"
2019-07-03,3.82509994506836,3.82850003242493,3.78349995613098,3.82500004768372,0,3.82500004768372,"Brazil"
2019-07-04,3.80069994926453,3.83599996566772,3.79850006103516,3.80080008506775,0,3.80080008506775,"Brazil"
2019-07-07,3.8189001083374,3.82119989395142,3.80029988288879,3.81909990310669,0,3.81909990310669,"Brazil"
2019-07-08,3.7992000579834,3.82049989700317,3.79839992523193,3.79909992218018,0,3.79909992218018,"Brazil"
2019-07-09,3.80069994926453,3.81030011177063,3.76169991493225,3.79900002479553,0,3.79900002479553,"Brazil"
2019-07-10,3.75029993057251,3.78999996185303,3.72070002555847,3.75029993057251,0,3.75029993057251,"Brazil"
2019-07-11,3.75469994544983,3.76090002059937,3.73539996147156,3.75480008125305,0,3.75480008125305,"Brazil"
2019-07-14,3.72950005531311,3.75200009346008,3.7195999622345,3.73440003395081,0,3.73440003395081,"Brazil"
2019-07-15,3.72469997406006,3.76780009269714,3.72469997406006,3.75370001792908,0,3.75370001792908,"Brazil"
2019-07-16,3.7367000579834,3.76780009269714,3.7367000579834,3.76719999313354,0,3.76719999313354,"Brazil"
2019-07-17,3.76209998130798,3.76399993896484,3.74469995498657,3.76180005073547,0,3.76180005073547,"Brazil"
2019-07-18,3.71749997138977,3.74279999732971,3.70199990272522,3.71740007400513,0,3.71740007400513,"Brazil"
2019-07-21,3.74670004844666,3.75009989738464,3.73309993743896,3.74589991569519,0,3.74589991569519,"Brazil"
2019-07-22,3.73070001602173,3.769700050354,3.71679997444153,3.73979997634888,0,3.73979997634888,"Brazil"
2019-07-23,3.77239990234375,3.77250003814697,3.75079989433289,3.77239990234375,0,3.77239990234375,"Brazil"
2019-07-24,3.7720000743866,3.80290007591248,3.74780011177063,3.77130007743835,0,3.77130007743835,"Brazil"
2019-07-25,3.74869990348816,3.79029989242554,3.74869990348816,3.77519989013672,0,3.77519989013672,"Brazil"
2019-07-28,3.77320003509521,3.79749989509583,3.75430011749268,3.77349996566772,0,3.77349996566772,"Brazil"
2019-07-29,3.74629998207092,3.79690003395081,3.74629998207092,3.78010010719299,0,3.78010010719299,"Brazil"
2019-07-30,3.78920006752014,3.79159998893738,3.75270009040833,3.78929996490479,0,3.78929996490479,"Brazil"
2019-07-31,3.81159996986389,3.83660006523132,3.7878999710083,3.81170010566711,0,3.81170010566711,"Brazil"
2019-08-01,3.83730006217957,3.8914999961853,3.8131000995636,3.83730006217957,0,3.83730006217957,"Brazil"
2019-08-04,3.88770008087158,3.94519996643066,3.88170003890991,3.88389992713928,0,3.88389992713928,"Brazil"
2019-08-05,3.97300004959106,3.98270010948181,3.93639993667603,3.97309994697571,0,3.97309994697571,"Brazil"
2019-08-06,3.95670008659363,3.99029994010925,3.9349000453949,3.95869994163513,0,3.95869994163513,"Brazil"
2019-08-07,3.96749997138977,3.96779990196228,3.92779994010925,3.96740007400513,0,3.96740007400513,"Brazil"
2019-08-08,3.917799949646,3.94479990005493,3.89809989929199,3.91759991645813,0,3.91759991645813,"Brazil"
2019-08-11,3.93889999389648,4.0113000869751,3.9186999797821,3.94020009040833,0,3.94020009040833,"Brazil"
2019-08-12,3.98329997062683,4.01079988479614,3.94199991226196,3.98390007019043,0,3.98390007019043,"Brazil"
2019-08-13,3.96169996261597,4.01550006866455,3.96000003814697,3.96239995956421,0,3.96239995956421,"Brazil"
2019-08-14,4.05019998550415,4.05049991607666,4.00309991836548,4.05030012130737,0,4.05030012130737,"Brazil"
2019-08-15,3.99009990692139,4.00190019607544,3.97449994087219,3.99009990692139,0,3.99009990692139,"Brazil"
2019-08-18,4.00439977645874,4.03879976272583,3.99040007591248,4.00460004806519,0,4.00460004806519,"Brazil"
2019-08-19,4.07329988479614,4.07420015335083,4.02440023422241,4.07320022583008,0,4.07320022583008,"Brazil"
2019-08-20,4.04659986495972,4.05310010910034,4.01100015640259,4.05170011520386,0,4.05170011520386,"Brazil"
2019-08-21,4.02430009841919,4.05830001831055,4.01779985427856,4.02400016784668,0,4.02400016784668,"Brazil"
2019-08-22,4.06780004501343,4.11089992523193,4.05280017852783,4.06799983978271,0,4.06799983978271,"Brazil"
2019-08-25,4.11959981918335,4.1560001373291,4.09800004959106,4.1262001991272,0,4.1262001991272,"Brazil"
2019-08-26,4.15150022506714,4.18120002746582,4.12150001525879,4.15150022506714,0,4.15150022506714,"Brazil"
2019-08-27,4.12319993972778,4.16550016403198,4.10200023651123,4.12279987335205,0,4.12279987335205,"Brazil"
2019-08-28,4.16699981689453,4.17519998550415,4.14179992675781,4.16769981384277,0,4.16769981384277,"Brazil"
2019-08-29,4.16769981384277,4.16949987411499,4.1217999458313,4.16809988021851,0,4.16809988021851,"Brazil"
2019-09-01,4.1427001953125,4.16470003128052,4.14120006561279,4.14389991760254,0,4.14389991760254,"Brazil"
2019-09-02,4.18450021743774,4.18480014801025,4.14550018310547,4.18440008163452,0,4.18440008163452,"Brazil"
2019-09-03,4.14989995956421,4.16590023040771,4.10949993133545,4.16510009765625,0,4.16510009765625,"Brazil"
2019-09-04,4.09110021591187,4.09560012817383,4.06680011749268,4.09320020675659,0,4.09320020675659,"Brazil"
2019-09-05,4.08010005950928,4.10669994354248,4.05159997940063,4.10599994659424,0,4.10599994659424,"Brazil"
2019-09-08,4.06300020217896,4.09100008010864,4.04670000076294,4.0612998008728,0,4.0612998008728,"Brazil"
2019-09-09,4.09329986572266,4.12629985809326,4.08690023422241,4.09340000152588,0,4.09340000152588,"Brazil"
2019-09-10,4.07959985733032,4.08470010757446,4.05000019073486,4.07950019836426,0,4.07950019836426,"Brazil"
2019-09-11,4.05600023269653,4.06699991226196,4.0246000289917,4.06419992446899,0,4.06419992446899,"Brazil"
2019-09-12,4.03289985656738,4.06349992752075,4.03289985656738,4.05889987945557,0,4.05889987945557,"Brazil"
2019-09-15,4.08260011672974,4.10319995880127,4.07550001144409,4.08549976348877,0,4.08549976348877,"Brazil"
2019-09-16,4.07439994812012,4.11439990997314,4.07439994812012,4.07929992675781,0,4.07929992675781,"Brazil"
2019-09-17,4.04020023345947,4.10129976272583,4.04020023345947,4.07600021362305,0,4.07600021362305,"Brazil"
2019-09-18,4.10720014572144,4.14389991760254,4.08900022506714,4.1072998046875,0,4.1072998046875,"Brazil"
2019-09-19,4.16699981689453,4.1810998916626,4.14349985122681,4.16660022735596,0,4.16660022735596,"Brazil"
2019-09-22,4.14699983596802,4.17679977416992,4.14200019836426,4.14830017089844,0,4.14830017089844,"Brazil"
2019-09-23,4.12230014801025,4.17869997024536,4.12230014801025,4.16149997711182,0,4.16149997711182,"Brazil"
2019-09-24,4.13049983978271,4.19299983978271,4.13049983978271,4.1616997718811,0,4.1616997718811,"Brazil"
2019-09-25,4.14799976348877,4.15740013122559,4.12139987945557,4.14709997177124,0,4.14709997177124,"Brazil"
2019-09-26,4.1693000793457,4.16989994049072,4.14569997787476,4.16919994354248,0,4.16919994354248,"Brazil"
2019-09-29,4.15520000457764,4.16900014877319,4.1217999458313,4.15710020065308,0,4.15710020065308,"Brazil"
2019-09-30,4.14580011367798,4.1826000213623,4.14580011367798,4.1547999382019,0,4.1547999382019,"Brazil"
2019-10-01,4.15490007400513,4.17700004577637,4.1185998916626,4.15460014343262,0,4.15460014343262,"Brazil"
2019-10-02,4.11959981918335,4.12809991836548,4.08409976959229,4.12440013885498,0,4.12440013885498,"Brazil"
2019-10-03,4.08300018310547,4.08489990234375,4.05189990997314,4.08290004730225,0,4.08290004730225,"Brazil"
2019-10-06,4.05299997329712,4.08489990234375,4.05189990997314,4.05459976196289,0,4.05459976196289,"Brazil"
2019-10-07,4.1048002243042,4.10599994659424,4.07919979095459,4.10510015487671,0,4.10510015487671,"Brazil"
2019-10-08,4.09270000457764,4.10839986801147,4.0706000328064,4.09089994430542,0,4.09089994430542,"Brazil"
2019-10-09,4.10820007324219,4.13339996337891,4.08960008621216,4.10830020904541,0,4.10830020904541,"Brazil"
2019-10-10,4.11299991607666,4.12270021438599,4.0858998298645,4.10839986801147,0,4.10839986801147,"Brazil"
2019-10-13,4.1125020980835,4.13549995422363,4.10139989852905,4.1085000038147,0,4.1085000038147,"Brazil"
2019-10-14,4.08591222763062,4.15140008926392,4.08591222763062,4.12370014190674,0,4.12370014190674,"Brazil"
2019-10-15,4.17829990386963,4.18569993972778,4.1564998626709,4.17859983444214,0,4.17859983444214,"Brazil"
2019-10-16,4.13874101638794,4.16139984130859,4.1246452331543,4.14860010147095,0,4.14860010147095,"Brazil"
2019-10-17,4.12305116653442,4.16149997711182,4.12305116653442,4.16109991073608,0,4.16109991073608,"Brazil"
2019-10-20,4.11609983444214,4.14900016784668,4.10808706283569,4.11110019683838,0,4.11110019683838,"Brazil"
2019-10-21,4.1243748664856,4.13059997558594,4.06360006332397,4.12476396560669,0,4.12476396560669,"Brazil"
2019-10-22,4.07880020141602,4.08990001678467,4.06010007858276,4.07840013504028,0,4.07840013504028,"Brazil"
2019-10-23,4.03289985656738,4.03639984130859,3.99930000305176,4.03310012817383,0,4.03310012817383,"Brazil"
2019-10-24,4.04120016098022,4.04120016098022,3.99090003967285,4.03929996490479,0,4.03929996490479,"Brazil"
2019-10-28,4.00309991836548,4.00659990310669,3.97160005569458,4.00290012359619,0,4.00290012359619,"Brazil"
2019-10-29,3.98880004882812,4.00279998779297,3.98302388191223,3.98880004882812,0,3.98880004882812,"Brazil"
2019-10-30,3.99659991264343,4.02899980545044,3.96140289306641,3.99670004844666,0,3.99670004844666,"Brazil"
2019-10-31,3.9860999584198,4.01560020446777,3.95539999008179,3.98620009422302,0,3.98620009422302,"Brazil"
2019-11-01,4.01590013504028,4.01959991455078,3.96900010108948,4.01599979400635,0,4.01599979400635,"Brazil"
2019-11-04,3.98810005187988,4.00040006637573,3.97420001029968,3.98939990997314,0,3.98939990997314,"Brazil"
2019-11-05,4.01090002059937,4.02220010757446,3.98060011863708,4.01079988479614,0,4.01079988479614,"Brazil"
2019-11-06,3.99210000038147,4.07889986038208,3.97289991378784,3.99200010299683,0,3.99200010299683,"Brazil"
2019-11-07,4.08290004730225,4.10010004043579,4.04089498519897,4.08230018615723,0,4.08230018615723,"Brazil"
2019-11-08,4.09704303741455,4.15430021286011,4.07333993911743,4.09950017929077,0,4.09950017929077,"Brazil"
2019-11-11,4.13339996337891,4.16909980773926,4.13339996337891,4.13339996337891,0,4.13339996337891,"Brazil"
2019-11-12,4.15129995346069,4.18359994888306,4.14330005645752,4.15129995346069,0,4.15129995346069,"Brazil"
2019-11-13,4.16769981384277,4.18370008468628,4.16330003738403,4.16790008544922,0,4.16790008544922,"Brazil"
2019-11-14,4.16839981079102,4.19490003585815,4.15950012207031,4.16860008239746,0,4.16860008239746,"Brazil"
2019-11-15,4.19430017471313,4.19490003585815,4.1920280456543,4.19430017471313,0,4.19430017471313,"Brazil"
2019-11-18,4.19479990005493,4.19490003585815,4.16724681854248,4.19479990005493,0,4.19479990005493,"Brazil"
2019-11-19,4.21640014648438,4.21719980239868,4.18610000610352,4.21640014648438,0,4.21640014648438,"Brazil"
2019-11-20,4.19189977645874,4.19670009613037,4.17959976196289,4.19169998168945,0,4.19169998168945,"Brazil"
2019-11-21,4.19500017166138,4.21969985961914,4.18419981002808,4.19500017166138,0,4.19500017166138,"Brazil"
2019-11-22,4.19150018692017,4.19689989089966,4.16965293884277,4.19169998168945,0,4.19169998168945,"Brazil"
2019-11-25,4.19540023803711,4.2189998626709,4.17439985275269,4.19500017166138,0,4.19500017166138,"Brazil"
2019-11-26,4.2253999710083,4.26730012893677,4.22319412231445,4.2253999710083,0,4.2253999710083,"Brazil"
2019-11-27,4.23169994354248,4.26849985122681,4.2270998954773,4.2318000793457,0,4.2318000793457,"Brazil"
2019-11-28,4.26259994506836,4.2645001411438,4.23878192901611,4.26270008087158,0,4.26270008087158,"Brazil"
2019-11-29,4.18800020217896,4.23929977416992,4.18330001831055,4.18800020217896,0,4.18800020217896,"Brazil"
2019-12-02,4.23610019683838,4.24720001220703,4.21099996566772,4.23610019683838,0,4.23610019683838,"Brazil"
2019-12-03,4.2221999168396,4.22329998016357,4.18569993972778,4.22230005264282,0,4.22230005264282,"Brazil"
2019-12-04,4.20419979095459,4.20749998092651,4.18127298355103,4.2039999961853,0,4.2039999961853,"Brazil"
2019-12-05,4.20609998703003,4.22160005569458,4.18489980697632,4.20609998703003,0,4.20609998703003,"Brazil"
2019-12-06,4.18440008163452,4.18959999084473,4.16647481918335,4.18459987640381,0,4.18459987640381,"Brazil"
2019-12-09,4.11889982223511,4.15819978713989,4.11889982223511,4.11889982223511,0,4.11889982223511,"Brazil"
2019-12-10,4.14109992980957,4.14879989624023,4.12060022354126,4.14109992980957,0,4.14109992980957,"Brazil"
2019-12-11,4.144700050354,4.14540004730225,4.10909986495972,4.14459991455078,0,4.14459991455078,"Brazil"
2019-12-12,4.12239980697632,4.12890005111694,4.09509992599487,4.12370014190674,0,4.12370014190674,"Brazil"
2019-12-13,4.08920001983643,4.10960006713867,4.07350301742554,4.08724784851074,0,4.08724784851074,"Brazil"
2019-12-16,4.08580017089844,4.10900020599365,4.06357479095459,4.08580017089844,0,4.08580017089844,"Brazil"
2019-12-17,4.06190013885498,4.07520008087158,4.05030012130737,4.06190013885498,0,4.06190013885498,"Brazil"
2019-12-18,4.0706000328064,4.07280015945435,4.04526996612549,4.07019996643066,0,4.07019996643066,"Brazil"
2019-12-19,4.06169986724854,4.06650018692017,4.03799915313721,4.05966281890869,0,4.05966281890869,"Brazil"
2019-12-20,4.06850004196167,4.08620023727417,4.04232120513916,4.06879997253418,0,4.06879997253418,"Brazil"
2019-12-23,4.07989978790283,4.10270023345947,4.05639982223511,4.07989978790283,0,4.07989978790283,"Brazil"
2019-12-24,4.082200050354,4.0826997756958,4.06120014190674,4.08199977874756,0,4.08199977874756,"Brazil"
2019-12-25,4.08279991149902,4.08300018310547,4.05683422088623,4.08279991149902,0,4.08279991149902,"Brazil"
2019-12-26,4.08300018310547,4.08360004425049,4.04500007629395,4.08300018310547,0,4.08300018310547,"Brazil"
2019-12-27,4.05469989776611,4.07536220550537,4.03277397155762,4.05469989776611,0,4.05469989776611,"Brazil"
2019-12-30,4.02229976654053,4.04513692855835,4.00939989089966,4.02229976654053,0,4.02229976654053,"Brazil"
2019-12-31,4.01571178436279,4.02549982070923,4.01489496231079,4.01571083068848,0,4.01571083068848,"Brazil"
2020-01-01,4.01678609848022,4.0181999206543,4.01630020141602,4.01678609848022,0,4.01678609848022,"Brazil"
2020-01-02,4.01630020141602,4.03870010375977,4.00082015991211,4.01630020141602,0,4.01630020141602,"Brazil"
2020-01-03,4.02370023727417,4.0670051574707,4.02112483978271,4.0233998298645,0,4.0233998298645,"Brazil"
2020-01-06,4.05700016021729,4.0661997795105,4.04494190216064,4.05700016021729,0,4.05700016021729,"Brazil"
2020-01-07,4.0605001449585,4.09060001373291,4.04302406311035,4.06040000915527,0,4.06040000915527,"Brazil"
2020-01-08,4.0661997795105,4.07639980316162,4.04409980773926,4.0661997795105,0,4.0661997795105,"Brazil"
2020-01-09,4.06279993057251,4.08470010757446,4.03752088546753,4.06279993057251,0,4.06279993057251,"Brazil"
2020-01-10,4.09219980239868,4.09250020980835,4.06103086471558,4.09210014343262,0,4.09210014343262,"Brazil"
2020-01-13,4.09040021896362,4.13880014419556,4.08802795410156,4.07049989700317,0,4.07049989700317,"Brazil"
2020-01-14,4.14589977264404,4.15749979019165,4.12604999542236,4.14580011367798,0,4.14580011367798,"Brazil"
2020-01-15,4.13129997253418,4.18190002441406,4.11019992828369,4.13129997253418,0,4.13129997253418,"Brazil"
2020-01-16,4.17439985275269,4.19049978256226,4.15939998626709,4.1742000579834,0,4.1742000579834,"Brazil"
2020-01-17,4.18370008468628,4.1887001991272,4.17150688171387,4.18359994888306,0,4.18359994888306,"Brazil"
2020-01-20,4.16160011291504,4.18620014190674,4.15740013122559,4.16160011291504,0,4.16160011291504,"Brazil"
2020-01-21,4.1887001991272,4.2052001953125,4.16677618026733,4.18849992752075,0,4.18849992752075,"Brazil"
2020-01-22,4.2108998298645,4.21129989624023,4.1793999671936,4.2108998298645,0,4.2108998298645,"Brazil"
2020-01-23,4.18139982223511,4.18779993057251,4.15560007095337,4.18130016326904,0,4.18130016326904,"Brazil"
2020-01-24,4.16879987716675,4.18760013580322,4.14739990234375,4.16909980773926,0,4.16909980773926,"Brazil"
2020-01-27,4.15950012207031,4.22970008850098,4.15950012207031,4.15950012207031,0,4.15950012207031,"Brazil"
2020-01-28,4.20609998703003,4.21570014953613,4.18690013885498,4.20609998703003,0,4.20609998703003,"Brazil"
2020-01-29,4.19329977035522,4.22109985351562,4.18170022964478,4.19339990615845,0,4.19339990615845,"Brazil"
2020-01-30,4.22879981994629,4.26919984817505,4.22669792175293,4.22889995574951,0,4.22889995574951,"Brazil"
2020-01-31,4.24219989776611,4.2842001914978,4.24001121520996,4.24219989776611,0,4.24219989776611,"Brazil"
2020-02-03,4.28259992599487,4.28259992599487,4.22857904434204,4.28259992599487,0,4.28259992599487,"Brazil"
2020-02-04,4.24650001525879,4.24749994277954,4.22319984436035,4.2467999458313,0,4.2467999458313,"Brazil"
2020-02-05,4.25390005111694,4.25860023498535,4.22381019592285,4.2536997795105,0,4.2536997795105,"Brazil"
2020-02-06,4.23360013961792,4.27089977264404,4.20722484588623,4.23360013961792,0,4.23360013961792,"Brazil"
2020-02-07,4.28090000152588,4.3221001625061,4.27720022201538,4.28079986572266,0,4.28079986572266,"Brazil"
2020-02-10,4.32040023803711,4.32550001144409,4.30437994003296,4.32040023803711,0,4.32040023803711,"Brazil"
2020-02-11,4.32320022583008,4.33549976348877,4.29650020599365,4.32097482681274,0,4.32097482681274,"Brazil"
2020-02-12,4.32753086090088,4.34730005264282,4.32350015640259,4.32753086090088,0,4.32753086090088,"Brazil"
2020-02-13,4.35459995269775,4.38009977340698,4.30954504013062,4.35449981689453,0,4.35449981689453,"Brazil"
2020-02-14,4.34664678573608,4.34889984130859,4.30049991607666,4.34676694869995,0,4.34676694869995,"Brazil"
2020-02-17,4.29699993133545,4.32369995117188,4.29435300827026,4.29699993133545,0,4.29699993133545,"Brazil"
2020-02-18,4.32660007476807,4.35389995574951,4.32149791717529,4.32649993896484,0,4.32649993896484,"Brazil"
2020-02-19,4.35489988327026,4.37540006637573,4.35247802734375,4.3548002243042,0,4.3548002243042,"Brazil"
2020-02-20,4.36439990997314,4.39559984207153,4.32967615127563,4.36399984359741,0,4.36399984359741,"Brazil"
2020-02-21,4.39074087142944,4.40320014953613,4.37109994888306,4.39230012893677,0,4.39230012893677,"Brazil"
2020-02-24,4.38980007171631,4.39949989318848,4.36523580551147,4.38980007171631,0,4.38980007171631,"Brazil"
2020-02-25,4.38679981231689,4.38870000839233,4.36682176589966,4.38660001754761,0,4.38660001754761,"Brazil"
2020-02-26,4.38679981231689,4.43219995498657,4.35047721862793,4.38679981231689,0,4.38679981231689,"Brazil"
2020-02-27,4.44950008392334,4.49790000915527,4.44616079330444,4.44910001754761,0,4.44910001754761,"Brazil"
2020-02-28,4.48266506195068,4.51230001449585,4.4615478515625,4.48479986190796,0,4.48479986190796,"Brazil"
2020-03-02,4.44129991531372,4.50260019302368,4.44129991531372,4.44129991531372,0,4.44129991531372,"Brazil"
2020-03-03,4.47249984741211,4.50710010528564,4.4486608505249,4.47240018844604,0,4.47240018844604,"Brazil"
2020-03-04,4.51319980621338,4.55579996109009,4.5018892288208,4.51319980621338,0,4.51319980621338,"Brazil"
2020-03-05,4.58339977264404,4.6532998085022,4.58098077774048,4.58339977264404,0,4.58339977264404,"Brazil"
2020-03-06,4.60403108596802,4.66909980773926,4.60280323028564,4.60620021820068,0,4.60620021820068,"Brazil"
2020-03-09,4.62550020217896,4.78889989852905,4.62118005752563,4.58979988098145,0,4.58979988098145,"Brazil"
2020-03-10,4.72300004959106,4.72489976882935,4.65520000457764,4.72289991378784,0,4.72289991378784,"Brazil"
2020-03-11,4.64249992370605,4.68310022354126,4.61520004272461,4.64209985733032,0,4.64209985733032,"Brazil"
2020-03-12,4.81339979171753,5.01569986343384,4.81066513061523,4.81379985809326,0,4.81379985809326,"Brazil"
2020-03-13,4.79040002822876,4.79139995574951,4.64830017089844,4.79020023345947,0,4.79020023345947,"Brazil"
2020-03-16,4.85260009765625,4.98812580108643,4.85260009765625,4.85260009765625,0,4.85260009765625,"Brazil"
2020-03-17,4.99940013885498,5.07779979705811,4.99605083465576,4.99900007247925,0,4.99900007247925,"Brazil"
2020-03-18,5.00990009307861,5.19890022277832,4.9835000038147,5.00969982147217,0,5.00969982147217,"Brazil"
2020-03-19,5.10382890701294,5.21049976348877,5.10220813751221,5.10396194458008,0,5.10396194458008,"Brazil"
2020-03-20,5.09479999542236,5.09700012207031,4.99020004272461,5.09420013427734,0,5.09420013427734,"Brazil"
2020-03-23,5.04549980163574,5.13320016860962,5.00600004196167,5.04549980163574,0,5.04549980163574,"Brazil"
2020-03-24,5.14169979095459,5.14289999008179,5.03879976272583,5.14169979095459,0,5.14169979095459,"Brazil"
2020-03-25,5.09859991073608,5.10320997238159,5.05100011825562,5.09810018539429,0,5.09810018539429,"Brazil"
2020-03-26,5.03147792816162,5.06015586853027,4.97389984130859,5.03369998931885,0,5.03369998931885,"Brazil"
2020-03-27,5.02180004119873,5.11619997024536,4.9815731048584,5.0226001739502,0,5.0226001739502,"Brazil"
2020-03-29,5.10029983520508,5.17560005187988,5.0776538848877,5.1046290397644,0,5.1046290397644,"Brazil"
2020-03-30,5.19070100784302,5.2039999961853,5.16650009155273,5.1926999092102,0,5.1926999092102,"Brazil"
2020-03-31,5.20389986038208,5.24889993667603,5.19839000701904,5.20349979400635,0,5.20349979400635,"Brazil"
2020-04-01,5.2480001449585,5.27589988708496,5.22079992294312,5.24819993972778,0,5.24819993972778,"Brazil"
2020-04-02,5.25500011444092,5.3206000328064,5.25204610824585,5.25530004501343,0,5.25530004501343,"Brazil"
2020-04-05,5.34040021896362,5.34870004653931,5.22399997711182,5.34849977493286,0,5.34849977493286,"Brazil"
2020-04-06,5.28490018844604,5.28639984130859,5.18584203720093,5.28529977798462,0,5.28529977798462,"Brazil"
2020-04-07,5.22160005569458,5.24469995498657,5.16130018234253,5.2217001914978,0,5.2217001914978,"Brazil"
2020-04-08,5.1217999458313,5.15049982070923,5.05000019073486,5.12349987030029,0,5.12349987030029,"Brazil"
2020-04-09,5.10580015182495,5.10589981079102,5.0711522102356,5.10580015182495,0,5.10580015182495,"Brazil"
2020-04-12,5.10559988021851,5.20389986038208,5.1048002243042,5.10550022125244,0,5.10550022125244,"Brazil"
2020-04-13,5.19859981536865,5.20849990844727,5.07187223434448,5.19850015640259,0,5.19850015640259,"Brazil"
2020-04-14,5.16003608703613,5.26440000534058,5.15970897674561,5.16200017929077,0,5.16200017929077,"Brazil"
2020-04-15,5.23820018768311,5.26030015945435,5.2024998664856,5.23699998855591,0,5.23699998855591,"Brazil"
2020-04-16,5.23250007629395,5.27209997177124,5.19950008392334,5.23089981079102,0,5.23089981079102,"Brazil"
2020-04-19,5.23369979858398,5.29850006103516,5.23307180404663,5.23269987106323,0,5.23269987106323,"Brazil"
2020-04-20,5.31599998474121,5.31729984283447,5.31249094009399,5.31540012359619,0,5.31540012359619,"Brazil"
2020-04-21,5.31549978256226,5.39750003814697,5.30380010604858,5.31500005722046,0,5.31500005722046,"Brazil"
2020-04-22,5.45660018920898,5.48099994659424,5.40100002288818,5.45690011978149,0,5.45690011978149,"Brazil"
2020-04-23,5.53359985351562,5.71350002288818,5.5012001991272,5.53310012817383,0,5.53310012817383,"Brazil"
2020-04-26,5.59210014343262,5.68249988555908,5.53830003738403,5.5725998878479,0,5.5725998878479,"Brazil"
2020-04-27,5.65320014953613,5.65399980545044,5.54720020294189,5.65259981155396,0,5.65259981155396,"Brazil"
2020-04-28,5.49660015106201,5.52056407928467,5.37303018569946,5.49739980697632,0,5.49739980697632,"Brazil"
2020-04-29,5.33489990234375,5.44169998168945,5.33106517791748,5.33479976654053,0,5.33479976654053,"Brazil"
2020-04-30,5.48600006103516,5.48950004577637,5.48479986190796,5.48600006103516,0,5.48600006103516,"Brazil"
2020-05-03,5.48530006408691,5.59910011291504,5.48190498352051,5.47700023651123,0,5.47700023651123,"Brazil"
2020-05-04,5.5392951965332,5.56269979476929,5.48132705688477,5.54059982299805,0,5.54059982299805,"Brazil"
2020-05-05,5.57819986343384,5.68650007247925,5.57552003860474,5.57810020446777,0,5.57810020446777,"Brazil"
2020-05-06,5.71439981460571,5.87099981307983,5.71152019500732,5.71519994735718,0,5.71519994735718,"Brazil"
2020-05-07,5.83080005645752,5.83190011978149,5.72125005722046,5.82871913909912,0,5.82871913909912,"Brazil"
2020-05-10,5.73080015182495,5.81459999084473,5.72907876968384,5.47700023651123,0,5.47700023651123,"Brazil"
2020-05-11,5.81710004806519,5.82100009918213,5.74319982528687,5.81710004806519,0,5.81710004806519,"Brazil"
2020-05-12,5.88500022888184,5.92869997024536,5.81809997558594,5.88479995727539,0,5.88479995727539,"Brazil"
2020-05-13,5.8863000869751,5.96648406982422,5.88276100158691,5.88640022277832,0,5.88640022277832,"Brazil"
2020-05-14,5.80940008163452,5.86469984054565,5.76109981536865,5.80940008163452,0,5.80940008163452,"Brazil"
2020-05-17,5.85470008850098,5.85510015487671,5.70650005340576,5.85519981384277,0,5.85519981384277,"Brazil"
2020-05-18,5.71920013427734,5.75930023193359,5.68330478668213,5.7189998626709,0,5.7189998626709,"Brazil"
2020-05-19,5.7548999786377,5.75740003585815,5.67199993133545,5.7551999092102,0,5.7551999092102,"Brazil"
2020-05-20,5.69220018386841,5.6994137763977,5.5664439201355,5.69049978256226,0,5.69049978256226,"Brazil"
2020-05-21,5.5524001121521,5.61819982528687,5.54860019683838,5.5524001121521,0,5.5524001121521,"Brazil"
2020-05-24,5.4770998954773,5.53380012512207,5.44068717956543,5.52869987487793,0,5.52869987487793,"Brazil"
2020-05-25,5.44329977035522,5.44490003585815,5.34549999237061,5.44339990615845,0,5.44339990615845,"Brazil"
2020-05-26,5.34469985961914,5.35230016708374,5.26892709732056,5.3439998626709,0,5.3439998626709,"Brazil"
2020-05-27,5.27269983291626,5.35640001296997,5.26898908615112,5.27269983291626,0,5.27269983291626,"Brazil"
2020-05-28,5.40310001373291,5.45749998092651,5.33813714981079,5.40360021591187,0,5.40360021591187,"Brazil"
2020-05-31,5.33489990234375,5.39510011672974,5.31185722351074,5.33479976654053,0,5.33479976654053,"Brazil"
2020-06-01,5.36600017547607,5.36850023269653,5.21194076538086,5.36649990081787,0,5.36649990081787,"Brazil"
2020-06-02,5.19910001754761,5.20050001144409,5.01779985427856,5.19929981231689,0,5.19929981231689,"Brazil"
2020-06-03,5.06180000305176,5.13700008392334,5.02372217178345,5.06160020828247,0,5.06160020828247,"Brazil"
2020-06-04,5.11700010299683,5.11829996109009,4.93340015411377,5.11719989776611,0,5.11719989776611,"Brazil"
2020-06-07,4.95940017700195,4.9717001914978,4.88245487213135,4.95949983596802,0,4.95949983596802,"Brazil"
2020-06-08,4.82149982452393,4.93219995498657,4.81851577758789,4.82159996032715,0,4.82159996032715,"Brazil"
2020-06-09,4.89949989318848,4.91149997711182,4.84756278991699,4.8983998298645,0,4.8983998298645,"Brazil"
2020-06-10,4.97259998321533,4.97559976577759,4.95290422439575,4.9721999168396,0,4.9721999168396,"Brazil"
2020-06-11,4.97510004043579,5.1048002243042,4.9724497795105,4.97499990463257,0,4.97499990463257,"Brazil"
2020-06-14,5.36129999160767,5.36129999160767,5.04659986495972,5.04780006408691,0,5.04780006408691,"Brazil"
2020-06-15,5.15280485153198,5.20639991760254,5.04780006408691,5.15320682525635,0,5.15320682525635,"Brazil"
2020-06-16,5.24280023574829,5.26809978485107,5.18410015106201,5.2435998916626,0,5.2435998916626,"Brazil"
2020-06-17,5.2273998260498,5.3730001449585,5.22458076477051,5.22790002822876,0,5.22790002822876,"Brazil"
2020-06-18,5.37639999389648,5.38070011138916,5.32340002059937,5.37720012664795,0,5.37720012664795,"Brazil"
2020-06-21,5.14050006866455,5.31319999694824,5.14050006866455,5.30999994277954,0,5.30999994277954,"Brazil"
2020-06-22,5.25190019607544,5.25439977645874,5.14580011367798,5.25190019607544,0,5.25190019607544,"Brazil"
2020-06-23,5.15100002288818,5.31780004501343,5.1485390663147,5.15100002288818,0,5.15100002288818,"Brazil"
2020-06-24,5.34770011901855,5.36969995498657,5.26579999923706,5.34660005569458,0,5.34660005569458,"Brazil"
2020-06-25,5.35970020294189,5.48979997634888,5.35680198669434,5.35949993133545,0,5.35949993133545,"Brazil"
2020-06-28,5.4847297668457,5.48519992828369,5.39156484603882,5.48089981079102,0,5.48089981079102,"Brazil"
2020-06-29,5.40240001678467,5.50479984283447,5.3967227935791,5.40210008621216,0,5.40210008621216,"Brazil"
2020-06-30,5.46140003204346,5.46556901931763,5.34000015258789,5.46169996261597,0,5.46169996261597,"Brazil"
2020-07-01,5.31659984588623,5.34070014953613,5.26760005950928,5.3161997795105,0,5.3161997795105,"Brazil"
2020-07-02,5.3585000038147,5.3769998550415,5.31440019607544,5.35890007019043,0,5.35890007019043,"Brazil"
2020-07-05,5.14050006866455,5.3467001914978,5.14050006866455,5.31139993667603,0,5.31139993667603,"Brazil"
2020-07-06,5.35410022735596,5.39517402648926,5.28529977798462,5.35430002212524,0,5.35430002212524,"Brazil"
2020-07-07,5.37769985198975,5.39109992980957,5.31839990615845,5.37779998779297,0,5.37779998779297,"Brazil"
2020-07-08,5.34259986877441,5.34490013122559,5.24100017547607,5.34259986877441,0,5.34259986877441,"Brazil"
2020-07-09,5.33563709259033,5.3895001411438,5.32207918167114,5.33780002593994,0,5.33780002593994,"Brazil"
2020-07-12,5.32359981536865,5.36929988861084,5.31478595733643,5.32690000534058,0,5.32690000534058,"Brazil"
2020-07-13,5.40140008926392,5.44960021972656,5.34639978408813,5.40150022506714,0,5.40150022506714,"Brazil"
2020-07-14,5.36700010299683,5.36910009384155,5.29016017913818,5.36679983139038,0,5.36679983139038,"Brazil"
2020-07-15,5.36660003662109,5.38399982452393,5.3307671546936,5.36694812774658,0,5.36694812774658,"Brazil"
2020-07-16,5.32989978790283,5.35720014572144,5.3143310546875,5.3306999206543,0,5.3306999206543,"Brazil"
2020-07-19,5.38259983062744,5.38679981231689,5.33440017700195,5.38530015945435,0,5.38530015945435,"Brazil"
2020-07-20,5.32770013809204,5.3289999961853,5.18039989471436,5.32770013809204,0,5.32770013809204,"Brazil"
2020-07-21,5.16900014877319,5.19589996337891,5.09289979934692,5.1697998046875,0,5.1697998046875,"Brazil"
2020-07-22,5.11840009689331,5.19490003585815,5.11587190628052,5.1181001663208,0,5.1181001663208,"Brazil"
2020-07-23,5.2104001045227,5.24970006942749,5.18279504776001,5.21059989929199,0,5.21059989929199,"Brazil"
2020-07-26,5.2298002243042,5.23250007629395,5.15299987792969,5.22910022735596,0,5.22910022735596,"Brazil"
2020-07-27,5.14309978485107,5.19774198532104,5.12296485900879,5.14142179489136,0,5.14142179489136,"Brazil"
2020-07-28,5.15140008926392,5.15929985046387,5.11131906509399,5.15229988098145,0,5.15229988098145,"Brazil"
2020-07-29,5.16860008239746,5.21180009841919,5.148353099823,5.16879987716675,0,5.16879987716675,"Brazil"
2020-07-30,5.1532998085022,5.21929979324341,5.15120887756348,5.15390014648438,0,5.15390014648438,"Brazil"
2020-08-02,5.2217001914978,5.33319997787476,5.19674396514893,5.22119998931885,0,5.22119998931885,"Brazil"
2020-08-03,5.31869983673096,5.37389993667603,5.30433320999146,5.31869983673096,0,5.31869983673096,"Brazil"
2020-08-04,5.29020023345947,5.2943000793457,5.23250007629395,5.29020023345947,0,5.29020023345947,"Brazil"
2020-08-05,5.29080009460449,5.36607980728149,5.25009202957153,5.29090023040771,0,5.29090023040771,"Brazil"
2020-08-06,5.33039999008179,5.43529987335205,5.3291711807251,5.33129978179932,0,5.33129978179932,"Brazil"
2020-08-09,5.43709993362427,5.43819999694824,5.34740018844604,5.43720006942749,0,5.43720006942749,"Brazil"
2020-08-10,5.48000001907349,5.48369979858398,5.39907884597778,5.48050022125244,0,5.48050022125244,"Brazil"
2020-08-11,5.38030004501343,5.48330020904541,5.37740421295166,5.38040018081665,0,5.38040018081665,"Brazil"
2020-08-12,5.43520021438599,5.43590021133423,5.35699987411499,5.43499994277954,0,5.43499994277954,"Brazil"
2020-08-13,5.3668999671936,5.42000007629395,5.35777807235718,5.36700010299683,0,5.36700010299683,"Brazil"
2020-08-16,5.42460012435913,5.47650003433228,5.40984010696411,5.42080020904541,0,5.42080020904541,"Brazil"
2020-08-17,5.50850009918213,5.50979995727539,5.41680002212524,5.50829982757568,0,5.50829982757568,"Brazil"
2020-08-18,5.46689987182617,5.50460004806519,5.43482494354248,5.46540021896362,0,5.46540021896362,"Brazil"
2020-08-19,5.55649995803833,5.66780090332031,5.5403470993042,5.55639982223511,0,5.55639982223511,"Brazil"
2020-08-20,5.55569982528687,5.63149976730347,5.55282592773438,5.55590009689331,0,5.55590009689331,"Brazil"
2020-08-23,5.62319993972778,5.62360000610352,5.5571928024292,5.6185998916626,0,5.6185998916626,"Brazil"
2020-08-24,5.60970020294189,5.61349105834961,5.55610609054565,5.61059999465942,0,5.61059999465942,"Brazil"
2020-08-25,5.50719976425171,5.60559988021851,5.50521087646484,5.50740003585815,0,5.50740003585815,"Brazil"
2020-08-26,5.6072998046875,5.61740016937256,5.55700016021729,5.60720014572144,0,5.60720014572144,"Brazil"
2020-08-27,5.56850004196167,5.56990003585815,5.44015502929688,5.56869983673096,0,5.56869983673096,"Brazil"
2020-08-30,5.39090013504028,5.49249982833862,5.36329793930054,5.3899998664856,0,5.3899998664856,"Brazil"
2020-08-31,5.49139976501465,5.49249982833862,5.35570001602173,5.49090003967285,0,5.49090003967285,"Brazil"
2020-09-01,5.39669990539551,5.42236614227295,5.34365797042847,5.39729976654053,0,5.39729976654053,"Brazil"
2020-09-02,5.33839988708496,5.37139987945557,5.28760004043579,5.33869981765747,0,5.33869981765747,"Brazil"
2020-09-03,5.29010009765625,5.32429981231689,5.2480001449585,5.2898998260498,0,5.2898998260498,"Brazil"
2020-09-06,5.30299997329712,5.30329990386963,5.29587078094482,5.30100011825562,0,5.30100011825562,"Brazil"
2020-09-07,5.29839992523193,5.40450000762939,5.29566717147827,5.29829978942871,0,5.29829978942871,"Brazil"
2020-09-08,5.36119985580444,5.36359977722168,5.2827000617981,5.36059999465942,0,5.36059999465942,"Brazil"
2020-09-09,5.30740022659302,5.31562614440918,5.2663631439209,5.30849981307983,0,5.30849981307983,"Brazil"
2020-09-10,5.31863784790039,5.32180023193359,5.25899982452393,5.32049989700317,0,5.32049989700317,"Brazil"
2020-09-13,5.32159996032715,5.32219982147217,5.2824821472168,5.3161997795105,0,5.3161997795105,"Brazil"
2020-09-14,5.26809978485107,5.2960000038147,5.21929979324341,5.26830005645752,0,5.26830005645752,"Brazil"
2020-09-15,5.2746000289917,5.27540016174316,5.22249984741211,5.27430009841919,0,5.27430009841919,"Brazil"
2020-09-16,5.23619985580444,5.28929996490479,5.21999502182007,5.23600006103516,0,5.23600006103516,"Brazil"
2020-09-17,5.23799991607666,5.30810022354126,5.19255876541138,5.23780012130737,0,5.23780012130737,"Brazil"
2020-09-20,5.39650011062622,5.49469995498657,5.38508892059326,5.38980007171631,0,5.38980007171631,"Brazil"
2020-09-21,5.41300010681152,5.47209978103638,5.38100004196167,5.41260004043579,0,5.41260004043579,"Brazil"
2020-09-22,5.47049999237061,5.55679988861084,5.46705484390259,5.46990013122559,0,5.46990013122559,"Brazil"
2020-09-23,5.59210014343262,5.62120008468628,5.52930021286011,5.59240007400513,0,5.59240007400513,"Brazil"
2020-09-24,5.50839996337891,5.58599996566772,5.50601816177368,5.50839996337891,0,5.50839996337891,"Brazil"
2020-09-27,5.55859994888306,5.62069988250732,5.51273488998413,5.56110000610352,0,5.56110000610352,"Brazil"
2020-09-28,5.66009998321533,5.66750001907349,5.60839986801147,5.66020011901855,0,5.66020011901855,"Brazil"
2020-09-29,5.63049983978271,5.66529989242554,5.60529804229736,5.63049983978271,0,5.63049983978271,"Brazil"
2020-09-30,5.60930013656616,5.65369987487793,5.57670879364014,5.60839986801147,0,5.60839986801147,"Brazil"
2020-10-01,5.64239978790283,5.68349981307983,5.60551595687866,5.64200019836426,0,5.64200019836426,"Brazil"
2020-10-04,5.68419981002808,5.68730020523071,5.60851716995239,5.68160009384155,0,5.68160009384155,"Brazil"
2020-10-05,5.57340002059937,5.57450008392334,5.48449993133545,5.57340002059937,0,5.57340002059937,"Brazil"
2020-10-06,5.59280014038086,5.63399982452393,5.55100011825562,5.59380006790161,0,5.59380006790161,"Brazil"
2020-10-07,5.61100006103516,5.64309978485107,5.58108901977539,5.61129999160767,0,5.61129999160767,"Brazil"
2020-10-08,5.59889984130859,5.59980010986328,5.51070022583008,5.59859991073608,0,5.59859991073608,"Brazil"
2020-10-11,5.52489995956421,5.53229999542236,5.5246000289917,5.52899980545044,0,5.52899980545044,"Brazil"
2020-10-12,5.53000020980835,5.62260007858276,5.52169990539551,5.52969980239868,0,5.52969980239868,"Brazil"
2020-10-13,5.56790018081665,5.58048295974731,5.53310012817383,5.56850004196167,0,5.56850004196167,"Brazil"
2020-10-14,5.59070014953613,5.64400005340576,5.58803701400757,5.59049987792969,0,5.59049987792969,"Brazil"
2020-10-15,5.61070013046265,5.63940000534058,5.59789991378784,5.61119985580444,0,5.61119985580444,"Brazil"
2020-10-18,5.64480018615723,5.64589977264404,5.56853485107422,5.64480018615723,0,5.64480018615723,"Brazil"
2020-10-19,5.60559988021851,5.62389993667603,5.56629991531372,5.60559988021851,0,5.60559988021851,"Brazil"
2020-10-20,5.60419988632202,5.62550020217896,5.57100009918213,5.60419988632202,0,5.60419988632202,"Brazil"
2020-10-21,5.60710000991821,5.62389993667603,5.57320022583008,5.60780000686646,0,5.60780000686646,"Brazil"
2020-10-22,5.59119987487793,5.63070011138916,5.56370401382446,5.59130001068115,0,5.59130001068115,"Brazil"
2020-10-26,5.61819982528687,5.66020011901855,5.61159992218018,5.61619997024536,0,5.61619997024536,"Brazil"
2020-10-27,5.62270021438599,5.65630006790161,5.59940004348755,5.62270021438599,0,5.62270021438599,"Brazil"
2020-10-28,5.70510005950928,5.78859996795654,5.69997882843018,5.7052001953125,0,5.7052001953125,"Brazil"
2020-10-29,5.74499988555908,5.78630018234253,5.74249982833862,5.74490022659302,0,5.74490022659302,"Brazil"
2020-10-30,5.77740001678467,5.80350017547607,5.73554801940918,5.7778000831604,0,5.7778000831604,"Brazil"
2020-11-02,5.7382001876831,5.77400016784668,5.72202301025391,5.74139976501465,0,5.74139976501465,"Brazil"
2020-11-03,5.74119997024536,5.74230003356934,5.65059995651245,5.74109983444214,0,5.74109983444214,"Brazil"
2020-11-04,5.75540018081665,5.7617998123169,5.6479001045227,5.7548999786377,0,5.7548999786377,"Brazil"
2020-11-05,5.66270017623901,5.66379976272583,5.53929996490479,5.66300010681152,0,5.66300010681152,"Brazil"
2020-11-06,5.52360010147095,5.57159996032715,5.45260000228882,5.5233998298645,0,5.5233998298645,"Brazil"
2020-11-09,5.36460018157959,5.37849998474121,5.22359991073608,5.36269998550415,0,5.36269998550415,"Brazil"
2020-11-10,5.38409996032715,5.40570020675659,5.33590888977051,5.38469982147217,0,5.38469982147217,"Brazil"
2020-11-11,5.41379976272583,5.44770002365112,5.37610006332397,5.41389989852905,0,5.41389989852905,"Brazil"
2020-11-12,5.39039993286133,5.43100023269653,5.35340023040771,5.3899998664856,0,5.3899998664856,"Brazil"
2020-11-13,5.4550609588623,5.5226001739502,5.45117092132568,5.45669984817505,0,5.45669984817505,"Brazil"
2020-11-16,5.45809984207153,5.45809984207153,5.36619997024536,5.45699977874756,0,5.45699977874756,"Brazil"
2020-11-17,5.4148998260498,5.4197998046875,5.33785820007324,5.4148998260498,0,5.4148998260498,"Brazil"
2020-11-18,5.32760000228882,5.33879995346069,5.27578687667847,5.32719993591309,0,5.32719993591309,"Brazil"
2020-11-19,5.36149978637695,5.3713002204895,5.29511404037476,5.3617000579834,0,5.3617000579834,"Brazil"
2020-11-20,5.30429983139038,5.38980007171631,5.2854962348938,5.30450010299683,0,5.30450010299683,"Brazil"
2020-11-23,5.37919998168945,5.44600009918213,5.34048700332642,5.37809991836548,0,5.37809991836548,"Brazil"
2020-11-24,5.43940019607544,5.4443998336792,5.37618398666382,5.44059991836548,0,5.44059991836548,"Brazil"
2020-11-25,5.37260007858276,5.39550018310547,5.31300020217896,5.37260007858276,0,5.37260007858276,"Brazil"
2020-11-26,5.32200002670288,5.35580015182495,5.30429983139038,5.3225998878479,0,5.3225998878479,"Brazil"
2020-11-27,5.33529996871948,5.37639999389648,5.29885292053223,5.33529996871948,0,5.33529996871948,"Brazil"
2020-11-30,5.3439998626709,5.39139986038208,5.2757830619812,5.34250020980835,0,5.34250020980835,"Brazil"
2020-12-01,5.33109998703003,5.35970020294189,5.24319982528687,5.33109998703003,0,5.33109998703003,"Brazil"
2020-12-02,5.20480012893677,5.25158500671387,5.20308017730713,5.20489978790283,0,5.20489978790283,"Brazil"
2020-12-03,5.21610021591187,5.22679996490479,5.11892604827881,5.21630001068115,0,5.21630001068115,"Brazil"
2020-12-04,5.15110015869141,5.1823000907898,5.12440013885498,5.15100002288818,0,5.15100002288818,"Brazil"
2020-12-07,5.15549993515015,5.1673002243042,5.05550003051758,5.15439987182617,0,5.15439987182617,"Brazil"
2020-12-08,5.0984001159668,5.12440013885498,5.06319999694824,5.09829998016357,0,5.09829998016357,"Brazil"
2020-12-09,5.11929988861084,5.16130018234253,5.08729982376099,5.11969995498657,0,5.11969995498657,"Brazil"
2020-12-10,5.16970014572144,5.17010021209717,5.042799949646,5.16970014572144,0,5.16970014572144,"Brazil"
2020-12-11,5.02400016784668,5.08640003204346,5.02227401733398,5.02419996261597,0,5.02419996261597,"Brazil"
2020-12-14,5.06559991836548,5.12760019302368,5.00997400283813,5.06419992446899,0,5.06419992446899,"Brazil"
2020-12-15,5.11780023574829,5.12139987945557,5.0757999420166,5.11770009994507,0,5.11770009994507,"Brazil"
2020-12-16,5.08080005645752,5.13635301589966,5.06686782836914,5.07888412475586,0,5.07888412475586,"Brazil"
2020-12-17,5.08239984512329,5.08479976654053,5.04169988632202,5.08319997787476,0,5.08319997787476,"Brazil"
2020-12-18,5.05700016021729,5.11460018157959,5.05470514297485,5.05690002441406,0,5.05690002441406,"Brazil"
2020-12-21,5.10099983215332,5.22030019760132,5.09770011901855,5.10059976577759,0,5.10059976577759,"Brazil"
2020-12-22,5.1217999458313,5.16830015182495,5.10239601135254,5.11893796920776,0,5.11893796920776,"Brazil"
2020-12-23,5.15690422058105,5.20989990234375,5.12797403335571,5.15665483474731,0,5.15665483474731,"Brazil"
2020-12-24,5.21549987792969,5.21619987487793,5.20979976654053,5.2153000831604,0,5.2153000831604,"Brazil"
2020-12-25,5.2153000831604,5.21780014038086,5.19879388809204,5.2153000831604,0,5.2153000831604,"Brazil"
2020-12-28,5.17539978027344,5.30550003051758,5.16249322891235,5.2153000831604,0,5.2153000831604,"Brazil"
2020-12-29,5.24520015716553,5.24620008468628,5.16486215591431,5.24590015411377,0,5.24590015411377,"Brazil"
2020-12-30,5.20860004425049,5.23063898086548,5.15601015090942,5.20860004425049,0,5.20860004425049,"Brazil"
2020-12-31,5.19062423706055,5.19156122207642,5.17247009277344,5.19083881378174,0,5.19083881378174,"Brazil"
2021-01-01,5.19210004806519,5.1991491317749,5.19159984588623,5.19210004806519,0,5.19210004806519,"Brazil"
2021-01-04,5.17280006408691,5.25279998779297,5.11639976501465,5.19189977645874,0,5.19189977645874,"Brazil"
2021-01-05,5.29500007629395,5.35029983520508,5.2746000289917,5.29530000686646,0,5.29530000686646,"Brazil"
2021-01-06,5.28450012207031,5.34668016433716,5.2312068939209,5.28410005569458,0,5.28410005569458,"Brazil"
2021-01-07,5.31330013275146,5.40556812286377,5.29670000076294,5.31290006637573,0,5.31290006637573,"Brazil"
2021-01-08,5.40869998931885,5.41139984130859,5.32040023803711,5.40880012512207,0,5.40880012512207,"Brazil"
2021-01-11,5.41750001907349,5.51200008392334,5.4145998954773,5.4121880531311,0,5.4121880531311,"Brazil"
2021-01-12,5.48829984664917,5.49020004272461,5.40576982498169,5.48769998550415,0,5.48769998550415,"Brazil"
2021-01-13,5.32110023498535,5.34999990463257,5.26849985122681,5.32140016555786,0,5.32140016555786,"Brazil"
2021-01-14,5.29780006408691,5.30147886276245,5.21110010147095,5.2975001335144,0,5.2975001335144,"Brazil"
2021-01-15,5.19579982757568,5.29163980484009,5.19314289093018,5.19579982757568,0,5.19579982757568,"Brazil"
2021-01-18,5.2895998954773,5.3206000328064,5.23595809936523,5.29129981994629,0,5.29129981994629,"Brazil"
2021-01-19,5.29500007629395,5.34579992294312,5.24410009384155,5.2947998046875,0,5.2947998046875,"Brazil"
2021-01-20,5.35620021820068,5.35739994049072,5.27500009536743,5.35669994354248,0,5.35669994354248,"Brazil"
2021-01-21,5.29029989242554,5.39690017700195,5.23382616043091,5.29050016403198,0,5.29050016403198,"Brazil"
2021-01-22,5.34940004348755,5.46169996261597,5.34698104858398,5.34950017929077,0,5.34950017929077,"Brazil"
2021-01-25,5.46600008010864,5.4672999382019,5.4633002281189,5.46549987792969,0,5.46549987792969,"Brazil"
2021-01-26,5.463791847229,5.47049999237061,5.34159088134766,5.46549987792969,0,5.46549987792969,"Brazil"
2021-01-27,5.35400009155273,5.4173002243042,5.3491997718811,5.35379981994629,0,5.35379981994629,"Brazil"
2021-01-28,5.41190004348755,5.45410013198853,5.38896417617798,5.41260004043579,0,5.41260004043579,"Brazil"
2021-01-29,5.43748378753662,5.5036997795105,5.4118070602417,5.43798923492432,0,5.43798923492432,"Brazil"
2021-02-01,5.46080017089844,5.48250007629395,5.41794300079346,5.46080017089844,0,5.46080017089844,"Brazil"
2021-02-02,5.43120002746582,5.43349981307983,5.35319995880127,5.43050003051758,0,5.43050003051758,"Brazil"
2021-02-03,5.36536884307861,5.39050006866455,5.32130002975464,5.3668999671936,0,5.3668999671936,"Brazil"
2021-02-04,5.35055685043335,5.42759990692139,5.33667898178101,5.35200023651123,0,5.35200023651123,"Brazil"
2021-02-05,5.42560005187988,5.45310020446777,5.34479188919067,5.42570018768311,0,5.42570018768311,"Brazil"
2021-02-08,5.37020015716553,5.416100025177,5.3073000907898,5.36920022964478,0,5.36920022964478,"Brazil"
2021-02-09,5.36429977416992,5.44479990005493,5.35733509063721,5.36429977416992,0,5.36429977416992,"Brazil"
2021-02-10,5.37659978866577,5.43209981918335,5.35330009460449,5.37669992446899,0,5.37669992446899,"Brazil"
2021-02-11,5.38490009307861,5.39249992370605,5.33369016647339,5.38490009307861,0,5.38490009307861,"Brazil"
2021-02-12,5.3653998374939,5.40759992599487,5.35699987411499,5.3653998374939,0,5.3653998374939,"Brazil"
2021-02-15,5.36880016326904,5.37150001525879,5.36375617980957,5.3685998916626,0,5.3685998916626,"Brazil"
2021-02-16,5.36780023574829,5.36969995498657,5.36507987976074,5.36800003051758,0,5.36800003051758,"Brazil"
2021-02-17,5.36950016021729,5.42689990997314,5.36439990997314,5.36940002441406,0,5.36940002441406,"Brazil"
2021-02-18,5.40780782699585,5.44829988479614,5.38640022277832,5.40980005264282,0,5.40980005264282,"Brazil"
2021-02-19,5.42549991607666,5.46587896347046,5.36496305465698,5.42579984664917,0,5.42579984664917,"Brazil"
2021-02-22,5.38180017471313,5.52803182601929,5.37760019302368,5.38070011138916,0,5.38070011138916,"Brazil"
2021-02-23,5.46479988098145,5.478600025177,5.40878486633301,5.46339988708496,0,5.46339988708496,"Brazil"
2021-02-24,5.4394998550415,5.44759082794189,5.38969993591309,5.43959999084473,0,5.43959999084473,"Brazil"
2021-02-25,5.40307521820068,5.50950002670288,5.40180015563965,5.40296411514282,0,5.40296411514282,"Brazil"
2021-02-26,5.52774620056152,5.58109998703003,5.48999977111816,5.52802515029907,0,5.52802515029907,"Brazil"
2021-03-01,5.6023998260498,5.60690021514893,5.55679988861084,5.59759998321533,0,5.59759998321533,"Brazil"
2021-03-02,5.64069986343384,5.73000001907349,5.63719987869263,5.64069986343384,0,5.64069986343384,"Brazil"
2021-03-03,5.67500019073486,5.76910018920898,5.66825294494629,5.67509984970093,0,5.67509984970093,"Brazil"
2021-03-04,5.61645317077637,5.63539981842041,5.54510021209717,5.61749982833862,0,5.61749982833862,"Brazil"
2021-03-05,5.66860008239746,5.71543788909912,5.65549993515015,5.66830015182495,0,5.66830015182495,"Brazil"
2021-03-08,5.69099998474121,5.75761222839355,5.65080690383911,5.6894998550415,0,5.6894998550415,"Brazil"
2021-03-09,5.87459993362427,5.87750005722046,5.79949998855591,5.87459993362427,0,5.87459993362427,"Brazil"
2021-03-10,5.8011999130249,5.81080007553101,5.66808795928955,5.80149984359741,0,5.80149984359741,"Brazil"
2021-03-11,5.67110013961792,5.67150020599365,5.54099988937378,5.67110013961792,0,5.67110013961792,"Brazil"
2021-03-12,5.5346999168396,5.58089017868042,5.53090000152588,5.53480005264282,0,5.53480005264282,"Brazil"
2021-03-15,5.49575614929199,5.65250015258789,5.49575614929199,5.49515581130981,0,5.49515581130981,"Brazil"
2021-03-16,5.61450004577637,5.6249270439148,5.55639982223511,5.61450004577637,0,5.61450004577637,"Brazil"
2021-03-17,5.6230001449585,5.6774001121521,5.61752891540527,5.62340021133423,0,5.62340021133423,"Brazil"
2021-03-18,5.58319997787476,5.58459997177124,5.47609996795654,5.58309984207153,0,5.58309984207153,"Brazil"
2021-03-19,5.55870008468628,5.56239986419678,5.46019983291626,5.55870008468628,0,5.55870008468628,"Brazil"
2021-03-22,5.48929977416992,5.54510021209717,5.46863889694214,5.49356317520142,0,5.49356317520142,"Brazil"
2021-03-23,5.50530004501343,5.54406213760376,5.47469997406006,5.50549983978271,0,5.50549983978271,"Brazil"
2021-03-24,5.519700050354,5.5657000541687,5.49113893508911,5.52040004730225,0,5.52040004730225,"Brazil"
2021-03-25,5.61969995498657,5.67749977111816,5.61695289611816,5.61959981918335,0,5.61959981918335,"Brazil"
2021-03-26,5.64879989624023,5.71613883972168,5.62553119659424,5.6483998298645,0,5.6483998298645,"Brazil"
2021-03-28,5.75250005722046,5.80280017852783,5.75,5.75239992141724,0,5.75239992141724,"Brazil"
2021-03-29,5.78109979629517,5.79860019683838,5.73207187652588,5.78079986572266,0,5.78079986572266,"Brazil"
2021-03-30,5.77129983901978,5.77269983291626,5.63619995117188,5.77159976959229,0,5.77159976959229,"Brazil"
2021-03-31,5.63170003890991,5.7056999206543,5.60809993743896,5.63129997253418,0,5.63129997253418,"Brazil"
2021-04-01,5.70739984512329,5.70979976654053,5.70650005340576,5.70739984512329,0,5.70739984512329,"Brazil"
2021-04-04,5.71059989929199,5.7108998298645,5.63240003585815,5.71059989929199,0,5.71059989929199,"Brazil"
2021-04-05,5.66270017623901,5.67190313339233,5.59927082061768,5.66270017623901,0,5.66270017623901,"Brazil"
2021-04-06,5.59320020675659,5.6149001121521,5.54739999771118,5.59320020675659,0,5.59320020675659,"Brazil"
2021-04-07,5.61199998855591,5.61339998245239,5.56459999084473,5.61210012435913,0,5.61210012435913,"Brazil"
2021-04-08,5.56680011749268,5.66949987411499,5.54335308074951,5.56659984588623,0,5.56659984588623,"Brazil"
2021-04-11,5.67700004577637,5.69990015029907,5.63059997558594,5.67929983139038,0,5.67929983139038,"Brazil"
2021-04-12,5.73210000991821,5.75330018997192,5.66270017623901,5.73220014572144,0,5.73220014572144,"Brazil"
2021-04-13,5.71619987487793,5.73110008239746,5.66296815872192,5.71630001068115,0,5.71630001068115,"Brazil"
2021-04-14,5.65240001678467,5.65659999847412,5.59630012512207,5.65290021896362,0,5.65290021896362,"Brazil"
2021-04-15,5.61300802230835,5.67479991912842,5.5952000617981,5.61499977111816,0,5.61499977111816,"Brazil"
2021-04-18,5.58699989318848,5.61850023269653,5.5386757850647,5.58580017089844,0,5.58580017089844,"Brazil"
2021-04-19,5.54440021514893,5.58370018005371,5.50189876556396,5.54530000686646,0,5.54530000686646,"Brazil"
2021-04-20,5.56799983978271,5.56979990005493,5.54857015609741,5.56790018081665,0,5.56790018081665,"Brazil"
2021-04-21,5.56799983978271,5.5689001083374,5.48016023635864,5.56790018081665,0,5.56790018081665,"Brazil"
2021-04-22,5.44329977035522,5.519700050354,5.4242000579834,5.44320011138916,0,5.44320011138916,"Brazil"
2021-04-25,5.4770998954773,5.48649978637695,5.43760013580322,5.47720003128052,0,5.47720003128052,"Brazil"
2021-04-26,5.43510007858276,5.46140003204346,5.41576719284058,5.43529987335205,0,5.43529987335205,"Brazil"
2021-04-27,5.45090007781982,5.45450019836426,5.38520002365112,5.45100021362305,0,5.45100021362305,"Brazil"
2021-04-28,5.34140014648438,5.3769998550415,5.33838510513306,5.34140014648438,0,5.34140014648438,"Brazil"
2021-04-29,5.33640003204346,5.4355001449585,5.31600379943848,5.33640003204346,0,5.33640003204346,"Brazil"
2021-05-02,5.43970012664795,5.45170021057129,5.37253618240356,5.43970012664795,0,5.43970012664795,"Brazil"
2021-05-03,5.43819999694824,5.47809982299805,5.43139982223511,5.43809986114502,0,5.43809986114502,"Brazil"
2021-05-04,5.44339990615845,5.44430017471313,5.36259984970093,5.44259977340698,0,5.44259977340698,"Brazil"
2021-05-05,5.35270023345947,5.37249994277954,5.25710010528564,5.35270023345947,0,5.35270023345947,"Brazil"
2021-05-06,5.27346706390381,5.29029989242554,5.20319986343384,5.27343082427979,0,5.27343082427979,"Brazil"
2021-05-09,5.23589992523193,5.2487998008728,5.19840002059937,5.2354998588562,0,5.2354998588562,"Brazil"
2021-05-10,5.22259998321533,5.27899980545044,5.20499992370605,5.2221999168396,0,5.2221999168396,"Brazil"
2021-05-11,5.22130012512207,5.26690006256104,5.21000003814697,5.22119998931885,0,5.22119998931885,"Brazil"
2021-05-12,5.3008131980896,5.31920003890991,5.25159978866577,5.30310010910034,0,5.30310010910034,"Brazil"
2021-05-13,5.30740022659302,5.30840015411377,5.25050020217896,5.30770015716553,0,5.30770015716553,"Brazil"
2021-05-16,5.26959991455078,5.31790018081665,5.24996995925903,5.26949977874756,0,5.26949977874756,"Brazil"
2021-05-17,5.27169990539551,5.27860021591187,5.22919082641602,5.27150011062622,0,5.27150011062622,"Brazil"
2021-05-18,5.2596001625061,5.30340003967285,5.25733184814453,5.25950002670288,0,5.25950002670288,"Brazil"
2021-05-19,5.30840015411377,5.30989980697632,5.27530002593994,5.30800008773804,0,5.30800008773804,"Brazil"
2021-05-20,5.28140020370483,5.32719993591309,5.27099990844727,5.28130006790161,0,5.28130006790161,"Brazil"
2021-05-23,5.36280012130737,5.36630010604858,5.31110000610352,5.36180019378662,0,5.36180019378662,"Brazil"
2021-05-24,5.31860017776489,5.32049989700317,5.29320001602173,5.31850004196167,0,5.31850004196167,"Brazil"
2021-05-25,5.33039999008179,5.33939981460571,5.28620004653931,5.3306999206543,0,5.3306999206543,"Brazil"
2021-05-26,5.3105001449585,5.31220006942749,5.25845003128052,5.3105001449585,0,5.3105001449585,"Brazil"
2021-05-27,5.23810005187988,5.25842523574829,5.21730184555054,5.23820018768311,0,5.23820018768311,"Brazil"
2021-05-30,5.23789978027344,5.25830221176147,5.1975998878479,5.23799991607666,0,5.23799991607666,"Brazil"
2021-05-31,5.21680021286011,5.21999979019165,5.14508104324341,5.21659994125366,0,5.21659994125366,"Brazil"
2021-06-01,5.15000009536743,5.17180013656616,5.06659984588623,5.14970016479492,0,5.14970016479492,"Brazil"
2021-06-02,5.07450008392334,5.07800006866455,5.07235193252563,5.07450008392334,0,5.07450008392334,"Brazil"
2021-06-03,5.07660007476807,5.10760021209717,5.05369997024536,5.07630014419556,0,5.07630014419556,"Brazil"
2021-06-06,5.04470014572144,5.06610012054443,5.01830005645752,5.04460000991821,0,5.04460000991821,"Brazil"
2021-06-07,5.04335784912109,5.06629991531372,5.01989984512329,5.04519987106323,0,5.04519987106323,"Brazil"
2021-06-08,5.03520011901855,5.06669998168945,5.01830005645752,5.03490018844604,0,5.03490018844604,"Brazil"
2021-06-09,5.05975103378296,5.07770013809204,5.03088808059692,5.06150007247925,0,5.06150007247925,"Brazil"
2021-06-10,5.05450010299683,5.13640022277832,5.03869581222534,5.05450010299683,0,5.05450010299683,"Brazil"
2021-06-13,5.1168999671936,5.11749982833862,5.05420017242432,5.11700010299683,0,5.11700010299683,"Brazil"
2021-06-14,5.0588002204895,5.10109996795654,5.05622005462646,5.05859994888306,0,5.05859994888306,"Brazil"
2021-06-15,5.04309701919556,5.04955577850342,4.99170303344727,5.04379987716675,0,5.04379987716675,"Brazil"
2021-06-16,5.05410003662109,5.07250022888184,5.00780010223389,5.05429983139038,0,5.05429983139038,"Brazil"
2021-06-17,5.00729990005493,5.05420017242432,4.98016786575317,5.00740003585815,0,5.00740003585815,"Brazil"
2021-06-20,5.09590005874634,5.09600019454956,5.02740001678467,5.09600019454956,0,5.09600019454956,"Brazil"
2021-06-21,5.01289987564087,5.04250001907349,4.9948000907898,5.01310014724731,0,5.01310014724731,"Brazil"
2021-06-22,4.95614719390869,4.9770998954773,4.93760013580322,4.95709991455078,0,4.95709991455078,"Brazil"
2021-06-23,4.96519994735718,4.97060012817383,4.91440010070801,4.96519994735718,0,4.96519994735718,"Brazil"
2021-06-24,4.9128999710083,4.94360017776489,4.89300012588501,4.91270017623901,0,4.91270017623901,"Brazil"
2021-06-27,4.9145998954773,4.96969985961914,4.89733695983887,4.91540002822876,0,4.91540002822876,"Brazil"
2021-06-28,4.92449998855591,4.96789979934692,4.92247104644775,4.92479991912842,0,4.92479991912842,"Brazil"
2021-06-29,4.95317983627319,5.02029991149902,4.95295715332031,4.95510005950928,0,4.95510005950928,"Brazil"
2021-06-30,4.96909999847412,5.0460000038147,4.94549989700317,4.96920013427734,0,4.96920013427734,"Brazil"
2021-07-01,5.04517507553101,5.07040023803711,4.98559999465942,5.0451021194458,0,5.0451021194458,"Brazil"
2021-07-04,5.05910015106201,5.09009981155396,5.0135760307312,5.05919981002808,0,5.05919981002808,"Brazil"
2021-07-05,5.08877992630005,5.20009994506836,5.0757999420166,5.08845901489258,0,5.08845901489258,"Brazil"
2021-07-06,5.19361400604248,5.27909994125366,5.17089986801147,5.19530010223389,0,5.19530010223389,"Brazil"
2021-07-07,5.22889518737793,5.30900001525879,5.22803688049316,5.23120021820068,0,5.23120021820068,"Brazil"
2021-07-08,5.25820016860962,5.25909996032715,5.23744916915894,5.25799989700317,0,5.25799989700317,"Brazil"
2021-07-11,5.19619989395142,5.28070020675659,5.1534481048584,5.25790023803711,0,5.25790023803711,"Brazil"
2021-07-12,5.17280006408691,5.23799991607666,5.15093421936035,5.17269992828369,0,5.17269992828369,"Brazil"
2021-07-13,5.16139984130859,5.1641001701355,5.06629991531372,5.16239976882935,0,5.16239976882935,"Brazil"
2021-07-14,5.07030010223389,5.12160015106201,5.05582618713379,5.06990003585815,0,5.06990003585815,"Brazil"
2021-07-15,5.11030006408691,5.12389993667603,5.07490015029907,5.1100001335144,0,5.1100001335144,"Brazil"
2021-07-18,5.11530017852783,5.2153000831604,5.11100816726685,5.1153998374939,0,5.1153998374939,"Brazil"
2021-07-19,5.25050020217896,5.29150009155273,5.20669984817505,5.25089979171753,0,5.25089979171753,"Brazil"
2021-07-20,5.21939992904663,5.27519989013672,5.21789693832397,5.21990013122559,0,5.21990013122559,"Brazil"
2021-07-21,5.18537378311157,5.22139978408813,5.1687798500061,5.18730020523071,0,5.18730020523071,"Brazil"
2021-07-22,5.19980001449585,5.20160007476807,5.1577000617981,5.19960021972656,0,5.19960021972656,"Brazil"
2021-07-25,5.19799995422363,5.22760009765625,5.1628999710083,5.19789981842041,0,5.19789981842041,"Brazil"
2021-07-26,5.17539978027344,5.20190000534058,5.1476001739502,5.17539978027344,0,5.17539978027344,"Brazil"
2021-07-27,5.16860008239746,5.1710000038147,5.12856388092041,5.16909980773926,0,5.16909980773926,"Brazil"
2021-07-28,5.11479997634888,5.11590003967285,5.0425968170166,5.11479997634888,0,5.11479997634888,"Brazil"
2021-07-29,5.08029985427856,5.15220022201538,5.0757999420166,5.08039999008179,0,5.08039999008179,"Brazil"
2021-08-01,5.20860004425049,5.21430015563965,5.11560010910034,5.20870018005371,0,5.20870018005371,"Brazil"
2021-08-02,5.17460012435913,5.27120018005371,5.16919994354248,5.17460012435913,0,5.17460012435913,"Brazil"
2021-08-03,5.19670009613037,5.24130010604858,5.16404676437378,5.19680023193359,0,5.19680023193359,"Brazil"
2021-08-04,5.16809988021851,5.17579984664917,5.1100001335144,5.16820001602173,0,5.16820001602173,"Brazil"
2021-08-05,5.24520015716553,5.27096319198608,5.20669984817505,5.24520015716553,0,5.24520015716553,"Brazil"
2021-08-08,5.2354998588562,5.29650020599365,5.2266001701355,5.23199987411499,0,5.23199987411499,"Brazil"
2021-08-09,5.23159980773926,5.25979995727539,5.19049978256226,5.2318000793457,0,5.2318000793457,"Brazil"
2021-08-10,5.18860006332397,5.23150014877319,5.15899991989136,5.18830013275146,0,5.18830013275146,"Brazil"
2021-08-11,5.21820020675659,5.2536997795105,5.21280002593994,5.21820020675659,0,5.21820020675659,"Brazil"
2021-08-12,5.25229978561401,5.27769994735718,5.22320604324341,5.25220012664795,0,5.25220012664795,"Brazil"
2021-08-15,5.24749994277954,5.29010009765625,5.22410011291504,5.24749994277954,0,5.24749994277954,"Brazil"
2021-08-16,5.2596001625061,5.29400014877319,5.23504495620728,5.25969982147217,0,5.25969982147217,"Brazil"
2021-08-17,5.2943000793457,5.35249996185303,5.26270008087158,5.2943000793457,0,5.2943000793457,"Brazil"
2021-08-18,5.3786997795105,5.44960021972656,5.37615489959717,5.37860012054443,0,5.37860012054443,"Brazil"
2021-08-19,5.41429996490479,5.47179985046387,5.34000015258789,5.4141001701355,0,5.4141001701355,"Brazil"
2021-08-22,5.38440895080566,5.40430021286011,5.33900022506714,5.37900018692017,0,5.37900018692017,"Brazil"
2021-08-23,5.38009977340698,5.3814001083374,5.25629997253418,5.3798999786377,0,5.3798999786377,"Brazil"
2021-08-24,5.24590015411377,5.26669979095459,5.22629976272583,5.24580001831055,0,5.24580001831055,"Brazil"
2021-08-25,5.21099996566772,5.25610017776489,5.20735597610474,5.21099996566772,0,5.21099996566772,"Brazil"
2021-08-26,5.25180006027222,5.25850009918213,5.18970012664795,5.25159978866577,0,5.25159978866577,"Brazil"
2021-08-29,5.20300006866455,5.22230005264282,5.18200016021729,5.20279979705811,0,5.20279979705811,"Brazil"
2021-08-30,5.18319988250732,5.19250011444092,5.11579990386963,5.18289995193481,0,5.18289995193481,"Brazil"
2021-08-31,5.14738082885742,5.18529987335205,5.14139986038208,5.14930009841919,0,5.14930009841919,"Brazil"
2021-09-01,5.18520021438599,5.1971001625061,5.14120006561279,5.18459987640381,0,5.18459987640381,"Brazil"
2021-09-02,5.18190002441406,5.18919992446899,5.13110017776489,5.18179988861084,0,5.18179988861084,"Brazil"
2021-09-05,5.19250011444092,5.20870018005371,5.15469980239868,5.18979978561401,0,5.18979978561401,"Brazil"
2021-09-06,5.16909980773926,5.16989994049072,5.16694688796997,5.1693000793457,0,5.1693000793457,"Brazil"
2021-09-07,5.16879987716675,5.30679988861084,5.16694116592407,5.16960000991821,0,5.16960000991821,"Brazil"
2021-09-08,5.32070016860962,5.33090019226074,5.26090002059937,5.3206000328064,0,5.3206000328064,"Brazil"
2021-09-09,5.19670009613037,5.23570013046265,5.16316223144531,5.19649982452393,0,5.19649982452393,"Brazil"
2021-09-12,5.24690008163452,5.26440000534058,5.20100021362305,5.24700021743774,0,5.24700021743774,"Brazil"
2021-09-13,5.21299982070923,5.2487998008728,5.1924409866333,5.21320009231567,0,5.21320009231567,"Brazil"
2021-09-14,5.23859977722168,5.26940011978149,5.1925950050354,5.23890018463135,0,5.23890018463135,"Brazil"
2021-09-15,5.2217001914978,5.2765998840332,5.21964502334595,5.2217001914978,0,5.2217001914978,"Brazil"
2021-09-16,5.25680017471313,5.34479999542236,5.25209093093872,5.25680017471313,0,5.25680017471313,"Brazil"
2021-09-19,5.2895998954773,5.34369993209839,5.28190517425537,5.28970003128052,0,5.28970003128052,"Brazil"
2021-09-20,5.32340002059937,5.33279991149902,5.28599977493286,5.32320022583008,0,5.32320022583008,"Brazil"
2021-09-21,5.26919984817505,5.2895998954773,5.24819898605347,5.26889991760254,0,5.26889991760254,"Brazil"
2021-09-22,5.28779983520508,5.30749988555908,5.25759983062744,5.28770017623901,0,5.28770017623901,"Brazil"
2021-09-23,5.30229997634888,5.35220003128052,5.25444316864014,5.30189990997314,0,5.30189990997314,"Brazil"
2021-09-26,5.33690023422241,5.36229991912842,5.30810022354126,5.33699989318848,0,5.33699989318848,"Brazil"
2021-09-27,5.39039993286133,5.43930006027222,5.38620281219482,5.39039993286133,0,5.39039993286133,"Brazil"
2021-09-28,5.42749977111816,5.44129991531372,5.39328289031982,5.42759990692139,0,5.42759990692139,"Brazil"
2021-09-29,5.41419982910156,5.45503187179565,5.36780023574829,5.41429996490479,0,5.41429996490479,"Brazil"
2021-09-30,5.44169998168945,5.44290018081665,5.36180019378662,5.44169998168945,0,5.44169998168945,"Brazil"
2021-10-03,5.36780023574829,5.44019985198975,5.3600001335144,5.36789989471436,0,5.36789989471436,"Brazil"
2021-10-04,5.45329999923706,5.47200012207031,5.42500019073486,5.45319986343384,0,5.45319986343384,"Brazil"
2021-10-05,5.4753999710083,5.52089977264404,5.45289087295532,5.47550010681152,0,5.47550010681152,"Brazil"
2021-10-06,5.49230003356934,5.52519989013672,5.46689987182617,5.4918999671936,0,5.4918999671936,"Brazil"
2021-10-07,5.51700019836426,5.52750015258789,5.4818000793457,5.51700019836426,0,5.51700019836426,"Brazil"
2021-10-10,5.51020002365112,5.52530002593994,5.49469995498657,5.5068998336792,0,5.5068998336792,"Brazil"
2021-10-11,5.53539991378784,5.53630018234253,5.52530002593994,5.53599977493286,0,5.53599977493286,"Brazil"
2021-10-12,5.53170013427734,5.56080007553101,5.50799989700317,5.5314998626709,0,5.5314998626709,"Brazil"
2021-10-13,5.51249980926514,5.52489995956421,5.46869993209839,5.51249980926514,0,5.51249980926514,"Brazil"
2021-10-14,5.51219987869263,5.51440000534058,5.43279981613159,5.51219987869263,0,5.51219987869263,"Brazil"
2021-10-17,5.45839977264404,5.53980016708374,5.45413017272949,5.45839977264404,0,5.45839977264404,"Brazil"
2021-10-18,5.5113000869751,5.5706000328064,5.50845718383789,5.5113000869751,0,5.5113000869751,"Brazil"
2021-10-19,5.58379983901978,5.59170007705688,5.53463888168335,5.58330011367798,0,5.58330011367798,"Brazil"
2021-10-20,5.59639978408813,5.67111682891846,5.59399604797363,5.59630012512207,0,5.59630012512207,"Brazil"
2021-10-21,5.6577000617981,5.75220012664795,5.65550518035889,5.65780019760132,0,5.65780019760132,"Brazil"
2021-10-24,5.64919996261597,5.65070009231567,5.5802001953125,5.64919996261597,0,5.64919996261597,"Brazil"
2021-10-25,5.55369997024536,5.58839988708496,5.54735994338989,5.5543999671936,0,5.5543999671936,"Brazil"
2021-10-26,5.56549978256226,5.58879995346069,5.53760004043579,5.56479978561401,0,5.56479978561401,"Brazil"
2021-10-27,5.53509998321533,5.63280010223389,5.53280782699585,5.53499984741211,0,5.53499984741211,"Brazil"
2021-10-28,5.64489984512329,5.65899991989136,5.61469984054565,5.64489984512329,0,5.64489984512329,"Brazil"
2021-11-01,5.63549995422363,5.68620014190674,5.61899995803833,5.63369989395142,0,5.63369989395142,"Brazil"
2021-11-02,5.67880010604858,5.67980003356934,5.66099977493286,5.67889976501465,0,5.67889976501465,"Brazil"
2021-11-03,5.67869997024536,5.69570016860962,5.61317014694214,5.67859983444214,0,5.67859983444214,"Brazil"
2021-11-04,5.55179977416992,5.61569976806641,5.54932117462158,5.5524001121521,0,5.5524001121521,"Brazil"
2021-11-05,5.59963989257812,5.60419988632202,5.5226001739502,5.60169982910156,0,5.60169982910156,"Brazil"
2021-11-08,5.53859996795654,5.59299993515015,5.53859996795654,5.541100025177,0,5.541100025177,"Brazil"
2021-11-09,5.54300022125244,5.54519987106323,5.47249984741211,5.54309988021851,0,5.54309988021851,"Brazil"
2021-11-10,5.47910022735596,5.50020790100098,5.43415689468384,5.47910022735596,0,5.47910022735596,"Brazil"
2021-11-11,5.49030017852783,5.49440002441406,5.39160013198853,5.4899001121521,0,5.4899001121521,"Brazil"
2021-11-12,5.3979001045227,5.43970012664795,5.39480018615723,5.39799976348877,0,5.39799976348877,"Brazil"
2021-11-15,5.45599985122681,5.45779991149902,5.45259189605713,5.45760011672974,0,5.45760011672974,"Brazil"
2021-11-16,5.45620012283325,5.50500011444092,5.42920017242432,5.45629978179932,0,5.45629978179932,"Brazil"
2021-11-17,5.5019998550415,5.51550006866455,5.46670007705688,5.50220012664795,0,5.50220012664795,"Brazil"
2021-11-18,5.52869987487793,5.56459999084473,5.47534513473511,5.52869987487793,0,5.52869987487793,"Brazil"
2021-11-19,5.5560998916626,5.57539987564087,5.52169990539551,5.55639982223511,0,5.55639982223511,"Brazil"
2021-11-22,5.60720014572144,5.61439990997314,5.56330013275146,5.61159992218018,0,5.61159992218018,"Brazil"
2021-11-23,5.58580017089844,5.66009998321533,5.56515884399414,5.58559989929199,0,5.58559989929199,"Brazil"
2021-11-24,5.57100009918213,5.62029981613159,5.5556001663208,5.57040023803711,0,5.57040023803711,"Brazil"
2021-11-25,5.60500001907349,5.60629987716675,5.54689407348633,5.60519981384277,0,5.60519981384277,"Brazil"
2021-11-26,5.56549978256226,5.64008188247681,5.56305122375488,5.56510019302368,0,5.56510019302368,"Brazil"
2021-11-29,5.55690002441406,5.6350998878479,5.55690002441406,5.60780000686646,0,5.60780000686646,"Brazil"
2021-11-30,5.59860420227051,5.6645998954773,5.57841682434082,5.60069990158081,0,5.60069990158081,"Brazil"
2021-12-01,5.62092590332031,5.63689994812012,5.58470010757446,5.62087106704712,0,5.62087106704712,"Brazil"
2021-12-02,5.69240093231201,5.69430017471313,5.61439990997314,5.69156694412231,0,5.69156694412231,"Brazil"
2021-12-03,5.6433219909668,5.67859983444214,5.60120010375977,5.6433219909668,0,5.6433219909668,"Brazil"
2021-12-06,5.65210008621216,5.69770002365112,5.63600015640259,5.65009880065918,0,5.65009880065918,"Brazil"
2021-12-07,5.68800020217896,5.68979978561401,5.62419986724854,5.68800020217896,0,5.68800020217896,"Brazil"
2021-12-08,5.61280012130737,5.63290023803711,5.52544689178467,5.61180019378662,0,5.61180019378662,"Brazil"
2021-12-09,5.5314998626709,5.58430004119873,5.51529979705811,5.53159999847412,0,5.53159999847412,"Brazil"
2021-12-10,5.57110023498535,5.63149976730347,5.55450010299683,5.57110023498535,0,5.57110023498535,"Brazil"
2021-12-13,5.60866117477417,5.67430019378662,5.60069990158081,5.60866117477417,0,5.60866117477417,"Brazil"
2021-12-14,5.68039989471436,5.68139982223511,5.61800003051758,5.67969989776611,0,5.67969989776611,"Brazil"
2021-12-15,5.68069982528687,5.72569990158081,5.65850019454956,5.6806001663208,0,5.6806001663208,"Brazil"
2021-12-16,5.67929983139038,5.72119998931885,5.65570020675659,5.6793999671936,0,5.6793999671936,"Brazil"
2021-12-17,5.68730020523071,5.71180009841919,5.6468620300293,5.68739986419678,0,5.68739986419678,"Brazil"
2021-12-20,5.69140005111694,5.72989988327026,5.6887001991272,5.69305992126465,0,5.69305992126465,"Brazil"
2021-12-21,5.74100017547607,5.75190019607544,5.71129989624023,5.74130010604858,0,5.74130010604858,"Brazil"
2021-12-22,5.74410009384155,5.74529981613159,5.69850015640259,5.74399995803833,0,5.74399995803833,"Brazil"
2021-12-23,5.65290021896362,5.71610021591187,5.6269998550415,5.65299987792969,0,5.65299987792969,"Brazil"
2021-12-24,5.67390012741089,5.68470001220703,5.67030000686646,5.67179584503174,0,5.67179584503174,"Brazil"
2021-12-27,5.63500022888184,5.70469999313354,5.6346001625061,5.67110013961792,0,5.67110013961792,"Brazil"
2021-12-28,5.62389993667603,5.65950012207031,5.60481786727905,5.62410020828247,0,5.62410020828247,"Brazil"
2021-12-29,5.62729978561401,5.69159984588623,5.62480306625366,5.62750005722046,0,5.62750005722046,"Brazil"
2021-12-30,5.70209980010986,5.7027997970581,5.55030012130737,5.70270013809204,0,5.70270013809204,"Brazil"
2021-12-31,5.56979990005493,5.59060001373291,5.56614303588867,5.57019996643066,0,5.57019996643066,"Brazil"
2022-01-03,5.46059989929199,5.67070007324219,5.46059989929199,5.56930017471313,0,5.56930017471313,"Brazil"
2022-01-04,5.68090009689331,5.70760011672974,5.63889980316162,5.68120002746582,0,5.68120002746582,"Brazil"
2022-01-05,5.67600011825562,5.69159984588623,5.64179992675781,5.6761999130249,0,5.6761999130249,"Brazil"
2022-01-06,5.7076997756958,5.72179985046387,5.68279981613159,5.70563507080078,0,5.70563507080078,"Brazil"
2022-01-07,5.68028879165649,5.70690011978149,5.61990022659302,5.68240022659302,0,5.68240022659302,"Brazil"
2022-01-10,5.63199996948242,5.6894998550415,5.62459993362427,5.63219976425171,0,5.63219976425171,"Brazil"
2022-01-11,5.66209983825684,5.6729998588562,5.58157300949097,5.66219997406006,0,5.66219997406006,"Brazil"
2022-01-12,5.56839990615845,5.59880018234253,5.54557704925537,5.56729984283447,0,5.56729984283447,"Brazil"
2022-01-13,5.53310012817383,5.55800008773804,5.49765396118164,5.53319978713989,0,5.53319978713989,"Brazil"
2022-01-14,5.52750015258789,5.55049991607666,5.5235071182251,5.52670001983643,0,5.52670001983643,"Brazil"
2022-01-17,5.53189992904663,5.53410005569458,5.49370002746582,5.53329992294312,0,5.53329992294312,"Brazil"
2022-01-18,5.51579999923706,5.54650020599365,5.50479984283447,5.51579999923706,0,5.51579999923706,"Brazil"
2022-01-19,5.56549978256226,5.56629991531372,5.4599118232727,5.5657000541687,0,5.5657000541687,"Brazil"
2022-01-20,5.43720006942749,5.45679998397827,5.39970016479492,5.43720006942749,0,5.43720006942749,"Brazil"
2022-01-21,5.4158091545105,5.47349977493286,5.40409994125366,5.41809988021851,0,5.41809988021851,"Brazil"
2022-01-24,5.45580005645752,5.51709985733032,5.44896078109741,5.45709991455078,0,5.45709991455078,"Brazil"
2022-01-25,5.48610019683838,5.5177001953125,5.46540021896362,5.48610019683838,0,5.48610019683838,"Brazil"
2022-01-26,5.44029521942139,5.4539999961853,5.41200017929077,5.44070386886597,0,5.44070386886597,"Brazil"
2022-01-27,5.42916679382324,5.43209981918335,5.35279989242554,5.42916679382324,0,5.42916679382324,"Brazil"
2022-01-28,5.40345621109009,5.4242000579834,5.37519979476929,5.40348482131958,0,5.40348482131958,"Brazil"
2022-01-31,5.36549997329712,5.39580011367798,5.28267621994019,5.36259984970093,0,5.36259984970093,"Brazil"
2022-02-01,5.30310010910034,5.31370496749878,5.271399974823,5.30310010910034,0,5.30310010910034,"Brazil"
2022-02-02,5.26469993591309,5.31190013885498,5.25526714324951,5.2645001411438,0,5.2645001411438,"Brazil"
2022-02-03,5.26149988174438,5.31960010528564,5.25824022293091,5.26090002059937,0,5.26090002059937,"Brazil"
2022-02-04,5.28280019760132,5.34859991073608,5.27750015258789,5.28289985656738,0,5.28289985656738,"Brazil"
2022-02-07,5.32620000839233,5.34299993515015,5.27680015563965,5.32690000534058,0,5.32690000534058,"Brazil"
2022-02-08,5.2628002166748,5.28490018844604,5.25099992752075,5.26259994506836,0,5.26259994506836,"Brazil"
2022-02-09,5.25648880004883,5.28800010681152,5.23277378082275,5.25839996337891,0,5.25839996337891,"Brazil"
2022-02-10,5.23142910003662,5.24459981918335,5.17000007629395,5.23449993133545,0,5.23449993133545,"Brazil"
2022-02-11,5.24860000610352,5.2512001991272,5.18279981613159,5.24870014190674,0,5.24870014190674,"Brazil"
2022-02-14,5.25050020217896,5.2632999420166,5.19530010223389,5.24995613098145,0,5.24995613098145,"Brazil"
2022-02-15,5.21369981765747,5.21990013122559,5.16628789901733,5.21400022506714,0,5.21400022506714,"Brazil"
2022-02-16,5.15799999237061,5.18472480773926,5.14379978179932,5.15789985656738,0,5.15789985656738,"Brazil"
2022-02-17,5.13356685638428,5.17999982833862,5.12147092819214,5.13579988479614,0,5.13579988479614,"Brazil"
2022-02-18,5.16875600814819,5.17509984970093,5.1168999671936,5.17059993743896,0,5.17059993743896,"Brazil"
2022-02-21,5.13640022277832,5.14989995956421,5.07480001449585,5.13749980926514,0,5.13749980926514,"Brazil"
2022-02-22,5.10230016708374,5.10659980773926,5.04669618606567,5.10270023345947,0,5.10270023345947,"Brazil"
2022-02-23,5.05719995498657,5.06059980392456,4.99650001525879,5.05709981918335,0,5.05709981918335,"Brazil"
2022-02-24,5.00672483444214,5.14659976959229,5,5.00869989395142,0,5.00869989395142,"Brazil"
2022-02-25,5.12052011489868,5.16620016098022,5.07634878158569,5.12220001220703,0,5.12220001220703,"Brazil"
2022-02-28,5.16599988937378,5.16650009155273,5.15129995346069,5.15939998626709,0,5.15939998626709,"Brazil"
2022-03-01,5.15889978408813,5.15990018844604,5.15453815460205,5.15840005874634,0,5.15840005874634,"Brazil"
2022-03-02,5.15990018844604,5.21239995956421,5.146399974823,5.15899991989136,0,5.15899991989136,"Brazil"
2022-03-03,5.09870004653931,5.10760021209717,5.01859998703003,5.09650278091431,0,5.09650278091431,"Brazil"
2022-03-04,5.0310001373291,5.09789991378784,5.02627515792847,5.03090000152588,0,5.03090000152588,"Brazil"
2022-03-07,5.05889987945557,5.08891582489014,5.02619981765747,5.06056022644043,0,5.06056022644043,"Brazil"
2022-03-08,5.11009979248047,5.11183023452759,5.06037521362305,5.1104998588562,0,5.1104998588562,"Brazil"
2022-03-09,5.05900001525879,5.05999994277954,4.98379993438721,5.0588002204895,0,5.0588002204895,"Brazil"
2022-03-10,5.01109981536865,5.07329988479614,5.00090503692627,5.01149988174438,0,5.01149988174438,"Brazil"
2022-03-11,5.01020002365112,5.05299997329712,4.98330020904541,5.00969982147217,0,5.00969982147217,"Brazil"
2022-03-14,5.07310009002686,5.08379983901978,5.03700017929077,5.07350015640259,0,5.07350015640259,"Brazil"
2022-03-15,5.12169981002808,5.14949989318848,5.0899019241333,5.12139987945557,0,5.12139987945557,"Brazil"
2022-03-16,5.16319990158081,5.16370010375977,5.09499979019165,5.16319990158081,0,5.16319990158081,"Brazil"
2022-03-17,5.07600021362305,5.10430002212524,5.04010009765625,5.07387495040894,0,5.07387495040894,"Brazil"
2022-03-18,5.03666591644287,5.07189989089966,5.00841999053955,5.03940010070801,0,5.03940010070801,"Brazil"
2022-03-21,5.01779985427856,5.02510023117065,4.92828178405762,5.01779985427856,0,5.01779985427856,"Brazil"
2022-03-22,4.93300008773804,4.94890022277832,4.90299987792969,4.93520021438599,0,4.93520021438599,"Brazil"
2022-03-23,4.90999984741211,4.91200017929077,4.84299993515015,4.90999984741211,0,4.90999984741211,"Brazil"
2022-03-24,4.82420015335083,4.83757019042969,4.76364707946777,4.82420015335083,0,4.82420015335083,"Brazil"
2022-03-25,4.82609987258911,4.82849979400635,4.74620008468628,4.82630014419556,0,4.82630014419556,"Brazil"
2022-03-27,4.73689985275269,4.81580018997192,4.73048305511475,4.73689985275269,0,4.73689985275269,"Brazil"
2022-03-28,4.76410007476807,4.77110004425049,4.714928150177,4.76410007476807,0,4.76410007476807,"Brazil"
2022-03-29,4.75619983673096,4.78630018234253,4.72669982910156,4.75619983673096,0,4.75619983673096,"Brazil"
2022-03-30,4.769700050354,4.79080009460449,4.723228931427,4.769700050354,0,4.769700050354,"Brazil"
2022-03-31,4.73780012130737,4.73960018157959,4.68904495239258,4.73780012130737,0,4.73780012130737,"Brazil"
2022-04-03,4.65719985961914,4.67010021209717,4.60405683517456,4.65719985961914,0,4.65719985961914,"Brazil"
2022-04-04,4.59380006790161,4.66909980773926,4.57550001144409,4.59380006790161,0,4.59380006790161,"Brazil"
2022-04-05,4.65070009231567,4.71260023117065,4.6479001045227,4.65070009231567,0,4.65070009231567,"Brazil"
2022-04-06,4.71519994735718,4.76989984512329,4.69040012359619,4.71519994735718,0,4.71519994735718,"Brazil"
2022-04-07,4.75209999084473,4.79129981994629,4.70751810073853,4.75209999084473,0,4.75209999084473,"Brazil"
2022-04-10,4.69799995422363,4.73260021209717,4.68401622772217,4.69810009002686,0,4.69810009002686,"Brazil"
2022-04-11,4.69360017776489,4.6971001625061,4.62150001525879,4.69360017776489,0,4.69360017776489,"Brazil"
2022-04-12,4.67309999465942,4.70230007171631,4.65320014953613,4.67309999465942,0,4.67309999465942,"Brazil"
2022-04-13,4.69019985198975,4.73810005187988,4.66978788375854,4.69019985198975,0,4.69019985198975,"Brazil"
2022-04-14,4.70100021362305,4.71000003814697,4.69649982452393,4.70100021362305,0,4.70100021362305,"Brazil"
2022-04-17,4.70060014724731,4.70489978790283,4.65929985046387,4.70060014724731,0,4.70060014724731,"Brazil"
2022-04-18,4.65199995040894,4.6838002204895,4.63700008392334,4.65199995040894,0,4.65199995040894,"Brazil"
2022-04-19,4.66499996185303,4.67670011520386,4.60900020599365,4.66499996185303,0,4.66499996185303,"Brazil"
2022-04-20,4.62080001831055,4.62160015106201,4.60655498504639,4.62080001831055,0,4.62080001831055,"Brazil"
2022-04-21,4.62080001831055,4.77069997787476,4.61761093139648,4.62080001831055,0,4.62080001831055,"Brazil"
2022-04-24,4.79519987106323,4.94299983978271,4.79058694839478,4.79519987106323,0,4.79519987106323,"Brazil"
2022-04-25,4.8762001991272,4.99580001831055,4.87362480163574,4.8762001991272,0,4.8762001991272,"Brazil"
2022-04-26,4.99779987335205,5.03639984130859,4.97743988037109,4.99779987335205,0,4.99779987335205,"Brazil"
2022-04-27,4.96360015869141,5.04090023040771,4.96019601821899,4.96360015869141,0,4.96360015869141,"Brazil"
2022-04-28,4.93779993057251,4.95480012893677,4.85822820663452,4.93779993057251,0,4.93779993057251,"Brazil"
2022-05-01,4.97130012512207,5.04020023345947,4.96710014343262,4.97130012512207,0,4.97130012512207,"Brazil"
2022-05-02,5.08470010757446,5.08580017089844,4.99259996414185,5.08470010757446,0,5.08470010757446,"Brazil"
2022-05-03,4.95809984207153,5.02850008010864,4.9547290802002,4.95809984207153,0,4.95809984207153,"Brazil"
2022-05-04,4.91879987716675,5.05280017852783,4.90380096435547,4.91879987716675,0,4.91879987716675,"Brazil"
2022-05-05,5.02799987792969,5.11140012741089,5.00909996032715,5.02799987792969,0,5.02799987792969,"Brazil"
2022-05-08,5.08039999008179,5.14838886260986,5.07428121566772,5.08039999008179,0,5.08039999008179,"Brazil"
2022-05-09,5.1609001159668,5.16219997406006,5.11100006103516,5.1609001159668,0,5.1609001159668,"Brazil"
2022-05-10,5.13129997253418,5.16510009765625,5.0919361114502,5.13129997253418,0,5.13129997253418,"Brazil"
2022-05-11,5.13425207138062,5.20749998092651,5.1068000793457,5.13425207138062,0,5.13425207138062,"Brazil"
2022-05-12,5.13339996337891,5.14589977264404,5.06850004196167,5.13339996337891,0,5.13339996337891,"Brazil"
2022-05-15,5.05830001831055,5.10169982910156,5.03189992904663,5.05830001831055,0,5.05830001831055,"Brazil"
2022-05-16,5.05970001220703,5.06059980392456,4.94910001754761,5.05970001220703,0,5.05970001220703,"Brazil"
2022-05-17,4.93809986114502,4.97809982299805,4.91587495803833,4.93809986114502,0,4.93809986114502,"Brazil"
2022-05-18,4.96750020980835,4.97030019760132,4.89330005645752,4.96750020980835,0,4.96750020980835,"Brazil"
2022-05-19,4.92999982833862,4.93120002746582,4.85200023651123,4.92999982833862,0,4.92999982833862,"Brazil"
2022-05-22,4.8801999092102,4.8801999092102,4.78929996490479,4.8801999092102,0,4.8801999092102,"Brazil"
2022-05-23,4.81349992752075,4.85099983215332,4.77402305603027,4.81349992752075,0,4.81349992752075,"Brazil"
2022-05-24,4.81780004501343,4.85879993438721,4.8147120475769,4.81780004501343,0,4.81780004501343,"Brazil"
2022-05-25,4.82280015945435,4.84089994430542,4.77650022506714,4.82280015945435,0,4.82280015945435,"Brazil"
2022-05-26,4.7681999206543,4.77790021896362,4.71391677856445,4.7681999206543,0,4.7681999206543,"Brazil"
2022-05-29,4.72959995269775,4.74160003662109,4.69059991836548,4.72959995269775,0,4.72959995269775,"Brazil"
2022-05-30,4.75239992141724,4.77402400970459,4.69689989089966,4.75239992141724,0,4.75239992141724,"Brazil"
2022-05-31,4.73040008544922,4.80679988861084,4.72149991989136,4.73040008544922,0,4.73040008544922,"Brazil"
2022-06-01,4.81549978256226,4.81659984588623,4.77360010147095,4.81549978256226,0,4.81549978256226,"Brazil"
2022-06-02,4.79570007324219,4.82840013504028,4.7651309967041,4.79570007324219,0,4.79570007324219,"Brazil"
2022-06-05,4.77500009536743,4.80270004272461,4.74562788009644,4.77500009536743,0,4.77500009536743,"Brazil"
2022-06-06,4.79419994354248,4.92640018463135,4.78980016708374,4.79419994354248,0,4.79419994354248,"Brazil"
2022-06-07,4.86752605438232,4.90430021286011,4.84250020980835,4.86752605438232,0,4.86752605438232,"Brazil"
2022-06-08,4.89809989929199,4.91559982299805,4.86509084701538,4.89809989929199,0,4.89809989929199,"Brazil"
2022-06-09,4.9032998085022,5.00860023498535,4.88352680206299,4.9032998085022,0,4.9032998085022,"Brazil"
2022-06-12,4.98400020599365,5.13479995727539,4.98390007019043,4.98400020599365,0,4.98400020599365,"Brazil"
2022-06-13,5.11339998245239,5.13430023193359,5.08349990844727,5.11339998245239,0,5.11339998245239,"Brazil"
2022-06-14,5.11609983444214,5.13110017776489,5.08238220214844,5.11609983444214,0,5.11609983444214,"Brazil"
2022-06-15,5.05200004577637,5.05389976501465,5.04627418518066,5.05200004577637,0,5.05200004577637,"Brazil"
2022-06-16,5.05219984054565,5.14650011062622,5.04911994934082,5.05219984054565,0,5.05219984054565,"Brazil"
2022-06-19,5.15210008621216,5.18660020828247,5.13586521148682,5.15210008621216,0,5.15210008621216,"Brazil"
2022-06-20,5.18720006942749,5.18900012969971,5.11749982833862,5.18720006942749,0,5.18720006942749,"Brazil"
2022-06-21,5.12279987335205,5.17859983444214,5.12093687057495,5.12279987335205,0,5.12279987335205,"Brazil"
2022-06-22,5.19360017776489,5.21199989318848,5.16555786132812,5.19360017776489,0,5.19360017776489,"Brazil"
2022-06-23,5.23799991607666,5.2733998298645,5.2020001411438,5.23799991607666,0,5.23799991607666,"Brazil"
2022-06-26,5.24139976501465,5.27320003509521,5.20090007781982,5.24139976501465,0,5.24139976501465,"Brazil"
2022-06-27,5.23680019378662,5.2600998878479,5.18648290634155,5.23680019378662,0,5.23680019378662,"Brazil"
2022-06-28,5.26660013198853,5.27239990234375,5.20839977264404,5.26660013198853,0,5.26660013198853,"Brazil"
2022-06-29,5.18090009689331,5.26879978179932,5.17761898040771,5.18090009689331,0,5.18090009689331,"Brazil"
2022-06-30,5.2519998550415,5.3354001045227,5.24941205978394,5.2519998550415,0,5.2519998550415,"Brazil"
2022-07-03,5.33099985122681,5.33139991760254,5.28709983825684,5.33099985122681,0,5.33099985122681,"Brazil"
2022-07-04,5.32829999923706,5.40129995346069,5.3044638633728,5.32829999923706,0,5.32829999923706,"Brazil"
2022-07-05,5.38520002365112,5.45970010757446,5.38186120986938,5.38520002365112,0,5.38520002365112,"Brazil"
2022-07-06,5.42799997329712,5.42950010299683,5.32902717590332,5.42799997329712,0,5.42799997329712,"Brazil"
2022-07-07,5.33820009231567,5.36320018768311,5.2778000831604,5.33820009231567,0,5.33820009231567,"Brazil"
2022-07-10,5.25400018692017,5.35900020599365,5.25087594985962,5.25400018692017,0,5.25400018692017,"Brazil"
2022-07-11,5.37720012664795,5.42700004577637,5.37150001525879,5.37720012664795,0,5.37720012664795,"Brazil"
2022-07-12,5.43650007247925,5.46250009536743,5.36211013793945,5.43650007247925,0,5.43650007247925,"Brazil"
2022-07-13,5.39090013504028,5.48659992218018,5.38875722885132,5.39090013504028,0,5.39090013504028,"Brazil"
2022-07-14,5.42280006408691,5.44610023498535,5.37519979476929,5.42280006408691,0,5.42280006408691,"Brazil"
2022-07-17,5.41009998321533,5.41060018539429,5.35073518753052,5.41009998321533,0,5.41009998321533,"Brazil"
2022-07-18,5.43680000305176,5.43849992752075,5.3713002204895,5.43680000305176,0,5.43680000305176,"Brazil"
2022-07-19,5.41309976577759,5.44799995422363,5.38404989242554,5.41309976577759,0,5.41309976577759,"Brazil"
2022-07-20,5.4702000617981,5.50229978561401,5.43120002746582,5.4702000617981,0,5.4702000617981,"Brazil"
2022-07-21,5.49779987335205,5.50150012969971,5.43529987335205,5.49779987335205,0,5.49779987335205,"Brazil"
2022-07-24,5.49669981002808,5.49959993362427,5.39919996261597,5.49669981002808,0,5.49669981002808,"Brazil"
2022-07-25,5.35629987716675,5.38969993591309,5.33160018920898,5.35629987716675,0,5.35629987716675,"Brazil"
2022-07-26,5.35010004043579,5.35099983215332,5.29099988937378,5.35010004043579,0,5.35010004043579,"Brazil"
2022-07-27,5.24300003051758,5.26900005340576,5.1742000579834,5.24300003051758,0,5.24300003051758,"Brazil"
2022-07-28,5.18270015716553,5.21888780593872,5.1483998298645,5.18270015716553,0,5.18270015716553,"Brazil"
2022-07-31,5.17119979858398,5.19259977340698,5.12704992294312,5.17119979858398,0,5.17119979858398,"Brazil"
2022-08-01,5.18400001525879,5.24420022964478,5.15726184844971,5.18400001525879,0,5.18400001525879,"Brazil"
2022-08-02,5.27769994735718,5.31300020217896,5.24620008468628,5.27769994735718,0,5.27769994735718,"Brazil"
2022-08-03,5.2827000617981,5.29199981689453,5.21185684204102,5.2827000617981,0,5.2827000617981,"Brazil"
2022-08-04,5.21110010147095,5.27099418640137,5.18160200119019,5.21110010147095,0,5.21110010147095,"Brazil"
2022-08-07,5.1645998954773,5.16629981994629,5.1020998954773,5.1645998954773,0,5.1645998954773,"Brazil"
2022-08-08,5.11009979248047,5.14669990539551,5.09310007095337,5.11009979248047,0,5.11009979248047,"Brazil"
2022-08-09,5.12370014190674,5.12769985198975,5.03550004959106,5.12370014190674,0,5.12370014190674,"Brazil"
2022-08-10,5.09369993209839,5.15539979934692,5.05649995803833,5.09369993209839,0,5.09369993209839,"Brazil"
2022-08-11,5.15700006484985,5.1609001159668,5.08279991149902,5.15700006484985,0,5.15700006484985,"Brazil"
2022-08-14,5.07490015029907,5.1363000869751,5.06765222549438,5.07490015029907,0,5.07490015029907,"Brazil"
2022-08-15,5.09560012817383,5.14909982681274,5.07544279098511,5.09560012817383,0,5.09560012817383,"Brazil"
2022-08-16,5.14173889160156,5.21129989624023,5.14109516143799,5.14173889160156,0,5.14173889160156,"Brazil"
2022-08-17,5.16499996185303,5.19700002670288,5.12960004806519,5.16499996185303,0,5.16499996185303,"Brazil"
2022-08-18,5.16699981689453,5.21700000762939,5.16423511505127,5.16699981689453,0,5.16699981689453,"Brazil"
2022-08-21,5.16839981079102,5.20209980010986,5.16179990768433,5.16839981079102,0,5.16839981079102,"Brazil"
2022-08-22,5.15609979629517,5.15710020065308,5.07130002975464,5.15609979629517,0,5.15609979629517,"Brazil"
2022-08-23,5.10349988937378,5.12029981613159,5.07731819152832,5.10349988937378,0,5.10349988937378,"Brazil"
2022-08-24,5.11009979248047,5.13969993591309,5.08105087280273,5.11009979248047,0,5.11009979248047,"Brazil"
2022-08-25,5.10869979858398,5.1136999130249,5.06400012969971,5.10869979858398,0,5.10869979858398,"Brazil"
2022-08-28,5.0625,5.07779979705811,5.02409982681274,5.0625,0,5.0625,"Brazil"
2022-08-29,5.02720022201538,5.07649993896484,4.9980092048645,5.02720022201538,0,5.02720022201538,"Brazil"
2022-08-30,5.12190008163452,5.19680023193359,5.09387302398682,5.12190008163452,0,5.12190008163452,"Brazil"
2022-08-31,5.18170022964478,5.2322998046875,5.14400005340576,5.18170022964478,0,5.18170022964478,"Brazil"
2022-09-01,5.2403998374939,5.24807596206665,5.17030000686646,5.2403998374939,0,5.2403998374939,"Brazil"
2022-09-04,5.1710000038147,5.18739986419678,5.14080381393433,5.1710000038147,0,5.1710000038147,"Brazil"
2022-09-05,5.15390014648438,5.23740005493164,5.12316608428955,5.15390014648438,0,5.15390014648438,"Brazil"
2022-09-06,5.24720001220703,5.24870014190674,5.24360084533691,5.24720001220703,0,5.24720001220703,"Brazil"
2022-09-07,5.24669981002808,5.24919986724854,5.18601417541504,5.24669981002808,0,5.24669981002808,"Brazil"
2022-09-08,5.2133002281189,5.21430015563965,5.14010000228882,5.2133002281189,0,5.2133002281189,"Brazil"
2022-09-11,5.14629983901978,5.14769983291626,5.10363721847534,5.14629983901978,0,5.14629983901978,"Brazil"
2022-09-12,5.09200000762939,5.20190000534058,5.0669732093811,5.09200000762939,0,5.09200000762939,"Brazil"
2022-09-13,5.18979978561401,5.1956000328064,5.15194416046143,5.18979978561401,0,5.18979978561401,"Brazil"
2022-09-14,5.16270017623901,5.23489999771118,5.15989208221436,5.16270017623901,0,5.16270017623901,"Brazil"
2022-09-15,5.24609994888306,5.3076000213623,5.24272584915161,5.24609994888306,0,5.24609994888306,"Brazil"
2022-09-18,5.25069999694824,5.2979998588562,5.17430019378662,5.25069999694824,0,5.25069999694824,"Brazil"
2022-09-19,5.17089986801147,5.21939992904663,5.14542198181152,5.17089986801147,0,5.17089986801147,"Brazil"
2022-09-20,5.1414999961853,5.18400001525879,5.12046194076538,5.1414999961853,0,5.1414999961853,"Brazil"
2022-09-21,5.17040014266968,5.18300008773804,5.11838006973267,5.17040014266968,0,5.17040014266968,"Brazil"
2022-09-22,5.11549997329712,5.23880004882812,5.11267995834351,5.11549997329712,0,5.11549997329712,"Brazil"
2022-09-25,5.25880002975464,5.38889980316162,5.25530004501343,5.25880002975464,0,5.25880002975464,"Brazil"
2022-09-26,5.38940000534058,5.39389991760254,5.2955322265625,5.38940000534058,0,5.38940000534058,"Brazil"
2022-09-27,5.37809991836548,5.41432809829712,5.3383002281189,5.37809991836548,0,5.37809991836548,"Brazil"
2022-09-28,5.37419986724854,5.42829990386963,5.37135696411133,5.37419986724854,0,5.37419986724854,"Brazil"
2022-09-29,5.39620018005371,5.42199993133545,5.375,5.39620018005371,0,5.39620018005371,"Brazil"
2022-10-02,5.41429996490479,5.41569995880127,5.15985679626465,5.41429996490479,0,5.41429996490479,"Brazil"
2022-10-03,5.16349983215332,5.17019987106323,5.10890007019043,5.16349983215332,0,5.16349983215332,"Brazil"
2022-10-04,5.17579984664917,5.24119997024536,5.17277097702026,5.17579984664917,0,5.17579984664917,"Brazil"
2022-10-05,5.19519996643066,5.21700000762939,5.17257499694824,5.19519996643066,0,5.19519996643066,"Brazil"
2022-10-06,5.22009992599487,5.24889993667603,5.19469976425171,5.22009992599487,0,5.22009992599487,"Brazil"
2022-10-09,5.19840002059937,5.21390008926392,5.16230010986328,5.19840002059937,0,5.19840002059937,"Brazil"
2022-10-10,5.18680000305176,5.22489976882935,5.15978002548218,5.18680000305176,0,5.18680000305176,"Brazil"
2022-10-11,5.29209995269775,5.29489994049072,5.28795480728149,5.29209995269775,0,5.29209995269775,"Brazil"
2022-10-12,5.29150009155273,5.37849998474121,5.2517261505127,5.29150009155273,0,5.29150009155273,"Brazil"
2022-10-13,5.25979995727539,5.30859994888306,5.23790788650513,5.25979995727539,0,5.25979995727539,"Brazil"
2022-10-16,5.32740020751953,5.33010005950928,5.25318717956543,5.32740020751953,0,5.32740020751953,"Brazil"
2022-10-17,5.27735900878906,5.29530000686646,5.24139976501465,5.27735900878906,0,5.27735900878906,"Brazil"
2022-10-18,5.23979997634888,5.29510021209717,5.23343992233276,5.23979997634888,0,5.23979997634888,"Brazil"
2022-10-19,5.26919984817505,5.27279996871948,5.19320011138916,5.26919984817505,0,5.26919984817505,"Brazil"
2022-10-20,5.21659994125366,5.27269983291626,5.16970777511597,5.21659994125366,0,5.21659994125366,"Brazil"
2022-10-23,5.16340017318726,5.29939985275269,5.15990018844604,5.16340017318726,0,5.16340017318726,"Brazil"
2022-10-24,5.30620002746582,5.35260009765625,5.28060007095337,5.30620002746582,0,5.30620002746582,"Brazil"
2022-10-25,5.31519985198975,5.33570003509521,5.28170013427734,5.31519985198975,0,5.31519985198975,"Brazil"
2022-10-26,5.38390016555786,5.38520002365112,5.27799987792969,5.38390016555786,0,5.38390016555786,"Brazil"
2022-10-27,5.33920001983643,5.37165594100952,5.32630014419556,5.33920001983643,0,5.33920001983643,"Brazil"
2022-10-31,5.28849983215332,5.39984321594238,5.2101001739502,5.28849983215332,0,5.28849983215332,"Brazil"
2022-11-01,5.17880010604858,5.19729995727539,5.10150003433228,5.17880010604858,0,5.17880010604858,"Brazil"
2022-11-02,5.14239978790283,5.14400005340576,5.1392650604248,5.14239978790283,0,5.14239978790283,"Brazil"
2022-11-03,5.14260005950928,5.21732902526855,5.08529996871948,5.14260005950928,0,5.14260005950928,"Brazil"
2022-11-04,5.1149001121521,5.11729717254639,5.0229001045227,5.1149001121521,0,5.1149001121521,"Brazil"
2022-11-07,5.07813215255737,5.12680006027222,4.99754190444946,5.07813215255737,0,5.07813215255737,"Brazil"
2022-11-08,5.15332698822021,5.24450016021729,5.11399984359741,5.15332698822021,0,5.15332698822021,"Brazil"
2022-11-09,5.14300012588501,5.19199991226196,5.09826278686523,5.14300012588501,0,5.14300012588501,"Brazil"
2022-11-10,5.18520021438599,5.35750007629395,5.18201494216919,5.18520021438599,0,5.18520021438599,"Brazil"
2022-11-11,5.34157991409302,5.40089988708496,5.2451000213623,5.34157991409302,0,5.34157991409302,"Brazil"
2022-11-14,5.27905893325806,5.34709978103638,5.26300001144409,5.27905893325806,0,5.27905893325806,"Brazil"
2022-11-15,5.33120012283325,5.33279991149902,5.3277587890625,5.33120012283325,0,5.33120012283325,"Brazil"
2022-11-16,5.33169984817505,5.36949396133423,5.28840017318726,5.33169984817505,0,5.33169984817505,"Brazil"
2022-11-17,5.39900016784668,5.51957702636719,5.39574384689331,5.39900016784668,0,5.39900016784668,"Brazil"
2022-11-18,5.42210006713867,5.4229998588562,5.32340002059937,5.42210006713867,0,5.42210006713867,"Brazil"
2022-11-21,5.38129997253418,5.38259983062744,5.29809999465942,5.38129997253418,0,5.38129997253418,"Brazil"
2022-11-22,5.31860017776489,5.36569976806641,5.28179979324341,5.31860017776489,0,5.31860017776489,"Brazil"
2022-11-23,5.35769987106323,5.40799999237061,5.33568477630615,5.35769987106323,0,5.35769987106323,"Brazil"
2022-11-24,5.35830020904541,5.35890007019043,5.29624509811401,5.35830020904541,0,5.35830020904541,"Brazil"
2022-11-25,5.32000017166138,5.38810014724731,5.30499982833862,5.32000017166138,0,5.32000017166138,"Brazil"
2022-11-28,5.40850019454956,5.42379999160767,5.36499404907227,5.40850019454956,0,5.40850019454956,"Brazil"
2022-11-29,5.36469984054565,5.36549997329712,5.2782769203186,5.36469984054565,0,5.36469984054565,"Brazil"
2022-11-30,5.2681999206543,5.31580018997192,5.24352693557739,5.2681999206543,0,5.2681999206543,"Brazil"
2022-12-01,5.18158912658691,5.2140998840332,5.16319990158081,5.18158912658691,0,5.18158912658691,"Brazil"
2022-12-02,5.18359994888306,5.23610019683838,5.1641001701355,5.18359994888306,0,5.18359994888306,"Brazil"
2022-12-05,5.21799993515015,5.26389980316162,5.2140998840332,5.21799993515015,0,5.21799993515015,"Brazil"
2022-12-06,5.28000020980835,5.28060007095337,5.21979188919067,5.28000020980835,0,5.28000020980835,"Brazil"
2022-12-07,5.23400020599365,5.27035617828369,5.21029996871948,5.23400020599365,0,5.23400020599365,"Brazil"
2022-12-08,5.2039999961853,5.24830007553101,5.19394397735596,5.2039999961853,0,5.2039999961853,"Brazil"
2022-12-09,5.22429990768433,5.2797999382019,5.21460580825806,5.22429990768433,0,5.22429990768433,"Brazil"
2022-12-12,5.2350001335144,5.34889984130859,5.23406314849854,5.2350001335144,0,5.2350001335144,"Brazil"
2022-12-13,5.32130002975464,5.3221001625061,5.23909997940063,5.32130002975464,0,5.32130002975464,"Brazil"
2022-12-14,5.292799949646,5.36615419387817,5.24991416931152,5.292799949646,0,5.292799949646,"Brazil"
2022-12-15,5.27720022201538,5.34369993209839,5.26480579376221,5.27720022201538,0,5.27720022201538,"Brazil"
2022-12-16,5.31180000305176,5.32810020446777,5.26098585128784,5.31180000305176,0,5.31180000305176,"Brazil"
2022-12-19,5.30650901794434,5.33580017089844,5.29650020599365,5.30650901794434,0,5.30650901794434,"Brazil"
2022-12-20,5.29160022735596,5.32219982147217,5.17786979675293,5.29160022735596,0,5.29160022735596,"Brazil"
2022-12-21,5.19840002059937,5.21589994430542,5.15829992294312,5.19840002059937,0,5.19840002059937,"Brazil"
2022-12-22,5.19990015029907,5.21680021286011,5.15633296966553,5.19990015029907,0,5.19990015029907,"Brazil"
2022-12-23,5.16559982299805,5.17500019073486,5.1163158416748,5.16559982299805,0,5.16559982299805,"Brazil"
2022-12-26,5.16429996490479,5.20419979095459,5.16249990463257,5.16429996490479,0,5.16429996490479,"Brazil"
2022-12-27,5.21750020980835,5.29160022735596,5.12497711181641,5.21750020980835,0,5.21750020980835,"Brazil"
2022-12-28,5.2923002243042,5.29269981384277,5.25069999694824,5.2923002243042,0,5.2923002243042,"Brazil"
2022-12-29,5.26679992675781,5.28108882904053,5.18940019607544,5.26679992675781,0,5.26679992675781,"Brazil"
2022-12-30,5.28459978103638,5.28779983520508,5.28219985961914,5.28459978103638,0,5.28459978103638,"Brazil"
2023-01-02,5.28550004959106,5.36210012435913,5.28198385238647,5.28550004959106,0,5.28550004959106,"Brazil"
2023-01-03,5.36013078689575,5.42210006713867,5.34070014953613,5.36013078689575,0,5.36013078689575,"Brazil"
2023-01-04,5.47849988937378,5.47940015792847,5.42570018768311,5.47849988937378,0,5.47849988937378,"Brazil"
2023-01-05,5.43009996414185,5.4310998916626,5.36950016021729,5.43009996414185,0,5.43009996414185,"Brazil"
2023-01-06,5.34980010986328,5.36085891723633,5.24450016021729,5.34980010986328,0,5.34980010986328,"Brazil"
2023-01-09,5.22440004348755,5.30639982223511,5.22095680236816,5.22440004348755,0,5.22440004348755,"Brazil"
2023-01-10,5.2536997795105,5.27064800262451,5.2095308303833,5.2536997795105,0,5.2536997795105,"Brazil"
2023-01-11,5.19829988479614,5.23150014877319,5.18719005584717,5.19829988479614,0,5.19829988479614,"Brazil"
2023-01-12,5.15850019454956,5.17710018157959,5.11040019989014,5.15850019454956,0,5.15850019454956,"Brazil"
2023-01-13,5.10769987106323,5.1528000831604,5.0854001045227,5.10769987106323,0,5.10769987106323,"Brazil"
2023-01-16,5.0806999206543,5.12809991836548,5.08879995346069,5.0806999206543,0,5.0806999206543,"Brazil"
2023-01-17,5.14599990844727,5.15369987487793,5.09490013122559,5.14599990844727,0,5.14599990844727,"Brazil"
2023-01-18,5.09959983825684,5.13380002975464,5.06470012664795,5.09959983825684,0,5.09959983825684,"Brazil"
2023-01-19,5.18529987335205,5.24917078018188,5.18240022659302,5.18529987335205,0,5.18529987335205,"Brazil"
2023-01-20,5.1729998588562,5.23659992218018,5.1648998260498,5.1729998588562,0,5.1729998588562,"Brazil"
2023-01-23,5.20629978179932,5.21479988098145,5.16550016403198,5.20629978179932,0,5.20629978179932,"Brazil"
2023-01-24,5.20590019226074,5.21479988098145,5.13940000534058,5.20590019226074,0,5.20590019226074,"Brazil"
2023-01-25,5.13840007781982,5.14289999008179,5.07179880142212,5.13840007781982,0,5.13840007781982,"Brazil"
2023-01-26,5.07219982147217,5.11180019378662,5.05752515792847,5.07219982147217,0,5.07219982147217,"Brazil"
2023-01-27,5.06274509429932,5.10080003738403,5.05441617965698,5.06274509429932,0,5.06274509429932,"Brazil"
2023-01-30,5.10720014572144,5.12239980697632,5.08109617233276,5.10720014572144,0,5.10720014572144,"Brazil"
2023-01-31,5.1149001121521,5.13369989395142,5.0774998664856,5.1149001121521,0,5.1149001121521,"Brazil"
2023-02-01,5.07219982147217,5.08680009841919,5.04790019989014,5.07219982147217,0,5.07219982147217,"Brazil"
2023-02-02,5.05350017547607,5.05450010299683,4.94169998168945,5.05350017547607,0,5.05350017547607,"Brazil"
2023-02-03,5.0492000579834,5.13469982147217,5.04675817489624,5.0492000579834,0,5.0492000579834,"Brazil"
2023-02-06,5.14979982376099,5.20599985122681,5.14799213409424,5.14979982376099,0,5.14979982376099,"Brazil"
2023-02-07,5.14569997787476,5.2056999206543,5.13338422775269,5.14569997787476,0,5.14569997787476,"Brazil"
2023-02-08,5.20930004119873,5.24009990692139,5.16411685943604,5.20930004119873,0,5.20930004119873,"Brazil"
2023-02-09,5.19950008392334,5.27400016784668,5.17010021209717,5.19950008392334,0,5.19950008392334,"Brazil"
2023-02-10,5.28950023651123,5.30456590652466,5.225172996521,5.28950023651123,0,5.28950023651123,"Brazil"
2023-02-13,5.21348285675049,5.22139978408813,5.15899991989136,5.21348285675049,0,5.21348285675049,"Brazil"
2023-02-14,5.15840005874634,5.18090009689331,5.12657785415649,5.15840005874634,0,5.15840005874634,"Brazil"
2023-02-15,5.19150018692017,5.23750019073486,5.14432621002197,5.19150018692017,0,5.19150018692017,"Brazil"
2023-02-16,5.21799993515015,5.25559997558594,5.19591999053955,5.21799993515015,0,5.21799993515015,"Brazil"
2023-02-17,5.21680021286011,5.24512815475464,5.1711540222168,5.21680021286011,0,5.21680021286011,"Brazil"
2023-02-20,5.16516876220703,5.16800022125244,5.16340017318726,5.16516876220703,0,5.16516876220703,"Brazil"
2023-02-21,5.16669988632202,5.1673002243042,5.14788198471069,5.16669988632202,0,5.16669988632202,"Brazil"
2023-02-22,5.16650009155273,5.20979976654053,5.16377115249634,5.16650009155273,0,5.16650009155273,"Brazil"
2023-02-23,5.15119981765747,5.17140007019043,5.10960006713867,5.15119981765747,0,5.15119981765747,"Brazil"
2023-02-24,5.13619995117188,5.19619989395142,5.13380289077759,5.13619995117188,0,5.13619995117188,"Brazil"
2023-02-27,5.20779991149902,5.21080017089844,5.16887378692627,5.20779991149902,0,5.20779991149902,"Brazil"
2023-02-28,5.19969987869263,5.2399001121521,5.18050003051758,5.19969987869263,0,5.19969987869263,"Brazil"
2023-03-01,5.23589992523193,5.2367000579834,5.18809986114502,5.23589992523193,0,5.23589992523193,"Brazil"
2023-03-02,5.17829990386963,5.22580003738403,5.17495203018188,5.17829990386963,0,5.17829990386963,"Brazil"
2023-03-03,5.19960021972656,5.22550010681152,5.18730020523071,5.19960021972656,0,5.19960021972656,"Brazil"
2023-03-06,5.1943998336792,5.21500015258789,5.15880012512207,5.1943998336792,0,5.1943998336792,"Brazil"
2023-03-07,5.15220022201538,5.20300006866455,5.14992189407349,5.15220022201538,0,5.15220022201538,"Brazil"
2023-03-08,5.19000005722046,5.1926999092102,5.10290002822876,5.19000005722046,0,5.19000005722046,"Brazil"
2023-03-09,5.14440011978149,5.15439987182617,5.11117696762085,5.14440011978149,0,5.14440011978149,"Brazil"
2023-03-10,5.16370010375977,5.20349979400635,5.1494607925415,5.16370010375977,0,5.16370010375977,"Brazil"
2023-03-13,5.21560001373291,5.2782998085022,5.21000003814697,5.21560001373291,0,5.21560001373291,"Brazil"
2023-03-14,5.24569988250732,5.25729990005493,5.22057008743286,5.24569988250732,0,5.24569988250732,"Brazil"
2023-03-15,5.25169992446899,5.32148694992065,5.24689817428589,5.25169992446899,0,5.25169992446899,"Brazil"
2023-03-16,5.28709983825684,5.3088002204895,5.26200008392334,5.28709983825684,0,5.28709983825684,"Brazil"
2023-03-17,5.22959995269775,5.2827000617981,5.22699785232544,5.22959995269775,0,5.22959995269775,"Brazil"
2023-03-20,5.2778000831604,5.28210020065308,5.22800016403198,5.2778000831604,0,5.2778000831604,"Brazil"
2023-03-21,5.23570013046265,5.25050020217896,5.21411180496216,5.23570013046265,0,5.23570013046265,"Brazil"
2023-03-22,5.24090003967285,5.27729988098145,5.2380108833313,5.24090003967285,0,5.24090003967285,"Brazil"
2023-03-23,5.23610019683838,5.27759981155396,5.20109987258911,5.23610019683838,0,5.23610019683838,"Brazil"
2023-03-24,5.29670000076294,5.33669996261597,5.24499988555908,5.29670000076294,0,5.29670000076294,"Brazil"
2023-03-26,5.2451000213623,5.24749994277954,5.21619987487793,5.2451000213623,0,5.2451000213623,"Brazil"
2023-03-27,5.1971001625061,5.19770002365112,5.1479001045227,5.1971001625061,0,5.1971001625061,"Brazil"
2023-03-28,5.16440010070801,5.1823000907898,5.13173007965088,5.16440010070801,0,5.16440010070801,"Brazil"
2023-03-29,5.13420009613037,5.15592813491821,5.07730007171631,5.13420009613037,0,5.13420009613037,"Brazil"
2023-03-30,5.09270000457764,5.10330009460449,5.05520009994507,5.09270000457764,0,5.09270000457764,"Brazil"
2023-04-02,5.06230020523071,5.07550001144409,5.03621578216553,5.06230020523071,0,5.06230020523071,"Brazil"
2023-04-03,5.06309986114502,5.09759998321533,5.04827690124512,5.06309986114502,0,5.06309986114502,"Brazil"
2023-04-04,5.07070016860962,5.07429981231689,5.02750396728516,5.07070016860962,0,5.07070016860962,"Brazil"
2023-04-05,5.03319978713989,5.07889986038208,5.02891111373901,5.03319978713989,0,5.03319978713989,"Brazil"
2023-04-06,5.05830001831055,5.05849981307983,5.00435018539429,5.05830001831055,0,5.05830001831055,"Brazil"
2023-04-09,5.0543999671936,5.08869981765747,5.04510021209717,5.0543999671936,0,5.0543999671936,"Brazil"
2023-04-10,5.06529998779297,5.06759977340698,4.98899984359741,5.06529998779297,0,5.06529998779297,"Brazil"
2023-04-11,5.00400018692017,5.00619983673096,4.91699981689453,5.00400018692017,0,5.00400018692017,"Brazil"
2023-04-12,4.91690015792847,4.93419981002808,4.89564180374146,4.91690015792847,0,4.91690015792847,"Brazil"
2023-04-13,4.92670011520386,4.9621000289917,4.90399980545044,4.92670011520386,0,4.92670011520386,"Brazil"
2023-04-16,4.90869998931885,4.95450019836426,4.8983998298645,4.90869998931885,0,4.90869998931885,"Brazil"
2023-04-17,4.93979978561401,4.98921918869019,4.90990018844604,4.93979978561401,0,4.93979978561401,"Brazil"
2023-04-18,4.98430013656616,5.05959987640381,4.98191404342651,4.98430013656616,0,4.98430013656616,"Brazil"
2023-04-19,5.07429981231689,5.08179998397827,5.03660011291504,5.07429981231689,0,5.07429981231689,"Brazil"
2023-04-20,5.04769992828369,5.0492000579834,5.04434013366699,5.04769992828369,0,5.04769992828369,"Brazil"
2023-04-23,5.04790019989014,5.08209991455078,5.04309988021851,5.04790019989014,0,5.04790019989014,"Brazil"
2023-04-24,5.03340005874634,5.07959985733032,5.03049993515015,5.03340005874634,0,5.03340005874634,"Brazil"
2023-04-25,5.05310010910034,5.07040023803711,5.0342001914978,5.05310010910034,0,5.05310010910034,"Brazil"
2023-04-26,5.04300022125244,5.04549980163574,5,5.04300022125244,0,5.04300022125244,"Brazil"
2023-04-27,4.97620010375977,5.01490020751953,4.97342109680176,4.97620010375977,0,4.97620010375977,"Brazil"
2023-04-30,4.98600006103516,4.98789978027344,4.98589992523193,4.98600006103516,0,4.98600006103516,"Brazil"
2023-05-01,4.98789978027344,5.04949998855591,4.95933103561401,4.98789978027344,0,4.98789978027344,"Brazil"
2023-05-02,5.03840017318726,5.04839992523193,5.00309991836548,5.03840017318726,0,5.03840017318726,"Brazil"
2023-05-03,4.99440002441406,5.03249979019165,4.96969985961914,4.99440002441406,0,4.99440002441406,"Brazil"
2023-05-04,4.98260021209717,4.99760007858276,4.95209980010986,4.98260021209717,0,4.98260021209717,"Brazil"
2023-05-07,4.95170021057129,4.99219989776611,4.93919992446899,4.95170021057129,0,4.95170021057129,"Brazil"
2023-05-08,5.00799989700317,5.03329992294312,4.98339986801147,5.00799989700317,0,5.00799989700317,"Brazil"
2023-05-09,4.98589992523193,4.98939990997314,4.93590021133423,4.98589992523193,0,4.98589992523193,"Brazil"
2023-05-10,4.94290018081665,4.98129987716675,4.94028186798096,4.94290018081665,0,4.94290018081665,"Brazil"
2023-05-11,4.92950010299683,4.95349979400635,4.90899991989136,4.92950010299683,0,4.92950010299683,"Brazil"
2023-05-14,4.92019987106323,4.93050003051758,4.89889192581177,4.92019987106323,0,4.92019987106323,"Brazil"
2023-05-15,4.88789987564087,4.92869997024536,4.88500022888184,4.88789987564087,0,4.88789987564087,"Brazil"
2023-05-16,4.93940019607544,4.96820020675659,4.93289995193481,4.93940019607544,0,4.93940019607544,"Brazil"
2023-05-17,4.93769979476929,4.97650003433228,4.93459987640381,4.93769979476929,0,4.93769979476929,"Brazil"
2023-05-18,4.96439981460571,4.99949979782104,4.94118690490723,4.96439981460571,0,4.96439981460571,"Brazil"
2023-05-21,4.9967999458313,5.00209999084473,4.95539999008179,4.9967999458313,0,4.9967999458313,"Brazil"
2023-05-22,4.96610021591187,4.99160003662109,4.94813680648804,4.96610021591187,0,4.96610021591187,"Brazil"
2023-05-23,4.97119998931885,4.97450017929077,4.93510007858276,4.97119998931885,0,4.97119998931885,"Brazil"
2023-05-24,4.95860004425049,5.01940011978149,4.94234418869019,4.95860004425049,0,4.95860004425049,"Brazil"
2023-05-25,5.03520011901855,5.03579998016357,4.99830007553101,5.03520011901855,0,5.03520011901855,"Brazil"
2023-05-28,4.99280023574829,5.01000022888184,4.97079992294312,4.99280023574829,0,4.99280023574829,"Brazil"
2023-05-29,5.01809978485107,5.06360006332397,4.99762678146362,5.01809978485107,0,5.01809978485107,"Brazil"
2023-05-30,5.03480005264282,5.12139987945557,5.03233194351196,5.03480005264282,0,5.03480005264282,"Brazil"
2023-05-31,5.05480003356934,5.05530023574829,5.00842189788818,5.05480003356934,0,5.05480003356934,"Brazil"
2023-06-01,5.01310014724731,5.01370000839233,4.94353199005127,5.01310014724731,0,5.01310014724731,"Brazil"
2023-06-04,4.95660018920898,4.96979999542236,4.91191720962524,4.95660018920898,0,4.95660018920898,"Brazil"
2023-06-05,4.92560005187988,4.95419979095459,4.90450000762939,4.92560005187988,0,4.92560005187988,"Brazil"
2023-06-06,4.91200017929077,4.92920017242432,4.89879989624023,4.91200017929077,0,4.91200017929077,"Brazil"
2023-06-07,4.92239999771118,4.92519998550415,4.89356994628906,4.92239999771118,0,4.92239999771118,"Brazil"
2023-06-08,4.92210006713867,4.92509984970093,4.85830020904541,4.92210006713867,0,4.92210006713867,"Brazil"
2023-06-11,4.87790012359619,4.89559984207153,4.86563587188721,4.87790012359619,0,4.87790012359619,"Brazil"
2023-06-12,4.86059999465942,4.87540006637573,4.84474611282349,4.86059999465942,0,4.86059999465942,"Brazil"
2023-06-13,4.86100006103516,4.86339998245239,4.83682584762573,4.86100006103516,0,4.86100006103516,"Brazil"
2023-06-14,4.81500005722046,4.84250020980835,4.80189990997314,4.81500005722046,0,4.81500005722046,"Brazil"
2023-06-15,4.80919981002808,4.84770011901855,4.80249977111816,4.80919981002808,0,4.80919981002808,"Brazil"
2023-06-18,4.80700016021729,4.82730007171631,4.76630020141602,4.80700016021729,0,4.80700016021729,"Brazil"
2023-06-19,4.77689981460571,4.79759979248047,4.77220010757446,4.77689981460571,0,4.77689981460571,"Brazil"
2023-06-20,4.78929996490479,4.8144998550415,4.76319980621338,4.78929996490479,0,4.78929996490479,"Brazil"
2023-06-21,4.76230001449585,4.77909994125366,4.73740720748901,4.76230001449585,0,4.76230001449585,"Brazil"
2023-06-22,4.76973676681519,4.80259990692139,4.76541423797607,4.76973676681519,0,4.76973676681519,"Brazil"
2023-06-25,4.78550004959106,4.78620004653931,4.75774621963501,4.78550004959106,0,4.78550004959106,"Brazil"
2023-06-26,4.76730012893677,4.8043999671936,4.75040006637573,4.76730012893677,0,4.76730012893677,"Brazil"
2023-06-27,4.8105001449585,4.86850023269653,4.80813789367676,4.8105001449585,0,4.8105001449585,"Brazil"
2023-06-28,4.85050010681152,4.87160015106201,4.80994606018066,4.85050010681152,0,4.85050010681152,"Brazil"
2023-06-29,4.85559988021851,4.86749982833862,4.8092999458313,4.85559988021851,0,4.85559988021851,"Brazil"
2023-07-02,4.7842001914978,4.79290008544922,4.75814390182495,4.7842001914978,0,4.7842001914978,"Brazil"
2023-07-03,4.80649995803833,4.8173999786377,4.78179979324341,4.80649995803833,0,4.80649995803833,"Brazil"
2023-07-04,4.83990001678467,4.86819982528687,4.83680009841919,4.83990001678467,0,4.83990001678467,"Brazil"
2023-07-05,4.8471999168396,4.92390012741089,4.83889293670654,4.8471999168396,0,4.8471999168396,"Brazil"
2023-07-06,4.91870021820068,4.9293999671936,4.85909509658813,4.91870021820068,0,4.91870021820068,"Brazil"
2023-07-09,4.87090015411377,4.89120006561279,4.85610008239746,4.87090015411377,0,4.87090015411377,"Brazil"
2023-07-10,4.89820003509521,4.9197998046875,4.87940692901611,4.89820003509521,0,4.89820003509521,"Brazil"
2023-07-11,4.85150003433228,4.85839986801147,4.78299999237061,4.85150003433228,0,4.85150003433228,"Brazil"
2023-07-12,4.81689977645874,4.82276201248169,4.77980422973633,4.81689977645874,0,4.81689977645874,"Brazil"
2023-07-13,4.7947998046875,4.80630016326904,4.77174520492554,4.7947998046875,0,4.7947998046875,"Brazil"
2023-07-16,4.78809976577759,4.84700012207031,4.77234077453613,4.78809976577759,0,4.78809976577759,"Brazil"
2023-07-17,4.80579996109009,4.82509994506836,4.76276922225952,4.80579996109009,0,4.80579996109009,"Brazil"
2023-07-18,4.8092999458313,4.81710004806519,4.78340005874634,4.8092999458313,0,4.8092999458313,"Brazil"
2023-07-19,4.7898998260498,4.80819988250732,4.76779985427856,4.7898998260498,0,4.7898998260498,"Brazil"
2023-07-20,4.79689979553223,4.81396198272705,4.75928783416748,4.79689979553223,0,4.79689979553223,"Brazil"
2023-07-23,4.77740001678467,4.77920007705688,4.72037506103516,4.77740001678467,0,4.77740001678467,"Brazil"
2023-07-24,4.72550010681152,4.75629997253418,4.71533012390137,4.72550010681152,0,4.72550010681152,"Brazil"
2023-07-25,4.74889993667603,4.75330018997192,4.72720003128052,4.74889993667603,0,4.74889993667603,"Brazil"
2023-07-26,4.73619985580444,4.73689985275269,4.70940017700195,4.73619985580444,0,4.73619985580444,"Brazil"
2023-07-27,4.74160003662109,4.74849987030029,4.69568204879761,4.74160003662109,0,4.74160003662109,"Brazil"
2023-07-30,4.72329998016357,4.75799989700317,4.70222520828247,4.72329998016357,0,4.72329998016357,"Brazil"
2023-07-31,4.72469997406006,4.78849983215332,4.72075891494751,4.72469997406006,0,4.72469997406006,"Brazil"
2023-08-01,4.79199981689453,4.81879997253418,4.7781138420105,4.79199981689453,0,4.79199981689453,"Brazil"
2023-08-02,4.81040000915527,4.8931999206543,4.8084888458252,4.81040000915527,0,4.81040000915527,"Brazil"
2023-08-03,4.91639995574951,4.91830015182495,4.84560012817383,4.91639995574951,0,4.91639995574951,"Brazil"
2023-08-06,4.88539981842041,4.91069984436035,4.85941219329834,4.88539981842041,0,4.88539981842041,"Brazil"
2023-08-07,4.89900016784668,4.93680620193481,4.89481115341187,4.89900016784668,0,4.89900016784668,"Brazil"
2023-08-08,4.89860010147095,4.91069984436035,4.87249994277954,4.89860010147095,0,4.89860010147095,"Brazil"
2023-08-09,4.90170001983643,4.90390014648438,4.83852386474609,4.90170001983643,0,4.90170001983643,"Brazil"
2023-08-10,4.8914999961853,4.90430021286011,4.86094379425049,4.8914999961853,0,4.8914999961853,"Brazil"
2023-08-13,4.91099977493286,4.96190023422241,4.88968896865845,4.91099977493286,0,4.91099977493286,"Brazil"
2023-08-14,4.9621000289917,4.99560022354126,4.9576997756958,4.9621000289917,0,4.9621000289917,"Brazil"
2023-08-15,4.98320007324219,4.98829984664917,4.95127201080322,4.98320007324219,0,4.98320007324219,"Brazil"
2023-08-16,4.98689985275269,4.99280023574829,4.95800018310547,4.98689985275269,0,4.98689985275269,"Brazil"
2023-08-17,4.97550010681152,4.99560022354126,4.95949983596802,4.97550010681152,0,4.97550010681152,"Brazil"
2023-08-20,4.96689987182617,4.99380016326904,4.95019102096558,4.96689987182617,0,4.96689987182617,"Brazil"
2023-08-21,4.97870016098022,4.97919988632202,4.92294597625732,4.97870016098022,0,4.97870016098022,"Brazil"
2023-08-22,4.93709993362427,4.9411997795105,4.86755418777466,4.93709993362427,0,4.93709993362427,"Brazil"
2023-08-23,4.85510015487671,4.88329982757568,4.85388422012329,4.85510015487671,0,4.85510015487671,"Brazil"
2023-08-24,4.88030004501343,4.89739990234375,4.85525321960449,4.88030004501343,0,4.88030004501343,"Brazil"
2023-08-27,4.87039995193481,4.89940023422241,4.85967683792114,4.87039995193481,0,4.87039995193481,"Brazil"
2023-08-28,4.87260007858276,4.8996000289917,4.8430871963501,4.87260007858276,0,4.87260007858276,"Brazil"
2023-08-29,4.85129976272583,4.88079977035522,4.82208585739136,4.85129976272583,0,4.85129976272583,"Brazil"
2023-08-30,4.88840007781982,4.95590019226074,4.86719989776611,4.88840007781982,0,4.88840007781982,"Brazil"
2023-08-31,4.95380020141602,4.95459985733032,4.89879989624023,4.95380020141602,0,4.95380020141602,"Brazil"
2023-09-03,4.97629976272583,4.97690010070801,4.90695476531982,4.97629976272583,0,4.97629976272583,"Brazil"
2023-09-04,4.93620014190674,4.97840023040771,4.92984199523926,4.93620014190674,0,4.93620014190674,"Brazil"
2023-09-05,4.96670007705688,4.99209976196289,4.92348289489746,4.96670007705688,0,4.96670007705688,"Brazil"
2023-09-06,4.97700023651123,4.97849988937378,4.97380304336548,4.97700023651123,0,4.97700023651123,"Brazil"
2023-09-07,4.97609996795654,4.99179983139038,4.96350002288818,4.97609996795654,0,4.97609996795654,"Brazil"
2023-09-10,4.98299980163574,4.98559999465942,4.92749977111816,4.98299980163574,0,4.98299980163574,"Brazil"
2023-09-11,4.9293999671936,4.96610021591187,4.92707681655884,4.9293999671936,0,4.9293999671936,"Brazil"
2023-09-12,4.94659996032715,4.96000003814697,4.89729976654053,4.94659996032715,0,4.94659996032715,"Brazil"
2023-09-13,4.91540002822876,4.91720008850098,4.86183977127075,4.91540002822876,0,4.91540002822876,"Brazil"
2023-09-14,4.86819982528687,4.87540006637573,4.85769987106323,4.86819982528687,0,4.86819982528687,"Brazil"
2023-09-17,4.86700010299683,4.87260007858276,4.84246206283569,4.86700010299683,0,4.86700010299683,"Brazil"
2023-09-18,4.85370016098022,4.86250019073486,4.83539009094238,4.85370016098022,0,4.85370016098022,"Brazil"
2023-09-19,4.86579990386963,4.86789989471436,4.83873987197876,4.86579990386963,0,4.86579990386963,"Brazil"
2023-09-20,4.87879991531372,4.93050003051758,4.87603187561035,4.87879991531372,0,4.87879991531372,"Brazil"
2023-09-21,4.93489980697632,4.93590021133423,4.90171480178833,4.93489980697632,0,4.93489980697632,"Brazil"
2023-09-24,4.93389987945557,4.96519994735718,4.93039989471436,4.93389987945557,0,4.93389987945557,"Brazil"
2023-09-25,4.96829986572266,4.98290014266968,4.93655586242676,4.96829986572266,0,4.96829986572266,"Brazil"
2023-09-26,4.98619985580444,5.05590009689331,4.9832501411438,4.98619985580444,0,4.98619985580444,"Brazil"
2023-09-27,5.04220008850098,5.06519985198975,5.01437520980835,5.04220008850098,0,5.04220008850098,"Brazil"
2023-09-28,5.03280019760132,5.03560018539429,4.98859977722168,5.03280019760132,0,5.03280019760132,"Brazil"
2023-10-01,5.042799949646,5.07609987258911,5.02073907852173,5.042799949646,0,5.042799949646,"Brazil"
2023-10-02,5.06150007247925,5.1346001625061,5.0599250793457,5.06150007247925,0,5.06150007247925,"Brazil"
2023-10-03,5.16629981994629,5.17589998245239,5.122887134552,5.16629981994629,0,5.16629981994629,"Brazil"
2023-10-04,5.15460014343262,5.18489980697632,5.13542222976685,5.15460014343262,0,5.15460014343262,"Brazil"
2023-10-05,5.16499996185303,5.2153000831604,5.12066316604614,5.16499996185303,0,5.16499996185303,"Brazil"
2023-10-08,5.14569997787476,5.17549991607666,5.1431941986084,5.14569997787476,0,5.14569997787476,"Brazil"
2023-10-09,5.13520002365112,5.13600015640259,5.06279993057251,5.13520002365112,0,5.13520002365112,"Brazil"
2023-10-10,5.05100011825562,5.05959987640381,5.02799987792969,5.05100011825562,0,5.05100011825562,"Brazil"
2023-10-11,5.04960012435913,5.04960012435913,5.01901578903198,5.04960012435913,0,5.04960012435913,"Brazil"
2023-10-12,5.04589986801147,5.07980012893677,5.04269981384277,5.04589986801147,0,5.04589986801147,"Brazil"
2023-10-15,5.04820013046265,5.08160018920898,5.02601909637451,5.04820013046265,0,5.04820013046265,"Brazil"
2023-10-16,5.03760004043579,5.06379985809326,5.00882482528687,5.03760004043579,0,5.03760004043579,"Brazil"
2023-10-17,5.03739976882935,5.07350015640259,5.01003408432007,5.03739976882935,0,5.03739976882935,"Brazil"
2023-10-18,5.0560998916626,5.0721001625061,5.02305698394775,5.0560998916626,0,5.0560998916626,"Brazil"
2023-10-19,5.06290006637573,5.09539985656738,5.02458477020264,5.06290006637573,0,5.06290006637573,"Brazil"
2023-10-22,5.03130006790161,5.0497088432312,4.99920082092285,5.03130006790161,0,5.03130006790161,"Brazil"
2023-10-23,5.01230001449585,5.02610015869141,4.9714560508728,5.01230001449585,0,5.01230001449585,"Brazil"
2023-10-24,4.99100017547607,5.0164999961853,4.98589992523193,4.99100017547607,0,4.99100017547607,"Brazil"
2023-10-25,4.99469995498657,5.01480007171631,4.98661279678345,4.99469995498657,0,4.99469995498657,"Brazil"
2023-10-26,4.98530006408691,4.98740005493164,4.93020009994507,4.98530006408691,0,4.98530006408691,"Brazil"
2023-10-30,4.95203018188477,5.04780006408691,4.95203018188477,4.95203018188477,0,4.95203018188477,"Brazil"
2023-10-31,5.04610013961792,5.06790018081665,5.01004123687744,5.04610013961792,0,5.04610013961792,"Brazil"
2023-11-01,5.03410005569458,5.042799949646,5.00460004806519,5.03410005569458,0,5.03410005569458,"Brazil"
2023-11-02,4.95370006561279,4.95370006561279,4.92229318618774,4.95370006561279,0,4.95370006561279,"Brazil"
2023-11-03,4.95289993286133,4.95419979095459,4.87779998779297,4.95289993286133,0,4.95289993286133,"Brazil"
2023-11-06,4.89919996261597,4.90939998626709,4.88527297973633,4.89919996261597,0,4.89919996261597,"Brazil"
2023-11-07,4.88409996032715,4.90025520324707,4.85650014877319,4.88409996032715,0,4.88409996032715,"Brazil"
2023-11-08,4.87150001525879,4.89930009841919,4.8524661064148,4.87150001525879,0,4.87150001525879,"Brazil"
2023-11-09,4.90929985046387,4.91050004959106,4.8914999961853,4.90929985046387,0,4.90929985046387,"Brazil"
2023-11-10,4.93389987945557,4.94969987869263,4.88980293273926,4.93389987945557,0,4.93389987945557,"Brazil"
2023-11-13,4.89337921142578,4.94049978256226,4.89337921142578,4.89337921142578,0,4.89337921142578,"Brazil"
2023-11-14,4.90619993209839,4.90780019760132,4.84859418869019,4.90619993209839,0,4.90619993209839,"Brazil"
2023-11-15,4.86450004577637,4.86649990081787,4.85652494430542,4.86450004577637,0,4.86450004577637,"Brazil"
2023-11-16,4.86089992523193,4.8831000328064,4.83629083633423,4.86089992523193,0,4.86089992523193,"Brazil"
2023-11-17,4.8621997833252,4.90150022506714,4.84689998626709,4.8621997833252,0,4.8621997833252,"Brazil"
2023-11-20,4.81917715072632,4.90609979629517,4.82851791381836,4.81917715072632,0,4.81917715072632,"Brazil"
2023-11-21,4.85179996490479,4.89279985427856,4.84420013427734,4.85179996490479,0,4.85179996490479,"Brazil"
2023-11-22,4.89930009841919,4.90339994430542,4.87790012359619,4.89930009841919,0,4.89930009841919,"Brazil"
2023-11-23,4.90549993515015,4.90659999847412,4.88358116149902,4.90549993515015,0,4.90549993515015,"Brazil"
2023-11-24,4.90250015258789,4.90740013122559,4.88083076477051,4.90250015258789,0,4.90250015258789,"Brazil"
2023-11-27,4.90089988708496,4.9193000793457,4.87097692489624,4.90089988708496,0,4.90089988708496,"Brazil"
2023-11-28,4.89550018310547,4.90609979629517,4.85799980163574,4.89550018310547,0,4.89550018310547,"Brazil"
2023-11-29,4.8698000907898,4.90210008621216,4.85694789886475,4.8698000907898,0,4.8698000907898,"Brazil"
2023-11-30,4.90409994125366,4.9426999092102,4.9021520614624,4.90409994125366,0,4.90409994125366,"Brazil"
2023-12-01,4.92309999465942,4.93510007858276,4.87799978256226,4.92309999465942,0,4.92309999465942,"Brazil"
2023-12-04,4.90215921401978,4.92980003356934,4.8575930595398,4.90215921401978,0,4.90215921401978,"Brazil"
2023-12-05,4.94309997558594,4.96470022201538,4.92829990386963,4.94309997558594,0,4.94309997558594,"Brazil"
2023-12-06,4.92770004272461,4.92959976196289,4.88749980926514,4.92770004272461,0,4.92770004272461,"Brazil"
2023-12-07,4.90119981765747,4.91303300857544,4.87930011749268,4.90119981765747,0,4.90119981765747,"Brazil"
2023-12-08,4.91009998321533,4.93330001831055,4.87221622467041,4.91009998321533,0,4.91009998321533,"Brazil"
2023-12-11,4.89328622817993,4.95779991149902,4.89318609237671,4.89328622817993,0,4.89328622817993,"Brazil"
2023-12-12,4.93669986724854,4.96460008621216,4.90661716461182,4.93669986724854,0,4.93669986724854,"Brazil"
2023-12-13,4.96449995040894,4.97459983825684,4.94449996948242,4.96449995040894,0,4.96449995040894,"Brazil"
2023-12-14,4.91839981079102,4.91900014877319,4.87249994277954,4.91839981079102,0,4.91839981079102,"Brazil"
2023-12-15,4.9145998954773,4.94850015640259,4.87259578704834,4.9145998954773,0,4.9145998954773,"Brazil"
2023-12-18,4.9196572303772,4.94939994812012,4.92556190490723,4.9196572303772,0,4.9196572303772,"Brazil"
2023-12-19,4.89589977264404,4.90210008621216,4.85404491424561,4.89589977264404,0,4.89589977264404,"Brazil"
2023-12-20,4.86649990081787,4.89069986343384,4.85494899749756,4.86649990081787,0,4.86649990081787,"Brazil"
2023-12-21,4.9145998954773,4.9145998954773,4.86409997940063,4.9145998954773,0,4.9145998954773,"Brazil"
2023-12-22,4.88180017471313,4.88929986953735,4.85330009460449,4.88180017471313,0,4.88180017471313,"Brazil"
2023-12-25,4.86984395980835,4.87480115890503,4.85949993133545,4.86984395980835,0,4.86984395980835,"Brazil"
2023-12-26,4.86974382400513,4.89090013504028,4.82480001449585,4.86974382400513,0,4.86974382400513,"Brazil"
2023-12-27,4.81349992752075,4.83440017700195,4.80219984054565,4.81349992752075,0,4.81349992752075,"Brazil"
2023-12-28,4.82609987258911,4.85109996795654,4.76150703430176,4.82609987258911,0,4.82609987258911,"Brazil"
2023-12-29,4.85020017623901,4.85179996490479,4.82285499572754,4.85020017623901,0,4.85020017623901,"Brazil"
2024-01-01,4.85050010681152,4.85249996185303,4.85179996490479,4.85050010681152,0,4.85050010681152,"Brazil"
2024-01-02,4.8523998260498,4.90509986877441,4.84950399398804,4.8523998260498,0,4.8523998260498,"Brazil"
2024-01-03,4.9225001335144,4.93289995193481,4.89905309677124,4.9225001335144,0,4.9225001335144,"Brazil"
2024-01-04,4.91919994354248,4.93330001831055,4.90320014953613,4.91919994354248,0,4.91919994354248,"Brazil"
2024-01-05,4.89559984207153,4.93209981918335,4.8604998588562,4.89559984207153,0,4.89559984207153,"Brazil"
2024-01-08,4.86066722869873,4.89779996871948,4.85467910766602,4.86066722869873,0,4.86066722869873,"Brazil"
2024-01-09,4.86899995803833,4.90549993515015,4.8413200378418,4.86899995803833,0,4.86899995803833,"Brazil"
2024-01-10,4.90509986877441,4.90640020370483,4.8769998550415,4.90509986877441,0,4.90509986877441,"Brazil"
2024-01-11,4.89139986038208,4.89260005950928,4.85779190063477,4.89139986038208,0,4.89139986038208,"Brazil"
2024-01-12,4.86969995498657,4.875,4.83150005340576,4.86969995498657,0,4.86969995498657,"Brazil"
2024-01-15,4.85290002822876,4.88110017776489,4.83949995040894,4.85290002822876,0,4.85290002822876,"Brazil"
2024-01-16,4.8621997833252,4.92331886291504,4.85778522491455,4.8621997833252,0,4.8621997833252,"Brazil"
2024-01-17,4.92490005493164,4.94770002365112,4.92159986495972,4.92490005493164,0,4.92490005493164,"Brazil"
2024-01-18,4.93400001525879,4.95279979705811,4.90003776550293,4.93400001525879,0,4.93400001525879,"Brazil"
2024-01-19,4.92609977722168,4.93489980697632,4.90220022201538,4.92609977722168,0,4.92609977722168,"Brazil"
2024-01-22,4.90464210510254,4.98999977111816,4.90183019638062,4.90464210510254,0,4.90464210510254,"Brazil"
2024-01-23,4.98829984664917,4.99849987030029,4.95690011978149,4.98829984664917,0,4.98829984664917,"Brazil"
2024-01-24,4.95219993591309,4.95289993286133,4.90644598007202,4.95219993591309,0,4.95219993591309,"Brazil"
2024-01-25,4.93249988555908,4.93279981613159,4.9064998626709,4.93249988555908,0,4.93249988555908,"Brazil"
2024-01-26,4.91580009460449,4.92080020904541,4.90119981765747,4.91580009460449,0,4.91580009460449,"Brazil"
2024-01-29,4.91359996795654,4.94770002365112,4.9047999382019,4.91359996795654,0,4.91359996795654,"Brazil"
2024-01-30,4.95020008087158,4.97730016708374,4.93319988250732,4.95020008087158,0,4.95020008087158,"Brazil"
2024-01-31,4.9503002166748,4.9621000289917,4.92700004577637,4.9503002166748,0,4.9503002166748,"Brazil"
2024-02-01,4.95190000534058,4.96640014648438,4.91230010986328,4.95190000534058,0,4.95190000534058,"Brazil"
2024-02-02,4.91499996185303,4.97359991073608,4.90078210830688,4.91499996185303,0,4.91499996185303,"Brazil"
2024-02-05,4.93293809890747,5.01469993591309,4.93293809890747,4.93293809890747,0,4.93293809890747,"Brazil"
2024-02-06,4.94994306564331,4.98759984970093,4.9484920501709,4.94994306564331,0,4.94994306564331,"Brazil"
2024-02-07,4.96229982376099,4.96649980545044,4.95112609863281,4.96229982376099,0,4.96229982376099,"Brazil"
2024-02-08,4.96929979324341,4.99860000610352,4.93359613418579,4.96929979324341,0,4.96929979324341,"Brazil"
2024-02-09,4.9918999671936,4.99240016937256,4.95865297317505,4.9918999671936,0,4.9918999671936,"Brazil"
2024-02-12,4.95310020446777,4.96019601821899,4.94982576370239,4.95310020446777,0,4.95310020446777,"Brazil"
2024-02-13,4.95219993591309,4.95359992980957,4.94854688644409,4.95219993591309,0,4.95219993591309,"Brazil"
2024-02-14,4.9520001411438,4.9672999382019,4.94986200332642,4.9520001411438,0,4.9520001411438,"Brazil"
2024-02-15,4.96829986572266,4.98059988021851,4.94487905502319,4.96829986572266,0,4.96829986572266,"Brazil"
2024-02-16,4.97240018844604,4.98629999160767,4.9335789680481,4.97240018844604,0,4.97240018844604,"Brazil"
2024-02-19,4.96509981155396,4.96770000457764,4.9524998664856,4.96509981155396,0,4.96509981155396,"Brazil"
2024-02-20,4.95639991760254,4.96280002593994,4.92719984054565,4.95639991760254,0,4.95639991760254,"Brazil"
2024-02-21,4.92640018463135,4.9342999458313,4.91616916656494,4.92640018463135,0,4.92640018463135,"Brazil"
2024-02-22,4.93489980697632,4.94829988479614,4.89225482940674,4.93489980697632,0,4.93489980697632,"Brazil"
2024-02-23,4.96239995956421,4.99580001831055,4.92468118667603,4.96239995956421,0,4.96239995956421,"Brazil"
2024-02-26,4.99350023269653,4.99450016021729,4.96999979019165,4.99350023269653,0,4.99350023269653,"Brazil"
2024-02-27,4.97889995574951,4.97919988632202,4.93419981002808,4.97889995574951,0,4.97889995574951,"Brazil"
2024-02-28,4.93240022659302,4.96199989318848,4.91020822525024,4.93240022659302,0,4.93240022659302,"Brazil"
2024-02-29,4.9672999382019,4.99590015411377,4.96310091018677,4.9672999382019,0,4.9672999382019,"Brazil"
2024-03-01,4.96979999542236,4.97230005264282,4.94361782073975,4.96979999542236,0,4.96979999542236,"Brazil"
2024-03-04,4.95270013809204,4.95620012283325,4.93739986419678,4.95270013809204,0,4.95270013809204,"Brazil"
2024-03-05,4.94490003585815,4.95879983901978,4.93430805206299,4.94490003585815,0,4.94490003585815,"Brazil"
2024-03-06,4.95709991455078,4.95959997177124,4.92786407470703,4.95709991455078,0,4.95709991455078,"Brazil"
2024-03-07,4.94360017776489,4.94409990310669,4.92565011978149,4.94360017776489,0,4.94360017776489,"Brazil"
2024-03-08,4.9338002204895,4.98950004577637,4.89788103103638,4.9338002204895,0,4.9338002204895,"Brazil"
2024-03-11,4.97754001617432,4.99749994277954,4.95979976654053,4.97754001617432,0,4.97754001617432,"Brazil"
2024-03-12,4.9773998260498,4.9918999671936,4.95800018310547,4.9773998260498,0,4.9773998260498,"Brazil"
2024-03-13,4.96869993209839,4.98579978942871,4.94855690002441,4.96869993209839,0,4.96869993209839,"Brazil"
2024-03-14,4.96920013427734,4.98059988021851,4.95206499099731,4.96920013427734,0,4.96920013427734,"Brazil"
2024-03-15,4.99270009994507,4.99959993362427,4.97821283340454,4.99270009994507,0,4.99270009994507,"Brazil"
2024-03-18,4.96804714202881,5.02969980239868,4.96804714202881,4.96804714202881,0,4.96804714202881,"Brazil"
2024-03-19,5.02939987182617,5.05053997039795,4.98856782913208,5.02939987182617,0,5.02939987182617,"Brazil"
2024-03-20,5.03000020980835,5.03109979629517,5.00133514404297,5.03000020980835,0,5.03000020980835,"Brazil"
2024-03-21,4.96619987487793,4.98379993438721,4.94999980926514,4.96619987487793,0,4.96619987487793,"Brazil"
2024-03-22,4.97450017929077,5.00500011444092,4.96732807159424,4.97450017929077,0,4.97450017929077,"Brazil"
2024-03-25,5.00089979171753,5.00309991836548,4.97459983825684,5.00089979171753,0,5.00089979171753,"Brazil"
2024-03-26,4.9721999168396,4.99139976501465,4.96594715118408,4.9721999168396,0,4.9721999168396,"Brazil"
2024-03-27,4.97569990158081,4.99179983139038,4.96591901779175,4.97569990158081,0,4.97569990158081,"Brazil"
2024-03-28,4.99030017852783,5.00409984588623,4.95484781265259,4.99030017852783,0,4.99030017852783,"Brazil"
2024-03-29,5.01410007476807,5.01440000534058,4.97380781173706,5.01410007476807,0,5.01410007476807,"Brazil"
2024-03-31,5.01319980621338,5.0657000541687,5.00799989700317,5.01319980621338,0,5.01319980621338,"Brazil"
2024-04-01,5.05359983444214,5.05740022659302,5.01879978179932,5.05359983444214,0,5.05359983444214,"Brazil"
2024-04-02,5.06440019607544,5.08990001678467,5.02098703384399,5.06440019607544,0,5.06440019607544,"Brazil"
2024-04-03,5.03859996795654,5.04510021209717,5.00400018692017,5.03859996795654,0,5.03859996795654,"Brazil"
2024-04-04,5.05740022659302,5.0644998550415,5.0225977897644,5.05740022659302,0,5.05740022659302,"Brazil"
2024-04-07,5.05490016937256,5.07219982147217,5.0274829864502,5.05490016937256,0,5.05490016937256,"Brazil"
2024-04-08,5.02390003204346,5.02950000762939,4.99900007247925,5.02390003204346,0,5.02390003204346,"Brazil"
2024-04-09,5.00759983062744,5.07940006256104,5.00524616241455,5.00759983062744,0,5.00759983062744,"Brazil"
2024-04-10,5.0661997795105,5.08900022506714,5.05950021743774,5.0661997795105,0,5.0661997795105,"Brazil"
2024-04-11,5.09040021896362,5.14580011367798,5.0853009223938,5.09040021896362,0,5.09040021896362,"Brazil"
2024-04-14,5.11709976196289,5.18590021133423,5.06434297561646,5.11709976196289,0,5.11709976196289,"Brazil"
2024-04-15,5.18370008468628,5.28499984741211,5.18100881576538,5.18370008468628,0,5.18370008468628,"Brazil"
2024-04-16,5.28550004959106,5.28579998016357,5.22569990158081,5.28550004959106,0,5.28550004959106,"Brazil"
2024-04-17,5.23260021209717,5.27010011672974,5.22580003738403,5.23260021209717,0,5.23260021209717,"Brazil"
2024-04-18,5.24170017242432,5.27030897140503,5.20120000839233,5.24170017242432,0,5.24170017242432,"Brazil"
2024-04-21,5.20620012283325,5.21519994735718,5.18690013885498,5.20620012283325,0,5.20620012283325,"Brazil"
2024-04-22,5.16569995880127,5.1862998008728,5.13681507110596,5.16569995880127,0,5.16569995880127,"Brazil"
2024-04-23,5.13049983978271,5.16949987411499,5.11674213409424,5.13049983978271,0,5.13049983978271,"Brazil"
2024-04-24,5.14550018310547,5.19169998168945,5.10160207748413,5.14550018310547,0,5.14550018310547,"Brazil"
2024-04-25,5.15859985351562,5.16157579421997,5.11210012435913,5.15859985351562,0,5.15859985351562,"Brazil"
2024-04-28,5.11549997329712,5.14254188537598,5.0984001159668,5.11549997329712,0,5.11549997329712,"Brazil"
2024-04-29,5.11700010299683,5.18310022354126,5.10860013961792,5.11700010299683,0,5.11700010299683,"Brazil"
2024-04-30,5.1939001083374,5.19460010528564,5.19180011749268,5.1939001083374,0,5.1939001083374,"Brazil"
2024-05-01,5.1943998336792,5.19449996948242,5.10190010070801,5.1943998336792,0,5.1943998336792,"Brazil"
2024-05-02,5.11030006408691,5.11310005187988,5.04320001602173,5.11030006408691,0,5.11030006408691,"Brazil"
2024-05-05,5.07089996337891,5.08920001983643,5.06360006332397,5.07089996337891,0,5.07089996337891,"Brazil"
2024-05-06,5.07490015029907,5.08150005340576,5.04716205596924,5.07490015029907,0,5.07490015029907,"Brazil"
2024-05-07,5.07329988479614,5.10620021820068,5.06294298171997,5.07329988479614,0,5.07329988479614,"Brazil"
2024-05-08,5.08790016174316,5.17369985580444,5.05431509017944,5.08790016174316,0,5.08790016174316,"Brazil"
2024-05-09,5.14079999923706,5.15560007095337,5.1152458190918,5.14079999923706,0,5.14079999923706,"Brazil"
2024-05-12,5.12326002120972,5.16260004043579,5.1208348274231,5.12326002120972,0,5.12326002120972,"Brazil"
2024-05-13,5.15420007705688,5.1560001373291,5.12329387664795,5.15420007705688,0,5.15420007705688,"Brazil"
2024-05-14,5.12779998779297,5.1616997718811,5.12069988250732,5.12779998779297,0,5.12779998779297,"Brazil"
2024-05-15,5.13360023498535,5.13850021362305,5.10430002212524,5.13360023498535,0,5.13360023498535,"Brazil"
2024-05-16,5.12860012054443,5.13500022888184,5.10459995269775,5.12860012054443,0,5.12860012054443,"Brazil"
2024-05-19,5.10200023651123,5.1269998550415,5.07907819747925,5.10200023651123,0,5.10200023651123,"Brazil"
2024-05-20,5.10309982299805,5.11159992218018,5.0814790725708,5.10309982299805,0,5.10309982299805,"Brazil"
2024-05-21,5.12190008163452,5.16130018234253,5.08420276641846,5.12190008163452,0,5.12190008163452,"Brazil"
2024-05-22,5.15110015869141,5.15560007095337,5.10549116134644,5.15110015869141,0,5.15110015869141,"Brazil"
2024-05-23,5.14309978485107,5.15460014343262,5.12890005111694,5.14309978485107,0,5.14309978485107,"Brazil"
2024-05-26,5.1697998046875,5.1823000907898,5.1156849861145,5.1697998046875,0,5.1697998046875,"Brazil"
2024-05-27,5.17170000076294,5.1725001335144,5.1335620880127,5.17170000076294,0,5.17170000076294,"Brazil"
2024-05-28,5.16130018234253,5.20499992370605,5.15681409835815,5.16130018234253,0,5.16130018234253,"Brazil"
2024-05-29,5.20209980010986,5.21190023422241,5.16236877441406,5.20209980010986,0,5.20209980010986,"Brazil"
2024-05-30,5.20209980010986,5.25530004501343,5.17295789718628,5.20209980010986,0,5.20209980010986,"Brazil"
2024-06-02,5.24440002441406,5.2645001411438,5.21840715408325,5.24440002441406,0,5.24440002441406,"Brazil"
2024-06-03,5.24900007247925,5.28730010986328,5.24372005462646,5.24900007247925,0,5.24900007247925,"Brazil"
2024-06-04,5.28770017623901,5.29990005493164,5.2575831413269,5.28770017623901,0,5.28770017623901,"Brazil"
2024-06-05,5.30039978027344,5.30539989471436,5.25099992752075,5.30039978027344,0,5.30039978027344,"Brazil"
2024-06-06,5.25710010528564,5.29220008850098,5.24329996109009,5.25710010528564,0,5.25710010528564,"Brazil"
2024-06-09,5.27044105529785,5.38409996032715,5.27044105529785,5.27044105529785,0,5.27044105529785,"Brazil"
2024-06-10,5.35279989242554,5.36429977416992,5.31738519668579,5.35279989242554,0,5.35279989242554,"Brazil"
2024-06-11,5.3649001121521,5.4242000579834,5.33404111862183,5.3649001121521,0,5.3649001121521,"Brazil"
2024-06-12,5.40100002288818,5.4145998954773,5.36316013336182,5.40100002288818,0,5.40100002288818,"Brazil"
2024-06-13,5.36159992218018,5.37599992752075,5.34329986572266,5.36159992218018,0,5.36159992218018,"Brazil"
2024-06-16,5.35720014572144,5.42479991912842,5.32727909088135,5.35720014572144,0,5.35720014572144,"Brazil"
2024-06-17,5.42399978637695,5.43789911270142,5.39200019836426,5.42399978637695,0,5.42399978637695,"Brazil"
2024-06-18,5.43989992141724,5.46999979019165,5.42869997024536,5.43989992141724,0,5.43989992141724,"Brazil"
2024-06-19,5.42239999771118,5.45190000534058,5.38589715957642,5.42239999771118,0,5.42239999771118,"Brazil"
2024-06-20,5.45240020751953,5.45909976959229,5.41153907775879,5.45240020751953,0,5.45240020751953,"Brazil"
2024-06-23,5.42612600326538,5.43370008468628,5.37599992752075,5.42612600326538,0,5.42612600326538,"Brazil"
2024-06-24,5.38929986953735,5.44449996948242,5.38600015640259,5.38929986953735,0,5.38929986953735,"Brazil"
2024-06-25,5.45069980621338,5.51859998703003,5.44579982757568,5.45069980621338,0,5.45069980621338,"Brazil"
2024-06-26,5.52250003814697,5.53599977493286,5.48296499252319,5.52250003814697,0,5.52250003814697,"Brazil"
2024-06-27,5.50050020217896,5.58090019226074,5.48269987106323,5.50050020217896,0,5.50050020217896,"Brazil"
2024-06-30,5.59189987182617,5.60020017623901,5.56680011749268,5.59189987182617,0,5.59189987182617,"Brazil"
2024-07-01,5.65500020980835,5.68389987945557,5.6279411315918,5.65500020980835,0,5.65500020980835,"Brazil"
2024-07-02,5.67549991607666,5.67589998245239,5.56559991836548,5.67549991607666,0,5.67549991607666,"Brazil"
2024-07-03,5.55539989471436,5.55950021743774,5.46419620513916,5.55539989471436,0,5.55539989471436,"Brazil"
2024-07-04,5.48640012741089,5.53090000152588,5.47069978713989,5.48640012741089,0,5.48640012741089,"Brazil"
2024-07-07,5.47129011154175,5.49249982833862,5.45238399505615,5.47129011154175,0,5.47129011154175,"Brazil"
2024-07-08,5.47039985656738,5.4741997718811,5.4310998916626,5.47039985656738,0,5.47039985656738,"Brazil"
2024-07-09,5.41709995269775,5.42089986801147,5.37270021438599,5.41709995269775,0,5.41709995269775,"Brazil"
2024-07-10,5.41470003128052,5.43179988861084,5.36806201934814,5.41470003128052,0,5.41470003128052,"Brazil"
2024-07-11,5.43800020217896,5.46339988708496,5.41520023345947,5.43800020217896,0,5.43800020217896,"Brazil"
2024-07-14,5.42280006408691,5.47429990768433,5.40146398544312,5.42280006408691,0,5.42280006408691,"Brazil"
2024-07-15,5.44680023193359,5.45669984817505,5.40560007095337,5.44680023193359,0,5.44680023193359,"Brazil"
2024-07-16,5.42430019378662,5.4773998260498,5.42137622833252,5.42430019378662,0,5.42430019378662,"Brazil"
2024-07-17,5.48769998550415,5.54860019683838,5.4785680770874,5.48769998550415,0,5.48769998550415,"Brazil"
2024-07-18,5.54320001602173,5.57000017166138,5.52199983596802,5.54320001602173,0,5.54320001602173,"Brazil"
2024-07-21,5.52087211608887,5.61917209625244,5.51897192001343,5.52087211608887,0,5.52087211608887,"Brazil"
2024-07-22,5.57070016860962,5.60430002212524,5.55950021743774,5.57070016860962,0,5.57070016860962,"Brazil"
2024-07-23,5.58529996871948,5.64769983291626,5.55548906326294,5.58529996871948,0,5.58529996871948,"Brazil"
2024-07-24,5.65360021591187,5.68430995941162,5.62410020828247,5.65360021591187,0,5.65360021591187,"Brazil"
2024-07-25,5.64309978485107,5.66120004653931,5.61329984664917,5.64309978485107,0,5.64309978485107,"Brazil"
2024-07-28,5.62284088134766,5.66660022735596,5.62923192977905,5.62284088134766,0,5.62284088134766,"Brazil"
2024-07-29,5.61450004577637,5.66039991378784,5.61148977279663,5.61450004577637,0,5.61450004577637,"Brazil"
2024-07-30,5.61110019683838,5.67929983139038,5.60006284713745,5.61110019683838,0,5.61110019683838,"Brazil"
2024-07-31,5.65659999847412,5.69420003890991,5.63064098358154,5.65659999847412,0,5.65659999847412,"Brazil"
2024-08-01,5.75059986114502,5.78929996490479,5.70499992370605,5.75059986114502,0,5.75059986114502,"Brazil"
2024-08-04,5.72669982910156,5.82420015335083,5.67969989776611,5.72669982910156,0,5.72669982910156,"Brazil"
2024-08-05,5.72090005874634,5.72319984436035,5.63430023193359,5.72090005874634,0,5.72090005874634,"Brazil"
2024-08-06,5.65549993515015,5.6560001373291,5.59390020370483,5.65549993515015,0,5.65549993515015,"Brazil"
2024-08-07,5.63579988479614,5.65150022506714,5.59779977798462,5.63579988479614,0,5.63579988479614,"Brazil"
2024-08-08,5.54610013961792,5.54850006103516,5.4918999671936,5.54610013961792,0,5.54610013961792,"Brazil"
2024-08-11,5.50629997253418,5.52089977264404,5.47130012512207,5.50629997253418,0,5.50629997253418,"Brazil"
2024-08-12,5.4918999671936,5.50059986114502,5.46859979629517,5.4918999671936,0,5.4918999671936,"Brazil"
2024-08-13,5.4556999206543,5.46239995956421,5.4274001121521,5.4556999206543,0,5.4556999206543,"Brazil"
2024-08-14,5.46890020370483,5.48339986801147,5.43991422653198,5.46890020370483,0,5.46890020370483,"Brazil"
2024-08-15,5.48489999771118,5.48649978637695,5.43470001220703,5.48489999771118,0,5.48489999771118,"Brazil"
2024-08-18,5.47130012512207,5.4721999168396,5.40150022506714,5.47130012512207,0,5.47130012512207,"Brazil"
2024-08-19,5.40560007095337,5.4734001159668,5.40183782577515,5.40560007095337,0,5.40560007095337,"Brazil"
2024-08-20,5.47809982299805,5.48379993438721,5.45879983901978,5.47809982299805,0,5.47809982299805,"Brazil"
2024-08-21,5.48250007629395,5.5706000328064,5.44587707519531,5.48250007629395,0,5.48250007629395,"Brazil"
2024-08-22,5.59089994430542,5.60109996795654,5.4879641532898,5.59089994430542,0,5.59089994430542,"Brazil"
2024-08-25,5.48540019989014,5.50869989395142,5.47189998626709,5.48540019989014,0,5.48540019989014,"Brazil"
2024-08-26,5.49569988250732,5.51630020141602,5.46950006484985,5.49569988250732,0,5.49569988250732,"Brazil"
2024-08-27,5.50790023803711,5.54199981689453,5.46820592880249,5.50790023803711,0,5.50790023803711,"Brazil"
2024-08-28,5.56220006942749,5.65990018844604,5.55900001525879,5.56220006942749,0,5.56220006942749,"Brazil"
2024-08-29,5.62769985198975,5.69049978256226,5.57310009002686,5.62769985198975,0,5.62769985198975,"Brazil"
2024-09-01,5.60920000076294,5.65670013427734,5.5897970199585,5.60920000076294,0,5.60920000076294,"Brazil"
2024-09-02,5.61509990692139,5.64970016479492,5.57560014724731,5.61509990692139,0,5.61509990692139,"Brazil"
2024-09-03,5.64750003814697,5.65869998931885,5.61277294158936,5.64750003814697,0,5.64750003814697,"Brazil"
2024-09-04,5.64200019836426,5.64289999008179,5.59049987792969,5.64200019836426,0,5.64200019836426,"Brazil"
2024-09-05,5.56750011444092,5.59600019454956,5.53170013427734,5.56750011444092,0,5.56750011444092,"Brazil"
2024-09-08,5.59660005569458,5.6382999420166,5.58120012283325,5.59660005569458,0,5.59660005569458,"Brazil"
2024-09-09,5.58430004119873,5.64729976654053,5.56489992141724,5.58430004119873,0,5.58430004119873,"Brazil"
2024-09-10,5.6628999710083,5.67170000076294,5.60559988021851,5.6628999710083,0,5.6628999710083,"Brazil"
2024-09-11,5.66739988327026,5.6838002204895,5.63229990005493,5.66739988327026,0,5.66739988327026,"Brazil"
2024-09-12,5.62569999694824,5.6262001991272,5.54464912414551,5.62569999694824,0,5.62569999694824,"Brazil"
2024-09-15,5.61237001419067,5.6124701499939,5.49898481369019,5.61237001419067,0,5.61237001419067,"Brazil"
2024-09-16,5.50390005111694,5.54449319839478,5.48659992218018,5.50390005111694,0,5.50390005111694,"Brazil"
2024-09-17,5.48169994354248,5.4935998916626,5.45343494415283,5.48169994354248,0,5.48169994354248,"Brazil"
2024-09-18,5.46099996566772,5.46390008926392,5.39417886734009,5.46099996566772,0,5.46099996566772,"Brazil"
2024-09-19,5.42390012741089,5.49690008163452,5.41800022125244,5.42390012741089,0,5.42390012741089,"Brazil"
2024-09-22,5.51359987258911,5.59479999542236,5.40531778335571,5.51359987258911,0,5.51359987258911,"Brazil"
2024-09-23,5.53609991073608,5.53779983520508,5.44589996337891,5.53609991073608,0,5.53609991073608,"Brazil"
2024-09-24,5.44969987869263,5.49539995193481,5.44320011138916,5.44969987869263,0,5.44969987869263,"Brazil"
2024-09-25,5.47380018234253,5.47590017318726,5.40630006790161,5.47380018234253,0,5.47380018234253,"Brazil"
2024-09-26,5.43669986724854,5.45499992370605,5.42280006408691,5.43669986724854,0,5.43669986724854,"Brazil"
2024-09-29,5.43319988250732,5.47009992599487,5.40380001068115,5.43319988250732,0,5.43319988250732,"Brazil"
2024-09-30,5.44850015640259,5.47440004348755,5.4293999671936,5.44850015640259,0,5.44850015640259,"Brazil"
2024-10-01,5.42399978637695,5.45749998092651,5.40496921539307,5.42399978637695,0,5.42399978637695,"Brazil"
2024-10-02,5.44029998779297,5.50820016860962,5.41635179519653,5.44029998779297,0,5.44029998779297,"Brazil"
2024-10-03,5.47629976272583,5.51539993286133,5.45160007476807,5.47629976272583,0,5.47629976272583,"Brazil"
2024-10-06,5.45429992675781,5.48880004882812,5.42000007629395,5.45429992675781,0,5.45429992675781,"Brazil"
2024-10-07,5.49420022964478,5.53109979629517,5.49362182617188,5.49420022964478,0,5.49420022964478,"Brazil"
2024-10-08,5.5346999168396,5.58729982376099,5.53051710128784,5.5346999168396,0,5.5346999168396,"Brazil"
2024-10-09,5.59609985351562,5.60179996490479,5.56304597854614,5.59609985351562,0,5.59609985351562,"Brazil"
2024-10-10,5.58169984817505,5.65170001983643,5.55889987945557,5.58169984817505,0,5.58169984817505,"Brazil"
2024-10-13,5.61059999465942,5.64940023422241,5.57959985733032,5.61059999465942,0,5.61059999465942,"Brazil"
2024-10-14,5.59469985961914,5.6532998085022,5.58120012283325,5.59469985961914,0,5.59469985961914,"Brazil"
2024-10-15,5.65199995040894,5.69460010528564,5.62905216217041,5.65199995040894,0,5.65199995040894,"Brazil"
2024-10-16,5.66800022125244,5.68540000915527,5.65570020675659,5.66800022125244,0,5.66800022125244,"Brazil"
2024-10-17,5.65180015563965,5.68419981002808,5.6304759979248,5.65180015563965,0,5.65180015563965,"Brazil"
2024-10-20,5.63590002059937,5.7322998046875,5.63590002059937,5.63590002059937,0,5.63590002059937,"Brazil"
2024-10-21,5.68809986114502,5.71290016174316,5.67139577865601,5.68809986114502,0,5.68809986114502,"Brazil"
2024-10-22,5.68930006027222,5.72849988937378,5.68362522125244,5.68930006027222,0,5.68930006027222,"Brazil"
2024-10-23,5.68650007247925,5.71740007400513,5.67150020599365,5.68650007247925,0,5.68650007247925,"Brazil"
2024-10-24,5.66400003433228,5.7027997970581,5.66260194778442,5.66400003433228,0,5.66400003433228,"Brazil"
2024-10-28,5.68581295013428,5.71619987487793,5.68373489379883,5.68581295013428,0,5.68581295013428,"Brazil"
2024-10-29,5.71019983291626,5.73120021820068,5.68529796600342,5.71019983291626,0,5.71019983291626,"Brazil"
2024-10-30,5.76000022888184,5.78849983215332,5.6727409362793,5.76000022888184,0,5.76000022888184,"Brazil"
2024-10-31,5.76230001449585,5.79020023345947,5.75335788726807,5.76230001449585,0,5.76230001449585,"Brazil"
2024-11-01,5.78940010070801,5.83179998397827,5.76053094863892,5.78940010070801,0,5.78940010070801,"Brazil"
2024-11-04,5.67752599716187,5.86819982528687,5.66775989532471,5.67752599716187,0,5.67752599716187,"Brazil"
2024-11-05,5.79059982299805,5.80310010910034,5.76331377029419,5.79059982299805,0,5.79059982299805,"Brazil"
2024-11-06,5.69999980926514,5.70800018310547,5.69000005722046,5.73979997634888,0,5.73979997634888,"Brazil"
2024-11-07,5.67479991912842,5.70849990844727,5.6293478012085,5.67479991912842,0,5.67479991912842,"Brazil"
2024-11-08,5.69099998474121,5.78919982910156,5.68364381790161,5.69099998474121,0,5.69099998474121,"Brazil"
2024-11-11,5.73640012741089,5.81540012359619,5.72954893112183,5.73640012741089,0,5.73640012741089,"Brazil"
2024-11-12,5.75540018081665,5.78805923461914,5.74507713317871,5.75540018081665,0,5.75540018081665,"Brazil"
2024-11-13,5.74819993972778,5.81379985809326,5.72399997711182,5.74819993972778,0,5.74819993972778,"Brazil"
2024-11-14,5.80590009689331,5.85472297668457,5.76096200942993,5.80590009689331,0,5.80590009689331,"Brazil"
2024-11-15,5.78830003738403,5.82232809066772,5.78079414367676,5.78830003738403,0,5.78830003738403,"Brazil"
2024-11-18,5.79460000991821,5.83895111083984,5.73541307449341,5.79460000991821,0,5.79460000991821,"Brazil"
2024-11-19,5.74639987945557,5.79961585998535,5.73820495605469,5.74639987945557,0,5.74639987945557,"Brazil"
2024-11-20,5.77180004119873,5.7895998954773,5.76318788528442,5.77180004119873,0,5.77180004119873,"Brazil"
2024-11-21,5.77069997787476,5.8306999206543,5.76457786560059,5.77069997787476,0,5.77069997787476,"Brazil"
2024-11-22,5.81409978866577,5.8302001953125,5.78483581542969,5.81409978866577,0,5.81409978866577,"Brazil"
2024-11-25,5.79930019378662,5.84587097167969,5.77311182022095,5.79930019378662,0,5.79930019378662,"Brazil"
2024-11-26,5.7972002029419,5.82130002975464,5.78180122375488,5.7972002029419,0,5.7972002029419,"Brazil"
2024-11-27,5.80959987640381,5.88591384887695,5.80315780639648,5.80959987640381,0,5.80959987640381,"Brazil"
2024-11-28,5.93739986419678,6.00080013275146,5.9286060333252,5.93739986419678,0,5.93739986419678,"Brazil"
2024-11-29,6.01389980316162,6.10580015182495,5.95730018615723,6.01389980316162,0,6.01389980316162,"Brazil"
2024-12-02,5.96567106246948,6.08780002593994,5.96531581878662,5.97319984436035,0,5.97319984436035,"Brazil"
2024-12-03,6.05679988861084,6.09310007095337,6.02834320068359,6.05679988861084,0,6.05679988861084,"Brazil"
2024-12-04,6.04309988021851,6.07180023193359,6.02500009536743,6.04309988021851,0,6.04309988021851,"Brazil"
2024-12-05,6.03879976272583,6.06020021438599,5.95587587356567,6.03879976272583,0,6.03879976272583,"Brazil"
2024-12-06,6.01030015945435,6.07539987564087,5.98330020904541,6.01030015945435,0,6.01030015945435,"Brazil"
2024-12-09,6.0883002281189,6.14699983596802,6.03207111358643,6.0883002281189,0,6.0883002281189,"Brazil"
2024-12-10,6.07660007476807,6.11040019989014,6.01441812515259,6.07660007476807,0,6.07660007476807,"Brazil"
2024-12-11,6.04530000686646,6.07040023803711,6.00022602081299,6.04530000686646,0,6.04530000686646,"Brazil"
2024-12-12,5.95270013809204,6.01690006256104,5.86274003982544,5.95270013809204,0,5.95270013809204,"Brazil"
2024-12-13,5.99609994888306,6.07030010223389,5.98239994049072,5.99609994888306,0,5.99609994888306,"Brazil"
2024-12-16,6.04090023040771,6.0954999923706,6.02385807037354,6.04090023040771,0,6.04090023040771,"Brazil"
2024-12-17,6.14729976654053,6.20450019836426,6.09752702713013,6.14729976654053,0,6.14729976654053,"Brazil"
2024-12-18,6.10319995880127,6.19350004196167,6.09441995620728,6.10319995880127,0,6.10319995880127,"Brazil"
2024-12-19,6.28889989852905,6.31930017471313,6.11336994171143,6.28889989852905,0,6.28889989852905,"Brazil"
2024-12-20,6.1515998840332,6.17689990997314,6.05040788650513,6.1515998840332,0,6.1515998840332,"Brazil"
2024-12-23,6.08419990539551,6.18090009689331,6.0686559677124,6.08419990539551,0,6.08419990539551,"Brazil"
2024-12-24,6.1939001083374,6.21449995040894,6.18150615692139,6.1939001083374,0,6.1939001083374,"Brazil"
2024-12-25,6.17560005187988,6.41109991073608,6.16865491867065,6.17560005187988,0,6.17560005187988,"Brazil"
2024-12-26,6.1742000579834,6.19770002365112,6.14779996871948,6.18279981613159,0,6.18279981613159,"Brazil"
2024-12-27,6.14849996566772,6.20949983596802,6.16616582870483,6.14849996566772,0,6.14849996566772,"Brazil"
2024-12-30,6.19369983673096,6.25400018692017,6.14866209030151,6.19369983673096,0,6.19369983673096,"Brazil"
2024-12-31,6.1778998374939,6.20699977874756,6.16953277587891,6.1778998374939,0,6.1778998374939,"Brazil"
