"date","USDIDR.X.Open","USDIDR.X.High","USDIDR.X.Low","USDIDR.X.Close","USDIDR.X.Volume","USDIDR.X.Adjusted","country"
2010-01-01,9427.2001953125,9427.2001953125,9378.099609375,9385.599609375,0,9385.599609375,"Indonesia"
2010-01-04,9434.7998046875,9469.900390625,9240,9364.2001953125,0,9364.2001953125,"Indonesia"
2010-01-05,9362.5,9382.7001953125,9200,9305.2001953125,0,9305.2001953125,"Indonesia"
2010-01-06,9303.5,9354.7001953125,9153,9218.099609375,0,9218.099609375,"Indonesia"
2010-01-07,9217.2001953125,9280.599609375,9135,9272.5,0,9272.5,"Indonesia"
2010-01-08,9270.7998046875,9303.900390625,9110,9212.7001953125,0,9212.7001953125,"Indonesia"
2010-01-11,9178,9178,9030,9148.099609375,0,9148.099609375,"Indonesia"
2010-01-12,9152,9189.9501953125,9056,9171,0,9171,"Indonesia"
2010-01-13,9172.599609375,9204.9501953125,9070,9141,0,9141,"Indonesia"
2010-01-14,9141.2998046875,9179.900390625,9052,9155.7998046875,0,9155.7998046875,"Indonesia"
2010-01-15,9156.5,9257.599609375,9095,9226.099609375,0,9226.099609375,"Indonesia"
2010-01-18,9214.9501953125,9231.9501953125,9130,9130,0,9130,"Indonesia"
2010-01-19,9232.4501953125,9233,9134,9229.9501953125,0,9229.9501953125,"Indonesia"
2010-01-20,9257.4501953125,9330,9215,9294.9501953125,0,9294.9501953125,"Indonesia"
2010-01-21,9337.4501953125,9337.4501953125,9183,9183,0,9183,"Indonesia"
2010-01-22,9183,9396.4501953125,9183,9240,0,9240,"Indonesia"
2010-01-25,9359.9501953125,9364.9501953125,9235,9319.9501953125,0,9319.9501953125,"Indonesia"
2010-01-26,9314.9501953125,9379.9501953125,9280,9379.9501953125,0,9379.9501953125,"Indonesia"
2010-01-27,9389.9501953125,9399.9501953125,9295,9399.9501953125,0,9399.9501953125,"Indonesia"
2010-01-28,9399.9501953125,9402.4501953125,9250,9324.9501953125,0,9324.9501953125,"Indonesia"
2010-01-29,9359.9501953125,9374.9501953125,9250,9250,0,9250,"Indonesia"
2010-02-01,9359.9501953125,9397.4501953125,9250,9256.400390625,0,9256.400390625,"Indonesia"
2010-02-02,9260.099609375,9379.9501953125,9236.2001953125,9313.7001953125,0,9313.7001953125,"Indonesia"
2010-02-03,9313.400390625,9373.400390625,9190,9364.599609375,0,9364.599609375,"Indonesia"
2010-02-04,9363.7998046875,9446.2001953125,9230,9386.900390625,0,9386.900390625,"Indonesia"
2010-02-05,9386.599609375,9664.9501953125,9285,9468.099609375,0,9468.099609375,"Indonesia"
2010-02-08,9490.599609375,9504.900390625,9295,9484.5,0,9484.5,"Indonesia"
2010-02-09,9485.7001953125,9487.4501953125,8867.7998046875,9339.2998046875,0,9339.2998046875,"Indonesia"
2010-02-10,9339.2998046875,9408.5,9260,9314.400390625,0,9314.400390625,"Indonesia"
2010-02-11,9314,9417.7998046875,9264,9330.099609375,0,9330.099609375,"Indonesia"
2010-02-12,9326,9431.2001953125,9230,9323.7001953125,0,9323.7001953125,"Indonesia"
2010-02-15,9326.7001953125,9360.400390625,9244,9344.7998046875,0,9344.7998046875,"Indonesia"
2010-02-16,9347.099609375,9352.099609375,9222,9292.900390625,0,9292.900390625,"Indonesia"
2010-02-17,9292.400390625,9411.099609375,9170,9400.599609375,0,9400.599609375,"Indonesia"
2010-02-18,9397.7998046875,9508.2001953125,9213,9499.7998046875,0,9499.7998046875,"Indonesia"
2010-02-19,9494.7998046875,9503.599609375,9255,9292.2001953125,0,9292.2001953125,"Indonesia"
2010-02-22,9282,9314.400390625,9195,9281.7001953125,0,9281.7001953125,"Indonesia"
2010-02-23,9278.900390625,9359.2998046875,9203,9341.7998046875,0,9341.7998046875,"Indonesia"
2010-02-24,9342.5,9367.5,9205,9352.2998046875,0,9352.2998046875,"Indonesia"
2010-02-25,9350.2998046875,9414.599609375,9243,9335.2001953125,0,9335.2001953125,"Indonesia"
2010-02-26,9334,9358.900390625,9235,9340,0,9340,"Indonesia"
2010-03-01,9332.7998046875,9452.7001953125,9165,9385.099609375,0,9385.099609375,"Indonesia"
2010-03-02,9387.2998046875,9475.599609375,9184.400390625,9184.400390625,0,9184.400390625,"Indonesia"
2010-03-03,9184,9330.9501953125,9109.2998046875,9149.2998046875,0,9149.2998046875,"Indonesia"
2010-03-04,9151,9345.2001953125,9142.400390625,9328.900390625,0,9328.900390625,"Indonesia"
2010-03-05,9328.2001953125,9361.599609375,8895.7001953125,8898.400390625,0,8898.400390625,"Indonesia"
2010-03-08,8888,9209.9501953125,8850.900390625,9180,0,9180,"Indonesia"
2010-03-09,9180,9231.599609375,9099,9173.099609375,0,9173.099609375,"Indonesia"
2010-03-10,9170.099609375,9208.2998046875,9065,9169.900390625,0,9169.900390625,"Indonesia"
2010-03-11,9167.5,9239.9501953125,9095,9152.900390625,0,9152.900390625,"Indonesia"
2010-03-12,9153,9191.4501953125,9060,9144.7001953125,0,9144.7001953125,"Indonesia"
2010-03-15,9140.400390625,9226.599609375,9065,9205.900390625,0,9205.900390625,"Indonesia"
2010-03-16,9207.599609375,9216.7001953125,9065,9151.7998046875,0,9151.7998046875,"Indonesia"
2010-03-17,9151.400390625,9176.7001953125,9007,9099.5,0,9099.5,"Indonesia"
2010-03-18,9099.599609375,9196.2001953125,9018,9120.2998046875,0,9120.2998046875,"Indonesia"
2010-03-19,9120.599609375,9191.900390625,9005,9110.400390625,0,9110.400390625,"Indonesia"
2010-03-22,9124.5,9154.400390625,9021,9115.400390625,0,9115.400390625,"Indonesia"
2010-03-23,9114.099609375,9174.2001953125,9010,9144.599609375,0,9144.599609375,"Indonesia"
2010-03-24,9143.7998046875,9232.7001953125,9017,9114.7001953125,0,9114.7001953125,"Indonesia"
2010-03-25,9115.7998046875,9156,9017,9132.599609375,0,9132.599609375,"Indonesia"
2010-03-26,9131.900390625,9137.9501953125,9020,9112.900390625,0,9112.900390625,"Indonesia"
2010-03-28,9087.599609375,9116.4501953125,8989,9073,0,9073,"Indonesia"
2010-03-29,9074.400390625,9129.2998046875,8970,9075.400390625,0,9075.400390625,"Indonesia"
2010-03-30,9073.400390625,9163.9501953125,9000.099609375,9103,0,9103,"Indonesia"
2010-03-31,9101.900390625,9131.7998046875,8962,9041.400390625,0,9041.400390625,"Indonesia"
2010-04-01,9040.400390625,9112.5,8972,9094.900390625,0,9094.900390625,"Indonesia"
2010-04-04,9100.2998046875,9122.2998046875,8972,9052.7998046875,0,9052.7998046875,"Indonesia"
2010-04-05,9052.2998046875,9141.2998046875,8945,9037.2998046875,0,9037.2998046875,"Indonesia"
2010-04-06,9037.7001953125,9083.7001953125,8938,9054.5,0,9054.5,"Indonesia"
2010-04-07,9056.5,9096.400390625,8968,9057.7001953125,0,9057.7001953125,"Indonesia"
2010-04-08,9057.2001953125,9068.7998046875,8928,8992.900390625,0,8992.900390625,"Indonesia"
2010-04-11,8903.900390625,9024.7998046875,8870.7001953125,9011,0,9011,"Indonesia"
2010-04-12,9011.2998046875,9038.5,8935,9009.5,0,9009.5,"Indonesia"
2010-04-13,9005,9016.2998046875,8911,9011.400390625,0,9011.400390625,"Indonesia"
2010-04-14,9011.400390625,9097.599609375,8906,9001.099609375,0,9001.099609375,"Indonesia"
2010-04-15,8999.7998046875,9049.599609375,8916,9006.099609375,0,9006.099609375,"Indonesia"
2010-04-18,9014.7998046875,9060.099609375,8933,9016.400390625,0,9016.400390625,"Indonesia"
2010-04-19,9016.099609375,9048.2001953125,8920,9017.7998046875,0,9017.7998046875,"Indonesia"
2010-04-20,9018.099609375,9064.400390625,8910,9023.2998046875,0,9023.2998046875,"Indonesia"
2010-04-21,9023.2998046875,9105.599609375,8920,9104.2998046875,0,9104.2998046875,"Indonesia"
2010-04-22,9104,9149.2998046875,8914,9004,0,9004,"Indonesia"
2010-04-25,9020.900390625,9061.5,8905,8961.900390625,0,8961.900390625,"Indonesia"
2010-04-26,8959.7001953125,9113.2001953125,8906,9096.099609375,0,9096.099609375,"Indonesia"
2010-04-27,9095.400390625,9109.900390625,8924,9022.400390625,0,9022.400390625,"Indonesia"
2010-04-28,9022.7998046875,9039.900390625,8924,9002.5,0,9002.5,"Indonesia"
2010-04-29,9001.900390625,9047.7001953125,8912,9028.7001953125,0,9028.7001953125,"Indonesia"
2010-05-02,9011.5,9122.7001953125,8929,9021.099609375,0,9021.099609375,"Indonesia"
2010-05-03,9019.7001953125,9117.7001953125,8923,9069.7001953125,0,9069.7001953125,"Indonesia"
2010-05-04,9069.5,9183.2001953125,9000,9116.5,0,9116.5,"Indonesia"
2010-05-05,9114.900390625,9353.7998046875,9087.7998046875,9273.400390625,0,9273.400390625,"Indonesia"
2010-05-06,9272.2998046875,9299.9501953125,9090,9220.2998046875,0,9220.2998046875,"Indonesia"
2010-05-09,9131.5,9214.099609375,8975,9203.2001953125,0,9203.2001953125,"Indonesia"
2010-05-10,9202.599609375,9280.2001953125,8989,9186.7001953125,0,9186.7001953125,"Indonesia"
2010-05-11,9181.599609375,9201.2001953125,8985,9179,0,9179,"Indonesia"
2010-05-12,9183,9250.400390625,8985,9103.7001953125,0,9103.7001953125,"Indonesia"
2010-05-13,9104.2998046875,9228,8990,9104.2001953125,0,9104.2001953125,"Indonesia"
2010-05-16,9095.7001953125,9191.099609375,9030,9078.7998046875,0,9078.7998046875,"Indonesia"
2010-05-17,9081,9297.599609375,9005,9283.5,0,9283.5,"Indonesia"
2010-05-18,9280.099609375,9308.2001953125,9055,9123.900390625,0,9123.900390625,"Indonesia"
2010-05-19,9125,9236.900390625,9038.5,9121.099609375,0,9121.099609375,"Indonesia"
2010-05-20,9121.5,9342.4501953125,8988.2998046875,9260.599609375,0,9260.599609375,"Indonesia"
2010-05-23,9282.7998046875,9418.2998046875,9230,9282.400390625,0,9282.400390625,"Indonesia"
2010-05-24,9283.400390625,9544.7001953125,9253.099609375,9283.900390625,0,9283.900390625,"Indonesia"
2010-05-25,9283.7001953125,9391.099609375,9235,9376.2001953125,0,9376.2001953125,"Indonesia"
2010-05-26,9379.599609375,9383.599609375,9135,9215,0,9215,"Indonesia"
2010-05-27,9216.5,9300.099609375,9140.599609375,9295.599609375,0,9295.599609375,"Indonesia"
2010-05-30,9291.7998046875,9296,9062,9284.599609375,0,9284.599609375,"Indonesia"
2010-05-31,9285,9415.599609375,9105,9245.099609375,0,9245.099609375,"Indonesia"
2010-06-01,9244,9282.2998046875,9125,9242.099609375,0,9242.099609375,"Indonesia"
2010-06-02,9242.2998046875,9277.2998046875,9085,9237.5,0,9237.5,"Indonesia"
2010-06-03,9235.900390625,9363.5,9080,9282.7001953125,0,9282.7001953125,"Indonesia"
2010-06-06,9308,9352.099609375,9155,9318.099609375,0,9318.099609375,"Indonesia"
2010-06-07,9320.099609375,9332.599609375,9150,9223.400390625,0,9223.400390625,"Indonesia"
2010-06-08,9224.2001953125,9295.2998046875,9146.599609375,9281.2001953125,0,9281.2001953125,"Indonesia"
2010-06-09,9283.599609375,9308,9145,9193.400390625,0,9193.400390625,"Indonesia"
2010-06-10,9194.900390625,9241.599609375,9100,9196.599609375,0,9196.599609375,"Indonesia"
2010-06-13,9169.2998046875,9208.900390625,9056.7998046875,9205.2001953125,0,9205.2001953125,"Indonesia"
2010-06-14,9205.7001953125,9240.599609375,9080,9141,0,9141,"Indonesia"
2010-06-15,9141.5,9182.7001953125,9058,9163.2998046875,0,9163.2998046875,"Indonesia"
2010-06-16,9161.7998046875,9210.400390625,9053,9142.900390625,0,9142.900390625,"Indonesia"
2010-06-17,9141.2001953125,9158.900390625,9018,9071.5,0,9071.5,"Indonesia"
2010-06-20,9059,9113.7998046875,8910,8997.900390625,0,8997.900390625,"Indonesia"
2010-06-21,8997,9039,8925,9012,0,9012,"Indonesia"
2010-06-22,9013.5,9069.9501953125,8945,8979.5,0,8979.5,"Indonesia"
2010-06-23,8978.400390625,9076.7001953125,8931.2001953125,9065.5,0,9065.5,"Indonesia"
2010-06-24,9068.7998046875,9125.7998046875,8955,9065.599609375,0,9065.599609375,"Indonesia"
2010-06-27,9060.400390625,9108.099609375,8923,9059.099609375,0,9059.099609375,"Indonesia"
2010-06-28,9060.5,9150,8940,9077.099609375,0,9077.099609375,"Indonesia"
2010-06-29,9074.5,9090.2001953125,8975,9044.7998046875,0,9044.7998046875,"Indonesia"
2010-06-30,9043.7001953125,9068.900390625,8870.900390625,9035.7001953125,0,9035.7001953125,"Indonesia"
2010-07-01,9036.599609375,9088.7001953125,8955,9062.7001953125,0,9062.7001953125,"Indonesia"
2010-07-04,9071.5,9104.7001953125,8963,9085.099609375,0,9085.099609375,"Indonesia"
2010-07-05,9083.5,9122.599609375,8960,9023.599609375,0,9023.599609375,"Indonesia"
2010-07-06,9027.5,9080.099609375,8970,9060.2998046875,0,9060.2998046875,"Indonesia"
2010-07-07,9059.7001953125,9072.4501953125,8970,9044.900390625,0,9044.900390625,"Indonesia"
2010-07-08,9044.599609375,9099.400390625,8960,9034.099609375,0,9034.099609375,"Indonesia"
2010-07-11,9031.599609375,9098.2001953125,8951,9072.099609375,0,9072.099609375,"Indonesia"
2010-07-12,9071.7998046875,9118.400390625,8953,8977.900390625,0,8977.900390625,"Indonesia"
2010-07-13,8977.2998046875,9050.4501953125,8940.7001953125,9018.7998046875,0,9018.7998046875,"Indonesia"
2010-07-14,9019.400390625,9074,8897,9037.400390625,0,9037.400390625,"Indonesia"
2010-07-15,9041.2001953125,9080.7001953125,8950,9034,0,9034,"Indonesia"
2010-07-18,9053.2001953125,9079.5,8965,9079.5,0,9079.5,"Indonesia"
2010-07-19,9072.2001953125,9139.400390625,8958,9037.7001953125,0,9037.7001953125,"Indonesia"
2010-07-20,9036.2998046875,9113.599609375,8953,9090.599609375,0,9090.599609375,"Indonesia"
2010-07-21,9090.599609375,9108,8963,8995.5,0,8995.5,"Indonesia"
2010-07-22,8995.5,9065.7998046875,8949,8977.5,0,8977.5,"Indonesia"
2010-07-25,8993,9042.9501953125,8912,8917.099609375,0,8917.099609375,"Indonesia"
2010-07-26,8920.900390625,9022.4501953125,8885.2001953125,8921.900390625,0,8921.900390625,"Indonesia"
2010-07-27,8920.900390625,9039.7001953125,8889.7001953125,9025,0,9025,"Indonesia"
2010-07-28,9023,9033.2998046875,8875,8970.599609375,0,8970.599609375,"Indonesia"
2010-07-29,8971.2998046875,9035.2001953125,8852,8923.599609375,0,8923.599609375,"Indonesia"
2010-08-01,8909.900390625,8947.4501953125,8818.7001953125,8831.7998046875,0,8831.7998046875,"Indonesia"
2010-08-02,8832.5,8945,8775.599609375,8798.2998046875,0,8798.2998046875,"Indonesia"
2010-08-03,8798.099609375,8947.4501953125,8789.400390625,8798.099609375,0,8798.099609375,"Indonesia"
2010-08-04,8940.099609375,8966.2001953125,8838,8942.099609375,0,8942.099609375,"Indonesia"
2010-08-05,8927.400390625,8943.4501953125,8833.5,8925.7998046875,0,8925.7998046875,"Indonesia"
2010-08-08,8863.2998046875,8935,8831,8863.5,0,8863.5,"Indonesia"
2010-08-09,8937,9034.2998046875,8855,8935.599609375,0,8935.599609375,"Indonesia"
2010-08-10,8881.7998046875,9093.7001953125,8872,8883.2998046875,0,8883.2998046875,"Indonesia"
2010-08-11,9005.099609375,9044.7998046875,8904,9005.7001953125,0,9005.7001953125,"Indonesia"
2010-08-12,9027.5,9078.2001953125,8869,9026.7998046875,0,9026.7998046875,"Indonesia"
2010-08-15,8954.599609375,8992.4501953125,8880,8954.7001953125,0,8954.7001953125,"Indonesia"
2010-08-16,8925.099609375,8929.599609375,8856.7001953125,8924.599609375,0,8924.599609375,"Indonesia"
2010-08-17,8879.7998046875,8974.9501953125,8853.400390625,8880.2001953125,0,8880.2001953125,"Indonesia"
2010-08-18,8894.7001953125,8969.9501953125,8863,8896.099609375,0,8896.099609375,"Indonesia"
2010-08-19,8929.099609375,9024.900390625,8867,8928.599609375,0,8928.599609375,"Indonesia"
2010-08-22,8999.2998046875,9014.599609375,8867,8997.900390625,0,8997.900390625,"Indonesia"
2010-08-23,8867,8977,8867,8867,0,8867,"Indonesia"
2010-08-24,8973.4501953125,8977.4501953125,8878,8977.4501953125,0,8977.4501953125,"Indonesia"
2010-08-25,8979.9501953125,8990,8879,8878,0,8878,"Indonesia"
2010-08-26,8986.9501953125,9010,8887,8987.4501953125,0,8987.4501953125,"Indonesia"
2010-08-29,9017.4501953125,9017.4501953125,8918,9014.9501953125,0,9014.9501953125,"Indonesia"
2010-08-30,9029.9501953125,9045.4501953125,8949,8918,0,8918,"Indonesia"
2010-08-31,9014.7001953125,9035.9501953125,8899.5,9014.2001953125,0,9014.2001953125,"Indonesia"
2010-09-01,9005.7001953125,9020.5,8908,9004.900390625,0,9004.900390625,"Indonesia"
2010-09-02,8990.599609375,9017.4501953125,8904,8991,0,8991,"Indonesia"
2010-09-05,8982,8998.7001953125,8886,8982.2998046875,0,8982.2998046875,"Indonesia"
2010-09-06,9000.099609375,9115.2001953125,8915,8999.2001953125,0,8999.2001953125,"Indonesia"
2010-09-07,9032,9037.900390625,8903,9032,0,9032,"Indonesia"
2010-09-08,9005.900390625,9050,8900,9005.900390625,0,9005.900390625,"Indonesia"
2010-09-09,9035.5,9066.2998046875,8900,9032.900390625,0,9032.900390625,"Indonesia"
2010-09-12,9013.7001953125,9016.2001953125,8900,9016.900390625,0,9016.900390625,"Indonesia"
2010-09-13,8996.900390625,9025.400390625,8858,8997.7001953125,0,8997.7001953125,"Indonesia"
2010-09-14,8988.400390625,9010.599609375,8876,8987.2998046875,0,8987.2998046875,"Indonesia"
2010-09-15,8975.2998046875,8999.7001953125,8886,8974.599609375,0,8974.599609375,"Indonesia"
2010-09-16,8933.400390625,8986.4501953125,8879.400390625,8931,0,8931,"Indonesia"
2010-09-19,8971.7001953125,8982.4501953125,8878,8970.7001953125,0,8970.7001953125,"Indonesia"
2010-09-20,8980.7998046875,8987.5,8868,8982.400390625,0,8982.400390625,"Indonesia"
2010-09-21,8877.7998046875,8960.4501953125,8762.5,8875.2998046875,0,8875.2998046875,"Indonesia"
2010-09-22,8917,8969,8853,8918.400390625,0,8918.400390625,"Indonesia"
2010-09-23,8966.2998046875,8985.900390625,8853,8965.599609375,0,8965.599609375,"Indonesia"
2010-09-26,8858.900390625,8953.4501953125,8845.7998046875,8859.400390625,0,8859.400390625,"Indonesia"
2010-09-27,8971.400390625,9005.7001953125,8851,8971.400390625,0,8971.400390625,"Indonesia"
2010-09-28,8954.7998046875,8956.2001953125,8838,8952.2001953125,0,8952.2001953125,"Indonesia"
2010-09-29,8930.7001953125,8969.599609375,8822,8931.7998046875,0,8931.7998046875,"Indonesia"
2010-09-30,8934.099609375,8937.400390625,8823,8934.7001953125,0,8934.7001953125,"Indonesia"
2010-10-03,8921,8992.7998046875,8822,8920.099609375,0,8920.099609375,"Indonesia"
2010-10-04,8933,8955.2001953125,8821.7001953125,8933,0,8933,"Indonesia"
2010-10-05,8829.400390625,8924.9501953125,8778.2001953125,8829.7001953125,0,8829.7001953125,"Indonesia"
2010-10-06,8870.5,8925.9501953125,8808.900390625,8871.5,0,8871.5,"Indonesia"
2010-10-07,8914.2001953125,8960.099609375,8823,8912.900390625,0,8912.900390625,"Indonesia"
2010-10-10,8882.2001953125,8941.400390625,8823,8887,0,8887,"Indonesia"
2010-10-11,8995.900390625,9056.400390625,8830,8995.2998046875,0,8995.2998046875,"Indonesia"
2010-10-12,8911.599609375,8928,8825,8910.2998046875,0,8910.2998046875,"Indonesia"
2010-10-13,8877.599609375,8910.900390625,8785.2998046875,8878.099609375,0,8878.099609375,"Indonesia"
2010-10-14,8906.400390625,8951.2001953125,8823,8904.2001953125,0,8904.2001953125,"Indonesia"
2010-10-17,8945.400390625,9030.400390625,8831,8949,0,8949,"Indonesia"
2010-10-18,8947.7001953125,9051.7998046875,8826,8948.7998046875,0,8948.7998046875,"Indonesia"
2010-10-19,8962.900390625,8989.099609375,8806.7998046875,8965.400390625,0,8965.400390625,"Indonesia"
2010-10-20,8819.400390625,8937.4501953125,8768.2001953125,8820,0,8820,"Indonesia"
2010-10-21,8849.5,8937.4501953125,8816.099609375,8849.5,0,8849.5,"Indonesia"
2010-10-24,8910.2998046875,8928.4501953125,8823.7001953125,8908.2998046875,0,8908.2998046875,"Indonesia"
2010-10-25,8941.599609375,8993.2001953125,8810,8933.599609375,0,8933.599609375,"Indonesia"
2010-10-26,8914.400390625,8973.2998046875,8835,8913.7001953125,0,8913.7001953125,"Indonesia"
2010-10-27,8925.2998046875,8937.9501953125,8832.900390625,8923.7998046875,0,8923.7998046875,"Indonesia"
2010-10-28,8925.2998046875,8932,8823.400390625,8923.7998046875,0,8923.7998046875,"Indonesia"
2010-11-01,891.900024414062,8932.900390625,885.780029296875,888.109985351562,0,888.109985351562,"Indonesia"
2010-11-02,8907.900390625,8927.9501953125,8820.900390625,8906.7001953125,0,8906.7001953125,"Indonesia"
2010-11-03,8830.099609375,8854.099609375,8813.900390625,8827.900390625,0,8827.900390625,"Indonesia"
2010-11-04,8768,8908.9501953125,8688.400390625,8772.599609375,0,8772.599609375,"Indonesia"
2010-11-05,8902.4501953125,8904.9501953125,8794.099609375,8909.9501953125,0,8909.9501953125,"Indonesia"
2010-11-08,8900.9501953125,8914.4501953125,8792.900390625,8900,0,8900,"Indonesia"
2010-11-09,8913.4501953125,8913.4501953125,8795.2998046875,8904.4501953125,0,8904.4501953125,"Indonesia"
2010-11-10,8907.4501953125,8912.4501953125,8779,8805,0,8805,"Indonesia"
2010-11-11,8886.4501953125,8895,8769.2001953125,8779.599609375,0,8779.599609375,"Indonesia"
2010-11-12,8909.9501953125,8925,8814,8798,0,8798,"Indonesia"
2010-11-15,8930.4501953125,8950,8772.2998046875,8924.4501953125,0,8924.4501953125,"Indonesia"
2010-11-16,8971.9501953125,8971.9501953125,8834.400390625,8967.4501953125,0,8967.4501953125,"Indonesia"
2010-11-17,8846,8846,8834.2998046875,8856,0,8856,"Indonesia"
2010-11-18,8969.9501953125,8969.9501953125,8832.2001953125,8846,0,8846,"Indonesia"
2010-11-19,8936.4501953125,8938.9501953125,8806.599609375,8843,0,8843,"Indonesia"
2010-11-22,8927.4501953125,8928,8819.900390625,8748.2001953125,0,8748.2001953125,"Indonesia"
2010-11-23,8939.9501953125,8970,8860.2001953125,8929.4501953125,0,8929.4501953125,"Indonesia"
2010-11-24,8989.9501953125,8989.9501953125,8832.099609375,8966.2998046875,0,8966.2998046875,"Indonesia"
2010-11-25,8957.4501953125,8969.9501953125,8854.900390625,8962.4501953125,0,8962.4501953125,"Indonesia"
2010-11-26,8964.9501953125,8995,8874.900390625,8967.4501953125,0,8967.4501953125,"Indonesia"
2010-11-29,9042.9501953125,9042.9501953125,8900.599609375,9000,0,9000,"Indonesia"
2010-11-30,9027.4501953125,9034.9501953125,8918.7001953125,9015.4501953125,0,9015.4501953125,"Indonesia"
2010-12-01,9038.4501953125,9041.4501953125,8901.2998046875,9033.9501953125,0,9033.9501953125,"Indonesia"
2010-12-02,9004.9501953125,9024.4501953125,8900.2001953125,9018.4501953125,0,9018.4501953125,"Indonesia"
2010-12-03,9009.9501953125,9018.4501953125,8904.7998046875,8916,0,8916,"Indonesia"
2010-12-06,9002.4501953125,9010.9501953125,8890.5,9017.4501953125,0,9017.4501953125,"Indonesia"
2010-12-07,9005,9005,8881.400390625,9009.9501953125,0,9009.9501953125,"Indonesia"
2010-12-08,9018.4501953125,9021,8907.099609375,8990,0,8990,"Indonesia"
2010-12-09,9013.9501953125,9015.4501953125,8888.099609375,9020,0,9020,"Indonesia"
2010-12-10,9014.9501953125,9016.9501953125,8833.599609375,9018,0,9018,"Indonesia"
2010-12-13,9022.4501953125,9022.4501953125,8879.599609375,9021.9501953125,0,9021.9501953125,"Indonesia"
2010-12-14,9014.9501953125,9014.9501953125,8872.599609375,9015,0,9015,"Indonesia"
2010-12-15,9015.4501953125,9019.4501953125,8909.7001953125,9009.4501953125,0,9009.4501953125,"Indonesia"
2010-12-16,9034.9501953125,9038.9501953125,8921.2001953125,9022.4501953125,0,9022.4501953125,"Indonesia"
2010-12-17,9039.9501953125,9039.9501953125,8920.2998046875,8938,0,8938,"Indonesia"
2010-12-20,9042.4501953125,9048,8928.900390625,9034.4501953125,0,9034.4501953125,"Indonesia"
2010-12-21,9044.4501953125,9044.4501953125,8928.2001953125,8943,0,8943,"Indonesia"
2010-12-22,9048.9501953125,9051.9501953125,8883.5,9041.9501953125,0,9041.9501953125,"Indonesia"
2010-12-23,9047.9501953125,9048.4501953125,8927.7998046875,9041.599609375,0,9041.599609375,"Indonesia"
2010-12-24,9037,9037,8841.2998046875,9038.900390625,0,9038.900390625,"Indonesia"
2010-12-27,9037.4501953125,9041.4501953125,8939,9041.9501953125,0,9041.9501953125,"Indonesia"
2010-12-28,9036.4501953125,9036.4501953125,8903.2001953125,8939,0,8939,"Indonesia"
2010-12-29,9019.9501953125,9019.9501953125,8911,9017.4501953125,0,9017.4501953125,"Indonesia"
2010-12-30,8984.9501953125,8987,8879.099609375,9001.4501953125,0,9001.4501953125,"Indonesia"
2010-12-31,8997.4501953125,9005,8835.5,8886,0,8886,"Indonesia"
2011-01-03,8975,8980,8855.900390625,9009.9501953125,0,9009.9501953125,"Indonesia"
2011-01-04,8979.9501953125,8980,8860,8989.9501953125,0,8989.9501953125,"Indonesia"
2011-01-05,8980.9501953125,8990.9501953125,8856.599609375,8886,0,8886,"Indonesia"
2011-01-06,8990.4501953125,8996.4501953125,8882.2998046875,8983.9501953125,0,8983.9501953125,"Indonesia"
2011-01-07,9005.4501953125,9015,8907,9015.7998046875,0,9015.7998046875,"Indonesia"
2011-01-10,9024.9501953125,9055,8955,9027.4501953125,0,9027.4501953125,"Indonesia"
2011-01-11,9081.4501953125,9088.9501953125,8913.7998046875,9050.9501953125,0,9050.9501953125,"Indonesia"
2011-01-12,9043.9501953125,9049.4501953125,8843.7001953125,8935.7001953125,0,8935.7001953125,"Indonesia"
2011-01-13,9024.9501953125,9039.9501953125,8903,9040,0,9040,"Indonesia"
2011-01-14,9062.4501953125,9064.4501953125,8939.900390625,9049.9501953125,0,9049.9501953125,"Indonesia"
2011-01-17,9065,9065,8947.5,8901.7998046875,0,8901.7998046875,"Indonesia"
2011-01-18,9064.9501953125,9069.4501953125,8941.900390625,9060,0,9060,"Indonesia"
2011-01-19,9047.4501953125,9049.9501953125,8938.7001953125,9053.9501953125,0,9053.9501953125,"Indonesia"
2011-01-20,9067.9501953125,9069.4501953125,8948.7001953125,8948,0,8948,"Indonesia"
2011-01-21,8916.599609375,9060,8851.2001953125,8911.2001953125,0,8911.2001953125,"Indonesia"
2011-01-24,9059.9501953125,9062.4501953125,8952.2001953125,8947.599609375,0,8947.599609375,"Indonesia"
2011-01-25,9053.9501953125,9053.9501953125,8927.599609375,9050,0,9050,"Indonesia"
2011-01-26,9042.4501953125,9042.4501953125,8923.2998046875,9036.4501953125,0,9036.4501953125,"Indonesia"
2011-01-27,9029.9501953125,9033.4501953125,8908.900390625,8920.599609375,0,8920.599609375,"Indonesia"
2011-01-28,9034.9501953125,9035.4501953125,8918.400390625,9026.9501953125,0,9026.9501953125,"Indonesia"
2011-01-31,9059.9501953125,9061.9501953125,8938.2001953125,8935.599609375,0,8935.599609375,"Indonesia"
2011-02-01,9039.9501953125,9044.9501953125,8929.099609375,8958,0,8958,"Indonesia"
2011-02-02,9007.4501953125,9020.4501953125,8912.2998046875,9000,0,9000,"Indonesia"
2011-02-03,9020,9020,8851.5,9020.9501953125,0,9020.9501953125,"Indonesia"
2011-02-04,9029.9501953125,9032.4501953125,8881.2998046875,8921,0,8921,"Indonesia"
2011-02-07,8985.4501953125,8987.9501953125,8841.400390625,8852.2998046875,0,8852.2998046875,"Indonesia"
2011-02-08,8934.9501953125,8934.9501953125,8803,8823.599609375,0,8823.599609375,"Indonesia"
2011-02-09,8914.9501953125,8932,8820,8900,0,8900,"Indonesia"
2011-02-10,8937.4501953125,8937.4501953125,8817.099609375,8929.9501953125,0,8929.9501953125,"Indonesia"
2011-02-11,8933.4501953125,8937.4501953125,8822.5,8925,0,8925,"Indonesia"
2011-02-14,8922.4501953125,8922.4501953125,8800.599609375,8763.7001953125,0,8763.7001953125,"Indonesia"
2011-02-15,8914.4501953125,8914.4501953125,8803.400390625,8914.4501953125,0,8914.4501953125,"Indonesia"
2011-02-16,8900.4501953125,8903.4501953125,8783.5,8815,0,8815,"Indonesia"
2011-02-17,8882.4501953125,8885,8777.099609375,8894.9501953125,0,8894.9501953125,"Indonesia"
2011-02-18,8877.4501953125,8877.4501953125,8747,8780,0,8780,"Indonesia"
2011-02-21,8854.9501953125,8854.9501953125,8750,8610.2001953125,0,8610.2001953125,"Indonesia"
2011-02-22,8869.9501953125,8882,8765.7998046875,8750,0,8750,"Indonesia"
2011-02-23,8866.4501953125,8866.4501953125,8676.7001953125,8876.4501953125,0,8876.4501953125,"Indonesia"
2011-02-24,8854.9501953125,8878,8760,8872,0,8872,"Indonesia"
2011-02-25,8857.4501953125,8864.9501953125,8813.7998046875,8865,0,8865,"Indonesia"
2011-02-28,8829.9501953125,8829.9501953125,8781,8841.4501953125,0,8841.4501953125,"Indonesia"
2011-03-01,8811.4501953125,8820,8798,8821.4501953125,0,8821.4501953125,"Indonesia"
2011-03-02,8819.9501953125,8826.4501953125,8785,8798,0,8798,"Indonesia"
2011-03-03,8805.4501953125,8810.4501953125,8776.400390625,8812.4501953125,0,8812.4501953125,"Indonesia"
2011-03-04,8793.9501953125,8793.9501953125,8760,8805.4501953125,0,8805.4501953125,"Indonesia"
2011-03-07,8789.9501953125,8793.4501953125,8759,8616.2998046875,0,8616.2998046875,"Indonesia"
2011-03-08,8784.9501953125,8790.4501953125,8655.400390625,8785.9501953125,0,8785.9501953125,"Indonesia"
2011-03-09,8782.4501953125,8785.4501953125,8743.599609375,8786,0,8786,"Indonesia"
2011-03-10,8774.4501953125,8784,8753,8760,0,8760,"Indonesia"
2011-03-11,8788.9501953125,8788.9501953125,8749.7001953125,8783.4501953125,0,8783.4501953125,"Indonesia"
2011-03-14,8774.9501953125,8775.4501953125,8740,8776.9501953125,0,8776.9501953125,"Indonesia"
2011-03-15,8757.4501953125,8787.4501953125,8748.900390625,8762.4501953125,0,8762.4501953125,"Indonesia"
2011-03-16,8787.4501953125,8787.4501953125,8748.7001953125,8775,0,8775,"Indonesia"
2011-03-17,8794.9501953125,8797.9501953125,8753.2001953125,8760.5,0,8760.5,"Indonesia"
2011-03-18,8773.4501953125,8785.4501953125,8745,8770,0,8770,"Indonesia"
2011-03-21,8764.9501953125,8764.9501953125,8580,8584.2001953125,0,8584.2001953125,"Indonesia"
2011-03-22,8712.9501953125,8721,8519.900390625,8720,0,8720,"Indonesia"
2011-03-23,8724.9501953125,8726.4501953125,8693,8721,0,8721,"Indonesia"
2011-03-24,8722.4501953125,8728.4501953125,8690.7998046875,8721.4501953125,0,8721.4501953125,"Indonesia"
2011-03-25,8709.9501953125,8714,8528.2998046875,8710,0,8710,"Indonesia"
2011-03-27,8634.2001953125,8719.4501953125,8518.5,8633.7998046875,0,8633.7998046875,"Indonesia"
2011-03-28,8720.2001953125,8726.099609375,8663.2998046875,8718.2001953125,0,8718.2001953125,"Indonesia"
2011-03-29,8688.7998046875,8714.9501953125,8547.2998046875,8688.900390625,0,8688.900390625,"Indonesia"
2011-03-30,8698.5,8709.4501953125,8533.599609375,8700,0,8700,"Indonesia"
2011-03-31,8718.5,8721.900390625,8534.2001953125,8718.5,0,8718.5,"Indonesia"
2011-04-03,8665.900390625,8679.4501953125,8480.400390625,8665.900390625,0,8665.900390625,"Indonesia"
2011-04-04,8646.5,8671.4501953125,8505.7998046875,8645.900390625,0,8645.900390625,"Indonesia"
2011-04-05,8654.400390625,8659.9501953125,8467,8653.2998046875,0,8653.2998046875,"Indonesia"
2011-04-06,8638.099609375,8675,8491.900390625,8636.7001953125,0,8636.7001953125,"Indonesia"
2011-04-07,8643.099609375,8660.9501953125,8582.599609375,8643.099609375,0,8643.099609375,"Indonesia"
2011-04-10,8617.2998046875,8654.2001953125,8496.900390625,8616.7001953125,0,8616.7001953125,"Indonesia"
2011-04-11,8656.7001953125,8688.2001953125,8466.2998046875,8655.400390625,0,8655.400390625,"Indonesia"
2011-04-12,8618.599609375,8671.9501953125,8495.5,8617.099609375,0,8617.099609375,"Indonesia"
2011-04-13,8668,8688.7001953125,8612.7001953125,8668.5,0,8668.5,"Indonesia"
2011-04-14,NA,NA,NA,NA,NA,NA,"Indonesia"
2011-04-17,8636.400390625,8674.099609375,8506,8637.900390625,0,8637.900390625,"Indonesia"
2011-04-18,8658.7998046875,8687.4501953125,8503.2998046875,8657.7001953125,0,8657.7001953125,"Indonesia"
2011-04-19,8665.900390625,8667.900390625,8597.900390625,8667.400390625,0,8667.400390625,"Indonesia"
2011-04-20,8634.2001953125,8637.4501953125,8437.2998046875,8633.599609375,0,8633.599609375,"Indonesia"
2011-04-21,8641.7001953125,8651.2001953125,8620.5,8640.5,0,8640.5,"Indonesia"
2011-04-24,8623.2001953125,8641.7001953125,8584.2998046875,8622.900390625,0,8622.900390625,"Indonesia"
2011-04-25,8617.599609375,8682.4501953125,8494.2998046875,8623.5,0,8623.5,"Indonesia"
2011-04-26,8615,8636,8459.7001953125,8616.400390625,0,8616.400390625,"Indonesia"
2011-04-27,8566.7998046875,8601,8428.400390625,8566.2998046875,0,8566.2998046875,"Indonesia"
2011-04-28,8553.5,8574.7998046875,8399.099609375,8553.2998046875,0,8553.2998046875,"Indonesia"
2011-05-01,8561.5,8580.5,8499.599609375,8568.400390625,0,8568.400390625,"Indonesia"
2011-05-02,8562.2998046875,8591.099609375,8351.099609375,8561.400390625,0,8561.400390625,"Indonesia"
2011-05-03,8560.2001953125,8590.5,8380.099609375,8558.900390625,0,8558.900390625,"Indonesia"
2011-05-04,8536.5,8568.4501953125,8403.599609375,8535.599609375,0,8535.599609375,"Indonesia"
2011-05-05,8582.599609375,8586.4501953125,8419.2998046875,8580.099609375,0,8580.099609375,"Indonesia"
2011-05-08,8625.5,8625.5,8495.099609375,8618.2998046875,0,8618.2998046875,"Indonesia"
2011-05-09,8522,8583.2001953125,8364.7998046875,8522,0,8522,"Indonesia"
2011-05-10,8527,8552.2998046875,8479.5,8530.900390625,0,8530.900390625,"Indonesia"
2011-05-11,8584.599609375,8596.7001953125,8377.2001953125,8586.2001953125,0,8586.2001953125,"Indonesia"
2011-05-12,8551.5,8594.400390625,8493.599609375,8549.099609375,0,8549.099609375,"Indonesia"
2011-05-15,8555.099609375,8570,8410.7998046875,8553,0,8553,"Indonesia"
2011-05-16,8592.900390625,8609,8518.2001953125,8592.400390625,0,8592.400390625,"Indonesia"
2011-05-17,8374.099609375,8561.4501953125,8364,8372.7001953125,0,8372.7001953125,"Indonesia"
2011-05-18,8540.2998046875,8558.7001953125,8385.099609375,8540.900390625,0,8540.900390625,"Indonesia"
2011-05-19,8549.9501953125,8558,8363.2001953125,8552,0,8552,"Indonesia"
2011-05-22,8559.9501953125,8580,8410.599609375,8419.5,0,8419.5,"Indonesia"
2011-05-23,8574.9501953125,8574.9501953125,8405.7998046875,8600,0,8600,"Indonesia"
2011-05-24,8569.9501953125,8605,8430.2998046875,8405.7998046875,0,8405.7998046875,"Indonesia"
2011-05-25,8575.4501953125,8579,8417.099609375,8591.9501953125,0,8591.9501953125,"Indonesia"
2011-05-26,8573.4501953125,8573.4501953125,8400.5,8575,0,8575,"Indonesia"
2011-05-29,8553.4501953125,8553.4501953125,8382.7001953125,8559.9501953125,0,8559.9501953125,"Indonesia"
2011-05-30,8533.9501953125,8539,8377.2998046875,8544.4501953125,0,8544.4501953125,"Indonesia"
2011-05-31,8539.9501953125,8544,8508.400390625,8537.900390625,0,8537.900390625,"Indonesia"
2011-06-01,8387.7998046875,8511,8387.7998046875,8540,0,8540,"Indonesia"
2011-06-02,8536.4501953125,8538.4501953125,8362.400390625,8540.099609375,0,8540.099609375,"Indonesia"
2011-06-05,8509.4501953125,8510,8276.7001953125,8520.4501953125,0,8520.4501953125,"Indonesia"
2011-06-06,8519.9501953125,8531.4501953125,8359,8500,0,8500,"Indonesia"
2011-06-07,8520.4501953125,8523.4501953125,8490,8515.4501953125,0,8515.4501953125,"Indonesia"
2011-06-08,8519.9501953125,8526,8357.7998046875,8490.599609375,0,8490.599609375,"Indonesia"
2011-06-09,8519.9501953125,8520.4501953125,8355,8520,0,8520,"Indonesia"
2011-06-12,8530.4501953125,8563.900390625,8380.2998046875,8517.4501953125,0,8517.4501953125,"Indonesia"
2011-06-13,8537.4501953125,8542.9501953125,8339.099609375,8539.4501953125,0,8539.4501953125,"Indonesia"
2011-06-14,8530.4501953125,8550,8382.2001953125,8533.9501953125,0,8533.9501953125,"Indonesia"
2011-06-15,8572.4501953125,8610,8560,8521.599609375,0,8521.599609375,"Indonesia"
2011-06-16,8594.9501953125,8600,8556.400390625,8610,0,8610,"Indonesia"
2011-06-19,8580.4501953125,8614,8443.099609375,8386.7998046875,0,8386.7998046875,"Indonesia"
2011-06-20,8593.4501953125,8607,8381.900390625,8611.400390625,0,8611.400390625,"Indonesia"
2011-06-21,8596.4501953125,8600.4501953125,8430.2998046875,8600,0,8600,"Indonesia"
2011-06-22,8606.4501953125,8606.4501953125,8573,8580,0,8580,"Indonesia"
2011-06-23,8602.4501953125,8604,8572.900390625,8599.9501953125,0,8599.9501953125,"Indonesia"
2011-06-26,8612.4501953125,8629,8446.2998046875,8599.9501953125,0,8599.9501953125,"Indonesia"
2011-06-27,8620.4501953125,8626,8457.099609375,8625,0,8625,"Indonesia"
2011-06-28,8592,8603,8451.400390625,8620,0,8620,"Indonesia"
2011-06-29,8599.9501953125,8599.9501953125,8550.400390625,8616.9501953125,0,8616.9501953125,"Indonesia"
2011-06-30,8571.4501953125,8571.4501953125,8388.099609375,8568,0,8568,"Indonesia"
2011-07-03,8521.9501953125,8523.9501953125,8364.599609375,8545.4501953125,0,8545.4501953125,"Indonesia"
2011-07-04,8541.4501953125,8542.4501953125,8379.7998046875,8522.4501953125,0,8522.4501953125,"Indonesia"
2011-07-05,8532.4501953125,8539,8380.7001953125,8537.4501953125,0,8537.4501953125,"Indonesia"
2011-07-06,8542.4501953125,8542.4501953125,8375.7998046875,8535.2998046875,0,8535.2998046875,"Indonesia"
2011-07-07,8524.9501953125,8526.4501953125,8485.599609375,8533.4501953125,0,8533.4501953125,"Indonesia"
2011-07-10,8525.9501953125,8525.9501953125,8417.900390625,8512.4501953125,0,8512.4501953125,"Indonesia"
2011-07-11,8539.9501953125,8573,8403.400390625,8525.9501953125,0,8525.9501953125,"Indonesia"
2011-07-12,8559.9501953125,8563.9501953125,8388.5,8566.9501953125,0,8566.9501953125,"Indonesia"
2011-07-13,8542.4501953125,8542.4501953125,8503,8550,0,8550,"Indonesia"
2011-07-14,8529.9501953125,8548,8507,8531.9501953125,0,8531.9501953125,"Indonesia"
2011-07-17,8557.4501953125,8564,8387.2001953125,8366.099609375,0,8366.099609375,"Indonesia"
2011-07-18,8544.9501953125,8560.9501953125,8384.400390625,8563.599609375,0,8563.599609375,"Indonesia"
2011-07-19,8545.9501953125,8545.9501953125,8516,8540,0,8540,"Indonesia"
2011-07-20,8535.9501953125,8541,8347.5,8530,0,8530,"Indonesia"
2011-07-21,8527.4501953125,8529,8501.099609375,8537,0,8537,"Indonesia"
2011-07-24,8526.4501953125,8531.4501953125,8362.2998046875,8526.9501953125,0,8526.9501953125,"Indonesia"
2011-07-25,8525.4501953125,8525.4501953125,8474.099609375,8522.9501953125,0,8522.9501953125,"Indonesia"
2011-07-26,8489.9501953125,8491.4501953125,8322.2998046875,8500,0,8500,"Indonesia"
2011-07-27,8500.4501953125,8509.4501953125,8385.2001953125,8482,0,8482,"Indonesia"
2011-07-28,8511.4501953125,8511.4501953125,8473.099609375,8495,0,8495,"Indonesia"
2011-07-31,8490.4501953125,8490.4501953125,8300.900390625,8499.9501953125,0,8499.9501953125,"Indonesia"
2011-08-01,8458.4501953125,8470,8273.599609375,8433.599609375,0,8433.599609375,"Indonesia"
2011-08-02,8483.9501953125,8492.4501953125,8298.2001953125,8467.4501953125,0,8467.4501953125,"Indonesia"
2011-08-03,8416.5,8490,8416.5,8325.2001953125,0,8325.2001953125,"Indonesia"
2011-08-04,8504.9501953125,8565,8351.7001953125,8472.400390625,0,8472.400390625,"Indonesia"
2011-08-07,8519.9501953125,8551.4501953125,8249.599609375,8514.9501953125,0,8514.9501953125,"Indonesia"
2011-08-08,8543.4501953125,8555,8515.5,8478.2998046875,0,8478.2998046875,"Indonesia"
2011-08-09,8524.9501953125,8533,8331.7001953125,8517.599609375,0,8517.599609375,"Indonesia"
2011-08-10,8544.9501953125,8555,8506.2998046875,8500.2998046875,0,8500.2998046875,"Indonesia"
2011-08-11,8534.4501953125,8555,8379.400390625,8509.2998046875,0,8509.2998046875,"Indonesia"
2011-08-14,8534.9501953125,8542.9501953125,8290.5,8542.9501953125,0,8542.9501953125,"Indonesia"
2011-08-15,8524.9501953125,8528,8320.599609375,8292.7001953125,0,8292.7001953125,"Indonesia"
2011-08-16,8525,8525,8385.900390625,8358.7001953125,0,8358.7001953125,"Indonesia"
2011-08-17,8529.9501953125,8562.2001953125,8508.900390625,8374.2001953125,0,8374.2001953125,"Indonesia"
2011-08-18,8530,8540,8387.400390625,8560,0,8560,"Indonesia"
2011-08-21,8548.9501953125,8554.4501953125,8503.400390625,8339.2998046875,0,8339.2998046875,"Indonesia"
2011-08-22,8543.4501953125,8555,8378.2001953125,8537,0,8537,"Indonesia"
2011-08-23,8536.9501953125,8554,8388.2998046875,8543,0,8543,"Indonesia"
2011-08-24,8569.9501953125,8600,8553.7998046875,8550,0,8550,"Indonesia"
2011-08-25,8574.9501953125,8579.9501953125,8374.900390625,8600,0,8600,"Indonesia"
2011-08-28,8528,8528,8314.099609375,8532.9501953125,0,8532.9501953125,"Indonesia"
2011-08-29,8508,8508,8373.7001953125,8520,0,8520,"Indonesia"
2011-08-30,8528,8528,8354.7998046875,8532.9501953125,0,8532.9501953125,"Indonesia"
2011-08-31,8508,8509,8495,8532.9501953125,0,8532.9501953125,"Indonesia"
2011-09-01,8528,8528,8370.2001953125,8490,0,8490,"Indonesia"
2011-09-04,8538.4501953125,8539.9501953125,8379.5,8402,0,8402,"Indonesia"
2011-09-05,8564.4501953125,8573.4501953125,8386.900390625,8379.5,0,8379.5,"Indonesia"
2011-09-06,8569.9501953125,8576.4501953125,8380.599609375,8552.9501953125,0,8552.9501953125,"Indonesia"
2011-09-07,8559.9501953125,8571.4501953125,8407.599609375,8535,0,8535,"Indonesia"
2011-09-08,8574.9501953125,8574.9501953125,8542.599609375,8567.9501953125,0,8567.9501953125,"Indonesia"
2011-09-11,8584.9501953125,8615,8431.099609375,8491.7001953125,0,8491.7001953125,"Indonesia"
2011-09-12,8617.4501953125,8645,8587.5,8572.2998046875,0,8572.2998046875,"Indonesia"
2011-09-13,8644.9501953125,8750,8644.9501953125,8631,0,8631,"Indonesia"
2011-09-14,8769.9501953125,8810,8715,8719.9501953125,0,8719.9501953125,"Indonesia"
2011-09-15,8774.9501953125,8800,8598.400390625,8809,0,8809,"Indonesia"
2011-09-18,8804.9501953125,8870,8804.9501953125,8764.9501953125,0,8764.9501953125,"Indonesia"
2011-09-19,8869.9501953125,9025,8812.7001953125,8822.400390625,0,8822.400390625,"Indonesia"
2011-09-20,8880,8950,8701.599609375,8812.7001953125,0,8812.7001953125,"Indonesia"
2011-09-21,8987.4501953125,9045,8722.5,8840.900390625,0,8840.900390625,"Indonesia"
2011-09-22,8709.9501953125,8905,8659.9501953125,8762.9501953125,0,8762.9501953125,"Indonesia"
2011-09-25,8824.9501953125,9084.5,8824.9501953125,8779.9501953125,0,8779.9501953125,"Indonesia"
2011-09-26,9054.9501953125,9054.9501953125,8735.900390625,9080,0,9080,"Indonesia"
2011-09-27,8844.9501953125,8969.9501953125,8844.9501953125,8904.9501953125,0,8904.9501953125,"Indonesia"
2011-09-28,8949.9501953125,8960,8827.099609375,8889.9501953125,0,8889.9501953125,"Indonesia"
2011-09-29,8807.4501953125,9025,8619.599609375,8952.599609375,0,8952.599609375,"Indonesia"
2011-10-02,8809.9501953125,8973,8723.599609375,8789.9501953125,0,8789.9501953125,"Indonesia"
2011-10-03,8914.9501953125,8950,8730.099609375,8897.4501953125,0,8897.4501953125,"Indonesia"
2011-10-04,8935,8960,8880.5,8622,0,8622,"Indonesia"
2011-10-05,8829.9501953125,8944.9501953125,8739.7001953125,8956.2998046875,0,8956.2998046875,"Indonesia"
2011-10-06,8954.9501953125,8974.9501953125,89,8890,0,8890,"Indonesia"
2011-10-09,8959.9501953125,8960,8724.2001953125,8897.4501953125,0,8897.4501953125,"Indonesia"
2011-10-10,8899.9501953125,8944.9501953125,8740.5,8892.4501953125,0,8892.4501953125,"Indonesia"
2011-10-11,8909.9501953125,8945,8857.599609375,8717,0,8717,"Indonesia"
2011-10-12,8874.9501953125,8919.9501953125,8843.2998046875,8857.599609375,0,8857.599609375,"Indonesia"
2011-10-13,8894.9501953125,8894.9501953125,8679.5,8869.9501953125,0,8869.9501953125,"Indonesia"
2011-10-16,8844.9501953125,8845,8623.599609375,8637.599609375,0,8637.599609375,"Indonesia"
2011-10-17,8844.9501953125,8875,8651.2001953125,8880.2001953125,0,8880.2001953125,"Indonesia"
2011-10-18,8844.9501953125,8852.4501953125,8634.5,8880,0,8880,"Indonesia"
2011-10-19,8829.9501953125,8875.7001953125,8795.900390625,8840.7998046875,0,8840.7998046875,"Indonesia"
2011-10-20,8859.9501953125,8882.4501953125,8832.900390625,8824.9501953125,0,8824.9501953125,"Indonesia"
2011-10-23,8864.9501953125,8889.9501953125,8812.7001953125,8859.9501953125,0,8859.9501953125,"Indonesia"
2011-10-24,8864.9501953125,8864.9501953125,8681.400390625,8839.9501953125,0,8839.9501953125,"Indonesia"
2011-10-25,8849.9501953125,8880,8707.7998046875,8849.9501953125,0,8849.9501953125,"Indonesia"
2011-10-26,8886.4501953125,8888,8705.099609375,8872.9501953125,0,8872.9501953125,"Indonesia"
2011-10-27,8824.9501953125,8835.9501953125,8762.7998046875,8854.599609375,0,8854.599609375,"Indonesia"
2011-10-31,8834.9501953125,8860,8689.599609375,8624.2001953125,0,8624.2001953125,"Indonesia"
2011-11-01,8892.4501953125,8894.9501953125,8733,8825.599609375,0,8825.599609375,"Indonesia"
2011-11-02,8909.9501953125,8970,8764,8866.5,0,8866.5,"Indonesia"
2011-11-03,8982.4501953125,8982.4501953125,8941.7001953125,8900.7001953125,0,8900.7001953125,"Indonesia"
2011-11-04,8954.9501953125,8959.9501953125,8792.900390625,8943.599609375,0,8943.599609375,"Indonesia"
2011-11-07,8973.9501953125,8985,8927.5,8949.9501953125,0,8949.9501953125,"Indonesia"
2011-11-08,8949.9501953125,8949.9501953125,8751,8954.9501953125,0,8954.9501953125,"Indonesia"
2011-11-09,8920.4501953125,8925,8861.7001953125,8915,0,8915,"Indonesia"
2011-11-10,8932.4501953125,9030,8932.4501953125,8889.9501953125,0,8889.9501953125,"Indonesia"
2011-11-11,8974.9501953125,9009.9501953125,8788,8969.9501953125,0,8969.9501953125,"Indonesia"
2011-11-14,8928,8928,8726.400390625,8967.9501953125,0,8967.9501953125,"Indonesia"
2011-11-15,8979.9501953125,8995,8822.7998046875,8964.9501953125,0,8964.9501953125,"Indonesia"
2011-11-16,9029.9501953125,9037.4501953125,8965,8994.9501953125,0,8994.9501953125,"Indonesia"
2011-11-17,9039.9501953125,9039.9501953125,8843.099609375,8993.4501953125,0,8993.4501953125,"Indonesia"
2011-11-18,9047.4501953125,9054.9501953125,8991.5,8972.7001953125,0,8972.7001953125,"Indonesia"
2011-11-21,9034.9501953125,9069.9501953125,8855.900390625,9019.9501953125,0,9019.9501953125,"Indonesia"
2011-11-22,9034.9501953125,9055.4501953125,8880.900390625,9024.9501953125,0,9024.9501953125,"Indonesia"
2011-11-23,9039.9501953125,9069.9501953125,9012.5,9044.9501953125,0,9044.9501953125,"Indonesia"
2011-11-24,9097.4501953125,9190,8822.7001953125,9016.900390625,0,9016.900390625,"Indonesia"
2011-11-25,9009.9501953125,9125.5,9004.9501953125,8962.400390625,0,8962.400390625,"Indonesia"
2011-11-28,9079.9501953125,9165,9076.7998046875,9054.9501953125,0,9054.9501953125,"Indonesia"
2011-11-29,9180,9180,9120.5,9114.9501953125,0,9114.9501953125,"Indonesia"
2011-11-30,9179.9501953125,9179.9501953125,9080.900390625,9120.5,0,9120.5,"Indonesia"
2011-12-01,9074.9501953125,9100,8820.2998046875,9076.7001953125,0,9076.7001953125,"Indonesia"
2011-12-02,9097.4501953125,9107.4501953125,8826.2998046875,8994.9501953125,0,8994.9501953125,"Indonesia"
2011-12-05,9064.9501953125,9074.9501953125,8864.5,9014.9501953125,0,9014.9501953125,"Indonesia"
2011-12-06,9054.9501953125,9087.4501953125,9006.7998046875,9016.599609375,0,9016.599609375,"Indonesia"
2011-12-07,9077.4501953125,9079.9501953125,8862.5,9034.9501953125,0,9034.9501953125,"Indonesia"
2011-12-08,9059.9501953125,9084.9501953125,8824.2001953125,9027.400390625,0,9027.400390625,"Indonesia"
2011-12-09,9072.4501953125,9090,9020.2001953125,8994.9501953125,0,8994.9501953125,"Indonesia"
2011-12-12,9084.9501953125,9084.9501953125,8873.2998046875,9035.7001953125,0,9035.7001953125,"Indonesia"
2011-12-13,9090,9090,8912.400390625,9049.9501953125,0,9049.9501953125,"Indonesia"
2011-12-14,9080,9200,8908.400390625,9112.099609375,0,9112.099609375,"Indonesia"
2011-12-15,9134.9501953125,9189.9501953125,9036.599609375,9100,0,9100,"Indonesia"
2011-12-16,9059.9501953125,9085,8854.7001953125,9089.9501953125,0,9089.9501953125,"Indonesia"
2011-12-19,9081.2998046875,9103.7998046875,8891.599609375,9016.5,0,9016.5,"Indonesia"
2011-12-20,9130.7998046875,9130.7998046875,8908.900390625,9114.2998046875,0,9114.2998046875,"Indonesia"
2011-12-21,9131.400390625,9131.400390625,9040.7998046875,9047.599609375,0,9047.599609375,"Indonesia"
2011-12-22,9131.599609375,9131.599609375,9035.099609375,9043.5,0,9043.5,"Indonesia"
2011-12-23,8869.2998046875,9050,8869.2998046875,9136.5,0,9136.5,"Indonesia"
2011-12-26,9038.400390625,9038.400390625,9038.400390625,9040,0,9040,"Indonesia"
2011-12-27,9126.5,9126.5,8897.900390625,9038.400390625,0,9038.400390625,"Indonesia"
2011-12-28,9155.400390625,9155.400390625,8896.7001953125,9062,0,9062,"Indonesia"
2011-12-29,9132.099609375,9132.099609375,9042.7998046875,9044.400390625,0,9044.400390625,"Indonesia"
2011-12-30,9141.099609375,9141.099609375,8887.5,8854.7998046875,0,8854.7998046875,"Indonesia"
2012-01-02,9095.099609375,9095.099609375,8903.7998046875,9055,0,9055,"Indonesia"
2012-01-03,9070,9106,9070,8903.7998046875,0,8903.7998046875,"Indonesia"
2012-01-04,8964.2001953125,9150.7998046875,8964.2001953125,9115,0,9115,"Indonesia"
2012-01-05,9125,9133,9085.7998046875,9115.7998046875,0,9115.7998046875,"Indonesia"
2012-01-06,9105,9131.400390625,9065,9110,0,9110,"Indonesia"
2012-01-09,9158.7001953125,9160.7998046875,8967.400390625,9058.400390625,0,9058.400390625,"Indonesia"
2012-01-10,9168.2998046875,9168.2998046875,8976.2998046875,9146,0,9146,"Indonesia"
2012-01-11,9173.7001953125,9200,9130.400390625,9145,0,9145,"Indonesia"
2012-01-12,9129.2001953125,9174,9129.2001953125,9190,0,9190,"Indonesia"
2012-01-13,9125.400390625,9125.400390625,9049.2001953125,9150,0,9150,"Indonesia"
2012-01-16,9165.5,9165.5,9100,9052.900390625,0,9052.900390625,"Indonesia"
2012-01-17,9168,9168,8906.599609375,9099.900390625,0,9099.900390625,"Indonesia"
2012-01-18,9130.2001953125,9130.2001953125,9000.599609375,9070,0,9070,"Indonesia"
2012-01-19,9044.2998046875,9044.2998046875,8798.2001953125,9008.099609375,0,9008.099609375,"Indonesia"
2012-01-20,8946.400390625,8946.400390625,8757.900390625,8945,0,8945,"Indonesia"
2012-01-23,8940,8940.5,8915.7001953125,8920,0,8920,"Indonesia"
2012-01-24,8973.099609375,8975,8821.7998046875,8920,0,8920,"Indonesia"
2012-01-25,9006.599609375,9006.599609375,8860,8958,0,8958,"Indonesia"
2012-01-26,8936.5,8936.5,8786.7998046875,9050.599609375,0,9050.599609375,"Indonesia"
2012-01-27,8970,8970,8818.2998046875,9074,0,9074,"Indonesia"
2012-01-30,8968.400390625,9010,8960.7998046875,8952,0,8952,"Indonesia"
2012-01-31,9024,9024,8811.099609375,9074,0,9074,"Indonesia"
2012-02-01,9024,9024,8811.099609375,8981.900390625,0,8981.900390625,"Indonesia"
2012-02-02,8893.599609375,8915,8781.900390625,8980,0,8980,"Indonesia"
2012-02-03,8970,8970,8798,8958.7998046875,0,8958.7998046875,"Indonesia"
2012-02-06,8963,8963,8808.2001953125,8928.099609375,0,8928.099609375,"Indonesia"
2012-02-07,8969.2001953125,8969.2001953125,8909.900390625,892,0,892,"Indonesia"
2012-02-08,8960,8960,8710.2001953125,8930,0,8930,"Indonesia"
2012-02-09,8880,8960,8772.7998046875,8851.5,0,8851.5,"Indonesia"
2012-02-10,8965,9049.5,8816,8920,0,8920,"Indonesia"
2012-02-13,8813.5,9035,8813.5,8965,0,8965,"Indonesia"
2012-02-14,9012.7998046875,9012.7998046875,8831,8971.5,0,8971.5,"Indonesia"
2012-02-15,9016.400390625,9016.7001953125,8779.099609375,8998,0,8998,"Indonesia"
2012-02-16,8970,9010,8834.2001953125,8930,0,8930,"Indonesia"
2012-02-17,8935,9012,8935,8980,0,8980,"Indonesia"
2012-02-20,9008,9008,8970,8983.2001953125,0,8983.2001953125,"Indonesia"
2012-02-21,9015,9045,9011.599609375,8971.599609375,0,8971.599609375,"Indonesia"
2012-02-22,9016.7998046875,9040,8877,9030,0,9030,"Indonesia"
2012-02-23,9058.5,9058.5,9016.400390625,9040,0,9040,"Indonesia"
2012-02-24,9047.5,9047.5,8872.5,9040,0,9040,"Indonesia"
2012-02-27,9135,9135,8949.7998046875,9020.900390625,0,9020.900390625,"Indonesia"
2012-02-28,9121.900390625,9140,8857.2001953125,9105,0,9105,"Indonesia"
2012-02-29,9070,9070,8842,9005,0,9005,"Indonesia"
2012-03-01,9050,9085,8905.400390625,9010,0,9010,"Indonesia"
2012-03-02,9085,9085,8920.2001953125,9055,0,9055,"Indonesia"
2012-03-05,9114.9501953125,9129.9501953125,8946.900390625,9055,0,9055,"Indonesia"
2012-03-06,9152.4501953125,9175,9109,9113,0,9113,"Indonesia"
2012-03-07,9184.9501953125,9189.9501953125,8934.2001953125,9115,0,9115,"Indonesia"
2012-03-08,9115,9148,9100.2998046875,9085,0,9085,"Indonesia"
2012-03-09,9124.9501953125,9135,8959.5,9105,0,9105,"Indonesia"
2012-03-12,9162.4501953125,9162.4501953125,8981.5,9132.4501953125,0,9132.4501953125,"Indonesia"
2012-03-13,9164.9501953125,9165,8989.7001953125,9133,0,9133,"Indonesia"
2012-03-14,9163,9189.9501953125,8995.099609375,9133,0,9133,"Indonesia"
2012-03-15,9165.2001953125,9200,8994.7001953125,9163,0,9163,"Indonesia"
2012-03-16,9182.4501953125,9182.4501953125,8953.099609375,9163,0,9163,"Indonesia"
2012-03-19,9139.9501953125,9170,8949.2001953125,9120,0,9120,"Indonesia"
2012-03-20,9159.9501953125,9172,8982.5,9110,0,9110,"Indonesia"
2012-03-21,9151.5,9177.4501953125,8968.7001953125,9145,0,9145,"Indonesia"
2012-03-22,9116.5,9185,8981.599609375,9145,0,9145,"Indonesia"
2012-03-23,9128.599609375,9220,8983.7001953125,9220,0,9220,"Indonesia"
2012-03-25,9164.9501953125,9183,8998.400390625,9150,0,9150,"Indonesia"
2012-03-26,9182.4501953125,9185,9129.2001953125,9150,0,9150,"Indonesia"
2012-03-27,9184.9501953125,9187.4501953125,8976.2001953125,9150,0,9150,"Indonesia"
2012-03-28,9154.7998046875,9193.4501953125,9136.7998046875,9150,0,9150,"Indonesia"
2012-03-29,9135.2998046875,9183.9501953125,9115.400390625,9150,0,9150,"Indonesia"
2012-04-01,9162.4501953125,9173.7001953125,9111.5,9112,0,9112,"Indonesia"
2012-04-02,9112.7001953125,9155.4501953125,8949.900390625,9118,0,9118,"Indonesia"
2012-04-03,9159.9501953125,9165,8967.099609375,9136,0,9136,"Indonesia"
2012-04-04,9128.900390625,9160,9065,9133,0,9133,"Indonesia"
2012-04-05,9160,9200.099609375,9160,9085,0,9085,"Indonesia"
2012-04-08,9149.9501953125,9160,9109.9501953125,9085,0,9085,"Indonesia"
2012-04-09,9164.9501953125,9192,9121,9151.5,0,9151.5,"Indonesia"
2012-04-10,9164.9501953125,9192,8979.599609375,9149,0,9149,"Indonesia"
2012-04-11,9172.4501953125,9180,9132.5,9149,0,9149,"Indonesia"
2012-04-12,9173.9501953125,9211.5,8966.2001953125,9149,0,9149,"Indonesia"
2012-04-15,9174.9501953125,9198.400390625,8998.5,9139.9501953125,0,9139.9501953125,"Indonesia"
2012-04-16,9178.9501953125,9180,9004.900390625,9155,0,9155,"Indonesia"
2012-04-17,9173,9177,8998.900390625,9155,0,9155,"Indonesia"
2012-04-18,9179.9501953125,9182,9003.599609375,9155,0,9155,"Indonesia"
2012-04-19,9184.9501953125,9184.9501953125,9155.400390625,9154,0,9154,"Indonesia"
2012-04-22,9180.9501953125,9187,9013.400390625,9143.7001953125,0,9143.7001953125,"Indonesia"
2012-04-23,9193.9501953125,9199.2001953125,9163.099609375,9163,0,9163,"Indonesia"
2012-04-24,9184.9501953125,9202.7998046875,9022.900390625,9163,0,9163,"Indonesia"
2012-04-25,9195.4501953125,9197.4501953125,9012.2001953125,9163,0,9163,"Indonesia"
2012-04-26,9188.9501953125,9192.9501953125,9160.2001953125,9156.7001953125,0,9156.7001953125,"Indonesia"
2012-04-29,9189.9501953125,9193.4501953125,9017.2001953125,9188.9501953125,0,9188.9501953125,"Indonesia"
2012-04-30,9192.4501953125,9204.7998046875,9181.2998046875,9168,0,9168,"Indonesia"
2012-05-01,9185,9218,9021.5,9181.2998046875,0,9181.2998046875,"Indonesia"
2012-05-02,9195,9256.5,9161.099609375,9165,0,9165,"Indonesia"
2012-05-03,9195,9236,9013.5,9165,0,9165,"Indonesia"
2012-05-06,9207.4501953125,9267.7998046875,9020.2001953125,9047.599609375,0,9047.599609375,"Indonesia"
2012-05-07,9193.5,9220,9016.7001953125,9170,0,9170,"Indonesia"
2012-05-08,9205,9260,9054.7001953125,9166,0,9166,"Indonesia"
2012-05-09,9252.4501953125,9257.4501953125,9150.400390625,9213,0,9213,"Indonesia"
2012-05-10,9184.9501953125,9272.5,9012.5,9170,0,9170,"Indonesia"
2012-05-13,9200,9260,9056.900390625,9165,0,9165,"Indonesia"
2012-05-14,9259.9501953125,9284.900390625,9060.7001953125,9238,0,9238,"Indonesia"
2012-05-15,9246.400390625,9296.099609375,9060.2001953125,9238,0,9238,"Indonesia"
2012-05-16,9237,9320,9200.7998046875,9238,0,9238,"Indonesia"
2012-05-17,9237,9350,9048.2998046875,9217,0,9217,"Indonesia"
2012-05-20,9217,9360,9217,8995.2001953125,0,8995.2001953125,"Indonesia"
2012-05-21,9269.9501953125,9360,9046.599609375,9243,0,9243,"Indonesia"
2012-05-22,9196.7001953125,9328,9079.400390625,9210,0,9210,"Indonesia"
2012-05-23,9249.7001953125,9440,9085.7998046875,9255,0,9255,"Indonesia"
2012-05-24,9284.9501953125,9450,9104.2001953125,9255,0,9255,"Indonesia"
2012-05-27,9324.9501953125,9375,9090.7001953125,9287.4501953125,0,9287.4501953125,"Indonesia"
2012-05-28,9364.9501953125,9550,9364.9501953125,9265,0,9265,"Indonesia"
2012-05-29,9355,9581.599609375,9229.099609375,9370,0,9370,"Indonesia"
2012-05-30,9404.5,9567.4501953125,9367.7998046875,9410,0,9410,"Indonesia"
2012-05-31,9368.5,9450,9270.2998046875,9375,0,9375,"Indonesia"
2012-06-03,9412.4501953125,9475,9135.7998046875,9387.4501953125,0,9387.4501953125,"Indonesia"
2012-06-04,9370.599609375,9464.9501953125,9370.599609375,9375,0,9375,"Indonesia"
2012-06-05,9383.400390625,9485,9115.2001953125,9378,0,9378,"Indonesia"
2012-06-06,9343,9416.5,9340.2001953125,9275,0,9275,"Indonesia"
2012-06-07,9389.9501953125,9448.2001953125,9360,9355,0,9355,"Indonesia"
2012-06-10,9394.9501953125,9432.4501953125,9371.7998046875,9384.9501953125,0,9384.9501953125,"Indonesia"
2012-06-11,9410,9443,9221.2001953125,9380,0,9380,"Indonesia"
2012-06-12,9434.9501953125,9460,9237.900390625,9405,0,9405,"Indonesia"
2012-06-13,9442.4501953125,9461,9237.5,9395,0,9395,"Indonesia"
2012-06-14,9430,9469.9501953125,9355,9395,0,9395,"Indonesia"
2012-06-17,9394.9501953125,9447.599609375,9355.5,9293,0,9293,"Indonesia"
2012-06-18,9356.2001953125,9450,9356.2001953125,9357.599609375,0,9357.599609375,"Indonesia"
2012-06-19,9374.900390625,9475,9374.900390625,9375.599609375,0,9375.599609375,"Indonesia"
2012-06-20,9391,9486.2998046875,9391,9391,0,9391,"Indonesia"
2012-06-21,9400,9500.900390625,9398.900390625,9399.400390625,0,9399.400390625,"Indonesia"
2012-06-24,9454.9501953125,9480.4501953125,9355,9437.4501953125,0,9437.4501953125,"Indonesia"
2012-06-25,9409.7998046875,9475,9409,9409.7998046875,0,9409.7998046875,"Indonesia"
2012-06-26,9409.5,9490,9409.5,9409.400390625,0,9409.400390625,"Indonesia"
2012-06-27,9414.7001953125,9486.099609375,9413.7998046875,9413.900390625,0,9413.900390625,"Indonesia"
2012-06-28,9415.7998046875,9479.9501953125,9358.7001953125,9415.2998046875,0,9415.2998046875,"Indonesia"
2012-07-01,9372.4501953125,9412.9501953125,9343.5,9368,0,9368,"Indonesia"
2012-07-02,9377.4501953125,9427.4501953125,9305,9384.9501953125,0,9384.9501953125,"Indonesia"
2012-07-03,9322.5,9462.4501953125,9280,9334.9501953125,0,9334.9501953125,"Indonesia"
2012-07-04,9341.7998046875,9402.4501953125,9315,9344.9501953125,0,9344.9501953125,"Indonesia"
2012-07-05,9387.4501953125,9450,9343,9387.4501953125,0,9387.4501953125,"Indonesia"
2012-07-08,9409.9501953125,9439.9501953125,9295.2998046875,9441.9501953125,0,9441.9501953125,"Indonesia"
2012-07-09,9379.7998046875,9438,9379.7998046875,9379.7001953125,0,9379.7001953125,"Indonesia"
2012-07-10,9405,9464.9501953125,9382.400390625,9398.7001953125,0,9398.7001953125,"Indonesia"
2012-07-11,9383.099609375,9505,9383.099609375,9383.900390625,0,9383.900390625,"Indonesia"
2012-07-12,9414.099609375,9493.4501953125,9414.099609375,9414.900390625,0,9414.900390625,"Indonesia"
2012-07-15,9477.4501953125,9489.9501953125,9226.2001953125,9423,0,9423,"Indonesia"
2012-07-16,9418.7998046875,9478.9501953125,9408.2998046875,9419.599609375,0,9419.599609375,"Indonesia"
2012-07-17,9409.5,9465,9409.5,9409.2998046875,0,9409.2998046875,"Indonesia"
2012-07-18,9421.2998046875,9477.4501953125,9416.2001953125,9419.2001953125,0,9419.2001953125,"Indonesia"
2012-07-19,9416.400390625,9478,9416.400390625,9417.099609375,0,9417.099609375,"Indonesia"
2012-07-22,9477.4501953125,9492.4501953125,9423.400390625,9425,0,9425,"Indonesia"
2012-07-23,9425.2001953125,9487.4501953125,9425.2001953125,9423.2998046875,0,9423.2998046875,"Indonesia"
2012-07-24,9436.2998046875,9490,9436.2998046875,9436.5,0,9436.5,"Indonesia"
2012-07-25,9451,9500,9439.7998046875,9452.599609375,0,9452.599609375,"Indonesia"
2012-07-26,9447,9493,9421.2998046875,9446.2998046875,0,9446.2998046875,"Indonesia"
2012-07-29,9449.9501953125,9490,9424.099609375,9430,0,9430,"Indonesia"
2012-07-30,9424.7001953125,9480,9413.900390625,9424.2001953125,0,9424.2001953125,"Indonesia"
2012-07-31,9414.2001953125,9465,9410.599609375,9413.5,0,9413.5,"Indonesia"
2012-08-01,9412.2001953125,9477,9411.2001953125,9412.599609375,0,9412.599609375,"Indonesia"
2012-08-02,9437.400390625,9488.4501953125,9432.7998046875,9436.7001953125,0,9436.7001953125,"Indonesia"
2012-08-05,9454.9501953125,9475,9434.2001953125,9443,0,9443,"Indonesia"
2012-08-06,9435.2001953125,9473.4501953125,9434.5,9433.599609375,0,9433.599609375,"Indonesia"
2012-08-07,9437,9477.9501953125,9437,9437.2001953125,0,9437.2001953125,"Indonesia"
2012-08-08,9439.900390625,9482.9501953125,9439.7001953125,9439.599609375,0,9439.599609375,"Indonesia"
2012-08-09,9440.900390625,9476.9501953125,9440.900390625,9441.099609375,0,9441.099609375,"Indonesia"
2012-08-12,9482.4501953125,9484,9451.900390625,9477.4501953125,0,9477.4501953125,"Indonesia"
2012-08-13,9454.2998046875,9489.9501953125,9450.599609375,9454.2001953125,0,9454.2001953125,"Indonesia"
2012-08-14,9452.099609375,9500,9452.099609375,9451.599609375,0,9451.599609375,"Indonesia"
2012-08-15,9467.2001953125,9510,9441.400390625,9467,0,9467,"Indonesia"
2012-08-16,9459.2998046875,9505,9458.900390625,9459.5,0,9459.5,"Indonesia"
2012-08-19,9459.599609375,9500,9458.5,9489.9501953125,0,9489.9501953125,"Indonesia"
2012-08-20,9459.2001953125,9465,9459.2001953125,9459.2998046875,0,9459.2998046875,"Indonesia"
2012-08-21,9459,9462.400390625,9458.5,9465,0,9465,"Indonesia"
2012-08-22,9465.2001953125,9465.2001953125,9459.900390625,9465,0,9465,"Indonesia"
2012-08-23,9464.599609375,9481.099609375,9463.5,9463.2998046875,0,9463.2998046875,"Indonesia"
2012-08-26,9489.7001953125,9490.900390625,9484.099609375,9480,0,9480,"Indonesia"
2012-08-27,9485.400390625,9539.9501953125,9483.599609375,9485,0,9485,"Indonesia"
2012-08-28,9505.5,9568,9505.099609375,9505.400390625,0,9505.400390625,"Indonesia"
2012-08-29,9517.900390625,9572.4501953125,9513.900390625,9517.7001953125,0,9517.7001953125,"Indonesia"
2012-08-30,9514.099609375,9564.9501953125,9493.2998046875,9514.7998046875,0,9514.7998046875,"Indonesia"
2012-09-02,9562.4501953125,9589.9501953125,9495,9534.9501953125,0,9534.9501953125,"Indonesia"
2012-09-03,9505.5,9581.9501953125,9505.5,9505.400390625,0,9505.400390625,"Indonesia"
2012-09-04,9540.7998046875,9588,9538.599609375,9541.7001953125,0,9541.7001953125,"Indonesia"
2012-09-05,9540.400390625,9590,9533.2001953125,9540.400390625,0,9540.400390625,"Indonesia"
2012-09-06,9534.5,9592.4501953125,9527.2998046875,9535.7001953125,0,9535.7001953125,"Indonesia"
2012-09-09,9575,9580,9312.7998046875,9541.900390625,0,9541.900390625,"Indonesia"
2012-09-10,9547.2001953125,9589.4501953125,9547.2001953125,9547.900390625,0,9547.900390625,"Indonesia"
2012-09-11,9548.7001953125,9583.4501953125,9538.2001953125,9548.400390625,0,9548.400390625,"Indonesia"
2012-09-12,9539,9586.4501953125,9538.900390625,9538.599609375,0,9538.599609375,"Indonesia"
2012-09-13,9548.2998046875,9579.9501953125,9474.900390625,9548.599609375,0,9548.599609375,"Indonesia"
2012-09-16,9484.9501953125,9520.4501953125,9430,9480,0,9480,"Indonesia"
2012-09-17,9433.400390625,9525.099609375,9433.400390625,9434.7001953125,0,9434.7001953125,"Indonesia"
2012-09-18,9473.599609375,9549.4501953125,9473.599609375,9474,0,9474,"Indonesia"
2012-09-19,9509.2001953125,9560.599609375,9508.400390625,9508.7998046875,0,9508.7998046875,"Indonesia"
2012-09-20,9510.2998046875,9555,9510.2998046875,9510.599609375,0,9510.599609375,"Indonesia"
2012-09-23,9559.9501953125,9570,9531.2001953125,9520,0,9520,"Indonesia"
2012-09-24,9533.400390625,9582.4501953125,9533.400390625,9533.099609375,0,9533.099609375,"Indonesia"
2012-09-25,9546.099609375,9580,9545.7001953125,9545.400390625,0,9545.400390625,"Indonesia"
2012-09-26,9556,9620,9542.900390625,9555.599609375,0,9555.599609375,"Indonesia"
2012-09-27,9546.099609375,9588.4501953125,9539.400390625,9546.099609375,0,9546.099609375,"Indonesia"
2012-09-30,9589.9501953125,9590,9545.400390625,9569.9501953125,0,9569.9501953125,"Indonesia"
2012-10-01,9551.7998046875,9589.9501953125,9547.599609375,9550.2001953125,0,9550.2001953125,"Indonesia"
2012-10-02,9550.2998046875,9595,9550.2998046875,9551.400390625,0,9551.400390625,"Indonesia"
2012-10-03,9556.2998046875,9590,9555.400390625,9557.2001953125,0,9557.2001953125,"Indonesia"
2012-10-04,9560.5,9592.9501953125,9558.2998046875,9562.2998046875,0,9562.2998046875,"Indonesia"
2012-10-07,9589.4501953125,9589.4501953125,9559.900390625,9407.2001953125,0,9407.2001953125,"Indonesia"
2012-10-08,9562,9600,9561.400390625,9561.900390625,0,9561.900390625,"Indonesia"
2012-10-09,9562.2998046875,9607.4501953125,9561.5,9563.7001953125,0,9563.7001953125,"Indonesia"
2012-10-10,9563.7001953125,9621,9552.400390625,9562.099609375,0,9562.099609375,"Indonesia"
2012-10-11,9553.2998046875,9629,9548.2001953125,9553.7001953125,0,9553.7001953125,"Indonesia"
2012-10-14,9594.9501953125,9621.900390625,9560,9577.4501953125,0,9577.4501953125,"Indonesia"
2012-10-15,9561.400390625,9585,9554.900390625,9561.599609375,0,9561.599609375,"Indonesia"
2012-10-16,9555.599609375,9611,9544.099609375,9555.7001953125,0,9555.7001953125,"Indonesia"
2012-10-17,9544.5,9636.7001953125,9544.5,9545.5,0,9545.5,"Indonesia"
2012-10-18,9558.5,9619,9558.5,9559.400390625,0,9559.400390625,"Indonesia"
2012-10-21,9590,9619,9570.2998046875,9592.4501953125,0,9592.4501953125,"Indonesia"
2012-10-22,9576,9625.2001953125,9575.2001953125,9576.099609375,0,9576.099609375,"Indonesia"
2012-10-23,9578.400390625,9614.9501953125,9576.900390625,9579.2001953125,0,9579.2001953125,"Indonesia"
2012-10-24,9580.7001953125,9627,9575.2998046875,9581.5,0,9581.5,"Indonesia"
2012-10-25,9576.2998046875,9635.5,9534.599609375,9577.099609375,0,9577.099609375,"Indonesia"
2012-10-29,9622.4501953125,9622.4501953125,9575.599609375,9604.9501953125,0,9604.9501953125,"Indonesia"
2012-10-30,9577,9628,9575.7998046875,9575.599609375,0,9575.599609375,"Indonesia"
2012-10-31,9586.2998046875,9620,9574.7001953125,9586.2998046875,0,9586.2998046875,"Indonesia"
2012-11-01,9576.5,9628.4501953125,9576.5,9576.400390625,0,9576.400390625,"Indonesia"
2012-11-02,9589.7001953125,9629,9585.5,9591.5,0,9591.5,"Indonesia"
2012-11-05,9634.9501953125,9634.9501953125,9590,9469.2001953125,0,9469.2001953125,"Indonesia"
2012-11-06,9590.099609375,9637.4501953125,9588.5,9591.400390625,0,9591.400390625,"Indonesia"
2012-11-07,9591.099609375,9634.9501953125,9573.7001953125,9591,0,9591,"Indonesia"
2012-11-08,9574.7998046875,9637.4501953125,9574.7998046875,9575.7001953125,0,9575.7001953125,"Indonesia"
2012-11-09,9600.5,9632.4501953125,9588.900390625,9601.7998046875,0,9601.7998046875,"Indonesia"
2012-11-12,9637.4501953125,9637.4501953125,9589.2001953125,9443.599609375,0,9443.599609375,"Indonesia"
2012-11-13,9590.5,9636.4501953125,9590.5,9590.099609375,0,9590.099609375,"Indonesia"
2012-11-14,9595.599609375,9635,9594.7998046875,9595.400390625,0,9595.400390625,"Indonesia"
2012-11-15,9596.2001953125,9610,9594.2998046875,9595.2998046875,0,9595.2998046875,"Indonesia"
2012-11-16,9595.400390625,9640.2998046875,9593,9595.5,0,9595.5,"Indonesia"
2012-11-19,9636.4501953125,9638.9501953125,9573.099609375,9624.9501953125,0,9624.9501953125,"Indonesia"
2012-11-20,9603.400390625,9639.9501953125,9600.599609375,9600.2998046875,0,9600.2998046875,"Indonesia"
2012-11-21,9603.099609375,9642.4501953125,9603.099609375,9603.900390625,0,9603.900390625,"Indonesia"
2012-11-22,9606.2998046875,9638.4501953125,9597.400390625,9605.5,0,9605.5,"Indonesia"
2012-11-23,9598,9630,9581.599609375,9598,0,9598,"Indonesia"
2012-11-26,9610,9610,9564.900390625,9612.4501953125,0,9612.4501953125,"Indonesia"
2012-11-27,9571,9619.400390625,9552.5,9571.099609375,0,9571.099609375,"Indonesia"
2012-11-28,9570.2998046875,9589.5,9570.2998046875,9571.7001953125,0,9571.7001953125,"Indonesia"
2012-11-29,9571.099609375,9610,9570.400390625,9571.5,0,9571.5,"Indonesia"
2012-11-30,9570.2001953125,9610,9564.099609375,9571.400390625,0,9571.400390625,"Indonesia"
2012-12-03,9610,9610,9565.900390625,9569,0,9569,"Indonesia"
2012-12-04,NA,NA,NA,NA,NA,NA,"Indonesia"
2012-12-05,9572.2998046875,9615,9567.599609375,9573.599609375,0,9573.599609375,"Indonesia"
2012-12-06,9571.400390625,9647.099609375,9571.400390625,9570.7998046875,0,9570.7998046875,"Indonesia"
2012-12-07,9581,9640,9581,9580.900390625,0,9580.900390625,"Indonesia"
2012-12-10,9610,9610.7998046875,9599.400390625,9612.4501953125,0,9612.4501953125,"Indonesia"
2012-12-11,9601.7001953125,9650,9600.7998046875,9600.7998046875,0,9600.7998046875,"Indonesia"
2012-12-12,9606.099609375,9643.7001953125,9600.900390625,9606.099609375,0,9606.099609375,"Indonesia"
2012-12-13,9601.5,9620,9601.5,9601.7998046875,0,9601.7998046875,"Indonesia"
2012-12-14,9606.7998046875,9621.7001953125,9606,9606.099609375,0,9606.099609375,"Indonesia"
2012-12-17,9616,9616.400390625,9611.099609375,9612.4501953125,0,9612.4501953125,"Indonesia"
2012-12-18,9611.7998046875,9682.7998046875,9611.599609375,9611.7998046875,0,9611.7998046875,"Indonesia"
2012-12-19,9614.599609375,9639.599609375,9614.599609375,9615.7001953125,0,9615.7001953125,"Indonesia"
2012-12-20,9620.7998046875,9657,9620.7998046875,9622.2998046875,0,9622.2998046875,"Indonesia"
2012-12-21,9624.2998046875,9660,9623.599609375,9624,0,9624,"Indonesia"
2012-12-24,9628.599609375,9633,9628.400390625,9610,0,9610,"Indonesia"
2012-12-25,9628.599609375,9642.7998046875,9628,9632.7998046875,0,9632.7998046875,"Indonesia"
2012-12-26,9628.099609375,9697.2998046875,9628.099609375,9630.5,0,9630.5,"Indonesia"
2012-12-27,9627.900390625,9660,9627.900390625,9629,0,9629,"Indonesia"
2012-12-28,9634.400390625,9643.099609375,9608.2998046875,9633.900390625,0,9633.900390625,"Indonesia"
2012-12-31,9608.7998046875,9610.599609375,9608.2001953125,9612.4501953125,0,9612.4501953125,"Indonesia"
2013-01-01,9607.7998046875,9623.599609375,9599,9609,0,9609,"Indonesia"
2013-01-02,9609.7998046875,9658.400390625,9608.900390625,9609,0,9609,"Indonesia"
2013-01-03,9620.900390625,9646.599609375,9620.900390625,9622.5,0,9622.5,"Indonesia"
2013-01-04,9627.2001953125,9650,9627.2001953125,9626.2998046875,0,9626.2998046875,"Indonesia"
2013-01-07,9610,9687,9610,9770,0,9770,"Indonesia"
2013-01-08,9638.900390625,9715,9636.7998046875,9639.099609375,0,9639.099609375,"Indonesia"
2013-01-09,9645,9713.099609375,9629.5,9641.2001953125,0,9641.2001953125,"Indonesia"
2013-01-10,9630.7001953125,9700,9629.599609375,9632.099609375,0,9632.099609375,"Indonesia"
2013-01-11,9631.7001953125,9661.400390625,9605.7001953125,9631.7001953125,0,9631.7001953125,"Indonesia"
2013-01-14,9610,9860,9605.7001953125,9612.4501953125,0,9612.4501953125,"Indonesia"
2013-01-15,9606.7998046875,9712.2998046875,9606.7998046875,9606.7998046875,0,9606.7998046875,"Indonesia"
2013-01-16,9620.400390625,9687.5,9620.400390625,9621.599609375,0,9621.599609375,"Indonesia"
2013-01-17,9627.2001953125,9684.900390625,9620.7001953125,9626.2001953125,0,9626.2001953125,"Indonesia"
2013-01-18,9620.900390625,9700,9591.599609375,9621.7998046875,0,9621.7998046875,"Indonesia"
2013-01-21,9682,9682,9588.900390625,9682,0,9682,"Indonesia"
2013-01-22,9589.599609375,9637.7998046875,9589.599609375,9589.400390625,0,9589.400390625,"Indonesia"
2013-01-23,9591.7998046875,9636,9591.7998046875,9591.599609375,0,9591.599609375,"Indonesia"
2013-01-24,9596.2998046875,9615,9595.400390625,9596.900390625,0,9596.900390625,"Indonesia"
2013-01-25,9597.2998046875,9653.7998046875,9597.2998046875,9597.5,0,9597.5,"Indonesia"
2013-01-28,9628,9690,9628,9612.4501953125,0,9612.4501953125,"Indonesia"
2013-01-29,9649.7001953125,9735,9648.2001953125,9649.7998046875,0,9649.7998046875,"Indonesia"
2013-01-30,9650.2998046875,9740.099609375,9649.7001953125,9650,0,9650,"Indonesia"
2013-01-31,9659.5,9755,9659.2998046875,9659.7001953125,0,9659.7001953125,"Indonesia"
2013-02-01,9669.2998046875,9737.099609375,9669.2998046875,9669.900390625,0,9669.900390625,"Indonesia"
2013-02-04,9535.099609375,9646,9525.2998046875,9612.4501953125,0,9612.4501953125,"Indonesia"
2013-02-05,9640.599609375,9671.599609375,9640.599609375,9642.7001953125,0,9642.7001953125,"Indonesia"
2013-02-06,9648.099609375,9683.2998046875,9647.2998046875,9647.900390625,0,9647.900390625,"Indonesia"
2013-02-07,9681.2998046875,9698.400390625,9663.5,9682.099609375,0,9682.099609375,"Indonesia"
2013-02-08,9664.900390625,9685,9637.5,9666,0,9666,"Indonesia"
2013-02-11,9629.2998046875,9660,9584.5,9612.4501953125,0,9612.4501953125,"Indonesia"
2013-02-12,9592.400390625,9619.5,9592,9593.099609375,0,9593.099609375,"Indonesia"
2013-02-13,9618.400390625,9640,9607.2001953125,9617.7001953125,0,9617.7001953125,"Indonesia"
2013-02-14,9618.7998046875,9647.7998046875,9616.7998046875,9618.5,0,9618.5,"Indonesia"
2013-02-15,9631.7998046875,9656.400390625,9631.400390625,9631.599609375,0,9631.599609375,"Indonesia"
2013-02-18,9523.5,9660,9521.2998046875,9645,0,9645,"Indonesia"
2013-02-19,9652.7001953125,9687.099609375,9652.7001953125,9652.599609375,0,9652.599609375,"Indonesia"
2013-02-20,9674.400390625,9685,9653.7001953125,9674.900390625,0,9674.900390625,"Indonesia"
2013-02-21,9655,9685,9654.2998046875,9655.5,0,9655.5,"Indonesia"
2013-02-22,9674.2998046875,9685.7998046875,9673.599609375,9674.5,0,9674.5,"Indonesia"
2013-02-25,9610,9701,9610,9684,0,9684,"Indonesia"
2013-02-26,9676.2001953125,9700,9675,9676.400390625,0,9676.400390625,"Indonesia"
2013-02-27,9678.099609375,9705,9651.7001953125,9678.5,0,9678.5,"Indonesia"
2013-02-28,9657.7998046875,9682.5,9628.5,9657.2998046875,0,9657.2998046875,"Indonesia"
2013-03-01,9634.7998046875,9661,9634.099609375,9633.7998046875,0,9633.7998046875,"Indonesia"
2013-03-04,9679.5,9684.099609375,9675,9612.4501953125,0,9612.4501953125,"Indonesia"
2013-03-05,9677,9710,9662.400390625,9677.5,0,9677.5,"Indonesia"
2013-03-06,9663.599609375,9663.900390625,9656.7998046875,9663.7998046875,0,9663.7998046875,"Indonesia"
2013-03-07,9657.2001953125,9685,9657.2001953125,9658.7998046875,0,9658.7998046875,"Indonesia"
2013-03-08,9664.2001953125,9683,9654.400390625,9663.900390625,0,9663.900390625,"Indonesia"
2013-03-11,9555.2998046875,9684,9554.900390625,9612.4501953125,0,9612.4501953125,"Indonesia"
2013-03-12,9668.599609375,9680,9667,9668.599609375,0,9668.599609375,"Indonesia"
2013-03-13,9669.099609375,9685,9660.900390625,9668,0,9668,"Indonesia"
2013-03-14,9662,9685,9662,9661.7998046875,0,9661.7998046875,"Indonesia"
2013-03-15,9673.5,9695,9668.2998046875,9673.400390625,0,9673.400390625,"Indonesia"
2013-03-18,9815.7998046875,9815.7998046875,9679,9675.7998046875,0,9675.7998046875,"Indonesia"
2013-03-19,9681.900390625,9700,9675.2001953125,9682.5,0,9682.5,"Indonesia"
2013-03-20,9682.7998046875,9718,9682.7998046875,9682.7001953125,0,9682.7001953125,"Indonesia"
2013-03-21,9694.599609375,9710,9694.599609375,9695.2001953125,0,9695.2001953125,"Indonesia"
2013-03-22,9703.599609375,9765,9703.599609375,9703.2001953125,0,9703.2001953125,"Indonesia"
2013-03-25,9610,9740,9610,9612.4501953125,0,9612.4501953125,"Indonesia"
2013-03-26,9705.2001953125,9730,9695.2998046875,9705,0,9705,"Indonesia"
2013-03-27,9702.400390625,9730,9690.2998046875,9702.2001953125,0,9702.2001953125,"Indonesia"
2013-03-28,9694.7998046875,9721,9678.400390625,9694.7998046875,0,9694.7998046875,"Indonesia"
2013-03-29,9610,9610,9610,9688.599609375,0,9688.599609375,"Indonesia"
2013-03-31,9610,9721,9610,9612.4501953125,0,9612.4501953125,"Indonesia"
2013-04-01,9610,9730,9610,9715,0,9715,"Indonesia"
2013-04-02,9708.099609375,9730,9708.099609375,9707.5,0,9707.5,"Indonesia"
2013-04-03,9718.2001953125,9743,9718.099609375,9718.2001953125,0,9718.2001953125,"Indonesia"
2013-04-04,9720.099609375,9745,9717.400390625,9720,0,9720,"Indonesia"
2013-04-07,9731.099609375,9745,9717.7998046875,9728.2998046875,0,9728.2998046875,"Indonesia"
2013-04-08,9720.2998046875,9746,9688.7001953125,9719,0,9719,"Indonesia"
2013-04-09,9691.5,9715,9660.7001953125,9690.400390625,0,9690.400390625,"Indonesia"
2013-04-10,9661.7001953125,9685,9651.7998046875,9661.400390625,0,9661.400390625,"Indonesia"
2013-04-11,9674.2998046875,9702,9674.2998046875,9674.2998046875,0,9674.2998046875,"Indonesia"
2013-04-14,9610,9713,9610,9683.5,0,9683.5,"Indonesia"
2013-04-15,9681.900390625,9715,9677,9683.400390625,0,9683.400390625,"Indonesia"
2013-04-16,9688.599609375,9710,9677.400390625,9688.099609375,0,9688.099609375,"Indonesia"
2013-04-17,9681.099609375,9705,9681.099609375,9680.900390625,0,9680.900390625,"Indonesia"
2013-04-18,9680.400390625,9710,9678.7001953125,9684.900390625,0,9684.900390625,"Indonesia"
2013-04-21,9610,9741,9610,9688,0,9688,"Indonesia"
2013-04-22,9688.400390625,9751.900390625,9688.400390625,9688.7001953125,0,9688.7001953125,"Indonesia"
2013-04-23,9694.7998046875,9728.099609375,9686.7998046875,9694.7001953125,0,9694.7001953125,"Indonesia"
2013-04-24,9688.2001953125,9715,9685.7998046875,9688.7998046875,0,9688.7998046875,"Indonesia"
2013-04-25,9689.099609375,9715,9688.7998046875,9689.400390625,0,9689.400390625,"Indonesia"
2013-04-28,9610,9710,9610,9612.4501953125,0,9612.4501953125,"Indonesia"
2013-04-29,9692,9713,9692,9691.5,0,9691.5,"Indonesia"
2013-04-30,9694,9713,9693.099609375,9694.099609375,0,9694.099609375,"Indonesia"
2013-05-01,9693.2998046875,9735,9693.2998046875,9695,0,9695,"Indonesia"
2013-05-02,9707.599609375,9735,9691.400390625,9708.2001953125,0,9708.2001953125,"Indonesia"
2013-05-05,9610,9734.5,9610,9612.4501953125,0,9612.4501953125,"Indonesia"
2013-05-06,9710,9733,9705.2998046875,9705.599609375,0,9705.599609375,"Indonesia"
2013-05-07,9706.400390625,9725,9698.599609375,9705.599609375,0,9705.599609375,"Indonesia"
2013-05-08,9702.2001953125,9722,9700.599609375,9705,0,9705,"Indonesia"
2013-05-09,9702.2998046875,9730,9682.7001953125,9702,0,9702,"Indonesia"
2013-05-12,9505.099609375,9730,9505.099609375,9709,0,9709,"Indonesia"
2013-05-13,9707.400390625,9738,9706.099609375,9708.7001953125,0,9708.7001953125,"Indonesia"
2013-05-14,9707.900390625,9745,9707.900390625,9708.099609375,0,9708.099609375,"Indonesia"
2013-05-15,9718.5,9745,9695.099609375,9718.2001953125,0,9718.2001953125,"Indonesia"
2013-05-16,9721.2001953125,9752,9721.099609375,9720.5,0,9720.5,"Indonesia"
2013-05-19,9610,9752,9610,9731,0,9731,"Indonesia"
2013-05-20,9727.900390625,9752,9727.900390625,9727.7001953125,0,9727.7001953125,"Indonesia"
2013-05-21,9734.099609375,9752,9700.2998046875,9734.2998046875,0,9734.2998046875,"Indonesia"
2013-05-22,9736.7001953125,9770,9736.7001953125,9736.900390625,0,9736.900390625,"Indonesia"
2013-05-23,9743.099609375,9770,9741.400390625,9744,0,9744,"Indonesia"
2013-05-26,9773,9773,9760.400390625,9744,0,9744,"Indonesia"
2013-05-27,9761.5,9789.099609375,9758.599609375,9760.2001953125,0,9760.2001953125,"Indonesia"
2013-05-28,9763.400390625,9785,9763.400390625,9763.7998046875,0,9763.7998046875,"Indonesia"
2013-05-29,9774.400390625,9800,9774.400390625,9772.900390625,0,9772.900390625,"Indonesia"
2013-05-30,9777,9800,9764.2001953125,9778.2001953125,0,9778.2001953125,"Indonesia"
2013-06-02,9783.7001953125,9800,9775.900390625,9612.4501953125,0,9612.4501953125,"Indonesia"
2013-06-03,9774,9800,9768.099609375,9776.599609375,0,9776.599609375,"Indonesia"
2013-06-04,9771.2001953125,9804.099609375,9762.2998046875,9769.900390625,0,9769.900390625,"Indonesia"
2013-06-05,9763.099609375,9790,9762.400390625,9762.7998046875,0,9762.7998046875,"Indonesia"
2013-06-06,9763.599609375,9809.7001953125,9757.400390625,9764.5,0,9764.5,"Indonesia"
2013-06-09,9763.599609375,9824.400390625,9757.400390625,9764.5,0,9764.5,"Indonesia"
2013-06-10,9763.599609375,9824.400390625,9757.400390625,9764.5,0,9764.5,"Indonesia"
2013-06-11,9763.599609375,9833.099609375,9757.400390625,9764.5,0,9764.5,"Indonesia"
2013-06-12,9835,9882.099609375,9831.2998046875,9831.2998046875,0,9831.2998046875,"Indonesia"
2013-06-13,9858,9872,9841.5,9854.5,0,9854.5,"Indonesia"
2013-06-16,9749.599609375,9885,9749.599609375,9612.4501953125,0,9612.4501953125,"Indonesia"
2013-06-17,9859.2998046875,9933,9842.7998046875,9859.2998046875,0,9859.2998046875,"Indonesia"
2013-06-18,9876.7001953125,9900,9874,9877.2001953125,0,9877.2001953125,"Indonesia"
2013-06-19,9880.2998046875,9920,9879.099609375,9880.2001953125,0,9880.2001953125,"Indonesia"
2013-06-20,9900,9920,9895.5,9897.400390625,0,9897.400390625,"Indonesia"
2013-06-23,9900,9936.900390625,9900,9612.4501953125,0,9612.4501953125,"Indonesia"
2013-06-24,9901,9920,9889.400390625,9901.7998046875,0,9901.7998046875,"Indonesia"
2013-06-25,9891.400390625,9947.7998046875,9891.2001953125,9892,0,9892,"Indonesia"
2013-06-26,9900,9920,9895.099609375,9895.7998046875,0,9895.7998046875,"Indonesia"
2013-06-27,9900,9920,9892.900390625,9897.2001953125,0,9897.2001953125,"Indonesia"
2013-06-30,9900,9920,9610,9612.4501953125,0,9612.4501953125,"Indonesia"
2013-07-01,9903,9945.5,9898.2001953125,9898.2001953125,0,9898.2001953125,"Indonesia"
2013-07-02,9903.7001953125,9928,9903.7001953125,9903.2001953125,0,9903.2001953125,"Indonesia"
2013-07-03,9915,9915,9909.5,9910.7001953125,0,9910.7001953125,"Indonesia"
2013-07-04,9911,10281,9908.900390625,9911,0,9911,"Indonesia"
2013-07-07,9917.5,9940,9610,9918,0,9918,"Indonesia"
2013-07-08,9930,9955,9924.7001953125,9926.7998046875,0,9926.7998046875,"Indonesia"
2013-07-09,9927.2001953125,9955,9927.2001953125,9928.7998046875,0,9928.7998046875,"Indonesia"
2013-07-10,9935.7001953125,9965,9935.7001953125,9935.400390625,0,9935.400390625,"Indonesia"
2013-07-11,9945,10004,9940.7998046875,9968,0,9968,"Indonesia"
2013-07-14,9610,9993.900390625,9610,9612.4501953125,0,9612.4501953125,"Indonesia"
2013-07-15,9989.7001953125,10370,9988.5,9989.2001953125,0,9989.2001953125,"Indonesia"
2013-07-16,10006,10428,10005,10007,0,10007,"Indonesia"
2013-07-17,10018,10203,10016,10017,0,10017,"Indonesia"
2013-07-18,10031,10169,10031,10032,0,10032,"Indonesia"
2013-07-21,10037,10080,10036,9612.4501953125,0,9612.4501953125,"Indonesia"
2013-07-22,10036,10230,10036,10037,0,10037,"Indonesia"
2013-07-23,10214,10303,10173,10171,0,10171,"Indonesia"
2013-07-24,10304,10321,10232,10303,0,10303,"Indonesia"
2013-07-25,10240,10298,10222,10240,0,10240,"Indonesia"
2013-07-28,10269,10303,10239,10269,0,10269,"Indonesia"
2013-07-29,10244,10323,10243,10244,0,10244,"Indonesia"
2013-07-30,10313,10324,10244,10244,0,10244,"Indonesia"
2013-07-31,10250,10318,10240,10250,0,10250,"Indonesia"
2013-08-01,10251,10259,10237,10252,0,10252,"Indonesia"
2013-08-04,10257,10300,10256,10029,0,10029,"Indonesia"
2013-08-05,10257,10280,10247,10256,0,10256,"Indonesia"
2013-08-06,10257,10275,10256,10257,0,10257,"Indonesia"
2013-08-07,10257,10258,10256,10257,0,10257,"Indonesia"
2013-08-08,10258,10313,10256,10256,0,10256,"Indonesia"
2013-08-11,10269,10409,10256,10262,0,10262,"Indonesia"
2013-08-12,10309,10335,10259,10309,0,10309,"Indonesia"
2013-08-13,10299,10334,10262,10308,0,10308,"Indonesia"
2013-08-14,10309,10446,10265,10265,0,10265,"Indonesia"
2013-08-15,10322,10534,10321,10390,0,10390,"Indonesia"
2013-08-18,10509,10610,10461,10509,0,10509,"Indonesia"
2013-08-19,10664,10825,10550,10664,0,10664,"Indonesia"
2013-08-20,10657,11114,10657,10657,0,10657,"Indonesia"
2013-08-21,10747,11195,10747,10747,0,10747,"Indonesia"
2013-08-22,11094,11112,10753,10790,0,10790,"Indonesia"
2013-08-25,11005,11134,10817,11005,0,11005,"Indonesia"
2013-08-26,10817,11383,10817,10817,0,10817,"Indonesia"
2013-08-27,10897,11383,10896,10897,0,10897,"Indonesia"
2013-08-28,10917,11268,10917,10917,0,10917,"Indonesia"
2013-08-29,10908,11281,10907,10908,0,10908,"Indonesia"
2013-09-01,10895,11333,10888,10895,0,10895,"Indonesia"
2013-09-02,10949,11482,10949,10950,0,10950,"Indonesia"
2013-09-03,11464,11519,11080,11037,0,11037,"Indonesia"
2013-09-04,11404,11674,11394,11097,0,11097,"Indonesia"
2013-09-05,11098,11724,11098,11098,0,11098,"Indonesia"
2013-09-08,10788,11560,10788,11150,0,11150,"Indonesia"
2013-09-09,11132,11455,11131,11132,0,11132,"Indonesia"
2013-09-10,11314,11450,11206,11210,0,11210,"Indonesia"
2013-09-11,11269,11471,11041,11318,0,11318,"Indonesia"
2013-09-12,11322,11384,11094,11322,0,11322,"Indonesia"
2013-09-15,11213,11382,11070,11213,0,11213,"Indonesia"
2013-09-16,11351,11441,11351,11349,0,11349,"Indonesia"
2013-09-17,11418,11489,11418,11417,0,11417,"Indonesia"
2013-09-18,11447,11447,11225,11449,0,11449,"Indonesia"
2013-09-19,11257,11368,11257,11255,0,11255,"Indonesia"
2013-09-22,11070,11459,11070,11325,0,11325,"Indonesia"
2013-09-23,11417,11555,11417,11417,0,11417,"Indonesia"
2013-09-24,11441,11561,11437,11443,0,11443,"Indonesia"
2013-09-25,11458,11541,11429,11457,0,11457,"Indonesia"
2013-09-26,11470,11537,11470,11453,0,11453,"Indonesia"
2013-09-29,11603,11603,11552,11552,0,11552,"Indonesia"
2013-09-30,11552,11600,11476,11552,0,11552,"Indonesia"
2013-10-01,11476,11540,11476,11476,0,11476,"Indonesia"
2013-10-02,11503,11523,11491,11503,0,11503,"Indonesia"
2013-10-03,11500,11547,11478,11500,0,11500,"Indonesia"
2013-10-06,11076,11507,11076,11480,0,11480,"Indonesia"
2013-10-07,NA,NA,NA,NA,NA,NA,"Indonesia"
2013-10-08,11490,11549,11489,11489,0,11489,"Indonesia"
2013-10-09,11506,11516,11462,11504,0,11504,"Indonesia"
2013-10-10,11462,11463,10940,11463,0,11463,"Indonesia"
2013-10-13,11337,11339,11336,10787,0,10787,"Indonesia"
2013-10-14,11337,11340,10940,11337,0,11337,"Indonesia"
2013-10-15,11337,11338,10930,11339,0,11339,"Indonesia"
2013-10-16,11337,11337,11302,11339,0,11339,"Indonesia"
2013-10-17,11304,11325,11273,11303,0,11303,"Indonesia"
2013-10-20,10758,11345,10758,10758,0,10758,"Indonesia"
2013-10-21,11307,11321,11262,11307,0,11307,"Indonesia"
2013-10-22,11264,11265,11228,11264,0,11264,"Indonesia"
2013-10-23,11242,11253,11110,11244,0,11244,"Indonesia"
2013-10-24,11128,11129,10917,11128,0,11128,"Indonesia"
2013-10-28,9610,11089,9610,9612.4501953125,0,9612.4501953125,"Indonesia"
2013-10-29,11028,11077,11024,11025,0,11025,"Indonesia"
2013-10-30,11075,11187,10850,11075,0,11075,"Indonesia"
2013-10-31,11147,11263,10936,11147,0,11147,"Indonesia"
2013-11-01,11245,11345,11245,11245,0,11245,"Indonesia"
2013-11-04,11337,11337,11317,11308,0,11308,"Indonesia"
2013-11-05,11328,11328,11326,11327,0,11327,"Indonesia"
2013-11-06,11327,11393,11326,11330,0,11330,"Indonesia"
2013-11-07,11380,11380,11260,11380,0,11380,"Indonesia"
2013-11-08,11362,11399,11362,11363,0,11363,"Indonesia"
2013-11-11,9610,11535,9610,9612.4501953125,0,9612.4501953125,"Indonesia"
2013-11-12,11531,11610,11400,11532,0,11532,"Indonesia"
2013-11-13,11564,11644,11370,11565,0,11565,"Indonesia"
2013-11-14,11577,11577,11370,11577,0,11577,"Indonesia"
2013-11-15,11514,11605,11514,11515,0,11515,"Indonesia"
2013-11-18,11615,11615,11603,9612.4501953125,0,9612.4501953125,"Indonesia"
2013-11-19,11604,11605,11558,11605,0,11605,"Indonesia"
2013-11-20,11570,11631,11570,11570,0,11570,"Indonesia"
2013-11-21,11633,11715,11512,11629,0,11629,"Indonesia"
2013-11-22,11674,11708,11479,11674,0,11674,"Indonesia"
2013-11-25,11711,11723,11662,9612.4501953125,0,9612.4501953125,"Indonesia"
2013-11-26,11716,11769,11714,11719,0,11719,"Indonesia"
2013-11-27,11750,11750,11750,11750,0,11750,"Indonesia"
2013-11-28,11880,11880,11674,11880,0,11880,"Indonesia"
2013-11-29,11660,11660,9610,9612.4501953125,0,9612.4501953125,"Indonesia"
2013-12-02,11625,11885,11496,9612.4501953125,0,9612.4501953125,"Indonesia"
2013-12-03,11501,11760,11501,9612.4501953125,0,9612.4501953125,"Indonesia"
2013-12-04,11569,11880,11568,11885,0,11885,"Indonesia"
2013-12-05,11776,11975,11717,11972,0,11972,"Indonesia"
2013-12-06,11650,11935,9610,9612.4501953125,0,9612.4501953125,"Indonesia"
2013-12-09,11678,11950,9610,9610,0,9610,"Indonesia"
2013-12-10,11813,11948,11805,11813,0,11813,"Indonesia"
2013-12-11,11834,11945,11834,11834,0,11834,"Indonesia"
2013-12-12,11878,12051,11878,11878,0,11878,"Indonesia"
2013-12-13,11999,12052,11971,11999,0,11999,"Indonesia"
2013-12-16,11988,11995,11955,11988,0,11988,"Indonesia"
2013-12-17,11973,11990,11945,11973,0,11973,"Indonesia"
2013-12-18,11984,12070,11965,11984,0,11984,"Indonesia"
2013-12-19,12012,12142,12012,12012,0,12012,"Indonesia"
2013-12-20,12118,12195,12070,12118,0,12118,"Indonesia"
2013-12-23,12167,12167,12095,12153,0,12153,"Indonesia"
2013-12-24,12147,12180,12122,12147,0,12147,"Indonesia"
2013-12-25,12148,12148,12145,12148,0,12148,"Indonesia"
2013-12-26,12143,12143,12140,12143,0,12143,"Indonesia"
2013-12-27,12148,12180,12105,12148,0,12148,"Indonesia"
2013-12-30,12142,12215,12140,12142,0,12142,"Indonesia"
2013-12-31,12217,12217,12140,12217,0,12217,"Indonesia"
2014-01-01,12158,12158,12155,12158,0,12158,"Indonesia"
2014-01-02,12158,12168,12020,12158,0,12158,"Indonesia"
2014-01-03,12102,12165,12067,12102,0,12102,"Indonesia"
2014-01-06,12112,12210,12105,12112,0,12112,"Indonesia"
2014-01-07,12133,12178,12024,12133,0,12133,"Indonesia"
2014-01-08,12065,12108,12017,12065,0,12065,"Indonesia"
2014-01-09,12077,12120,11985,12077,0,12077,"Indonesia"
2014-01-10,12032,12045,11838,12032,0,12032,"Indonesia"
2014-01-13,11822,11863,11745,12017,0,12017,"Indonesia"
2014-01-14,11812,11852,11770,11812,0,11812,"Indonesia"
2014-01-15,11822,11885,11820,11801,0,11801,"Indonesia"
2014-01-16,11828,11940,11825,11828,0,11828,"Indonesia"
2014-01-17,11878,11932,11840,11878,0,11878,"Indonesia"
2014-01-20,11932,11965,11888,11858,0,11858,"Indonesia"
2014-01-21,11897,12076,11895,11897,0,11897,"Indonesia"
2014-01-22,12038,12057,11980,12038,0,12038,"Indonesia"
2014-01-23,12052,12095,12011,12052,0,12052,"Indonesia"
2014-01-24,12093,12177,12055,12093,0,12093,"Indonesia"
2014-01-27,12127,12237,12090,12127,0,12127,"Indonesia"
2014-01-28,12197,12197,12091,12197,0,12197,"Indonesia"
2014-01-29,12093,12182,11992,12093,0,12093,"Indonesia"
2014-01-30,12145,12202,12110,12145,0,12145,"Indonesia"
2014-01-31,12143,12200,12135,12143,0,12143,"Indonesia"
2014-02-03,12130,12175,11112,12150,0,12150,"Indonesia"
2014-02-04,12083,12115,11987,12083,0,12083,"Indonesia"
2014-02-05,11981,12075,11981,11981,0,11981,"Indonesia"
2014-02-06,11990,12016,11911,12020,0,12020,"Indonesia"
2014-02-07,11940,12005,11930,11940,0,11940,"Indonesia"
2014-02-10,12001,12045,11960,12001,0,12001,"Indonesia"
2014-02-11,12020,12021,11909,12026,0,12026,"Indonesia"
2014-02-12,11946,11965,11891,11946,0,11946,"Indonesia"
2014-02-13,11931,11950,11815,11931,0,11931,"Indonesia"
2014-02-14,11876,11886,11547,11876,0,11876,"Indonesia"
2014-02-17,11686,11686,11540,11686,0,11686,"Indonesia"
2014-02-18,11631,11835,11630,11631,0,11631,"Indonesia"
2014-02-19,11780,11815,11626,11840,0,11840,"Indonesia"
2014-02-20,11710,11776,11655,11671,0,11671,"Indonesia"
2014-02-21,11761,11761,11631,11761,0,11761,"Indonesia"
2014-02-24,11686,11695,11567,11686,0,11686,"Indonesia"
2014-02-25,11585,11660,11579,11576,0,11576,"Indonesia"
2014-02-26,11620,11650,11570,11620,0,11620,"Indonesia"
2014-02-27,11666,11675,11619,11666,0,11666,"Indonesia"
2014-02-28,11601,11606,11520,11601,0,11601,"Indonesia"
2014-03-03,11569,11621,11499,11569,0,11569,"Indonesia"
2014-03-04,11656,11676,11545,11656,0,11656,"Indonesia"
2014-03-05,11566,11583,11545,11566,0,11566,"Indonesia"
2014-03-06,11580,11586,11321,11571,0,11571,"Indonesia"
2014-03-07,11410,11470,11345,11410,0,11410,"Indonesia"
2014-03-10,11486,11486,11340,11486,0,11486,"Indonesia"
2014-03-11,11430,11470,11334,11430,0,11430,"Indonesia"
2014-03-12,11485,11500,11414,11485,0,11485,"Indonesia"
2014-03-13,11435,11435,11348,11435,0,11435,"Indonesia"
2014-03-14,11421,11435,11212,11421,0,11421,"Indonesia"
2014-03-17,11296,11296,11220,11296,0,11296,"Indonesia"
2014-03-18,11286,12295,11258,11286,0,11286,"Indonesia"
2014-03-19,11325,11355,11296,11325,0,11325,"Indonesia"
2014-03-20,11310,11529,11310,11310,0,11310,"Indonesia"
2014-03-21,11435,11473,11358,11435,0,11435,"Indonesia"
2014-03-24,11401,11418,11347,11401,0,11401,"Indonesia"
2014-03-25,11361,11403,11337,11361,0,11361,"Indonesia"
2014-03-26,11381,11428,11381,11381,0,11381,"Indonesia"
2014-03-27,11435,11458,11354,11435,0,11435,"Indonesia"
2014-03-28,11381,11423,11257,11381,0,11381,"Indonesia"
2014-03-30,11325,11325,11218,11305,0,11305,"Indonesia"
2014-03-31,11230,11306,11230,11230,0,11230,"Indonesia"
2014-04-01,11290,11310,11265,11285,0,11285,"Indonesia"
2014-04-02,11338,11340,11292,11330,0,11330,"Indonesia"
2014-04-03,11358,11358,11240,11375,0,11375,"Indonesia"
2014-04-06,11310,11325,11263,11310,0,11310,"Indonesia"
2014-04-07,11302,11318,11230,11295,0,11295,"Indonesia"
2014-04-08,11283,11373,11183,11295,0,11295,"Indonesia"
2014-04-09,11356,11480,11323,11363,0,11363,"Indonesia"
2014-04-10,11423,11468,11313,11415,0,11415,"Indonesia"
2014-04-13,11402,11508,11361,11395,0,11395,"Indonesia"
2014-04-14,11444,11475,11400,11436,0,11436,"Indonesia"
2014-04-15,11457,11458,11380,11410,0,11410,"Indonesia"
2014-04-16,11413,11433,11383,11405,0,11405,"Indonesia"
2014-04-17,11453,11453,11400,11445,0,11445,"Indonesia"
2014-04-20,11453,11453,11400,11445,0,11445,"Indonesia"
2014-04-21,11433,11547,11433,11425,0,11425,"Indonesia"
2014-04-22,11547,11643,11538,11540,0,11540,"Indonesia"
2014-04-23,11618,11642,11588,11610,0,11610,"Indonesia"
2014-04-24,11595,11628,11533,11595,0,11595,"Indonesia"
2014-04-27,11573,11596,11545,11565,0,11565,"Indonesia"
2014-04-28,11585,11591,11515,11580,0,11580,"Indonesia"
2014-04-29,11522,11573,11510,11515,0,11515,"Indonesia"
2014-04-30,11553,11553,11490,11545,0,11545,"Indonesia"
2014-05-01,11528,11550,11455,11520,0,11520,"Indonesia"
2014-05-04,11512,11540,11480,11505,0,11505,"Indonesia"
2014-05-05,11512,11523,11485,11505,0,11505,"Indonesia"
2014-05-06,11512,11585,11511,11510,0,11510,"Indonesia"
2014-05-07,11558,11638,11490,11550,0,11550,"Indonesia"
2014-05-08,11533,11563,11440,11525,0,11525,"Indonesia"
2014-05-11,11512,11538,11490,11505,0,11505,"Indonesia"
2014-05-12,11527,11563,11465,11520,0,11520,"Indonesia"
2014-05-13,11493,11508,11348,11485,0,11485,"Indonesia"
2014-05-14,11378,11430,11368,11370,0,11370,"Indonesia"
2014-05-15,11428,11428,11300,11420,0,11420,"Indonesia"
2014-05-18,11332,11438,11328,11390,0,11390,"Indonesia"
2014-05-19,11408,11486,11395,11400,0,11400,"Indonesia"
2014-05-20,11468,11528,11460,11460,0,11460,"Indonesia"
2014-05-21,11503,11530,11478,11495,0,11495,"Indonesia"
2014-05-22,11523,11618,4,11515,0,11515,"Indonesia"
2014-05-25,11597,11636,11542,11590,0,11590,"Indonesia"
2014-05-26,11565,11598,11560,11560,0,11560,"Indonesia"
2014-05-27,11565,11645,11560,11560,0,11560,"Indonesia"
2014-05-28,11637,11642,11563,11630,0,11630,"Indonesia"
2014-05-29,11602,11725,11588,11595,0,11595,"Indonesia"
2014-06-01,11728,11810,11707,11660,0,11660,"Indonesia"
2014-06-02,11765,11820,11765,11760,0,11760,"Indonesia"
2014-06-03,11828,11900,11795,11770,0,11770,"Indonesia"
2014-06-04,11885,11901,11735,11880,0,11880,"Indonesia"
2014-06-05,11850,11852,11690,11845,0,11845,"Indonesia"
2014-06-08,11753,11790,11745,11815,0,11815,"Indonesia"
2014-06-09,11780,11825,11740,11775,0,11775,"Indonesia"
2014-06-10,11822,11833,11785,11815,0,11815,"Indonesia"
2014-06-11,11812,11823,11737,11805,0,11805,"Indonesia"
2014-06-12,11787,11807,11742,11780,0,11780,"Indonesia"
2014-06-15,11800,11830,11788,11785,0,11785,"Indonesia"
2014-06-16,11822,11927,11818,11815,0,11815,"Indonesia"
2014-06-17,11893,12013,11883,11885,0,11885,"Indonesia"
2014-06-18,12012,12028,11875,12005,0,12005,"Indonesia"
2014-06-19,11932,11983,11893,11925,0,11925,"Indonesia"
2014-06-22,11958,11996,11943,11950,0,11950,"Indonesia"
2014-06-23,11995,12015,11973,11988,0,11988,"Indonesia"
2014-06-24,12003,12124,11993,11995,0,11995,"Indonesia"
2014-06-25,12097,12147,12058,12090,0,12090,"Indonesia"
2014-06-26,12090,12115,12000,12100,0,12100,"Indonesia"
2014-06-29,12025,12025,11838,12020,0,12020,"Indonesia"
2014-06-30,11890,11905,11777,11885,0,11885,"Indonesia"
2014-07-01,11905,11945,11845,11865,0,11865,"Indonesia"
2014-07-02,11905,11970,11880,11900,0,11900,"Indonesia"
2014-07-03,11910,11910,11782,11905,0,11905,"Indonesia"
2014-07-06,11860,11905,11860,11860,0,11860,"Indonesia"
2014-07-07,11725,11725,11669,11725,0,11725,"Indonesia"
2014-07-08,11665,11665,11665,11665,0,11665,"Indonesia"
2014-07-09,11615,11615,11615,11615,0,11615,"Indonesia"
2014-07-10,11570,11570,11570,11570,0,11570,"Indonesia"
2014-07-13,11595,11691,11480,11605,0,11605,"Indonesia"
2014-07-14,11668,11765,11668,11663,0,11663,"Indonesia"
2014-07-15,11725,11828,11665,11720,0,11720,"Indonesia"
2014-07-16,11700,11700,11600,11642,0,11642,"Indonesia"
2014-07-17,11665,11718,11595,11660,0,11660,"Indonesia"
2014-07-20,11620,11620,11510,11615,0,11615,"Indonesia"
2014-07-21,11571,11638,11437,11566,0,11566,"Indonesia"
2014-07-22,11585,11585,11450,11580,0,11580,"Indonesia"
2014-07-23,11490,11570,11483,11485,0,11485,"Indonesia"
2014-07-24,11557,11593,11530,11552,0,11552,"Indonesia"
2014-07-27,11566,11576,11526,11561,0,11561,"Indonesia"
2014-07-28,11566,11619,11561,11561,0,11561,"Indonesia"
2014-07-29,11565,11716,11565,11560,0,11560,"Indonesia"
2014-07-30,11566,11791,11565,11561,0,11561,"Indonesia"
2014-07-31,11890,11890,11570,11761,0,11761,"Indonesia"
2014-08-03,11866,11866,11740,11861,0,11861,"Indonesia"
2014-08-04,11760,11760,11655,11755,0,11755,"Indonesia"
2014-08-05,11680,11843,11680,11675,0,11675,"Indonesia"
2014-08-06,11763,11828,11750,11758,0,11758,"Indonesia"
2014-08-07,11790,11843,11710,11785,0,11785,"Indonesia"
2014-08-10,11785,11795,11662,11745,0,11745,"Indonesia"
2014-08-11,11705,11725,11650,11700,0,11700,"Indonesia"
2014-08-12,11685,11696,11660,11680,0,11680,"Indonesia"
2014-08-13,11688,11713,11645,11683,0,11683,"Indonesia"
2014-08-14,11675,11698,11648,11670,0,11670,"Indonesia"
2014-08-17,11665,11688,11650,11667,0,11667,"Indonesia"
2014-08-18,11685,11690,11653,11680,0,11680,"Indonesia"
2014-08-19,11668,11725,11668,11663,0,11663,"Indonesia"
2014-08-20,11705,11756,11643,11700,0,11700,"Indonesia"
2014-08-21,11693,11697,11640,11688,0,11688,"Indonesia"
2014-08-24,11693,11738,11680,11660,0,11660,"Indonesia"
2014-08-25,11708,11708,11655,11703,0,11703,"Indonesia"
2014-08-26,11698,11708,11650,11688,0,11688,"Indonesia"
2014-08-27,11670,11726,11660,11665,0,11665,"Indonesia"
2014-08-28,11720,11728,11676,11715,0,11715,"Indonesia"
2014-08-31,11694,11725,11680,11694,0,11694,"Indonesia"
2014-09-01,11708,11760,11708,11698,0,11698,"Indonesia"
2014-09-02,11748,11810,11742,11743,0,11743,"Indonesia"
2014-09-03,11775,11780,11675,11767,0,11767,"Indonesia"
2014-09-04,11746,11790,11687,11741,0,11741,"Indonesia"
2014-09-07,11721,11733,11708,11722,0,11722,"Indonesia"
2014-09-08,11713,11810,11713,11713,0,11713,"Indonesia"
2014-09-09,11780,11874,11775,11775,0,11775,"Indonesia"
2014-09-10,11815,11871,11793,11805,0,11805,"Indonesia"
2014-09-11,11825,11853,11790,11830,0,11830,"Indonesia"
2014-09-14,11895,11965,11865,11885,0,11885,"Indonesia"
2014-09-15,11935,11985,11865,11925,0,11925,"Indonesia"
2014-09-16,11985,11985,11890,11975,0,11975,"Indonesia"
2014-09-17,11967,12044,11949,11962,0,11962,"Indonesia"
2014-09-18,11974,12010,11925,11969,0,11969,"Indonesia"
2014-09-21,11988,12027,11927,11983,0,11983,"Indonesia"
2014-09-22,11988,12000,11942,11978,0,11978,"Indonesia"
2014-09-23,11965,11983,11928,11970,0,11970,"Indonesia"
2014-09-24,11948,12005,11907,11943,0,11943,"Indonesia"
2014-09-25,11978,12128,11978,11968,0,11968,"Indonesia"
2014-09-28,12090,12238,12090,12050,0,12050,"Indonesia"
2014-09-29,12215,12230,12145,12132,0,12132,"Indonesia"
2014-09-30,12180,12215,12090,12175,0,12175,"Indonesia"
2014-10-01,12155,12155,12070,12130,0,12130,"Indonesia"
2014-10-02,12130,12246,12107,12112,0,12112,"Indonesia"
2014-10-05,12186,12210,12152,12181,0,12181,"Indonesia"
2014-10-06,12180,12250,12170,12147,0,12147,"Indonesia"
2014-10-07,12225,12266,12195,12218,0,12218,"Indonesia"
2014-10-08,12251,12251,12130,12210,0,12210,"Indonesia"
2014-10-09,12197,12237,12175,12192,0,12192,"Indonesia"
2014-10-12,12210,12223,12155,12210,0,12210,"Indonesia"
2014-10-13,12170,12255,12154,12200,0,12200,"Indonesia"
2014-10-14,12198,12241,12165,12188,0,12188,"Indonesia"
2014-10-15,12232,12309,12176,12227,0,12227,"Indonesia"
2014-10-16,12240,12240,12055,12210,0,12210,"Indonesia"
2014-10-19,12107,12107,11933,12102,0,12102,"Indonesia"
2014-10-20,12018,12018,11955,12008,0,12008,"Indonesia"
2014-10-21,11992,12015,11962,11987,0,11987,"Indonesia"
2014-10-22,11985,12058,11985,11980,0,11980,"Indonesia"
2014-10-23,12042,12085,12028,12032,0,12032,"Indonesia"
2014-10-27,12025,12115,12018,12075,0,12075,"Indonesia"
2014-10-28,12110,12169,12060,12100,0,12100,"Indonesia"
2014-10-29,12130,12155,12057,12137,0,12137,"Indonesia"
2014-10-30,12097,12170,12082,12092,0,12092,"Indonesia"
2014-10-31,12155,12155,12048,12150,0,12150,"Indonesia"
2014-11-03,12110,12115,12073,12070,0,12070,"Indonesia"
2014-11-04,12112,12150,12077,12107,0,12107,"Indonesia"
2014-11-05,12115,12215,12065,12110,0,12110,"Indonesia"
2014-11-06,12180,12208,12105,12175,0,12175,"Indonesia"
2014-11-07,12145,12190,12105,12150,0,12150,"Indonesia"
2014-11-10,12145,12168,12108,12175,0,12175,"Indonesia"
2014-11-11,12155,12237,12155,12145,0,12145,"Indonesia"
2014-11-12,12223,12223,12150,12128,0,12128,"Indonesia"
2014-11-13,12192,12202,12147,12187,0,12187,"Indonesia"
2014-11-14,12192,12235,12160,12187,0,12187,"Indonesia"
2014-11-17,12183,12202,12095,12200,0,12200,"Indonesia"
2014-11-18,12200,12200,12045,12195,0,12195,"Indonesia"
2014-11-19,12133,12165,12062,12125,0,12125,"Indonesia"
2014-11-20,12145,12175,12110,12102,0,12102,"Indonesia"
2014-11-21,12138,12158,11967,12133,0,12133,"Indonesia"
2014-11-24,12138,12140,12103,12133,0,12133,"Indonesia"
2014-11-25,12138,12162,12120,12133,0,12133,"Indonesia"
2014-11-26,12138,12195,12128,12133,0,12133,"Indonesia"
2014-11-27,12180,12180,12155,12175,0,12175,"Indonesia"
2014-11-28,12180,12276,12180,12175,0,12175,"Indonesia"
2014-12-01,12250,12293,12240,12175,0,12175,"Indonesia"
2014-12-02,12290,12290,12245,12285,0,12285,"Indonesia"
2014-12-03,12290,12313,12273,12285,0,12285,"Indonesia"
2014-12-04,12290,12328,12240,12285,0,12285,"Indonesia"
2014-12-05,12290,12355,12260,12285,0,12285,"Indonesia"
2014-12-08,12359,12390,12325,12285,0,12285,"Indonesia"
2014-12-09,12290,12363,12285,12285,0,12285,"Indonesia"
2014-12-10,12290,12353,12290,12285,0,12285,"Indonesia"
2014-12-11,12290,12445,12285,12285,0,12285,"Indonesia"
2014-12-12,12448,12601,12330,12463,0,12463,"Indonesia"
2014-12-15,12595,12875,12595,12612,0,12612,"Indonesia"
2014-12-16,12850,12850,12850,12850,0,12850,"Indonesia"
2014-12-17,12690,12715,12590,12705,0,12705,"Indonesia"
2014-12-18,12600,12693,12440,12673,0,12673,"Indonesia"
2014-12-19,12560,12560,12382,12480,0,12480,"Indonesia"
2014-12-22,12390,12455,12390,12435,0,12435,"Indonesia"
2014-12-23,12440,12493,12420,12460,0,12460,"Indonesia"
2014-12-24,12475,12475,12340,12415,0,12415,"Indonesia"
2014-12-25,12470,12470,12470,12470,0,12470,"Indonesia"
2014-12-26,12470,12470,12470,12470,0,12470,"Indonesia"
2014-12-29,12430,12430,12360,12405,0,12405,"Indonesia"
2014-12-30,12440,12463,12373,12410,0,12410,"Indonesia"
2014-12-31,12420,12435,12339,12420,0,12420,"Indonesia"
2015-01-01,12390,12390,12390,12390,0,12390,"Indonesia"
2015-01-02,12435,12550,12397,12390,0,12390,"Indonesia"
2015-01-05,12535,12685,12430,12480,0,12480,"Indonesia"
2015-01-06,12630,12675,12580,12625,0,12625,"Indonesia"
2015-01-07,12695,12755,12415,12635,0,12635,"Indonesia"
2015-01-08,12700,12750,12605,12720,0,12720,"Indonesia"
2015-01-09,12630,12645,12505,12610,0,12610,"Indonesia"
2015-01-12,12565,12605,12535,12565,0,12565,"Indonesia"
2015-01-13,12580,12620,12507,12558,0,12558,"Indonesia"
2015-01-14,12565,12635,12564,12587,0,12587,"Indonesia"
2015-01-15,12585,12624,12292,12555,0,12555,"Indonesia"
2015-01-16,12555,12618,12540,12469,0,12469,"Indonesia"
2015-01-19,12610,12642,12571,12580,0,12580,"Indonesia"
2015-01-20,12650,12665,12525,12630,0,12630,"Indonesia"
2015-01-21,12558,12569,12435,12562,0,12562,"Indonesia"
2015-01-22,12415,12520,12392,12465,0,12465,"Indonesia"
2015-01-23,12435,12501,12391,12405,0,12405,"Indonesia"
2015-01-26,12505,12560,12469,12423,0,12423,"Indonesia"
2015-01-27,12493,12493,12445,12487,0,12487,"Indonesia"
2015-01-28,12478,12516,12475,12450,0,12450,"Indonesia"
2015-01-29,12518,12600,12495,12455,0,12455,"Indonesia"
2015-01-30,12596,12730,12591,12570,0,12570,"Indonesia"
2015-02-02,12713,12730,12597,12730,0,12730,"Indonesia"
2015-02-03,12653,12661,12530,12645,0,12645,"Indonesia"
2015-02-04,12608,12658,12564,12575,0,12575,"Indonesia"
2015-02-05,12640,12646,12540,12625,0,12625,"Indonesia"
2015-02-06,12610,12757,12535,12587,0,12587,"Indonesia"
2015-02-09,12678,12678,12640,12633,0,12633,"Indonesia"
2015-02-10,12640,12715,12600,12665,0,12665,"Indonesia"
2015-02-11,12695,12845,12670,12727,0,12727,"Indonesia"
2015-02-12,12750,12830,12680,12805,0,12805,"Indonesia"
2015-02-13,12758,12790,12490,12770,0,12770,"Indonesia"
2015-02-16,12743,12773,12500,12677,0,12677,"Indonesia"
2015-02-17,12730,12775,12680,12615,0,12615,"Indonesia"
2015-02-18,12795,12898,12610,12772,0,12772,"Indonesia"
2015-02-19,12810,12860,12800,12810,0,12810,"Indonesia"
2015-02-20,12885,12885,12825,12885,0,12885,"Indonesia"
2015-02-23,12818,12935,12805,12813,0,12813,"Indonesia"
2015-02-24,12868,12935,12775,12860,0,12860,"Indonesia"
2015-02-25,12893,12893,12770,12797,0,12797,"Indonesia"
2015-02-26,12863,12883,12740,12855,0,12855,"Indonesia"
2015-02-27,12868,12993,12825,12857,0,12857,"Indonesia"
2015-03-02,12985,12995,12928,12978,0,12978,"Indonesia"
2015-03-03,12968,12995,12900,12995,0,12995,"Indonesia"
2015-03-04,12965,13028,12950,12970,0,12970,"Indonesia"
2015-03-05,12965,13039,12900,13015,0,13015,"Indonesia"
2015-03-06,12965,13045,12845,12900,0,12900,"Indonesia"
2015-03-09,13055,13078,12850,13030,0,13030,"Indonesia"
2015-03-10,13060,13205,12955,13073,0,13073,"Indonesia"
2015-03-11,13140,13208,13110,13070,0,13070,"Indonesia"
2015-03-12,13140,13205,13030,13175,0,13175,"Indonesia"
2015-03-13,13175,13243,13120,13170,0,13170,"Indonesia"
2015-03-16,13163,13248,13140,13185,0,13185,"Indonesia"
2015-03-17,13215,13235,13127,13195,0,13195,"Indonesia"
2015-03-18,13158,13190,13080,13120,0,13120,"Indonesia"
2015-03-19,12965,13058,12950,12880,0,12880,"Indonesia"
2015-03-20,13085,13138,12950,13058,0,13058,"Indonesia"
2015-03-23,13010,13068,12923,13025,0,13025,"Indonesia"
2015-03-24,12960,12980,12860,12943,0,12943,"Indonesia"
2015-03-25,12915,12995,12855,12905,0,12905,"Indonesia"
2015-03-26,12965,13030,12925,12930,0,12930,"Indonesia"
2015-03-27,12990,13090,12905,13010,0,13010,"Indonesia"
2015-03-29,13058,13095,12870,13035,0,13035,"Indonesia"
2015-03-30,13050,13110,12890,13087,0,13087,"Indonesia"
2015-03-31,13040,13050,12910,13060,0,13060,"Indonesia"
2015-04-01,12993,13028,12935,12958,0,12958,"Indonesia"
2015-04-02,12985,13005,12605,12985,0,12985,"Indonesia"
2015-04-05,12943,12953,12650,12965,0,12965,"Indonesia"
2015-04-06,12955,13003,12890,12945,0,12945,"Indonesia"
2015-04-07,12975,13003,12878,12995,0,12995,"Indonesia"
2015-04-08,12965,12973,12845,12925,0,12925,"Indonesia"
2015-04-09,12928,12940,12805,12935,0,12935,"Indonesia"
2015-04-12,12895,13019,12890,12890,0,12890,"Indonesia"
2015-04-13,12980,13010,12887,13045,0,13045,"Indonesia"
2015-04-14,12930,12979,12885,12975,0,12975,"Indonesia"
2015-04-15,12810,12871,12755,12897,0,12897,"Indonesia"
2015-04-16,12830,12869,12755,12820,0,12820,"Indonesia"
2015-04-19,12870,12993,12850,12800,0,12800,"Indonesia"
2015-04-20,12958,12978,12738,12970,0,12970,"Indonesia"
2015-04-21,12940,12955,12835,12925,0,12925,"Indonesia"
2015-04-22,12923,12958,12885,12900,0,12900,"Indonesia"
2015-04-23,12925,12950,12890,12930,0,12930,"Indonesia"
2015-04-26,12925,12985,12900,12942,0,12942,"Indonesia"
2015-04-27,12958,13015,12903,12927,0,12927,"Indonesia"
2015-04-28,12965,12970,12820,12935,0,12935,"Indonesia"
2015-04-29,12933,12972,12895,12915,0,12915,"Indonesia"
2015-04-30,12957,12980,12872,12957,0,12957,"Indonesia"
2015-05-03,12965,13019,12945,12975,0,12975,"Indonesia"
2015-05-04,12980,13060,12980,12860,0,12860,"Indonesia"
2015-05-05,13038,13055,12845,13005,0,13005,"Indonesia"
2015-05-06,13030,13150,12825,13004,0,13004,"Indonesia"
2015-05-07,13110,13174,13005,13095,0,13095,"Indonesia"
2015-05-10,13078,13159,13060,13047,0,13047,"Indonesia"
2015-05-11,13180,13224,13110,13170,0,13170,"Indonesia"
2015-05-12,13160,13192,13045,13145,0,13145,"Indonesia"
2015-05-13,13102,13102,12290,13102,0,13102,"Indonesia"
2015-05-14,13048,13130,13000,13013,0,13013,"Indonesia"
2015-05-17,13093,13162,13060,13047,0,13047,"Indonesia"
2015-05-18,13130,13188,13075,13162,0,13162,"Indonesia"
2015-05-19,13173,13185,13055,13168,0,13168,"Indonesia"
2015-05-20,13140,13151,13030,13015,0,13015,"Indonesia"
2015-05-21,13119,13155,13090,13108,0,13108,"Indonesia"
2015-05-24,13175,13178,13133,13140,0,13140,"Indonesia"
2015-05-25,13165,13218,13135,13173,0,13173,"Indonesia"
2015-05-26,13224,13228,13115,13217,0,13217,"Indonesia"
2015-05-27,13190,13215,13170,13170,0,13170,"Indonesia"
2015-05-28,13195,13228,13175,13165,0,13165,"Indonesia"
2015-05-31,13198,13208,13166,13200,0,13200,"Indonesia"
2015-06-01,13210,13210,13060,13188,0,13188,"Indonesia"
2015-06-02,13190,13231,13168,13150,0,13150,"Indonesia"
2015-06-03,13228,13290,13185,13230,0,13230,"Indonesia"
2015-06-04,13288,13375,13145,13275,0,13275,"Indonesia"
2015-06-07,13375,13395,13250,13388,0,13388,"Indonesia"
2015-06-08,13355,13378,13250,13310,0,13310,"Indonesia"
2015-06-09,13310,13338,13187,13345,0,13345,"Indonesia"
2015-06-10,13270,13310,13210,13205,0,13205,"Indonesia"
2015-06-11,13283,13333,13280,13230,0,13230,"Indonesia"
2015-06-14,13328,13335,13311,13315,0,13315,"Indonesia"
2015-06-15,13328,13345,13325,13320,0,13320,"Indonesia"
2015-06-16,13343,13360,13325,13340,0,13340,"Indonesia"
2015-06-17,13323,13335,13230,13330,0,13330,"Indonesia"
2015-06-18,13308,13327,13290,13290,0,13290,"Indonesia"
2015-06-21,13295,13305,13257,13310,0,13310,"Indonesia"
2015-06-22,13308,13319,13125,13302,0,13302,"Indonesia"
2015-06-23,13240,13303,13240,13250,0,13250,"Indonesia"
2015-06-24,13303,13335,13125,13290,0,13290,"Indonesia"
2015-06-25,13330,13337,13280,13303,0,13303,"Indonesia"
2015-06-28,13348,13388,13255,13322,0,13322,"Indonesia"
2015-06-29,13330,13350,13295,13322,0,13322,"Indonesia"
2015-06-30,13350,13350,13290,13342,0,13342,"Indonesia"
2015-07-01,13295,13352,13230,13318,0,13318,"Indonesia"
2015-07-02,13288,13340,13250,13260,0,13260,"Indonesia"
2015-07-05,13343,13360,13260,13340,0,13340,"Indonesia"
2015-07-06,13310,13343,13225,13340,0,13340,"Indonesia"
2015-07-07,13330,13363,13310,13325,0,13325,"Indonesia"
2015-07-08,13353,13358,13265,13335,0,13335,"Indonesia"
2015-07-09,13313,13318,13230,13303,0,13303,"Indonesia"
2015-07-12,13298,13308,13220,13278,0,13278,"Indonesia"
2015-07-13,13323,13345,13220,13280,0,13280,"Indonesia"
2015-07-14,13320,13367,13277,13305,0,13305,"Indonesia"
2015-07-15,13338,13363,13273,13338,0,13338,"Indonesia"
2015-07-16,13340,13352,13297,13331,0,13331,"Indonesia"
2015-07-19,13350,13410,13340,13350,0,13350,"Indonesia"
2015-07-20,13405,13412,13332,13340,0,13340,"Indonesia"
2015-07-21,13365,13425,13305,13335,0,13335,"Indonesia"
2015-07-22,13395,13443,13345,13400,0,13400,"Indonesia"
2015-07-23,13425,13485,13335,13430,0,13430,"Indonesia"
2015-07-26,13435,13500,13425,13430,0,13430,"Indonesia"
2015-07-27,13415,13471,13372,13465,0,13465,"Indonesia"
2015-07-28,13443,13463,13385,13290,0,13290,"Indonesia"
2015-07-29,13420,13497,13358,13460,0,13460,"Indonesia"
2015-07-30,13370,13535,13350,13492,0,13492,"Indonesia"
2015-08-02,13485,13514,13365,13425,0,13425,"Indonesia"
2015-08-03,13498,13500,13425,13440,0,13440,"Indonesia"
2015-08-04,13498,13522,13370,13485,0,13485,"Indonesia"
2015-08-05,13520,13553,13465,13517,0,13517,"Indonesia"
2015-08-06,13525,13553,13460,13465,0,13465,"Indonesia"
2015-08-09,13538,13538,13468,13465,0,13465,"Indonesia"
2015-08-10,13508,13665,13340,13467,0,13467,"Indonesia"
2015-08-11,13640,13883,13465,13605,0,13605,"Indonesia"
2015-08-12,13805,13850,13580,13745,0,13745,"Indonesia"
2015-08-13,13753,13828,13570,13675,0,13675,"Indonesia"
2015-08-16,13715,13890,13715,13715,0,13715,"Indonesia"
2015-08-17,13815,13855,13735,13830,0,13830,"Indonesia"
2015-08-18,13809,13853,13745,13828,0,13828,"Indonesia"
2015-08-19,13795,13905,13795,13748,0,13748,"Indonesia"
2015-08-20,13895,14000,13765,13885,0,13885,"Indonesia"
2015-08-23,14005,14090,13915,13815,0,13815,"Indonesia"
2015-08-24,14020,14078,13835,13915,0,13915,"Indonesia"
2015-08-25,14065,14170,13975,13800,0,13800,"Indonesia"
2015-08-26,14092,14161,13930,13960,0,13960,"Indonesia"
2015-08-27,13970,14045,13872,13795,0,13795,"Indonesia"
2015-08-30,13995,14059,13945,13910,0,13910,"Indonesia"
2015-08-31,14040,14117,13980,14000,0,14000,"Indonesia"
2015-09-01,14055,14148,14035,13988,0,13988,"Indonesia"
2015-09-02,14125,14190,14075,14050,0,14050,"Indonesia"
2015-09-03,14160,14227,13870,14065,0,14065,"Indonesia"
2015-09-06,14227,14310,14160,14190,0,14190,"Indonesia"
2015-09-07,14250,14303,14137,14275,0,14275,"Indonesia"
2015-09-08,14243,14263,14147,14160,0,14160,"Indonesia"
2015-09-09,14300,14336,14180,14250,0,14250,"Indonesia"
2015-09-10,14288,14333,14190,14235,0,14235,"Indonesia"
2015-09-13,14275,14340,14275,14270,0,14270,"Indonesia"
2015-09-14,14348,14422,14345,14310,0,14310,"Indonesia"
2015-09-15,14415,14460,14372,14400,0,14400,"Indonesia"
2015-09-16,14405,14478,14340,14377,0,14377,"Indonesia"
2015-09-17,14440,14485,14245,14225,0,14225,"Indonesia"
2015-09-20,14443,14497,14350,14403,0,14403,"Indonesia"
2015-09-21,14480,14601,14390,14470,0,14470,"Indonesia"
2015-09-22,14565,14735,14390,14595,0,14595,"Indonesia"
2015-09-23,14640,14790,14620,14640,0,14640,"Indonesia"
2015-09-24,14675,14713,14550,14670,0,14670,"Indonesia"
2015-09-27,14710,14773,14587,14617,0,14617,"Indonesia"
2015-09-28,14700,14765,14610,14697,0,14697,"Indonesia"
2015-09-29,14655,14675,14530,14680,0,14680,"Indonesia"
2015-09-30,14643,14718,14580,14552,0,14552,"Indonesia"
2015-10-01,14733,14738,14470,14665,0,14665,"Indonesia"
2015-10-04,14585,14625,14320,14605,0,14605,"Indonesia"
2015-10-05,14450,14450,14072,14433,0,14433,"Indonesia"
2015-10-06,14025,14075,13420,14060,0,14060,"Indonesia"
2015-10-07,13690,13957,13640,13865,0,13865,"Indonesia"
2015-10-08,13570,13573,13225,13410,0,13410,"Indonesia"
2015-10-11,13380,13517,13000,13320,0,13320,"Indonesia"
2015-10-12,13540,13655,13455,13502,0,13502,"Indonesia"
2015-10-13,13575,13675,13470,13650,0,13650,"Indonesia"
2015-10-14,13370,13475,13140,13260,0,13260,"Indonesia"
2015-10-15,13550,13608,13320,13400,0,13400,"Indonesia"
2015-10-18,13450,13653,13370,13475,0,13475,"Indonesia"
2015-10-19,13570,13715,13560,13650,0,13650,"Indonesia"
2015-10-20,13658,13857,13650,13733,0,13733,"Indonesia"
2015-10-21,13635,13668,13440,13700,0,13700,"Indonesia"
2015-10-22,13350,13638,13350,13478,0,13478,"Indonesia"
2015-10-26,13625,13664,13505,13520,0,13520,"Indonesia"
2015-10-27,13510,13665,13510,13610,0,13610,"Indonesia"
2015-10-28,13613,13642,13415,13650,0,13650,"Indonesia"
2015-10-29,13593,13675,13505,13602,0,13602,"Indonesia"
2015-10-30,13623,13700,13585,13602,0,13602,"Indonesia"
2015-11-02,13620,13683,13520,13630,0,13630,"Indonesia"
2015-11-03,13560,13603,13495,13580,0,13580,"Indonesia"
2015-11-04,13475,13540,13385,13395,0,13395,"Indonesia"
2015-11-05,13563,13608,13480,13455,0,13455,"Indonesia"
2015-11-06,13553,13685,13240,13525,0,13525,"Indonesia"
2015-11-09,13685,13703,13605,13610,0,13610,"Indonesia"
2015-11-10,13620,13645,13535,13645,0,13645,"Indonesia"
2015-11-11,13568,13615,13520,13560,0,13560,"Indonesia"
2015-11-12,13548,13613,13530,13525,0,13525,"Indonesia"
2015-11-13,13643,13723,13530,13610,0,13610,"Indonesia"
2015-11-16,13760,13760,13655,13743,0,13743,"Indonesia"
2015-11-17,13675,13750,13618,13708,0,13708,"Indonesia"
2015-11-18,13742,13820,13705,13720,0,13720,"Indonesia"
2015-11-19,13765,13788,13680,13705,0,13705,"Indonesia"
2015-11-20,13733,13743,13520,13655,0,13655,"Indonesia"
2015-11-23,13653,13718,13585,13540,0,13540,"Indonesia"
2015-11-24,13640,13720,13570,13665,0,13665,"Indonesia"
2015-11-25,13595,13693,13575,13620,0,13620,"Indonesia"
2015-11-26,13720,13745,13620,13590,0,13590,"Indonesia"
2015-11-27,13753,13815,13672,13735,0,13735,"Indonesia"
2015-11-30,13800,13855,13785,13638,0,13638,"Indonesia"
2015-12-01,13835,13835,13745,13883,0,13883,"Indonesia"
2015-12-02,13765,13823,13725,13820,0,13820,"Indonesia"
2015-12-03,13790,13853,13730,13807,0,13807,"Indonesia"
2015-12-04,13840,13850,13748,13695,0,13695,"Indonesia"
2015-12-07,13823,13855,13785,13758,0,13758,"Indonesia"
2015-12-08,13871,14052,13850,13870,0,13870,"Indonesia"
2015-12-09,13925,14038,13900,13979,0,13979,"Indonesia"
2015-12-10,13830,13988,13800,13920,0,13920,"Indonesia"
2015-12-11,13955,14150,13880,13925,0,13925,"Indonesia"
2015-12-14,14045,14150,14015,14130,0,14130,"Indonesia"
2015-12-15,14035,14093,13975,13997,0,13997,"Indonesia"
2015-12-16,14035,14070,13765,13970,0,13970,"Indonesia"
2015-12-17,14000,14058,13760,13760,0,13760,"Indonesia"
2015-12-18,14000,14023,13765,14020,0,14020,"Indonesia"
2015-12-21,13883,13893,13620,13865,0,13865,"Indonesia"
2015-12-22,13630,13715,13405,13760,0,13760,"Indonesia"
2015-12-23,13610,13693,13510,13645,0,13645,"Indonesia"
2015-12-24,13580,13640,13550,13625,0,13625,"Indonesia"
2015-12-25,13630,13630,13630,13630,0,13630,"Indonesia"
2015-12-28,13565,13670,13495,13630,0,13630,"Indonesia"
2015-12-29,13645,13740,13610,13495,0,13495,"Indonesia"
2015-12-30,13725,13840,13725,13682,0,13682,"Indonesia"
2015-12-31,13740,13800,13725,13845,0,13845,"Indonesia"
2016-01-01,13775,13775,13775,13775,0,13775,"Indonesia"
2016-01-04,13845,13928,13815,13775,0,13775,"Indonesia"
2016-01-05,13930,13930,13750,13957,0,13957,"Indonesia"
2016-01-06,13800,13960,13795,13805,0,13805,"Indonesia"
2016-01-07,13800,13948,13735,13905,0,13905,"Indonesia"
2016-01-08,13898,13925,13760,13930,0,13930,"Indonesia"
2016-01-11,13928,13938,13680,13890,0,13890,"Indonesia"
2016-01-12,13848,13923,13620,13805,0,13805,"Indonesia"
2016-01-13,13855,13868,13760,13795,0,13795,"Indonesia"
2016-01-14,13868,13963,13750,13847,0,13847,"Indonesia"
2016-01-15,13855,13978,13813,13825,0,13825,"Indonesia"
2016-01-18,13910,13943,13792,13973,0,13973,"Indonesia"
2016-01-19,13870,13925,13750,13925,0,13925,"Indonesia"
2016-01-20,13855,13963,13780,13830,0,13830,"Indonesia"
2016-01-21,13905,13928,13824,13825,0,13825,"Indonesia"
2016-01-22,13873,13880,13764,13769,0,13769,"Indonesia"
2016-01-25,13830,13870,13805,13747,0,13747,"Indonesia"
2016-01-26,13923,13923,13775,13830,0,13830,"Indonesia"
2016-01-27,13858,13888,13805,13880,0,13880,"Indonesia"
2016-01-28,13873,13895,13760,13802,0,13802,"Indonesia"
2016-01-29,13780,13850,13560,13765,0,13765,"Indonesia"
2016-02-01,13728,13728,13545,13675,0,13675,"Indonesia"
2016-02-02,13628,13725,13570,13630,0,13630,"Indonesia"
2016-02-03,13700,13808,13647,13730,0,13730,"Indonesia"
2016-02-04,13640,13695,13480,13582,0,13582,"Indonesia"
2016-02-05,13640,13673,13402,13612,0,13612,"Indonesia"
2016-02-08,13585,13654,13509,13585,0,13585,"Indonesia"
2016-02-09,13625,13695,13485,13676,0,13676,"Indonesia"
2016-02-10,13590,13590,13363,13560,0,13560,"Indonesia"
2016-02-11,13330,13483,13308,13455,0,13455,"Indonesia"
2016-02-12,13438,13505,13380,13480,0,13480,"Indonesia"
2016-02-15,13478,13480,13285,13465,0,13465,"Indonesia"
2016-02-16,13280,13490,13265,13275,0,13275,"Indonesia"
2016-02-17,13448,13518,13380,13397,0,13397,"Indonesia"
2016-02-18,13455,13488,13350,13500,0,13500,"Indonesia"
2016-02-19,13485,13560,13430,13415,0,13415,"Indonesia"
2016-02-22,13440,13463,13345,13427,0,13427,"Indonesia"
2016-02-23,13403,13438,13310,13385,0,13385,"Indonesia"
2016-02-24,13443,13443,13370,13410,0,13410,"Indonesia"
2016-02-25,13370,13435,13358,13385,0,13385,"Indonesia"
2016-02-26,13348,13407,13330,13430,0,13430,"Indonesia"
2016-02-29,13395,13398,13265,13425,0,13425,"Indonesia"
2016-03-01,13330,13383,13288,13365,0,13365,"Indonesia"
2016-03-02,13298,13323,13220,13246,0,13246,"Indonesia"
2016-03-03,13240,13280,13150,13249,0,13249,"Indonesia"
2016-03-04,13155,13175,12905,13140,0,13140,"Indonesia"
2016-03-07,12970,13090,12953,13028,0,13028,"Indonesia"
2016-03-08,13105,13188,13075,13000,0,13000,"Indonesia"
2016-03-09,13196,13211,13087,13181,0,13181,"Indonesia"
2016-03-10,13143,13158,12930,13100,0,13100,"Indonesia"
2016-03-11,13128,13128,12955,13130,0,13130,"Indonesia"
2016-03-14,13020,13060,12965,12943,0,12943,"Indonesia"
2016-03-15,13040,13223,13020,12980,0,12980,"Indonesia"
2016-03-16,13165,13285,13100,13123,0,13123,"Indonesia"
2016-03-17,12970,13188,12930,12770,0,12770,"Indonesia"
2016-03-18,12960,13128,12884,12935,0,12935,"Indonesia"
2016-03-21,13095,13188,13045,13038,0,13038,"Indonesia"
2016-03-22,13130,13205,13095,13183,0,13183,"Indonesia"
2016-03-23,13120,13200,13105,13101,0,13101,"Indonesia"
2016-03-24,13225,13281,13105,13215,0,13215,"Indonesia"
2016-03-25,13233,13233,13175,13233,0,13233,"Indonesia"
2016-03-27,13260,13345,13250,13170,0,13170,"Indonesia"
2016-03-28,13333,13443,13315,13278,0,13278,"Indonesia"
2016-03-29,13273,13353,13176,13180,0,13180,"Indonesia"
2016-03-30,13230,13308,13100,13240,0,13240,"Indonesia"
2016-03-31,13155,13208,13035,13158,0,13158,"Indonesia"
2016-04-03,13133,13175,13085,13127,0,13127,"Indonesia"
2016-04-04,13130,13230,13125,13140,0,13140,"Indonesia"
2016-04-05,13220,13248,13140,13210,0,13210,"Indonesia"
2016-04-06,13188,13203,13025,13172,0,13172,"Indonesia"
2016-04-07,13160,13185,12988,13172,0,13172,"Indonesia"
2016-04-10,13050,13138,13050,13115,0,13115,"Indonesia"
2016-04-11,13100,13138,13045,13095,0,13095,"Indonesia"
2016-04-12,13073,13160,13055,13073,0,13073,"Indonesia"
2016-04-13,13223,13248,13115,13145,0,13145,"Indonesia"
2016-04-14,13175,13180,13075,13172,0,13172,"Indonesia"
2016-04-17,13135,13204,13090,13130,0,13130,"Indonesia"
2016-04-18,13130,13153,13051,13104,0,13104,"Indonesia"
2016-04-19,13100,13170,13047,13086,0,13086,"Indonesia"
2016-04-20,13178,13189,13080,13166,0,13166,"Indonesia"
2016-04-21,13120,13215,13070,13172,0,13172,"Indonesia"
2016-04-24,13228,13238,13160,13195,0,13195,"Indonesia"
2016-04-25,13203,13228,13130,13190,0,13190,"Indonesia"
2016-04-26,13150,13220,13110,13160,0,13160,"Indonesia"
2016-04-27,13190,13215,13095,13155,0,13155,"Indonesia"
2016-04-28,13173,13243,13080,13170,0,13170,"Indonesia"
2016-05-01,13170,13178,13105,13175,0,13175,"Indonesia"
2016-05-02,13115,13241,13110,13095,0,13095,"Indonesia"
2016-05-03,13238,13359,13176,13185,0,13185,"Indonesia"
2016-05-04,13325,13345,13240,13350,0,13350,"Indonesia"
2016-05-05,13320,13370,13265,13345,0,13345,"Indonesia"
2016-05-08,13290,13370,13245,13310,0,13310,"Indonesia"
2016-05-09,13335,13348,13235,13377,0,13377,"Indonesia"
2016-05-10,13255,13313,13240,13298,0,13298,"Indonesia"
2016-05-11,13260,13310,13250,13247,0,13247,"Indonesia"
2016-05-12,13303,13325,13160,13255,0,13255,"Indonesia"
2016-05-15,13308,13323,13265,13332,0,13332,"Indonesia"
2016-05-16,13300,13313,13235,13320,0,13320,"Indonesia"
2016-05-17,13318,13405,13318,13318,0,13318,"Indonesia"
2016-05-18,13490,13640,13455,13435,0,13435,"Indonesia"
2016-05-19,13593,13669,13535,13595,0,13595,"Indonesia"
2016-05-22,13585,13623,13530,13605,0,13605,"Indonesia"
2016-05-23,13573,13700,13540,13540,0,13540,"Indonesia"
2016-05-24,13643,13653,13520,13570,0,13570,"Indonesia"
2016-05-25,13580,13628,13475,13608,0,13608,"Indonesia"
2016-05-26,13549,13650,13535,13549,0,13549,"Indonesia"
2016-05-29,13595,13648,13595,13560,0,13560,"Indonesia"
2016-05-30,13612,13648,13555,13631,0,13631,"Indonesia"
2016-05-31,13650,13698,13570,13643,0,13643,"Indonesia"
2016-06-01,13610,13645,13605,13610,0,13610,"Indonesia"
2016-06-02,13580,13618,13390,13610,0,13610,"Indonesia"
2016-06-05,13463,13463,13335,13418,0,13418,"Indonesia"
2016-06-06,13353,13390,13165,13347,0,13347,"Indonesia"
2016-06-07,13230,13272,13157,13227,0,13227,"Indonesia"
2016-06-08,13175,13293,13170,13205,0,13205,"Indonesia"
2016-06-09,13301,13305,13255,13250,0,13250,"Indonesia"
2016-06-12,13326,13326,13270,13326,0,13326,"Indonesia"
2016-06-13,13298,13398,13270,13321,0,13321,"Indonesia"
2016-06-14,13360,13418,13290,13350,0,13350,"Indonesia"
2016-06-15,13323,13412,13240,13320,0,13320,"Indonesia"
2016-06-16,13365,13368,13285,13386,0,13386,"Indonesia"
2016-06-19,13273,13277,13194,13332,0,13332,"Indonesia"
2016-06-20,13235,13293,13175,13250,0,13250,"Indonesia"
2016-06-21,13255,13295,13215,13255,0,13255,"Indonesia"
2016-06-22,13180,13269,13070,13195,0,13195,"Indonesia"
2016-06-23,13125,13475,13065,13250,0,13250,"Indonesia"
2016-06-26,13443,13508,13235,13375,0,13375,"Indonesia"
2016-06-27,13280,13280,13125,13385,0,13385,"Indonesia"
2016-06-28,13188,13198,13065,13160,0,13160,"Indonesia"
2016-06-29,13158,13210,13085,13139,0,13139,"Indonesia"
2016-06-30,13141,13185,12993,13177,0,13177,"Indonesia"
2016-07-03,13115,13115,13030,13115,0,13115,"Indonesia"
2016-07-04,13138,13215,13090,13060,0,13060,"Indonesia"
2016-07-05,13160,13230,13090,13160,0,13160,"Indonesia"
2016-07-06,13180,13205,13030,13212,0,13212,"Indonesia"
2016-07-07,13160,13205,13065,13100,0,13100,"Indonesia"
2016-07-10,13110,13125,12965,13105,0,13105,"Indonesia"
2016-07-11,13130,13158,13075,13120,0,13120,"Indonesia"
2016-07-12,13045,13108,12940,13075,0,13075,"Indonesia"
2016-07-13,13078,13095,12985,13015,0,13015,"Indonesia"
2016-07-14,13073,13120,13042,13020,0,13020,"Indonesia"
2016-07-17,13118,13119,13030,13062,0,13062,"Indonesia"
2016-07-18,13083,13095,12990,13078,0,13078,"Indonesia"
2016-07-19,13055,13128,13055,13093,0,13093,"Indonesia"
2016-07-20,13040,13123,13040,13105,0,13105,"Indonesia"
2016-07-21,13030,13113,13030,13111,0,13111,"Indonesia"
2016-07-24,13115,13161,13075,13113,0,13113,"Indonesia"
2016-07-25,13130,13173,13121,13095,0,13095,"Indonesia"
2016-07-26,13135,13155,13075,13162,0,13162,"Indonesia"
2016-07-27,13100,13115,13060,13098,0,13098,"Indonesia"
2016-07-28,13083,13132,13030,13058,0,13058,"Indonesia"
2016-07-31,13061,13081,13000,13020,0,13020,"Indonesia"
2016-08-01,13074,13094,13010,13010,0,13010,"Indonesia"
2016-08-02,13075,13168,13072,13092,0,13092,"Indonesia"
2016-08-03,13117,13169,13075,13140,0,13140,"Indonesia"
2016-08-04,13109,13138,13065,13103,0,13103,"Indonesia"
2016-08-07,13131,13156,13100,13122,0,13122,"Indonesia"
2016-08-08,13102,13137,13083,13105,0,13105,"Indonesia"
2016-08-09,13106,13124,13054,13101,0,13101,"Indonesia"
2016-08-10,13094,13128,13073,13083,0,13083,"Indonesia"
2016-08-11,13091,13127,13070,13098,0,13098,"Indonesia"
2016-08-14,13106,13122,13052,13106,0,13106,"Indonesia"
2016-08-15,13078,13113,13018,13062,0,13062,"Indonesia"
2016-08-16,13111,13160,13100,13111,0,13111,"Indonesia"
2016-08-17,13115,13138,12996,13115,0,13115,"Indonesia"
2016-08-18,13112,13194,13107,13109,0,13109,"Indonesia"
2016-08-21,13180,13251,13152,13179,0,13179,"Indonesia"
2016-08-22,13210,13245,13190,13209,0,13209,"Indonesia"
2016-08-23,13236,13286,13223,13234,0,13234,"Indonesia"
2016-08-24,13258,13277,13219,13258,0,13258,"Indonesia"
2016-08-25,13251,13252,13164,13246,0,13246,"Indonesia"
2016-08-28,13308,13340,13248,13310,0,13310,"Indonesia"
2016-08-29,13251,13291,13238,13248,0,13248,"Indonesia"
2016-08-30,13283,13306,13263,13283,0,13283,"Indonesia"
2016-08-31,13277,13289,13253,13280,0,13280,"Indonesia"
2016-09-01,13271,13271,13133,13273,0,13273,"Indonesia"
2016-09-04,13195,13213,13125,13195,0,13195,"Indonesia"
2016-09-05,13123,13179,13053,13125,0,13125,"Indonesia"
2016-09-06,13058,13089,13021,13058,0,13058,"Indonesia"
2016-09-07,13069,13107,13001,13070,0,13070,"Indonesia"
2016-09-08,13063,13186,13063,13071,0,13071,"Indonesia"
2016-09-11,13176,13286,13037,13176,0,13176,"Indonesia"
2016-09-12,13171,13222,13151,13172,0,13172,"Indonesia"
2016-09-13,13239,13241,13183,13241,0,13241,"Indonesia"
2016-09-14,13192,13219,13136,13191,0,13191,"Indonesia"
2016-09-15,13146,13177,13092,13144,0,13144,"Indonesia"
2016-09-18,13163,13173,13123,13163,0,13163,"Indonesia"
2016-09-19,13129,13151,13110,13139,0,13139,"Indonesia"
2016-09-20,13157,13171,13110,13158,0,13158,"Indonesia"
2016-09-21,13067,13101,13018,13058,0,13058,"Indonesia"
2016-09-22,13064,13101,13031,13062,0,13062,"Indonesia"
2016-09-25,13053,13093,13014,13053,0,13053,"Indonesia"
2016-09-26,13032,13444,12852,13039,0,13039,"Indonesia"
2016-09-27,12918,12984,12838,12917,0,12917,"Indonesia"
2016-09-28,12928,12994,12882,12921,0,12921,"Indonesia"
2016-09-29,13003,13045,12973,13003,0,13003,"Indonesia"
2016-10-02,12965,13009,12938,12966,0,12966,"Indonesia"
2016-10-03,12965,13020,12963,12962,0,12962,"Indonesia"
2016-10-04,13030,13041,12981,13031,0,13031,"Indonesia"
2016-10-05,13012,13034,12976,13014,0,13014,"Indonesia"
2016-10-06,13001,13017,12921,13005,0,13005,"Indonesia"
2016-10-09,12968,12987,12937,12967,0,12967,"Indonesia"
2016-10-10,12925,13064,12922,12926,0,12926,"Indonesia"
2016-10-11,13068,13068,13007,13068,0,13068,"Indonesia"
2016-10-12,13019,13079,13009,13019,0,13019,"Indonesia"
2016-10-13,13044,13079,13019,13044,0,13044,"Indonesia"
2016-10-16,13091,13092,13035,13092,0,13092,"Indonesia"
2016-10-17,13050,13055,13013,13051,0,13051,"Indonesia"
2016-10-18,13022,13035,12965,13020,0,13020,"Indonesia"
2016-10-19,12986,13023,12981,12972,0,12972,"Indonesia"
2016-10-20,13004,13073,13000,13005,0,13005,"Indonesia"
2016-10-23,13102,13102,12997,13050,0,13050,"Indonesia"
2016-10-24,13016,13034,12971,13012,0,13012,"Indonesia"
2016-10-25,12980,13020,12966,12976,0,12976,"Indonesia"
2016-10-26,13024,13058,12939,13024,0,13024,"Indonesia"
2016-10-27,13048,13073,13028,13053,0,13053,"Indonesia"
2016-10-31,13063,13067,13032,13063,0,13063,"Indonesia"
2016-11-01,13016,13053,13012,13013,0,13013,"Indonesia"
2016-11-02,13040,13072,13029,13038,0,13038,"Indonesia"
2016-11-03,13049,13070,13033,13046,0,13046,"Indonesia"
2016-11-04,13068,13135,13053,13068,0,13068,"Indonesia"
2016-11-07,13115,13115,13071,13115,0,13115,"Indonesia"
2016-11-08,13075,13123,13055,13087,0,13087,"Indonesia"
2016-11-09,13041,13248,13041,13041,0,13041,"Indonesia"
2016-11-10,13144,13542,13096,13137,0,13137,"Indonesia"
2016-11-11,13414,13758,12265,13588,0,13588,"Indonesia"
2016-11-14,13340,13518,13294,13342,0,13342,"Indonesia"
2016-11-15,13458,13460,13238,13459,0,13459,"Indonesia"
2016-11-16,13313,13549,13313,13313,0,13313,"Indonesia"
2016-11-17,13377,13421,13315,13368,0,13368,"Indonesia"
2016-11-18,13421,13451,13308,13411,0,13411,"Indonesia"
2016-11-21,13478,13479,13323,13479,0,13479,"Indonesia"
2016-11-22,13415,13463,13373,13412,0,13412,"Indonesia"
2016-11-23,13435,13623,13419,13432,0,13432,"Indonesia"
2016-11-24,13610,13612,13497,13607,0,13607,"Indonesia"
2016-11-25,13558,13580,13483,13558,0,13558,"Indonesia"
2016-11-28,13487,13555,13441,13480,0,13480,"Indonesia"
2016-11-29,13484,13591,13478,13479,0,13479,"Indonesia"
2016-11-30,13499,13591,13499,13502,0,13502,"Indonesia"
2016-12-01,13571,13603,13450,13572,0,13572,"Indonesia"
2016-12-02,13519,13546,13456,13518,0,13518,"Indonesia"
2016-12-05,13621,13646,13425,13640,0,13640,"Indonesia"
2016-12-06,13433,13435,13283,13436,0,13436,"Indonesia"
2016-12-07,13295,13351,13283,13296,0,13296,"Indonesia"
2016-12-08,13277,13334,13263,13277,0,13277,"Indonesia"
2016-12-09,13306,13347,13293,13306,0,13306,"Indonesia"
2016-12-12,13361,13383,13285,13357,0,13357,"Indonesia"
2016-12-13,13278,13328,13275,13278,0,13278,"Indonesia"
2016-12-14,13279,13303,13250,13280,0,13280,"Indonesia"
2016-12-15,13419,13460,13263,13418,0,13418,"Indonesia"
2016-12-16,13400,13427,13346,13411,0,13411,"Indonesia"
2016-12-19,13380,13405,13362,13383,0,13383,"Indonesia"
2016-12-20,13371,13467,13348,13370,0,13370,"Indonesia"
2016-12-21,13422,13467,13416,13421,0,13421,"Indonesia"
2016-12-22,13438,13480,13378,13439,0,13439,"Indonesia"
2016-12-23,13451,13478,13371,13449,0,13449,"Indonesia"
2016-12-26,13439,13451,13378,13442,0,13442,"Indonesia"
2016-12-27,13440,13451,13378,13442,0,13442,"Indonesia"
2016-12-28,13429,13504,13328,13429,0,13429,"Indonesia"
2016-12-29,13491,13491,13443,13490,0,13490,"Indonesia"
2016-12-30,13466,13469,13378,13466,0,13466,"Indonesia"
2017-01-02,13505,13529,13495,13512,0,13512,"Indonesia"
2017-01-03,13505,13505,13318,13506,0,13506,"Indonesia"
2017-01-04,13449,13472,13338,13443,0,13443,"Indonesia"
2017-01-05,13347,13380,13278,13348,0,13348,"Indonesia"
2017-01-06,13319,13391,13310,13319,0,13319,"Indonesia"
2017-01-09,13351,13385,13281,13351,0,13351,"Indonesia"
2017-01-10,13315,13336,13264.5,13314,0,13314,"Indonesia"
2017-01-11,13290,13353,13271,13291,0,13291,"Indonesia"
2017-01-12,13240,13295,13230,13241,0,13241,"Indonesia"
2017-01-13,13263,13353,13258,13258,0,13258,"Indonesia"
2017-01-16,13312,13367,13312,13313,0,13313,"Indonesia"
2017-01-17,13349,13370,13296,13349,0,13349,"Indonesia"
2017-01-18,13311,13363,13309,13296,0,13296,"Indonesia"
2017-01-19,13370,13404,13349,13370,0,13370,"Indonesia"
2017-01-20,13399,13438,13356,13378,0,13378,"Indonesia"
2017-01-23,13406,13406,13336,13406,0,13406,"Indonesia"
2017-01-24,13346,13352,13286,13345,0,13345,"Indonesia"
2017-01-25,13345,13350,13310,13342,0,13342,"Indonesia"
2017-01-26,13316,13388,13293,13316,0,13316,"Indonesia"
2017-01-27,13385,13388,13331,13387,0,13387,"Indonesia"
2017-01-30,13324,13355,13308,13326,0,13326,"Indonesia"
2017-01-31,13337,13370,13318,13338,0,13338,"Indonesia"
2017-02-01,13345,13411,13339,13345,0,13345,"Indonesia"
2017-02-02,13366,13380,13303,13360,0,13360,"Indonesia"
2017-02-03,13346,13365,13299,13346,0,13346,"Indonesia"
2017-02-06,13338,13338,13286,13338,0,13338,"Indonesia"
2017-02-07,13319,13338,13296,13326,0,13326,"Indonesia"
2017-02-08,13324,13341,13285,13310,0,13310,"Indonesia"
2017-02-09,13303,13313,13249,13302,0,13302,"Indonesia"
2017-02-10,13287,13321,13266,13288,0,13288,"Indonesia"
2017-02-13,13333,13341,13308,13335,0,13335,"Indonesia"
2017-02-14,13322,13347.5,13301,13323,0,13323,"Indonesia"
2017-02-15,13320,13340,13300,13321,0,13321,"Indonesia"
2017-02-16,13316,13336,13308,13316,0,13316,"Indonesia"
2017-02-17,13320,13362.5,13320,13321,0,13321,"Indonesia"
2017-02-20,13347,13361,13326,13350,0,13350,"Indonesia"
2017-02-21,13356,13376,13347,13347,0,13347,"Indonesia"
2017-02-22,13356,13369,13335,13358,0,13358,"Indonesia"
2017-02-23,13338,13364,13302,13338,0,13338,"Indonesia"
2017-02-24,13325,13351,13303,13325,0,13325,"Indonesia"
2017-02-27,13324,13359.5,13324,13324,0,13324,"Indonesia"
2017-02-28,13340,13351,13319,13339,0,13339,"Indonesia"
2017-03-01,13393,13401,13332,13391,0,13391,"Indonesia"
2017-03-02,13393,13393,13341.5,13392,0,13392,"Indonesia"
2017-03-03,13372,13390,13352,13373,0,13373,"Indonesia"
2017-03-06,13275,13370,13270,13278,0,13278,"Indonesia"
2017-03-07,13342,13354,13323,13342,0,13342,"Indonesia"
2017-03-08,13342,13412,13320,13336,0,13336,"Indonesia"
2017-03-09,13368,13407,13358,13368,0,13368,"Indonesia"
2017-03-10,13406,13406,13341,13403,0,13403,"Indonesia"
2017-03-13,13346,13362,13337,13346,0,13346,"Indonesia"
2017-03-14,13370,13380,13347,13372,0,13372,"Indonesia"
2017-03-15,13389,13389,13349,13390,0,13390,"Indonesia"
2017-03-16,13224,13358,13221,13217,0,13217,"Indonesia"
2017-03-17,13283,13355,13283,13283,0,13283,"Indonesia"
2017-03-20,13329,13338,13286,13330,0,13330,"Indonesia"
2017-03-21,13332,13332,13290,13332,0,13332,"Indonesia"
2017-03-22,13309,13348,13308,13308,0,13308,"Indonesia"
2017-03-23,13323,13335.5,13306,13327,0,13327,"Indonesia"
2017-03-24,13319,13332,13288,13318,0,13318,"Indonesia"
2017-03-26,13320,13320,13279,13320,0,13320,"Indonesia"
2017-03-27,13307,13317,13292,13308,0,13308,"Indonesia"
2017-03-28,13308,13324,13294,13309,0,13309,"Indonesia"
2017-03-29,13301,13325,13291,13303,0,13303,"Indonesia"
2017-03-30,13298,13325,13298,13299,0,13299,"Indonesia"
2017-04-02,13332,13332,13302,13335,0,13335,"Indonesia"
2017-04-03,13315,13346,13306,13316,0,13316,"Indonesia"
2017-04-04,13331,13336,13315,13332,0,13332,"Indonesia"
2017-04-05,13317,13341,13306,13323,0,13323,"Indonesia"
2017-04-06,13352,13358,13300,13353,0,13353,"Indonesia"
2017-04-09,13371,13377,13238,13373,0,13373,"Indonesia"
2017-04-10,13270,13309,13253,13271,0,13271,"Indonesia"
2017-04-11,13293,13304,13257,13291,0,13291,"Indonesia"
2017-04-12,13278,13278,13238,13277,0,13277,"Indonesia"
2017-04-13,13273,13296,13238,13276,0,13276,"Indonesia"
2017-04-16,13284,13291,13249,13287,0,13287,"Indonesia"
2017-04-17,13279,13305,13278,13279,0,13279,"Indonesia"
2017-04-18,13294,13339,13282,13296,0,13296,"Indonesia"
2017-04-19,13342,13344,13301,13343,0,13343,"Indonesia"
2017-04-20,13317,13324,13306,13317,0,13317,"Indonesia"
2017-04-23,13100,13316,13100,13105,0,13105,"Indonesia"
2017-04-24,13104,13310,13099,13124,0,13124,"Indonesia"
2017-04-25,13296,13316,13268,13303,0,13303,"Indonesia"
2017-04-26,13255,13336,13252,13261,0,13261,"Indonesia"
2017-04-27,13350,13356,13302,13351,0,13351,"Indonesia"
2017-04-30,13322,13336,13309.5,13322,0,13322,"Indonesia"
2017-05-01,13331,13348,13292,13325,0,13325,"Indonesia"
2017-05-02,13296,13324,13282,13295,0,13295,"Indonesia"
2017-05-03,13308,13336,13308,13304,0,13304,"Indonesia"
2017-05-04,13338,13344,13309,13340,0,13340,"Indonesia"
2017-05-07,13312,13331,13294,13315,0,13315,"Indonesia"
2017-05-08,13319,13368,13311,13324,0,13324,"Indonesia"
2017-05-09,13358,13374,13336.5,13359,0,13359,"Indonesia"
2017-05-10,13354,13371,13325.5,13353,0,13353,"Indonesia"
2017-05-11,13312,13343,13311,13312,0,13312,"Indonesia"
2017-05-14,13323,13327,13283,13323,0,13323,"Indonesia"
2017-05-15,13284,13306,13281,13285,0,13285,"Indonesia"
2017-05-16,13276,13321,13273,13274,0,13274,"Indonesia"
2017-05-17,13318,13465,13304,13318,0,13318,"Indonesia"
2017-05-18,13399,13417,13288,13399,0,13399,"Indonesia"
2017-05-21,13328,13328,13255,13328,0,13328,"Indonesia"
2017-05-22,13296,13306,13270,13296,0,13296,"Indonesia"
2017-05-23,13296,13326,13285,13296,0,13296,"Indonesia"
2017-05-24,13302,13307,13264,13302,0,13302,"Indonesia"
2017-05-25,13302,13310,13278,13302,0,13302,"Indonesia"
2017-05-28,13300,13321,13288,13288,0,13288,"Indonesia"
2017-05-29,13315,13340,13295,13315,0,13315,"Indonesia"
2017-05-30,13319,13326,13296,13319,0,13319,"Indonesia"
2017-05-31,13294,13317,13289.5,13294,0,13294,"Indonesia"
2017-06-01,13288,13310,13270,13288,0,13288,"Indonesia"
2017-06-04,13304,13304,13273,13304,0,13304,"Indonesia"
2017-06-05,13284,13296,13261,13283,0,13283,"Indonesia"
2017-06-06,13259,13313,13259,13259,0,13259,"Indonesia"
2017-06-07,13313,13314,13284,13313,0,13313,"Indonesia"
2017-06-08,13293,13303,13280,13293,0,13293,"Indonesia"
2017-06-11,13295,13311,13261,13295,0,13295,"Indonesia"
2017-06-12,13311,13318,13274,13314,0,13314,"Indonesia"
2017-06-13,13282,13291,13257,13282,0,13282,"Indonesia"
2017-06-14,13266,13316,13259,13286,0,13286,"Indonesia"
2017-06-15,13282,13311,13275,13294,0,13294,"Indonesia"
2017-06-18,13278,13309,13264,13277,0,13277,"Indonesia"
2017-06-19,13286,13308,13277,13286,0,13286,"Indonesia"
2017-06-20,13286,13320,13283,13291,0,13291,"Indonesia"
2017-06-21,13309,13330,13300,13301,0,13301,"Indonesia"
2017-06-22,13339,13341,13272,13341,0,13341,"Indonesia"
2017-06-25,13282,13316,13274,13284,0,13284,"Indonesia"
2017-06-26,13298,13325,13279,13318,0,13318,"Indonesia"
2017-06-27,13310,13348,13301,13308,0,13308,"Indonesia"
2017-06-28,13299,13335,13243,13296,0,13296,"Indonesia"
2017-06-29,13314,13357,13275,13278,0,13278,"Indonesia"
2017-07-02,13297,13399.5,13297,13298,0,13298,"Indonesia"
2017-07-03,13366,13397,13352,13364,0,13364,"Indonesia"
2017-07-04,13347,13396,13340,13351,0,13351,"Indonesia"
2017-07-05,13362,13408,13353,13363,0,13363,"Indonesia"
2017-07-06,13381,13417,13369,13383,0,13383,"Indonesia"
2017-07-09,13407,13411,13384,13408,0,13408,"Indonesia"
2017-07-10,NA,NA,NA,NA,NA,NA,"Indonesia"
2017-07-11,13346,13375,13309,13349,0,13349,"Indonesia"
2017-07-12,13363,13365,13324,13363,0,13363,"Indonesia"
2017-07-13,13341,13345,13287,13341,0,13341,"Indonesia"
2017-07-16,13332,13332,13287,13332,0,13332,"Indonesia"
2017-07-17,13321,13321,13292.5,13321,0,13321,"Indonesia"
2017-07-18,13302,13324,13287,13302,0,13302,"Indonesia"
2017-07-19,13307,13334,13302,13309,0,13309,"Indonesia"
2017-07-20,13299,13329.5,13299,13303,0,13303,"Indonesia"
2017-07-23,13264,13320,13264,13265,0,13265,"Indonesia"
2017-07-24,13316,13327,13302,13316,0,13316,"Indonesia"
2017-07-25,13328,13344,13309,13328,0,13328,"Indonesia"
2017-07-26,13329,13335,13302,13329,0,13329,"Indonesia"
2017-07-27,13311,13333,13311,13311,0,13311,"Indonesia"
2017-07-30,13320,13327,13314,13320,0,13320,"Indonesia"
2017-07-31,13295,13330,13295,13318,0,13318,"Indonesia"
2017-08-01,13317,13337,13311.5,13317,0,13317,"Indonesia"
2017-08-02,13317,13334,13316,13317,0,13317,"Indonesia"
2017-08-03,13319,13327,13299,13319,0,13319,"Indonesia"
2017-08-06,13309,13322,13308,13309,0,13309,"Indonesia"
2017-08-07,13314,13321,13296,13315,0,13315,"Indonesia"
2017-08-08,13308,13354,13306,13306,0,13306,"Indonesia"
2017-08-09,13326,13366,13326,13326,0,13326,"Indonesia"
2017-08-10,13327,13382,13325,13327,0,13327,"Indonesia"
2017-08-13,13351,13358,13333,13351,0,13351,"Indonesia"
2017-08-14,13342,13370,13335,13342,0,13342,"Indonesia"
2017-08-15,13354,13378,13354,13354,0,13354,"Indonesia"
2017-08-16,13356,13372,13345,13350,0,13350,"Indonesia"
2017-08-17,13372,13372,13350,13372,0,13372,"Indonesia"
2017-08-20,13355,13363,13329,13355,0,13355,"Indonesia"
2017-08-21,13343,13353,13323,13344,0,13344,"Indonesia"
2017-08-22,13327,13355,13325,13325,0,13325,"Indonesia"
2017-08-23,13350,13355,13330,13351,0,13351,"Indonesia"
2017-08-24,13333,13351,13323,13333,0,13333,"Indonesia"
2017-08-27,13339,13340,13321,13339,0,13339,"Indonesia"
2017-08-28,13304,13352,13294,13303,0,13303,"Indonesia"
2017-08-29,13332,13351,13328,13333,0,13333,"Indonesia"
2017-08-30,13338,13352,13314,13334,0,13334,"Indonesia"
2017-08-31,13321,13338,13298,13321,0,13321,"Indonesia"
2017-09-03,13331,13347,13316,13331,0,13331,"Indonesia"
2017-09-04,13354,13356,13308,13353,0,13353,"Indonesia"
2017-09-05,13334,13341,13312,13333,0,13333,"Indonesia"
2017-09-06,13333,13337,13280,13339,0,13339,"Indonesia"
2017-09-07,13290,13292,13151,13289,0,13289,"Indonesia"
2017-09-10,13197,13197,13121,13197,0,13197,"Indonesia"
2017-09-11,13174,13217,13172,13176,0,13176,"Indonesia"
2017-09-12,13209,13232,13191,13208,0,13208,"Indonesia"
2017-09-13,13242,13286,13222,13242,0,13242,"Indonesia"
2017-09-14,13263,13265,13222,13262,0,13262,"Indonesia"
2017-09-17,13249,13268,13229,13252,0,13252,"Indonesia"
2017-09-18,13267,13278,13240,13268,0,13268,"Indonesia"
2017-09-19,13262,13276,13254,13256,0,13256,"Indonesia"
2017-09-20,13273,13348,13272,13273,0,13273,"Indonesia"
2017-09-21,13271,13336,13271,13273,0,13273,"Indonesia"
2017-09-24,13306,13329,13270,13306,0,13306,"Indonesia"
2017-09-25,13319,13401,13319,13319,0,13319,"Indonesia"
2017-09-26,13370,13461,13363,13375,0,13375,"Indonesia"
2017-09-27,13433,13566,13419,13433,0,13433,"Indonesia"
2017-09-28,13508,13508,13372,13508,0,13508,"Indonesia"
2017-10-01,13465,13573,13405,13465,0,13465,"Indonesia"
2017-10-02,13531,13594,13504,13531,0,13531,"Indonesia"
2017-10-03,13536,13536,13435,13536,0,13536,"Indonesia"
2017-10-04,13470,13485,13418,13470,0,13470,"Indonesia"
2017-10-05,13457,13547,13435,13451,0,13451,"Indonesia"
2017-10-08,13497,13535,13487,13497,0,13497,"Indonesia"
2017-10-09,13510,13516,13473,13510,0,13510,"Indonesia"
2017-10-10,13506,13535,13488,13510,0,13510,"Indonesia"
2017-10-11,13510,13532,13485,13510,0,13510,"Indonesia"
2017-10-12,13498,13511,13431,13498,0,13498,"Indonesia"
2017-10-15,13492,13492,13452,13492,0,13492,"Indonesia"
2017-10-16,13476,13509.5,13475,13476,0,13476,"Indonesia"
2017-10-17,13494,13524,13438,13495,0,13495,"Indonesia"
2017-10-18,13508,13530,13494,13510,0,13510,"Indonesia"
2017-10-19,13489,13530,13486,13490,0,13490,"Indonesia"
2017-10-22,13516,13537,13516,13516,0,13516,"Indonesia"
2017-10-23,13530,13584,13514,13535,0,13535,"Indonesia"
2017-10-24,13526,13584,13524,13525,0,13525,"Indonesia"
2017-10-25,13571,13621,13540,13572,0,13572,"Indonesia"
2017-10-26,13643,13647,13594,13643,0,13643,"Indonesia"
2017-10-30,13588,13610,13553,13588,0,13588,"Indonesia"
2017-10-31,13575,13577,13537,13574,0,13574,"Indonesia"
2017-11-01,13552,13595,13537,13554,0,13554,"Indonesia"
2017-11-02,13551,13572,13506,13553,0,13553,"Indonesia"
2017-11-03,13540,13547,13453,13543,0,13543,"Indonesia"
2017-11-06,13480,13536,13480,13480,0,13480,"Indonesia"
2017-11-07,13484,13540,13479,13483,0,13483,"Indonesia"
2017-11-08,13515,13533,13487,13514,0,13514,"Indonesia"
2017-11-09,13497,13531,13497,13503,0,13503,"Indonesia"
2017-11-10,13508,13569,13504,13527,0,13527,"Indonesia"
2017-11-13,13511,13565,13511,13512,0,13512,"Indonesia"
2017-11-14,13549,13556,13520,13553,0,13553,"Indonesia"
2017-11-15,13545,13551,13508,13545,0,13545,"Indonesia"
2017-11-16,NA,NA,NA,NA,NA,NA,"Indonesia"
2017-11-17,13509,13528,13485,13514,0,13514,"Indonesia"
2017-11-20,13508,13535,13508,13508,0,13508,"Indonesia"
2017-11-21,13524,13546,13498,13525,0,13525,"Indonesia"
2017-11-22,13513,13524,13480,13519,0,13519,"Indonesia"
2017-11-23,13489,13521,13472,13491,0,13491,"Indonesia"
2017-11-24,13483,13514.5,13473,13489,0,13489,"Indonesia"
2017-11-27,13498,13524,13488,13498,0,13498,"Indonesia"
2017-11-28,13510,13528,13488.5,13511,0,13511,"Indonesia"
2017-11-29,13499,13515,13485.5,13500,0,13500,"Indonesia"
2017-11-30,13499,13541,13497,13504,0,13504,"Indonesia"
2017-12-01,13541,13542,13508,13541,0,13541,"Indonesia"
2017-12-04,13569,13569,13493,13560,0,13560,"Indonesia"
2017-12-05,13495,13532,13491,13494,0,13494,"Indonesia"
2017-12-06,13514,13552,13500,13513,0,13513,"Indonesia"
2017-12-07,13537,13556,13532,13534,0,13534,"Indonesia"
2017-12-08,13556,13558,13534,13553,0,13553,"Indonesia"
2017-12-11,13505,13563,13480,13507,0,13507,"Indonesia"
2017-12-12,13557,13619,13541,13552,0,13552,"Indonesia"
2017-12-13,13551,13601,13531,13551,0,13551,"Indonesia"
2017-12-14,13541,13594,13539,13540,0,13540,"Indonesia"
2017-12-15,13554,13579,13552,13554,0,13554,"Indonesia"
2017-12-18,13568,13602,13568,13568,0,13568,"Indonesia"
2017-12-19,13569,13589,13562,13580,0,13580,"Indonesia"
2017-12-20,13576,13578,13560,13575,0,13575,"Indonesia"
2017-12-21,13573,13574,13532,13573,0,13573,"Indonesia"
2017-12-22,13565,13575,13541,13562,0,13562,"Indonesia"
2017-12-25,13550,13559,13517,13551,0,13551,"Indonesia"
2017-12-26,13533,13562,13532,13532,0,13532,"Indonesia"
2017-12-27,13551,13561,13531,13552,0,13552,"Indonesia"
2017-12-28,13558,13559,13518,13558,0,13558,"Indonesia"
2017-12-29,13562,13568,13506,13558,0,13558,"Indonesia"
2018-01-01,13542,13547,13527,13542,0,13542,"Indonesia"
2018-01-02,13556,13557,13467,13550,0,13550,"Indonesia"
2018-01-03,13496,13506,13422,13496,0,13496,"Indonesia"
2018-01-04,13472,13478,13405,13468,0,13468,"Indonesia"
2018-01-05,13414,13427,13384,13415,0,13415,"Indonesia"
2018-01-08,13428,13509,13378,13427,0,13427,"Indonesia"
2018-01-09,13431,13443,13405,13427,0,13427,"Indonesia"
2018-01-10,13429,13455,13413,13430,0,13430,"Indonesia"
2018-01-11,13441,13441,13338,13441,0,13441,"Indonesia"
2018-01-12,13393,13395,13315,13393,0,13393,"Indonesia"
2018-01-15,13272,13343,13265,13295,0,13295,"Indonesia"
2018-01-16,13305,13341,13304,13305,0,13305,"Indonesia"
2018-01-17,13306,13366,13304,13306,0,13306,"Indonesia"
2018-01-18,13335,13371,13328,13336,0,13336,"Indonesia"
2018-01-19,13337,13344,13277,13334,0,13334,"Indonesia"
2018-01-22,13332,13354,13317,13325,0,13325,"Indonesia"
2018-01-23,13339,13352,13299,13342,0,13342,"Indonesia"
2018-01-24,13336,13336,13290,13336,0,13336,"Indonesia"
2018-01-25,13297,13303,13256,13298,0,13298,"Indonesia"
2018-01-26,13300,13325,13285,13299,0,13299,"Indonesia"
2018-01-29,13296,13404,13290,13296,0,13296,"Indonesia"
2018-01-30,13366,13437,13360,13367,0,13367,"Indonesia"
2018-01-31,13420,13426,13359,13421,0,13421,"Indonesia"
2018-02-01,13384,13434,13378,13383,0,13383,"Indonesia"
2018-02-02,13387,13507,13385,13386,0,13386,"Indonesia"
2018-02-05,13445,13512,13445,13411,0,13411,"Indonesia"
2018-02-06,13565,13614,13520,13564,0,13564,"Indonesia"
2018-02-07,13544,13570,13517,13544,0,13544,"Indonesia"
2018-02-08,13641,13682,13566,13641,0,13641,"Indonesia"
2018-02-09,13598,13666,13598,13598,0,13598,"Indonesia"
2018-02-12,13611,13648,13593,13610,0,13610,"Indonesia"
2018-02-13,13643,13655,13618,13643,0,13643,"Indonesia"
2018-02-14,13632,13679.5,13598,13640,0,13640,"Indonesia"
2018-02-15,13622,13622,13510,13622,0,13622,"Indonesia"
2018-02-16,13552,13557,13489,13552,0,13552,"Indonesia"
2018-02-19,13552,13564,13525,13552,0,13552,"Indonesia"
2018-02-20,13554,13632,13535,13554,0,13554,"Indonesia"
2018-02-21,13608,13616,13562,13608,0,13608,"Indonesia"
2018-02-22,13620,13705,13608,13612,0,13612,"Indonesia"
2018-02-23,13668,13687,13649,13676,0,13676,"Indonesia"
2018-02-26,13686,13704,13642,13652,0,13652,"Indonesia"
2018-02-27,13655,13701.5,13639,13651,0,13651,"Indonesia"
2018-02-28,13681,13766,13675,13694,0,13694,"Indonesia"
2018-03-01,13757,13808,13743,13756,0,13756,"Indonesia"
2018-03-02,13782,13787,13723,13741,0,13741,"Indonesia"
2018-03-05,13751,13777,13731,13751,0,13751,"Indonesia"
2018-03-06,13736,13783,13696,13737,0,13737,"Indonesia"
2018-03-07,13718,13777,13718,13759,0,13759,"Indonesia"
2018-03-08,13742,13822,13740,13745,0,13745,"Indonesia"
2018-03-09,13786,13813,13732.5,13786,0,13786,"Indonesia"
2018-03-12,13772,13776,13741,13772,0,13772,"Indonesia"
2018-03-13,13751,13765,13702,13755,0,13755,"Indonesia"
2018-03-14,13732,13759,13717.5,13740,0,13740,"Indonesia"
2018-03-15,13708,13773,13708,13725,0,13725,"Indonesia"
2018-03-16,13759,13770,13734,13758,0,13758,"Indonesia"
2018-03-19,13750,13775,13740,13748,0,13748,"Indonesia"
2018-03-20,13779,13779,13732,13771,0,13771,"Indonesia"
2018-03-21,13744,13765,13738,13743,0,13743,"Indonesia"
2018-03-22,13728,13783,13673,13705,0,13705,"Indonesia"
2018-03-23,13764,13810,13748,13754,0,13754,"Indonesia"
2018-03-25,13758,13800,13708,13762,0,13762,"Indonesia"
2018-03-26,13706,13746,13689,13718,0,13718,"Indonesia"
2018-03-27,13727,13761,13712,13740,0,13740,"Indonesia"
2018-03-28,13751,13770,13720.5,13756,0,13756,"Indonesia"
2018-03-29,13770,13770,13715,13757,0,13757,"Indonesia"
2018-04-01,13786,13786,13721.5,13768,0,13768,"Indonesia"
2018-04-02,13753,13774,13727,13748,0,13748,"Indonesia"
2018-04-03,13741,13781,13735,13741,0,13741,"Indonesia"
2018-04-04,13755,13792.5,13750,13751,0,13751,"Indonesia"
2018-04-05,13777,13785.400390625,13759.7998046875,13760,0,13760,"Indonesia"
2018-04-08,13763,13787,13749,13763,0,13763,"Indonesia"
2018-04-09,13774.5,13774.5,13733,13768,0,13768,"Indonesia"
2018-04-10,13742.099609375,13766.5,13736,13742.099609375,0,13742.099609375,"Indonesia"
2018-04-11,13753.5,13780.5,13750,13753.5,0,13753.5,"Indonesia"
2018-04-12,13766,13776.5,13739,13767,0,13767,"Indonesia"
2018-04-15,13731,13783.7998046875,13731,13733,0,13733,"Indonesia"
2018-04-16,13770,13778.900390625,13756,13766,0,13766,"Indonesia"
2018-04-17,13766,13775.5,13751,13757,0,13757,"Indonesia"
2018-04-18,13760,13838,13747,13769,0,13769,"Indonesia"
2018-04-19,13823.5,13950.5,13790,13800,0,13800,"Indonesia"
2018-04-22,13902,13986,13885.7998046875,13899,0,13899,"Indonesia"
2018-04-23,13967.099609375,13983.7001953125,13848.5,13961,0,13961,"Indonesia"
2018-04-24,13865,13947.599609375,13856,13872,0,13872,"Indonesia"
2018-04-25,13913,13946,13842,13919,0,13919,"Indonesia"
2018-04-26,13940,13940,13838,13879,0,13879,"Indonesia"
2018-04-29,13865,13922,13837,13870,0,13870,"Indonesia"
2018-04-30,13915.5,13989,13901,13901,0,13901,"Indonesia"
2018-05-01,13982.5,13995.7001953125,13926.099609375,13982.2998046875,0,13982.2998046875,"Indonesia"
2018-05-02,14002.5,14061,13896.5,14002.2998046875,0,14002.2998046875,"Indonesia"
2018-05-03,13934.5,13985.2998046875,13921.5,13931,0,13931,"Indonesia"
2018-05-06,13933,14046.900390625,13933,13933,0,13933,"Indonesia"
2018-05-07,14268.5,14268.5,13983,14268.5,0,14268.5,"Indonesia"
2018-05-08,14067.099609375,14124.900390625,14016.7998046875,14264.099609375,0,14264.099609375,"Indonesia"
2018-05-09,14073,14173.5,13982.2998046875,14073,0,14073,"Indonesia"
2018-05-10,14110,14110,13899.5,14073,0,14073,"Indonesia"
2018-05-13,13943,14065,13923.2998046875,13943,0,13943,"Indonesia"
2018-05-14,13988,14130.2998046875,13963,13963,0,13963,"Indonesia"
2018-05-15,14030,14120.5,14016.5,14030,0,14030,"Indonesia"
2018-05-16,14149.2001953125,14149.2001953125,14013.2998046875,14149.2001953125,0,14149.2001953125,"Indonesia"
2018-05-17,14153.5,14167.2998046875,14062.5,14153.5,0,14153.5,"Indonesia"
2018-05-20,14167,14218.7998046875,14143,14163,0,14163,"Indonesia"
2018-05-21,14220,14220,14100.2998046875,14220,0,14220,"Indonesia"
2018-05-22,14200.7998046875,14213.400390625,14093.2998046875,14200.7998046875,0,14200.7998046875,"Indonesia"
2018-05-23,14170,14233.5,14111,14169,0,14169,"Indonesia"
2018-05-24,14118,14165.900390625,14026.2998046875,14124,0,14124,"Indonesia"
2018-05-27,14081,14084,13960.900390625,14078,0,14078,"Indonesia"
2018-05-28,14001,14070.2998046875,13969.7998046875,14010,0,14010,"Indonesia"
2018-05-29,14014,14049.7998046875,13921,14029,0,14029,"Indonesia"
2018-05-30,13977,13984,13853,13977,0,13977,"Indonesia"
2018-05-31,13923.5,13923.5,13817,13880,0,13880,"Indonesia"
2018-06-03,13946,13946,13849,13938,0,13938,"Indonesia"
2018-06-04,13903,13903,13858,13860,0,13860,"Indonesia"
2018-06-05,13880,13886.2998046875,13827,13870,0,13870,"Indonesia"
2018-06-06,13823,13949.7998046875,13816,13822,0,13822,"Indonesia"
2018-06-07,13933,14050.5,13872,13863,0,13863,"Indonesia"
2018-06-10,13867,13974.2001953125,13865,13866,0,13866,"Indonesia"
2018-06-11,13984.900390625,14062.900390625,13923,13923,0,13923,"Indonesia"
2018-06-12,13923,14106.2998046875,13920,13923,0,13923,"Indonesia"
2018-06-13,13923,14053.5,13917.5,13923,0,13923,"Indonesia"
2018-06-14,14122.7001953125,14122.7001953125,13923,14121.400390625,0,14121.400390625,"Indonesia"
2018-06-17,13923,14114.400390625,13923,13923,0,13923,"Indonesia"
2018-06-18,13923,14264.599609375,13923,13923,0,13923,"Indonesia"
2018-06-19,13923,14251.7998046875,13923,13923,0,13923,"Indonesia"
2018-06-20,13923,14145.2998046875,13923,13923,0,13923,"Indonesia"
2018-06-21,14071,14168.7998046875,14047.2998046875,14088,0,14088,"Indonesia"
2018-06-24,14073,14259.7001953125,14073,14073,0,14073,"Indonesia"
2018-06-25,14148,14224.2998046875,14127.2998046875,14148,0,14148,"Indonesia"
2018-06-26,14198,14259,14154.5,14188,0,14188,"Indonesia"
2018-06-27,14242.2998046875,14396,14217.2998046875,14235,0,14235,"Indonesia"
2018-06-28,14328,14402,14254.5,14350,0,14350,"Indonesia"
2018-07-01,14319,14415.599609375,14282,14317,0,14317,"Indonesia"
2018-07-02,14347,14483,14328,14347,0,14347,"Indonesia"
2018-07-03,14347,14374.400390625,14298.599609375,14353,0,14353,"Indonesia"
2018-07-04,14400,14428.2001953125,14309,14400,0,14400,"Indonesia"
2018-07-05,14458.099609375,14458.099609375,14330,14378.7998046875,0,14378.7998046875,"Indonesia"
2018-07-08,14308,14378.7998046875,14270.400390625,14307,0,14307,"Indonesia"
2018-07-09,14327,14376,14301,14311,0,14311,"Indonesia"
2018-07-10,14361,14441.7001953125,14301.7998046875,14375,0,14375,"Indonesia"
2018-07-11,14378,14438,14327.2998046875,14378,0,14378,"Indonesia"
2018-07-12,14387.5,14468.7001953125,14323.599609375,14385,0,14385,"Indonesia"
2018-07-15,14373,14455.2998046875,14356.5,14373,0,14373,"Indonesia"
2018-07-16,14365.5,14396.7001953125,14354,14365.5,0,14365.5,"Indonesia"
2018-07-17,14377,14429.2998046875,14376,14377,0,14377,"Indonesia"
2018-07-18,14476.900390625,14553,14388,14441,0,14441,"Indonesia"
2018-07-19,14468,14549,14438.7998046875,14468,0,14468,"Indonesia"
2018-07-22,14473,14521.2998046875,14439.7998046875,14473,0,14473,"Indonesia"
2018-07-23,14569.2001953125,14569.2001953125,14460.7001953125,14567.5,0,14567.5,"Indonesia"
2018-07-24,14543.5,14543.5,14421,14543.2998046875,0,14543.2998046875,"Indonesia"
2018-07-25,14465,14474.5,14396.7998046875,14465,0,14465,"Indonesia"
2018-07-26,14525,14525,14339.5,14525,0,14525,"Indonesia"
2018-07-29,14411,14444,14377.5,14411,0,14411,"Indonesia"
2018-07-30,14399.099609375,14435.7001953125,14389.5,14403,0,14403,"Indonesia"
2018-07-31,14409.2001953125,14450.400390625,14392.5,14409.2001953125,0,14409.2001953125,"Indonesia"
2018-08-01,14489.2001953125,14497.7998046875,14432.7998046875,14489,0,14489,"Indonesia"
2018-08-02,14521.7001953125,14527.599609375,14439,14521,0,14521,"Indonesia"
2018-08-05,14486,14536.5,14444,14486,0,14486,"Indonesia"
2018-08-06,14545,14545,14412,14543.2998046875,0,14543.2998046875,"Indonesia"
2018-08-07,14422,14454,14417,14422,0,14422,"Indonesia"
2018-08-08,14402.400390625,14438.7998046875,14374,14398,0,14398,"Indonesia"
2018-08-09,14480,14548,14415,14472,0,14472,"Indonesia"
2018-08-12,14472,14689.7001953125,14468,14473,0,14473,"Indonesia"
2018-08-13,14594,14657.2998046875,14520,14594,0,14594,"Indonesia"
2018-08-14,14665,14692.5,14572.5,14642,0,14642,"Indonesia"
2018-08-15,14695,14715,14571.7998046875,14555.7998046875,0,14555.7998046875,"Indonesia"
2018-08-16,14598.599609375,14645,14568.5,14598.599609375,0,14598.599609375,"Indonesia"
2018-08-19,14572,14608.599609375,14559,14572,0,14572,"Indonesia"
2018-08-20,14585,14601.5,14557,14562,0,14562,"Indonesia"
2018-08-21,14570,14611.2001953125,14529,14570,0,14570,"Indonesia"
2018-08-22,14645.5,14647,14570,14572,0,14572,"Indonesia"
2018-08-23,14644,14663,14572,14664,0,14664,"Indonesia"
2018-08-26,14570,14693.7998046875,14534,14559,0,14559,"Indonesia"
2018-08-27,14539,14684.7998046875,14539,14551,0,14551,"Indonesia"
2018-08-28,14681,14703,14616,14653,0,14653,"Indonesia"
2018-08-29,14617,14839,14605,14618,0,14618,"Indonesia"
2018-08-30,14751,14882.2998046875,14700,14751,0,14751,"Indonesia"
2018-09-02,14723,14872.5,14721.7998046875,14723,0,14723,"Indonesia"
2018-09-03,14841,15031.2001953125,14819,14832,0,14832,"Indonesia"
2018-09-04,14931,15358.7998046875,14904,14930,0,14930,"Indonesia"
2018-09-05,14979.900390625,14998.2998046875,14814.2001953125,14979.900390625,0,14979.900390625,"Indonesia"
2018-09-06,14892,14947.2998046875,14827,14893,0,14893,"Indonesia"
2018-09-09,14813,14950.2998046875,14808.2001953125,14813,0,14813,"Indonesia"
2018-09-10,14844.5,14898.5,14775,14844.5,0,14844.5,"Indonesia"
2018-09-11,14863,15120.900390625,14730.5,14837,0,14837,"Indonesia"
2018-09-12,14801,14851,14705,14807,0,14807,"Indonesia"
2018-09-13,14740,14841,14738,14740,0,14740,"Indonesia"
2018-09-16,14805,14906,14790,14807,0,14807,"Indonesia"
2018-09-17,14907.099609375,14933.2001953125,14814,14907.099609375,0,14907.099609375,"Indonesia"
2018-09-18,14869,14900.5,14829,14867,0,14867,"Indonesia"
2018-09-19,14890,14890,14791,14880,0,14880,"Indonesia"
2018-09-20,14836,14889.400390625,14787.900390625,14832,0,14832,"Indonesia"
2018-09-23,14812,14907.5,14812,14812,0,14812,"Indonesia"
2018-09-24,14900.7998046875,15007,14861,14861,0,14861,"Indonesia"
2018-09-25,15021.5,15021.5,14896.5,15021.5,0,15021.5,"Indonesia"
2018-09-26,14985,14985,14862.5,14985,0,14985,"Indonesia"
2018-09-27,14918.7998046875,14937.5,14845.5,14918.7998046875,0,14918.7998046875,"Indonesia"
2018-09-30,14902,14946,14885,14902,0,14902,"Indonesia"
2018-10-01,15055.7998046875,15255,14943,15053.2998046875,0,15053.2998046875,"Indonesia"
2018-10-02,15058.2001953125,15184.2001953125,15033.7001953125,15038,0,15038,"Indonesia"
2018-10-03,15139.2001953125,15380,15068,15139.2001953125,0,15139.2001953125,"Indonesia"
2018-10-04,15409.099609375,15409.099609375,15147.7001953125,15408.900390625,0,15408.900390625,"Indonesia"
2018-10-07,15173,15309.2998046875,15138.7998046875,15173,0,15173,"Indonesia"
2018-10-08,15400,15400,15208.7998046875,15400,0,15400,"Indonesia"
2018-10-09,15223,15240.7001953125,15169.400390625,15223,0,15223,"Indonesia"
2018-10-10,15231.7998046875,15290.7998046875,15141.7998046875,15196,0,15196,"Indonesia"
2018-10-11,15228,15320,15158.099609375,15299.2001953125,0,15299.2001953125,"Indonesia"
2018-10-14,15198,15344.2001953125,15140.5,15198,0,15198,"Indonesia"
2018-10-15,15193.7001953125,15258,15127.599609375,15193.7998046875,0,15193.7998046875,"Indonesia"
2018-10-16,15209.599609375,15209.599609375,15138.400390625,15193,0,15193,"Indonesia"
2018-10-17,15263.5,15263.5,15153.2998046875,15264.2998046875,0,15264.2998046875,"Indonesia"
2018-10-18,15327.7001953125,15327.7001953125,15168,15328.5,0,15328.5,"Indonesia"
2018-10-21,15181,15226,15159.2998046875,15181,0,15181,"Indonesia"
2018-10-22,15263.900390625,15263.900390625,15163,15264.7001953125,0,15264.7001953125,"Indonesia"
2018-10-23,15165.5,15247.5,15165.5,15183,0,15183,"Indonesia"
2018-10-24,15272,15272,15168.599609375,15269.5,0,15269.5,"Indonesia"
2018-10-25,15259.7998046875,15271.7998046875,15181,15257.2998046875,0,15257.2998046875,"Indonesia"
2018-10-29,15210,15289.900390625,15203,15210,0,15210,"Indonesia"
2018-10-30,15300.2998046875,15300.2998046875,15179.5,15297.7998046875,0,15297.7998046875,"Indonesia"
2018-10-31,15275.599609375,15275.599609375,15159.099609375,15273.099609375,0,15273.099609375,"Indonesia"
2018-11-01,15196,15208.400390625,15060.2001953125,15196,0,15196,"Indonesia"
2018-11-02,15068.7001953125,15121,14875.7998046875,15068.7001953125,0,15068.7001953125,"Indonesia"
2018-11-05,14946,15023.099609375,14922.2998046875,14946,0,14946,"Indonesia"
2018-11-06,14921.599609375,14969,14757,14921.599609375,0,14921.599609375,"Indonesia"
2018-11-07,14830,14830,14514.2001953125,14830,0,14830,"Indonesia"
2018-11-08,14594.2001953125,14674.7001953125,14461,14598.900390625,0,14598.900390625,"Indonesia"
2018-11-09,14719.2001953125,14755,14601,14720,0,14720,"Indonesia"
2018-11-12,14678,14860,14631.099609375,14678,0,14678,"Indonesia"
2018-11-13,14808,14924.5,14777.2998046875,14808,0,14808,"Indonesia"
2018-11-14,14794.2998046875,14831.7001953125,14699.099609375,14794.2998046875,0,14794.2998046875,"Indonesia"
2018-11-15,14815.7998046875,14815.7998046875,14579.099609375,14813.2998046875,0,14813.2998046875,"Indonesia"
2018-11-16,14562.2001953125,14617.2998046875,14519.099609375,14562.2001953125,0,14562.2001953125,"Indonesia"
2018-11-19,14605,14639.2001953125,14521.599609375,14605,0,14605,"Indonesia"
2018-11-20,14655.2001953125,14668,14515.099609375,14652.7001953125,0,14652.7001953125,"Indonesia"
2018-11-21,14663.5,14663.5,14557.2998046875,14664.2998046875,0,14664.2998046875,"Indonesia"
2018-11-22,14629.2001953125,14634.7998046875,14503.099609375,14630,0,14630,"Indonesia"
2018-11-23,14600,14600,14504.400390625,14600,0,14600,"Indonesia"
2018-11-26,14533,14553,14409.099609375,14533,0,14533,"Indonesia"
2018-11-27,14524.099609375,14543.7001953125,14464.099609375,14526.900390625,0,14526.900390625,"Indonesia"
2018-11-28,14528.7001953125,14557.7001953125,14506.5,14575.5,0,14575.5,"Indonesia"
2018-11-29,14459.7998046875,14521,14309.5,14459.7998046875,0,14459.7998046875,"Indonesia"
2018-11-30,14358.5,14376,14253,14356,0,14356,"Indonesia"
2018-12-03,14296,14322.2998046875,13971.7001953125,14296,0,14296,"Indonesia"
2018-12-04,14339,14370.099609375,14258,14339,0,14339,"Indonesia"
2018-12-05,14451.099609375,14451.099609375,14358,14448.599609375,0,14448.599609375,"Indonesia"
2018-12-06,14429.400390625,14614,14419,14431.599609375,0,14431.599609375,"Indonesia"
2018-12-07,14526,14572,14437.5,14528,0,14528,"Indonesia"
2018-12-10,14463,14650,14463,14463,0,14463,"Indonesia"
2018-12-11,14592.2998046875,14678.599609375,14546.7998046875,14548,0,14548,"Indonesia"
2018-12-12,14639.900390625,14639.900390625,14512.900390625,14637.400390625,0,14637.400390625,"Indonesia"
2018-12-13,14580,14591,14456.5,14579.7998046875,0,14579.7998046875,"Indonesia"
2018-12-14,14549.2001953125,14628.7001953125,14488,14550,0,14550,"Indonesia"
2018-12-17,14578,14626.599609375,14538,14578,0,14578,"Indonesia"
2018-12-18,14588.7001953125,14590.2001953125,14438,14588.7001953125,0,14588.7001953125,"Indonesia"
2018-12-19,14418.099609375,14466,14343,14490,0,14490,"Indonesia"
2018-12-20,14508,14549.2998046875,14410,14493,0,14493,"Indonesia"
2018-12-21,14529,14627.7998046875,14448,14534.7998046875,0,14534.7998046875,"Indonesia"
2018-12-24,14548,14621,14548,14548,0,14548,"Indonesia"
2018-12-25,14548,14607.5,14548,14548,0,14548,"Indonesia"
2018-12-26,14710,14710,14549,14710,0,14710,"Indonesia"
2018-12-27,14609.400390625,14652,14530,14609.400390625,0,14609.400390625,"Indonesia"
2018-12-28,14561.599609375,14569,14508,14561.599609375,0,14561.599609375,"Indonesia"
2018-12-31,14553,14553,14322,14553,0,14553,"Indonesia"
2019-01-01,14460,14460,14460,14460,0,14460,"Indonesia"
2019-01-02,14460,14513,14373,14460,0,14460,"Indonesia"
2019-01-03,14409.7001953125,14502.5,14367.900390625,14409.7001953125,0,14409.7001953125,"Indonesia"
2019-01-04,14375.400390625,14403,14211,14375.400390625,0,14375.400390625,"Indonesia"
2019-01-07,14263,14263,14008,14267,0,14267,"Indonesia"
2019-01-08,14094,14164,13988,14083,0,14083,"Indonesia"
2019-01-09,14145,14192.5,14058,14138,0,14138,"Indonesia"
2019-01-10,14130,14130,14008,14130,0,14130,"Indonesia"
2019-01-11,14118,14118,13991,14048,0,14048,"Indonesia"
2019-01-14,14038,14176,14018,14038,0,14038,"Indonesia"
2019-01-15,14117,14166,14054,14117,0,14117,"Indonesia"
2019-01-16,14139,14185,14104,14111,0,14111,"Indonesia"
2019-01-17,14157,14302,14118,14140,0,14140,"Indonesia"
2019-01-18,14195.5,14236.5,14159,14173,0,14173,"Indonesia"
2019-01-21,14168,14263,14156,14168,0,14168,"Indonesia"
2019-01-22,14307,14307,14178,14307,0,14307,"Indonesia"
2019-01-23,14208,14222,14132.2001953125,14208,0,14208,"Indonesia"
2019-01-24,14130.900390625,14181.400390625,14106.5,14130.900390625,0,14130.900390625,"Indonesia"
2019-01-25,14190,14190,14049,14189,0,14189,"Indonesia"
2019-01-28,14078,14122.5,14018,14078,0,14078,"Indonesia"
2019-01-29,14081.7998046875,14105.900390625,14063,14063,0,14063,"Indonesia"
2019-01-30,14073,14147.2001953125,14073,14074,0,14074,"Indonesia"
2019-01-31,14030,14073,13855,14033,0,14033,"Indonesia"
2019-02-01,13931.599609375,14007,13931.2001953125,13966,0,13966,"Indonesia"
2019-02-04,13933,14036,13930,13933,0,13933,"Indonesia"
2019-02-05,13957.5,13976,13934.900390625,13957.5,0,13957.5,"Indonesia"
2019-02-06,13950.5,13959.5,13885.5,13950.5,0,13950.5,"Indonesia"
2019-02-07,13934.5,14005.7001953125,13915,13915,0,13915,"Indonesia"
2019-02-08,14025,14025,13947.599609375,13966,0,13966,"Indonesia"
2019-02-11,13958,14105.2001953125,13958,13958,0,13958,"Indonesia"
2019-02-12,14033,14103.7001953125,13985.2001953125,14033,0,14033,"Indonesia"
2019-02-13,14012.7001953125,14102.7001953125,14006,14012.7001953125,0,14012.7001953125,"Indonesia"
2019-02-14,14151,14178,14051,14151,0,14151,"Indonesia"
2019-02-15,14155,14244,14083,14083,0,14083,"Indonesia"
2019-02-18,14136,14145,14063.400390625,14136,0,14136,"Indonesia"
2019-02-19,14193,14193,14055.7001953125,14192.5,0,14192.5,"Indonesia"
2019-02-20,14096,14096,14014.7001953125,14096.5,0,14096.5,"Indonesia"
2019-02-21,14068,14093.7001953125,14024.7001953125,14033,0,14033,"Indonesia"
2019-02-22,14120,14120,14017.2001953125,14120,0,14120,"Indonesia"
2019-02-25,14051,14051,13965,14051,0,14051,"Indonesia"
2019-02-26,14001,14046.5,13961,14011,0,14011,"Indonesia"
2019-02-27,13963,14060.5,13959,13960,0,13960,"Indonesia"
2019-02-28,14069,14168,14016,14015,0,14015,"Indonesia"
2019-03-01,14195.5,14195.5,14093.5,14194,0,14194,"Indonesia"
2019-03-04,14108,14200.5,14107.099609375,14108,0,14108,"Indonesia"
2019-03-05,14205,14205,14108,14205,0,14205,"Indonesia"
2019-03-06,14150,14162.5,14098.5,14150.5,0,14150.5,"Indonesia"
2019-03-07,14216,14249.5,14157.5,14214.5,0,14214.5,"Indonesia"
2019-03-08,14240.7998046875,14411,14133,14240.7998046875,0,14240.7998046875,"Indonesia"
2019-03-11,14303,14338,14268,14303,0,14303,"Indonesia"
2019-03-12,14324,14329,14220,14283,0,14283,"Indonesia"
2019-03-13,14286,14287.5,14227.5,14258,0,14258,"Indonesia"
2019-03-14,14293.5,14293.5,14228,14258,0,14258,"Indonesia"
2019-03-15,14333,14333,14232,14287,0,14287,"Indonesia"
2019-03-18,14251,14283,14204,14251,0,14251,"Indonesia"
2019-03-19,14246,14252,14163,14251,0,14251,"Indonesia"
2019-03-20,14224,14233.2998046875,14159,14223,0,14223,"Indonesia"
2019-03-21,14115.5,14159,14055,14055,0,14055,"Indonesia"
2019-03-22,14152.5,14279,14120,14133,0,14133,"Indonesia"
2019-03-25,14158,14260,14158,14158,0,14158,"Indonesia"
2019-03-26,14173,14245,14155,14173,0,14173,"Indonesia"
2019-03-27,14210,14280,14163,14163,0,14163,"Indonesia"
2019-03-28,14346,14346,14190,14346,0,14346,"Indonesia"
2019-03-29,14235,14325.5,14210,14235,0,14235,"Indonesia"
2019-03-31,14233,14270.5,14188,14233,0,14233,"Indonesia"
2019-04-01,14257,14257,14201,14240,0,14240,"Indonesia"
2019-04-02,14213,14235,14166.5,14213,0,14213,"Indonesia"
2019-04-03,14210,14253.099609375,14142,14210,0,14210,"Indonesia"
2019-04-04,14211,14211,14120,14151,0,14151,"Indonesia"
2019-04-07,14111,14188,14111,14112,0,14112,"Indonesia"
2019-04-08,14220,14220,14125,14191,0,14191,"Indonesia"
2019-04-09,14126,14174.2998046875,14126,14136,0,14136,"Indonesia"
2019-04-10,14223,14223,14130,14177,0,14177,"Indonesia"
2019-04-11,14257,14257,14090,14138,0,14138,"Indonesia"
2019-04-14,14086,14102.7998046875,14056,14086,0,14086,"Indonesia"
2019-04-15,14157,14157,14049,14155.5,0,14155.5,"Indonesia"
2019-04-16,14157,14157,13972,14079,0,14079,"Indonesia"
2019-04-17,14045,14078,13979.5,14078,0,14078,"Indonesia"
2019-04-18,14104,14104,13997.5,14036,0,14036,"Indonesia"
2019-04-21,14036,14123.900390625,14036,14036,0,14036,"Indonesia"
2019-04-22,14061.5,14117.5,14055.400390625,14061.5,0,14061.5,"Indonesia"
2019-04-23,14052,14139.900390625,14052,14061,0,14061,"Indonesia"
2019-04-24,14266,14266,14128.7001953125,14154,0,14154,"Indonesia"
2019-04-25,14305,14305,14152,14306.5,0,14306.5,"Indonesia"
2019-04-28,14163,14213,14142,14165,0,14165,"Indonesia"
2019-04-29,14295,14295,14193,14191,0,14191,"Indonesia"
2019-04-30,14286,14291,14178.5,14243,0,14243,"Indonesia"
2019-05-01,14245,14269.2998046875,14214.5,14244.2998046875,0,14244.2998046875,"Indonesia"
2019-05-02,14337,14337,14242,14244,0,14244,"Indonesia"
2019-05-05,14204,14346.900390625,14204,14230,0,14230,"Indonesia"
2019-05-06,14386,14386,14263,14286,0,14286,"Indonesia"
2019-05-07,14450,14450,14281,14346.2998046875,0,14346.2998046875,"Indonesia"
2019-05-08,14444,14444,14301,14288,0,14288,"Indonesia"
2019-05-09,14495,14495,14317.7001953125,14343,0,14343,"Indonesia"
2019-05-12,14318,14511,14318,14318,0,14318,"Indonesia"
2019-05-13,14655,14655,14380,14497.400390625,0,14497.400390625,"Indonesia"
2019-05-14,14544,14544,14417,14423,0,14423,"Indonesia"
2019-05-15,14540,14540,14417.5,14540,0,14540,"Indonesia"
2019-05-16,14571,14571,14311,14569.5,0,14569.5,"Indonesia"
2019-05-19,14443,14492.2998046875,14410,14443,0,14443,"Indonesia"
2019-05-20,14477.099609375,14500.099609375,14442,14448,0,14448,"Indonesia"
2019-05-21,NA,NA,NA,NA,NA,NA,"Indonesia"
2019-05-22,14616.5,14616.5,14443.5,14518,0,14518,"Indonesia"
2019-05-23,14556,14556,14329.5,14453,0,14453,"Indonesia"
2019-05-26,14386,14402.2998046875,14333.099609375,14386,0,14386,"Indonesia"
2019-05-27,14445,14445,14356,14445,0,14445,"Indonesia"
2019-05-28,14469.5,14469.5,14310.5,14468,0,14468,"Indonesia"
2019-05-29,14397,14414.5,14359,14393,0,14393,"Indonesia"
2019-05-30,14399,14406,14254.5,14401,0,14401,"Indonesia"
2019-06-02,14268,14269.5,14174.2998046875,14268,0,14268,"Indonesia"
2019-06-03,14237,14254.5,14161.2998046875,14237,0,14237,"Indonesia"
2019-06-04,14260,14268,14147,14260,0,14260,"Indonesia"
2019-06-05,14280,14280,14180,14280,0,14280,"Indonesia"
2019-06-06,14256,14268,14183,14256,0,14256,"Indonesia"
2019-06-09,14268,14270,14206,14268,0,14268,"Indonesia"
2019-06-10,14276,14310,14179,14276,0,14276,"Indonesia"
2019-06-11,14225,14255,14203,14294.5,0,14294.5,"Indonesia"
2019-06-12,14262,14316,14228,14262,0,14262,"Indonesia"
2019-06-13,14293,14342.5,14273,14273,0,14273,"Indonesia"
2019-06-16,14318,14353,14311.7998046875,14318,0,14318,"Indonesia"
2019-06-17,14415,14415,14222,14413.5,0,14413.5,"Indonesia"
2019-06-18,14291,14291,14237.5,14289.5,0,14289.5,"Indonesia"
2019-06-19,14280,14280.2001953125,14092,14280,0,14280,"Indonesia"
2019-06-20,14140,14177.2998046875,14078.7001953125,14142,0,14142,"Indonesia"
2019-06-23,14148,14176.099609375,14118.5,14148,0,14148,"Indonesia"
2019-06-24,14182,14182,14097.5,14183,0,14183,"Indonesia"
2019-06-25,14201,14231.5,14118,14118,0,14118,"Indonesia"
2019-06-26,14215,14215,14123.5,14215.5,0,14215.5,"Indonesia"
2019-06-27,14184,14184,14100.2001953125,14184.5,0,14184.5,"Indonesia"
2019-06-30,14121,14121,14070.5,14121,0,14121,"Indonesia"
2019-07-01,14148,14193.900390625,14104.2001953125,14150,0,14150,"Indonesia"
2019-07-02,14194,14194,14117.5,14196,0,14196,"Indonesia"
2019-07-03,14181,14181,14090.400390625,14178.5,0,14178.5,"Indonesia"
2019-07-04,14150,14174,14081,14150,0,14150,"Indonesia"
2019-07-07,14076,14156.7001953125,14066.2001953125,14076,0,14076,"Indonesia"
2019-07-08,14189.5,14189.5,14100.599609375,14187,0,14187,"Indonesia"
2019-07-09,14235,14235,14055,14236,0,14236,"Indonesia"
2019-07-10,14164,14164,14036.5,14161.5,0,14161.5,"Indonesia"
2019-07-11,14126.5,14126.5,13977,14124,0,14124,"Indonesia"
2019-07-14,14000,14000,13893,14000,0,14000,"Indonesia"
2019-07-15,13929.2001953125,13954.5,13898,13913,0,13913,"Indonesia"
2019-07-16,14011,14011,13925,14008.5,0,14008.5,"Indonesia"
2019-07-17,14024.7998046875,14024.7998046875,13928,14023,0,14023,"Indonesia"
2019-07-18,13968,13968,13883,13970,0,13970,"Indonesia"
2019-07-21,13941,13968,13919,13941,0,13941,"Indonesia"
2019-07-22,13995,13995,13931,13997,0,13997,"Indonesia"
2019-07-23,14038,14038,13970.5,14039,0,14039,"Indonesia"
2019-07-24,14030,14030,13934,14027.5,0,14027.5,"Indonesia"
2019-07-25,14055.2001953125,14055.2001953125,13970.7998046875,14052.7001953125,0,14052.7001953125,"Indonesia"
2019-07-28,13997,14041.599609375,13982.5,13997,0,13997,"Indonesia"
2019-07-29,14064.2001953125,14064.2001953125,14007.5,14066,0,14066,"Indonesia"
2019-07-30,14066.599609375,14066.599609375,14000,14066.400390625,0,14066.400390625,"Indonesia"
2019-07-31,14165,14167.7001953125,14078,14165,0,14165,"Indonesia"
2019-08-01,14329,14329,14158,14329,0,14329,"Indonesia"
2019-08-04,14173,14372.2001953125,14173,14173,0,14173,"Indonesia"
2019-08-05,14248,14442.7001953125,14246.7998046875,14248,0,14248,"Indonesia"
2019-08-06,14282,14298.2001953125,14174.2998046875,14258,0,14258,"Indonesia"
2019-08-07,14271.2001953125,14271.2001953125,14167.7001953125,14274.5,0,14274.5,"Indonesia"
2019-08-08,14234.2001953125,14242.5,14160.5,14236.5,0,14236.5,"Indonesia"
2019-08-11,14183,14315.5,14183,14183,0,14183,"Indonesia"
2019-08-12,14289,14338.599609375,14170,14241,0,14241,"Indonesia"
2019-08-13,14234.5,14297.2998046875,14170.7998046875,14232.7998046875,0,14232.7998046875,"Indonesia"
2019-08-14,14295.2998046875,14316.2001953125,14238,14238,0,14238,"Indonesia"
2019-08-15,14333,14333,14196.400390625,14333,0,14333,"Indonesia"
2019-08-18,14228,14258,14188,14228,0,14228,"Indonesia"
2019-08-19,14339.7998046875,14339.7998046875,14227,14337.2998046875,0,14337.2998046875,"Indonesia"
2019-08-20,14325.7998046875,14325.7998046875,14215.2001953125,14326.099609375,0,14326.099609375,"Indonesia"
2019-08-21,14275,14279.900390625,14211.2001953125,14275,0,14275,"Indonesia"
2019-08-22,14284.7001953125,14284.7001953125,14054.2998046875,14228,0,14228,"Indonesia"
2019-08-25,14206,14336.7998046875,14176,14206,0,14206,"Indonesia"
2019-08-26,14251,14277.599609375,14219.7001953125,14253.7998046875,0,14253.7998046875,"Indonesia"
2019-08-27,14343.5,14343.5,14244,14343.7998046875,0,14343.7998046875,"Indonesia"
2019-08-28,14310,14310,14185,14311.2998046875,0,14311.2998046875,"Indonesia"
2019-08-29,14264,14264,14151,14231,0,14231,"Indonesia"
2019-09-01,14178,14200.2001953125,14169,14178,0,14178,"Indonesia"
2019-09-02,14265,14265,14170,14265,0,14265,"Indonesia"
2019-09-03,14260.7001953125,14260.7001953125,14117.2001953125,14260.7001953125,0,14260.7001953125,"Indonesia"
2019-09-04,14187.7001953125,14187.7001953125,14017.2001953125,14146,0,14146,"Indonesia"
2019-09-05,14174.7998046875,14185.7001953125,14057.7998046875,14172.2998046875,0,14172.2998046875,"Indonesia"
2019-09-08,14088,14101.5,14022.400390625,14088,0,14088,"Indonesia"
2019-09-09,14075,14075,14013.900390625,14024,0,14024,"Indonesia"
2019-09-10,14095,14095,14020.7001953125,14095.7998046875,0,14095.7998046875,"Indonesia"
2019-09-11,14103.599609375,14103.599609375,13889.5,14106.400390625,0,14106.400390625,"Indonesia"
2019-09-12,13955.7001953125,13993.2001953125,13911,13983,0,13983,"Indonesia"
2019-09-15,13958,14060.2998046875,13958,13958,0,13958,"Indonesia"
2019-09-16,14168.5,14168.5,14035,14170.2998046875,0,14170.2998046875,"Indonesia"
2019-09-17,14125,14125,14049.5,14126.7998046875,0,14126.7998046875,"Indonesia"
2019-09-18,14124.2001953125,14124.2001953125,14044.7001953125,14126,0,14126,"Indonesia"
2019-09-19,14157.7001953125,14157.7001953125,14038.599609375,14158,0,14158,"Indonesia"
2019-09-22,14048,14087.2998046875,14048,14048,0,14048,"Indonesia"
2019-09-23,14115.7998046875,14176.400390625,14065.2001953125,14078,0,14078,"Indonesia"
2019-09-24,14179.7998046875,14223.400390625,14111,14177.2998046875,0,14177.2998046875,"Indonesia"
2019-09-25,14213.7998046875,14213.7998046875,14101,14211.2998046875,0,14211.2998046875,"Indonesia"
2019-09-26,14236.5,14236.5,14145.599609375,14236.7998046875,0,14236.7998046875,"Indonesia"
2019-09-29,14158,14192.5,14146.2998046875,14158,0,14158,"Indonesia"
2019-09-30,14221.900390625,14241.5,14160.2998046875,14219.400390625,0,14219.400390625,"Indonesia"
2019-10-01,14265.099609375,14265.099609375,14179.900390625,14206,0,14206,"Indonesia"
2019-10-02,14247.7001953125,14247.7001953125,14135.400390625,14188,0,14188,"Indonesia"
2019-10-03,14195,14195,14112,14166,0,14166,"Indonesia"
2019-10-06,14128,14181.5,14128,14128,0,14128,"Indonesia"
2019-10-07,14237,14237,14128,14239.5,0,14239.5,"Indonesia"
2019-10-08,14207,14207,14129.5,14210,0,14210,"Indonesia"
2019-10-09,14220,14220,14039.5,14217.5,0,14217.5,"Indonesia"
2019-10-10,14162,14162,14095.7998046875,14145,0,14145,"Indonesia"
2019-10-13,14121,14140,14098.7998046875,14121,0,14121,"Indonesia"
2019-10-14,14171,14178.5,14126.2998046875,14168.5,0,14168.5,"Indonesia"
2019-10-15,14215,14215,14103,14216,0,14216,"Indonesia"
2019-10-16,14226.5,14226.5,14132,14224,0,14224,"Indonesia"
2019-10-17,14185,14185,14126.2998046875,14184.5,0,14184.5,"Indonesia"
2019-10-20,14138,14180,14051.2998046875,14138,0,14138,"Indonesia"
2019-10-21,14103,14103,13981.7998046875,14102.5,0,14102.5,"Indonesia"
2019-10-22,14040,14066.2998046875,13973.2998046875,14042.5,0,14042.5,"Indonesia"
2019-10-23,13986,14062.099609375,13971.900390625,13987,0,13987,"Indonesia"
2019-10-24,14087,14087,14023.5,14089.5,0,14089.5,"Indonesia"
2019-10-28,14028,14030,13976,14028,0,14028,"Indonesia"
2019-10-29,14041,14055.5,14000.7001953125,14018,0,14018,"Indonesia"
2019-10-30,14071.7998046875,14071.7998046875,14013,14018,0,14018,"Indonesia"
2019-10-31,14062.5,14096,13991.2998046875,14060,0,14060,"Indonesia"
2019-11-01,14126,14126,14002,14123.5,0,14123.5,"Indonesia"
2019-11-04,14015,14034,13976.5,14014,0,14014,"Indonesia"
2019-11-05,14059.7998046875,14059.7998046875,13900,14058,0,14058,"Indonesia"
2019-11-06,14025,14056,13961,14028.5,0,14028.5,"Indonesia"
2019-11-07,14075,14078,13983,14008,0,14008,"Indonesia"
2019-11-08,14024,14054.900390625,13990,14013,0,14013,"Indonesia"
2019-11-11,14009.3994140625,14083.2998046875,14007,14014.0390625,0,14014.0390625,"Indonesia"
2019-11-12,14113.7998046875,14113.7998046875,13997.0087890625,13997.2001953125,0,13997.2001953125,"Indonesia"
2019-11-13,14145.7998046875,14145.7998046875,13852.7177734375,13852.7470703125,0,13852.7470703125,"Indonesia"
2019-11-14,14169,14169,13871.541015625,13871.640625,0,13871.640625,"Indonesia"
2019-11-15,14076.6357421875,14151,14048,14078,0,14078,"Indonesia"
2019-11-18,13836.708984375,14099.900390625,13833.4931640625,13840.302734375,0,13840.302734375,"Indonesia"
2019-11-19,14138,14138,13853.693359375,14139,0,14139,"Indonesia"
2019-11-20,14135,14135,13885.400390625,14083,0,14083,"Indonesia"
2019-11-21,14143,14143,14034.177734375,14035.2783203125,0,14035.2783203125,"Indonesia"
2019-11-22,14115,14130.7998046875,14070,14070,0,14070,"Indonesia"
2019-11-25,14083.01171875,14127.7998046875,14072.2998046875,14083.01171875,0,14083.01171875,"Indonesia"
2019-11-26,14126,14126,14056.7998046875,14063.748046875,0,14063.748046875,"Indonesia"
2019-11-27,14130,14130,14078,14078,0,14078,"Indonesia"
2019-11-28,14131.5,14133.5,14081,14087.1298828125,0,14087.1298828125,"Indonesia"
2019-11-29,13870.048828125,14158.5,13868.16015625,13868.66015625,0,13868.66015625,"Indonesia"
2019-12-02,13867.24609375,14136.7998046875,13867.005859375,13868.345703125,0,13868.345703125,"Indonesia"
2019-12-03,14161.7998046875,14170.2998046875,14098.5,14123.2763671875,0,14123.2763671875,"Indonesia"
2019-12-04,14154,14154,14086,14098,0,14098,"Indonesia"
2019-12-05,14130,14130,13994.748046875,13994.884765625,0,13994.884765625,"Indonesia"
2019-12-06,14056,14058,13965.9990234375,14058,0,14058,"Indonesia"
2019-12-09,14021.6201171875,14031,13982,14022.3798828125,0,14022.3798828125,"Indonesia"
2019-12-10,14025.5,14033.5,13987,14004.6005859375,0,14004.6005859375,"Indonesia"
2019-12-11,14020,14060.599609375,13986,14021,0,14021,"Indonesia"
2019-12-12,14050,14051.7001953125,13938.900390625,13976.61328125,0,13976.61328125,"Indonesia"
2019-12-13,14000,14033,13928.4296875,13933.3564453125,0,13933.3564453125,"Indonesia"
2019-12-16,13962.6611328125,14044,13959.009765625,13968.525390625,0,13968.525390625,"Indonesia"
2019-12-17,14023,14023,13975.7998046875,14022.5,0,14022.5,"Indonesia"
2019-12-18,14026.5,14026.5,13957.599609375,14024,0,14024,"Indonesia"
2019-12-19,14010,14014.900390625,13947.326171875,13966.919921875,0,13966.919921875,"Indonesia"
2019-12-20,13997,14019.2998046875,13964,13978.15625,0,13978.15625,"Indonesia"
2019-12-23,13957.958984375,13992.2998046875,13957.958984375,13957.5810546875,0,13957.5810546875,"Indonesia"
2019-12-24,13990,13992.099609375,13953.6513671875,13955.626953125,0,13955.626953125,"Indonesia"
2019-12-25,13990,13990,13719.0078125,13961,0,13961,"Indonesia"
2019-12-26,13990,14042.470703125,13732.765625,13991,0,13991,"Indonesia"
2019-12-27,13978,13990.5,13939,13977.5,0,13977.5,"Indonesia"
2019-12-30,13944.2744140625,13950.2001953125,13881,13953.841796875,0,13953.841796875,"Indonesia"
2019-12-31,13923,13935,13831,13919,0,13919,"Indonesia"
2020-01-01,13862,13876,13681.833984375,13690.3720703125,0,13690.3720703125,"Indonesia"
2020-01-02,13847,13906,13688.203125,13689.2314453125,0,13689.2314453125,"Indonesia"
2020-01-03,13881.2998046875,13966,13775.5,13884.7861328125,0,13884.7861328125,"Indonesia"
2020-01-06,13931.1328125,13973.2998046875,13916,13934.31640625,0,13934.31640625,"Indonesia"
2020-01-07,13929,13939,13875.5,13926.5,0,13926.5,"Indonesia"
2020-01-08,13933,13956.2998046875,13859.5,13867.236328125,0,13867.236328125,"Indonesia"
2020-01-09,13875,13900.9638671875,13833,13886.939453125,0,13886.939453125,"Indonesia"
2020-01-10,13870.5,13870.5,13716,13827.560546875,0,13827.560546875,"Indonesia"
2020-01-13,13526.6318359375,13756,13523.8193359375,13522.4345703125,0,13522.4345703125,"Indonesia"
2020-01-14,13666.08203125,13718,13635,13665.3046875,0,13665.3046875,"Indonesia"
2020-01-15,13694,13727.2001953125,13637,13668.0400390625,0,13668.0400390625,"Indonesia"
2020-01-16,13723.5,13723.5,13615.5,13665.0966796875,0,13665.0966796875,"Indonesia"
2020-01-17,13669.7998046875,13688,13616.91796875,13623,0,13623,"Indonesia"
2020-01-20,13452.9248046875,13657.900390625,13447.69140625,13456.98828125,0,13456.98828125,"Indonesia"
2020-01-21,13648,13690.5,13614,13615,0,13615,"Indonesia"
2020-01-22,13714.5,13714.5,13555,13651,0,13651,"Indonesia"
2020-01-23,13678,13678,13603,13626.38671875,0,13626.38671875,"Indonesia"
2020-01-24,13692,13692,13556,13609.1884765625,0,13609.1884765625,"Indonesia"
2020-01-27,13711.2041015625,13711.8466796875,13566,13711.9736328125,0,13711.9736328125,"Indonesia"
2020-01-28,13719,13719,13215.0400390625,13213.240234375,0,13213.240234375,"Indonesia"
2020-01-29,13641.5,13658.7998046875,13604.0771484375,13634,0,13634,"Indonesia"
2020-01-30,13650,13701.900390625,13611.5146484375,13614.0146484375,0,13614.0146484375,"Indonesia"
2020-01-31,13712,13783.599609375,13593.8984375,13643.1806640625,0,13643.1806640625,"Indonesia"
2020-02-03,13638.9052734375,13810.5,13638.9052734375,13633.126953125,0,13633.126953125,"Indonesia"
2020-02-04,13732.2001953125,13771.2998046875,13681.5,13735.5,0,13735.5,"Indonesia"
2020-02-05,13715.2998046875,13731.7998046875,13628.599609375,13702.4072265625,0,13702.4072265625,"Indonesia"
2020-02-06,13680,13680,13593,13668.267578125,0,13668.267578125,"Indonesia"
2020-02-07,13699.7998046875,13762.599609375,13434.669921875,13698,0,13698,"Indonesia"
2020-02-10,13670.771484375,13757.2998046875,13667.3642578125,13675.853515625,0,13675.853515625,"Indonesia"
2020-02-11,13745,13745,13648,13691.58984375,0,13691.58984375,"Indonesia"
2020-02-12,13684,13684.599609375,13641.2998046875,13657.5537109375,0,13657.5537109375,"Indonesia"
2020-02-13,13708.7998046875,13718.400390625,13494.7958984375,13500.7373046875,0,13500.7373046875,"Indonesia"
2020-02-14,13745.5,13745.5,13668,13695.400390625,0,13695.400390625,"Indonesia"
2020-02-17,13667.939453125,13695.900390625,13646,13681.2900390625,0,13681.2900390625,"Indonesia"
2020-02-18,13726,13726,13649.21484375,13649.2412109375,0,13649.2412109375,"Indonesia"
2020-02-19,13769.7998046875,13769.7998046875,13645.3505859375,13768,0,13768,"Indonesia"
2020-02-20,13763.7998046875,13845.099609375,13655.7890625,13762,0,13762,"Indonesia"
2020-02-21,13899.2998046875,13899.2998046875,13701.666015625,13703.482421875,0,13703.482421875,"Indonesia"
2020-02-24,13783.5576171875,13968.900390625,13757,13771.486328125,0,13771.486328125,"Indonesia"
2020-02-25,14050,14051,13851.2001953125,13879.9296875,0,13879.9296875,"Indonesia"
2020-02-26,14056,14108.5,13856.7529296875,14056.5,0,14056.5,"Indonesia"
2020-02-27,13929,14176.900390625,13901,13931,0,13931,"Indonesia"
2020-02-28,14316.2998046875,14422,14009.62890625,14316,0,14316,"Indonesia"
2020-03-02,13941.341796875,14731,13929.294921875,13971.9619140625,0,13971.9619140625,"Indonesia"
2020-03-03,14220,14277,14056.900390625,14220,0,14220,"Indonesia"
2020-03-04,14275,14275,14057.5,14199.5,0,14199.5,"Indonesia"
2020-03-05,14255,14292.5,14111,14256,0,14256,"Indonesia"
2020-03-06,14462,14463.7998046875,14187,14309.599609375,0,14309.599609375,"Indonesia"
2020-03-09,14124.7646484375,14796,14124.7646484375,14251.5390625,0,14251.5390625,"Indonesia"
2020-03-10,14702,14702,13877.818359375,14094.818359375,0,14094.818359375,"Indonesia"
2020-03-11,14291.5,14481,14273.099609375,14272.900390625,0,14272.900390625,"Indonesia"
2020-03-12,14524,14709.5,14244.03125,14526,0,14526,"Indonesia"
2020-03-13,14850,14984,14060,14850,0,14850,"Indonesia"
2020-03-16,14624.8505859375,15131.5,14610.8330078125,14635.0224609375,0,14635.0224609375,"Indonesia"
2020-03-17,14923.9638671875,15280.5,14923.9638671875,15192,0,15192,"Indonesia"
2020-03-18,15199,15523,14889.900390625,14955.7880859375,0,14955.7880859375,"Indonesia"
2020-03-19,15472.5,16180,15437.5,15474.5,0,15474.5,"Indonesia"
2020-03-20,15913,16327.5,15785.5,15908,0,15908,"Indonesia"
2020-03-23,16625,16639.5,16045,15766.2470703125,0,15766.2470703125,"Indonesia"
2020-03-24,16915,16915,16149,16504.80078125,0,16504.80078125,"Indonesia"
2020-03-25,16220,16493,15701,16216.5,0,16216.5,"Indonesia"
2020-03-26,16201,16449.21875,15959.5,16447.720703125,0,16447.720703125,"Indonesia"
2020-03-27,16208.7373046875,16355,14944.5,16218.63671875,0,16218.63671875,"Indonesia"
2020-03-29,15739.6123046875,16439.5,15739.6123046875,16005.3349609375,0,16005.3349609375,"Indonesia"
2020-03-30,16408,16474.5,16034.5,16346.9619140625,0,16346.9619140625,"Indonesia"
2020-03-31,16395.5,17178,16273,16277.943359375,0,16277.943359375,"Indonesia"
2020-04-01,17144,17144,16399.5,16412.80859375,0,16412.80859375,"Indonesia"
2020-04-02,16820,16849,16440.923828125,16441.263671875,0,16441.263671875,"Indonesia"
2020-04-05,16373.5712890625,16785,16352.0087890625,16418,0,16418,"Indonesia"
2020-04-06,16633.5,16633.5,15969.5,16364.6484375,0,16364.6484375,"Indonesia"
2020-04-07,16225,16349.5,16054.5,16225,0,16225,"Indonesia"
2020-04-08,16241,16241,15710.2998046875,16159.376953125,0,16159.376953125,"Indonesia"
2020-04-09,15835,15835,15587.2001953125,15811.9677734375,0,15811.9677734375,"Indonesia"
2020-04-12,15801,15854,15610.5,15800,0,15800,"Indonesia"
2020-04-13,15766,15778,15351.5,15751,0,15751,"Indonesia"
2020-04-14,15747.5,15793,15568,15578.3466796875,0,15578.3466796875,"Indonesia"
2020-04-15,15881,15881,15319.5,15887.5,0,15887.5,"Indonesia"
2020-04-16,15821,15821,15383.2001953125,15568.3388671875,0,15568.3388671875,"Indonesia"
2020-04-19,15172.58984375,15662,15172.310546875,15423,0,15423,"Indonesia"
2020-04-20,15712,15712,15375.48046875,15377.080078125,0,15377.080078125,"Indonesia"
2020-04-21,15875.5,15875.5,15388.1572265625,15394.6787109375,0,15394.6787109375,"Indonesia"
2020-04-22,15770.5,15770.5,15416.7470703125,15408.6220703125,0,15408.6220703125,"Indonesia"
2020-04-23,15660.5,15784.5,15398.6767578125,15665,0,15665,"Indonesia"
2020-04-26,15348.259765625,15584,15348.259765625,15348.744140625,0,15348.744140625,"Indonesia"
2020-04-27,15637,15637,15299.08984375,15312.3857421875,0,15312.3857421875,"Indonesia"
2020-04-28,15497.7998046875,15497.7998046875,15180.2998046875,15364.5947265625,0,15364.5947265625,"Indonesia"
2020-04-29,15237.7998046875,15241.642578125,14399,15234.63671875,0,15234.63671875,"Indonesia"
2020-04-30,15252.7998046875,15446,14535.05078125,15249,0,15249,"Indonesia"
2020-05-03,14841.541015625,15236,14841.541015625,14671,0,14671,"Indonesia"
2020-05-04,15043,15293,14989.900390625,15044,0,15044,"Indonesia"
2020-05-05,15332.7998046875,15332.7998046875,15026.5,15335,0,15335,"Indonesia"
2020-05-06,15430,15430,14993.8427734375,14998.33203125,0,14998.33203125,"Indonesia"
2020-05-07,15227,15227,14880.5,15227,0,15227,"Indonesia"
2020-05-10,14899.7607421875,14980,14868.5,14721.3984375,0,14721.3984375,"Indonesia"
2020-05-11,15057.5,15057.5,14773,14848.7001953125,0,14848.7001953125,"Indonesia"
2020-05-12,14997.7998046875,14997.7998046875,14777,14994,0,14994,"Indonesia"
2020-05-13,14962,14973,14824.2001953125,14846.873046875,0,14846.873046875,"Indonesia"
2020-05-14,15027,15027,14814.4423828125,14810.1201171875,0,14810.1201171875,"Indonesia"
2020-05-17,14853,14912.5,14799.2998046875,14853,0,14853,"Indonesia"
2020-05-18,14885.5,14885.5,14749.2998046875,14878,0,14878,"Indonesia"
2020-05-19,14855.5,14855.5,14682,14748.447265625,0,14748.447265625,"Indonesia"
2020-05-20,14773.5,14773.5,14671.5,14771,0,14771,"Indonesia"
2020-05-21,14828.5,14924,14684.970703125,14826,0,14826,"Indonesia"
2020-05-24,14654.9541015625,14875,14502.7119140625,14703,0,14703,"Indonesia"
2020-05-25,15008.5,15008.5,14496.7001953125,14501.7578125,0,14501.7578125,"Indonesia"
2020-05-26,14842.5,14842.5,14680,14850,0,14850,"Indonesia"
2020-05-27,14786.2998046875,14815.2998046875,14633.3505859375,14888.5,0,14888.5,"Indonesia"
2020-05-28,14817.5,14882.2412109375,14507,14825,0,14825,"Indonesia"
2020-05-31,14540.712890625,14603,14435.5,14603,0,14603,"Indonesia"
2020-06-01,14570,14603,14334,14573.5,0,14573.5,"Indonesia"
2020-06-02,14375.099609375,14375.099609375,14082,14343.8232421875,0,14343.8232421875,"Indonesia"
2020-06-03,14130,14194.2998046875,14043.388671875,14130,0,14130,"Indonesia"
2020-06-04,14170,14170,13888,14085.447265625,0,14085.447265625,"Indonesia"
2020-06-07,13810.2548828125,14034,13804.8330078125,13863,0,13863,"Indonesia"
2020-06-08,14071,14123.7998046875,13835.662109375,14070.7998046875,0,14070.7998046875,"Indonesia"
2020-06-09,14249.2001953125,14249.2001953125,13852.904296875,13852.103515625,0,13852.103515625,"Indonesia"
2020-06-10,14220,14249.5,13944.5732421875,13947.443359375,0,13947.443359375,"Indonesia"
2020-06-11,14475,14475,13947.619140625,14475,0,14475,"Indonesia"
2020-06-14,14045.767578125,14312.7001953125,13976.2763671875,14118,0,14118,"Indonesia"
2020-06-15,13987.9189453125,14235.7001953125,13983.3310546875,13988.119140625,0,13988.119140625,"Indonesia"
2020-06-16,14021.677734375,14243.400390625,14013.880859375,14275,0,14275,"Indonesia"
2020-06-17,14086.98046875,14243.099609375,14047.580078125,14102.7353515625,0,14102.7353515625,"Indonesia"
2020-06-18,14001.0263671875,14250.2998046875,14000.814453125,13997.6923828125,0,13997.6923828125,"Indonesia"
2020-06-21,14055.63671875,14301.5,14045.9111328125,14093,0,14093,"Indonesia"
2020-06-22,14079.1611328125,14267.900390625,14020.599609375,14080.134765625,0,14080.134765625,"Indonesia"
2020-06-23,14250.7001953125,14250.7001953125,14080,14113.177734375,0,14113.177734375,"Indonesia"
2020-06-24,14190.099609375,14288.099609375,14102.7001953125,14289.2998046875,0,14289.2998046875,"Indonesia"
2020-06-25,14098.1982421875,14364.599609375,14098.1982421875,14376.2001953125,0,14376.2001953125,"Indonesia"
2020-06-28,14137.455078125,14397.099609375,14132.84375,14213,0,14213,"Indonesia"
2020-06-29,14149.693359375,14593.5,14149.693359375,14470.2001953125,0,14470.2001953125,"Indonesia"
2020-06-30,14604.2001953125,14604.2001953125,14148.2001953125,14194.05078125,0,14194.05078125,"Indonesia"
2020-07-01,14591.400390625,14591.400390625,14187.900390625,14187.8583984375,0,14187.8583984375,"Indonesia"
2020-07-02,14626.400390625,14626.400390625,14298.2509765625,14298.779296875,0,14298.779296875,"Indonesia"
2020-07-05,14288.572265625,14526.2998046875,14266.791015625,14503,0,14503,"Indonesia"
2020-07-06,14206.9736328125,14483,14182.484375,14206.5087890625,0,14206.5087890625,"Indonesia"
2020-07-07,14483.5,14483.5,14234.603515625,14483.5,0,14483.5,"Indonesia"
2020-07-08,14498.7001953125,14523,14341.732421875,14349.5654296875,0,14349.5654296875,"Indonesia"
2020-07-09,14545.7001953125,14545.7001953125,14314.5029296875,14545.7001953125,0,14545.7001953125,"Indonesia"
2020-07-12,14208.8056640625,14493,14205.001953125,14428,0,14428,"Indonesia"
2020-07-13,14584.7001953125,14614.2001953125,14348,14584,0,14584,"Indonesia"
2020-07-14,14364.6171875,14605.7998046875,14345.412109375,14715.400390625,0,14715.400390625,"Indonesia"
2020-07-15,14588.1474609375,14674.5,14560,14561.171875,0,14561.171875,"Indonesia"
2020-07-16,14830,14830,14546.412109375,14552.2099609375,0,14552.2099609375,"Indonesia"
2020-07-19,14610.9140625,14884.7001953125,14610.9140625,14688,0,14688,"Indonesia"
2020-07-20,14950,14950,14680.2001953125,14949.2998046875,0,14949.2998046875,"Indonesia"
2020-07-21,14754.2001953125,14754.2001953125,14553.599609375,14626.8623046875,0,14626.8623046875,"Indonesia"
2020-07-22,14704.2001953125,14704.2001953125,14538,14630,0,14630,"Indonesia"
2020-07-23,14700,14700,14549,14578.904296875,0,14578.904296875,"Indonesia"
2020-07-26,14527.73046875,14629.599609375,14461.42578125,14603,0,14603,"Indonesia"
2020-07-27,14465.705078125,14605.599609375,14459.078125,14614.5,0,14614.5,"Indonesia"
2020-07-28,14480.234375,14663.900390625,14473.2861328125,14633.5,0,14633.5,"Indonesia"
2020-07-29,14457.80859375,14733.7001953125,14457.80859375,14458.3447265625,0,14458.3447265625,"Indonesia"
2020-07-30,14485.6689453125,14737.099609375,14470.927734375,14486.6689453125,0,14486.6689453125,"Indonesia"
2020-08-02,14591.4765625,14727.400390625,14584.5771484375,14593,0,14593,"Indonesia"
2020-08-03,14540.669921875,14776.5,14539.759765625,14540.9208984375,0,14540.9208984375,"Indonesia"
2020-08-04,14720,14720,14465.591796875,14720,0,14720,"Indonesia"
2020-08-05,14574.2001953125,14626,14296.4951171875,14307.642578125,0,14307.642578125,"Indonesia"
2020-08-06,14639.400390625,14731.099609375,14566.2197265625,14568.45703125,0,14568.45703125,"Indonesia"
2020-08-09,14481.1171875,14761.599609375,14467.62109375,14618,0,14618,"Indonesia"
2020-08-10,14593.58984375,14768.599609375,14593.58984375,14823.7998046875,0,14823.7998046875,"Indonesia"
2020-08-11,14617.96484375,14833.5,14613.5830078125,14858.5,0,14858.5,"Indonesia"
2020-08-12,14953.599609375,14953.599609375,14670.94921875,14670.8095703125,0,14670.8095703125,"Indonesia"
2020-08-13,14948.5,14954.599609375,14674.15625,14673.4970703125,0,14673.4970703125,"Indonesia"
2020-08-16,14550.79296875,14917,14549.79296875,14788,0,14788,"Indonesia"
2020-08-17,14971.099609375,14971.099609375,14701.638671875,14969.400390625,0,14969.400390625,"Indonesia"
2020-08-18,14596.9716796875,14838,14592.697265625,14598.072265625,0,14598.072265625,"Indonesia"
2020-08-19,14693.6015625,14789.2998046875,14681.5,14694.197265625,0,14694.197265625,"Indonesia"
2020-08-20,14541.8115234375,14793.400390625,14533.8671875,14543.412109375,0,14543.412109375,"Indonesia"
2020-08-23,14576.541015625,14800.2998046875,14576.541015625,14764,0,14764,"Indonesia"
2020-08-24,14523.580078125,14664,14518.140625,14629.400390625,0,14629.400390625,"Indonesia"
2020-08-25,14607.7001953125,14686,14435.1943359375,14607.7001953125,0,14607.7001953125,"Indonesia"
2020-08-26,14643.599609375,14729.099609375,14446.4130859375,14447.3828125,0,14447.3828125,"Indonesia"
2020-08-27,14735.599609375,14735.599609375,14446.3994140625,14446.00390625,0,14446.00390625,"Indonesia"
2020-08-30,14419.380859375,14626.7998046875,14412.6337890625,14618,0,14618,"Indonesia"
2020-08-31,14599.7001953125,14723.7001953125,14337.1328125,14599.7001953125,0,14599.7001953125,"Indonesia"
2020-09-01,14453.9521484375,14884,14453.9521484375,14818.599609375,0,14818.599609375,"Indonesia"
2020-09-02,14895,14895,14569.271484375,14565.1474609375,0,14565.1474609375,"Indonesia"
2020-09-03,14854.5,14854.5,14536.59375,14545.9873046875,0,14545.9873046875,"Indonesia"
2020-09-06,14752.2275390625,14791.2998046875,14706,14741,0,14741,"Indonesia"
2020-09-07,14795,14878,14543.255859375,14795,0,14795,"Indonesia"
2020-09-08,14915.2001953125,14915.2001953125,14760,14915.2001953125,0,14915.2001953125,"Indonesia"
2020-09-09,14869.7001953125,14994.7001953125,14761.6591796875,14874.2001953125,0,14874.2001953125,"Indonesia"
2020-09-10,15040.2001953125,15045.2998046875,14870.970703125,14857.470703125,0,14857.470703125,"Indonesia"
2020-09-13,14860.9931640625,15035,14858.60546875,14883,0,14883,"Indonesia"
2020-09-14,14979,15010.4892578125,14799.599609375,14983.5,0,14983.5,"Indonesia"
2020-09-15,14865.099609375,14881.1943359375,14783,14869.599609375,0,14869.599609375,"Indonesia"
2020-09-16,14850.5,14887,14722.599609375,14812.5869140625,0,14812.5869140625,"Indonesia"
2020-09-17,14795.5,14816.30859375,14679.599609375,14788,0,14788,"Indonesia"
2020-09-20,14715.4150390625,14829.5,14573.099609375,14728,0,14728,"Indonesia"
2020-09-21,14834.7001953125,14859,14694.8076171875,14839.2001953125,0,14839.2001953125,"Indonesia"
2020-09-22,14829.7001953125,14899.900390625,14740.5859375,14742.5859375,0,14742.5859375,"Indonesia"
2020-09-23,14955.5,15041.5,14660.599609375,14803.9853515625,0,14803.9853515625,"Indonesia"
2020-09-24,15019.7998046875,15019.7998046875,14841.4306640625,14839.578125,0,14839.578125,"Indonesia"
2020-09-27,14832.0244140625,14980.599609375,14816.2998046875,14863,0,14863,"Indonesia"
2020-09-28,14889.099609375,14989,14848.900390625,14893.599609375,0,14893.599609375,"Indonesia"
2020-09-29,14905.5,14972.7998046875,14809.7001953125,14910,0,14910,"Indonesia"
2020-09-30,14857,14897.900390625,14709.5,14879,0,14879,"Indonesia"
2020-10-01,14870.5,14933.5,14816.9912109375,14817.55859375,0,14817.55859375,"Indonesia"
2020-10-04,14829.85546875,14853,14672.400390625,14853,0,14853,"Indonesia"
2020-10-05,14705,14773.5,14675.5,14780.1826171875,0,14780.1826171875,"Indonesia"
2020-10-06,14780.5,14846.4921875,14709,14773,0,14773,"Indonesia"
2020-10-07,14727.5,14764,14692.5,14715.5,0,14715.5,"Indonesia"
2020-10-08,14759.2001953125,14759.2001953125,14619.900390625,14676.99609375,0,14676.99609375,"Indonesia"
2020-10-11,14683.48046875,14751.5,14681.6416015625,14693,0,14693,"Indonesia"
2020-10-12,14775,14787.7998046875,14484.2529296875,14484.9921875,0,14484.9921875,"Indonesia"
2020-10-13,14790,14790,14664.677734375,14793,0,14793,"Indonesia"
2020-10-14,14758.2001953125,14800.2001953125,14671.5400390625,14681.462890625,0,14681.462890625,"Indonesia"
2020-10-15,14779.2001953125,14779.2001953125,14652.599609375,14652.5,0,14652.5,"Indonesia"
2020-10-18,14693,14770,14663.5947265625,14693,0,14693,"Indonesia"
2020-10-19,14705,14730,14640.5,14708,0,14708,"Indonesia"
2020-10-20,14685,14701.599609375,14527.2412109375,14688,0,14688,"Indonesia"
2020-10-21,14635,14744,14613,14639.775390625,0,14639.775390625,"Indonesia"
2020-10-22,14743,14745,14640,14639.8525390625,0,14639.8525390625,"Indonesia"
2020-10-26,14662.8916015625,14716.400390625,14645.5,14642.7822265625,0,14642.7822265625,"Indonesia"
2020-10-27,14724.2001953125,14724.2001953125,14618,14724.2001953125,0,14724.2001953125,"Indonesia"
2020-10-28,14670,14810.2998046875,14652.3603515625,14653.2744140625,0,14653.2744140625,"Indonesia"
2020-10-29,14777.2001953125,14811.099609375,14730.900390625,14777.2001953125,0,14777.2001953125,"Indonesia"
2020-10-30,14462.9052734375,14819.2998046875,14462.9052734375,14818,0,14818,"Indonesia"
2020-11-02,14632.28125,14748.7998046875,14611.2001953125,14586.169921875,0,14586.169921875,"Indonesia"
2020-11-03,14604.18359375,14669.2001953125,14445.7001953125,14603.9580078125,0,14603.9580078125,"Indonesia"
2020-11-04,14493.7998046875,14623.7998046875,14126.7998046875,14540.892578125,0,14540.892578125,"Indonesia"
2020-11-05,14360,14507.5263671875,14237.7998046875,14360,0,14360,"Indonesia"
2020-11-06,14256,14316.7998046875,14190,14256,0,14256,"Indonesia"
2020-11-09,14175.9296875,14218.5,13931.7001953125,14198.671875,0,14198.671875,"Indonesia"
2020-11-10,14050,14263.8388671875,13984.7001953125,14256.3603515625,0,14256.3603515625,"Indonesia"
2020-11-11,14140,14224.2001953125,13990.5,14041.544921875,0,14041.544921875,"Indonesia"
2020-11-12,13876.4150390625,14233,13876.3427734375,13878.9892578125,0,13878.9892578125,"Indonesia"
2020-11-13,14135.591796875,14241.400390625,14127.009765625,14133.4912109375,0,14133.4912109375,"Indonesia"
2020-11-16,14123.1298828125,14163,14067.7001953125,14135.5595703125,0,14135.5595703125,"Indonesia"
2020-11-17,14089.2001953125,14122.099609375,14031,14089.2001953125,0,14089.2001953125,"Indonesia"
2020-11-18,14025.951171875,14130.7001953125,14025.2421875,14026.451171875,0,14026.451171875,"Indonesia"
2020-11-19,14110.2001953125,14259.400390625,14096.2001953125,14110.2001953125,0,14110.2001953125,"Indonesia"
2020-11-20,14189.900390625,14233.599609375,14148,14189.900390625,0,14189.900390625,"Indonesia"
2020-11-23,14139.513671875,14202.7998046875,14113.2900390625,14150.9912109375,0,14150.9912109375,"Indonesia"
2020-11-24,14230,14240.400390625,14143,14164.60546875,0,14164.60546875,"Indonesia"
2020-11-25,14203.099609375,14203.099609375,14018.2001953125,14121.7998046875,0,14121.7998046875,"Indonesia"
2020-11-26,14140,14161,14101,14127.470703125,0,14127.470703125,"Indonesia"
2020-11-27,14035,14157.2001953125,13869.3271484375,13897.6689453125,0,13897.6689453125,"Indonesia"
2020-11-30,14052.7216796875,14197.7998046875,13826.873046875,14061.64453125,0,14061.64453125,"Indonesia"
2020-12-01,14200,14206,13837.6513671875,14094.935546875,0,14094.935546875,"Indonesia"
2020-12-02,14175,14246.7001953125,13955.2001953125,14175,0,14175,"Indonesia"
2020-12-03,14199.2001953125,14229.2001953125,14076.2197265625,14076.419921875,0,14076.419921875,"Indonesia"
2020-12-04,14190,14190,14085.9560546875,14092.798828125,0,14092.798828125,"Indonesia"
2020-12-07,14079.8095703125,14217.400390625,14069.865234375,14076.490234375,0,14076.490234375,"Indonesia"
2020-12-08,14140,14165.5,14080,14143,0,14143,"Indonesia"
2020-12-09,14160,14173.599609375,14051.2998046875,14083.0107421875,0,14083.0107421875,"Indonesia"
2020-12-10,14150,14150,14074.1318359375,14150,0,14150,"Indonesia"
2020-12-11,14160.7001953125,14175,14076,14082.5927734375,0,14082.5927734375,"Indonesia"
2020-12-14,14044.1103515625,14199.2998046875,14043.978515625,14069.1572265625,0,14069.1572265625,"Indonesia"
2020-12-15,14220.900390625,14225,14056.4599609375,14221.900390625,0,14221.900390625,"Indonesia"
2020-12-16,14190,14199,14101.0810546875,14190,0,14190,"Indonesia"
2020-12-17,14169.2001953125,14169.2001953125,14065.7412109375,14070.537109375,0,14070.537109375,"Indonesia"
2020-12-18,14125,14170,14062,14083.8505859375,0,14083.8505859375,"Indonesia"
2020-12-21,14116.25390625,14262.599609375,14100,14068.9375,0,14068.9375,"Indonesia"
2020-12-22,14234.2001953125,14304.7998046875,14103.630859375,14100.7314453125,0,14100.7314453125,"Indonesia"
2020-12-23,14324.2001953125,14324.2001953125,14109.7236328125,14324.2001953125,0,14324.2001953125,"Indonesia"
2020-12-24,14285,14285,14129.1025390625,14146.9013671875,0,14146.9013671875,"Indonesia"
2020-12-25,14215,14216.7998046875,13994.3115234375,14148.6435546875,0,14148.6435546875,"Indonesia"
2020-12-28,14000.8466796875,14201,13930.0234375,13911.1435546875,0,13911.1435546875,"Indonesia"
2020-12-29,14090,14164,14071.5,14126.1201171875,0,14126.1201171875,"Indonesia"
2020-12-30,14156.5,14156.5,13993.400390625,14069.9091796875,0,14069.9091796875,"Indonesia"
2020-12-31,13990,14027.2998046875,13832.3349609375,13832.5595703125,0,13832.5595703125,"Indonesia"
2021-01-01,13875,14034.4736328125,13875,13932.3740234375,0,13932.3740234375,"Indonesia"
2021-01-04,13890.578125,14043,13826.099609375,14022.5009765625,0,14022.5009765625,"Indonesia"
2021-01-05,13931.400390625,13962,13880,13931.400390625,0,13931.400390625,"Indonesia"
2021-01-06,13930,13953.599609375,13875,13930,0,13930,"Indonesia"
2021-01-07,13951.5,14137.5,13837.6640625,13951.5,0,13951.5,"Indonesia"
2021-01-08,14135,14147.400390625,13892.9775390625,13892.9775390625,0,13892.9775390625,"Indonesia"
2021-01-11,13906.6103515625,14297,13897.0166015625,13861.392578125,0,13861.392578125,"Indonesia"
2021-01-12,14285,14287.2998046875,14088.09765625,14088.7353515625,0,14088.7353515625,"Indonesia"
2021-01-13,14155,14194.900390625,14032.2568359375,14031.078125,0,14031.078125,"Indonesia"
2021-01-14,14166,14166,13979.900390625,14166,0,14166,"Indonesia"
2021-01-15,14014,14099,13969.5,14063.1474609375,0,14063.1474609375,"Indonesia"
2021-01-18,13892.552734375,14162,13882.990234375,13880.779296875,0,13880.779296875,"Indonesia"
2021-01-19,14100.7998046875,14167.5556640625,14045.7001953125,14100.7998046875,0,14100.7998046875,"Indonesia"
2021-01-20,14121.2998046875,14121.2998046875,13981.400390625,14122,0,14122,"Indonesia"
2021-01-21,14042,14042,13954.2001953125,14037.2001953125,0,14037.2001953125,"Indonesia"
2021-01-22,14060,14122,13953.5693359375,13960.76171875,0,13960.76171875,"Indonesia"
2021-01-25,14019.1142578125,14126.2998046875,14013,14012.8955078125,0,14012.8955078125,"Indonesia"
2021-01-26,14147.5,14151.2998046875,14040,14148.5,0,14148.5,"Indonesia"
2021-01-27,14142,14156.5,14037.0908203125,14142,0,14142,"Indonesia"
2021-01-28,14195,14195,14038.654296875,14195,0,14195,"Indonesia"
2021-01-29,14105,14242.3798828125,13855.8642578125,13854.8642578125,0,13854.8642578125,"Indonesia"
2021-02-01,13843.521484375,14081.2998046875,13834.98046875,13828.13671875,0,13828.13671875,"Indonesia"
2021-02-02,14117.5,14117.5,13990.900390625,14118.5,0,14118.5,"Indonesia"
2021-02-03,14047.5,14047.5,13960.2998046875,13995.53515625,0,13995.53515625,"Indonesia"
2021-02-04,14029.5,14088,13978.8388671875,13983.9521484375,0,13983.9521484375,"Indonesia"
2021-02-05,14080,14093.5,13993.5,14010.4736328125,0,14010.4736328125,"Indonesia"
2021-02-08,14001.2197265625,14034.099609375,13982,14001.103515625,0,14001.103515625,"Indonesia"
2021-02-09,14047.2998046875,14047.2998046875,13965.400390625,13990.4599609375,0,13990.4599609375,"Indonesia"
2021-02-10,14029.2001953125,14029.2001953125,13957.900390625,13989.1884765625,0,13989.1884765625,"Indonesia"
2021-02-11,14027,14027,13949.5,14027,0,14027,"Indonesia"
2021-02-12,14009.7998046875,14009.7998046875,13952.2001953125,13976.240234375,0,13976.240234375,"Indonesia"
2021-02-15,13968.453125,13974.599609375,13858.2998046875,13966,0,13966,"Indonesia"
2021-02-16,13940.599609375,14022.2998046875,13724.61328125,13907,0,13907,"Indonesia"
2021-02-17,14039.2001953125,14151.5,13918,14039.2001953125,0,14039.2001953125,"Indonesia"
2021-02-18,14102.5,14110,13997.6513671875,14007.474609375,0,14007.474609375,"Indonesia"
2021-02-19,14118,14118,13991.900390625,13998.1982421875,0,13998.1982421875,"Indonesia"
2021-02-22,13889.5341796875,14237.2001953125,13886.353515625,13898.4169921875,0,13898.4169921875,"Indonesia"
2021-02-23,14165,14165,14067.7998046875,14107.6962890625,0,14107.6962890625,"Indonesia"
2021-02-24,14126.2001953125,14126.2001953125,14020.2998046875,14081.6171875,0,14081.6171875,"Indonesia"
2021-02-25,14096.7998046875,14256.5,14042.7998046875,14097.7998046875,0,14097.7998046875,"Indonesia"
2021-02-26,14410,14410,13967.28515625,13968.185546875,0,13968.185546875,"Indonesia"
2021-03-01,14092.2578125,14347.5,14079.6787109375,14110.5849609375,0,14110.5849609375,"Indonesia"
2021-03-02,14336.2001953125,14372,14245.419921875,14245.6201171875,0,14245.6201171875,"Indonesia"
2021-03-03,14345,14345,14234.7666015625,14239.181640625,0,14239.181640625,"Indonesia"
2021-03-04,14349,14351.5,14227.7998046875,14349,0,14349,"Indonesia"
2021-03-05,14410,14441,14243.8564453125,14268.8798828125,0,14268.8798828125,"Indonesia"
2021-03-08,14275.8916015625,14364,14113.595703125,14287.392578125,0,14287.392578125,"Indonesia"
2021-03-09,14343.93359375,14466,14110.560546875,14344.4755859375,0,14344.4755859375,"Indonesia"
2021-03-10,14396.5595703125,14444.2001953125,14176.0634765625,14393,0,14393,"Indonesia"
2021-03-11,14462.599609375,14462.599609375,14280.900390625,14398,0,14398,"Indonesia"
2021-03-12,14345,14446.5,14284.900390625,14283.900390625,0,14283.900390625,"Indonesia"
2021-03-15,14409.400390625,14417.2998046875,14407.400390625,14385.208984375,0,14385.208984375,"Indonesia"
2021-03-16,14464,14506.7998046875,14378.400390625,14464,0,14464,"Indonesia"
2021-03-17,14495,14495.2001953125,14394.7001953125,14427.5,0,14427.5,"Indonesia"
2021-03-18,14402,14529.7998046875,14338,14403,0,14403,"Indonesia"
2021-03-19,14494.7998046875,14494.7998046875,14373.5,14431,0,14431,"Indonesia"
2021-03-22,14398,14442.400390625,14373.099609375,14372.2001953125,0,14372.2001953125,"Indonesia"
2021-03-23,14432.7001953125,14499,14252.5,14375.7998046875,0,14375.7998046875,"Indonesia"
2021-03-24,14505.5,14505.5,14388,14505.5,0,14505.5,"Indonesia"
2021-03-25,14508.7001953125,14508.7001953125,14401.5,14460,0,14460,"Indonesia"
2021-03-26,14502.099609375,14502.099609375,14399.900390625,14456.400390625,0,14456.400390625,"Indonesia"
2021-03-28,14411,14501,14411,14411,0,14411,"Indonesia"
2021-03-29,14511.7001953125,14569.599609375,14438,14511.7001953125,0,14511.7001953125,"Indonesia"
2021-03-30,14605,14605,14517.099609375,14605,0,14605,"Indonesia"
2021-03-31,14605,14605,14495.2998046875,14606,0,14606,"Indonesia"
2021-04-01,14553,14553,14486,14553,0,14553,"Indonesia"
2021-04-04,14518,14536,14446.5,14518,0,14518,"Indonesia"
2021-04-05,14529.2001953125,14529.2001953125,14456.2998046875,14529.2001953125,0,14529.2001953125,"Indonesia"
2021-04-06,14510,14577.599609375,14456.2001953125,14460.2998046875,0,14460.2998046875,"Indonesia"
2021-04-07,14641,14641,14488,14641,0,14641,"Indonesia"
2021-04-08,14660.7001953125,14660.7001953125,14528,14660.7001953125,0,14660.7001953125,"Indonesia"
2021-04-11,14558,14644,14558,14558,0,14558,"Indonesia"
2021-04-12,14611.900390625,14674,14588,14611.900390625,0,14611.900390625,"Indonesia"
2021-04-13,14688,14688,14597.2001953125,14621.099609375,0,14621.099609375,"Indonesia"
2021-04-14,14673.7998046875,14673.7998046875,14562.599609375,14673.7998046875,0,14673.7998046875,"Indonesia"
2021-04-15,14603,14617,14512.2998046875,14616,0,14616,"Indonesia"
2021-04-18,14558,14575.599609375,14509.099609375,14558,0,14558,"Indonesia"
2021-04-19,14569.2998046875,14576.099609375,14471.5,14570,0,14570,"Indonesia"
2021-04-20,14587.2998046875,14587.2998046875,14495,14543.2001953125,0,14543.2001953125,"Indonesia"
2021-04-21,14564.2001953125,14564.2001953125,14507,14564.2001953125,0,14564.2001953125,"Indonesia"
2021-04-22,14605.900390625,14605.900390625,14504.400390625,14606.599609375,0,14606.599609375,"Indonesia"
2021-04-25,14518,14518,14416.5,14518,0,14518,"Indonesia"
2021-04-26,14505.099609375,14517,14460.7001953125,14459.599609375,0,14459.599609375,"Indonesia"
2021-04-27,14566,14568.5,14478,14516.400390625,0,14516.400390625,"Indonesia"
2021-04-28,14519,14519,14384.900390625,14519,0,14519,"Indonesia"
2021-04-29,14439.7001953125,14494.7001953125,14395.599609375,14439.7001953125,0,14439.7001953125,"Indonesia"
2021-05-02,14438,14519.7998046875,14394.7998046875,14438,0,14438,"Indonesia"
2021-05-03,14448.5,14480.2001953125,14390.5,14399.099609375,0,14399.099609375,"Indonesia"
2021-05-04,14529,14529,14411.2998046875,14482.5,0,14482.5,"Indonesia"
2021-05-05,14450,14450,14276.2001953125,14399.5,0,14399.5,"Indonesia"
2021-05-06,14282.7998046875,14312,14055.900390625,14283.7998046875,0,14283.7998046875,"Indonesia"
2021-05-09,14278,14278,14071.2998046875,14278,0,14278,"Indonesia"
2021-05-10,14220,14227.2998046875,14160.5,14189.599609375,0,14189.599609375,"Indonesia"
2021-05-11,14220,14330.7998046875,14182.5,14220,0,14220,"Indonesia"
2021-05-12,14347,14359.2001953125,14270.7998046875,14347,0,14347,"Indonesia"
2021-05-13,14341,14341,14262.900390625,14300.2998046875,0,14300.2998046875,"Indonesia"
2021-05-16,14191,14388.099609375,14191,14191,0,14191,"Indonesia"
2021-05-17,14389.2998046875,14389.2998046875,14250.599609375,14344.5,0,14344.5,"Indonesia"
2021-05-18,14361.2998046875,14416.2001953125,14266,14362.2998046875,0,14362.2998046875,"Indonesia"
2021-05-19,14444.7001953125,14444.7001953125,14338,14389.7001953125,0,14389.7001953125,"Indonesia"
2021-05-20,14396.2998046875,14396.2998046875,14311.2001953125,14397.2998046875,0,14397.2998046875,"Indonesia"
2021-05-23,14348,14370.400390625,14311.5,14348,0,14348,"Indonesia"
2021-05-24,14364,14364,14296.5,14365,0,14365,"Indonesia"
2021-05-25,14371.400390625,14371.400390625,14217.099609375,14371.400390625,0,14371.400390625,"Indonesia"
2021-05-26,14309,14335.099609375,14263.7998046875,14310,0,14310,"Indonesia"
2021-05-27,14330,14345.099609375,14256.5,14318,0,14318,"Indonesia"
2021-05-30,14278,14306.7998046875,14206.5,14278,0,14278,"Indonesia"
2021-05-31,14274.2001953125,14285.5,14179.7998046875,14247.5,0,14247.5,"Indonesia"
2021-06-01,14280,14327.7998046875,14240,14251.5,0,14251.5,"Indonesia"
2021-06-02,14290.7001953125,14333.7998046875,14236.5,14290.7001953125,0,14290.7001953125,"Indonesia"
2021-06-03,14360,14360,14249.2001953125,14360,0,14360,"Indonesia"
2021-06-06,14288,14298.2998046875,14239,14288,0,14288,"Indonesia"
2021-06-07,14278.2998046875,14287.7001953125,14199.650390625,14246.5,0,14246.5,"Indonesia"
2021-06-08,14310.7001953125,14310.7001953125,14243.5,14281,0,14281,"Indonesia"
2021-06-09,14300,14300,14223,14300,0,14300,"Indonesia"
2021-06-10,14247.5,14251,14148,14248.5,0,14248.5,"Indonesia"
2021-06-13,14182,14276.400390625,14182,14182,0,14182,"Indonesia"
2021-06-14,14266.5,14271.900390625,14150.8896484375,14267.5,0,14267.5,"Indonesia"
2021-06-15,14279.2998046875,14279.2998046875,14218,14280.2998046875,0,14280.2998046875,"Indonesia"
2021-06-16,14407.5,14487.599609375,14302.7998046875,14466.5,0,14466.5,"Indonesia"
2021-06-17,14554.7001953125,14554.7001953125,14367.099609375,14554.7001953125,0,14554.7001953125,"Indonesia"
2021-06-20,14368,14505.599609375,14368,14368,0,14368,"Indonesia"
2021-06-21,14454,14485.2998046875,14368.400390625,14388.7998046875,0,14388.7998046875,"Indonesia"
2021-06-22,14495,14495,14413,14495,0,14495,"Indonesia"
2021-06-23,14468,14491.400390625,14381.73046875,14413.2998046875,0,14413.2998046875,"Indonesia"
2021-06-24,14511.2001953125,14511.2001953125,14417.5,14511.2001953125,0,14511.2001953125,"Indonesia"
2021-06-27,14418,14517.400390625,14417.400390625,14418,0,14418,"Indonesia"
2021-06-28,14479,14593.400390625,14438,14525,0,14525,"Indonesia"
2021-06-29,14629.099609375,14629.099609375,14423.51953125,14629.099609375,0,14629.099609375,"Indonesia"
2021-06-30,14601.599609375,14601.599609375,14490,14601.599609375,0,14601.599609375,"Indonesia"
2021-07-01,14635,14635,14485.5,14581.400390625,0,14581.400390625,"Indonesia"
2021-07-04,14526,14535,14444.5,14526,0,14526,"Indonesia"
2021-07-05,14507,14530,14443.5,14495,0,14495,"Indonesia"
2021-07-06,14568.7001953125,14568.7001953125,14468.2998046875,14568.7001953125,0,14568.7001953125,"Indonesia"
2021-07-07,14569.2001953125,14599.7001953125,14506.2001953125,14569.2001953125,0,14569.2001953125,"Indonesia"
2021-07-08,14618.7001953125,14618.7001953125,14479.599609375,14618.7001953125,0,14618.7001953125,"Indonesia"
2021-07-11,14521,14525,14466.099609375,14521,0,14521,"Indonesia"
2021-07-12,14557.5,14557.5,14439.5,14558.5,0,14558.5,"Indonesia"
2021-07-13,14537.2998046875,14539.7998046875,14453.5,14542.099609375,0,14542.099609375,"Indonesia"
2021-07-14,14525.2001953125,14528.599609375,14420.5400390625,14473,0,14473,"Indonesia"
2021-07-15,14560,14560,14426.900390625,14563,0,14563,"Indonesia"
2021-07-18,14491,14581.2998046875,14477.5,14491,0,14491,"Indonesia"
2021-07-19,14589.7001953125,14664.7998046875,14524.7001953125,14664.5,0,14664.5,"Indonesia"
2021-07-20,14551,14560.5,14477.400390625,14620,0,14620,"Indonesia"
2021-07-21,14530.2001953125,14530.2001953125,14472.5,14536,0,14536,"Indonesia"
2021-07-22,14548.7001953125,14548.7001953125,14435.4599609375,14548.7001953125,0,14548.7001953125,"Indonesia"
2021-07-25,14486,14505.900390625,14343.2001953125,14486,0,14486,"Indonesia"
2021-07-26,14523.5,14523.5,14458,14523.5,0,14523.5,"Indonesia"
2021-07-27,14554,14554,14479.599609375,14554,0,14554,"Indonesia"
2021-07-28,14516.5,14516.5,14406.2998046875,14462.599609375,0,14462.599609375,"Indonesia"
2021-07-29,14447,14481.2998046875,14403,14450,0,14450,"Indonesia"
2021-08-01,14456,14470.7998046875,14357.2998046875,14456,0,14456,"Indonesia"
2021-08-02,14396.7001953125,14396.7001953125,14282.7001953125,14397.400390625,0,14397.400390625,"Indonesia"
2021-08-03,14349.5,14353.2001953125,14142.400390625,14349.5,0,14349.5,"Indonesia"
2021-08-04,14373.5,14373.5,14306,14338.599609375,0,14338.599609375,"Indonesia"
2021-08-05,14385.5,14401.7998046875,14333.2001953125,14385.5,0,14385.5,"Indonesia"
2021-08-08,14346,14403,14346,14346,0,14346,"Indonesia"
2021-08-09,14400.2001953125,14419.7998046875,14356,14402.099609375,0,14402.099609375,"Indonesia"
2021-08-10,14393.099609375,14428.5,14357,14393.099609375,0,14393.099609375,"Indonesia"
2021-08-11,14345.599609375,14404.400390625,14297.5,14395,0,14395,"Indonesia"
2021-08-12,14376,14415,14289,14341,0,14341,"Indonesia"
2021-08-15,14381,14391,14349.5,14381,0,14381,"Indonesia"
2021-08-16,14404.5,14426.5,14351,14363,0,14363,"Indonesia"
2021-08-17,14469.7998046875,14469.7998046875,14311.08984375,14425.099609375,0,14425.099609375,"Indonesia"
2021-08-18,14402.400390625,14479.2998046875,14394,14454.2001953125,0,14454.2001953125,"Indonesia"
2021-08-19,14548,14548,14396,14493.400390625,0,14493.400390625,"Indonesia"
2021-08-22,14446,14446,14382.400390625,14446,0,14446,"Indonesia"
2021-08-23,14430,14467.5,14367.5,14430,0,14430,"Indonesia"
2021-08-24,14448.7001953125,14448.7001953125,14363.2001953125,14448.7001953125,0,14448.7001953125,"Indonesia"
2021-08-25,14465.7001953125,14468,14407.400390625,14465.7001953125,0,14465.7001953125,"Indonesia"
2021-08-26,14502,14502,14350.8896484375,14449.2998046875,0,14449.2998046875,"Indonesia"
2021-08-29,14411,14411,14314.5,14411,0,14411,"Indonesia"
2021-08-30,14362,14362,14197.099609375,14362,0,14362,"Indonesia"
2021-08-31,14246.5,14299.7001953125,14208.2001953125,14246.5,0,14246.5,"Indonesia"
2021-09-01,14269.2001953125,14283,14212.580078125,14269.2001953125,0,14269.2001953125,"Indonesia"
2021-09-02,14277,14280,14109.5,14245.5,0,14245.5,"Indonesia"
2021-09-05,14256,14256,14185.5,14256,0,14256,"Indonesia"
2021-09-06,14250,14271.2998046875,14153.7998046875,14231.400390625,0,14231.400390625,"Indonesia"
2021-09-07,14279.2001953125,14287.2998046875,14206,14279.2001953125,0,14279.2001953125,"Indonesia"
2021-09-08,14325.400390625,14326.7998046875,14230.599609375,14326.400390625,0,14326.400390625,"Indonesia"
2021-09-09,14299.2001953125,14299.2001953125,14185,14258.7998046875,0,14258.7998046875,"Indonesia"
2021-09-12,14196,14284,14196,14196,0,14196,"Indonesia"
2021-09-13,14291.599609375,14291.599609375,14188.7001953125,14291.599609375,0,14291.599609375,"Indonesia"
2021-09-14,14283.5,14283.5,14207.900390625,14249.7001953125,0,14249.7001953125,"Indonesia"
2021-09-15,14264.2998046875,14284.599609375,14180.740234375,14264.5,0,14264.5,"Indonesia"
2021-09-16,14241.099609375,14283.900390625,14166.8095703125,14283.900390625,0,14283.900390625,"Indonesia"
2021-09-19,14221,14306.7001953125,14221,14221,0,14221,"Indonesia"
2021-09-20,14320.2998046875,14320.2998046875,14206.599609375,14320.5,0,14320.5,"Indonesia"
2021-09-21,14290.7998046875,14290.7998046875,14172.7802734375,14237.5,0,14237.5,"Indonesia"
2021-09-22,14279.2001953125,14304.5,14177.759765625,14279.2001953125,0,14279.2001953125,"Indonesia"
2021-09-23,14285.5,14307.400390625,14226,14286.5,0,14286.5,"Indonesia"
2021-09-26,14251,14284.2998046875,14178.75,14251,0,14251,"Indonesia"
2021-09-27,14291.5,14317.5,14237.5,14242.5,0,14242.5,"Indonesia"
2021-09-28,14364.2001953125,14364.2001953125,14266,14318.599609375,0,14318.599609375,"Indonesia"
2021-09-29,14385,14385,14279.599609375,14385,0,14385,"Indonesia"
2021-09-30,14366.5,14366.5,14266.2001953125,14328.599609375,0,14328.599609375,"Indonesia"
2021-10-03,14301,14305,14237.7998046875,14301,0,14301,"Indonesia"
2021-10-04,14299.5,14299.5,14215.7998046875,14300.5,0,14300.5,"Indonesia"
2021-10-05,14245.2998046875,14302,14206.2001953125,14246,0,14246,"Indonesia"
2021-10-06,14270.599609375,14270.599609375,14164.099609375,14232.400390625,0,14232.400390625,"Indonesia"
2021-10-07,14210,14247.2998046875,14157.900390625,14170.7998046875,0,14170.7998046875,"Indonesia"
2021-10-10,14216,14225.7001953125,14153.8798828125,14216,0,14216,"Indonesia"
2021-10-11,14205,14225.2998046875,14161,14194,0,14194,"Indonesia"
2021-10-12,14221.2001953125,14255,14145.919921875,14221.2001953125,0,14221.2001953125,"Indonesia"
2021-10-13,14219.7001953125,14219.7001953125,13579.2001953125,14219.7001953125,0,14219.7001953125,"Indonesia"
2021-10-14,14056.400390625,14111,14017.599609375,14078.5,0,14078.5,"Indonesia"
2021-10-17,14067,14141.2998046875,14013.580078125,14067,0,14067,"Indonesia"
2021-10-18,14156.5,14156.5,14046.2001953125,14157.2001953125,0,14157.2001953125,"Indonesia"
2021-10-19,14116.7998046875,14149.900390625,13624.900390625,14116.7998046875,0,14116.7998046875,"Indonesia"
2021-10-20,14150.5,14153.7998046875,14009.599609375,14119.7998046875,0,14119.7998046875,"Indonesia"
2021-10-21,14175,14228.900390625,13721.2001953125,14175,0,14175,"Indonesia"
2021-10-24,14116,14192.2001953125,14113.5,14116,0,14116,"Indonesia"
2021-10-25,14192.5,14192.5,14117,14193.5,0,14193.5,"Indonesia"
2021-10-26,14175.7001953125,14251.400390625,14137.5,14175.7001953125,0,14175.7001953125,"Indonesia"
2021-10-27,14252,14252,14163.900390625,14217.099609375,0,14217.099609375,"Indonesia"
2021-10-28,14198.599609375,14256,14152.2001953125,14229,0,14229,"Indonesia"
2021-11-01,14161,14332.099609375,14161,14228.5,0,14228.5,"Indonesia"
2021-11-02,14322.5,14322.5,14244.5,14276.599609375,0,14276.599609375,"Indonesia"
2021-11-03,14325.7998046875,14411.2001953125,14246,14289.900390625,0,14289.900390625,"Indonesia"
2021-11-04,14366,14402.2001953125,14302,14366,0,14366,"Indonesia"
2021-11-05,14401,14414,14303.400390625,14414,0,14414,"Indonesia"
2021-11-08,14321,14325,14237.5,14319.7998046875,0,14319.7998046875,"Indonesia"
2021-11-09,14288,14288,14213.099609375,14252,0,14252,"Indonesia"
2021-11-10,14258.900390625,14307,14226.900390625,14290,0,14290,"Indonesia"
2021-11-11,14337,14337,14243.7998046875,14302.400390625,0,14302.400390625,"Indonesia"
2021-11-12,14299.2001953125,14299.2001953125,14164.2001953125,14261.7001953125,0,14261.7001953125,"Indonesia"
2021-11-15,14229,14229,14156.5,14186.7001953125,0,14186.7001953125,"Indonesia"
2021-11-16,14185.400390625,14253.5,14171.5,14185.400390625,0,14185.400390625,"Indonesia"
2021-11-17,14274.2001953125,14277.5,14214.5,14274.2001953125,0,14274.2001953125,"Indonesia"
2021-11-18,14255,14255,14206,14223.7998046875,0,14223.7998046875,"Indonesia"
2021-11-19,14235,14300.5,14183.5,14204.7001953125,0,14204.7001953125,"Indonesia"
2021-11-22,14231,14291.599609375,14224.099609375,14265.099609375,0,14265.099609375,"Indonesia"
2021-11-23,14295.5,14298,14241,14259.599609375,0,14259.599609375,"Indonesia"
2021-11-24,14301,14327.400390625,14240.5,14272.5,0,14272.5,"Indonesia"
2021-11-25,14336,14336,14256,14303.400390625,0,14303.400390625,"Indonesia"
2021-11-26,14320,14439.099609375,14281,14320,0,14320,"Indonesia"
2021-11-29,14296,14378.2998046875,14003.5,14408.2001953125,0,14408.2001953125,"Indonesia"
2021-11-30,14377,14377,14235.5,14377,0,14377,"Indonesia"
2021-12-01,14330,14379.5,14286,14333,0,14333,"Indonesia"
2021-12-02,14419.7001953125,14450.400390625,14281.240234375,14376,0,14376,"Indonesia"
2021-12-03,14443.7998046875,14508,14356.900390625,14443.7998046875,0,14443.7998046875,"Indonesia"
2021-12-06,14391,14462.7001953125,14391,14514,0,14514,"Indonesia"
2021-12-07,14490,14490,14331.5,14490,0,14490,"Indonesia"
2021-12-08,14392.2998046875,14392.2998046875,14041.2001953125,14393.2998046875,0,14393.2998046875,"Indonesia"
2021-12-09,14335,14432.2998046875,14288.5,14335,0,14335,"Indonesia"
2021-12-10,14329.5,14422.7998046875,14022,14297.400390625,0,14297.400390625,"Indonesia"
2021-12-13,14366,14370,14282.5,14351.900390625,0,14351.900390625,"Indonesia"
2021-12-14,14356.2998046875,14356.2998046875,14283.5,14324.7001953125,0,14324.7001953125,"Indonesia"
2021-12-15,14341.5,14389.099609375,14276.259765625,14342.5,0,14342.5,"Indonesia"
2021-12-16,14294.5,14376.5,14265.3203125,14297.5,0,14297.5,"Indonesia"
2021-12-17,14379.7998046875,14387.7001953125,14344.5,14380,0,14380,"Indonesia"
2021-12-20,14361,14415.400390625,14360,14385.7001953125,0,14385.7001953125,"Indonesia"
2021-12-21,14417.2998046875,14417.2998046875,14261.2001953125,14388.7001953125,0,14388.7001953125,"Indonesia"
2021-12-22,14283.5,14307,14195.099609375,14263.900390625,0,14263.900390625,"Indonesia"
2021-12-23,14209,14253,14167.5,14193.7998046875,0,14193.7998046875,"Indonesia"
2021-12-24,14178.5,14242,14104.5,14167.7998046875,0,14167.7998046875,"Indonesia"
2021-12-27,14214,14239.400390625,14147.91015625,14189.2998046875,0,14189.2998046875,"Indonesia"
2021-12-28,14219,14239.5,14205.599609375,14220,0,14220,"Indonesia"
2021-12-29,14227.900390625,14274.400390625,14216.7001953125,14238.2001953125,0,14238.2001953125,"Indonesia"
2021-12-30,14237,14276.2001953125,14218.7001953125,14237,0,14237,"Indonesia"
2021-12-31,14285.2001953125,14285.2001953125,14065.5,14285.2001953125,0,14285.2001953125,"Indonesia"
2022-01-03,14246,14301.2998046875,14207.5,14215,0,14215,"Indonesia"
2022-01-04,14303.7001953125,14383.2998046875,14259,14283.599609375,0,14283.599609375,"Indonesia"
2022-01-05,14346.400390625,14398.5,14336.7001953125,14385.5,0,14385.5,"Indonesia"
2022-01-06,14445.7998046875,14445.7998046875,14351,14446.5,0,14446.5,"Indonesia"
2022-01-07,14408,14408,14320.5,14408,0,14408,"Indonesia"
2022-01-10,14351,14351,14262.2998046875,14318.5,0,14318.5,"Indonesia"
2022-01-11,14312,14322.2998046875,14251.3896484375,14313,0,14313,"Indonesia"
2022-01-12,14303,14355.5,14257.5,14277,0,14277,"Indonesia"
2022-01-13,14321.5,14326.2001953125,14266,14298.900390625,0,14298.900390625,"Indonesia"
2022-01-14,14273,14324.2998046875,14239.4501953125,14276,0,14276,"Indonesia"
2022-01-17,14290,14335.5,14290,14314.5,0,14314.5,"Indonesia"
2022-01-18,14331.2001953125,14381.2998046875,14297,14349.7001953125,0,14349.7001953125,"Indonesia"
2022-01-19,14356.900390625,14398.5,14331,14382.2998046875,0,14382.2998046875,"Indonesia"
2022-01-20,14382.5,14382.5,14300.2998046875,14362.7998046875,0,14362.7998046875,"Indonesia"
2022-01-21,14324,14356.5,14302.2001953125,14343,0,14343,"Indonesia"
2022-01-24,14331,14364.900390625,14300,14329.7001953125,0,14329.7001953125,"Indonesia"
2022-01-25,14365,14365,14299.400390625,14365,0,14365,"Indonesia"
2022-01-26,14342.5,14354,14063.7001953125,14330.5,0,14330.5,"Indonesia"
2022-01-27,14377.7001953125,14397.5,14325.400390625,14366.400390625,0,14366.400390625,"Indonesia"
2022-01-28,14389.2001953125,14413.2998046875,14313.080078125,14389.2001953125,0,14389.2001953125,"Indonesia"
2022-01-31,14381,14406.2998046875,14330.900390625,14381.599609375,0,14381.599609375,"Indonesia"
2022-02-01,14350,14380,14296.2998046875,14350,0,14350,"Indonesia"
2022-02-02,14328,14382.2998046875,14292.099609375,14322.2998046875,0,14322.2998046875,"Indonesia"
2022-02-03,14362.7998046875,14404.900390625,14348.7001953125,14363.7998046875,0,14363.7998046875,"Indonesia"
2022-02-04,14377,14416.400390625,14309.099609375,14377,0,14377,"Indonesia"
2022-02-07,14373,14419.2998046875,14373,14400.400390625,0,14400.400390625,"Indonesia"
2022-02-08,14393.599609375,14405.599609375,14331.98046875,14405.599609375,0,14405.599609375,"Indonesia"
2022-02-09,14379.5,14386,14332.400390625,14379.5,0,14379.5,"Indonesia"
2022-02-10,14334.2001953125,14366,14310.099609375,14334.2001953125,0,14334.2001953125,"Indonesia"
2022-02-11,14340,14367.900390625,14298.599609375,14328,0,14328,"Indonesia"
2022-02-14,14345,14351.400390625,14304.599609375,14344.7001953125,0,14344.7001953125,"Indonesia"
2022-02-15,14302,14321,14081,14303,0,14303,"Indonesia"
2022-02-16,14260.599609375,14297.7998046875,14220.5400390625,14260.599609375,0,14260.599609375,"Indonesia"
2022-02-17,14274.7998046875,14362.400390625,14206.6103515625,14274.400390625,0,14274.400390625,"Indonesia"
2022-02-18,14360,14375.400390625,14301.7998046875,14348,0,14348,"Indonesia"
2022-02-21,14321,14366.900390625,14267.3095703125,14365.900390625,0,14365.900390625,"Indonesia"
2022-02-22,14355,14383.7998046875,14321,14355,0,14355,"Indonesia"
2022-02-23,14395,14395,14325.7998046875,14395,0,14395,"Indonesia"
2022-02-24,14364,14457.2998046875,14331,14365,0,14365,"Indonesia"
2022-02-25,14452.5,14455,14319.599609375,14452.5,0,14452.5,"Indonesia"
2022-02-28,14360,14408,14341,14334.2001953125,0,14334.2001953125,"Indonesia"
2022-03-01,14395,14415.400390625,14320,14360,0,14360,"Indonesia"
2022-03-02,14424.5,14424.5,14341,14425,0,14425,"Indonesia"
2022-03-03,14386.5,14415.2998046875,14352.5,14387.5,0,14387.5,"Indonesia"
2022-03-04,14358.400390625,14398.099609375,14357.7001953125,14358.400390625,0,14358.400390625,"Indonesia"
2022-03-07,14381,14445.5,14377.2998046875,14381.7001953125,0,14381.7001953125,"Indonesia"
2022-03-08,14439.5,14439.5,14266.400390625,14406.400390625,0,14406.400390625,"Indonesia"
2022-03-09,14381,14391,14264.7998046875,14362.7001953125,0,14362.7001953125,"Indonesia"
2022-03-10,14250,14341,14250,14251,0,14251,"Indonesia"
2022-03-11,14275,14321,14089.599609375,14275,0,14275,"Indonesia"
2022-03-14,14296,14339.2998046875,14234.4697265625,14325.5,0,14325.5,"Indonesia"
2022-03-15,14346.5,14346.5,14289,14347.5,0,14347.5,"Indonesia"
2022-03-16,14308,14315.2998046875,14081.2001953125,14305.2998046875,0,14305.2998046875,"Indonesia"
2022-03-17,14262.5,14337.7998046875,14253.5,14263.5,0,14263.5,"Indonesia"
2022-03-18,14325.5,14357.7998046875,14218.5498046875,14326,0,14326,"Indonesia"
2022-03-21,14335,14350.7001953125,14268.2998046875,14342.2998046875,0,14342.2998046875,"Indonesia"
2022-03-22,14342,14357,14269.2998046875,14345,0,14345,"Indonesia"
2022-03-23,14345.5,14386,14321,14345.5,0,14345.5,"Indonesia"
2022-03-24,14389,14389,14344,14389,0,14389,"Indonesia"
2022-03-25,14358,14375,14326,14337.099609375,0,14337.099609375,"Indonesia"
2022-03-27,14334,14374.7001953125,14334,14334,0,14334,"Indonesia"
2022-03-28,14373,14372.2001953125,14288.2001953125,14373,0,14373,"Indonesia"
2022-03-29,14334,14362.5,14292.1796875,14334,0,14334,"Indonesia"
2022-03-30,14327.5,14375.400390625,14319.5,14327.5,0,14327.5,"Indonesia"
2022-03-31,14351,14379.2001953125,14341.2001953125,14351,0,14351,"Indonesia"
2022-04-03,14361,14366.5,14292.1796875,14361,0,14361,"Indonesia"
2022-04-04,14322.2998046875,14368,14322.2998046875,14322.2998046875,0,14322.2998046875,"Indonesia"
2022-04-05,14365.5,14384.900390625,14340,14365.5,0,14365.5,"Indonesia"
2022-04-06,14382,14381.7998046875,14349,14382,0,14382,"Indonesia"
2022-04-07,14385,14393.400390625,14352,14385,0,14385,"Indonesia"
2022-04-10,14355,14381.2998046875,14355,14355,0,14355,"Indonesia"
2022-04-11,14360.7001953125,14381.2001953125,14351.7001953125,14360.7001953125,0,14360.7001953125,"Indonesia"
2022-04-12,14364.2001953125,15611.599609375,14338.599609375,14364.2001953125,0,14364.2001953125,"Indonesia"
2022-04-13,14360.2001953125,14385.900390625,14337,14360.2001953125,0,14360.2001953125,"Indonesia"
2022-04-14,14383.900390625,14394.5,14337,14383.900390625,0,14383.900390625,"Indonesia"
2022-04-17,14337,14368,14277.259765625,14337,0,14337,"Indonesia"
2022-04-18,14353.7998046875,14364.5,14303.5,14353.7998046875,0,14353.7998046875,"Indonesia"
2022-04-19,14364.900390625,14384.5,14275.26953125,14364.900390625,0,14364.900390625,"Indonesia"
2022-04-20,14351,14359.2001953125,14279.25,14351,0,14351,"Indonesia"
2022-04-21,14382,14492,14337,14382,0,14382,"Indonesia"
2022-04-24,14350,14525,14350,14350,0,14350,"Indonesia"
2022-04-25,14478,14476.5,14361.5,14478,0,14478,"Indonesia"
2022-04-26,14466,14510.599609375,14345.5,14466,0,14466,"Indonesia"
2022-04-27,14447.5,14528.900390625,14420,14447.5,0,14447.5,"Indonesia"
2022-04-28,14502,14560,14398.5,14502,0,14502,"Indonesia"
2022-05-01,14490,14565,14490,14490,0,14490,"Indonesia"
2022-05-02,14522.599609375,14576.099609375,14458.5,14522.599609375,0,14522.599609375,"Indonesia"
2022-05-03,14491,14507,14411.900390625,14491,0,14491,"Indonesia"
2022-05-04,14425,14490,14386,14425,0,14425,"Indonesia"
2022-05-05,14458.7001953125,14501.5,14450.900390625,14458.7001953125,0,14458.7001953125,"Indonesia"
2022-05-08,14490,14594.900390625,14490,14490,0,14490,"Indonesia"
2022-05-09,14552.2001953125,14620.7998046875,14508.5,14552.2001953125,0,14552.2001953125,"Indonesia"
2022-05-10,14520.7998046875,14560.7998046875,14490.400390625,14520.7998046875,0,14520.7998046875,"Indonesia"
2022-05-11,14543.400390625,14671.599609375,14523.7001953125,14543.400390625,0,14543.400390625,"Indonesia"
2022-05-12,14632.099609375,14669.5,14589.7001953125,14632.099609375,0,14632.099609375,"Indonesia"
2022-05-15,14606,14744.7001953125,14596.7001953125,14606,0,14606,"Indonesia"
2022-05-16,14645,14690,14606,14645,0,14645,"Indonesia"
2022-05-17,14630.599609375,14731.5,14630.599609375,14630.599609375,0,14630.599609375,"Indonesia"
2022-05-18,14740,14755,14568.5,14740,0,14740,"Indonesia"
2022-05-19,14626.7998046875,14683.7998046875,14618,14626.7998046875,0,14626.7998046875,"Indonesia"
2022-05-22,14645,14671.7001953125,14609.900390625,14645,0,14645,"Indonesia"
2022-05-23,14619.2001953125,14687.099609375,14591.6796875,14619.2001953125,0,14619.2001953125,"Indonesia"
2022-05-24,14635.7998046875,14663,14588.5,14635.7998046875,0,14635.7998046875,"Indonesia"
2022-05-25,14597,14631.400390625,14572.2001953125,14597,0,14597,"Indonesia"
2022-05-26,14584.2001953125,14626,14522.2001953125,14584.2001953125,0,14584.2001953125,"Indonesia"
2022-05-29,14570,14571,14497.7998046875,14570,0,14570,"Indonesia"
2022-05-30,14538.400390625,14594,14471.2802734375,14538.400390625,0,14538.400390625,"Indonesia"
2022-05-31,14543.900390625,14574,14513.400390625,14543.900390625,0,14543.900390625,"Indonesia"
2022-06-01,14531.5,14585.2001953125,14364.5,14531.5,0,14531.5,"Indonesia"
2022-06-02,14426.7998046875,14476,14385,14426.7998046875,0,14426.7998046875,"Indonesia"
2022-06-05,14431,14472,14401.7001953125,14431,0,14431,"Indonesia"
2022-06-06,14435.2001953125,14473.7001953125,14435.2998046875,14435.2001953125,0,14435.2001953125,"Indonesia"
2022-06-07,14458.7998046875,14523.5,14411.5,14458.7998046875,0,14458.7998046875,"Indonesia"
2022-06-08,14495.2998046875,14592.599609375,14404.6201171875,14495.2998046875,0,14495.2998046875,"Indonesia"
2022-06-09,14611.7998046875,14647,14454.7001953125,14611.7998046875,0,14611.7998046875,"Indonesia"
2022-06-12,14546,14808.2001953125,14496.16015625,14546,0,14546,"Indonesia"
2022-06-13,14795,14804,14678,14795,0,14795,"Indonesia"
2022-06-14,14740.7998046875,14791.2001953125,14632.7001953125,14740.7998046875,0,14740.7998046875,"Indonesia"
2022-06-15,14681,14872,14661.2001953125,14681,0,14681,"Indonesia"
2022-06-16,14776.099609375,14854.5,14667.2998046875,14776.099609375,0,14776.099609375,"Indonesia"
2022-06-19,14816,14848.2001953125,14753.8603515625,14816,0,14816,"Indonesia"
2022-06-20,14827.7001953125,14840,14774.7001953125,14827.7001953125,0,14827.7001953125,"Indonesia"
2022-06-21,14831.7001953125,14883.7001953125,14775.2001953125,14831.7001953125,0,14831.7001953125,"Indonesia"
2022-06-22,14843,14872,14790.7001953125,14843,0,14843,"Indonesia"
2022-06-23,14841.7998046875,14861.599609375,14815.5,14841.7998046875,0,14841.7998046875,"Indonesia"
2022-06-26,14841,14841,14779.599609375,14841,0,14841,"Indonesia"
2022-06-27,14791,14853.5,14783.7001953125,14791,0,14791,"Indonesia"
2022-06-28,14857,14876.7998046875,14823.400390625,14857,0,14857,"Indonesia"
2022-06-29,14877,14984,14842,14877,0,14877,"Indonesia"
2022-06-30,14921.900390625,15019.7998046875,14891,14921.900390625,0,14921.900390625,"Indonesia"
2022-07-03,14931,15009.5,14925.7001953125,14931,0,14931,"Indonesia"
2022-07-04,15008,15058.599609375,14885.2001953125,15008,0,15008,"Indonesia"
2022-07-05,15037,15044.5,14990,15037,0,15037,"Indonesia"
2022-07-06,15010,15014.2001953125,14938,15010,0,15010,"Indonesia"
2022-07-07,14964.599609375,15003.7998046875,14941.2998046875,14964.599609375,0,14964.599609375,"Indonesia"
2022-07-10,14970,15019.400390625,14939.7001953125,14970,0,14970,"Indonesia"
2022-07-11,14989.099609375,15025.7001953125,14948.7001953125,14989.099609375,0,14989.099609375,"Indonesia"
2022-07-12,15010,15060.5,14957.2001953125,15010,0,15010,"Indonesia"
2022-07-13,15030.400390625,15100.2001953125,14981,15030.400390625,0,15030.400390625,"Indonesia"
2022-07-14,15037.099609375,15121,14962,15037.099609375,0,15037.099609375,"Indonesia"
2022-07-17,14986,15007.2001953125,14924,14986,0,14986,"Indonesia"
2022-07-18,14977,15023,14911.0703125,14977,0,14977,"Indonesia"
2022-07-19,14960.7998046875,15029,14953.900390625,14960.7998046875,0,14960.7998046875,"Indonesia"
2022-07-20,15022,15064.7998046875,14960.7001953125,15022,0,15022,"Indonesia"
2022-07-21,15004.2001953125,15066,14944,15004.2001953125,0,15004.2001953125,"Indonesia"
2022-07-24,15011,15011,14943.5,15011,0,15011,"Indonesia"
2022-07-25,14978,15019.400390625,14946.2998046875,14978,0,14978,"Indonesia"
2022-07-26,14982.7998046875,15026.2998046875,14953.2998046875,14982.7998046875,0,14982.7998046875,"Indonesia"
2022-07-27,14914.2001953125,14968,14877.2998046875,14914.2001953125,0,14914.2001953125,"Indonesia"
2022-07-28,14849.099609375,14887.5,14822.5,14849.099609375,0,14849.099609375,"Indonesia"
2022-07-31,14826,14886.900390625,14819.7001953125,14826,0,14826,"Indonesia"
2022-08-01,14838,14912.7998046875,14837,14838,0,14838,"Indonesia"
2022-08-02,14890.099609375,14916,14860.7001953125,14890.099609375,0,14890.099609375,"Indonesia"
2022-08-03,14900,14950.2001953125,14878.7998046875,14900,0,14900,"Indonesia"
2022-08-04,14884.7001953125,14977,14872.5,14884.7001953125,0,14884.7001953125,"Indonesia"
2022-08-07,14886,14938,14818.2001953125,14886,0,14886,"Indonesia"
2022-08-08,14831.2001953125,14871.2001953125,14821.2001953125,14831.2001953125,0,14831.2001953125,"Indonesia"
2022-08-09,14856.7001953125,14882.5,14777.2001953125,14856.7001953125,0,14856.7001953125,"Indonesia"
2022-08-10,14756.900390625,14813.7001953125,14656.599609375,14756.900390625,0,14756.900390625,"Indonesia"
2022-08-11,14724.2001953125,14761,14648.5,14724.2001953125,0,14724.2001953125,"Indonesia"
2022-08-14,14661,14776.5,14656.5,14661,0,14661,"Indonesia"
2022-08-15,14776.400390625,14791.5,14747,14776.400390625,0,14776.400390625,"Indonesia"
2022-08-16,14747.099609375,14789.7001953125,14721.900390625,14747.099609375,0,14747.099609375,"Indonesia"
2022-08-17,14764.099609375,14852.2998046875,14754.5,14764.099609375,0,14764.099609375,"Indonesia"
2022-08-18,14845.7001953125,14909.099609375,14819.2001953125,14845.7001953125,0,14845.7001953125,"Indonesia"
2022-08-21,14831,14944.099609375,14831,14831,0,14831,"Indonesia"
2022-08-22,14933.5,14935,14821,14933.5,0,14933.5,"Indonesia"
2022-08-23,14850,14874.7001953125,14796.2998046875,14850,0,14850,"Indonesia"
2022-08-24,14845,14845,14766.099609375,14845,0,14845,"Indonesia"
2022-08-25,14773,14823.2998046875,14742.5,14773,0,14773,"Indonesia"
2022-08-28,14811,14909.900390625,14811,14811,0,14811,"Indonesia"
2022-08-29,14895,14895,14812.5703125,14895,0,14895,"Indonesia"
2022-08-30,14850,14869.099609375,14820.7001953125,14850,0,14850,"Indonesia"
2022-08-31,14855,14905.900390625,14836,14855,0,14855,"Indonesia"
2022-09-01,14902.099609375,14910.5,14857.400390625,14902.099609375,0,14902.099609375,"Indonesia"
2022-09-04,14890,14939,14823.5,14890,0,14890,"Indonesia"
2022-09-05,14882.2998046875,14915,14849.5,14882.2998046875,0,14882.2998046875,"Indonesia"
2022-09-06,14904,14961.599609375,14880,14904,0,14904,"Indonesia"
2022-09-07,14865.2998046875,14919.7001953125,14862,14865.2998046875,0,14865.2998046875,"Indonesia"
2022-09-08,14892.2998046875,14900,14806.400390625,14892.2998046875,0,14892.2998046875,"Indonesia"
2022-09-11,14823,14890.099609375,14805.2001953125,14823,0,14823,"Indonesia"
2022-09-12,14858.7001953125,14948.400390625,14831.2001953125,14858.7001953125,0,14858.7001953125,"Indonesia"
2022-09-13,14954.900390625,14980.7998046875,14868.2998046875,14954.900390625,0,14954.900390625,"Indonesia"
2022-09-14,14915,14951,14871.099609375,14915,0,14915,"Indonesia"
2022-09-15,14933.599609375,14997.7998046875,14891,14933.599609375,0,14933.599609375,"Indonesia"
2022-09-18,14946,15002.900390625,14934.2001953125,14946,0,14946,"Indonesia"
2022-09-19,14985.7998046875,15043.099609375,14508.7001953125,14985.7998046875,0,14985.7998046875,"Indonesia"
2022-09-20,15008.599609375,15039,14908.5,15008.599609375,0,15008.599609375,"Indonesia"
2022-09-21,15019,15055.5,14908.2998046875,15019,0,15019,"Indonesia"
2022-09-22,15026.599609375,15101.5,14957.830078125,15026.599609375,0,15026.599609375,"Indonesia"
2022-09-25,15031,15183.400390625,15031,15031,0,15031,"Indonesia"
2022-09-26,15204,15213,15043.41015625,15204,0,15204,"Indonesia"
2022-09-27,15167.2001953125,15319.2998046875,15116,15167.2001953125,0,15167.2001953125,"Indonesia"
2022-09-28,15175.2998046875,15282.7001953125,15142.099609375,15175.2998046875,0,15175.2998046875,"Indonesia"
2022-09-29,15175.2001953125,15279.099609375,15172.599609375,15175.2001953125,0,15175.2001953125,"Indonesia"
2022-10-02,15221,15362.900390625,15221,15221,0,15221,"Indonesia"
2022-10-03,15290,15309.5,15175.400390625,15290,0,15290,"Indonesia"
2022-10-04,15180,15245,15142.400390625,15180,0,15180,"Indonesia"
2022-10-05,15206.7001953125,15249,15115.099609375,15206.7001953125,0,15206.7001953125,"Indonesia"
2022-10-06,15215.7998046875,15285.5,15181,15215.7998046875,0,15215.7998046875,"Indonesia"
2022-10-09,15246,15343,15172.900390625,15246,0,15246,"Indonesia"
2022-10-10,15343,15374.7998046875,15305,15343,0,15343,"Indonesia"
2022-10-11,15338.5,15390.2001953125,15330.5,15338.5,0,15338.5,"Indonesia"
2022-10-12,15318.599609375,15429.099609375,15265.7001953125,15318.599609375,0,15318.599609375,"Indonesia"
2022-10-13,15364,15487,15331.599609375,15364,0,15364,"Indonesia"
2022-10-16,15420,15510.7001953125,15420,15420,0,15420,"Indonesia"
2022-10-17,15441.400390625,15492.5,15428.599609375,15441.400390625,0,15441.400390625,"Indonesia"
2022-10-18,15466.2001953125,15536.7998046875,15448.900390625,15466.2001953125,0,15466.2001953125,"Indonesia"
2022-10-19,15620,15620,15516.5,15620,0,15620,"Indonesia"
2022-10-20,15562,15649.7001953125,15501.099609375,15562,0,15562,"Indonesia"
2022-10-23,15626,15626,15528.5,15626,0,15626,"Indonesia"
2022-10-24,15586.5,15634,15510.099609375,15586.5,0,15586.5,"Indonesia"
2022-10-25,15549,15616,15491.7001953125,15549,0,15549,"Indonesia"
2022-10-26,15502.7001953125,15587,15474.599609375,15502.7001953125,0,15502.7001953125,"Indonesia"
2022-10-27,15554.2001953125,15573.5,15509.7001953125,15554.2001953125,0,15554.2001953125,"Indonesia"
2022-10-31,15549.2001953125,15656.7998046875,15545,15549.2001953125,0,15549.2001953125,"Indonesia"
2022-11-01,15649,15656.2001953125,15591,15649,0,15649,"Indonesia"
2022-11-02,15690,15690,15607.7998046875,15690,0,15690,"Indonesia"
2022-11-03,15696,15800.5,15630.900390625,15696,0,15696,"Indonesia"
2022-11-04,15780,15780,15591.7998046875,15780,0,15780,"Indonesia"
2022-11-07,15609.5,15731,15578,15609.5,0,15609.5,"Indonesia"
2022-11-08,15675,15721,15572.599609375,15675,0,15675,"Indonesia"
2022-11-09,15645,15691,15601.5,15645,0,15645,"Indonesia"
2022-11-10,15671.5,15714.5,15518.900390625,15671.5,0,15671.5,"Indonesia"
2022-11-11,15500,15570.7998046875,15280.2001953125,15500,0,15500,"Indonesia"
2022-11-14,15473.900390625,15591.099609375,15424.2998046875,15473.900390625,0,15473.900390625,"Indonesia"
2022-11-15,15530.099609375,15586.2001953125,15494,15530.099609375,0,15530.099609375,"Indonesia"
2022-11-16,15557,15637,15531,15557,0,15557,"Indonesia"
2022-11-17,15655,15757.099609375,15596,15655,0,15655,"Indonesia"
2022-11-18,15720,15720,15640.099609375,15720,0,15720,"Indonesia"
2022-11-21,15629.400390625,15736,15664.2001953125,15629.400390625,0,15629.400390625,"Indonesia"
2022-11-22,15755,15756.2998046875,15660.7998046875,15755,0,15755,"Indonesia"
2022-11-23,15671,15705.900390625,15590.7998046875,15671,0,15671,"Indonesia"
2022-11-24,15619.599609375,15680,15616.400390625,15619.599609375,0,15619.599609375,"Indonesia"
2022-11-25,15605,15721.7998046875,15605,15605,0,15605,"Indonesia"
2022-11-28,15675.099609375,15745.599609375,15666,15675.099609375,0,15675.099609375,"Indonesia"
2022-11-29,15746,15748.599609375,15702.400390625,15746,0,15746,"Indonesia"
2022-11-30,15726.5,15743.7001953125,15661.5,15726.5,0,15726.5,"Indonesia"
2022-12-01,15634.5,15644.099609375,15384.7001953125,15634.5,0,15634.5,"Indonesia"
2022-12-02,15355.5,15450.2001953125,15286,15355.5,0,15355.5,"Indonesia"
2022-12-05,15421,15472.2001953125,15327.2998046875,15421,0,15421,"Indonesia"
2022-12-06,15520.2998046875,15667.900390625,15461,15520.2998046875,0,15520.2998046875,"Indonesia"
2022-12-07,15623,15655.2998046875,15531,15623,0,15623,"Indonesia"
2022-12-08,15596,15637.599609375,15566.5,15596,0,15596,"Indonesia"
2022-12-09,15590,15614,15459,15590,0,15590,"Indonesia"
2022-12-12,15582,15678.7001953125,15576,15582,0,15582,"Indonesia"
2022-12-13,15676.2998046875,15685.5,15503.5,15676.2998046875,0,15676.2998046875,"Indonesia"
2022-12-14,15554.7001953125,15647.7001953125,15545,15554.7001953125,0,15554.7001953125,"Indonesia"
2022-12-15,15481,15673,15481,15481,0,15481,"Indonesia"
2022-12-16,15626,15640.5,15579.7998046875,15626,0,15626,"Indonesia"
2022-12-19,15615.900390625,15621,15539.5,15615.900390625,0,15615.900390625,"Indonesia"
2022-12-20,15567.5,15649.2998046875,15508.2001953125,15567.5,0,15567.5,"Indonesia"
2022-12-21,15556,15633,15512.400390625,15556,0,15556,"Indonesia"
2022-12-22,15513,15591.2998046875,15500,15513,0,15513,"Indonesia"
2022-12-23,15563,15606,15559.2998046875,15563,0,15563,"Indonesia"
2022-12-26,15565.900390625,15637.5,15554.2998046875,15565.900390625,0,15565.900390625,"Indonesia"
2022-12-27,15607,15687.2998046875,15600.2998046875,15607,0,15607,"Indonesia"
2022-12-28,15617.5,15795.2998046875,15615,15617.5,0,15617.5,"Indonesia"
2022-12-29,15789,15789,15598.099609375,15789,0,15789,"Indonesia"
2022-12-30,15620,15651,15371.400390625,15620,0,15620,"Indonesia"
2023-01-02,15508.7998046875,15588.7001953125,15463.900390625,15508.7998046875,0,15508.7998046875,"Indonesia"
2023-01-03,15550,15638.7998046875,15514.900390625,15550,0,15550,"Indonesia"
2023-01-04,15571.7998046875,15627.5,15553.5,15571.7998046875,0,15571.7998046875,"Indonesia"
2023-01-05,15560,15640.900390625,15558.5,15560,0,15560,"Indonesia"
2023-01-06,15620,15692.099609375,15558.099609375,15620,0,15620,"Indonesia"
2023-01-09,15602.2998046875,15626,15545.7998046875,15602.2998046875,0,15602.2998046875,"Indonesia"
2023-01-10,15580,15606.5,15516.5,15580,0,15580,"Indonesia"
2023-01-11,15528.900390625,15576.400390625,15429.5,15528.900390625,0,15528.900390625,"Indonesia"
2023-01-12,15414,15476,15145.900390625,15414,0,15414,"Indonesia"
2023-01-13,15172,15231.5,15106.900390625,15172,0,15172,"Indonesia"
2023-01-16,15114.7998046875,15138,14974.2001953125,15114.7998046875,0,15114.7998046875,"Indonesia"
2023-01-17,15082,15206.5,15067,15082,0,15082,"Indonesia"
2023-01-18,15162,15192.2001953125,15010.7998046875,15162,0,15162,"Indonesia"
2023-01-19,15096,15193.599609375,15081,15096,0,15096,"Indonesia"
2023-01-20,15141,15164.7001953125,15022.2998046875,15141,0,15141,"Indonesia"
2023-01-23,15055.900390625,15068,14969.599609375,15055.900390625,0,15055.900390625,"Indonesia"
2023-01-24,15007,15068,14857.400390625,15007,0,15007,"Indonesia"
2023-01-25,14955.5,14993.7001953125,14881,14955.5,0,14955.5,"Indonesia"
2023-01-26,14938.7001953125,14981.599609375,14926,14938.7001953125,0,14938.7001953125,"Indonesia"
2023-01-27,14942.5,14993.5,14937,14942.5,0,14942.5,"Indonesia"
2023-01-30,14970.400390625,14995.900390625,14956.2998046875,14970.400390625,0,14970.400390625,"Indonesia"
2023-01-31,14995,15059,14963,14995,0,14995,"Indonesia"
2023-02-01,14990.7001953125,15017.5,14943.5,14990.7001953125,0,14990.7001953125,"Indonesia"
2023-02-02,14855,14911.5,14824.7998046875,14855,0,14855,"Indonesia"
2023-02-03,14881,15048,14848.099609375,14881,0,14881,"Indonesia"
2023-02-06,15078.7998046875,15231.900390625,14886,15078.7998046875,0,15078.7998046875,"Indonesia"
2023-02-07,15200,15202,15095.7998046875,15200,0,15200,"Indonesia"
2023-02-08,15147,15151.2998046875,15079.599609375,15147,0,15147,"Indonesia"
2023-02-09,15117,15141.5,15078,15117,0,15117,"Indonesia"
2023-02-10,15140,15227.900390625,15114,15140,0,15140,"Indonesia"
2023-02-13,15182.2001953125,15253.099609375,15178,15182.2001953125,0,15182.2001953125,"Indonesia"
2023-02-14,15211,15221,15096.2998046875,15211,0,15211,"Indonesia"
2023-02-15,15179,15264.099609375,15156,15179,0,15179,"Indonesia"
2023-02-16,15210,15210,15089.7001953125,15210,0,15210,"Indonesia"
2023-02-17,15142,15235.900390625,15137,15142,0,15142,"Indonesia"
2023-02-20,15159,15184.7998046875,15129.7998046875,15159,0,15159,"Indonesia"
2023-02-21,15162.5,15221,15139.900390625,15162.5,0,15162.5,"Indonesia"
2023-02-22,15233,15235.099609375,15173,15233,0,15233,"Indonesia"
2023-02-23,15192,15223.7998046875,15157.7998046875,15192,0,15192,"Indonesia"
2023-02-24,15210,15273.7998046875,15188.5,15210,0,15210,"Indonesia"
2023-02-27,15257.7001953125,15286.5,15216.599609375,15257.7001953125,0,15257.7001953125,"Indonesia"
2023-02-28,15209,15285.599609375,15203.5,15209,0,15209,"Indonesia"
2023-03-01,15240,15271.5,15212,15240,0,15240,"Indonesia"
2023-03-02,15243,15333.2998046875,15232.5,15243,0,15243,"Indonesia"
2023-03-03,15322,15342.099609375,15267,15322,0,15322,"Indonesia"
2023-03-06,15255.099609375,15346.2001953125,15283,15255.099609375,0,15255.099609375,"Indonesia"
2023-03-07,15352,15417,15329.5,15352,0,15352,"Indonesia"
2023-03-08,15437,15468.5,15401.2001953125,15437,0,15437,"Indonesia"
2023-03-09,15450,15469.5,15419,15450,0,15450,"Indonesia"
2023-03-10,15489,15505.099609375,15427,15489,0,15489,"Indonesia"
2023-03-13,15472.599609375,15465.5,15345.900390625,15472.599609375,0,15472.599609375,"Indonesia"
2023-03-14,15409,15410,15345,15409,0,15409,"Indonesia"
2023-03-15,15372,15504,15336,15372,0,15372,"Indonesia"
2023-03-16,15479,15480,15367.900390625,15479,0,15479,"Indonesia"
2023-03-17,15422,15422,15338,15422,0,15422,"Indonesia"
2023-03-20,15368.5,15391.7998046875,15334,15368.5,0,15368.5,"Indonesia"
2023-03-21,15340,15354.5,15284,15340,0,15340,"Indonesia"
2023-03-22,15294,15308.5,15239,15294,0,15294,"Indonesia"
2023-03-23,15251,15256,15031.7001953125,15251,0,15251,"Indonesia"
2023-03-24,15047,15213.2998046875,15054.900390625,15047,0,15047,"Indonesia"
2023-03-26,15148,15194,15107,15148,0,15148,"Indonesia"
2023-03-27,15107.5,15111.5,15046,15107.5,0,15107.5,"Indonesia"
2023-03-28,15061,15102.7998046875,15033,15061,0,15061,"Indonesia"
2023-03-29,15031.5,15081,15017,15031.5,0,15031.5,"Indonesia"
2023-03-30,15020,15024.2998046875,14838,15020,0,15020,"Indonesia"
2023-04-02,14988,15014,14848.599609375,14988,0,14988,"Indonesia"
2023-04-03,14915,14947.2001953125,14854.7001953125,14915,0,14915,"Indonesia"
2023-04-04,14958,14972.7998046875,14896,14958,0,14958,"Indonesia"
2023-04-05,14956,14969,14908,14956,0,14956,"Indonesia"
2023-04-06,14932,14947,14908,14932,0,14932,"Indonesia"
2023-04-09,14906,14960.7998046875,14892,14906,0,14906,"Indonesia"
2023-04-10,14955,14956,14870,14955,0,14955,"Indonesia"
2023-04-11,14913,14925,14800.2001953125,14913,0,14913,"Indonesia"
2023-04-12,14823.5,14840.7998046875,14678.7998046875,14823.5,0,14823.5,"Indonesia"
2023-04-13,14720,14792,14638,14720,0,14720,"Indonesia"
2023-04-16,14693,14891.900390625,14693,14693,0,14693,"Indonesia"
2023-04-17,14860,14902.400390625,14799,14860,0,14860,"Indonesia"
2023-04-18,14890,15022.7001953125,14837.099609375,14890,0,14890,"Indonesia"
2023-04-19,15006,15006,14913,15006,0,15006,"Indonesia"
2023-04-20,14946,14982.5,14918.2998046875,14946,0,14946,"Indonesia"
2023-04-23,14838,14984.7998046875,14838,14838,0,14838,"Indonesia"
2023-04-24,14945,14954.599609375,14908,14945,0,14945,"Indonesia"
2023-04-25,14935,14949,14809,14935,0,14935,"Indonesia"
2023-04-26,14841.5,14845.5,14684.2001953125,14841.5,0,14841.5,"Indonesia"
2023-04-27,14684,14703.099609375,14627.900390625,14684,0,14684,"Indonesia"
2023-04-30,14663,14682.5,14631,14663,0,14663,"Indonesia"
2023-05-01,14671.5,14748.2998046875,14628.2001953125,14671.5,0,14671.5,"Indonesia"
2023-05-02,14752.5,14753,14660,14752.5,0,14752.5,"Indonesia"
2023-05-03,14680.5,14754.599609375,14570,14680.5,0,14680.5,"Indonesia"
2023-05-04,14700,14711.2001953125,14632,14700,0,14700,"Indonesia"
2023-05-07,14668,14742,14667.099609375,14668,0,14668,"Indonesia"
2023-05-08,14750,14772.7998046875,14722,14750,0,14750,"Indonesia"
2023-05-09,14767,14769,14657,14767,0,14767,"Indonesia"
2023-05-10,14691,14766,14673.5,14691,0,14691,"Indonesia"
2023-05-11,14770.5,14851.7001953125,14730,14770.5,0,14770.5,"Indonesia"
2023-05-14,14743,14828.599609375,14743,14743,0,14743,"Indonesia"
2023-05-15,14795,14864.2998046875,14767,14795,0,14795,"Indonesia"
2023-05-16,14885,14903.2998046875,14844.7998046875,14885,0,14885,"Indonesia"
2023-05-17,14876.5,14915,14833.2998046875,14876.5,0,14876.5,"Indonesia"
2023-05-18,14916,14976,14876,14916,0,14916,"Indonesia"
2023-05-21,14918,14920,14860,14918,0,14918,"Indonesia"
2023-05-22,14886,14910.7998046875,14842,14886,0,14886,"Indonesia"
2023-05-23,14895,14935.7001953125,14867.2001953125,14895,0,14895,"Indonesia"
2023-05-24,14945.900390625,14968.2001953125,14911.7998046875,14945.900390625,0,14945.900390625,"Indonesia"
2023-05-25,14970,14997.400390625,14921.7998046875,14970,0,14970,"Indonesia"
2023-05-28,14948,14980.2998046875,14940.099609375,14948,0,14948,"Indonesia"
2023-05-29,14960,15018.599609375,14924.7998046875,14960,0,14960,"Indonesia"
2023-05-30,14979,15018.400390625,14959,14979,0,14979,"Indonesia"
2023-05-31,14984,14985,14893,14984,0,14984,"Indonesia"
2023-06-01,14907,14913,14754,14907,0,14907,"Indonesia"
2023-06-04,14983,14983,13636.599609375,14983,0,14983,"Indonesia"
2023-06-05,14849.5,14892.099609375,14812.7998046875,14849.5,0,14849.5,"Indonesia"
2023-06-06,14872,14891.5,14813,14872,0,14872,"Indonesia"
2023-06-07,14889,14904.7998046875,14819.5,14889,0,14889,"Indonesia"
2023-06-08,14836,14871.7998046875,14818,14836,0,14836,"Indonesia"
2023-06-11,14833,14901.099609375,14833,14833,0,14833,"Indonesia"
2023-06-12,14871.5,14885.5,14807,14871.5,0,14871.5,"Indonesia"
2023-06-13,14869,14926.7001953125,14829.400390625,14869,0,14869,"Indonesia"
2023-06-14,14909,14984.7998046875,14887.5,14909,0,14909,"Indonesia"
2023-06-15,14897,14964.900390625,14898,14897,0,14897,"Indonesia"
2023-06-18,14928,15006.7001953125,14928,14928,0,14928,"Indonesia"
2023-06-19,15008,15063.099609375,14992.7998046875,15008,0,15008,"Indonesia"
2023-06-20,15016,15036.400390625,14915,15016,0,15016,"Indonesia"
2023-06-21,14943,14973.7001953125,14885,14943,0,14943,"Indonesia"
2023-06-22,14935,15056,14902,14935,0,14935,"Indonesia"
2023-06-25,14987,15062.5,14987,14987,0,14987,"Indonesia"
2023-06-26,15039,15050.7001953125,14940,15039,0,15039,"Indonesia"
2023-06-27,14982.5,15020.900390625,14951.400390625,14982.5,0,14982.5,"Indonesia"
2023-06-28,14981,15080.400390625,14980,14981,0,14981,"Indonesia"
2023-06-29,15064,15084.099609375,15014,15064,0,15064,"Indonesia"
2023-07-02,14986,15071.599609375,14986,14986,0,14986,"Indonesia"
2023-07-03,15056,15056,14983,15056,0,15056,"Indonesia"
2023-07-04,15010,15076.400390625,14993,15010,0,15010,"Indonesia"
2023-07-05,15077,15202,15039,15077,0,15077,"Indonesia"
2023-07-06,15189.2998046875,15193.2001953125,15115.5,15189.2998046875,0,15189.2998046875,"Indonesia"
2023-07-09,15128,15248.099609375,15128,15128,0,15128,"Indonesia"
2023-07-10,15216,15217,15132,15216,0,15216,"Indonesia"
2023-07-11,15156.7998046875,15158.2998046875,14506.5,15156.7998046875,0,15156.7998046875,"Indonesia"
2023-07-12,14928,15001.099609375,14920.900390625,14928,0,14928,"Indonesia"
2023-07-13,14954,14989.7001953125,13082,14954,0,14954,"Indonesia"
2023-07-16,14951,15025.400390625,14886.2001953125,14951,0,14951,"Indonesia"
2023-07-17,14982.5,15000.5,14954.5,14982.5,0,14982.5,"Indonesia"
2023-07-18,14986,15026.099609375,14954.599609375,14986,0,14986,"Indonesia"
2023-07-19,14992,15057.2998046875,14953.7998046875,14992,0,14992,"Indonesia"
2023-07-20,15051.5,15051.099609375,14986,15051.5,0,15051.5,"Indonesia"
2023-07-23,15018,15055.599609375,15000,15018,0,15018,"Indonesia"
2023-07-24,15021.5,15042.2001953125,14978,15021.5,0,15021.5,"Indonesia"
2023-07-25,15032,15062.7998046875,14990,15032,0,15032,"Indonesia"
2023-07-26,15007,15060.7998046875,14978,15007,0,15007,"Indonesia"
2023-07-27,15095,15132,15031.900390625,15095,0,15095,"Indonesia"
2023-07-30,15088,15107.7001953125,15053.7998046875,15088,0,15088,"Indonesia"
2023-07-31,15104,15147.400390625,15084.5,15104,0,15104,"Indonesia"
2023-08-01,15131,15206.400390625,15117,15131,0,15131,"Indonesia"
2023-08-02,15220,15221.7998046875,15126,15220,0,15220,"Indonesia"
2023-08-03,15161,15194.7001953125,15093,15161,0,15161,"Indonesia"
2023-08-06,15163,15209.099609375,15129.5,15163,0,15163,"Indonesia"
2023-08-07,15232,15245.2998046875,15193,15232,0,15232,"Indonesia"
2023-08-08,15207.2001953125,15209,15151.7001953125,15207.2001953125,0,15207.2001953125,"Indonesia"
2023-08-09,15207,15209.900390625,15116.5,15207,0,15207,"Indonesia"
2023-08-10,15259,15308.099609375,15198,15259,0,15259,"Indonesia"
2023-08-13,15317,15353.099609375,15279.7998046875,15317,0,15317,"Indonesia"
2023-08-14,15347,15357.2998046875,15147.7998046875,15347,0,15347,"Indonesia"
2023-08-15,15311.5,15347.400390625,15269.099609375,15311.5,0,15311.5,"Indonesia"
2023-08-16,15362,15389,15325,15362,0,15362,"Indonesia"
2023-08-17,15362.5,15373.900390625,15281.599609375,15362.5,0,15362.5,"Indonesia"
2023-08-20,15278,15331.900390625,15278,15278,0,15278,"Indonesia"
2023-08-21,15318.900390625,15322,15308,15318.900390625,0,15318.900390625,"Indonesia"
2023-08-22,15317,15322,15291,15317,0,15317,"Indonesia"
2023-08-23,15294.099609375,15294.099609375,15233,15294.099609375,0,15294.099609375,"Indonesia"
2023-08-24,15239,15298,15239,15239,0,15239,"Indonesia"
2023-08-27,15288,15304.7001953125,15238,15288,0,15288,"Indonesia"
2023-08-28,15255.5,15274.2998046875,15186,15255.5,0,15255.5,"Indonesia"
2023-08-29,15196.5,15248.7998046875,15126.7001953125,15196.5,0,15196.5,"Indonesia"
2023-08-30,15216,15261.7001953125,15178.400390625,15216,0,15216,"Indonesia"
2023-08-31,15231,15266.400390625,15046.7998046875,15231,0,15231,"Indonesia"
2023-09-03,15233,15249,15185,15233,0,15233,"Indonesia"
2023-09-04,15227,15293.2001953125,15216.400390625,15227,0,15227,"Indonesia"
2023-09-05,15298,15343.2998046875,15282.2001953125,15298,0,15298,"Indonesia"
2023-09-06,15336,15347,15311,15336,0,15336,"Indonesia"
2023-09-07,15342,15368.2998046875,15319,15342,0,15342,"Indonesia"
2023-09-10,15318,15370.5,15318,15318,0,15318,"Indonesia"
2023-09-11,15339.099609375,15372.7998046875,15323,15339.099609375,0,15339.099609375,"Indonesia"
2023-09-12,15350.2001953125,15386.7998046875,15336.099609375,15350.2001953125,0,15350.2001953125,"Indonesia"
2023-09-13,15353,15384.5,15335.7001953125,15353,0,15353,"Indonesia"
2023-09-14,15395,15397,15344,15395,0,15395,"Indonesia"
2023-09-17,15346,15382,15339,15346,0,15346,"Indonesia"
2023-09-18,15377,15389.599609375,15357.2001953125,15377,0,15377,"Indonesia"
2023-09-19,15384.5,15395.599609375,15316,15384.5,0,15384.5,"Indonesia"
2023-09-20,15361,15404.7001953125,15324.2998046875,15361,0,15361,"Indonesia"
2023-09-21,15400.5,15401,15353,15400.5,0,15400.5,"Indonesia"
2023-09-24,15368,15415.2001953125,15352,15368,0,15368,"Indonesia"
2023-09-25,15405,15507,15395.599609375,15405,0,15405,"Indonesia"
2023-09-26,15493,15559.2998046875,15452.099609375,15493,0,15493,"Indonesia"
2023-09-27,15569,15597.5,15413,15569,0,15569,"Indonesia"
2023-09-28,15474,15506,15443.599609375,15474,0,15474,"Indonesia"
2023-10-01,15448,15578.599609375,15395.7998046875,15448,0,15448,"Indonesia"
2023-10-02,15516,15614.900390625,15508.7001953125,15516,0,15516,"Indonesia"
2023-10-03,15622,15646.400390625,15068,15622,0,15622,"Indonesia"
2023-10-04,15591,15642,15562.5,15591,0,15591,"Indonesia"
2023-10-05,15631,15699.7001953125,15535.2998046875,15631,0,15631,"Indonesia"
2023-10-08,15603,15717,15546.099609375,15603,0,15603,"Indonesia"
2023-10-09,15691.400390625,15759.7001953125,15657,15691.400390625,0,15691.400390625,"Indonesia"
2023-10-10,15718.5,15730.099609375,15650,15718.5,0,15718.5,"Indonesia"
2023-10-11,15693,15726.5,15632.099609375,15693,0,15693,"Indonesia"
2023-10-12,15739,15744,15669,15739,0,15739,"Indonesia"
2023-10-15,15676,15731.7998046875,15676,15676,0,15676,"Indonesia"
2023-10-16,15675,15739,15667,15675,0,15675,"Indonesia"
2023-10-17,15728.2001953125,15811.7001953125,15705,15728.2001953125,0,15728.2001953125,"Indonesia"
2023-10-18,15807,15869,15760,15807,0,15807,"Indonesia"
2023-10-19,15856,15889.5,15806.7998046875,15856,0,15856,"Indonesia"
2023-10-22,15868,15972.7001953125,15810.599609375,15868,0,15868,"Indonesia"
2023-10-23,15874,15902,15825.5,15874,0,15874,"Indonesia"
2023-10-24,15868,15892.2001953125,15832.400390625,15868,0,15868,"Indonesia"
2023-10-25,15877.5,15938.099609375,15874,15877.5,0,15877.5,"Indonesia"
2023-10-26,15920,15955.5,15874,15920,0,15920,"Indonesia"
2023-10-30,15903.5,15933,15843.099609375,15903.5,0,15903.5,"Indonesia"
2023-10-31,15843,15940.2001953125,15842,15843,0,15843,"Indonesia"
2023-11-01,15748.7001953125,15969.2998046875,15745,15748.7001953125,0,15748.7001953125,"Indonesia"
2023-11-02,15900,15900,15764.099609375,15900,0,15900,"Indonesia"
2023-11-03,15838,15847,15567.400390625,15838,0,15838,"Indonesia"
2023-11-06,15582.099609375,15624,15445,15582.099609375,0,15582.099609375,"Indonesia"
2023-11-07,15570,15677.5,15539.900390625,15570,0,15570,"Indonesia"
2023-11-08,15643.599609375,15700.2001953125,15587,15643.599609375,0,15643.599609375,"Indonesia"
2023-11-09,15616,15679.099609375,15595.7001953125,15616,0,15616,"Indonesia"
2023-11-10,15713.7001953125,15718.5,15651.5,15713.7001953125,0,15713.7001953125,"Indonesia"
2023-11-13,15683,15720.099609375,15678.599609375,15683,0,15683,"Indonesia"
2023-11-14,15667,15712.7001953125,15289.5,15667,0,15667,"Indonesia"
2023-11-15,15281,15550.400390625,15281,15281,0,15281,"Indonesia"
2023-11-16,15487.7998046875,15620.5,15478.5,15487.7998046875,0,15487.7998046875,"Indonesia"
2023-11-17,15475,15529.2998046875,15322.7998046875,15475,0,15475,"Indonesia"
2023-11-20,15399.400390625,15454.099609375,15329,15399.400390625,0,15399.400390625,"Indonesia"
2023-11-21,15382.099609375,15535.900390625,15230,15382.099609375,0,15382.099609375,"Indonesia"
2023-11-22,15501.2998046875,15641,15487.099609375,15501.2998046875,0,15501.2998046875,"Indonesia"
2023-11-23,15612.7998046875,15650,15470.5,15612.7998046875,0,15612.7998046875,"Indonesia"
2023-11-24,15495,15605.2998046875,15328.7998046875,15495,0,15495,"Indonesia"
2023-11-27,15530,15555,15460.599609375,15560,0,15560,"Indonesia"
2023-11-28,15466.5,15490,15337.2998046875,15466.5,0,15466.5,"Indonesia"
2023-11-29,15259,15456,15365,15259,0,15259,"Indonesia"
2023-11-30,15407,15557.2998046875,15157.400390625,15407,0,15407,"Indonesia"
2023-12-01,15549.2998046875,15549.2998046875,15384.900390625,15549.2998046875,0,15549.2998046875,"Indonesia"
2023-12-04,15437.400390625,15504.5,15417.2001953125,15437.400390625,0,15437.400390625,"Indonesia"
2023-12-05,15519.900390625,15519.900390625,15234.2001953125,15519.900390625,0,15519.900390625,"Indonesia"
2023-12-06,15457,15533.099609375,15423.7998046875,15457,0,15457,"Indonesia"
2023-12-07,15480,15556.900390625,15478.2001953125,15480,0,15480,"Indonesia"
2023-12-08,15500,15558,14982,15500,0,15500,"Indonesia"
2023-12-11,15560.2001953125,15672.099609375,15435.900390625,15560.2001953125,0,15560.2001953125,"Indonesia"
2023-12-12,15647,15650.2998046875,15448.5,15647,0,15647,"Indonesia"
2023-12-13,15569,15679,15566.599609375,15569,0,15569,"Indonesia"
2023-12-14,15275,15528.900390625,15275,15275,0,15275,"Indonesia"
2023-12-15,15468,15595,15428.2998046875,15468,0,15468,"Indonesia"
2023-12-18,15282.7998046875,15569.900390625,15433.2998046875,15282.7998046875,0,15282.7998046875,"Indonesia"
2023-12-19,15454.400390625,15525.2998046875,15400,15454.400390625,0,15454.400390625,"Indonesia"
2023-12-20,15455,15532,15449.7998046875,15455,0,15455,"Indonesia"
2023-12-21,15518,15540.7001953125,15369.7001953125,15518,0,15518,"Indonesia"
2023-12-22,15440,15515,14610,15440,0,15440,"Indonesia"
2023-12-25,15409.2001953125,15460,15460,15409.2001953125,0,15409.2001953125,"Indonesia"
2023-12-26,15460,15460,15398.5,15460,0,15460,"Indonesia"
2023-12-27,15400,15434,15347.400390625,15400,0,15400,"Indonesia"
2023-12-28,15373,15443,15369.2001953125,15373,0,15373,"Indonesia"
2023-12-29,15425,15536.5,14416.5,15425,0,15425,"Indonesia"
2024-01-01,15383.099609375,15383,15383,15383.099609375,0,15383.099609375,"Indonesia"
2024-01-02,15383,15543,15350.900390625,15383,0,15383,"Indonesia"
2024-01-03,15498,15572.2998046875,15401.7998046875,15498,0,15498,"Indonesia"
2024-01-04,15555,15555,15476.099609375,15555,0,15555,"Indonesia"
2024-01-05,15511,15553,14379.7998046875,15511,0,15511,"Indonesia"
2024-01-08,15477.5,15546.7001953125,15473.400390625,15477.5,0,15477.5,"Indonesia"
2024-01-09,15495.5,15553.7998046875,15478.7001953125,15495.5,0,15495.5,"Indonesia"
2024-01-10,15534.5,15587.400390625,15526.7001953125,15534.5,0,15534.5,"Indonesia"
2024-01-11,15555,15618,15483.900390625,15555,0,15555,"Indonesia"
2024-01-12,15556.5,15582,15505,15556.5,0,15556.5,"Indonesia"
2024-01-15,15503.2001953125,15566.7998046875,15537,15503.2001953125,0,15503.2001953125,"Indonesia"
2024-01-16,15546,15634,15539.2998046875,15546,0,15546,"Indonesia"
2024-01-17,15625,15656.2998046875,15598,15625,0,15625,"Indonesia"
2024-01-18,15624,15643.2998046875,15592.2998046875,15624,0,15624,"Indonesia"
2024-01-19,15613.099609375,15639.900390625,15582,15613.099609375,0,15613.099609375,"Indonesia"
2024-01-22,15601,15679.7001953125,15585.099609375,15601,0,15601,"Indonesia"
2024-01-23,15655.5,15727.7998046875,15625.599609375,15655.5,0,15655.5,"Indonesia"
2024-01-24,15715,15734.7998046875,15651,15715,0,15715,"Indonesia"
2024-01-25,15714.5,15876.5,15403.2998046875,15714.5,0,15714.5,"Indonesia"
2024-01-26,15808,15844.2998046875,15729.099609375,15808,0,15808,"Indonesia"
2024-01-29,15767.599609375,15833.599609375,15768,15767.599609375,0,15767.599609375,"Indonesia"
2024-01-30,15828,15830,15759,15828,0,15828,"Indonesia"
2024-01-31,15785,15813.2998046875,15726,15785,0,15785,"Indonesia"
2024-02-01,15769,15793.2001953125,15705.599609375,15769,0,15769,"Indonesia"
2024-02-02,15726,15754,15519.599609375,15726,0,15726,"Indonesia"
2024-02-05,15727.2001953125,15791,15676.7998046875,15727.2001953125,0,15727.2001953125,"Indonesia"
2024-02-06,15711.5,15774.7001953125,15693.5,15711.5,0,15711.5,"Indonesia"
2024-02-07,15733,15740,15608,15733,0,15733,"Indonesia"
2024-02-08,15647,15676,15607,15647,0,15647,"Indonesia"
2024-02-09,15660.2998046875,15661.2998046875,15583.2998046875,15660.2998046875,0,15660.2998046875,"Indonesia"
2024-02-12,15598,15629.2001953125,15541.7001953125,15598,0,15598,"Indonesia"
2024-02-13,15579.5,15687,15278.599609375,15579.5,0,15579.5,"Indonesia"
2024-02-14,15661.5,15712.599609375,15564,15661.5,0,15661.5,"Indonesia"
2024-02-15,15553.099609375,15651.2998046875,15544,15553.099609375,0,15553.099609375,"Indonesia"
2024-02-16,15672,15683,15578,15672,0,15672,"Indonesia"
2024-02-19,15628.599609375,15646.5,15613,15628.599609375,0,15628.599609375,"Indonesia"
2024-02-20,15634,15670.099609375,15620.2998046875,15634,0,15634,"Indonesia"
2024-02-21,15661,15682.099609375,15611,15661,0,15661,"Indonesia"
2024-02-22,15642,15660.400390625,15562,15642,0,15642,"Indonesia"
2024-02-23,15588,15631,15568,15588,0,15588,"Indonesia"
2024-02-26,15586.099609375,15660,15587,15586.099609375,0,15586.099609375,"Indonesia"
2024-02-27,15638.5,15663.900390625,15625,15638.5,0,15638.5,"Indonesia"
2024-02-28,15653,15733,15643,15653,0,15653,"Indonesia"
2024-02-29,15712.2001953125,15752,15673,15712.2001953125,0,15712.2001953125,"Indonesia"
2024-03-01,15704,15748.599609375,15681,15704,0,15704,"Indonesia"
2024-03-04,15691.900390625,15750.900390625,15681.2998046875,15691.900390625,0,15691.900390625,"Indonesia"
2024-03-05,15766,15781.099609375,15723.7998046875,15766,0,15766,"Indonesia"
2024-03-06,15751.5,15751.5,15639,15751.5,0,15751.5,"Indonesia"
2024-03-07,15668,15687.400390625,15601,15668,0,15668,"Indonesia"
2024-03-08,15621,15636.599609375,14784.400390625,15621,0,15621,"Indonesia"
2024-03-11,15536.2998046875,15583,15381,15536.2998046875,0,15536.2998046875,"Indonesia"
2024-03-12,15518,15548,15151.2001953125,15518,0,15518,"Indonesia"
2024-03-13,15546,15596,15534.2001953125,15546,0,15546,"Indonesia"
2024-03-14,15574,15629.5,15561,15574,0,15574,"Indonesia"
2024-03-15,15630,15638.2001953125,15588,15630,0,15630,"Indonesia"
2024-03-18,15639.2998046875,15725.7998046875,15614,15639.2998046875,0,15639.2998046875,"Indonesia"
2024-03-19,15743,15749.099609375,15691,15743,0,15743,"Indonesia"
2024-03-20,15718,15753.5,15689.2001953125,15718,0,15718,"Indonesia"
2024-03-21,15687,15724.599609375,15634,15687,0,15687,"Indonesia"
2024-03-22,15723.5,15858.2001953125,15245.2001953125,15723.5,0,15723.5,"Indonesia"
2024-03-25,15802.599609375,15820.7001953125,15740.5,15802.599609375,0,15802.599609375,"Indonesia"
2024-03-26,15784,15825.2998046875,15761.099609375,15784,0,15784,"Indonesia"
2024-03-27,15828,15914.5,15797,15828,0,15828,"Indonesia"
2024-03-28,15877,15893.5,15853,15877,0,15877,"Indonesia"
2024-03-29,15877,15896.400390625,15828.2001953125,15877,0,15877,"Indonesia"
2024-03-31,15848,15956.5,15848,15848,0,15848,"Indonesia"
2024-04-01,15945.7998046875,15957.900390625,15888,15945.7998046875,0,15945.7998046875,"Indonesia"
2024-04-02,15955,15950.400390625,15903,15955,0,15955,"Indonesia"
2024-04-03,15936,15943.2001953125,15854,15936,0,15936,"Indonesia"
2024-04-04,15904.5,15916.7998046875,15754.400390625,15904.5,0,15904.5,"Indonesia"
2024-04-07,15881,15922.400390625,15863,15881,0,15881,"Indonesia"
2024-04-08,15918,15918,15826.400390625,15918,0,15918,"Indonesia"
2024-04-09,15892.2998046875,15970.900390625,15660.599609375,15892.2998046875,0,15892.2998046875,"Indonesia"
2024-04-10,15998.2001953125,16025,15919.5,15998.2001953125,0,15998.2001953125,"Indonesia"
2024-04-11,16007,16148.400390625,15990,16007,0,16007,"Indonesia"
2024-04-14,16111,16145.7998046875,16034.7998046875,16111,0,16111,"Indonesia"
2024-04-15,16075,16309.400390625,15853.5,16075,0,16075,"Indonesia"
2024-04-16,16312.2001953125,16312.2001953125,15317,16312.2001953125,0,16312.2001953125,"Indonesia"
2024-04-17,16246,16257,16148.400390625,16246,0,16246,"Indonesia"
2024-04-18,16220,16300.7998046875,15980.099609375,16220,0,16220,"Indonesia"
2024-04-21,16210.2998046875,16268.599609375,16199.099609375,16210.2998046875,0,16210.2998046875,"Indonesia"
2024-04-22,16246,16244.099609375,16129.900390625,16246,0,16246,"Indonesia"
2024-04-23,16140.2001953125,16242.400390625,16100.2998046875,16140.2001953125,0,16140.2001953125,"Indonesia"
2024-04-24,16220,16235,16065.400390625,16220,0,16220,"Indonesia"
2024-04-25,16202,16261.7998046875,16137.599609375,16202,0,16202,"Indonesia"
2024-04-28,16203,16268.7001953125,16203,16203,0,16203,"Indonesia"
2024-04-29,16246,16278.400390625,16216.7001953125,16246,0,16246,"Indonesia"
2024-04-30,16273,16274.900390625,16191.2001953125,16273,0,16273,"Indonesia"
2024-05-01,16190.400390625,16253,16103,16190.400390625,0,16190.400390625,"Indonesia"
2024-05-02,16097,16103,14893.7998046875,16097,0,16097,"Indonesia"
2024-05-05,16077,16077,15950.5,16077,0,16077,"Indonesia"
2024-05-06,16034,16070.599609375,16020,16034,0,16034,"Indonesia"
2024-05-07,16073,16098.2001953125,16037,16073,0,16073,"Indonesia"
2024-05-08,16074,16075,16028,16074,0,16074,"Indonesia"
2024-05-09,16030,16067.5,16004,16030,0,16030,"Indonesia"
2024-05-12,16038,16125.400390625,16038,16038,0,16038,"Indonesia"
2024-05-13,16121,16134.5,16082,16121,0,16121,"Indonesia"
2024-05-14,16102,16111,15516.599609375,16102,0,16102,"Indonesia"
2024-05-15,15914,15949.7998046875,15875,15914,0,15914,"Indonesia"
2024-05-16,15930.7998046875,15986.5,15921.7998046875,15930.7998046875,0,15930.7998046875,"Indonesia"
2024-05-19,15958,16006.2998046875,15943.400390625,15958,0,15958,"Indonesia"
2024-05-20,16031,16045,15947.2001953125,16031,0,16031,"Indonesia"
2024-05-21,16005,16051,15959.400390625,16005,0,16005,"Indonesia"
2024-05-22,16040.7001953125,16078.2001953125,16005.2001953125,16040.7001953125,0,16040.7001953125,"Indonesia"
2024-05-23,16095,16113.2001953125,16022,16095,0,16095,"Indonesia"
2024-05-26,16038,16088.099609375,15915.01953125,16038,0,16038,"Indonesia"
2024-05-27,16071,16102.400390625,16059,16071,0,16071,"Indonesia"
2024-05-28,16117,16241.2998046875,16105,16117,0,16117,"Indonesia"
2024-05-29,16232.099609375,16277.7998046875,16190,16232.099609375,0,16232.099609375,"Indonesia"
2024-05-30,16228,16267.2998046875,16219.5,16228,0,16228,"Indonesia"
2024-06-02,16243,16249,16198,16243,0,16243,"Indonesia"
2024-06-03,16203,16298.2998046875,16181,16203,0,16203,"Indonesia"
2024-06-04,16276,16346,16247,16276,0,16276,"Indonesia"
2024-06-05,16315,16315,16229.099609375,16315,0,16315,"Indonesia"
2024-06-06,16241.7001953125,16280.7001953125,15619,16241.7001953125,0,16241.7001953125,"Indonesia"
2024-06-09,16270,16309.2998046875,16260,16270,0,16270,"Indonesia"
2024-06-10,16312,16317.7998046875,16278,16312,0,16312,"Indonesia"
2024-06-11,16305.400390625,16308,15968,16305.400390625,0,16305.400390625,"Indonesia"
2024-06-12,16230,16293.5,16056.5,16230,0,16230,"Indonesia"
2024-06-13,16286,16486,16277,16286,0,16286,"Indonesia"
2024-06-16,16479.900390625,16480.80078125,16355.2001953125,16479.900390625,0,16479.900390625,"Indonesia"
2024-06-17,16479,16479,16361.7998046875,16479,0,16479,"Indonesia"
2024-06-18,16379,16408.900390625,16337.099609375,16379,0,16379,"Indonesia"
2024-06-19,16380.900390625,16510.19921875,16358,16380.900390625,0,16380.900390625,"Indonesia"
2024-06-20,16491.900390625,16489.400390625,16423,16491.900390625,0,16491.900390625,"Indonesia"
2024-06-23,16443,16474.30078125,16331.2998046875,16443,0,16443,"Indonesia"
2024-06-24,16394.099609375,16403,16353,16394.099609375,0,16394.099609375,"Indonesia"
2024-06-25,16401,16448,16390,16401,0,16401,"Indonesia"
2024-06-26,16434,16434,16349,16434,0,16434,"Indonesia"
2024-06-27,16374.400390625,16416.80078125,16310,16374.400390625,0,16374.400390625,"Indonesia"
2024-06-30,16343,16375.400390625,16306,16343,0,16343,"Indonesia"
2024-07-01,16390,16401.900390625,16351.099609375,16390,0,16390,"Indonesia"
2024-07-02,16391,16396.5,16271.900390625,16391,0,16391,"Indonesia"
2024-07-03,16340,16350.2998046875,16307,16340,0,16340,"Indonesia"
2024-07-04,16328.5,16339,16174.7001953125,16328.5,0,16328.5,"Indonesia"
2024-07-07,16245,16291.7998046875,16239.5,16245,0,16245,"Indonesia"
2024-07-08,16277.2001953125,16309.2998046875,16245,16277.2001953125,0,16277.2001953125,"Indonesia"
2024-07-09,16277,16289.099609375,16197,16277,0,16277,"Indonesia"
2024-07-10,16198,16212.5,15640,16198,0,16198,"Indonesia"
2024-07-11,16104,16160.2998046875,16069.099609375,16104,0,16104,"Indonesia"
2024-07-14,16108,16196.599609375,16108,16108,0,16108,"Indonesia"
2024-07-15,16195,16210.7001953125,16138.900390625,16195,0,16195,"Indonesia"
2024-07-16,16173,16173,16084.5,16173,0,16173,"Indonesia"
2024-07-17,16138,16188.900390625,16122.5,16138,0,16138,"Indonesia"
2024-07-18,16185,16219.900390625,16139.2001953125,16185,0,16185,"Indonesia"
2024-07-21,16206,16233.2001953125,14633,16206,0,16206,"Indonesia"
2024-07-22,16220.2001953125,16230,16180,16220.2001953125,0,16220.2001953125,"Indonesia"
2024-07-23,16222,16252.5,16205.5,16222,0,16222,"Indonesia"
2024-07-24,16246,16330.7998046875,16229.7998046875,16246,0,16246,"Indonesia"
2024-07-25,16337.7998046875,16337.7998046875,16244,16337.7998046875,0,16337.7998046875,"Indonesia"
2024-07-28,16283,16294.599609375,16261.599609375,16283,0,16283,"Indonesia"
2024-07-29,16301.7001953125,16335.099609375,16286.7001953125,16301.7001953125,0,16301.7001953125,"Indonesia"
2024-07-30,16328.5,16330,16247,16328.5,0,16328.5,"Indonesia"
2024-07-31,16255,16270,16210,16255,0,16255,"Indonesia"
2024-08-01,16281,16284,15814.7001953125,16281,0,16281,"Indonesia"
2024-08-04,16012,16221.7998046875,16012,16012,0,16012,"Indonesia"
2024-08-05,16208,16216.2001953125,16135.7001953125,16208,0,16208,"Indonesia"
2024-08-06,16152.2998046875,16168,15987,16152.2998046875,0,16152.2998046875,"Indonesia"
2024-08-07,16023,16023.099609375,15751.7998046875,16023,0,16023,"Indonesia"
2024-08-08,15979,15981.099609375,15883,15979,0,15979,"Indonesia"
2024-08-11,15918,15992.2998046875,15907.5,15918,0,15918,"Indonesia"
2024-08-12,15949.099609375,15948,15734.599609375,15949.099609375,0,15949.099609375,"Indonesia"
2024-08-13,15749,15747.900390625,15460.2998046875,15749,0,15749,"Indonesia"
2024-08-14,15619.5,15788,15555.2998046875,15619.5,0,15619.5,"Indonesia"
2024-08-15,15755,15766,14966,15755,0,15755,"Indonesia"
2024-08-18,15683,15683,15535.2998046875,15683,0,15683,"Indonesia"
2024-08-19,15523,15546,15401,15523,0,15523,"Indonesia"
2024-08-20,15442,15521.099609375,15417,15442,0,15442,"Indonesia"
2024-08-21,15484,15713.400390625,15461.7001953125,15484,0,15484,"Indonesia"
2024-08-22,15728.5,15744,15417.7998046875,15728.5,0,15728.5,"Indonesia"
2024-08-25,15377.2001953125,15471,15287.599609375,15377.2001953125,0,15377.2001953125,"Indonesia"
2024-08-26,15462.599609375,15552.900390625,15443,15462.599609375,0,15462.599609375,"Indonesia"
2024-08-27,15467.099609375,15520.400390625,15367.7998046875,15467.099609375,0,15467.099609375,"Indonesia"
2024-08-28,15440,15466.099609375,15257.599609375,15440,0,15440,"Indonesia"
2024-08-29,15444.7998046875,15527.5,15383.7998046875,15444.7998046875,0,15444.7998046875,"Indonesia"
2024-09-01,15525,15556.2998046875,15506.5,15525,0,15525,"Indonesia"
2024-09-02,15520.099609375,15585.5,15441.7998046875,15520.099609375,0,15520.099609375,"Indonesia"
2024-09-03,15532.900390625,15550.099609375,15421.5,15532.900390625,0,15532.900390625,"Indonesia"
2024-09-04,15444.400390625,15449,15340.2998046875,15444.400390625,0,15444.400390625,"Indonesia"
2024-09-05,15417,15439,15249.2001953125,15417,0,15417,"Indonesia"
2024-09-08,15405,15504.7001953125,15316.5,15405,0,15405,"Indonesia"
2024-09-09,15456.7998046875,15489,15411.5,15456.7998046875,0,15456.7998046875,"Indonesia"
2024-09-10,15489,15489.099609375,15372.5,15489,0,15489,"Indonesia"
2024-09-11,15437,15463.2998046875,15396.7001953125,15437,0,15437,"Indonesia"
2024-09-12,15418.7001953125,15430,15337.900390625,15418.7001953125,0,15418.7001953125,"Indonesia"
2024-09-15,15393,15401,15347,15393,0,15393,"Indonesia"
2024-09-16,15385,15386,15298.5,15385,0,15385,"Indonesia"
2024-09-17,15345,15367.599609375,15234.2998046875,15345,0,15345,"Indonesia"
2024-09-18,15300.2001953125,15391,14894.5,15300.2001953125,0,15300.2001953125,"Indonesia"
2024-09-19,15197.599609375,15227,15033.599609375,15197.599609375,0,15197.599609375,"Indonesia"
2024-09-22,15154,15232.099609375,15147,15154,0,15154,"Indonesia"
2024-09-23,15174.099609375,15204.7001953125,15117.2998046875,15174.099609375,0,15174.099609375,"Indonesia"
2024-09-24,15121.099609375,15178.099609375,15008.2998046875,15121.099609375,0,15121.099609375,"Indonesia"
2024-09-25,15201.5,15204,14975.7001953125,15201.5,0,15201.5,"Indonesia"
2024-09-26,15070,15161.7001953125,15019.2998046875,15070,0,15070,"Indonesia"
2024-09-29,15118,15197.2998046875,14935.900390625,15118,0,15118,"Indonesia"
2024-09-30,15170.599609375,15250.099609375,15148.7998046875,15170.599609375,0,15170.599609375,"Indonesia"
2024-10-01,15260.599609375,15289.900390625,15187.2001953125,15260.599609375,0,15260.599609375,"Indonesia"
2024-10-02,15324,15507.900390625,15294,15324,0,15324,"Indonesia"
2024-10-03,15457,15719,15400.5,15457,0,15457,"Indonesia"
2024-10-06,15650,15756.900390625,15579.7001953125,15650,0,15650,"Indonesia"
2024-10-07,15744,15744,15628,15744,0,15744,"Indonesia"
2024-10-08,15682.400390625,15684,15567.7001953125,15682.400390625,0,15682.400390625,"Indonesia"
2024-10-09,15664.599609375,15719,15585.2001953125,15664.599609375,0,15664.599609375,"Indonesia"
2024-10-10,15670.900390625,15682,15535.599609375,15670.900390625,0,15670.900390625,"Indonesia"
2024-10-13,15562,15612.5,15547.099609375,15562,0,15562,"Indonesia"
2024-10-14,15573,15598.2001953125,15509.7998046875,15573,0,15573,"Indonesia"
2024-10-15,15578.599609375,15580,15495.599609375,15578.599609375,0,15578.599609375,"Indonesia"
2024-10-16,15583.900390625,15587,15482.2001953125,15583.900390625,0,15583.900390625,"Indonesia"
2024-10-17,15493,15525,15441,15493,0,15493,"Indonesia"
2024-10-20,15467,15544.2001953125,15421,15467,0,15467,"Indonesia"
2024-10-21,15556,15575.7001953125,15515,15556,0,15556,"Indonesia"
2024-10-22,15586,15687.5,15545.7001953125,15586,0,15586,"Indonesia"
2024-10-23,15663,15664,15548.599609375,15663,0,15663,"Indonesia"
2024-10-24,15621.5,15686.099609375,15581,15621.5,0,15621.5,"Indonesia"
2024-10-28,15688.099609375,15742.5,15633,15688.099609375,0,15688.099609375,"Indonesia"
2024-10-29,15747,15784.7998046875,15717.7998046875,15747,0,15747,"Indonesia"
2024-10-30,15768,15768,15628.099609375,15768,0,15768,"Indonesia"
2024-10-31,15695.5,15751.2001953125,15672.5,15695.5,0,15695.5,"Indonesia"
2024-11-01,15713,15794,15633.2001953125,15713,0,15713,"Indonesia"
2024-11-04,15842,15842,15719,15842,0,15842,"Indonesia"
2024-11-05,15790,15791.900390625,15707.7001953125,15790,0,15790,"Indonesia"
2024-11-06,15665,15883.099609375,14476.5,15665,0,15665,"Indonesia"
2024-11-07,15818.2001953125,15833.7998046875,15575,15818.2001953125,0,15818.2001953125,"Indonesia"
2024-11-08,15558,15694.2998046875,14873.7998046875,15558,0,15558,"Indonesia"
2024-11-11,15647.2001953125,15761.599609375,15636.7998046875,15647.2001953125,0,15647.2001953125,"Indonesia"
2024-11-12,15765,15813.7001953125,15674.400390625,15765,0,15765,"Indonesia"
2024-11-13,15788.900390625,15819,15625,15788.900390625,0,15788.900390625,"Indonesia"
2024-11-14,15847.2001953125,15976.400390625,15756.099609375,15847.2001953125,0,15847.2001953125,"Indonesia"
2024-11-15,15933.2998046875,15973,15809.400390625,15933.2998046875,0,15933.2998046875,"Indonesia"
2024-11-18,15891.2998046875,15863.5,15818.7001953125,15891.2998046875,0,15891.2998046875,"Indonesia"
2024-11-19,15831.5830078125,15909.150390625,15830,15806.099609375,0,15806.099609375,"Indonesia"
2024-11-20,15817.099609375,15918.2001953125,15792.099609375,15817.099609375,0,15817.099609375,"Indonesia"
2024-11-21,15913,15952.7998046875,15797.599609375,15913,0,15913,"Indonesia"
2024-11-22,15816.900390625,15956.900390625,15790.900390625,15816.900390625,0,15816.900390625,"Indonesia"
2024-11-25,15940,15937,15785.5,15940,0,15940,"Indonesia"
2024-11-26,15901.2001953125,15938,15851,15901.2001953125,0,15901.2001953125,"Indonesia"
2024-11-27,15930,15930,15810.400390625,15930,0,15930,"Indonesia"
2024-11-28,15863.5,15886.099609375,15816.599609375,15863.5,0,15863.5,"Indonesia"
2024-11-29,15878,15879,15794,15878,0,15878,"Indonesia"
2024-12-02,15829,15916,15829,15829,0,15829,"Indonesia"
2024-12-03,15910,15955.2001953125,15883.099609375,15910,0,15910,"Indonesia"
2024-12-04,15940,15975,15874.900390625,15940,0,15940,"Indonesia"
2024-12-05,15906.599609375,15916.099609375,15813.099609375,15906.599609375,0,15906.599609375,"Indonesia"
2024-12-06,15839.7998046875,15859,15705.5,15839.7998046875,0,15839.7998046875,"Indonesia"
2024-12-09,15825.7998046875,15900.7001953125,15805,15825.7998046875,0,15825.7998046875,"Indonesia"
2024-12-10,15864,15886.599609375,15827.2998046875,15864,0,15864,"Indonesia"
2024-12-11,15908,15958,15848,15908,0,15908,"Indonesia"
2024-12-12,15963,15967,15914.900390625,15963,0,15963,"Indonesia"
2024-12-13,15967.400390625,16040.7001953125,15926.099609375,15967.400390625,0,15967.400390625,"Indonesia"
2024-12-16,16025.7998046875,16034.7001953125,15917.7001953125,16025.7998046875,0,16025.7998046875,"Indonesia"
2024-12-17,15955,16153.900390625,15837.2998046875,15955,0,15955,"Indonesia"
2024-12-18,15926.2001953125,16129.900390625,15926.2001953125,15926.2001953125,0,15926.2001953125,"Indonesia"
2024-12-19,16145.2998046875,16389,15970.400390625,16145.2998046875,0,16145.2998046875,"Indonesia"
2024-12-20,15981.2998046875,16329.900390625,15892.599609375,15981.2998046875,0,15981.2998046875,"Indonesia"
2024-12-23,16159.2998046875,16211.2998046875,16092.2998046875,16159.2998046875,0,16159.2998046875,"Indonesia"
2024-12-24,16217.599609375,16220,16135.400390625,16217.599609375,0,16217.599609375,"Indonesia"
2024-12-25,15970.7998046875,16243,14210.900390625,15970.7998046875,0,15970.7998046875,"Indonesia"
2024-12-26,15069.400390625,16224.900390625,15069.400390625,15069.400390625,0,15069.400390625,"Indonesia"
2024-12-27,16189,16283.099609375,15798.2998046875,16189,0,16189,"Indonesia"
2024-12-30,16178,16228,16059.7001953125,16178,0,16178,"Indonesia"
2024-12-31,16085.599609375,16219,16050.900390625,16085.599609375,0,16085.599609375,"Indonesia"
