"date","USDMXN.X.Open","USDMXN.X.High","USDMXN.X.Low","USDMXN.X.Close","USDMXN.X.Volume","USDMXN.X.Adjusted","country"
2010-01-01,13.0680999755859,13.0680999755859,13.0680999755859,13.0680999755859,0,13.0680999755859,"Mexico"
2010-01-04,13.0838003158569,13.0881996154785,12.8590002059937,12.8718004226685,0,12.8718004226685,"Mexico"
2010-01-05,12.8649997711182,12.8938999176025,12.7695999145508,12.8107995986938,0,12.8107995986938,"Mexico"
2010-01-06,12.809700012207,12.8409004211426,12.7119998931885,12.7395000457764,0,12.7395000457764,"Mexico"
2010-01-07,12.7425003051758,12.7972002029419,12.7250003814697,12.760199546814,0,12.760199546814,"Mexico"
2010-01-08,12.7608003616333,12.8039999008179,12.6791000366211,12.6842002868652,0,12.6842002868652,"Mexico"
2010-01-11,12.6854000091553,12.7751998901367,12.572699546814,12.7335996627808,0,12.7335996627808,"Mexico"
2010-01-12,12.7326002120972,12.8171997070312,12.6871995925903,12.8008003234863,0,12.8008003234863,"Mexico"
2010-01-13,12.8008003234863,12.81130027771,12.6940002441406,12.6940002441406,0,12.6940002441406,"Mexico"
2010-01-14,12.7019996643066,12.7748003005981,12.6579999923706,12.6702003479004,0,12.6702003479004,"Mexico"
2010-01-15,12.6695003509521,12.7313995361328,12.6520004272461,12.691499710083,0,12.691499710083,"Mexico"
2010-01-18,12.7201995849609,12.7321996688843,12.6389999389648,12.658200263977,0,12.658200263977,"Mexico"
2010-01-19,12.654299736023,12.7357997894287,12.6110000610352,12.6386003494263,0,12.6386003494263,"Mexico"
2010-01-20,12.6386003494263,12.7796001434326,12.6280002593994,12.7518997192383,0,12.7518997192383,"Mexico"
2010-01-21,12.7489995956421,12.9628000259399,12.6800003051758,12.9497003555298,0,12.9497003555298,"Mexico"
2010-01-22,12.9496002197266,13.0089998245239,12.9020004272461,12.9701995849609,0,12.9701995849609,"Mexico"
2010-01-25,12.9259996414185,12.9425001144409,12.8409996032715,12.8557996749878,0,12.8557996749878,"Mexico"
2010-01-26,12.8557996749878,12.9703998565674,12.7973003387451,12.8695001602173,0,12.8695001602173,"Mexico"
2010-01-27,12.8610000610352,13.0037002563477,12.816499710083,12.9464998245239,0,12.9464998245239,"Mexico"
2010-01-28,12.9426002502441,13.0804004669189,12.8839998245239,13.0497999191284,0,13.0497999191284,"Mexico"
2010-01-29,13.0497999191284,13.0987997055054,12.9329996109009,13.0834999084473,0,13.0834999084473,"Mexico"
2010-02-01,13.0676002502441,13.0902996063232,12.864800453186,12.8875999450684,0,12.8875999450684,"Mexico"
2010-02-02,12.875,12.9356002807617,12.835000038147,12.872799873352,0,12.872799873352,"Mexico"
2010-02-03,12.8649997711182,12.9702997207642,12.8249998092651,12.9482002258301,0,12.9482002258301,"Mexico"
2010-02-04,12.9462995529175,13.1718997955322,12.9329996109009,13.1533002853394,0,13.1533002853394,"Mexico"
2010-02-05,13.1532001495361,13.2482995986938,13.0989999771118,13.1269998550415,0,13.1269998550415,"Mexico"
2010-02-08,13.1619997024536,13.2393999099731,13.1049995422363,13.230299949646,0,13.230299949646,"Mexico"
2010-02-09,13.228099822998,13.2313003540039,12.9840002059937,12.9923000335693,0,12.9923000335693,"Mexico"
2010-02-10,12.9923000335693,13.1311502456665,12.9755001068115,13.1052503585815,0,13.1052503585815,"Mexico"
2010-02-11,13.1052503585815,13.1284999847412,12.9215002059937,12.9340000152588,0,12.9340000152588,"Mexico"
2010-02-12,12.9372997283936,13.0534000396729,12.9161996841431,12.9336996078491,0,12.9336996078491,"Mexico"
2010-02-15,12.9336996078491,12.970100402832,12.9060001373291,12.9341096878052,0,12.9341096878052,"Mexico"
2010-02-16,12.9422702789307,12.9422702789307,12.8269996643066,12.8403997421265,0,12.8403997421265,"Mexico"
2010-02-17,12.8403997421265,12.9053001403809,12.8070001602173,12.871190071106,0,12.871190071106,"Mexico"
2010-02-18,12.8715000152588,12.9013004302979,12.8020000457764,12.8884000778198,0,12.8884000778198,"Mexico"
2010-02-19,12.8870000839233,12.9219999313354,12.7810001373291,12.8000001907349,0,12.8000001907349,"Mexico"
2010-02-22,12.7850999832153,12.8212995529175,12.7399997711182,12.8053998947144,0,12.8053998947144,"Mexico"
2010-02-23,12.800290107727,12.9312000274658,12.7650003433228,12.9218997955322,0,12.9218997955322,"Mexico"
2010-02-24,12.9252996444702,12.9252996444702,12.7959995269775,12.8022899627686,0,12.8022899627686,"Mexico"
2010-02-25,12.8022899627686,12.8891296386719,12.7845001220703,12.7930002212524,0,12.7930002212524,"Mexico"
2010-02-26,12.792799949646,12.8126401901245,12.7379999160767,12.7684001922607,0,12.7684001922607,"Mexico"
2010-03-01,12.7586402893066,12.7729997634888,12.7220001220703,12.7292995452881,0,12.7292995452881,"Mexico"
2010-03-02,12.7317495346069,12.7531003952026,12.6890001296997,12.7285995483398,0,12.7285995483398,"Mexico"
2010-03-03,12.7260999679565,12.7315998077393,12.6709995269775,12.6990995407104,0,12.6990995407104,"Mexico"
2010-03-04,12.7005996704102,12.7295999526978,12.6789999008179,12.7075004577637,0,12.7075004577637,"Mexico"
2010-03-05,12.7049999237061,12.7179002761841,12.6190004348755,12.6240997314453,0,12.6240997314453,"Mexico"
2010-03-08,12.6097002029419,12.6899404525757,12.5959997177124,12.6658000946045,0,12.6658000946045,"Mexico"
2010-03-09,12.6680002212524,12.701000213623,12.6120004653931,12.6236000061035,0,12.6236000061035,"Mexico"
2010-03-10,12.6190299987793,12.6400995254517,12.581000328064,12.586799621582,0,12.586799621582,"Mexico"
2010-03-11,12.5913000106812,12.6334896087646,12.5539999008179,12.5677003860474,0,12.5677003860474,"Mexico"
2010-03-12,12.5649995803833,12.5804004669189,12.5179996490479,12.5179996490479,0,12.5179996490479,"Mexico"
2010-03-15,12.5500001907349,12.5777997970581,12.5233001708984,12.5364999771118,0,12.5364999771118,"Mexico"
2010-03-16,12.5290002822876,12.5501003265381,12.5059995651245,12.5158996582031,0,12.5158996582031,"Mexico"
2010-03-17,12.5138998031616,12.5171003341675,12.4280004501343,12.4521999359131,0,12.4521999359131,"Mexico"
2010-03-18,12.4521999359131,12.5319995880127,12.4270000457764,12.5138998031616,0,12.5138998031616,"Mexico"
2010-03-19,12.5138998031616,12.6035003662109,12.4910001754761,12.56130027771,0,12.56130027771,"Mexico"
2010-03-22,12.5636901855469,12.689700126648,12.5172004699707,12.5177001953125,0,12.5177001953125,"Mexico"
2010-03-23,12.5205898284912,12.5909996032715,12.4670000076294,12.4857997894287,0,12.4857997894287,"Mexico"
2010-03-24,12.4872999191284,12.5909996032715,12.4770002365112,12.5809001922607,0,12.5809001922607,"Mexico"
2010-03-25,12.5808000564575,12.5808000564575,12.4716997146606,12.5459995269775,0,12.5459995269775,"Mexico"
2010-03-26,12.5484399795532,12.5484399795532,12.414999961853,12.4962997436523,0,12.4962997436523,"Mexico"
2010-03-28,12.4863004684448,12.5430002212524,12.4095001220703,12.4209995269775,0,12.4209995269775,"Mexico"
2010-03-29,12.4231004714966,12.4580001831055,12.3526000976562,12.3548002243042,0,12.3548002243042,"Mexico"
2010-03-30,12.3535003662109,12.375789642334,12.2930002212524,12.355299949646,0,12.355299949646,"Mexico"
2010-03-31,12.3517999649048,12.3716897964478,12.2829999923706,12.306209564209,0,12.306209564209,"Mexico"
2010-04-01,12.3009996414185,12.326000213623,12.2829999923706,12.293999671936,0,12.293999671936,"Mexico"
2010-04-04,12.2849998474121,12.2992496490479,12.2150001525879,12.2360000610352,0,12.2360000610352,"Mexico"
2010-04-05,12.2400999069214,12.2980003356934,12.2049999237061,12.2131004333496,0,12.2131004333496,"Mexico"
2010-04-06,12.2145004272461,12.3161001205444,12.1909999847412,12.2924003601074,0,12.2924003601074,"Mexico"
2010-04-07,12.289400100708,12.3342199325562,12.206000328064,12.2116003036499,0,12.2116003036499,"Mexico"
2010-04-08,12.2107000350952,12.2299003601074,12.173999786377,12.173999786377,0,12.173999786377,"Mexico"
2010-04-11,12.1879997253418,12.2242002487183,12.1459999084473,12.1521997451782,0,12.1521997451782,"Mexico"
2010-04-12,12.1539001464844,12.2298002243042,12.1515998840332,12.181300163269,0,12.181300163269,"Mexico"
2010-04-13,12.1784000396729,12.210599899292,12.1370000839233,12.1837997436523,0,12.1837997436523,"Mexico"
2010-04-14,12.1837997436523,12.2680997848511,12.1499996185303,12.1662998199463,0,12.1662998199463,"Mexico"
2010-04-15,12.1662998199463,12.3262996673584,12.1370000839233,12.2646999359131,0,12.2646999359131,"Mexico"
2010-04-18,12.2863903045654,12.3509998321533,12.2290000915527,12.2360095977783,0,12.2360095977783,"Mexico"
2010-04-19,12.2320995330811,12.2469997406006,12.1940002441406,12.2080001831055,0,12.2080001831055,"Mexico"
2010-04-20,12.2080001831055,12.2182197570801,12.1450004577637,12.1723003387451,0,12.1723003387451,"Mexico"
2010-04-21,12.1732997894287,12.2734003067017,12.1599998474121,12.1997003555298,0,12.1997003555298,"Mexico"
2010-04-22,12.2036895751953,12.2349996566772,12.1660003662109,12.1700000762939,0,12.1700000762939,"Mexico"
2010-04-25,12.1725997924805,12.1900997161865,12.1219997406006,12.1359996795654,0,12.1359996795654,"Mexico"
2010-04-26,12.1415996551514,12.3858003616333,12.1379995346069,12.3697004318237,0,12.3697004318237,"Mexico"
2010-04-27,12.3732900619507,12.4525003433228,12.2760000228882,12.331600189209,0,12.331600189209,"Mexico"
2010-04-28,12.3334398269653,12.3554201126099,12.1660003662109,12.1912002563477,0,12.1912002563477,"Mexico"
2010-04-29,12.1901998519897,12.3114004135132,12.1619997024536,12.3017997741699,0,12.3017997741699,"Mexico"
2010-05-02,12.2915000915527,12.3109998703003,12.2232103347778,12.253999710083,0,12.253999710083,"Mexico"
2010-05-03,12.2536001205444,12.5445003509521,12.2463998794556,12.5389995574951,0,12.5389995574951,"Mexico"
2010-05-04,12.5384998321533,12.7524003982544,12.4917001724243,12.7271995544434,0,12.7271995544434,"Mexico"
2010-05-05,12.7316904067993,13.2677001953125,12.6635999679565,12.9723997116089,0,12.9723997116089,"Mexico"
2010-05-06,12.9890003204346,13.1070003509521,12.7740001678467,12.8229999542236,0,12.8229999542236,"Mexico"
2010-05-09,12.7249002456665,12.7799997329712,12.4461002349854,12.4470996856689,0,12.4470996856689,"Mexico"
2010-05-10,12.4465999603271,12.5796003341675,12.4270000457764,12.514289855957,0,12.514289855957,"Mexico"
2010-05-11,12.5083999633789,12.5491504669189,12.3429002761841,12.370400428772,0,12.370400428772,"Mexico"
2010-05-12,12.3660001754761,12.4282999038696,12.3140001296997,12.4222002029419,0,12.4222002029419,"Mexico"
2010-05-13,12.4175996780396,12.6479997634888,12.393500328064,12.5808000564575,0,12.5808000564575,"Mexico"
2010-05-16,12.5707902908325,12.8090000152588,12.5408000946045,12.581600189209,0,12.581600189209,"Mexico"
2010-05-17,12.5809001922607,12.78005027771,12.5059995651245,12.7743997573853,0,12.7743997573853,"Mexico"
2010-05-18,12.7763004302979,12.9721002578735,12.717399597168,12.8055000305176,0,12.8055000305176,"Mexico"
2010-05-19,12.806300163269,13.2114000320435,12.7704000473022,13.1113004684448,0,13.1113004684448,"Mexico"
2010-05-20,13.1229000091553,13.2025899887085,12.9378995895386,12.9404001235962,0,12.9404001235962,"Mexico"
2010-05-23,12.9451999664307,13.0599002838135,12.8680000305176,13.0199003219604,0,13.0199003219604,"Mexico"
2010-05-24,13.0234899520874,13.3736000061035,12.9549999237061,12.9970998764038,0,12.9970998764038,"Mexico"
2010-05-25,12.9968996047974,13.1225996017456,12.923999786377,13.0780000686646,0,13.0780000686646,"Mexico"
2010-05-26,13.0783004760742,13.078800201416,12.7757997512817,12.7960996627808,0,12.7960996627808,"Mexico"
2010-05-27,12.78600025177,12.957799911499,12.7589998245239,12.9368000030518,0,12.9368000030518,"Mexico"
2010-05-30,12.9371404647827,12.9437999725342,12.8591003417969,12.9067897796631,0,12.9067897796631,"Mexico"
2010-05-31,12.9167900085449,13.0410003662109,12.8440599441528,12.9624996185303,0,12.9624996185303,"Mexico"
2010-06-01,12.9610996246338,12.9891004562378,12.7693004608154,12.7693004608154,0,12.7693004608154,"Mexico"
2010-06-02,12.7698001861572,12.8596000671387,12.7189998626709,12.75,0,12.75,"Mexico"
2010-06-03,12.7529401779175,13.0072002410889,12.7259998321533,12.9523000717163,0,12.9523000717163,"Mexico"
2010-06-06,12.9605903625488,13.0198001861572,12.8570003509521,12.9801998138428,0,12.9801998138428,"Mexico"
2010-06-07,12.9801998138428,12.9822998046875,12.8501996994019,12.8502998352051,0,12.8502998352051,"Mexico"
2010-06-08,12.8548097610474,12.8797998428345,12.7819995880127,12.8550996780396,0,12.8550996780396,"Mexico"
2010-06-09,12.8554000854492,12.8739995956421,12.6746997833252,12.684700012207,0,12.684700012207,"Mexico"
2010-06-10,12.6833000183105,12.7329998016357,12.6464004516602,12.6496000289917,0,12.6496000289917,"Mexico"
2010-06-13,12.6482000350952,12.7161998748779,12.5644998550415,12.6830997467041,0,12.6830997467041,"Mexico"
2010-06-14,12.6821002960205,12.7168998718262,12.5640001296997,12.5719003677368,0,12.5719003677368,"Mexico"
2010-06-15,12.5711002349854,12.6437997817993,12.559100151062,12.5910997390747,0,12.5910997390747,"Mexico"
2010-06-16,12.5943002700806,12.6199998855591,12.5263004302979,12.5808000564575,0,12.5808000564575,"Mexico"
2010-06-17,12.5808000564575,12.584400177002,12.5179996490479,12.5397996902466,0,12.5397996902466,"Mexico"
2010-06-20,12.479100227356,12.5637998580933,12.4130001068115,12.5331001281738,0,12.5331001281738,"Mexico"
2010-06-21,12.5329999923706,12.6220998764038,12.4840002059937,12.6140003204346,0,12.6140003204346,"Mexico"
2010-06-22,12.6148996353149,12.7194995880127,12.5673999786377,12.6233997344971,0,12.6233997344971,"Mexico"
2010-06-23,12.6230001449585,12.7541999816895,12.6134004592896,12.7143001556396,0,12.7143001556396,"Mexico"
2010-06-24,12.7130002975464,12.7624998092651,12.6330003738403,12.6403999328613,0,12.6403999328613,"Mexico"
2010-06-27,12.6505002975464,12.7341995239258,12.6140003204346,12.7242002487183,0,12.7242002487183,"Mexico"
2010-06-28,12.7236995697021,12.894289970398,12.7046003341675,12.8920001983643,0,12.8920001983643,"Mexico"
2010-06-29,12.891900062561,12.9399995803833,12.7869997024536,12.9296998977661,0,12.9296998977661,"Mexico"
2010-06-30,12.9259996414185,13.078200340271,12.8854999542236,13.0030002593994,0,13.0030002593994,"Mexico"
2010-07-01,13.0069999694824,13.1310997009277,12.9820003509521,13.0781002044678,0,13.0781002044678,"Mexico"
2010-07-04,13.0401000976562,13.163200378418,13.0158004760742,13.0518999099731,0,13.0518999099731,"Mexico"
2010-07-05,13.0524997711182,13.095700263977,12.9130001068115,12.9589996337891,0,12.9589996337891,"Mexico"
2010-07-06,12.959400177002,13.0286998748779,12.8289003372192,12.8368997573853,0,12.8368997573853,"Mexico"
2010-07-07,12.8368997573853,12.8629999160767,12.753999710083,12.7658996582031,0,12.7658996582031,"Mexico"
2010-07-08,12.763500213623,12.803370475769,12.7449998855591,12.7658996582031,0,12.7658996582031,"Mexico"
2010-07-11,12.7631998062134,12.8395299911499,12.7573003768921,12.8187999725342,0,12.8187999725342,"Mexico"
2010-07-12,12.8182001113892,12.8369998931885,12.6633996963501,12.6730003356934,0,12.6730003356934,"Mexico"
2010-07-13,12.6787004470825,12.7480001449585,12.66100025177,12.7040004730225,0,12.7040004730225,"Mexico"
2010-07-14,12.7093000411987,12.8297004699707,12.650899887085,12.7624998092651,0,12.7624998092651,"Mexico"
2010-07-15,12.7629995346069,12.957200050354,12.7589998245239,12.9114999771118,0,12.9114999771118,"Mexico"
2010-07-18,12.8975400924683,12.9497995376587,12.8579998016357,12.8910398483276,0,12.8910398483276,"Mexico"
2010-07-19,12.8901996612549,12.9516000747681,12.7430000305176,12.7523002624512,0,12.7523002624512,"Mexico"
2010-07-20,12.752200126648,12.894700050354,12.7150001525879,12.851900100708,0,12.851900100708,"Mexico"
2010-07-21,12.8520002365112,12.8668003082275,12.7279996871948,12.7506999969482,0,12.7506999969482,"Mexico"
2010-07-22,12.75,12.8008003234863,12.7030000686646,12.7321996688843,0,12.7321996688843,"Mexico"
2010-07-25,12.7170000076294,12.733699798584,12.6628999710083,12.6721000671387,0,12.6721000671387,"Mexico"
2010-07-26,12.6681003570557,12.6963996887207,12.6029996871948,12.6729001998901,0,12.6729001998901,"Mexico"
2010-07-27,12.6681003570557,12.7234001159668,12.6230001449585,12.7052898406982,0,12.7052898406982,"Mexico"
2010-07-28,12.7045001983643,12.7618999481201,12.6359996795654,12.7152900695801,0,12.7152900695801,"Mexico"
2010-07-29,12.7217998504639,12.7531003952026,12.6220998764038,12.6330003738403,0,12.6330003738403,"Mexico"
2010-08-01,12.6378402709961,12.6450996398926,12.5353002548218,12.5677900314331,0,12.5677900314331,"Mexico"
2010-08-02,12.5736999511719,12.6344003677368,12.5600004196167,12.5834999084473,0,12.5834999084473,"Mexico"
2010-08-03,12.5796003341675,12.6091995239258,12.5100002288818,12.5141000747681,0,12.5141000747681,"Mexico"
2010-08-04,12.5142002105713,12.5742998123169,12.4739999771118,12.5508003234863,0,12.5508003234863,"Mexico"
2010-08-05,12.5500001907349,12.7412996292114,12.5290002822876,12.6848001480103,0,12.6848001480103,"Mexico"
2010-08-08,12.6878004074097,12.6911001205444,12.6040000915527,12.6129999160767,0,12.6129999160767,"Mexico"
2010-08-09,12.6057996749878,12.7196998596191,12.588399887085,12.5959997177124,0,12.5959997177124,"Mexico"
2010-08-10,12.5959997177124,12.7845001220703,12.5950002670288,12.769700050354,0,12.769700050354,"Mexico"
2010-08-11,12.7729997634888,12.8142004013062,12.7013998031616,12.7290000915527,0,12.7290000915527,"Mexico"
2010-08-12,12.7279996871948,12.7529001235962,12.6750001907349,12.7290000915527,0,12.7290000915527,"Mexico"
2010-08-15,12.7270002365112,12.7390003204346,12.6282997131348,12.6540002822876,0,12.6540002822876,"Mexico"
2010-08-16,12.6540002822876,12.6639995574951,12.5740003585815,12.5930004119873,0,12.5930004119873,"Mexico"
2010-08-17,12.5930004119873,12.6358995437622,12.548999786377,12.628999710083,0,12.628999710083,"Mexico"
2010-08-18,12.629599571228,12.7434997558594,12.5878000259399,12.7049999237061,0,12.7049999237061,"Mexico"
2010-08-19,12.7040004730225,12.7913999557495,12.6940002441406,12.7550001144409,0,12.7550001144409,"Mexico"
2010-08-22,12.7469997406006,12.9266996383667,12.7279996871948,12.9212999343872,0,12.9212999343872,"Mexico"
2010-08-23,12.9181003570557,13.022500038147,12.8839998245239,12.9340000152588,0,12.9340000152588,"Mexico"
2010-08-24,12.9329996109009,13.085599899292,12.9195003509521,12.9840002059937,0,12.9840002059937,"Mexico"
2010-08-25,12.9849996566772,13.0761995315552,12.9394998550415,13.0710000991821,0,13.0710000991821,"Mexico"
2010-08-26,13.0729999542236,13.1201000213623,12.9919996261597,13.0319995880127,0,13.0319995880127,"Mexico"
2010-08-29,13.0050001144409,13.1590995788574,12.9770002365112,13.1510000228882,0,13.1510000228882,"Mexico"
2010-08-30,13.1493997573853,13.2590999603271,13.1347999572754,13.2080001831055,0,13.2080001831055,"Mexico"
2010-08-31,13.2130002975464,13.2150001525879,13.0278396606445,13.0571002960205,0,13.0571002960205,"Mexico"
2010-09-01,13.0559997558594,13.1120004653931,13.0229997634888,13.0340003967285,0,13.0340003967285,"Mexico"
2010-09-02,13.0349998474121,13.0609998703003,12.9040002822876,12.9350004196167,0,12.9350004196167,"Mexico"
2010-09-05,12.9490003585815,12.9589996337891,12.9107999801636,12.9379997253418,0,12.9379997253418,"Mexico"
2010-09-06,12.9379997253418,13.0839996337891,12.9300003051758,13.0580997467041,0,13.0580997467041,"Mexico"
2010-09-07,13.0513000488281,13.0797996520996,12.9720001220703,13.0369997024536,0,13.0369997024536,"Mexico"
2010-09-08,13.0369997024536,13.0529804229736,12.9350004196167,13.0030002593994,0,13.0030002593994,"Mexico"
2010-09-09,12.9980001449585,13.0120000839233,12.9010000228882,12.9209995269775,0,12.9209995269775,"Mexico"
2010-09-12,12.8900003433228,12.907600402832,12.83899974823,12.8579998016357,0,12.8579998016357,"Mexico"
2010-09-13,12.8590002059937,12.8948001861572,12.7889995574951,12.835000038147,0,12.835000038147,"Mexico"
2010-09-14,12.8360004425049,12.8669996261597,12.7629995346069,12.7880001068115,0,12.7880001068115,"Mexico"
2010-09-15,12.7880001068115,12.877799987793,12.7700004577637,12.7810001373291,0,12.7810001373291,"Mexico"
2010-09-16,12.7810001373291,12.8374004364014,12.747799873352,12.7790002822876,0,12.7790002822876,"Mexico"
2010-09-19,12.7959995269775,12.7980003356934,12.7449998855591,12.7770004272461,0,12.7770004272461,"Mexico"
2010-09-20,12.7779998779297,12.8009996414185,12.7040004730225,12.7069997787476,0,12.7069997787476,"Mexico"
2010-09-21,12.7109003067017,12.7181997299194,12.6199998855591,12.6269998550415,0,12.6269998550415,"Mexico"
2010-09-22,12.6280002593994,12.6865997314453,12.6020002365112,12.6429996490479,0,12.6429996490479,"Mexico"
2010-09-23,12.6459999084473,12.6750001907349,12.5290002822876,12.5509996414185,0,12.5509996414185,"Mexico"
2010-09-26,12.5329999923706,12.5847997665405,12.4890003204346,12.5710000991821,0,12.5710000991821,"Mexico"
2010-09-27,12.5710000991821,12.5874996185303,12.4689998626709,12.4860000610352,0,12.4860000610352,"Mexico"
2010-09-28,12.4809999465942,12.545599937439,12.4340000152588,12.5349998474121,0,12.5349998474121,"Mexico"
2010-09-29,12.5357999801636,12.6465997695923,12.4989995956421,12.5939998626709,0,12.5939998626709,"Mexico"
2010-09-30,12.5930004119873,12.6099996566772,12.503999710083,12.5329999923706,0,12.5329999923706,"Mexico"
2010-10-03,12.548999786377,12.6233997344971,12.503999710083,12.6149997711182,0,12.6149997711182,"Mexico"
2010-10-04,12.6149997711182,12.6190004348755,12.46399974823,12.4700002670288,0,12.4700002670288,"Mexico"
2010-10-05,12.4709997177124,12.5062999725342,12.4464998245239,12.4680004119873,0,12.4680004119873,"Mexico"
2010-10-06,12.4680004119873,12.5830001831055,12.4400997161865,12.5550003051758,0,12.5550003051758,"Mexico"
2010-10-07,12.5539999008179,12.597900390625,12.3990001678467,12.4069995880127,0,12.4069995880127,"Mexico"
2010-10-10,12.41100025177,12.460000038147,12.3548002243042,12.4519996643066,0,12.4519996643066,"Mexico"
2010-10-11,12.4499998092651,12.502200126648,12.3930997848511,12.4069995880127,0,12.4069995880127,"Mexico"
2010-10-12,12.4069995880127,12.4153995513916,12.3409996032715,12.3769998550415,0,12.3769998550415,"Mexico"
2010-10-13,12.3780002593994,12.4656000137329,12.3229999542236,12.4020004272461,0,12.4020004272461,"Mexico"
2010-10-14,12.4010000228882,12.4665002822876,12.3509998321533,12.4309997558594,0,12.4309997558594,"Mexico"
2010-10-17,12.4479999542236,12.5248003005981,12.3540000915527,12.4029998779297,0,12.4029998779297,"Mexico"
2010-10-18,12.4029998779297,12.5500001907349,12.3929996490479,12.5249996185303,0,12.5249996185303,"Mexico"
2010-10-19,12.5176000595093,12.5319995880127,12.3822002410889,12.3870000839233,0,12.3870000839233,"Mexico"
2010-10-20,12.3870000839233,12.4460000991821,12.3352003097534,12.3739995956421,0,12.3739995956421,"Mexico"
2010-10-21,12.375,12.4274997711182,12.3360004425049,12.3450002670288,0,12.3450002670288,"Mexico"
2010-10-24,12.3290004730225,12.3660001754761,12.2634000778198,12.3520002365112,0,12.3520002365112,"Mexico"
2010-10-25,12.3509998321533,12.4209995269775,12.3400001525879,12.4040002822876,0,12.4040002822876,"Mexico"
2010-10-26,12.4029998779297,12.499340057373,12.399299621582,12.4519996643066,0,12.4519996643066,"Mexico"
2010-10-27,12.4530000686646,12.4530000686646,12.3529996871948,12.3629999160767,0,12.3629999160767,"Mexico"
2010-10-28,12.4530000686646,12.4580001831055,12.3134002685547,12.3420000076294,0,12.3420000076294,"Mexico"
2010-11-01,12.3470001220703,12.3701000213623,12.3200998306274,12.3290004730225,0,12.3290004730225,"Mexico"
2010-11-02,12.3290004730225,12.3400001525879,12.2690000534058,12.2869997024536,0,12.2869997024536,"Mexico"
2010-11-03,12.2880001068115,12.3353004455566,12.2399997711182,12.246000289917,0,12.246000289917,"Mexico"
2010-11-04,12.246000289917,12.3070001602173,12.2030000686646,12.2320003509521,0,12.2320003509521,"Mexico"
2010-11-05,12.2320003509521,12.2952995300293,12.1707000732422,12.1979999542236,0,12.1979999542236,"Mexico"
2010-11-08,12.1960000991821,12.2631998062134,12.1789999008179,12.2290000915527,0,12.2290000915527,"Mexico"
2010-11-09,12.236499786377,12.3070001602173,12.1703996658325,12.2950000762939,0,12.2950000762939,"Mexico"
2010-11-10,12.2969999313354,12.3080997467041,12.2080001831055,12.2335996627808,0,12.2335996627808,"Mexico"
2010-11-11,12.2329998016357,12.2845001220703,12.1999998092651,12.2519998550415,0,12.2519998550415,"Mexico"
2010-11-12,12.2530002593994,12.3542995452881,12.2245998382568,12.3369998931885,0,12.3369998931885,"Mexico"
2010-11-15,12.3400001525879,12.3599004745483,12.2426996231079,12.2749996185303,0,12.2749996185303,"Mexico"
2010-11-16,12.2749996185303,12.484299659729,12.263500213623,12.4139995574951,0,12.4139995574951,"Mexico"
2010-11-17,12.4139995574951,12.4393997192383,12.3500003814697,12.3639001846313,0,12.3639001846313,"Mexico"
2010-11-18,12.3599004745483,12.3760004043579,12.2650003433228,12.2659997940063,0,12.2659997940063,"Mexico"
2010-11-19,12.2650003433228,12.3191795349121,12.25,12.2620000839233,0,12.2620000839233,"Mexico"
2010-11-22,12.25,12.3479995727539,12.2110004425049,12.289999961853,0,12.289999961853,"Mexico"
2010-11-23,12.2889995574951,12.4884004592896,12.2790002822876,12.4729995727539,0,12.4729995727539,"Mexico"
2010-11-24,12.4752998352051,12.4820003509521,12.3326997756958,12.3683996200562,0,12.3683996200562,"Mexico"
2010-11-25,12.3699998855591,12.3979997634888,12.3396997451782,12.3669996261597,0,12.3669996261597,"Mexico"
2010-11-26,12.3669996261597,12.5215997695923,12.3535995483398,12.4784002304077,0,12.4784002304077,"Mexico"
2010-11-29,12.4493999481201,12.5869998931885,12.4314002990723,12.4815998077393,0,12.4815998077393,"Mexico"
2010-11-30,12.4849996566772,12.5899000167847,12.4354000091553,12.4794998168945,0,12.4794998168945,"Mexico"
2010-12-01,12.4794998168945,12.4892997741699,12.3520002365112,12.3934001922607,0,12.3934001922607,"Mexico"
2010-12-02,12.3934001922607,12.4139995574951,12.309700012207,12.3205995559692,0,12.3205995559692,"Mexico"
2010-12-03,12.3205995559692,12.4078998565674,12.3010997772217,12.3299999237061,0,12.3299999237061,"Mexico"
2010-12-06,12.3334999084473,12.4119997024536,12.331000328064,12.3642997741699,0,12.3642997741699,"Mexico"
2010-12-07,12.3649997711182,12.4947996139526,12.3196401596069,12.4812002182007,0,12.4812002182007,"Mexico"
2010-12-08,12.4812002182007,12.5304002761841,12.3902997970581,12.3994903564453,0,12.3994903564453,"Mexico"
2010-12-09,12.4010000228882,12.4941902160645,12.3797998428345,12.4730997085571,0,12.4730997085571,"Mexico"
2010-12-10,12.4730997085571,12.4784002304077,12.4429998397827,12.4434995651245,0,12.4434995651245,"Mexico"
2010-12-13,12.4385404586792,12.4721002578735,12.3579998016357,12.3968000411987,0,12.3968000411987,"Mexico"
2010-12-14,12.3968000411987,12.4109001159668,12.3428001403809,12.3759002685547,0,12.3759002685547,"Mexico"
2010-12-15,12.3819999694824,12.4912004470825,12.3759002685547,12.4618997573853,0,12.4618997573853,"Mexico"
2010-12-16,12.4617004394531,12.4744997024536,12.3824996948242,12.4036703109741,0,12.4036703109741,"Mexico"
2010-12-17,12.403790473938,12.4519996643066,12.3740997314453,12.4069995880127,0,12.4069995880127,"Mexico"
2010-12-20,12.4060001373291,12.430700302124,12.3859996795654,12.4020004272461,0,12.4020004272461,"Mexico"
2010-12-21,12.4020004272461,12.41100025177,12.3430004119873,12.3520002365112,0,12.3520002365112,"Mexico"
2010-12-22,12.3529996871948,12.3620004653931,12.2930002212524,12.2969999313354,0,12.2969999313354,"Mexico"
2010-12-23,12.2969999313354,12.3568000793457,12.288800239563,12.3489999771118,0,12.3489999771118,"Mexico"
2010-12-24,12.3465995788574,12.3699998855591,12.3196001052856,12.3549003601074,0,12.3549003601074,"Mexico"
2010-12-27,12.388500213623,12.3910999298096,12.3205003738403,12.3529996871948,0,12.3529996871948,"Mexico"
2010-12-28,12.3529996871948,12.4065999984741,12.2959995269775,12.3772897720337,0,12.3772897720337,"Mexico"
2010-12-29,12.3870000839233,12.3915004730225,12.3330001831055,12.3540000915527,0,12.3540000915527,"Mexico"
2010-12-30,12.3603000640869,12.4006004333496,12.350040435791,12.371789932251,0,12.371789932251,"Mexico"
2010-12-31,12.3803997039795,12.3948001861572,12.3087997436523,12.331600189209,0,12.331600189209,"Mexico"
2011-01-03,12.3401002883911,12.3699998855591,12.2320003509521,12.2417001724243,0,12.2417001724243,"Mexico"
2011-01-04,12.2427396774292,12.2708797454834,12.1850004196167,12.2370004653931,0,12.2370004653931,"Mexico"
2011-01-05,12.2370004653931,12.2687997817993,12.1782999038696,12.1850004196167,0,12.1850004196167,"Mexico"
2011-01-06,12.1850004196167,12.246000289917,12.1647996902466,12.2229995727539,0,12.2229995727539,"Mexico"
2011-01-07,12.2229995727539,12.2645998001099,12.1770000457764,12.2299995422363,0,12.2299995422363,"Mexico"
2011-01-10,12.2239999771118,12.2869997024536,12.201000213623,12.2170000076294,0,12.2170000076294,"Mexico"
2011-01-11,12.2180004119873,12.2379999160767,12.1260004043579,12.1260004043579,0,12.1260004043579,"Mexico"
2011-01-12,12.1280002593994,12.1300001144409,12.040599822998,12.0699996948242,0,12.0699996948242,"Mexico"
2011-01-13,12.0705995559692,12.1513996124268,12.0509004592896,12.1300001144409,0,12.1300001144409,"Mexico"
2011-01-14,12.1300001144409,12.1753997802734,12.0149002075195,12.0340003967285,0,12.0340003967285,"Mexico"
2011-01-17,12.0220003128052,12.0581998825073,11.9670000076294,11.9770002365112,0,11.9770002365112,"Mexico"
2011-01-18,11.9759998321533,12.052339553833,11.9427003860474,12.0329999923706,0,12.0329999923706,"Mexico"
2011-01-19,12.0299997329712,12.106369972229,11.981499671936,12.085000038147,0,12.085000038147,"Mexico"
2011-01-20,12.081000328064,12.1405000686646,12.0364999771118,12.0590000152588,0,12.0590000152588,"Mexico"
2011-01-21,12.0600004196167,12.085000038147,12,12.0539999008179,0,12.0539999008179,"Mexico"
2011-01-24,12.0509996414185,12.0780000686646,12.0229997634888,12.0509996414185,0,12.0509996414185,"Mexico"
2011-01-25,12.0509996414185,12.1225004196167,12.0299997329712,12.0799999237061,0,12.0799999237061,"Mexico"
2011-01-26,12.0799999237061,12.0965003967285,11.9860000610352,11.9949998855591,0,11.9949998855591,"Mexico"
2011-01-27,11.9949998855591,12.0450000762939,11.9848003387451,12.03600025177,0,12.03600025177,"Mexico"
2011-01-28,12.03600025177,12.2091999053955,12.0169801712036,12.201000213623,0,12.201000213623,"Mexico"
2011-01-31,12.2279996871948,12.2290000915527,12.1049995422363,12.1120004653931,0,12.1120004653931,"Mexico"
2011-02-01,12.1120004653931,12.1246995925903,11.9750003814697,12.0038995742798,0,12.0038995742798,"Mexico"
2011-02-02,12,12.0397996902466,11.9879999160767,12.0060997009277,0,12.0060997009277,"Mexico"
2011-02-03,12.0148000717163,12.0719995498657,11.9907999038696,11.9969997406006,0,11.9969997406006,"Mexico"
2011-02-04,11.9969997406006,12.0229997634888,11.9580001831055,11.9739999771118,0,11.9739999771118,"Mexico"
2011-02-07,11.9720001220703,12.0150604248047,11.9519996643066,12.0059995651245,0,12.0059995651245,"Mexico"
2011-02-08,12.0059995651245,12.0495004653931,11.9559001922607,12.0200004577637,0,12.0200004577637,"Mexico"
2011-02-09,12.0209999084473,12.088399887085,12.0107002258301,12.0670003890991,0,12.0670003890991,"Mexico"
2011-02-10,12.0729999542236,12.1431999206543,12.0629997253418,12.0740003585815,0,12.0740003585815,"Mexico"
2011-02-11,12.076000213623,12.1310997009277,12.0138998031616,12.0229997634888,0,12.0229997634888,"Mexico"
2011-02-14,12.0139999389648,12.0620002746582,12.0062999725342,12.0480003356934,0,12.0480003356934,"Mexico"
2011-02-15,12.0501003265381,12.1730003356934,12.033200263977,12.1420001983643,0,12.1420001983643,"Mexico"
2011-02-16,12.1470003128052,12.1579999923706,12.0544004440308,12.0609998703003,0,12.0609998703003,"Mexico"
2011-02-17,12.0609998703003,12.0931997299194,11.996000289917,12.0080003738403,0,12.0080003738403,"Mexico"
2011-02-18,12.0050001144409,12.0310001373291,11.9961996078491,12.0260000228882,0,12.0260000228882,"Mexico"
2011-02-21,12.0159997940063,12.0780000686646,12.0059995651245,12.0780000686646,0,12.0780000686646,"Mexico"
2011-02-22,12.0780000686646,12.147500038147,12.0500001907349,12.1239995956421,0,12.1239995956421,"Mexico"
2011-02-23,12.1219997406006,12.2340002059937,12.0839996337891,12.173999786377,0,12.173999786377,"Mexico"
2011-02-24,12.1729001998901,12.2377996444702,12.125,12.125,0,12.125,"Mexico"
2011-02-25,12.125,12.1540002822876,12.1059999465942,12.1160001754761,0,12.1160001754761,"Mexico"
2011-02-28,12.1079998016357,12.1350002288818,12.081000328064,12.0989999771118,0,12.0989999771118,"Mexico"
2011-03-01,12.0989999771118,12.1382999420166,12.0665998458862,12.1090002059937,0,12.1090002059937,"Mexico"
2011-03-02,12.1070003509521,12.1426000595093,12.0740003585815,12.0740003585815,0,12.0740003585815,"Mexico"
2011-03-03,12.0819997787476,12.0902004241943,11.9890003204346,12.0030002593994,0,12.0030002593994,"Mexico"
2011-03-04,12.0030002593994,12.0237998962402,11.9671001434326,12,0,12,"Mexico"
2011-03-07,11.9919996261597,12.0641002655029,11.9799995422363,12.0504999160767,0,12.0504999160767,"Mexico"
2011-03-08,12.0530004501343,12.0781002044678,11.9890003204346,12,0,12,"Mexico"
2011-03-09,12,12.0209999084473,11.9078998565674,11.9300003051758,0,11.9300003051758,"Mexico"
2011-03-10,11.9300003051758,11.996000289917,11.923999786377,11.9680004119873,0,11.9680004119873,"Mexico"
2011-03-11,11.9680004119873,12.0205001831055,11.8959999084473,11.9119997024536,0,11.9119997024536,"Mexico"
2011-03-14,11.8970003128052,11.9390001296997,11.8800001144409,11.8886003494263,0,11.8886003494263,"Mexico"
2011-03-15,11.8886003494263,12.09850025177,11.8859996795654,11.9680004119873,0,11.9680004119873,"Mexico"
2011-03-16,11.9680004119873,12.2239999771118,11.9580001831055,12.1789999008179,0,12.1789999008179,"Mexico"
2011-03-17,12.1800003051758,12.1864995956421,12.0713996887207,12.0819997787476,0,12.0819997787476,"Mexico"
2011-03-18,12.0843000411987,12.0888996124268,12.0235996246338,12.039999961853,0,12.039999961853,"Mexico"
2011-03-21,12.0515003204346,12.0609998703003,11.9549999237061,11.9739999771118,0,11.9739999771118,"Mexico"
2011-03-22,11.9752998352051,12.0064001083374,11.9549999237061,11.976900100708,0,11.976900100708,"Mexico"
2011-03-23,11.9750003814697,12.023699760437,11.9650001525879,12.0010004043579,0,12.0010004043579,"Mexico"
2011-03-24,12.0066003799438,12.006799697876,11.9359998703003,11.9460000991821,0,11.9460000991821,"Mexico"
2011-03-25,11.9449996948242,11.9934997558594,11.9228000640869,11.9890003204346,0,11.9890003204346,"Mexico"
2011-03-27,11.9720001220703,11.9949998855591,11.9490003585815,11.9689998626709,0,11.9689998626709,"Mexico"
2011-03-28,11.9756002426147,11.987099647522,11.9407997131348,11.951000213623,0,11.951000213623,"Mexico"
2011-03-29,11.9516000747681,11.9537000656128,11.8999996185303,11.9209995269775,0,11.9209995269775,"Mexico"
2011-03-30,11.9209995269775,11.9320001602173,11.8730001449585,11.8909997940063,0,11.8909997940063,"Mexico"
2011-03-31,11.8920001983643,11.898099899292,11.8240003585815,11.8319997787476,0,11.8319997787476,"Mexico"
2011-04-03,11.8339996337891,11.8695001602173,11.8159999847412,11.8416996002197,0,11.8416996002197,"Mexico"
2011-04-04,11.8416996002197,11.8697004318237,11.8043003082275,11.8043003082275,0,11.8043003082275,"Mexico"
2011-04-05,11.806300163269,11.8178997039795,11.7709999084473,11.8000001907349,0,11.8000001907349,"Mexico"
2011-04-06,11.8000001907349,11.8233995437622,11.7600002288818,11.7620000839233,0,11.7620000839233,"Mexico"
2011-04-07,11.7629995346069,11.768500328064,11.7082996368408,11.7259998321533,0,11.7259998321533,"Mexico"
2011-04-10,11.7209997177124,11.7739000320435,11.7149000167847,11.7559995651245,0,11.7559995651245,"Mexico"
2011-04-11,11.7559995651245,11.838399887085,11.7445001602173,11.8240003585815,0,11.8240003585815,"Mexico"
2011-04-12,11.8249998092651,11.8347997665405,11.7589998245239,11.7718000411987,0,11.7718000411987,"Mexico"
2011-04-13,11.7718000411987,11.8240003585815,11.7019996643066,11.7089996337891,0,11.7089996337891,"Mexico"
2011-04-14,11.7089996337891,11.7449998855591,11.6584997177124,11.6599998474121,0,11.6599998474121,"Mexico"
2011-04-17,11.6510000228882,11.8171997070312,11.6510000228882,11.7469997406006,0,11.7469997406006,"Mexico"
2011-04-18,11.7469997406006,11.7700996398926,11.6529998779297,11.6560001373291,0,11.6560001373291,"Mexico"
2011-04-19,11.6560001373291,11.6621999740601,11.5819997787476,11.5930004119873,0,11.5930004119873,"Mexico"
2011-04-20,11.5930004119873,11.638500213623,11.5570001602173,11.6009998321533,0,11.6009998321533,"Mexico"
2011-04-21,11.6009998321533,11.6084995269775,11.5909996032715,11.5930004119873,0,11.5930004119873,"Mexico"
2011-04-24,11.58899974823,11.6378002166748,11.5583000183105,11.5939998626709,0,11.5939998626709,"Mexico"
2011-04-25,11.5939998626709,11.621000289917,11.5579996109009,11.5710000991821,0,11.5710000991821,"Mexico"
2011-04-26,11.5679998397827,11.5978002548218,11.5120000839233,11.5190000534058,0,11.5190000534058,"Mexico"
2011-04-27,11.5190000534058,11.5874004364014,11.4989995956421,11.545599937439,0,11.545599937439,"Mexico"
2011-04-28,11.545599937439,11.5670003890991,11.4870004653931,11.4890003204346,0,11.4890003204346,"Mexico"
2011-05-01,11.4980001449585,11.5260000228882,11.4809999465942,11.5229997634888,0,11.5229997634888,"Mexico"
2011-05-02,11.5235996246338,11.5904998779297,11.5019998550415,11.5550003051758,0,11.5550003051758,"Mexico"
2011-05-03,11.5550003051758,11.6572999954224,11.5469999313354,11.6379995346069,0,11.6379995346069,"Mexico"
2011-05-04,11.6379995346069,11.7580003738403,11.6260004043579,11.7189998626709,0,11.7189998626709,"Mexico"
2011-05-05,11.7180004119873,11.7329998016357,11.5769996643066,11.628999710083,0,11.628999710083,"Mexico"
2011-05-08,11.6149997711182,11.6632995605469,11.5880002975464,11.6104001998901,0,11.6104001998901,"Mexico"
2011-05-09,11.6099996566772,11.6414003372192,11.5369997024536,11.539999961853,0,11.539999961853,"Mexico"
2011-05-10,11.5410003662109,11.6829996109009,11.5279998779297,11.6619997024536,0,11.6619997024536,"Mexico"
2011-05-11,11.6676998138428,11.7246999740601,11.6120004653931,11.6199998855591,0,11.6199998855591,"Mexico"
2011-05-12,11.6225004196167,11.7806997299194,11.6070003509521,11.7189998626709,0,11.7189998626709,"Mexico"
2011-05-15,11.7329998016357,11.7756996154785,11.6909999847412,11.7559995651245,0,11.7559995651245,"Mexico"
2011-05-16,11.7534999847412,11.7875995635986,11.6990003585815,11.7019996643066,0,11.7019996643066,"Mexico"
2011-05-17,11.7019996643066,11.7557001113892,11.6890001296997,11.6960000991821,0,11.6960000991821,"Mexico"
2011-05-18,11.6960000991821,11.7186002731323,11.6090002059937,11.6160001754761,0,11.6160001754761,"Mexico"
2011-05-19,11.6160001754761,11.6843996047974,11.5939998626709,11.6450004577637,0,11.6450004577637,"Mexico"
2011-05-22,11.6451997756958,11.7484998703003,11.6309995651245,11.7285995483398,0,11.7285995483398,"Mexico"
2011-05-23,11.7290000915527,11.7426996231079,11.6719999313354,11.684100151062,0,11.684100151062,"Mexico"
2011-05-24,11.684100151062,11.730299949646,11.6569995880127,11.6669998168945,0,11.6669998168945,"Mexico"
2011-05-25,11.6669998168945,11.7124996185303,11.6330003738403,11.66100025177,0,11.66100025177,"Mexico"
2011-05-26,11.66100025177,11.6850004196167,11.5909996032715,11.5909996032715,0,11.5909996032715,"Mexico"
2011-05-29,11.6000003814697,11.6141996383667,11.5909996032715,11.5959997177124,0,11.5959997177124,"Mexico"
2011-05-30,11.5959997177124,11.5990295410156,11.5459995269775,11.5629997253418,0,11.5629997253418,"Mexico"
2011-05-31,11.5659999847412,11.7061996459961,11.5369997024536,11.6969995498657,0,11.6969995498657,"Mexico"
2011-06-01,11.6969995498657,11.7220001220703,11.6169996261597,11.6269998550415,0,11.6269998550415,"Mexico"
2011-06-02,11.628999710083,11.72350025177,11.6169996261597,11.6579999923706,0,11.6579999923706,"Mexico"
2011-06-05,11.6462001800537,11.762209892273,11.6462001800537,11.7440004348755,0,11.7440004348755,"Mexico"
2011-06-06,11.7440004348755,11.7722997665405,11.6809997558594,11.7550001144409,0,11.7550001144409,"Mexico"
2011-06-07,11.7559995651245,11.8415002822876,11.753999710083,11.8414001464844,0,11.8414001464844,"Mexico"
2011-06-08,11.8369998931885,11.8503999710083,11.7600002288818,11.7600002288818,0,11.7600002288818,"Mexico"
2011-06-09,11.7694997787476,11.9053001403809,11.7600002288818,11.8979997634888,0,11.8979997634888,"Mexico"
2011-06-12,11.8929996490479,11.914400100708,11.8360004425049,11.8439998626709,0,11.8439998626709,"Mexico"
2011-06-13,11.8470001220703,11.8620004653931,11.7686004638672,11.7849998474121,0,11.7849998474121,"Mexico"
2011-06-14,11.7849998474121,11.9404001235962,11.7828998565674,11.904899597168,0,11.904899597168,"Mexico"
2011-06-15,11.9029998779297,12.0150995254517,11.8979997634888,11.9399995803833,0,11.9399995803833,"Mexico"
2011-06-16,11.9399995803833,11.9930000305176,11.8800001144409,11.8950004577637,0,11.8950004577637,"Mexico"
2011-06-19,11.9040002822876,11.9573001861572,11.8494997024536,11.8549995422363,0,11.8549995422363,"Mexico"
2011-06-20,11.8529996871948,11.8589000701904,11.7620000839233,11.7819995880127,0,11.7819995880127,"Mexico"
2011-06-21,11.7810001373291,11.8199996948242,11.7498998641968,11.8000001907349,0,11.8000001907349,"Mexico"
2011-06-22,11.8044004440308,11.9250001907349,11.78600025177,11.8450002670288,0,11.8450002670288,"Mexico"
2011-06-23,11.8450002670288,11.9131002426147,11.8353004455566,11.8509998321533,0,11.8509998321533,"Mexico"
2011-06-26,11.8990001678467,11.940299987793,11.8760004043579,11.8940000534058,0,11.8940000534058,"Mexico"
2011-06-27,11.8940000534058,11.9078998565674,11.798999786377,11.8122997283936,0,11.8122997283936,"Mexico"
2011-06-28,11.8122997283936,11.8122997283936,11.7399997711182,11.7569999694824,0,11.7569999694824,"Mexico"
2011-06-29,11.7554998397827,11.7559995651245,11.6969995498657,11.711199760437,0,11.711199760437,"Mexico"
2011-06-30,11.710000038147,11.7357997894287,11.5970001220703,11.5970001220703,0,11.5970001220703,"Mexico"
2011-07-03,11.6110000610352,11.6206998825073,11.5719995498657,11.576000213623,0,11.576000213623,"Mexico"
2011-07-04,11.576000213623,11.6450004577637,11.5559997558594,11.6260004043579,0,11.6260004043579,"Mexico"
2011-07-05,11.6291999816895,11.6799001693726,11.6070003509521,11.6169996261597,0,11.6169996261597,"Mexico"
2011-07-06,11.6169996261597,11.625,11.5279998779297,11.5371999740601,0,11.5371999740601,"Mexico"
2011-07-07,11.5360403060913,11.6465997695923,11.5190000534058,11.6149997711182,0,11.6149997711182,"Mexico"
2011-07-10,11.621000289917,11.7695999145508,11.6199998855591,11.7516002655029,0,11.7516002655029,"Mexico"
2011-07-11,11.7515001296997,11.9497003555298,11.7419996261597,11.7869997024536,0,11.7869997024536,"Mexico"
2011-07-12,11.7869997024536,11.81130027771,11.6680002212524,11.6949996948242,0,11.6949996948242,"Mexico"
2011-07-13,11.6949996948242,11.7596998214722,11.6579999923706,11.7089996337891,0,11.7089996337891,"Mexico"
2011-07-14,11.7089996337891,11.7524003982544,11.6859998703003,11.7329998016357,0,11.7329998016357,"Mexico"
2011-07-17,11.7180004119873,11.8024997711182,11.7069997787476,11.71399974823,0,11.71399974823,"Mexico"
2011-07-18,11.71399974823,11.7341995239258,11.6381998062134,11.6459999084473,0,11.6459999084473,"Mexico"
2011-07-19,11.6450004577637,11.6745004653931,11.621000289917,11.6339998245239,0,11.6339998245239,"Mexico"
2011-07-20,11.6339998245239,11.6794004440308,11.5769996643066,11.5819997787476,0,11.5819997787476,"Mexico"
2011-07-21,11.5819997787476,11.6554002761841,11.5729999542236,11.6269998550415,0,11.6269998550415,"Mexico"
2011-07-24,11.6479997634888,11.6940002441406,11.6199998855591,11.6379995346069,0,11.6379995346069,"Mexico"
2011-07-25,11.6421003341675,11.6482000350952,11.576000213623,11.627799987793,0,11.627799987793,"Mexico"
2011-07-26,11.6252002716064,11.6789999008179,11.5839996337891,11.6496000289917,0,11.6496000289917,"Mexico"
2011-07-27,11.6440000534058,11.7445001602173,11.6099996566772,11.7130002975464,0,11.7130002975464,"Mexico"
2011-07-28,11.7130002975464,11.7910003662109,11.7080001831055,11.7229995727539,0,11.7229995727539,"Mexico"
2011-07-31,11.689700126648,11.773699760437,11.6169996261597,11.7110004425049,0,11.7110004425049,"Mexico"
2011-08-01,11.7110004425049,11.8540000915527,11.7019996643066,11.8330001831055,0,11.8330001831055,"Mexico"
2011-08-02,11.8299999237061,11.8787002563477,11.7810001373291,11.8020000457764,0,11.8020000457764,"Mexico"
2011-08-03,11.8030004501343,12.055100440979,11.7969999313354,12.0528001785278,0,12.0528001785278,"Mexico"
2011-08-04,12.0528001785278,12.0690002441406,11.9209995269775,11.9860000610352,0,11.9860000610352,"Mexico"
2011-08-07,12.0714998245239,12.3478002548218,12.048999786377,12.3198003768921,0,12.3198003768921,"Mexico"
2011-08-08,12.3198003768921,12.746600151062,12.0041999816895,12.0352001190186,0,12.0352001190186,"Mexico"
2011-08-09,12.048999786377,12.5797996520996,12.0240001678467,12.5694999694824,0,12.5694999694824,"Mexico"
2011-08-10,12.5694999694824,12.6000003814697,12.2329998016357,12.2690000534058,0,12.2690000534058,"Mexico"
2011-08-11,12.2863998413086,12.398099899292,12.2299995422363,12.2859001159668,0,12.2859001159668,"Mexico"
2011-08-14,12.2880001068115,12.3100004196167,12.1969995498657,12.2178001403809,0,12.2178001403809,"Mexico"
2011-08-15,12.2189998626709,12.2977104187012,12.2178001403809,12.2452001571655,0,12.2452001571655,"Mexico"
2011-08-16,12.2449998855591,12.2777996063232,12.1370000839233,12.1619997024536,0,12.1619997024536,"Mexico"
2011-08-17,12.1899995803833,12.4179000854492,12.1707000732422,12.2558002471924,0,12.2558002471924,"Mexico"
2011-08-18,12.2558002471924,12.3619003295898,12.1999998092651,12.2889995574951,0,12.2889995574951,"Mexico"
2011-08-21,12.2908000946045,12.3724002838135,12.2150001525879,12.3470001220703,0,12.3470001220703,"Mexico"
2011-08-22,12.3420000076294,12.372799873352,12.2600002288818,12.3159999847412,0,12.3159999847412,"Mexico"
2011-08-23,12.3150997161865,12.4825000762939,12.3150997161865,12.466799736023,0,12.466799736023,"Mexico"
2011-08-24,12.4696998596191,12.5285997390747,12.3699998855591,12.4925003051758,0,12.4925003051758,"Mexico"
2011-08-25,12.4860000610352,12.5694999694824,12.4174995422363,12.4174995422363,0,12.4174995422363,"Mexico"
2011-08-28,12.4460000991821,12.4646997451782,12.371000289917,12.4575004577637,0,12.4575004577637,"Mexico"
2011-08-29,12.4549999237061,12.5441999435425,12.4359998703003,12.5193996429443,0,12.5193996429443,"Mexico"
2011-08-30,12.5120000839233,12.523099899292,12.2864999771118,12.3219995498657,0,12.3219995498657,"Mexico"
2011-08-31,12.3219995498657,12.3968000411987,12.2409000396729,12.3023996353149,0,12.3023996353149,"Mexico"
2011-09-01,12.3000001907349,12.443699836731,12.2869997024536,12.328200340271,0,12.328200340271,"Mexico"
2011-09-04,12.423999786377,12.5839004516602,12.3964004516602,12.5270004272461,0,12.5270004272461,"Mexico"
2011-09-05,12.5270004272461,12.5746002197266,12.4689998626709,12.4980001449585,0,12.4980001449585,"Mexico"
2011-09-06,12.5008001327515,12.5013999938965,12.4179000854492,12.4533004760742,0,12.4533004760742,"Mexico"
2011-09-07,12.454400062561,12.5302000045776,12.4499998092651,12.4980001449585,0,12.4980001449585,"Mexico"
2011-09-08,12.5010004043579,12.6930999755859,12.4816999435425,12.6829996109009,0,12.6829996109009,"Mexico"
2011-09-11,12.7019996643066,12.9898996353149,12.6330003738403,12.8549995422363,0,12.8549995422363,"Mexico"
2011-09-12,12.8459997177124,12.9941997528076,12.789999961853,12.878999710083,0,12.878999710083,"Mexico"
2011-09-13,12.8780002593994,13.0121002197266,12.8579998016357,12.9200000762939,0,12.9200000762939,"Mexico"
2011-09-14,12.918999671936,12.9858999252319,12.8150997161865,12.9350004196167,0,12.9350004196167,"Mexico"
2011-09-15,12.9300003051758,13.0513000488281,12.8850002288818,13.039999961853,0,13.039999961853,"Mexico"
2011-09-18,13.0699996948242,13.2377004623413,13.0520000457764,13.1715002059937,0,13.1715002059937,"Mexico"
2011-09-19,13.1756000518799,13.2347002029419,13.0641002655029,13.2276000976562,0,13.2276000976562,"Mexico"
2011-09-20,13.2290000915527,13.7529001235962,13.1800003051758,13.6990003585815,0,13.6990003585815,"Mexico"
2011-09-21,13.6619997024536,14.108099937439,13.6609001159668,14.0357999801636,0,14.0357999801636,"Mexico"
2011-09-22,14.039400100708,14.1140003204346,13.5030002593994,13.5530004501343,0,13.5530004501343,"Mexico"
2011-09-25,13.5819997787476,13.7812004089355,13.4050998687744,13.5223999023438,0,13.5223999023438,"Mexico"
2011-09-26,13.5170001983643,13.5340003967285,13.2776002883911,13.3570003509521,0,13.3570003509521,"Mexico"
2011-09-27,13.3610000610352,13.6112003326416,13.3090000152588,13.5684995651245,0,13.5684995651245,"Mexico"
2011-09-28,13.5684995651245,13.7473001480103,13.3970003128052,13.7110004425049,0,13.7110004425049,"Mexico"
2011-09-29,13.7061004638672,13.9443998336792,13.6780004501343,13.8850002288818,0,13.8850002288818,"Mexico"
2011-10-02,13.9090003967285,14.0577001571655,13.783200263977,14.0438995361328,0,14.0438995361328,"Mexico"
2011-10-03,14.0438995361328,14.0911998748779,13.7222003936768,13.7849998474121,0,13.7849998474121,"Mexico"
2011-10-04,13.7846002578735,13.8224000930786,13.4709997177124,13.5487003326416,0,13.5487003326416,"Mexico"
2011-10-05,13.5520000457764,13.6473999023438,13.3800001144409,13.4429998397827,0,13.4429998397827,"Mexico"
2011-10-06,13.4429998397827,13.5142002105713,13.2259998321533,13.4499998092651,0,13.4499998092651,"Mexico"
2011-10-09,13.4388999938965,13.4439001083374,13.2051000595093,13.2341003417969,0,13.2341003417969,"Mexico"
2011-10-10,13.2278995513916,13.4003000259399,13.2228002548218,13.3563003540039,0,13.3563003540039,"Mexico"
2011-10-11,13.3590002059937,13.4033002853394,13.1819000244141,13.2729997634888,0,13.2729997634888,"Mexico"
2011-10-12,13.269700050354,13.4799995422363,13.2569999694824,13.4799995422363,0,13.4799995422363,"Mexico"
2011-10-13,13.4925003051758,13.5566997528076,13.2299995422363,13.2299995422363,0,13.2299995422363,"Mexico"
2011-10-16,13.2569999694824,13.4837999343872,13.1359996795654,13.4809999465942,0,13.4809999465942,"Mexico"
2011-10-17,13.4809999465942,13.546799659729,13.3243999481201,13.3666000366211,0,13.3666000366211,"Mexico"
2011-10-18,13.3666000366211,13.4904003143311,13.3030004501343,13.4450998306274,0,13.4450998306274,"Mexico"
2011-10-19,13.4450998306274,13.8035001754761,13.3990001678467,13.6750001907349,0,13.6750001907349,"Mexico"
2011-10-20,13.6750001907349,13.7386999130249,13.5558996200562,13.6680002212524,0,13.6680002212524,"Mexico"
2011-10-23,13.6590003967285,13.6714000701904,13.332799911499,13.3590002059937,0,13.3590002059937,"Mexico"
2011-10-24,13.3579998016357,13.5390996932983,13.2910003662109,13.5100002288818,0,13.5100002288818,"Mexico"
2011-10-25,13.5100002288818,13.52649974823,13.3625001907349,13.3870000839233,0,13.3870000839233,"Mexico"
2011-10-26,13.3879995346069,13.3920001983643,13.0914001464844,13.1009998321533,0,13.1009998321533,"Mexico"
2011-10-27,13.1009998321533,13.1568002700806,12.9890003204346,12.9899997711182,0,12.9899997711182,"Mexico"
2011-10-31,13.0319995880127,13.3615999221802,13.006199836731,13.3488998413086,0,13.3488998413086,"Mexico"
2011-11-01,13.3488998413086,13.7634000778198,13.33899974823,13.5910997390747,0,13.5910997390747,"Mexico"
2011-11-02,13.5909996032715,13.6063003540039,13.434100151062,13.6000003814697,0,13.6000003814697,"Mexico"
2011-11-03,13.6009998321533,13.6459999084473,13.2713003158569,13.3509998321533,0,13.3509998321533,"Mexico"
2011-11-04,13.3509998321533,13.5199003219604,13.2835998535156,13.4809999465942,0,13.4809999465942,"Mexico"
2011-11-07,13.4320001602173,13.5638999938965,13.4049997329712,13.4049997329712,0,13.4049997329712,"Mexico"
2011-11-08,13.4049997329712,13.4645004272461,13.3229999542236,13.3439998626709,0,13.3439998626709,"Mexico"
2011-11-09,13.3437004089355,13.681300163269,13.335000038147,13.6619997024536,0,13.6619997024536,"Mexico"
2011-11-10,13.6660003662109,13.7195997238159,13.5096998214722,13.5260000228882,0,13.5260000228882,"Mexico"
2011-11-11,13.5260000228882,13.5690002441406,13.3809995651245,13.5310001373291,0,13.5310001373291,"Mexico"
2011-11-14,13.4375,13.5627002716064,13.4000997543335,13.4989995956421,0,13.4989995956421,"Mexico"
2011-11-15,13.4980001449585,13.6134004592896,13.4580001831055,13.5740003585815,0,13.5740003585815,"Mexico"
2011-11-16,13.5813999176025,13.6489000320435,13.503999710083,13.6318998336792,0,13.6318998336792,"Mexico"
2011-11-17,13.6337995529175,13.7447996139526,13.5939998626709,13.7189998626709,0,13.7189998626709,"Mexico"
2011-11-18,13.7259998321533,13.7740001678467,13.5992002487183,13.7170000076294,0,13.7170000076294,"Mexico"
2011-11-21,13.7449998855591,14.0415000915527,13.7449998855591,14.003999710083,0,14.003999710083,"Mexico"
2011-11-22,13.9980001449585,14.0837001800537,13.9159002304077,13.9580001831055,0,13.9580001831055,"Mexico"
2011-11-23,13.9580001831055,14.2130002975464,13.951000213623,14.1339998245239,0,14.1339998245239,"Mexico"
2011-11-24,14.1339998245239,14.2063999176025,14.0417995452881,14.1857004165649,0,14.1857004165649,"Mexico"
2011-11-25,14.1850004196167,14.3023996353149,14.1588001251221,14.2200002670288,0,14.2200002670288,"Mexico"
2011-11-28,14.1450004577637,14.1538000106812,13.9540004730225,14.0209999084473,0,14.0209999084473,"Mexico"
2011-11-29,14.0209999084473,14.0286998748779,13.7390003204346,13.7930002212524,0,13.7930002212524,"Mexico"
2011-11-30,13.7889995574951,13.8570003509521,13.5159997940063,13.6256999969482,0,13.6256999969482,"Mexico"
2011-12-01,13.6239995956421,13.6740999221802,13.5270004272461,13.6099996566772,0,13.6099996566772,"Mexico"
2011-12-02,13.6099996566772,13.6478996276855,13.4616003036499,13.6260004043579,0,13.6260004043579,"Mexico"
2011-12-05,13.5164003372192,13.5697002410889,13.4449996948242,13.5229997634888,0,13.5229997634888,"Mexico"
2011-12-06,13.5229997634888,13.5525999069214,13.4350004196167,13.4736995697021,0,13.4736995697021,"Mexico"
2011-12-07,13.4689998626709,13.546199798584,13.4359998703003,13.5,0,13.5,"Mexico"
2011-12-08,13.5040998458862,13.7279996871948,13.4416999816895,13.6943998336792,0,13.6943998336792,"Mexico"
2011-12-09,13.6943998336792,13.7600002288818,13.4949998855591,13.5640001296997,0,13.5640001296997,"Mexico"
2011-12-12,13.5819997787476,13.8690996170044,13.5570001602173,13.8339996337891,0,13.8339996337891,"Mexico"
2011-12-13,13.8369998931885,13.8977003097534,13.7320003509521,13.8675003051758,0,13.8675003051758,"Mexico"
2011-12-14,13.8697004318237,13.9593000411987,13.8269996643066,13.8705997467041,0,13.8705997467041,"Mexico"
2011-12-15,13.8705997467041,13.9225997924805,13.7454996109009,13.8929996490479,0,13.8929996490479,"Mexico"
2011-12-16,13.8929996490479,13.8944997787476,13.7720003128052,13.8615999221802,0,13.8615999221802,"Mexico"
2011-12-19,13.8048000335693,13.9112997055054,13.8046998977661,13.898699760437,0,13.898699760437,"Mexico"
2011-12-20,13.898699760437,13.9074001312256,13.7299003601074,13.7700004577637,0,13.7700004577637,"Mexico"
2011-12-21,13.7714004516602,13.8838996887207,13.6700000762939,13.8157997131348,0,13.8157997131348,"Mexico"
2011-12-22,13.8168001174927,13.8348999023438,13.7609996795654,13.8000001907349,0,13.8000001907349,"Mexico"
2011-12-23,13.8000001907349,13.8677997589111,13.7620000839233,13.8360004425049,0,13.8360004425049,"Mexico"
2011-12-26,13.8331003189087,13.8648996353149,13.8263998031616,13.8400001525879,0,13.8400001525879,"Mexico"
2011-12-27,13.8427000045776,14.0387001037598,13.8348999023438,14.0026998519897,0,14.0026998519897,"Mexico"
2011-12-28,14.0080003738403,14.0291996002197,13.8999996185303,13.9738998413086,0,13.9738998413086,"Mexico"
2011-12-29,13.9729995727539,14.0187997817993,13.9460000991821,14,0,14,"Mexico"
2011-12-30,14,14.0166997909546,13.914999961853,13.9223003387451,0,13.9223003387451,"Mexico"
2012-01-02,13.9223003387451,13.9785003662109,13.8906002044678,13.9090003967285,0,13.9090003967285,"Mexico"
2012-01-03,13.8943996429443,13.8943996429443,13.6215000152588,13.6461000442505,0,13.6461000442505,"Mexico"
2012-01-04,13.6400003433228,13.7543001174927,13.6379995346069,13.6899995803833,0,13.6899995803833,"Mexico"
2012-01-05,13.6850004196167,13.7843999862671,13.6579999923706,13.7469997406006,0,13.7469997406006,"Mexico"
2012-01-06,13.7469997406006,13.7782001495361,13.6525001525879,13.7209997177124,0,13.7209997177124,"Mexico"
2012-01-09,13.7449998855591,13.7632999420166,13.673999786377,13.6921997070312,0,13.6921997070312,"Mexico"
2012-01-10,13.6899995803833,13.6918001174927,13.5550003051758,13.6270999908447,0,13.6270999908447,"Mexico"
2012-01-11,13.6333999633789,13.693699836731,13.5900001525879,13.5930004119873,0,13.5930004119873,"Mexico"
2012-01-12,13.5920000076294,13.6191997528076,13.5082998275757,13.5233001708984,0,13.5233001708984,"Mexico"
2012-01-13,13.5233001708984,13.6892004013062,13.4976997375488,13.5869998931885,0,13.5869998931885,"Mexico"
2012-01-16,13.6059999465942,13.6260995864868,13.5229997634888,13.5406999588013,0,13.5406999588013,"Mexico"
2012-01-17,13.5413999557495,13.5445003509521,13.3999996185303,13.4194002151489,0,13.4194002151489,"Mexico"
2012-01-18,13.418999671936,13.4554004669189,13.2779998779297,13.308500289917,0,13.308500289917,"Mexico"
2012-01-19,13.3070001602173,13.3347997665405,13.1976003646851,13.2279996871948,0,13.2279996871948,"Mexico"
2012-01-20,13.2298002243042,13.2875003814697,13.1575002670288,13.1719999313354,0,13.1719999313354,"Mexico"
2012-01-23,13.1800003051758,13.2047996520996,13.0769996643066,13.1459999084473,0,13.1459999084473,"Mexico"
2012-01-24,13.1429996490479,13.2489004135132,13.08899974823,13.0950002670288,0,13.0950002670288,"Mexico"
2012-01-25,13.0946998596191,13.1905002593994,12.9910001754761,13.0190000534058,0,13.0190000534058,"Mexico"
2012-01-26,13.0129995346069,13.0201997756958,12.8359003067017,12.9800996780396,0,12.9800996780396,"Mexico"
2012-01-27,12.9827003479004,13.0424995422363,12.8973999023438,12.9060001373291,0,12.9060001373291,"Mexico"
2012-01-30,12.9029998779297,13.0548000335693,12.9029998779297,12.9623003005981,0,12.9623003005981,"Mexico"
2012-01-31,12.9640998840332,13.0578002929688,12.8959999084473,13.0480003356934,0,13.0480003356934,"Mexico"
2012-02-01,13.0382995605469,13.066499710083,12.8533000946045,12.8794002532959,0,12.8794002532959,"Mexico"
2012-02-02,12.8780002593994,12.9212999343872,12.7849998474121,12.785400390625,0,12.785400390625,"Mexico"
2012-02-03,12.793999671936,12.8432998657227,12.6478996276855,12.6527996063232,0,12.6527996063232,"Mexico"
2012-02-06,12.6763000488281,12.7711000442505,12.6141996383667,12.6577997207642,0,12.6577997207642,"Mexico"
2012-02-07,12.6569995880127,12.7257995605469,12.6140003204346,12.6667995452881,0,12.6667995452881,"Mexico"
2012-02-08,12.6750001907349,12.7307996749878,12.618800163269,12.7135000228882,0,12.7135000228882,"Mexico"
2012-02-09,12.7135000228882,12.7705001831055,12.6577997207642,12.6759996414185,0,12.6759996414185,"Mexico"
2012-02-10,12.6759996414185,12.8420000076294,12.6660003662109,12.7889995574951,0,12.7889995574951,"Mexico"
2012-02-13,12.7248001098633,12.7518997192383,12.6619997024536,12.7309999465942,0,12.7309999465942,"Mexico"
2012-02-14,12.7368001937866,12.8184003829956,12.7049999237061,12.7489995956421,0,12.7489995956421,"Mexico"
2012-02-15,12.75,12.8804998397827,12.6940002441406,12.8760004043579,0,12.8760004043579,"Mexico"
2012-02-16,12.8719997406006,12.9919996261597,12.7802000045776,12.802300453186,0,12.802300453186,"Mexico"
2012-02-17,12.802300453186,12.8200998306274,12.727499961853,12.7402000427246,0,12.7402000427246,"Mexico"
2012-02-20,12.6965999603271,12.7358999252319,12.66100025177,12.7325000762939,0,12.7325000762939,"Mexico"
2012-02-21,12.7384004592896,12.8078002929688,12.670599937439,12.7876996994019,0,12.7876996994019,"Mexico"
2012-02-22,12.7869997024536,12.8486003875732,12.7608003616333,12.8447999954224,0,12.8447999954224,"Mexico"
2012-02-23,12.8394002914429,12.8875999450684,12.7288999557495,12.8208999633789,0,12.8208999633789,"Mexico"
2012-02-24,12.8199996948242,12.910400390625,12.7690000534058,12.8989000320435,0,12.8989000320435,"Mexico"
2012-02-27,12.8950004577637,12.9762001037598,12.8409996032715,12.8719997406006,0,12.8719997406006,"Mexico"
2012-02-28,12.8650999069214,12.9006004333496,12.8109998703003,12.8295001983643,0,12.8295001983643,"Mexico"
2012-02-29,12.8280000686646,12.8670997619629,12.7536001205444,12.8520002365112,0,12.8520002365112,"Mexico"
2012-03-01,12.8538999557495,12.8767004013062,12.7110996246338,12.7239999771118,0,12.7239999771118,"Mexico"
2012-03-02,12.7220001220703,12.8041000366211,12.7143001556396,12.7413997650146,0,12.7413997650146,"Mexico"
2012-03-05,12.753999710083,12.8404998779297,12.7437000274658,12.8254995346069,0,12.8254995346069,"Mexico"
2012-03-06,12.8219995498657,13.0444002151489,12.814700126648,12.9926996231079,0,12.9926996231079,"Mexico"
2012-03-07,12.9912996292114,13,12.8509998321533,12.8846998214722,0,12.8846998214722,"Mexico"
2012-03-08,12.878999710083,12.891300201416,12.6639995574951,12.6764001846313,0,12.6764001846313,"Mexico"
2012-03-09,12.6780004501343,12.7211999893188,12.6020002365112,12.6359996795654,0,12.6359996795654,"Mexico"
2012-03-12,12.6540002822876,12.7425003051758,12.640700340271,12.6510000228882,0,12.6510000228882,"Mexico"
2012-03-13,12.6540002822876,12.6794004440308,12.5377998352051,12.5459995269775,0,12.5459995269775,"Mexico"
2012-03-14,12.5523996353149,12.7313995361328,12.5459995269775,12.7248001098633,0,12.7248001098633,"Mexico"
2012-03-15,12.7215995788574,12.7350997924805,12.6280002593994,12.6559000015259,0,12.6559000015259,"Mexico"
2012-03-16,12.6718997955322,12.6916999816895,12.6149997711182,12.6563997268677,0,12.6563997268677,"Mexico"
2012-03-19,12.6479997634888,12.6970996856689,12.5830001831055,12.6347999572754,0,12.6347999572754,"Mexico"
2012-03-20,12.6347999572754,12.726900100708,12.6281995773315,12.6560001373291,0,12.6560001373291,"Mexico"
2012-03-21,12.6499004364014,12.7299995422363,12.6059999465942,12.7115001678467,0,12.7115001678467,"Mexico"
2012-03-22,12.7080001831055,12.858699798584,12.6850004196167,12.8071002960205,0,12.8071002960205,"Mexico"
2012-03-23,12.8039999008179,12.8730001449585,12.7018995285034,12.7351999282837,0,12.7351999282837,"Mexico"
2012-03-25,12.7433996200562,12.7761001586914,12.6459999084473,12.6527996063232,0,12.6527996063232,"Mexico"
2012-03-26,12.6479997634888,12.710000038147,12.6120004653931,12.7049999237061,0,12.7049999237061,"Mexico"
2012-03-27,12.6953001022339,12.8339996337891,12.6770000457764,12.7509002685547,0,12.7509002685547,"Mexico"
2012-03-28,12.7554998397827,12.878399848938,12.7399997711182,12.7904996871948,0,12.7904996871948,"Mexico"
2012-03-29,12.8032999038696,12.8269996643066,12.7379999160767,12.7976999282837,0,12.7976999282837,"Mexico"
2012-04-01,12.7700004577637,12.8137998580933,12.7110996246338,12.7200002670288,0,12.7200002670288,"Mexico"
2012-04-02,12.7161998748779,12.8055000305176,12.6940002441406,12.7639999389648,0,12.7639999389648,"Mexico"
2012-04-03,12.7623996734619,12.8502998352051,12.7614002227783,12.7819995880127,0,12.7819995880127,"Mexico"
2012-04-04,12.7926998138428,12.8786001205444,12.7519998550415,12.8678998947144,0,12.8678998947144,"Mexico"
2012-04-05,12.8699998855591,13.0509996414185,12.8590002059937,12.9738998413086,0,12.9738998413086,"Mexico"
2012-04-08,13.0129995346069,13.0403003692627,12.9359998703003,12.9689998626709,0,12.9689998626709,"Mexico"
2012-04-09,12.9656000137329,13.1972999572754,12.9370002746582,13.1473999023438,0,13.1473999023438,"Mexico"
2012-04-10,13.1471996307373,13.1831998825073,13.1009998321533,13.1520004272461,0,13.1520004272461,"Mexico"
2012-04-11,13.1484003067017,13.1559000015259,13.0190000534058,13.0270004272461,0,13.0270004272461,"Mexico"
2012-04-12,13.0402002334595,13.1861000061035,13.0279998779297,13.1700000762939,0,13.1700000762939,"Mexico"
2012-04-15,13.1875,13.2918996810913,13.1522998809814,13.2110004425049,0,13.2110004425049,"Mexico"
2012-04-16,13.1967000961304,13.2453002929688,13.0459995269775,13.0960998535156,0,13.0960998535156,"Mexico"
2012-04-17,13.085000038147,13.186900138855,13.0663995742798,13.1837997436523,0,13.1837997436523,"Mexico"
2012-04-18,13.1887998580933,13.2686996459961,13.1370000839233,13.2009000778198,0,13.2009000778198,"Mexico"
2012-04-19,13.1962995529175,13.2149000167847,13.085000038147,13.0975999832153,0,13.0975999832153,"Mexico"
2012-04-22,13.1040000915527,13.2232999801636,13.076000213623,13.1754999160767,0,13.1754999160767,"Mexico"
2012-04-23,13.168999671936,13.197699546814,13.1176996231079,13.1479997634888,0,13.1479997634888,"Mexico"
2012-04-24,13.1490001678467,13.1890001296997,13.1140003204346,13.1485004425049,0,13.1485004425049,"Mexico"
2012-04-25,13.1464004516602,13.245400428772,13.1070003509521,13.2047996520996,0,13.2047996520996,"Mexico"
2012-04-26,13.1978998184204,13.2399997711182,12.953800201416,12.9610004425049,0,12.9610004425049,"Mexico"
2012-04-29,12.9526996612549,12.9750003814697,12.9526996612549,12.9624004364014,0,12.9624004364014,"Mexico"
2012-04-30,13.0150003433228,13.0408000946045,12.8769998550415,12.9049997329712,0,12.9049997329712,"Mexico"
2012-05-01,12.8999996185303,12.979100227356,12.8990001678467,12.9289999008179,0,12.9289999008179,"Mexico"
2012-05-02,12.9433002471924,13.0142002105713,12.9099998474121,12.9928998947144,0,12.9928998947144,"Mexico"
2012-05-03,12.9959001541138,13.1794996261597,12.9709997177124,13.1549997329712,0,13.1549997329712,"Mexico"
2012-05-06,13.2806997299194,13.2806997299194,13.1331996917725,13.1579999923706,0,13.1579999923706,"Mexico"
2012-05-07,13.1512002944946,13.3878002166748,13.1498003005981,13.3599996566772,0,13.3599996566772,"Mexico"
2012-05-08,13.3697996139526,13.5661001205444,13.3447999954224,13.522500038147,0,13.522500038147,"Mexico"
2012-05-09,13.5072002410889,13.5476999282837,13.4020004272461,13.5305995941162,0,13.5305995941162,"Mexico"
2012-05-10,13.5339002609253,13.5752000808716,13.4777002334595,13.5642995834351,0,13.5642995834351,"Mexico"
2012-05-13,13.5576000213623,13.7355003356934,13.5368995666504,13.713399887085,0,13.713399887085,"Mexico"
2012-05-14,13.7098999023438,13.8431997299194,13.6279001235962,13.839599609375,0,13.839599609375,"Mexico"
2012-05-15,13.8380002975464,13.9469995498657,13.7370004653931,13.753999710083,0,13.753999710083,"Mexico"
2012-05-16,13.7405004501343,13.8556003570557,13.7025995254517,13.8280000686646,0,13.8280000686646,"Mexico"
2012-05-17,13.8299999237061,13.8982000350952,13.7292995452881,13.8004999160767,0,13.8004999160767,"Mexico"
2012-05-20,13.8028001785278,13.8241996765137,13.6851997375488,13.6913995742798,0,13.6913995742798,"Mexico"
2012-05-21,13.6946001052856,13.9099998474121,13.6626996994019,13.8965997695923,0,13.8965997695923,"Mexico"
2012-05-22,13.9280996322632,14.0701999664307,13.9069995880127,13.9696998596191,0,13.9696998596191,"Mexico"
2012-05-23,13.9919996261597,14.0588998794556,13.9233999252319,14,0,14,"Mexico"
2012-05-24,14.0031003952026,14.0521001815796,13.950400352478,14.0177001953125,0,14.0177001953125,"Mexico"
2012-05-27,13.979100227356,13.9861001968384,13.8983001708984,13.9429998397827,0,13.9429998397827,"Mexico"
2012-05-28,13.9490003585815,13.9813003540039,13.8593997955322,13.8893995285034,0,13.8893995285034,"Mexico"
2012-05-29,13.9010000228882,14.1674003601074,13.8966999053955,14.1625003814697,0,14.1625003814697,"Mexico"
2012-05-30,14.1632995605469,14.3796997070312,14.0872001647949,14.3444004058838,0,14.3444004058838,"Mexico"
2012-05-31,14.345700263977,14.5947999954224,14.2621002197266,14.3034000396729,0,14.3034000396729,"Mexico"
2012-06-03,14.3348999023438,14.3606004714966,14.1785001754761,14.2049999237061,0,14.2049999237061,"Mexico"
2012-06-04,14.1955003738403,14.2770004272461,14.1709995269775,14.2055997848511,0,14.2055997848511,"Mexico"
2012-06-05,14.1949996948242,14.2362003326416,14.0173997879028,14.0223999023438,0,14.0223999023438,"Mexico"
2012-06-06,14.0306997299194,14.0818004608154,13.8358001708984,14.0621004104614,0,14.0621004104614,"Mexico"
2012-06-07,14.0635995864868,14.213399887085,13.9104995727539,13.914999961853,0,13.914999961853,"Mexico"
2012-06-10,13.8439998626709,14.1020002365112,13.8093004226685,14.1020002365112,0,14.1020002365112,"Mexico"
2012-06-11,14.0974998474121,14.1014995574951,13.9428997039795,13.9632997512817,0,13.9632997512817,"Mexico"
2012-06-12,13.966799736023,14.036600112915,13.9357004165649,13.9939002990723,0,13.9939002990723,"Mexico"
2012-06-13,14.007399559021,14.0783004760742,13.8598003387451,13.8751001358032,0,13.8751001358032,"Mexico"
2012-06-14,13.87619972229,13.9440002441406,13.8613996505737,13.914999961853,0,13.914999961853,"Mexico"
2012-06-17,13.8404998779297,13.9621000289917,13.8090000152588,13.8263998031616,0,13.8263998031616,"Mexico"
2012-06-18,13.8266000747681,13.8416996002197,13.6726999282837,13.6781997680664,0,13.6781997680664,"Mexico"
2012-06-19,13.681300163269,13.7688999176025,13.6354999542236,13.6868000030518,0,13.6868000030518,"Mexico"
2012-06-20,13.6901998519897,13.9372997283936,13.6554002761841,13.9004001617432,0,13.9004001617432,"Mexico"
2012-06-21,13.9041996002197,13.934100151062,13.8000001907349,13.850700378418,0,13.850700378418,"Mexico"
2012-06-24,13.8177995681763,13.974100112915,13.7950000762939,13.8900003433228,0,13.8900003433228,"Mexico"
2012-06-25,13.9035997390747,13.9485998153687,13.6680002212524,13.7572002410889,0,13.7572002410889,"Mexico"
2012-06-26,13.7538995742798,13.7679996490479,13.5406999588013,13.5611000061035,0,13.5611000061035,"Mexico"
2012-06-27,13.5615997314453,13.7200002670288,13.5438003540039,13.6065998077393,0,13.6065998077393,"Mexico"
2012-06-28,13.6141996383667,13.6253004074097,13.3022003173828,13.3606996536255,0,13.3606996536255,"Mexico"
2012-07-01,13.2550001144409,13.4449996948242,13.2279996871948,13.3208999633789,0,13.3208999633789,"Mexico"
2012-07-02,13.3304996490479,13.378999710083,13.2863998413086,13.3241996765137,0,13.3241996765137,"Mexico"
2012-07-03,13.3268995285034,13.3780002593994,13.3175001144409,13.3267002105713,0,13.3267002105713,"Mexico"
2012-07-04,13.3240003585815,13.4158000946045,13.2729997634888,13.3837003707886,0,13.3837003707886,"Mexico"
2012-07-05,13.374400138855,13.5149002075195,13.3708000183105,13.3816995620728,0,13.3816995620728,"Mexico"
2012-07-08,13.4113998413086,13.5040998458862,13.3249998092651,13.3264999389648,0,13.3264999389648,"Mexico"
2012-07-09,13.3266000747681,13.3921003341675,13.243200302124,13.3640003204346,0,13.3640003204346,"Mexico"
2012-07-10,13.3585996627808,13.3711996078491,13.2771997451782,13.298999786377,0,13.298999786377,"Mexico"
2012-07-11,13.3007001876831,13.5199003219604,13.2959995269775,13.4490003585815,0,13.4490003585815,"Mexico"
2012-07-12,13.4486999511719,13.4576997756958,13.2744998931885,13.28600025177,0,13.28600025177,"Mexico"
2012-07-15,13.292200088501,13.3418998718262,13.1982002258301,13.2166004180908,0,13.2166004180908,"Mexico"
2012-07-16,13.2137002944946,13.2739000320435,13.1330003738403,13.1396999359131,0,13.1396999359131,"Mexico"
2012-07-17,13.1513004302979,13.2124996185303,13.0930004119873,13.128999710083,0,13.128999710083,"Mexico"
2012-07-18,13.1300001144409,13.2454996109009,13.1048002243042,13.206000328064,0,13.206000328064,"Mexico"
2012-07-19,13.2187995910645,13.3617000579834,13.2107000350952,13.3549995422363,0,13.3549995422363,"Mexico"
2012-07-22,13.3763999938965,13.5931997299194,13.3653001785278,13.5570001602173,0,13.5570001602173,"Mexico"
2012-07-23,13.6120004653931,13.7698001861572,13.5711002349854,13.7089996337891,0,13.7089996337891,"Mexico"
2012-07-24,13.7098999023438,13.7236003875732,13.5719995498657,13.5994997024536,0,13.5994997024536,"Mexico"
2012-07-25,13.6127004623413,13.6339998245239,13.3844995498657,13.4024000167847,0,13.4024000167847,"Mexico"
2012-07-26,13.4028997421265,13.4597997665405,13.2160997390747,13.2311000823975,0,13.2311000823975,"Mexico"
2012-07-29,13.2301998138428,13.2978000640869,13.2070999145508,13.2587995529175,0,13.2587995529175,"Mexico"
2012-07-30,13.253999710083,13.3481998443604,13.2194004058838,13.3381996154785,0,13.3381996154785,"Mexico"
2012-07-31,13.3489999771118,13.388500213623,13.2349996566772,13.3593997955322,0,13.3593997955322,"Mexico"
2012-08-01,13.3613996505737,13.4730997085571,13.2877998352051,13.3338003158569,0,13.3338003158569,"Mexico"
2012-08-02,13.3337001800537,13.3576002120972,13.1040000915527,13.1291999816895,0,13.1291999816895,"Mexico"
2012-08-05,13.1021995544434,13.2005996704102,13.0474004745483,13.1909999847412,0,13.1909999847412,"Mexico"
2012-08-06,13.1972999572754,13.2341003417969,13.1171998977661,13.2131004333496,0,13.2131004333496,"Mexico"
2012-08-07,13.2230997085571,13.2700996398926,13.124400138855,13.1370000839233,0,13.1370000839233,"Mexico"
2012-08-08,13.1571998596191,13.1767997741699,13.0699996948242,13.0893001556396,0,13.0893001556396,"Mexico"
2012-08-09,13.0914001464844,13.1743001937866,13.03600025177,13.082200050354,0,13.082200050354,"Mexico"
2012-08-12,13.0992002487183,13.1703996658325,13.048999786377,13.1309995651245,0,13.1309995651245,"Mexico"
2012-08-13,13.1429004669189,13.1848001480103,13.0641002655029,13.1716995239258,0,13.1716995239258,"Mexico"
2012-08-14,13.1794996261597,13.1979999542236,13.1111001968384,13.1263999938965,0,13.1263999938965,"Mexico"
2012-08-15,13.1316995620728,13.1806001663208,13.09850025177,13.1656999588013,0,13.1656999588013,"Mexico"
2012-08-16,13.1584997177124,13.2452001571655,13.1128997802734,13.1142997741699,0,13.1142997741699,"Mexico"
2012-08-19,13.1393995285034,13.1527996063232,13.0755996704102,13.1028995513916,0,13.1028995513916,"Mexico"
2012-08-20,13.1002998352051,13.1113004684448,13.0333995819092,13.1002998352051,0,13.1002998352051,"Mexico"
2012-08-21,13.1513996124268,13.2156000137329,13.0616998672485,13.0798997879028,0,13.0798997879028,"Mexico"
2012-08-22,13.0790996551514,13.1798000335693,13.0487003326416,13.1660995483398,0,13.1660995483398,"Mexico"
2012-08-23,13.1660995483398,13.2480001449585,13.1160001754761,13.1660995483398,0,13.1660995483398,"Mexico"
2012-08-26,13.1990003585815,13.222900390625,13.1549997329712,13.1892995834351,0,13.1892995834351,"Mexico"
2012-08-27,13.1872997283936,13.2210998535156,13.1618995666504,13.1826000213623,0,13.1826000213623,"Mexico"
2012-08-28,13.1826000213623,13.318699836731,13.1759996414185,13.3161001205444,0,13.3161001205444,"Mexico"
2012-08-29,13.3200998306274,13.4300003051758,13.3099002838135,13.3428001403809,0,13.3428001403809,"Mexico"
2012-08-30,13.3510999679565,13.3726997375488,13.1789999008179,13.1870002746582,0,13.1870002746582,"Mexico"
2012-09-02,13.1826000213623,13.2362003326416,13.174599647522,13.1984996795654,0,13.1984996795654,"Mexico"
2012-09-03,13.1921997070312,13.203800201416,13.1339998245239,13.1729001998901,0,13.1729001998901,"Mexico"
2012-09-04,13.1758003234863,13.2384996414185,13.0970001220703,13.118800163269,0,13.118800163269,"Mexico"
2012-09-05,13.1192998886108,13.1206998825073,13.0249996185303,13.0715999603271,0,13.0715999603271,"Mexico"
2012-09-06,13.0594997406006,13.0696001052856,12.9326000213623,12.9738998413086,0,12.9738998413086,"Mexico"
2012-09-09,12.9647998809814,13.0865497589111,12.9490003585815,13.0614004135132,0,13.0614004135132,"Mexico"
2012-09-10,13.0633001327515,13.0783996582031,12.9742002487183,12.9843997955322,0,12.9843997955322,"Mexico"
2012-09-11,12.9933004379272,13.0651998519897,12.9406995773315,12.9965000152588,0,12.9965000152588,"Mexico"
2012-09-12,13.0100002288818,13.0363998413086,12.8092002868652,12.8247003555298,0,12.8247003555298,"Mexico"
2012-09-13,12.816499710083,12.8233003616333,12.7056999206543,12.7062997817993,0,12.7062997817993,"Mexico"
2012-09-16,12.7372999191284,12.8168497085571,12.7052001953125,12.7550001144409,0,12.7550001144409,"Mexico"
2012-09-17,12.7560997009277,12.8493003845215,12.7557001113892,12.7943000793457,0,12.7943000793457,"Mexico"
2012-09-18,12.7943000793457,12.8694000244141,12.7693004608154,12.8620004653931,0,12.8620004653931,"Mexico"
2012-09-19,12.8591003417969,12.943699836731,12.8381996154785,12.8655004501343,0,12.8655004501343,"Mexico"
2012-09-20,12.8697996139526,12.887900352478,12.7929000854492,12.8502998352051,0,12.8502998352051,"Mexico"
2012-09-23,12.8648996353149,12.9492902755737,12.8648996353149,12.9072999954224,0,12.9072999954224,"Mexico"
2012-09-24,12.8992004394531,12.9399995803833,12.7969999313354,12.8610000610352,0,12.8610000610352,"Mexico"
2012-09-25,12.8659000396729,12.9406003952026,12.8440999984741,12.8699998855591,0,12.8699998855591,"Mexico"
2012-09-26,12.8542995452881,12.8840999603271,12.7993001937866,12.8255996704102,0,12.8255996704102,"Mexico"
2012-09-27,12.8270998001099,12.8801002502441,12.806300163269,12.8620004653931,0,12.8620004653931,"Mexico"
2012-09-30,12.8739004135132,12.9070997238159,12.7903499603271,12.8292999267578,0,12.8292999267578,"Mexico"
2012-10-01,12.8269996643066,12.8873596191406,12.795539855957,12.8555002212524,0,12.8555002212524,"Mexico"
2012-10-02,12.8598003387451,12.8910903930664,12.7980003356934,12.8155002593994,0,12.8155002593994,"Mexico"
2012-10-03,12.8183002471924,12.8247995376587,12.7236003875732,12.7431001663208,0,12.7431001663208,"Mexico"
2012-10-04,12.7517995834351,12.819899559021,12.6619901657104,12.7881002426147,0,12.7881002426147,"Mexico"
2012-10-07,12.7855997085571,12.8766002655029,12.7720003128052,12.8008003234863,0,12.8008003234863,"Mexico"
2012-10-08,12.7903995513916,12.9067897796631,12.7638301849365,12.8624000549316,0,12.8624000549316,"Mexico"
2012-10-09,12.8877000808716,12.9954996109009,12.8402996063232,12.9924001693726,0,12.9924001693726,"Mexico"
2012-10-10,12.9860000610352,12.9935998916626,12.8601999282837,12.898099899292,0,12.898099899292,"Mexico"
2012-10-11,12.8927001953125,12.9072999954224,12.8452997207642,12.8568000793457,0,12.8568000793457,"Mexico"
2012-10-14,12.8640003204346,12.9010000228882,12.7925996780396,12.815899848938,0,12.815899848938,"Mexico"
2012-10-15,12.8092002868652,12.8607997894287,12.7670001983643,12.8135995864868,0,12.8135995864868,"Mexico"
2012-10-16,12.81130027771,12.8449001312256,12.7594900131226,12.7938995361328,0,12.7938995361328,"Mexico"
2012-10-17,12.7885999679565,12.8698997497559,12.7704000473022,12.8301000595093,0,12.8301000595093,"Mexico"
2012-10-18,12.8365001678467,12.8871002197266,12.8211297988892,12.8774003982544,0,12.8774003982544,"Mexico"
2012-10-21,12.8839998245239,12.9097003936768,12.7968397140503,12.8540000915527,0,12.8540000915527,"Mexico"
2012-10-22,12.8538999557495,13.0041999816895,12.8344602584839,12.9690999984741,0,12.9690999984741,"Mexico"
2012-10-23,12.9716997146606,13.0450000762939,12.9343004226685,12.9764995574951,0,12.9764995574951,"Mexico"
2012-10-24,12.97350025177,13.0368995666504,12.9043998718262,12.9913997650146,0,12.9913997650146,"Mexico"
2012-10-25,13.0017995834351,13.0764999389648,12.9666996002197,12.9885997772217,0,12.9885997772217,"Mexico"
2012-10-29,13.0031995773315,13.0994997024536,12.9941997528076,13.0650997161865,0,13.0650997161865,"Mexico"
2012-10-30,13.0634002685547,13.1065998077393,13.0279998779297,13.0645999908447,0,13.0645999908447,"Mexico"
2012-10-31,13.067099571228,13.0986995697021,13.0214996337891,13.0845003128052,0,13.0845003128052,"Mexico"
2012-11-01,13.0731000900269,13.1096000671387,12.9974002838135,13,0,13,"Mexico"
2012-11-02,13.0054998397827,13.0398998260498,12.9338998794556,13.024299621582,0,13.024299621582,"Mexico"
2012-11-05,13.0232000350952,13.0676002502441,13.0138998031616,13.0291004180908,0,13.0291004180908,"Mexico"
2012-11-06,13.0256996154785,13.0420999526978,12.9316997528076,12.9519996643066,0,12.9519996643066,"Mexico"
2012-11-07,12.9505996704102,13.0753002166748,12.8950996398926,13.059100151062,0,13.059100151062,"Mexico"
2012-11-08,13.0633001327515,13.1808004379272,13.0432996749878,13.1579999923706,0,13.1579999923706,"Mexico"
2012-11-09,13.1574001312256,13.28600025177,13.1231002807617,13.1940002441406,0,13.1940002441406,"Mexico"
2012-11-12,13.1909999847412,13.230299949646,13.1639995574951,13.2202997207642,0,13.2202997207642,"Mexico"
2012-11-13,13.2227001190186,13.2846298217773,13.1842002868652,13.2286996841431,0,13.2286996841431,"Mexico"
2012-11-14,13.2326002120972,13.2785997390747,13.1579999923706,13.2722997665405,0,13.2722997665405,"Mexico"
2012-11-15,13.270899772644,13.2817001342773,13.1946001052856,13.2042999267578,0,13.2042999267578,"Mexico"
2012-11-16,13.2051000595093,13.2604999542236,13.1148996353149,13.1149997711182,0,13.1149997711182,"Mexico"
2012-11-19,13.1106996536255,13.1191997528076,13.0478000640869,13.0802001953125,0,13.0802001953125,"Mexico"
2012-11-20,13.0771999359131,13.0952997207642,12.9856996536255,12.9983997344971,0,12.9983997344971,"Mexico"
2012-11-21,13,13.0770998001099,12.9929304122925,13.0479001998901,0,13.0479001998901,"Mexico"
2012-11-22,13.0475997924805,13.0522003173828,12.9844999313354,13.0295000076294,0,13.0295000076294,"Mexico"
2012-11-23,13.0295000076294,13.0391998291016,12.9441995620728,12.9484996795654,0,12.9484996795654,"Mexico"
2012-11-26,12.9593000411987,13.0232000350952,12.9399003982544,13.0029001235962,0,13.0029001235962,"Mexico"
2012-11-27,13,13.0471000671387,12.9569997787476,13.0331001281738,0,13.0331001281738,"Mexico"
2012-11-28,13.0325002670288,13.078800201416,12.9533996582031,12.9659996032715,0,12.9659996032715,"Mexico"
2012-11-29,12.9622001647949,12.9926996231079,12.9215002059937,12.9441003799438,0,12.9441003799438,"Mexico"
2012-11-30,12.9463996887207,12.9666004180908,12.8998003005981,12.9586000442505,0,12.9586000442505,"Mexico"
2012-12-03,12.9441003799438,13.0031995773315,12.8779001235962,12.9953002929688,0,12.9953002929688,"Mexico"
2012-12-04,12.9954996109009,13,12.9236001968384,12.942099571228,0,12.942099571228,"Mexico"
2012-12-05,12.942099571228,12.9590997695923,12.9020004272461,12.9142999649048,0,12.9142999649048,"Mexico"
2012-12-06,12.9119997024536,12.9285001754761,12.8226003646851,12.8689002990723,0,12.8689002990723,"Mexico"
2012-12-07,12.8647003173828,12.9019002914429,12.8104000091553,12.8443002700806,0,12.8443002700806,"Mexico"
2012-12-10,12.8267002105713,12.8454999923706,12.779299736023,12.8122997283936,0,12.8122997283936,"Mexico"
2012-12-11,12.8000001907349,12.814700126648,12.7231998443604,12.7285003662109,0,12.7285003662109,"Mexico"
2012-12-12,12.7288999557495,12.7676000595093,12.6820001602173,12.7435998916626,0,12.7435998916626,"Mexico"
2012-12-13,12.7396001815796,12.8433103561401,12.7126998901367,12.799599647522,0,12.799599647522,"Mexico"
2012-12-14,12.7996997833252,12.8221998214722,12.7266998291016,12.7397003173828,0,12.7397003173828,"Mexico"
2012-12-17,12.750599861145,12.7909498214722,12.7082004547119,12.7278995513916,0,12.7278995513916,"Mexico"
2012-12-18,12.7258996963501,12.7496995925903,12.6989002227783,12.7206001281738,0,12.7206001281738,"Mexico"
2012-12-19,12.7214002609253,12.7835998535156,12.6870002746582,12.7748003005981,0,12.7748003005981,"Mexico"
2012-12-20,12.7716999053955,12.7923002243042,12.733099937439,12.7487001419067,0,12.7487001419067,"Mexico"
2012-12-21,12.7461004257202,12.9499998092651,12.7461004257202,12.9133996963501,0,12.9133996963501,"Mexico"
2012-12-24,12.9366998672485,13.0270004272461,12.9196996688843,12.9688997268677,0,12.9688997268677,"Mexico"
2012-12-25,12.963399887085,12.9860000610352,12.9210996627808,12.9841003417969,0,12.9841003417969,"Mexico"
2012-12-26,12.9843997955322,13.0377998352051,12.9289999008179,13.003399848938,0,13.003399848938,"Mexico"
2012-12-27,13.0037002563477,13.036600112915,12.9398002624512,12.9531002044678,0,12.9531002044678,"Mexico"
2012-12-28,12.9609003067017,13.0373001098633,12.9436902999878,13.0024995803833,0,13.0024995803833,"Mexico"
2012-12-31,13.0166997909546,13.0486001968384,12.8373003005981,12.8373003005981,0,12.8373003005981,"Mexico"
2013-01-01,12.8421001434326,12.8985004425049,12.8373003005981,12.8898000717163,0,12.8898000717163,"Mexico"
2013-01-02,12.8998003005981,12.9049997329712,12.726900100708,12.753399848938,0,12.753399848938,"Mexico"
2013-01-03,12.752799987793,12.8053998947144,12.7283000946045,12.7852001190186,0,12.7852001190186,"Mexico"
2013-01-04,12.793399810791,12.8270998001099,12.7318000793457,12.7357997894287,0,12.7357997894287,"Mexico"
2013-01-07,12.7334995269775,12.7810001373291,12.7177000045776,12.7600002288818,0,12.7600002288818,"Mexico"
2013-01-08,12.7531995773315,12.8129997253418,12.725700378418,12.7920999526978,0,12.7920999526978,"Mexico"
2013-01-09,12.8011999130249,12.8058004379272,12.7089996337891,12.7215995788574,0,12.7215995788574,"Mexico"
2013-01-10,12.7215995788574,12.727499961853,12.5901002883911,12.5940999984741,0,12.5940999984741,"Mexico"
2013-01-11,12.5965003967285,12.6634998321533,12.5818996429443,12.6513996124268,0,12.6513996124268,"Mexico"
2013-01-14,12.6408996582031,12.6774997711182,12.5770998001099,12.5953998565674,0,12.5953998565674,"Mexico"
2013-01-15,12.5979995727539,12.6923999786377,12.5902004241943,12.6106004714966,0,12.6106004714966,"Mexico"
2013-01-16,12.609299659729,12.6794004440308,12.6054000854492,12.6153001785278,0,12.6153001785278,"Mexico"
2013-01-17,12.6190996170044,12.6367998123169,12.5502996444702,12.5770998001099,0,12.5770998001099,"Mexico"
2013-01-18,12.5713996887207,12.6827001571655,12.5673999786377,12.6590003967285,0,12.6590003967285,"Mexico"
2013-01-21,12.6521997451782,12.7138996124268,12.6427001953125,12.6864995956421,0,12.6864995956421,"Mexico"
2013-01-22,12.6865997314453,12.7073001861572,12.604700088501,12.6183004379272,0,12.6183004379272,"Mexico"
2013-01-23,12.625,12.7027997970581,12.6136999130249,12.6956996917725,0,12.6956996917725,"Mexico"
2013-01-24,12.6930999755859,12.7102003097534,12.6079998016357,12.6319999694824,0,12.6319999694824,"Mexico"
2013-01-25,12.6337995529175,12.7412996292114,12.6050996780396,12.6906003952026,0,12.6906003952026,"Mexico"
2013-01-28,12.6658000946045,12.7946996688843,12.6645002365112,12.7678003311157,0,12.7678003311157,"Mexico"
2013-01-29,12.7638998031616,12.7674999237061,12.6864004135132,12.7142000198364,0,12.7142000198364,"Mexico"
2013-01-30,12.7187995910645,12.7582998275757,12.6752004623413,12.7158002853394,0,12.7158002853394,"Mexico"
2013-01-31,12.7197999954224,12.7459001541138,12.66100025177,12.6851997375488,0,12.6851997375488,"Mexico"
2013-02-01,12.6868000030518,12.7631998062134,12.5871000289917,12.5980997085571,0,12.5980997085571,"Mexico"
2013-02-04,12.6010999679565,12.7140998840332,12.5987997055054,12.7052001953125,0,12.7052001953125,"Mexico"
2013-02-05,12.7003002166748,12.7124004364014,12.6051998138428,12.6290998458862,0,12.6290998458862,"Mexico"
2013-02-06,12.6273002624512,12.7081003189087,12.6175003051758,12.6808004379272,0,12.6808004379272,"Mexico"
2013-02-07,12.6817998886108,12.7665996551514,12.6330003738403,12.7216997146606,0,12.7216997146606,"Mexico"
2013-02-08,12.7251996994019,12.7503004074097,12.6921997070312,12.7144002914429,0,12.7144002914429,"Mexico"
2013-02-11,12.7225999832153,12.8104000091553,12.7170000076294,12.7279996871948,0,12.7279996871948,"Mexico"
2013-02-12,12.7309999465942,12.7855501174927,12.6758003234863,12.6806001663208,0,12.6806001663208,"Mexico"
2013-02-13,12.6778001785278,12.727499961853,12.647500038147,12.6756000518799,0,12.6756000518799,"Mexico"
2013-02-14,12.6787700653076,12.7451000213623,12.6625003814697,12.6801996231079,0,12.6801996231079,"Mexico"
2013-02-15,12.6787004470825,12.7168998718262,12.6545000076294,12.6785001754761,0,12.6785001754761,"Mexico"
2013-02-18,12.6875,12.7011003494263,12.6640996932983,12.6836004257202,0,12.6836004257202,"Mexico"
2013-02-19,12.6837997436523,12.7080001831055,12.6143999099731,12.6284999847412,0,12.6284999847412,"Mexico"
2013-02-20,12.6166000366211,12.7357997894287,12.6166000366211,12.7165002822876,0,12.7165002822876,"Mexico"
2013-02-21,12.7210998535156,12.7975997924805,12.7091999053955,12.7363004684448,0,12.7363004684448,"Mexico"
2013-02-22,12.7440996170044,12.7714004516602,12.6780004501343,12.6999998092651,0,12.6999998092651,"Mexico"
2013-02-25,12.7058000564575,12.8109903335571,12.6454000473022,12.7959995269775,0,12.7959995269775,"Mexico"
2013-02-26,12.7951002120972,12.8950996398926,12.7583999633789,12.841799736023,0,12.841799736023,"Mexico"
2013-02-27,12.8411998748779,12.8861999511719,12.7544002532959,12.769100189209,0,12.769100189209,"Mexico"
2013-02-28,12.7572002410889,12.7932996749878,12.7351999282837,12.7822999954224,0,12.7822999954224,"Mexico"
2013-03-01,12.7793998718262,12.8599996566772,12.7360000610352,12.7519998550415,0,12.7519998550415,"Mexico"
2013-03-04,12.7404003143311,12.8215999603271,12.7307996749878,12.7360000610352,0,12.7360000610352,"Mexico"
2013-03-05,12.7327003479004,12.7583999633789,12.685299873352,12.6990995407104,0,12.6990995407104,"Mexico"
2013-03-06,12.6978998184204,12.7889995574951,12.6605997085571,12.7732000350952,0,12.7732000350952,"Mexico"
2013-03-07,12.7774000167847,12.8058099746704,12.7427997589111,12.7582998275757,0,12.7582998275757,"Mexico"
2013-03-08,12.7465000152588,12.7765998840332,12.6155996322632,12.6215000152588,0,12.6215000152588,"Mexico"
2013-03-11,12.6201000213623,12.6402997970581,12.5073003768921,12.5299997329712,0,12.5299997329712,"Mexico"
2013-03-12,12.5174999237061,12.5515003204346,12.4153995513916,12.4309997558594,0,12.4309997558594,"Mexico"
2013-03-13,12.4197998046875,12.4636001586914,12.3705997467041,12.440899848938,0,12.440899848938,"Mexico"
2013-03-14,12.4413003921509,12.4729995727539,12.3959999084473,12.4208002090454,0,12.4208002090454,"Mexico"
2013-03-15,12.4278001785278,12.4617004394531,12.4000997543335,12.4287996292114,0,12.4287996292114,"Mexico"
2013-03-18,12.5030002593994,12.5396995544434,12.3905000686646,12.4132995605469,0,12.4132995605469,"Mexico"
2013-03-19,12.4057998657227,12.4711999893188,12.3680000305176,12.4441995620728,0,12.4441995620728,"Mexico"
2013-03-20,12.4407997131348,12.4481000900269,12.3217000961304,12.3396997451782,0,12.3396997451782,"Mexico"
2013-03-21,12.345100402832,12.4431896209717,12.3165998458862,12.4237003326416,0,12.4237003326416,"Mexico"
2013-03-22,12.4252996444702,12.4339504241943,12.3406000137329,12.3470001220703,0,12.3470001220703,"Mexico"
2013-03-25,12.339599609375,12.3680000305176,12.3163995742798,12.3424997329712,0,12.3424997329712,"Mexico"
2013-03-26,12.34850025177,12.3705501556396,12.3048000335693,12.3534002304077,0,12.3534002304077,"Mexico"
2013-03-27,12.3535995483398,12.4181003570557,12.3197002410889,12.3401002883911,0,12.3401002883911,"Mexico"
2013-03-28,12.3373003005981,12.3622999191284,12.3120002746582,12.3520002365112,0,12.3520002365112,"Mexico"
2013-03-29,12.3535003662109,12.3565998077393,12.2988004684448,12.3013000488281,0,12.3013000488281,"Mexico"
2013-03-31,12.3118000030518,12.3632001876831,12.2906999588013,12.3502998352051,0,12.3502998352051,"Mexico"
2013-04-01,12.3470001220703,12.3685998916626,12.2580995559692,12.2662000656128,0,12.2662000656128,"Mexico"
2013-04-02,12.2734003067017,12.3516998291016,12.2503995895386,12.3474998474121,0,12.3474998474121,"Mexico"
2013-04-03,12.3445997238159,12.352499961853,12.2740001678467,12.305100440979,0,12.305100440979,"Mexico"
2013-04-04,12.3095998764038,12.398099899292,12.1686000823975,12.1722002029419,0,12.1722002029419,"Mexico"
2013-04-07,12.1892004013062,12.2075004577637,12.1265001296997,12.1785001754761,0,12.1785001754761,"Mexico"
2013-04-08,12.1850996017456,12.1993999481201,12.1107997894287,12.1482000350952,0,12.1482000350952,"Mexico"
2013-04-09,12.1433000564575,12.1554098129272,12.0820999145508,12.0944004058838,0,12.0944004058838,"Mexico"
2013-04-10,12.1091003417969,12.1260004043579,12.0143995285034,12.0359001159668,0,12.0359001159668,"Mexico"
2013-04-11,12.0356998443604,12.1066999435425,12.0178003311157,12.0715999603271,0,12.0715999603271,"Mexico"
2013-04-14,12.0830001831055,12.2966995239258,12.0550003051758,12.2698001861572,0,12.2698001861572,"Mexico"
2013-04-15,12.2655401229858,12.2709999084473,12.1259002685547,12.135199546814,0,12.135199546814,"Mexico"
2013-04-16,12.1410999298096,12.2824001312256,12.1281995773315,12.2084999084473,0,12.2084999084473,"Mexico"
2013-04-17,12.2093000411987,12.3330001831055,12.1583995819092,12.2430000305176,0,12.2430000305176,"Mexico"
2013-04-18,12.2448997497559,12.2994003295898,12.1888999938965,12.2565002441406,0,12.2565002441406,"Mexico"
2013-04-21,12.2565002441406,12.351900100708,12.2349004745483,12.2602996826172,0,12.2602996826172,"Mexico"
2013-04-22,12.2621002197266,12.3571996688843,12.2040996551514,12.2414999008179,0,12.2414999008179,"Mexico"
2013-04-23,12.25119972229,12.2946996688843,12.1578998565674,12.1738996505737,0,12.1738996505737,"Mexico"
2013-04-24,12.1698999404907,12.1805000305176,12.0885000228882,12.1731996536255,0,12.1731996536255,"Mexico"
2013-04-25,12.185299873352,12.2014999389648,12.1065998077393,12.1552000045776,0,12.1552000045776,"Mexico"
2013-04-28,12.1426000595093,12.2194995880127,12.0787000656128,12.1929998397827,0,12.1929998397827,"Mexico"
2013-04-29,12.2031002044678,12.2093000411987,12.1150999069214,12.1345996856689,0,12.1345996856689,"Mexico"
2013-04-30,12.1322002410889,12.2472496032715,12.1184997558594,12.1911001205444,0,12.1911001205444,"Mexico"
2013-05-01,12.2009000778198,12.2048997879028,12.1484003067017,12.1787004470825,0,12.1787004470825,"Mexico"
2013-05-02,12.1781997680664,12.1932001113892,12.0490999221802,12.0649995803833,0,12.0649995803833,"Mexico"
2013-05-05,12.0705003738403,12.1224002838135,12.0609998703003,12.108699798584,0,12.108699798584,"Mexico"
2013-05-06,12.1135997772217,12.1262998580933,12.0145998001099,12.0180997848511,0,12.0180997848511,"Mexico"
2013-05-07,12.0250997543335,12.0710000991821,11.9616003036499,11.9805002212524,0,11.9805002212524,"Mexico"
2013-05-08,11.9657001495361,12.0474004745483,11.934700012207,11.9839000701904,0,11.9839000701904,"Mexico"
2013-05-09,11.9828996658325,12.1647996902466,11.9739999771118,12.075400352478,0,12.075400352478,"Mexico"
2013-05-12,12.1155004501343,12.1729001998901,12.0669002532959,12.1583003997803,0,12.1583003997803,"Mexico"
2013-05-13,12.154899597168,12.2109003067017,12.1140003204346,12.1884002685547,0,12.1884002685547,"Mexico"
2013-05-14,12.1785001754761,12.2597503662109,12.1506996154785,12.1920003890991,0,12.1920003890991,"Mexico"
2013-05-15,12.192099571228,12.2877998352051,12.1724004745483,12.2643003463745,0,12.2643003463745,"Mexico"
2013-05-16,12.2763996124268,12.3492002487183,12.2575998306274,12.3366003036499,0,12.3366003036499,"Mexico"
2013-05-19,12.339599609375,12.347900390625,12.2693996429443,12.293399810791,0,12.293399810791,"Mexico"
2013-05-20,12.2943000793457,12.3877000808716,12.2741003036499,12.3304996490479,0,12.3304996490479,"Mexico"
2013-05-21,12.3296003341675,12.4454002380371,12.2220001220703,12.424599647522,0,12.424599647522,"Mexico"
2013-05-22,12.4268999099731,12.5367002487183,12.3763999938965,12.3846998214722,0,12.3846998214722,"Mexico"
2013-05-23,12.3969602584839,12.5515003204346,12.3948001861572,12.5253000259399,0,12.5253000259399,"Mexico"
2013-05-26,12.5244998931885,12.5275001525879,12.4519996643066,12.4533004760742,0,12.4533004760742,"Mexico"
2013-05-27,12.4514999389648,12.6384000778198,12.439700126648,12.6301898956299,0,12.6301898956299,"Mexico"
2013-05-28,12.6347999572754,12.7354001998901,12.5979995727539,12.6556997299194,0,12.6556997299194,"Mexico"
2013-05-29,12.654899597168,12.8480195999146,12.601900100708,12.7720003128052,0,12.7720003128052,"Mexico"
2013-05-30,12.7958002090454,12.9379901885986,12.746000289917,12.7957000732422,0,12.7957000732422,"Mexico"
2013-06-02,12.8100004196167,12.8654003143311,12.726300239563,12.7498998641968,0,12.7498998641968,"Mexico"
2013-06-03,12.7521295547485,12.7966499328613,12.6782999038696,12.7007999420166,0,12.7007999420166,"Mexico"
2013-06-04,12.7010202407837,12.8660001754761,12.664999961853,12.8612003326416,0,12.8612003326416,"Mexico"
2013-06-05,12.859769821167,12.934700012207,12.7827997207642,12.8083000183105,0,12.8083000183105,"Mexico"
2013-06-06,12.8127002716064,12.8760004043579,12.6727199554443,12.7652997970581,0,12.7652997970581,"Mexico"
2013-06-09,12.7856998443604,12.9148998260498,12.7496004104614,12.8971996307373,0,12.8971996307373,"Mexico"
2013-06-10,12.8978996276855,13.0950002670288,12.7840003967285,12.826000213623,0,12.826000213623,"Mexico"
2013-06-11,12.8255996704102,12.9401998519897,12.7244997024536,12.9209995269775,0,12.9209995269775,"Mexico"
2013-06-12,12.921199798584,12.9560499191284,12.6029996871948,12.6218996047974,0,12.6218996047974,"Mexico"
2013-06-13,12.6217002868652,12.7200002670288,12.6077995300293,12.7026996612549,0,12.7026996612549,"Mexico"
2013-06-16,12.7201995849609,12.8699998855591,12.6463003158569,12.8254995346069,0,12.8254995346069,"Mexico"
2013-06-17,12.8255996704102,12.9409999847412,12.8079996109009,12.9012002944946,0,12.9012002944946,"Mexico"
2013-06-18,12.9069995880127,13.239049911499,12.8107004165649,13.1985998153687,0,13.1985998153687,"Mexico"
2013-06-19,13.1933002471924,13.4507999420166,13.190899848938,13.3262996673584,0,13.3262996673584,"Mexico"
2013-06-20,13.3408002853394,13.4486503601074,13.233099937439,13.2925996780396,0,13.2925996780396,"Mexico"
2013-06-23,13.2937002182007,13.4375,13.2354001998901,13.274299621582,0,13.274299621582,"Mexico"
2013-06-24,13.254599571228,13.2884998321533,13.1388502120972,13.25119972229,0,13.25119972229,"Mexico"
2013-06-25,13.250470161438,13.2550001144409,13.1201496124268,13.1445999145508,0,13.1445999145508,"Mexico"
2013-06-26,13.1452798843384,13.1506004333496,12.9687004089355,13,0,13,"Mexico"
2013-06-27,13.0046997070312,13.0958003997803,12.9247999191284,12.935299873352,0,12.935299873352,"Mexico"
2013-06-30,12.9715995788574,12.9889001846313,12.8535995483398,12.9457998275757,0,12.9457998275757,"Mexico"
2013-07-01,12.9458999633789,13.107250213623,12.9139995574951,13.038200378418,0,13.038200378418,"Mexico"
2013-07-02,13.0381002426147,13.1457004547119,12.9259996414185,12.9308004379272,0,12.9308004379272,"Mexico"
2013-07-03,12.9259004592896,12.981499671936,12.8311004638672,12.9097995758057,0,12.9097995758057,"Mexico"
2013-07-04,12.9075002670288,13.1450004577637,12.8628997802734,13.0697002410889,0,13.0697002410889,"Mexico"
2013-07-07,13.0740995407104,13.1291999816895,12.854700088501,12.8868999481201,0,12.8868999481201,"Mexico"
2013-07-08,12.8844003677368,12.9010000228882,12.8080396652222,12.8983001708984,0,12.8983001708984,"Mexico"
2013-07-09,12.8957004547119,12.975549697876,12.7771997451782,12.783109664917,0,12.783109664917,"Mexico"
2013-07-10,12.7732000350952,12.8737001419067,12.7692003250122,12.7945995330811,0,12.7945995330811,"Mexico"
2013-07-11,12.7946996688843,12.8632001876831,12.7826995849609,12.8037004470825,0,12.8037004470825,"Mexico"
2013-07-14,12.8072996139526,12.8193998336792,12.6479997634888,12.6660003662109,0,12.6660003662109,"Mexico"
2013-07-15,12.657600402832,12.6877098083496,12.5763998031616,12.6166000366211,0,12.6166000366211,"Mexico"
2013-07-16,12.6195001602173,12.658200263977,12.4498996734619,12.4764995574951,0,12.4764995574951,"Mexico"
2013-07-17,12.4770002365112,12.559100151062,12.4259996414185,12.4980001449585,0,12.4980001449585,"Mexico"
2013-07-18,12.4923000335693,12.5808000564575,12.4547004699707,12.5132999420166,0,12.5132999420166,"Mexico"
2013-07-21,12.5038995742798,12.5408000946045,12.4770002365112,12.4939002990723,0,12.4939002990723,"Mexico"
2013-07-22,12.5075998306274,12.5358200073242,12.4714002609253,12.4905996322632,0,12.4905996322632,"Mexico"
2013-07-23,12.4863996505737,12.68630027771,12.472900390625,12.6057996749878,0,12.6057996749878,"Mexico"
2013-07-24,12.612099647522,12.6695003509521,12.5633001327515,12.5990495681763,0,12.5990495681763,"Mexico"
2013-07-25,12.5958003997803,12.7433996200562,12.576000213623,12.6584997177124,0,12.6584997177124,"Mexico"
2013-07-28,12.6477003097534,12.7617998123169,12.6359996795654,12.7483997344971,0,12.7483997344971,"Mexico"
2013-07-29,12.7596998214722,12.7901000976562,12.7192001342773,12.7613000869751,0,12.7613000869751,"Mexico"
2013-07-30,12.7646999359131,12.8879995346069,12.7159996032715,12.7399997711182,0,12.7399997711182,"Mexico"
2013-07-31,12.7412996292114,12.8583202362061,12.7236995697021,12.8290996551514,0,12.8290996551514,"Mexico"
2013-08-01,12.8326997756958,12.856499671936,12.625599861145,12.6533002853394,0,12.6533002853394,"Mexico"
2013-08-04,12.6534996032715,12.7005996704102,12.6054000854492,12.6394996643066,0,12.6394996643066,"Mexico"
2013-08-05,12.6398000717163,12.6815004348755,12.6079998016357,12.6164999008179,0,12.6164999008179,"Mexico"
2013-08-06,12.6136999130249,12.742600440979,12.6131000518799,12.7399997711182,0,12.7399997711182,"Mexico"
2013-08-07,12.7305002212524,12.7468004226685,12.5795001983643,12.5961999893188,0,12.5961999893188,"Mexico"
2013-08-08,12.5971002578735,12.6312999725342,12.5549001693726,12.6103000640869,0,12.6103000640869,"Mexico"
2013-08-11,12.5935001373291,12.7011995315552,12.5453996658325,12.6715002059937,0,12.6715002059937,"Mexico"
2013-08-12,12.6808004379272,12.777099609375,12.6589002609253,12.7262001037598,0,12.7262001037598,"Mexico"
2013-08-13,12.7259998321533,12.7712001800537,12.6979999542236,12.7325000762939,0,12.7325000762939,"Mexico"
2013-08-14,12.7236003875732,12.8982000350952,12.6961002349854,12.8161001205444,0,12.8161001205444,"Mexico"
2013-08-15,12.8162002563477,12.9736995697021,12.8081998825073,12.9041996002197,0,12.9041996002197,"Mexico"
2013-08-18,12.9235000610352,13.084400177002,12.9059000015259,13.0650997161865,0,13.0650997161865,"Mexico"
2013-08-19,13.0747900009155,13.0989999771118,12.9513998031616,12.9715003967285,0,12.9715003967285,"Mexico"
2013-08-20,12.9688997268677,13.2814998626709,12.9680004119873,13.2486000061035,0,13.2486000061035,"Mexico"
2013-08-21,13.2694997787476,13.3018999099731,13.0543003082275,13.0556001663208,0,13.0556001663208,"Mexico"
2013-08-22,13.021900177002,13.0880002975464,12.9427995681763,12.9462003707886,0,12.9462003707886,"Mexico"
2013-08-25,12.9891901016235,13.2231998443604,12.9700002670288,13.1760196685791,0,13.1760196685791,"Mexico"
2013-08-26,13.1723098754883,13.372200012207,13.1723098754883,13.2520599365234,0,13.2520599365234,"Mexico"
2013-08-27,13.2666997909546,13.335599899292,13.2239999771118,13.3129396438599,0,13.3129396438599,"Mexico"
2013-08-28,13.3106698989868,13.3825998306274,13.2496500015259,13.3213195800781,0,13.3213195800781,"Mexico"
2013-08-29,13.3213195800781,13.3948602676392,13.27476978302,13.366189956665,0,13.366189956665,"Mexico"
2013-09-01,13.3481998443604,13.3481998443604,13.2426996231079,13.31130027771,0,13.31130027771,"Mexico"
2013-09-02,13.33899974823,13.4604597091675,13.3050003051758,13.3870000839233,0,13.3870000839233,"Mexico"
2013-09-03,13.3868999481201,13.3986196517944,13.2733001708984,13.3073997497559,0,13.3073997497559,"Mexico"
2013-09-04,13.3301496505737,13.43869972229,13.3149995803833,13.3758697509766,0,13.3758697509766,"Mexico"
2013-09-05,13.3908996582031,13.3949003219604,13.1598901748657,13.1603202819824,0,13.1603202819824,"Mexico"
2013-09-08,13.2229995727539,13.2255601882935,13.0930404663086,13.0979299545288,0,13.0979299545288,"Mexico"
2013-09-09,13.1037902832031,13.1555004119873,13.0550003051758,13.0745697021484,0,13.0745697021484,"Mexico"
2013-09-10,13.0701999664307,13.1318998336792,13.0200901031494,13.0345697402954,0,13.0345697402954,"Mexico"
2013-09-11,13.0345697402954,13.1399002075195,13.023099899292,13.0636596679688,0,13.0636596679688,"Mexico"
2013-09-12,13.0701999664307,13.1310997009277,13.0260000228882,13.0357904434204,0,13.0357904434204,"Mexico"
2013-09-15,12.9617004394531,12.9650001525879,12.8711004257202,12.9303503036499,0,12.9303503036499,"Mexico"
2013-09-16,12.9320001602173,12.9659004211426,12.9026899337769,12.9189395904541,0,12.9189395904541,"Mexico"
2013-09-17,12.9317598342896,12.9877300262451,12.6480302810669,12.6495800018311,0,12.6495800018311,"Mexico"
2013-09-18,12.6428804397583,12.7529296875,12.5799999237061,12.709719657898,0,12.709719657898,"Mexico"
2013-09-19,12.7064695358276,12.918999671936,12.6909503936768,12.8482599258423,0,12.8482599258423,"Mexico"
2013-09-22,12.8576002120972,12.8719997406006,12.7620000839233,12.8079795837402,0,12.8079795837402,"Mexico"
2013-09-23,12.8072004318237,12.9687004089355,12.8070001602173,12.9631004333496,0,12.9631004333496,"Mexico"
2013-09-24,12.9576997756958,13.0261001586914,12.927149772644,13.0051002502441,0,13.0051002502441,"Mexico"
2013-09-25,13.0062999725342,13.1120004653931,12.9440498352051,13.0729999542236,0,13.0729999542236,"Mexico"
2013-09-26,13.0768604278564,13.1857004165649,13.0613603591919,13.1361703872681,0,13.1361703872681,"Mexico"
2013-09-29,13.1501398086548,13.2322998046875,13.0523700714111,13.0900402069092,0,13.0900402069092,"Mexico"
2013-09-30,13.0829000473022,13.1864004135132,13.0387001037598,13.1621103286743,0,13.1621103286743,"Mexico"
2013-10-01,13.1648998260498,13.2201595306396,13.0867500305176,13.1074800491333,0,13.1074800491333,"Mexico"
2013-10-02,13.1072797775269,13.3056001663208,13.1061000823975,13.1701498031616,0,13.1701498031616,"Mexico"
2013-10-03,13.17041015625,13.1879997253418,13.0607995986938,13.071590423584,0,13.071590423584,"Mexico"
2013-10-06,13.1040000915527,13.1851997375488,13.0812997817993,13.1346998214722,0,13.1346998214722,"Mexico"
2013-10-07,13.1402997970581,13.2244997024536,13.0614995956421,13.1956996917725,0,13.1956996917725,"Mexico"
2013-10-08,13.1759996414185,13.2285003662109,13.1518001556396,13.1885795593262,0,13.1885795593262,"Mexico"
2013-10-09,13.1990003585815,13.1990003585815,13.0570001602173,13.1053304672241,0,13.1053304672241,"Mexico"
2013-10-10,13.0958003997803,13.118800163269,12.9779100418091,12.9834995269775,0,12.9834995269775,"Mexico"
2013-10-13,13.0329599380493,13.0769996643066,12.9476003646851,13,0,13,"Mexico"
2013-10-14,12.9846200942993,13.0320997238159,12.9361000061035,12.989709854126,0,12.989709854126,"Mexico"
2013-10-15,12.9619998931885,12.9965000152588,12.8281497955322,12.8457403182983,0,12.8457403182983,"Mexico"
2013-10-16,12.8444004058838,12.8698997497559,12.7481899261475,12.7787303924561,0,12.7787303924561,"Mexico"
2013-10-17,12.7828397750854,12.8646001815796,12.7530002593994,12.8490200042725,0,12.8490200042725,"Mexico"
2013-10-20,12.838680267334,12.9980602264404,12.8249998092651,12.986720085144,0,12.986720085144,"Mexico"
2013-10-21,12.9748601913452,13.0129995346069,12.832010269165,12.8444700241089,0,12.8444700241089,"Mexico"
2013-10-22,12.844030380249,12.9989004135132,12.8284997940063,12.9855403900146,0,12.9855403900146,"Mexico"
2013-10-23,12.9799995422363,13.045599937439,12.9266004562378,12.9606895446777,0,12.9606895446777,"Mexico"
2013-10-24,12.9680004119873,13.0030002593994,12.8360004425049,12.8772201538086,0,12.8772201538086,"Mexico"
2013-10-28,12.8618202209473,12.9124803543091,12.8329401016235,12.8755197525024,0,12.8755197525024,"Mexico"
2013-10-29,12.8737001419067,12.934100151062,12.8678503036499,12.9282598495483,0,12.9282598495483,"Mexico"
2013-10-30,12.9282302856445,12.9807996749878,12.8190002441406,12.9523496627808,0,12.9523496627808,"Mexico"
2013-10-31,12.9603395462036,13.0506000518799,12.9137496948242,13.0150995254517,0,13.0150995254517,"Mexico"
2013-11-01,13.0167503356934,13.0979995727539,13.0109996795654,13.055700302124,0,13.055700302124,"Mexico"
2013-11-04,13.0516996383667,13.0551700592041,12.9624795913696,12.9831895828247,0,12.9831895828247,"Mexico"
2013-11-05,12.986029624939,13.1871004104614,12.976900100708,13.1613998413086,0,13.1613998413086,"Mexico"
2013-11-06,13.1583003997803,13.1838703155518,13.0740699768066,13.1662797927856,0,13.1662797927856,"Mexico"
2013-11-07,13.1662998199463,13.2482004165649,13.0950002670288,13.2202501296997,0,13.2202501296997,"Mexico"
2013-11-08,13.2202501296997,13.3273000717163,13.129150390625,13.16273021698,0,13.16273021698,"Mexico"
2013-11-11,13.1800804138184,13.2715997695923,13.1294002532959,13.2169799804688,0,13.2169799804688,"Mexico"
2013-11-12,13.2171297073364,13.2767000198364,13.153639793396,13.173999786377,0,13.173999786377,"Mexico"
2013-11-13,13.1735696792603,13.2119998931885,12.9980001449585,13.0055103302002,0,13.0055103302002,"Mexico"
2013-11-14,13.0013999938965,13.0928802490234,12.9498901367188,12.9560604095459,0,12.9560604095459,"Mexico"
2013-11-15,12.956789970398,12.9957599639893,12.9253196716309,12.927300453186,0,12.927300453186,"Mexico"
2013-11-18,12.92516040802,12.9256801605225,12.8489999771118,12.8877096176147,0,12.8877096176147,"Mexico"
2013-11-19,12.8867998123169,12.9648103713989,12.8659000396729,12.9461002349854,0,12.9461002349854,"Mexico"
2013-11-20,12.9461002349854,13.1056995391846,12.9088802337646,13.0828304290771,0,13.0828304290771,"Mexico"
2013-11-21,13.0831499099731,13.1454000473022,13.0178003311157,13.0199003219604,0,13.0199003219604,"Mexico"
2013-11-22,13.0200595855713,13.0812997817993,12.9590997695923,12.9602003097534,0,12.9602003097534,"Mexico"
2013-11-25,12.9949998855591,13.055700302124,12.9512500762939,13.0358695983887,0,13.0358695983887,"Mexico"
2013-11-26,13.0354204177856,13.1401500701904,13.0290002822876,13.0534801483154,0,13.0534801483154,"Mexico"
2013-11-27,13.0529499053955,13.1236000061035,13.0509004592896,13.1149597167969,0,13.1149597167969,"Mexico"
2013-11-28,13.1150703430176,13.1259002685547,13.0348997116089,13.0609397888184,0,13.0609397888184,"Mexico"
2013-11-29,13.0600004196167,13.1263999938965,13.048999786377,13.0991697311401,0,13.0991697311401,"Mexico"
2013-12-02,13.1309795379639,13.2278995513916,13.0854997634888,13.2005796432495,0,13.2005796432495,"Mexico"
2013-12-03,13.2005996704102,13.2658004760742,13.0896997451782,13.1008100509644,0,13.1008100509644,"Mexico"
2013-12-04,13.0996904373169,13.1651000976562,13.0213003158569,13.0420904159546,0,13.0420904159546,"Mexico"
2013-12-05,13.0362997055054,13.0981798171997,12.992449760437,13.0858402252197,0,13.0858402252197,"Mexico"
2013-12-06,13.0757703781128,13.1047096252441,12.9025497436523,12.9232902526855,0,12.9232902526855,"Mexico"
2013-12-09,12.9008197784424,12.9075002670288,12.7987298965454,12.8374900817871,0,12.8374900817871,"Mexico"
2013-12-10,12.8381595611572,12.8860998153687,12.798620223999,12.8493003845215,0,12.8493003845215,"Mexico"
2013-12-11,12.8407201766968,13.0396003723145,12.8347797393799,13.0203895568848,0,13.0203895568848,"Mexico"
2013-12-12,13.0197801589966,13.0943803787231,12.9453897476196,12.9603996276855,0,12.9603996276855,"Mexico"
2013-12-13,12.9604997634888,13.0144996643066,12.8698301315308,12.8728904724121,0,12.8728904724121,"Mexico"
2013-12-16,12.8743696212769,12.9857797622681,12.8711795806885,12.9264001846313,0,12.9264001846313,"Mexico"
2013-12-17,12.9315004348755,12.9753999710083,12.908989906311,12.948260307312,0,12.948260307312,"Mexico"
2013-12-18,12.9492597579956,13.0305004119873,12.8352003097534,12.9011001586914,0,12.9011001586914,"Mexico"
2013-12-19,12.9034004211426,13.0212001800537,12.8711595535278,12.9453001022339,0,12.9453001022339,"Mexico"
2013-12-20,12.9416303634644,13.0731000900269,12.9314203262329,12.9697999954224,0,12.9697999954224,"Mexico"
2013-12-23,12.9624900817871,13,12.9399995803833,12.9813499450684,0,12.9813499450684,"Mexico"
2013-12-24,12.9796800613403,13.0364999771118,12.971549987793,13.0151100158691,0,13.0151100158691,"Mexico"
2013-12-25,13.0151100158691,13.0249996185303,13.011079788208,13.0141401290894,0,13.0141401290894,"Mexico"
2013-12-26,13.0200500488281,13.0909996032715,13.0044002532959,13.0655403137207,0,13.0655403137207,"Mexico"
2013-12-27,13.0636596679688,13.1301002502441,13.0445804595947,13.0500001907349,0,13.0500001907349,"Mexico"
2013-12-30,13.0553798675537,13.0944004058838,13.0323295593262,13.0623903274536,0,13.0623903274536,"Mexico"
2013-12-31,13.0661296844482,13.1101999282837,13.014630317688,13.0273103713989,0,13.0273103713989,"Mexico"
2014-01-01,13.0273103713989,13.0395002365112,13.0176401138306,13.0269899368286,0,13.0269899368286,"Mexico"
2014-01-02,13.0262403488159,13.16100025177,13.013689994812,13.1484603881836,0,13.1484603881836,"Mexico"
2014-01-03,13.1499004364014,13.1557998657227,13.0494899749756,13.0938997268677,0,13.0938997268677,"Mexico"
2014-01-06,13.0889596939087,13.139630317688,13.0643997192383,13.0691699981689,0,13.0691699981689,"Mexico"
2014-01-07,13.0690698623657,13.1099996566772,12.9955596923828,13.0079002380371,0,13.0079002380371,"Mexico"
2014-01-08,13.0013999938965,13.1429996490479,12.9789304733276,13.1246995925903,0,13.1246995925903,"Mexico"
2014-01-09,13.1246995925903,13.1554002761841,13.0810604095459,13.0847902297974,0,13.0847902297974,"Mexico"
2014-01-10,13.0915002822876,13.0968999862671,12.9575395584106,12.9593000411987,0,12.9593000411987,"Mexico"
2014-01-13,12.9670000076294,13.0922002792358,12.9586200714111,13.0711698532104,0,13.0711698532104,"Mexico"
2014-01-14,13.0716199874878,13.1417999267578,13.0587501525879,13.0772800445557,0,13.0772800445557,"Mexico"
2014-01-15,13.082200050354,13.2208003997803,13.0766000747681,13.1956996917725,0,13.1956996917725,"Mexico"
2014-01-16,13.2048997879028,13.3285999298096,13.1930999755859,13.2721996307373,0,13.2721996307373,"Mexico"
2014-01-17,13.2728004455566,13.311900138855,13.2232303619385,13.2334403991699,0,13.2334403991699,"Mexico"
2014-01-20,13.2335996627808,13.2686004638672,13.220009803772,13.2284498214722,0,13.2284498214722,"Mexico"
2014-01-21,13.2277498245239,13.2850999832153,13.2185001373291,13.2735996246338,0,13.2735996246338,"Mexico"
2014-01-22,13.2780504226685,13.3458003997803,13.2445497512817,13.2986001968384,0,13.2986001968384,"Mexico"
2014-01-23,13.3092002868652,13.4418001174927,13.3031196594238,13.393500328064,0,13.393500328064,"Mexico"
2014-01-24,13.4001998901367,13.6020002365112,13.3741397857666,13.448450088501,0,13.448450088501,"Mexico"
2014-01-27,13.4315004348755,13.5218000411987,13.3365097045898,13.3732004165649,0,13.3732004165649,"Mexico"
2014-01-28,13.3661499023438,13.3733997344971,13.1702404022217,13.1772003173828,0,13.1772003173828,"Mexico"
2014-01-29,13.1773595809937,13.4638996124268,13.1684103012085,13.3944501876831,0,13.3944501876831,"Mexico"
2014-01-30,13.3965702056885,13.4357995986938,13.2799997329712,13.3544998168945,0,13.3544998168945,"Mexico"
2014-01-31,13.3544998168945,13.4694995880127,13.3044996261597,13.3451404571533,0,13.3451404571533,"Mexico"
2014-02-03,13.3568000793457,13.5474996566772,13.3000001907349,13.5239295959473,0,13.5239295959473,"Mexico"
2014-02-04,13.5234003067017,13.5303001403809,13.3091297149658,13.3106498718262,0,13.3106498718262,"Mexico"
2014-02-05,13.3169002532959,13.3866996765137,13.217399597168,13.2655200958252,0,13.2655200958252,"Mexico"
2014-02-06,13.2714996337891,13.2898998260498,13.1895999908447,13.2563600540161,0,13.2563600540161,"Mexico"
2014-02-07,13.2560396194458,13.3798999786377,13.2539396286011,13.2595300674438,0,13.2595300674438,"Mexico"
2014-02-10,13.2716503143311,13.3352699279785,13.2516298294067,13.307370185852,0,13.307370185852,"Mexico"
2014-02-11,13.3065900802612,13.3538999557495,13.2517995834351,13.2888698577881,0,13.2888698577881,"Mexico"
2014-02-12,13.3019895553589,13.3429002761841,13.262149810791,13.3149003982544,0,13.3149003982544,"Mexico"
2014-02-13,13.3134002685547,13.3870000839233,13.2449998855591,13.2559995651245,0,13.2559995651245,"Mexico"
2014-02-14,13.2562503814697,13.2952995300293,13.2175998687744,13.2337102890015,0,13.2337102890015,"Mexico"
2014-02-17,13.2200803756714,13.2461996078491,13.1820001602173,13.1928100585938,0,13.1928100585938,"Mexico"
2014-02-18,13.1928100585938,13.2453002929688,13.1870002746582,13.2372999191284,0,13.2372999191284,"Mexico"
2014-02-19,13.2348804473877,13.3372001647949,13.2259998321533,13.3215599060059,0,13.3215599060059,"Mexico"
2014-02-20,13.3209800720215,13.3663997650146,13.2629995346069,13.2735996246338,0,13.2735996246338,"Mexico"
2014-02-21,13.2716197967529,13.3163995742798,13.247799873352,13.2574596405029,0,13.2574596405029,"Mexico"
2014-02-24,13.2441902160645,13.291600227356,13.1920003890991,13.2485799789429,0,13.2485799789429,"Mexico"
2014-02-25,13.2470197677612,13.2747602462769,13.1990995407104,13.2220001220703,0,13.2220001220703,"Mexico"
2014-02-26,13.2212200164795,13.3571996688843,13.2189998626709,13.3398599624634,0,13.3398599624634,"Mexico"
2014-02-27,13.3404998779297,13.3641901016235,13.2496004104614,13.2501001358032,0,13.2501001358032,"Mexico"
2014-02-28,13.2502002716064,13.2952003479004,13.2151002883911,13.2443799972534,0,13.2443799972534,"Mexico"
2014-03-03,13.2980003356934,13.3472995758057,13.2704496383667,13.3066902160645,0,13.3066902160645,"Mexico"
2014-03-04,13.306679725647,13.3234996795654,13.2548599243164,13.2751398086548,0,13.2751398086548,"Mexico"
2014-03-05,13.2707195281982,13.2814998626709,13.2304000854492,13.2372999191284,0,13.2372999191284,"Mexico"
2014-03-06,13.2354001998901,13.2418003082275,13.1252002716064,13.1494798660278,0,13.1494798660278,"Mexico"
2014-03-07,13.1484003067017,13.2160997390747,13.1091995239258,13.1796598434448,0,13.1796598434448,"Mexico"
2014-03-10,13.1941995620728,13.2385997772217,13.1759996414185,13.2104997634888,0,13.2104997634888,"Mexico"
2014-03-11,13.2104997634888,13.2945003509521,13.206000328064,13.2843999862671,0,13.2843999862671,"Mexico"
2014-03-12,13.2848901748657,13.3140001296997,13.2349996566772,13.2398996353149,0,13.2398996353149,"Mexico"
2014-03-13,13.2395401000977,13.2958002090454,13.1808996200562,13.28590965271,0,13.28590965271,"Mexico"
2014-03-14,13.2857503890991,13.3059797286987,13.1949996948242,13.2019500732422,0,13.2019500732422,"Mexico"
2014-03-17,13.2236003875732,13.2391595840454,13.1339998245239,13.1573400497437,0,13.1573400497437,"Mexico"
2014-03-18,13.1570596694946,13.2095699310303,13.1450004577637,13.1474704742432,0,13.1474704742432,"Mexico"
2014-03-19,13.1484298706055,13.2930002212524,13.1464195251465,13.2847995758057,0,13.2847995758057,"Mexico"
2014-03-20,13.2850503921509,13.3211002349854,13.2351999282837,13.2513904571533,0,13.2513904571533,"Mexico"
2014-03-21,13.2513904571533,13.2735004425049,13.2011003494263,13.2286901473999,0,13.2286901473999,"Mexico"
2014-03-24,13.2286996841431,13.2351999282837,13.1736001968384,13.1817998886108,0,13.1817998886108,"Mexico"
2014-03-25,13.1817998886108,13.1935997009277,13.1080598831177,13.1139097213745,0,13.1139097213745,"Mexico"
2014-03-26,13.1136102676392,13.1427001953125,13.0963001251221,13.1214799880981,0,13.1214799880981,"Mexico"
2014-03-27,13.1223201751709,13.1462001800537,13.056300163269,13.0601997375488,0,13.0601997375488,"Mexico"
2014-03-28,13.0610504150391,13.0935001373291,13.0472002029419,13.0669803619385,0,13.0669803619385,"Mexico"
2014-03-30,13.0579099655151,13.0834999084473,13.0349998474121,13.0477104187012,0,13.0477104187012,"Mexico"
2014-03-31,13.0599699020386,13.0747995376587,13.0190000534058,13.0501203536987,0,13.0501203536987,"Mexico"
2014-04-01,13.0507802963257,13.1116504669189,13.040599822998,13.088210105896,0,13.088210105896,"Mexico"
2014-04-02,13.0891304016113,13.1389999389648,13.0868997573853,13.1189403533936,0,13.1189403533936,"Mexico"
2014-04-03,13.1191301345825,13.1233997344971,12.9969997406006,13,0,13,"Mexico"
2014-04-06,13,13.0538902282715,12.9829998016357,13.0066404342651,0,13.0066404342651,"Mexico"
2014-04-07,13.0060997009277,13.0697402954102,12.9409999847412,13.0687303543091,0,13.0687303543091,"Mexico"
2014-04-08,13.0678997039795,13.0897998809814,12.9443998336792,12.9853000640869,0,12.9853000640869,"Mexico"
2014-04-09,12.998330116272,13.0632801055908,12.9670000076294,13.059100151062,0,13.059100151062,"Mexico"
2014-04-10,13.0434999465942,13.1191997528076,13.0220003128052,13.036919593811,0,13.036919593811,"Mexico"
2014-04-13,13.0605297088623,13.095700263977,13,13.0184803009033,0,13.0184803009033,"Mexico"
2014-04-14,13.0211601257324,13.1209001541138,13.0190000534058,13.0916204452515,0,13.0916204452515,"Mexico"
2014-04-15,13.1014995574951,13.1014995574951,13.0331001281738,13.0569200515747,0,13.0569200515747,"Mexico"
2014-04-16,13.0491695404053,13.0795001983643,13.0361995697021,13.0420999526978,0,13.0420999526978,"Mexico"
2014-04-17,13.0420999526978,13.0581302642822,13.033109664917,13.0409898757935,0,13.0409898757935,"Mexico"
2014-04-20,13.0451002120972,13.0769996643066,13,13.0204296112061,0,13.0204296112061,"Mexico"
2014-04-21,13.0213003158569,13.0670003890991,13.0189599990845,13.0516796112061,0,13.0516796112061,"Mexico"
2014-04-22,13.0503902435303,13.1070003509521,13.0485496520996,13.0656995773315,0,13.0656995773315,"Mexico"
2014-04-23,13.0656995773315,13.1235704421997,13.0609998703003,13.0928401947021,0,13.0928401947021,"Mexico"
2014-04-24,13.0944004058838,13.1487998962402,13.087010383606,13.1277799606323,0,13.1277799606323,"Mexico"
2014-04-27,13.128270149231,13.1506996154785,13.1040000915527,13.1190595626831,0,13.1190595626831,"Mexico"
2014-04-28,13.1198997497559,13.1268997192383,13.0719995498657,13.104700088501,0,13.104700088501,"Mexico"
2014-04-29,13.1030902862549,13.1105003356934,13.0584697723389,13.0747804641724,0,13.0747804641724,"Mexico"
2014-04-30,13.0780000686646,13.0883102416992,13.0356702804565,13.0390396118164,0,13.0390396118164,"Mexico"
2014-05-01,13.037389755249,13.0628499984741,12.9680004119873,13.0112400054932,0,13.0112400054932,"Mexico"
2014-05-04,12.9893503189087,13.0562000274658,12.9892997741699,13.0443000793457,0,13.0443000793457,"Mexico"
2014-05-05,13.0422697067261,13.0509996414185,12.9829998016357,13.0274295806885,0,13.0274295806885,"Mexico"
2014-05-06,13.0320196151733,13.0444002151489,12.9569997787476,12.9644899368286,0,12.9644899368286,"Mexico"
2014-05-07,12.9641399383545,12.967080116272,12.9156999588013,12.9428596496582,0,12.9428596496582,"Mexico"
2014-05-08,12.944299697876,13.0049495697021,12.9383001327515,12.9420900344849,0,12.9420900344849,"Mexico"
2014-05-11,12.9476499557495,12.9703998565674,12.9317798614502,12.9490098953247,0,12.9490098953247,"Mexico"
2014-05-12,12.9504404067993,12.9569997787476,12.9020004272461,12.9054498672485,0,12.9054498672485,"Mexico"
2014-05-13,12.9061002731323,12.9365997314453,12.8680000305176,12.891300201416,0,12.891300201416,"Mexico"
2014-05-14,12.8912401199341,12.99880027771,12.8900003433228,12.9539499282837,0,12.9539499282837,"Mexico"
2014-05-15,12.9549999237061,12.9770603179932,12.8889999389648,12.8889999389648,0,12.8889999389648,"Mexico"
2014-05-18,12.897910118103,12.9340000152588,12.8733997344971,12.8964004516602,0,12.8964004516602,"Mexico"
2014-05-19,12.8964004516602,12.9652996063232,12.8816003799438,12.9119396209717,0,12.9119396209717,"Mexico"
2014-05-20,12.912070274353,12.9354000091553,12.8979997634888,12.9218196868896,0,12.9218196868896,"Mexico"
2014-05-21,12.9172296524048,12.9393997192383,12.871000289917,12.8742399215698,0,12.8742399215698,"Mexico"
2014-05-22,12.8774003982544,12.8970003128052,12.8467397689819,12.8522100448608,0,12.8522100448608,"Mexico"
2014-05-25,12.8576602935791,12.8733701705933,12.8509998321533,12.8677997589111,0,12.8677997589111,"Mexico"
2014-05-26,12.8636102676392,12.8989000320435,12.8501501083374,12.8568000793457,0,12.8568000793457,"Mexico"
2014-05-27,12.857159614563,12.8866996765137,12.8519697189331,12.865309715271,0,12.865309715271,"Mexico"
2014-05-28,12.8734998703003,12.8752002716064,12.8259000778198,12.8372001647949,0,12.8372001647949,"Mexico"
2014-05-29,12.8320198059082,12.8709001541138,12.8280000686646,12.8556699752808,0,12.8556699752808,"Mexico"
2014-06-01,12.852780342102,12.9253997802734,12.8520002365112,12.9097003936768,0,12.9097003936768,"Mexico"
2014-06-02,12.9052801132202,12.9723997116089,12.8900003433228,12.9387102127075,0,12.9387102127075,"Mexico"
2014-06-03,12.9399003982544,12.9686002731323,12.9178695678711,12.9240503311157,0,12.9240503311157,"Mexico"
2014-06-04,12.9216003417969,12.9348001480103,12.8591604232788,12.8628597259521,0,12.8628597259521,"Mexico"
2014-06-05,12.8641195297241,12.9312000274658,12.8199996948242,12.9255800247192,0,12.9255800247192,"Mexico"
2014-06-08,12.9174203872681,13.0354995727539,12.8940000534058,13.0165004730225,0,13.0165004730225,"Mexico"
2014-06-09,13.0207500457764,13.0701503753662,13.0094499588013,13.0192003250122,0,13.0192003250122,"Mexico"
2014-06-10,13.019700050354,13.0629997253418,13,13.0031499862671,0,13.0031499862671,"Mexico"
2014-06-11,13.003399848938,13.0279998779297,12.960000038147,12.9762601852417,0,12.9762601852417,"Mexico"
2014-06-12,12.980899810791,13.0377197265625,12.9805898666382,13.0118999481201,0,13.0118999481201,"Mexico"
2014-06-15,13.0053701400757,13.0487003326416,13.0023498535156,13.0414199829102,0,13.0414199829102,"Mexico"
2014-06-16,13.0450897216797,13.1177997589111,13.0296001434326,13.109299659729,0,13.109299659729,"Mexico"
2014-06-17,13.1060695648193,13.1169004440308,12.9679002761841,12.9863901138306,0,12.9863901138306,"Mexico"
2014-06-18,12.9863996505737,13.0277004241943,12.9661998748779,13.0207996368408,0,13.0207996368408,"Mexico"
2014-06-19,13.0207004547119,13.0368995666504,12.9807500839233,12.9838199615479,0,12.9838199615479,"Mexico"
2014-06-22,12.9797401428223,13.0345697402954,12.9722995758057,13.0311002731323,0,13.0311002731323,"Mexico"
2014-06-23,13.0257797241211,13.0694999694824,13.0023498535156,13.0589199066162,0,13.0589199066162,"Mexico"
2014-06-24,13.0657997131348,13.0691995620728,12.9951000213623,13.002200126648,0,13.002200126648,"Mexico"
2014-06-25,13.0069999694824,13.0502500534058,13.0048503875732,13.0119104385376,0,13.0119104385376,"Mexico"
2014-06-26,13.0207996368408,13.0216999053955,12.9547901153564,12.9559097290039,0,12.9559097290039,"Mexico"
2014-06-29,12.9717798233032,13,12.960000038147,12.9703197479248,0,12.9703197479248,"Mexico"
2014-06-30,12.9804401397705,12.987099647522,12.9315996170044,12.9390001296997,0,12.9390001296997,"Mexico"
2014-07-01,12.9362001419067,13.007399559021,12.9340000152588,12.9879302978516,0,12.9879302978516,"Mexico"
2014-07-02,12.988169670105,13.0447998046875,12.9441299438477,12.9547996520996,0,12.9547996520996,"Mexico"
2014-07-03,12.9549903869629,12.9821996688843,12.9546899795532,12.9700002670288,0,12.9700002670288,"Mexico"
2014-07-06,12.9707098007202,13.0239000320435,12.9673204421997,13.0159902572632,0,13.0159902572632,"Mexico"
2014-07-07,13.0163898468018,13.0233001708984,12.9771995544434,12.9831800460815,0,12.9831800460815,"Mexico"
2014-07-08,12.9849004745483,13.0062999725342,12.9589996337891,12.9675998687744,0,12.9675998687744,"Mexico"
2014-07-09,12.9629001617432,13.0353002548218,12.9612998962402,12.9905595779419,0,12.9905595779419,"Mexico"
2014-07-10,12.9927997589111,13.0066003799438,12.9750003814697,12.9750003814697,0,12.9750003814697,"Mexico"
2014-07-13,12.9860000610352,13,12.944899559021,12.944899559021,0,12.944899559021,"Mexico"
2014-07-14,12.9451198577881,12.976900100708,12.9349002838135,12.942629814148,0,12.942629814148,"Mexico"
2014-07-15,12.9401998519897,12.9569997787476,12.9020004272461,12.9247999191284,0,12.9247999191284,"Mexico"
2014-07-16,12.9150104522705,13.0083999633789,12.9090003967285,12.9947996139526,0,12.9947996139526,"Mexico"
2014-07-17,12.9895000457764,12.9953002929688,12.9425802230835,12.9425802230835,0,12.9425802230835,"Mexico"
2014-07-20,12.9610395431519,12.9814395904541,12.9519996643066,12.9679098129272,0,12.9679098129272,"Mexico"
2014-07-21,12.9723997116089,12.979100227356,12.9259996414185,12.9350004196167,0,12.9350004196167,"Mexico"
2014-07-22,12.9360504150391,12.939450263977,12.914999961853,12.9287395477295,0,12.9287395477295,"Mexico"
2014-07-23,12.937219619751,12.9653997421265,12.9264001846313,12.9542999267578,0,12.9542999267578,"Mexico"
2014-07-24,12.9539804458618,12.9686002731323,12.9336500167847,12.9415702819824,0,12.9415702819824,"Mexico"
2014-07-27,12.940299987793,13.0051002502441,12.9370002746582,13,0,13,"Mexico"
2014-07-28,13,13.0768003463745,12.9989004135132,13.0629997253418,0,13.0629997253418,"Mexico"
2014-07-29,13.0692701339722,13.1803998947144,13.0620002746582,13.1555995941162,0,13.1555995941162,"Mexico"
2014-07-30,13.1550998687744,13.2459001541138,13.1527996063232,13.2228002548218,0,13.2228002548218,"Mexico"
2014-07-31,13.224479675293,13.2615995407104,13.1533498764038,13.1758003234863,0,13.1758003234863,"Mexico"
2014-08-03,13.2003002166748,13.2173900604248,13.1719999313354,13.1903600692749,0,13.1903600692749,"Mexico"
2014-08-04,13.1907997131348,13.2993001937866,13.1709995269775,13.2971200942993,0,13.2971200942993,"Mexico"
2014-08-05,13.2986001968384,13.332799911499,13.2295398712158,13.246789932251,0,13.246789932251,"Mexico"
2014-08-06,13.2536602020264,13.3022003173828,13.2180004119873,13.2812004089355,0,13.2812004089355,"Mexico"
2014-08-07,13.2815799713135,13.3156003952026,13.2222003936768,13.2448101043701,0,13.2448101043701,"Mexico"
2014-08-10,13.2500896453857,13.2606000900269,13.1653900146484,13.1747903823853,0,13.1747903823853,"Mexico"
2014-08-11,13.1742296218872,13.2073001861572,13.1246004104614,13.1370496749878,0,13.1370496749878,"Mexico"
2014-08-12,13.1349496841431,13.1501998901367,13.0900001525879,13.1291704177856,0,13.1291704177856,"Mexico"
2014-08-13,13.1300802230835,13.1387996673584,13.0530004501343,13.0706996917725,0,13.0706996917725,"Mexico"
2014-08-14,13.0689001083374,13.1199998855591,13.0307197570801,13.0684499740601,0,13.0684499740601,"Mexico"
2014-08-17,13.0496597290039,13.0777997970581,13.0389995574951,13.0456304550171,0,13.0456304550171,"Mexico"
2014-08-18,13.0447702407837,13.06130027771,13.0319995880127,13.0479297637939,0,13.0479297637939,"Mexico"
2014-08-19,13.0459003448486,13.1361999511719,13.0419998168945,13.1303997039795,0,13.1303997039795,"Mexico"
2014-08-20,13.1326303482056,13.1417999267578,13.0790004730225,13.1103096008301,0,13.1103096008301,"Mexico"
2014-08-21,13.1061000823975,13.1503000259399,13.0950002670288,13.1350402832031,0,13.1350402832031,"Mexico"
2014-08-24,13.1415004730225,13.1548299789429,13.1099004745483,13.1487398147583,0,13.1487398147583,"Mexico"
2014-08-25,13.1625003814697,13.1633996963501,13.0869598388672,13.0894298553467,0,13.0894298553467,"Mexico"
2014-08-26,13.0893096923828,13.1010999679565,13.0604000091553,13.0830097198486,0,13.0830097198486,"Mexico"
2014-08-27,13.0852699279785,13.1284999847412,13.066499710083,13.0818700790405,0,13.0818700790405,"Mexico"
2014-08-28,13.084400177002,13.0995998382568,13.0419998168945,13.0794095993042,0,13.0794095993042,"Mexico"
2014-08-31,13.075400352478,13.0998001098633,13.0736904144287,13.0973997116089,0,13.0973997116089,"Mexico"
2014-09-01,13.0904998779297,13.1434001922607,13.0881004333496,13.1028995513916,0,13.1028995513916,"Mexico"
2014-09-02,13.1006698608398,13.1178598403931,13.0719995498657,13.1038999557495,0,13.1038999557495,"Mexico"
2014-09-03,13.1009998321533,13.1550998687744,13.0488996505737,13.1517000198364,0,13.1517000198364,"Mexico"
2014-09-04,13.1512298583984,13.1553001403809,13.0277996063232,13.0295495986938,0,13.0295495986938,"Mexico"
2014-09-07,13.0353002548218,13.1449003219604,13.0220003128052,13.1393995285034,0,13.1393995285034,"Mexico"
2014-09-08,13.1409597396851,13.2390003204346,13.1350002288818,13.2056798934937,0,13.2056798934937,"Mexico"
2014-09-09,13.2039003372192,13.2619695663452,13.1785001754761,13.1831998825073,0,13.1831998825073,"Mexico"
2014-09-10,13.1873998641968,13.2363996505737,13.1780004501343,13.2269802093506,0,13.2269802093506,"Mexico"
2014-09-11,13.228759765625,13.2936000823975,13.2194995880127,13.2537498474121,0,13.2537498474121,"Mexico"
2014-09-14,13.2445001602173,13.2796001434326,13.1929998397827,13.2448797225952,0,13.2448797225952,"Mexico"
2014-09-15,13.2462701797485,13.2559995651245,13.125,13.161060333252,0,13.161060333252,"Mexico"
2014-09-16,13.1675395965576,13.2615003585815,13.1459999084473,13.2615003585815,0,13.2615003585815,"Mexico"
2014-09-17,13.2603197097778,13.2687702178955,13.2069997787476,13.2381000518799,0,13.2381000518799,"Mexico"
2014-09-18,13.2329998016357,13.2574501037598,13.1831703186035,13.2053003311157,0,13.2053003311157,"Mexico"
2014-09-21,13.2087001800537,13.2895498275757,13.2067499160767,13.275899887085,0,13.275899887085,"Mexico"
2014-09-22,13.2690000534058,13.3191003799438,13.2299995422363,13.2958898544312,0,13.2958898544312,"Mexico"
2014-09-23,13.2958002090454,13.3243999481201,13.2670001983643,13.2800998687744,0,13.2800998687744,"Mexico"
2014-09-24,13.2884902954102,13.4019002914429,13.279899597168,13.3820600509644,0,13.3820600509644,"Mexico"
2014-09-25,13.3756999969482,13.4841003417969,13.3599996566772,13.4377002716064,0,13.4377002716064,"Mexico"
2014-09-28,13.4656295776367,13.5390300750732,13.4540004730225,13.4911203384399,0,13.4911203384399,"Mexico"
2014-09-29,13.4941596984863,13.5060997009277,13.4093999862671,13.4241199493408,0,13.4241199493408,"Mexico"
2014-09-30,13.4223003387451,13.4764995574951,13.4099998474121,13.4515695571899,0,13.4515695571899,"Mexico"
2014-10-01,13.4491195678711,13.4501495361328,13.3570003509521,13.3695602416992,0,13.3695602416992,"Mexico"
2014-10-02,13.3705997467041,13.506799697876,13.3678998947144,13.4849996566772,0,13.4849996566772,"Mexico"
2014-10-05,13.4600400924683,13.4600400924683,13.361780166626,13.3974199295044,0,13.3974199295044,"Mexico"
2014-10-06,13.4034004211426,13.4847002029419,13.3809995651245,13.4709901809692,0,13.4709901809692,"Mexico"
2014-10-07,13.4668598175049,13.5086002349854,13.3070001602173,13.341799736023,0,13.341799736023,"Mexico"
2014-10-08,13.3289003372192,13.4468002319336,13.2754497528076,13.4432802200317,0,13.4432802200317,"Mexico"
2014-10-09,13.433500289917,13.4822998046875,13.3788499832153,13.4725704193115,0,13.4725704193115,"Mexico"
2014-10-12,13.4629001617432,13.4764995574951,13.38733959198,13.4464902877808,0,13.4464902877808,"Mexico"
2014-10-13,13.4498901367188,13.4827995300293,13.3900003433228,13.4593000411987,0,13.4593000411987,"Mexico"
2014-10-14,13.4587001800537,13.6185998916626,13.4297504425049,13.5320796966553,0,13.5320796966553,"Mexico"
2014-10-15,13.5419998168945,13.6680002212524,13.5145998001099,13.5492696762085,0,13.5492696762085,"Mexico"
2014-10-16,13.5469999313354,13.569299697876,13.4840002059937,13.5100002288818,0,13.5100002288818,"Mexico"
2014-10-19,13.5354604721069,13.5525999069214,13.503999710083,13.5525999069214,0,13.5525999069214,"Mexico"
2014-10-20,13.5539999008179,13.5615997314453,13.4778003692627,13.5465202331543,0,13.5465202331543,"Mexico"
2014-10-21,13.5438995361328,13.5654497146606,13.5209999084473,13.5508003234863,0,13.5508003234863,"Mexico"
2014-10-22,13.5521697998047,13.569899559021,13.4969997406006,13.5514001846313,0,13.5514001846313,"Mexico"
2014-10-23,13.5520696640015,13.5715999603271,13.5176000595093,13.5547704696655,0,13.5547704696655,"Mexico"
2014-10-27,13.5616502761841,13.6278600692749,13.5368003845215,13.5479602813721,0,13.5479602813721,"Mexico"
2014-10-28,13.5509996414185,13.5572996139526,13.4289999008179,13.4310503005981,0,13.4310503005981,"Mexico"
2014-10-29,13.4323997497559,13.5089998245239,13.393500328064,13.4983997344971,0,13.4983997344971,"Mexico"
2014-10-30,13.4961595535278,13.5096998214722,13.4209995269775,13.4301700592041,0,13.4301700592041,"Mexico"
2014-10-31,13.4338998794556,13.4955997467041,13.4010000228882,13.4766302108765,0,13.4766302108765,"Mexico"
2014-11-03,13.4798898696899,13.6103000640869,13.456000328064,13.6042003631592,0,13.6042003631592,"Mexico"
2014-11-04,13.6044797897339,13.6778001785278,13.5450000762939,13.5500898361206,0,13.5500898361206,"Mexico"
2014-11-05,13.5500402450562,13.6527004241943,13.5500402450562,13.5739498138428,0,13.5739498138428,"Mexico"
2014-11-06,13.5754995346069,13.6500301361084,13.5580101013184,13.6381196975708,0,13.6381196975708,"Mexico"
2014-11-07,13.6378803253174,13.6498804092407,13.5086002349854,13.535590171814,0,13.535590171814,"Mexico"
2014-11-10,13.5265197753906,13.6153497695923,13.5059995651245,13.5994300842285,0,13.5994300842285,"Mexico"
2014-11-11,13.6000003814697,13.6367998123169,13.5738000869751,13.5993900299072,0,13.5993900299072,"Mexico"
2014-11-12,13.5996904373169,13.6135902404785,13.5500001907349,13.5528898239136,0,13.5528898239136,"Mexico"
2014-11-13,13.5544300079346,13.6381998062134,13.548999786377,13.6068000793457,0,13.6068000793457,"Mexico"
2014-11-14,13.6070003509521,13.6349000930786,13.4960498809814,13.5314197540283,0,13.5314197540283,"Mexico"
2014-11-17,13.5308799743652,13.5987997055054,13.5220003128052,13.5829200744629,0,13.5829200744629,"Mexico"
2014-11-18,13.5818700790405,13.5848903656006,13.5302000045776,13.5648803710938,0,13.5648803710938,"Mexico"
2014-11-19,13.5649995803833,13.6434297561646,13.5509996414185,13.6309003829956,0,13.6309003829956,"Mexico"
2014-11-20,13.628999710083,13.6588001251221,13.5799398422241,13.6558599472046,0,13.6558599472046,"Mexico"
2014-11-21,13.6557102203369,13.6682996749878,13.5959997177124,13.61083984375,0,13.61083984375,"Mexico"
2014-11-24,13.6269998550415,13.6612596511841,13.6020002365112,13.6583995819092,0,13.6583995819092,"Mexico"
2014-11-25,13.6565999984741,13.6828002929688,13.625599861145,13.6732997894287,0,13.6732997894287,"Mexico"
2014-11-26,13.6746997833252,13.7620096206665,13.654299736023,13.7250900268555,0,13.7250900268555,"Mexico"
2014-11-27,13.7250995635986,13.7848997116089,13.6988000869751,13.760479927063,0,13.760479927063,"Mexico"
2014-11-28,13.7597198486328,13.9575004577637,13.7597198486328,13.9222803115845,0,13.9222803115845,"Mexico"
2014-12-01,13.9373903274536,13.9931001663208,13.871000289917,13.9770002365112,0,13.9770002365112,"Mexico"
2014-12-02,13.9764003753662,14.1337995529175,13.970100402832,14.101770401001,0,14.101770401001,"Mexico"
2014-12-03,14.1006898880005,14.1319999694824,14.0640001296997,14.1005001068115,0,14.1005001068115,"Mexico"
2014-12-04,14.1021003723145,14.1658601760864,14.0799999237061,14.1483898162842,0,14.1483898162842,"Mexico"
2014-12-05,14.1510000228882,14.4521999359131,14.1409997940063,14.348690032959,0,14.348690032959,"Mexico"
2014-12-08,14.3641996383667,14.4523000717163,14.2889003753662,14.3801603317261,0,14.3801603317261,"Mexico"
2014-12-09,14.3792400360107,14.4294996261597,14.3426303863525,14.4292898178101,0,14.4292898178101,"Mexico"
2014-12-10,14.4293804168701,14.5721998214722,14.3900604248047,14.5559997558594,0,14.5559997558594,"Mexico"
2014-12-11,14.5494203567505,14.8116998672485,14.4899997711182,14.7751798629761,0,14.7751798629761,"Mexico"
2014-12-12,14.7707996368408,14.9377002716064,14.6540002822876,14.7578296661377,0,14.7578296661377,"Mexico"
2014-12-15,14.7549295425415,14.8190803527832,14.6989097595215,14.7152900695801,0,14.7152900695801,"Mexico"
2014-12-16,14.7122001647949,14.8683300018311,14.6740999221802,14.7492599487305,0,14.7492599487305,"Mexico"
2014-12-17,14.7475299835205,14.7896995544434,14.371000289917,14.5847301483154,0,14.5847301483154,"Mexico"
2014-12-18,14.5830001831055,14.5987997055054,14.4463996887207,14.5491600036621,0,14.5491600036621,"Mexico"
2014-12-19,14.5446300506592,14.7005996704102,14.5058498382568,14.5795097351074,0,14.5795097351074,"Mexico"
2014-12-22,14.586199760437,14.6743803024292,14.5530004501343,14.6708898544312,0,14.6708898544312,"Mexico"
2014-12-23,14.6708898544312,14.7904996871948,14.628999710083,14.7497100830078,0,14.7497100830078,"Mexico"
2014-12-24,14.7482004165649,14.7893695831299,14.6893997192383,14.6993799209595,0,14.6993799209595,"Mexico"
2014-12-25,14.6993799209595,14.73464012146,14.6993799209595,14.733699798584,0,14.733699798584,"Mexico"
2014-12-26,14.734450340271,14.7390003204346,14.6670503616333,14.6977996826172,0,14.6977996826172,"Mexico"
2014-12-29,14.7126398086548,14.7840003967285,14.6759996414185,14.782190322876,0,14.782190322876,"Mexico"
2014-12-30,14.782190322876,14.7980003356934,14.7193002700806,14.7400903701782,0,14.7400903701782,"Mexico"
2014-12-31,14.7372598648071,14.7678003311157,14.6935195922852,14.732159614563,0,14.732159614563,"Mexico"
2015-01-01,14.732159614563,14.7579002380371,14.6800003051758,14.7527904510498,0,14.7527904510498,"Mexico"
2015-01-02,14.7527904510498,14.8629999160767,14.7527904510498,14.8204298019409,0,14.8204298019409,"Mexico"
2015-01-05,14.8436002731323,14.9825000762939,14.8249597549438,14.9394197463989,0,14.9394197463989,"Mexico"
2015-01-06,14.937840461731,14.9896697998047,14.8179998397827,14.8946695327759,0,14.8946695327759,"Mexico"
2015-01-07,14.8946895599365,14.913800239563,14.697790145874,14.7102003097534,0,14.7102003097534,"Mexico"
2015-01-08,14.709620475769,14.7393999099731,14.5987997055054,14.6617002487183,0,14.6617002487183,"Mexico"
2015-01-09,14.6590003967285,14.7048997879028,14.5520000457764,14.593879699707,0,14.593879699707,"Mexico"
2015-01-12,14.5707597732544,14.6733198165894,14.5604000091553,14.6479997634888,0,14.6479997634888,"Mexico"
2015-01-13,14.6490001678467,14.6757898330688,14.5389995574951,14.6040000915527,0,14.6040000915527,"Mexico"
2015-01-14,14.6049995422363,14.7063798904419,14.4772300720215,14.4851999282837,0,14.4851999282837,"Mexico"
2015-01-15,14.4855003356934,14.6794900894165,14.4356002807617,14.6569995880127,0,14.6569995880127,"Mexico"
2015-01-16,14.6568698883057,14.6962995529175,14.5477800369263,14.5477800369263,0,14.5477800369263,"Mexico"
2015-01-19,14.5624399185181,14.6690998077393,14.5572004318237,14.6354598999023,0,14.6354598999023,"Mexico"
2015-01-20,14.6354904174805,14.6687002182007,14.5839004516602,14.650369644165,0,14.650369644165,"Mexico"
2015-01-21,14.6513500213623,14.7931003570557,14.5963001251221,14.7580003738403,0,14.7580003738403,"Mexico"
2015-01-22,14.7580003738403,14.7800703048706,14.581000328064,14.6026296615601,0,14.6026296615601,"Mexico"
2015-01-23,14.6040000915527,14.733980178833,14.6025800704956,14.6487903594971,0,14.6487903594971,"Mexico"
2015-01-26,14.680700302124,14.6927995681763,14.5518503189087,14.5740995407104,0,14.5740995407104,"Mexico"
2015-01-27,14.5746002197266,14.645299911499,14.5507001876831,14.6176900863647,0,14.6176900863647,"Mexico"
2015-01-28,14.6171398162842,14.7570495605469,14.6129398345947,14.7279996871948,0,14.7279996871948,"Mexico"
2015-01-29,14.727029800415,14.8943996429443,14.7189998626709,14.7849502563477,0,14.7849502563477,"Mexico"
2015-01-30,14.7790002822876,15.0564498901367,14.7590999603271,14.9617700576782,0,14.9617700576782,"Mexico"
2015-02-02,14.9519996643066,14.9811000823975,14.8492002487183,14.8588800430298,0,14.8588800430298,"Mexico"
2015-02-03,14.8588800430298,14.9045495986938,14.6429996490479,14.6758899688721,0,14.6758899688721,"Mexico"
2015-02-04,14.6759996414185,14.9061498641968,14.6300001144409,14.8815298080444,0,14.8815298080444,"Mexico"
2015-02-05,14.8852996826172,14.9133195877075,14.7340002059937,14.7916898727417,0,14.7916898727417,"Mexico"
2015-02-06,14.7913904190063,14.9525995254517,14.7278003692627,14.8329200744629,0,14.8329200744629,"Mexico"
2015-02-09,14.8500995635986,14.8674001693726,14.7790002822876,14.809700012207,0,14.809700012207,"Mexico"
2015-02-10,14.8111600875854,14.9877004623413,14.7898998260498,14.9459495544434,0,14.9459495544434,"Mexico"
2015-02-11,14.9462900161743,15.1475296020508,14.9230003356934,15.0690002441406,0,15.0690002441406,"Mexico"
2015-02-12,15.0773696899414,15.0921497344971,14.8670997619629,14.9230003356934,0,14.9230003356934,"Mexico"
2015-02-13,14.9200000762939,15.0010299682617,14.8369998931885,14.8774795532227,0,14.8774795532227,"Mexico"
2015-02-16,14.8966903686523,14.9323501586914,14.8508996963501,14.9150896072388,0,14.9150896072388,"Mexico"
2015-02-17,14.9176397323608,14.9278602600098,14.8164501190186,14.9090003967285,0,14.9090003967285,"Mexico"
2015-02-18,14.9156999588013,14.9680004119873,14.8316602706909,14.8610000610352,0,14.8610000610352,"Mexico"
2015-02-19,14.8630504608154,15.0310001373291,14.8579998016357,15.0000801086426,0,15.0000801086426,"Mexico"
2015-02-20,14.9990396499634,15.0989999771118,14.9617900848389,15.0176601409912,0,15.0176601409912,"Mexico"
2015-02-23,15.040599822998,15.1311302185059,15.0260000228882,15.0927400588989,0,15.0927400588989,"Mexico"
2015-02-24,15.0913600921631,15.1483201980591,14.8716402053833,14.9219999313354,0,14.9219999313354,"Mexico"
2015-02-25,14.9298496246338,14.9416103363037,14.8730697631836,14.9319000244141,0,14.9319000244141,"Mexico"
2015-02-26,14.9357595443726,15.0172004699707,14.8187999725342,14.9833202362061,0,14.9833202362061,"Mexico"
2015-02-27,14.9867000579834,15.0381002426147,14.9072999954224,14.9402503967285,0,14.9402503967285,"Mexico"
2015-03-02,14.9406003952026,15.026370048523,14.9259996414185,15.0220003128052,0,15.0220003128052,"Mexico"
2015-03-03,15.0229997634888,15.0486001968384,14.9280004501343,14.9835996627808,0,14.9835996627808,"Mexico"
2015-03-04,14.9820003509521,15.1126003265381,14.9759998321533,15.0464000701904,0,15.0464000701904,"Mexico"
2015-03-05,15.046199798584,15.2572002410889,15.0275402069092,15.1861000061035,0,15.1861000061035,"Mexico"
2015-03-06,15.1868000030518,15.512749671936,15.1710996627808,15.4931402206421,0,15.4931402206421,"Mexico"
2015-03-09,15.4594497680664,15.5255498886108,15.4049997329712,15.491379737854,0,15.491379737854,"Mexico"
2015-03-10,15.4914102554321,15.6532897949219,15.4829998016357,15.6143703460693,0,15.6143703460693,"Mexico"
2015-03-11,15.6143703460693,15.6659498214722,15.4027996063232,15.4766998291016,0,15.4766998291016,"Mexico"
2015-03-12,15.4756898880005,15.4920501708984,15.3468503952026,15.3861799240112,0,15.3861799240112,"Mexico"
2015-03-13,15.3863201141357,15.5593996047974,15.3858404159546,15.4808502197266,0,15.4808502197266,"Mexico"
2015-03-16,15.4855604171753,15.5176000595093,15.3768997192383,15.4069595336914,0,15.4069595336914,"Mexico"
2015-03-17,15.4069595336914,15.4440498352051,15.3574104309082,15.3829498291016,0,15.3829498291016,"Mexico"
2015-03-18,15.383020401001,15.4415998458862,15.0150003433228,15.1135997772217,0,15.1135997772217,"Mexico"
2015-03-19,15.1139001846313,15.342869758606,15.0784397125244,15.2615203857422,0,15.2615203857422,"Mexico"
2015-03-20,15.2615203857422,15.2727403640747,14.977499961853,15.0525999069214,0,15.0525999069214,"Mexico"
2015-03-23,15.0427398681641,15.0736503601074,14.9137697219849,14.9232997894287,0,14.9232997894287,"Mexico"
2015-03-24,14.9227504730225,15,14.8669996261597,14.9447002410889,0,14.9447002410889,"Mexico"
2015-03-25,14.9450998306274,15.0003995895386,14.8640003204346,14.9940004348755,0,14.9940004348755,"Mexico"
2015-03-26,14.9974498748779,15.1674098968506,14.953519821167,15.1463003158569,0,15.1463003158569,"Mexico"
2015-03-27,15.1465196609497,15.2361001968384,15.0989999771118,15.2312698364258,0,15.2312698364258,"Mexico"
2015-03-29,15.2120895385742,15.2748498916626,15.1961002349854,15.2608995437622,0,15.2608995437622,"Mexico"
2015-03-30,15.2603998184204,15.3504495620728,15.2186002731323,15.2615003585815,0,15.2615003585815,"Mexico"
2015-03-31,15.2615003585815,15.2994003295898,15.0981998443604,15.1349000930786,0,15.1349000930786,"Mexico"
2015-04-01,15.1349601745605,15.1570901870728,14.9846000671387,15.0101003646851,0,15.0101003646851,"Mexico"
2015-04-02,15.0101003646851,15.0306997299194,14.7662000656128,14.8144903182983,0,14.8144903182983,"Mexico"
2015-04-05,14.808349609375,14.9351997375488,14.7574501037598,14.895299911499,0,14.895299911499,"Mexico"
2015-04-06,14.8937997817993,14.9495496749878,14.8599996566772,14.9172801971436,0,14.9172801971436,"Mexico"
2015-04-07,14.9174900054932,14.9542198181152,14.8347997665405,14.9105701446533,0,14.9105701446533,"Mexico"
2015-04-08,14.9102201461792,15.0980501174927,14.8700304031372,15.0755500793457,0,15.0755500793457,"Mexico"
2015-04-09,15.0748195648193,15.2319498062134,15.0679998397827,15.2220401763916,0,15.2220401763916,"Mexico"
2015-04-12,15.2185297012329,15.3998498916626,15.2132701873779,15.3847999572754,0,15.3847999572754,"Mexico"
2015-04-13,15.3852996826172,15.3908500671387,15.1979999542236,15.2614402770996,0,15.2614402770996,"Mexico"
2015-04-14,15.2611999511719,15.415280342102,15.2089996337891,15.2694997787476,0,15.2694997787476,"Mexico"
2015-04-15,15.275050163269,15.3145399093628,15.1155996322632,15.168999671936,0,15.168999671936,"Mexico"
2015-04-16,15.1710300445557,15.3786001205444,15.114649772644,15.3267402648926,0,15.3267402648926,"Mexico"
2015-04-19,15.3120002746582,15.4680500030518,15.2749996185303,15.4590997695923,0,15.4590997695923,"Mexico"
2015-04-20,15.4553298950195,15.4900302886963,15.3548002243042,15.4332103729248,0,15.4332103729248,"Mexico"
2015-04-21,15.4334602355957,15.4771995544434,15.3502902984619,15.4482402801514,0,15.4482402801514,"Mexico"
2015-04-22,15.4496002197266,15.48291015625,15.2896499633789,15.3372497558594,0,15.3372497558594,"Mexico"
2015-04-23,15.3378295898438,15.4399499893188,15.2950496673584,15.362790107727,0,15.362790107727,"Mexico"
2015-04-26,15.3880300521851,15.4289503097534,15.2901802062988,15.359580039978,0,15.359580039978,"Mexico"
2015-04-27,15.3614196777344,15.3891000747681,15.1895999908447,15.2609996795654,0,15.2609996795654,"Mexico"
2015-04-28,15.2573499679565,15.2993001937866,15.1424598693848,15.2321500778198,0,15.2321500778198,"Mexico"
2015-04-29,15.2270002365112,15.3999996185303,15.2124996185303,15.3426599502563,0,15.3426599502563,"Mexico"
2015-04-30,15.3424396514893,15.5903701782227,15.3294296264648,15.5488500595093,0,15.5488500595093,"Mexico"
2015-05-03,15.5502996444702,15.5780296325684,15.4286003112793,15.4598503112793,0,15.4598503112793,"Mexico"
2015-05-04,15.4610996246338,15.481499671936,15.273699760437,15.3525104522705,0,15.3525104522705,"Mexico"
2015-05-05,15.3528995513916,15.3655004501343,15.2449998855591,15.3536500930786,0,15.3536500930786,"Mexico"
2015-05-06,15.3562602996826,15.4343996047974,15.2739000320435,15.296950340271,0,15.296950340271,"Mexico"
2015-05-07,15.2991199493408,15.3212003707886,15.1090002059937,15.1164197921753,0,15.1164197921753,"Mexico"
2015-05-10,15.1256103515625,15.3613004684448,15.121000289917,15.3331003189087,0,15.3331003189087,"Mexico"
2015-05-11,15.3330497741699,15.4219999313354,15.2840003967285,15.3209295272827,0,15.3209295272827,"Mexico"
2015-05-12,15.3209495544434,15.3319997787476,15.1590003967285,15.2654495239258,0,15.2654495239258,"Mexico"
2015-05-13,15.268500328064,15.2911996841431,15.0769996643066,15.0915298461914,0,15.0915298461914,"Mexico"
2015-05-14,15.0923204421997,15.1457996368408,14.9874296188354,15.0005598068237,0,15.0005598068237,"Mexico"
2015-05-17,15.0065202713013,15.1453104019165,15.0049495697021,15.0930004119873,0,15.0930004119873,"Mexico"
2015-05-18,15.0944700241089,15.2267999649048,15.0738201141357,15.1964998245239,0,15.1964998245239,"Mexico"
2015-05-19,15.1971998214722,15.2434997558594,15.1267004013062,15.1925001144409,0,15.1925001144409,"Mexico"
2015-05-20,15.1899995803833,15.257550239563,15.1301698684692,15.2215003967285,0,15.2215003967285,"Mexico"
2015-05-21,15.2231998443604,15.3272199630737,15.1829996109009,15.2468204498291,0,15.2468204498291,"Mexico"
2015-05-24,15.2735300064087,15.2852602005005,15.2394304275513,15.2582502365112,0,15.2582502365112,"Mexico"
2015-05-25,15.2582502365112,15.343150138855,15.2411804199219,15.2819595336914,0,15.2819595336914,"Mexico"
2015-05-26,15.2822504043579,15.3996000289917,15.2506704330444,15.2929601669312,0,15.2929601669312,"Mexico"
2015-05-27,15.2945203781128,15.4070596694946,15.2799997329712,15.3113203048706,0,15.3113203048706,"Mexico"
2015-05-28,15.3108396530151,15.4385204315186,15.3090000152588,15.3736600875854,0,15.3736600875854,"Mexico"
2015-05-31,15.3967504501343,15.5343503952026,15.3726997375488,15.4757699966431,0,15.4757699966431,"Mexico"
2015-06-01,15.4752397537231,15.4969596862793,15.3859996795654,15.4322500228882,0,15.4322500228882,"Mexico"
2015-06-02,15.4330501556396,15.5394496917725,15.4140396118164,15.5227499008179,0,15.5227499008179,"Mexico"
2015-06-03,15.5236301422119,15.5852499008179,15.4949998855591,15.5369501113892,0,15.5369501113892,"Mexico"
2015-06-04,15.537449836731,15.7634000778198,15.5216999053955,15.7042398452759,0,15.7042398452759,"Mexico"
2015-06-07,15.7141599655151,15.759819984436,15.6076498031616,15.6315097808838,0,15.6315097808838,"Mexico"
2015-06-08,15.6308403015137,15.6579999923706,15.5322599411011,15.5733499526978,0,15.5733499526978,"Mexico"
2015-06-09,15.5733499526978,15.5978403091431,15.4029998779297,15.4738903045654,0,15.4738903045654,"Mexico"
2015-06-10,15.4729204177856,15.5570001602173,15.3441400527954,15.3634996414185,0,15.3634996414185,"Mexico"
2015-06-11,15.3612003326416,15.4499998092651,15.3430004119873,15.3955097198486,0,15.3955097198486,"Mexico"
2015-06-14,15.4001502990723,15.4569702148438,15.3990001678467,15.4372901916504,0,15.4372901916504,"Mexico"
2015-06-15,15.4370403289795,15.4638500213623,15.3786897659302,15.3879995346069,0,15.3879995346069,"Mexico"
2015-06-16,15.3893203735352,15.4321203231812,15.2459297180176,15.2559404373169,0,15.2559404373169,"Mexico"
2015-06-17,15.2595901489258,15.3699998855591,15.1671695709229,15.3313798904419,0,15.3313798904419,"Mexico"
2015-06-18,15.3311500549316,15.3697700500488,15.2770004272461,15.3413000106812,0,15.3413000106812,"Mexico"
2015-06-21,15.3430004119873,15.3546104431152,15.2807998657227,15.3451795578003,0,15.3451795578003,"Mexico"
2015-06-22,15.3450899124146,15.4357500076294,15.3168497085571,15.3951501846313,0,15.3951501846313,"Mexico"
2015-06-23,15.3940000534058,15.5067501068115,15.3579998016357,15.5067501068115,0,15.5067501068115,"Mexico"
2015-06-24,15.5062198638916,15.516900062561,15.4479999542236,15.4903001785278,0,15.4903001785278,"Mexico"
2015-06-25,15.4903202056885,15.589469909668,15.4828500747681,15.5500001907349,0,15.5500001907349,"Mexico"
2015-06-28,15.6620998382568,15.7102203369141,15.6120004653931,15.6834201812744,0,15.6834201812744,"Mexico"
2015-06-29,15.6879997253418,15.7353601455688,15.628999710083,15.711389541626,0,15.711389541626,"Mexico"
2015-06-30,15.7107000350952,15.8067998886108,15.7003498077393,15.7748603820801,0,15.7748603820801,"Mexico"
2015-07-01,15.7755098342896,15.8398199081421,15.6405296325684,15.6699495315552,0,15.6699495315552,"Mexico"
2015-07-02,15.669750213623,15.7479696273804,15.6527900695801,15.7156600952148,0,15.7156600952148,"Mexico"
2015-07-05,15.7959995269775,15.8599996566772,15.6990003585815,15.7204999923706,0,15.7204999923706,"Mexico"
2015-07-06,15.719220161438,15.8610601425171,15.7029495239258,15.8053703308105,0,15.8053703308105,"Mexico"
2015-07-07,15.8059997558594,15.8649597167969,15.7690000534058,15.8401203155518,0,15.8401203155518,"Mexico"
2015-07-08,15.8395500183105,15.8490695953369,15.7370004653931,15.8032102584839,0,15.8032102584839,"Mexico"
2015-07-09,15.8030004501343,15.8069000244141,15.6730003356934,15.7004804611206,0,15.7004804611206,"Mexico"
2015-07-12,15.7509698867798,15.805549621582,15.6921997070312,15.7322998046875,0,15.7322998046875,"Mexico"
2015-07-13,15.7320003509521,15.759539604187,15.6319999694824,15.66100025177,0,15.66100025177,"Mexico"
2015-07-14,15.662449836731,15.8038702011108,15.6350002288818,15.7959995269775,0,15.7959995269775,"Mexico"
2015-07-15,15.7969999313354,15.8474397659302,15.7719802856445,15.8257503509521,0,15.8257503509521,"Mexico"
2015-07-16,15.8243703842163,15.9282503128052,15.796199798584,15.9208297729492,0,15.9208297729492,"Mexico"
2015-07-19,15.9270801544189,16.0373992919922,15.8999996185303,16.0023994445801,0,16.0023994445801,"Mexico"
2015-07-20,16.0048999786377,16.0198497772217,15.9462299346924,16.0111999511719,0,16.0111999511719,"Mexico"
2015-07-21,16.0098495483398,16.1455898284912,15.9870004653931,16.1070003509521,0,16.1070003509521,"Mexico"
2015-07-22,16.1102504730225,16.2181491851807,16.0430603027344,16.2059803009033,0,16.2059803009033,"Mexico"
2015-07-23,16.2069492340088,16.2935009002686,16.1968593597412,16.2639999389648,0,16.2639999389648,"Mexico"
2015-07-26,16.2485694885254,16.3435497283936,16.2169990539551,16.2929992675781,0,16.2929992675781,"Mexico"
2015-07-27,16.2925090789795,16.3197994232178,16.212869644165,16.2790203094482,0,16.2790203094482,"Mexico"
2015-07-28,16.2800006866455,16.2971706390381,16.1688499450684,16.2826805114746,0,16.2826805114746,"Mexico"
2015-07-29,16.2825603485107,16.4857692718506,16.2129993438721,16.2599105834961,0,16.2599105834961,"Mexico"
2015-07-30,16.2603492736816,16.2934303283691,16.0130004882812,16.1049404144287,0,16.1049404144287,"Mexico"
2015-08-02,16.1182098388672,16.1836204528809,16.0750007629395,16.1765594482422,0,16.1765594482422,"Mexico"
2015-08-03,16.1765899658203,16.3010005950928,16.0986099243164,16.2913208007812,0,16.2913208007812,"Mexico"
2015-08-04,16.292350769043,16.3967208862305,16.2320003509521,16.3599090576172,0,16.3599090576172,"Mexico"
2015-08-05,16.3599395751953,16.4141101837158,16.300910949707,16.3198890686035,0,16.3198890686035,"Mexico"
2015-08-06,16.3221607208252,16.3528308868408,16.1175994873047,16.1509990692139,0,16.1509990692139,"Mexico"
2015-08-09,16.1685009002686,16.2754993438721,16.0966701507568,16.1706504821777,0,16.1706504821777,"Mexico"
2015-08-10,16.1656894683838,16.3647003173828,16.1550197601318,16.3072490692139,0,16.3072490692139,"Mexico"
2015-08-11,16.3069496154785,16.389949798584,16.1819591522217,16.250659942627,0,16.250659942627,"Mexico"
2015-08-12,16.25,16.4133205413818,16.2386703491211,16.3989601135254,0,16.3989601135254,"Mexico"
2015-08-13,16.3990001678467,16.4253597259521,16.3339996337891,16.3642406463623,0,16.3642406463623,"Mexico"
2015-08-16,16.3925495147705,16.4749794006348,16.3810005187988,16.4311408996582,0,16.4311408996582,"Mexico"
2015-08-17,16.4337196350098,16.4629096984863,16.3864593505859,16.4169998168945,0,16.4169998168945,"Mexico"
2015-08-18,16.4165000915527,16.6278991699219,16.3859996795654,16.5979995727539,0,16.5979995727539,"Mexico"
2015-08-19,16.6003608703613,16.8265991210938,16.5869998931885,16.7882499694824,0,16.7882499694824,"Mexico"
2015-08-20,16.7880001068115,16.9922504425049,16.7830009460449,16.9798793792725,0,16.9798793792725,"Mexico"
2015-08-23,17.0559997558594,17.2445507049561,17.011999130249,17.1643295288086,0,17.1643295288086,"Mexico"
2015-08-24,17.1642303466797,17.2878494262695,16.8971099853516,17.2745800018311,0,17.2745800018311,"Mexico"
2015-08-25,17.2791500091553,17.2998504638672,16.992000579834,17.0291900634766,0,17.0291900634766,"Mexico"
2015-08-26,17.0293197631836,17.0373802185059,16.78883934021,16.8724193572998,0,16.8724193572998,"Mexico"
2015-08-27,16.8806991577148,16.9443492889404,16.7029991149902,16.7473201751709,0,16.7473201751709,"Mexico"
2015-08-30,16.7665500640869,16.9090003967285,16.6643009185791,16.744779586792,0,16.744779586792,"Mexico"
2015-08-31,16.744800567627,16.9862594604492,16.742919921875,16.9540004730225,0,16.9540004730225,"Mexico"
2015-09-01,16.9547100067139,16.9773292541504,16.8072605133057,16.8586292266846,0,16.8586292266846,"Mexico"
2015-09-02,16.8586292266846,16.9414291381836,16.7409992218018,16.8022403717041,0,16.8022403717041,"Mexico"
2015-09-03,16.8022594451904,16.9488697052002,16.7835006713867,16.9321403503418,0,16.9321403503418,"Mexico"
2015-09-06,16.9201908111572,17.0091304779053,16.8930797576904,16.9649505615234,0,16.9649505615234,"Mexico"
2015-09-07,16.9654502868652,16.9812202453613,16.7549991607666,16.8220195770264,0,16.8220195770264,"Mexico"
2015-09-08,16.8225898742676,16.9648494720459,16.7244491577148,16.9545402526855,0,16.9545402526855,"Mexico"
2015-09-09,16.9624996185303,16.9895191192627,16.6976509094238,16.7508506774902,0,16.7508506774902,"Mexico"
2015-09-10,16.7492904663086,16.8610000610352,16.7236309051514,16.8283100128174,0,16.8283100128174,"Mexico"
2015-09-13,16.7893695831299,16.8563594818115,16.7127304077148,16.7199993133545,0,16.7199993133545,"Mexico"
2015-09-14,16.7146091461182,16.7855491638184,16.6573009490967,16.6941509246826,0,16.6941509246826,"Mexico"
2015-09-15,16.6870899200439,16.694450378418,16.5259494781494,16.5330905914307,0,16.5330905914307,"Mexico"
2015-09-16,16.5337295532227,16.609769821167,16.3736400604248,16.5896492004395,0,16.5896492004395,"Mexico"
2015-09-17,16.5895500183105,16.6652202606201,16.4277000427246,16.6452293395996,0,16.6452293395996,"Mexico"
2015-09-20,16.6219997406006,16.7530002593994,16.5566005706787,16.6504192352295,0,16.6504192352295,"Mexico"
2015-09-21,16.65625,16.9140090942383,16.6332607269287,16.8990001678467,0,16.8990001678467,"Mexico"
2015-09-22,16.895959854126,17.142599105835,16.8330001831055,17.1126804351807,0,17.1126804351807,"Mexico"
2015-09-23,17.1128692626953,17.3358001708984,16.8005104064941,16.866849899292,0,16.866849899292,"Mexico"
2015-09-24,16.861349105835,17.0189990997314,16.713399887085,16.9622192382812,0,16.9622192382812,"Mexico"
2015-09-27,16.9706001281738,17.1183395385742,16.9139995574951,17.0823402404785,0,17.0823402404785,"Mexico"
2015-09-28,17.0811805725098,17.1436996459961,16.9596290588379,17.010139465332,0,17.010139465332,"Mexico"
2015-09-29,17.0116500854492,17.0210494995117,16.8577003479004,16.9136390686035,0,16.9136390686035,"Mexico"
2015-09-30,16.9084892272949,16.9360008239746,16.7858009338379,16.9058208465576,0,16.9058208465576,"Mexico"
2015-10-01,16.9112396240234,17.0153503417969,16.7243499755859,16.7452793121338,0,16.7452793121338,"Mexico"
2015-10-04,16.7690906524658,16.7909603118896,16.5767803192139,16.7668590545654,0,16.7668590545654,"Mexico"
2015-10-05,16.7668304443359,16.8416500091553,16.631010055542,16.6452102661133,0,16.6452102661133,"Mexico"
2015-10-06,16.6458797454834,16.6689491271973,16.4997005462646,16.6380004882812,0,16.6380004882812,"Mexico"
2015-10-07,16.6334991455078,16.6867294311523,16.4308395385742,16.457649230957,0,16.457649230957,"Mexico"
2015-10-08,16.4493999481201,16.4780006408691,16.3759994506836,16.4088401794434,0,16.4088401794434,"Mexico"
2015-10-11,16.4078006744385,16.496639251709,16.385799407959,16.4630508422852,0,16.4630508422852,"Mexico"
2015-10-12,16.4643707275391,16.6585006713867,16.4578895568848,16.6421203613281,0,16.6421203613281,"Mexico"
2015-10-13,16.6459999084473,16.648229598999,16.4275894165039,16.4324398040771,0,16.4324398040771,"Mexico"
2015-10-14,16.4400005340576,16.4815101623535,16.3327198028564,16.3802108764648,0,16.3802108764648,"Mexico"
2015-10-15,16.3803405761719,16.499849319458,16.350170135498,16.4017601013184,0,16.4017601013184,"Mexico"
2015-10-18,16.3942794799805,16.5312004089355,16.3568992614746,16.4757709503174,0,16.4757709503174,"Mexico"
2015-10-19,16.476619720459,16.6112003326416,16.449520111084,16.5642204284668,0,16.5642204284668,"Mexico"
2015-10-20,16.5587692260742,16.7081604003906,16.548360824585,16.6499996185303,0,16.6499996185303,"Mexico"
2015-10-21,16.6478290557861,16.6525001525879,16.4619998931885,16.5101299285889,0,16.5101299285889,"Mexico"
2015-10-22,16.4939994812012,16.6121597290039,16.3878593444824,16.5721092224121,0,16.5721092224121,"Mexico"
2015-10-26,16.5580005645752,16.5902194976807,16.4750003814697,16.5195007324219,0,16.5195007324219,"Mexico"
2015-10-27,16.5228004455566,16.604549407959,16.5095596313477,16.5485496520996,0,16.5485496520996,"Mexico"
2015-10-28,16.5485496520996,16.6493301391602,16.4248504638672,16.6377906799316,0,16.6377906799316,"Mexico"
2015-10-29,16.6320896148682,16.6900997161865,16.5860004425049,16.6183109283447,0,16.6183109283447,"Mexico"
2015-10-30,16.6180000305176,16.6218490600586,16.4791507720947,16.4791507720947,0,16.4791507720947,"Mexico"
2015-11-02,16.4836101531982,16.5284004211426,16.4290008544922,16.4394798278809,0,16.4394798278809,"Mexico"
2015-11-03,16.4381008148193,16.5089092254639,16.3700008392334,16.3948001861572,0,16.3948001861572,"Mexico"
2015-11-04,16.3929996490479,16.5568008422852,16.3544006347656,16.5516490936279,0,16.5516490936279,"Mexico"
2015-11-05,16.5505599975586,16.625940322876,16.5092697143555,16.5966300964355,0,16.5966300964355,"Mexico"
2015-11-06,16.6049995422363,16.8759994506836,16.5923805236816,16.7798900604248,0,16.7798900604248,"Mexico"
2015-11-09,16.8058605194092,16.9139995574951,16.7560997009277,16.7595100402832,0,16.7595100402832,"Mexico"
2015-11-10,16.7595100402832,16.8449993133545,16.7189998626709,16.7550506591797,0,16.7550506591797,"Mexico"
2015-11-11,16.7565994262695,16.7623500823975,16.653980255127,16.7229995727539,0,16.7229995727539,"Mexico"
2015-11-12,16.7224006652832,16.8130493164062,16.6874008178711,16.7439994812012,0,16.7439994812012,"Mexico"
2015-11-13,16.7442607879639,16.7858009338379,16.6647796630859,16.6725006103516,0,16.6725006103516,"Mexico"
2015-11-16,16.7150001525879,16.8346004486084,16.6770000457764,16.7654495239258,0,16.7654495239258,"Mexico"
2015-11-17,16.761999130249,16.7975196838379,16.7099990844727,16.7167491912842,0,16.7167491912842,"Mexico"
2015-11-18,16.7212009429932,16.8010501861572,16.6933307647705,16.7250709533691,0,16.7250709533691,"Mexico"
2015-11-19,16.7304000854492,16.7304000854492,16.5535507202148,16.6303005218506,0,16.6303005218506,"Mexico"
2015-11-20,16.6259994506836,16.6560001373291,16.456600189209,16.5177993774414,0,16.5177993774414,"Mexico"
2015-11-23,16.5317802429199,16.6280097961426,16.4841499328613,16.5535793304443,0,16.5535793304443,"Mexico"
2015-11-24,16.556999206543,16.5629997253418,16.4387493133545,16.5235500335693,0,16.5235500335693,"Mexico"
2015-11-25,16.5281505584717,16.5826396942139,16.488000869751,16.5030403137207,0,16.5030403137207,"Mexico"
2015-11-26,16.5030403137207,16.5656299591064,16.4920291900635,16.5625495910645,0,16.5625495910645,"Mexico"
2015-11-27,16.5620193481445,16.6256504058838,16.5414009094238,16.6180400848389,0,16.6180400848389,"Mexico"
2015-11-30,16.6090793609619,16.6243305206299,16.5540008544922,16.5631999969482,0,16.5631999969482,"Mexico"
2015-12-01,16.5643997192383,16.5753803253174,16.4715995788574,16.5162506103516,0,16.5162506103516,"Mexico"
2015-12-02,16.5170001983643,16.6184005737305,16.5003604888916,16.5607604980469,0,16.5607604980469,"Mexico"
2015-12-03,16.5650005340576,16.7484798431396,16.5192909240723,16.7020702362061,0,16.7020702362061,"Mexico"
2015-12-04,16.699239730835,16.7651996612549,16.6061000823975,16.627290725708,0,16.627290725708,"Mexico"
2015-12-07,16.6653594970703,16.9699993133545,16.6608295440674,16.8840007781982,0,16.8840007781982,"Mexico"
2015-12-08,16.8798198699951,17.0668506622314,16.8775100708008,17.0109996795654,0,17.0109996795654,"Mexico"
2015-12-09,16.9950904846191,17.0942497253418,16.9224300384521,17.0845794677734,0,17.0845794677734,"Mexico"
2015-12-10,17.0913505554199,17.2124004364014,17.0290508270264,17.2040500640869,0,17.2040500640869,"Mexico"
2015-12-11,17.201000213623,17.4294109344482,17.1866493225098,17.3851699829102,0,17.3851699829102,"Mexico"
2015-12-14,17.3395805358887,17.4653205871582,17.289400100708,17.3080005645752,0,17.3080005645752,"Mexico"
2015-12-15,17.3120002746582,17.3445205688477,17.1000003814697,17.1055698394775,0,17.1055698394775,"Mexico"
2015-12-16,17.1019992828369,17.1871700286865,16.9013805389404,16.9989490509033,0,16.9989490509033,"Mexico"
2015-12-17,16.9962501525879,17.1511497497559,16.9260501861572,17.0384407043457,0,17.0384407043457,"Mexico"
2015-12-18,17.0384407043457,17.1348495483398,16.9619598388672,17.1132392883301,0,17.1132392883301,"Mexico"
2015-12-21,17.1017093658447,17.2206897735596,17.0315494537354,17.1439990997314,0,17.1439990997314,"Mexico"
2015-12-22,17.1443099975586,17.232250213623,17.0977802276611,17.1905708312988,0,17.1905708312988,"Mexico"
2015-12-23,17.1925506591797,17.2467708587646,17.1499996185303,17.2199096679688,0,17.2199096679688,"Mexico"
2015-12-24,17.2289009094238,17.3110694885254,17.2130508422852,17.2230396270752,0,17.2230396270752,"Mexico"
2015-12-25,17.2230396270752,17.2370891571045,17.2194499969482,17.2230396270752,0,17.2230396270752,"Mexico"
2015-12-28,17.2864894866943,17.3070697784424,17.2169494628906,17.2190494537354,0,17.2190494537354,"Mexico"
2015-12-29,17.2169094085693,17.2730598449707,17.1570301055908,17.2555503845215,0,17.2555503845215,"Mexico"
2015-12-30,17.2576503753662,17.3931007385254,17.2444496154785,17.3755493164062,0,17.3755493164062,"Mexico"
2015-12-31,17.3755493164062,17.4120006561279,17.1739406585693,17.2697601318359,0,17.2697601318359,"Mexico"
2016-01-01,17.2697601318359,17.2697601318359,17.2697601318359,17.2697601318359,0,17.2697601318359,"Mexico"
2016-01-04,17.2089996337891,17.3863506317139,17.2047290802002,17.288179397583,0,17.288179397583,"Mexico"
2016-01-05,17.2905502319336,17.3745899200439,17.2560005187988,17.32546043396,0,17.32546043396,"Mexico"
2016-01-06,17.3299999237061,17.555419921875,17.3237895965576,17.5289001464844,0,17.5289001464844,"Mexico"
2016-01-07,17.5308895111084,17.8391208648682,17.5096492767334,17.826789855957,0,17.826789855957,"Mexico"
2016-01-08,17.824800491333,17.9701194763184,17.711950302124,17.9262294769287,0,17.9262294769287,"Mexico"
2016-01-11,17.9729995727539,17.9992504119873,17.7837009429932,17.8910999298096,0,17.8910999298096,"Mexico"
2016-01-12,17.8929996490479,17.9728507995605,17.7278003692627,17.9021492004395,0,17.9021492004395,"Mexico"
2016-01-13,17.9027004241943,17.9506492614746,17.7639999389648,17.9459991455078,0,17.9459991455078,"Mexico"
2016-01-14,17.9474792480469,18.0095806121826,17.8449993133545,17.8509998321533,0,17.8509998321533,"Mexico"
2016-01-15,17.8500499725342,18.3226108551025,17.8494606018066,18.2484607696533,0,18.2484607696533,"Mexico"
2016-01-18,18.2880992889404,18.2980403900146,18.1560592651367,18.1936893463135,0,18.1936893463135,"Mexico"
2016-01-19,18.1962890625,18.2941608428955,18.0431499481201,18.2539691925049,0,18.2539691925049,"Mexico"
2016-01-20,18.2594604492188,18.6717491149902,18.259349822998,18.4750003814697,0,18.4750003814697,"Mexico"
2016-01-21,18.4750499725342,18.7893505096436,18.4258499145508,18.7089996337891,0,18.7089996337891,"Mexico"
2016-01-22,18.712610244751,18.7559509277344,18.3680000305176,18.4386806488037,0,18.4386806488037,"Mexico"
2016-01-25,18.4235801696777,18.6416702270508,18.4111404418945,18.6140003204346,0,18.6140003204346,"Mexico"
2016-01-26,18.6035995483398,18.6799507141113,18.392749786377,18.4484996795654,0,18.4484996795654,"Mexico"
2016-01-27,18.4466495513916,18.5429992675781,18.3515892028809,18.4529991149902,0,18.4529991149902,"Mexico"
2016-01-28,18.4519500732422,18.4690608978271,18.1965503692627,18.3435096740723,0,18.3435096740723,"Mexico"
2016-01-29,18.3419990539551,18.3488502502441,18.0992698669434,18.1054496765137,0,18.1054496765137,"Mexico"
2016-02-01,18.141450881958,18.4043502807617,18.1391506195068,18.2416801452637,0,18.2416801452637,"Mexico"
2016-02-02,18.2403297424316,18.5370998382568,18.2390003204346,18.4830493927002,0,18.4830493927002,"Mexico"
2016-02-03,18.4855194091797,18.6034202575684,18.1549491882324,18.1950702667236,0,18.1950702667236,"Mexico"
2016-02-04,18.2049503326416,18.3347492218018,18.0160007476807,18.2661399841309,0,18.2661399841309,"Mexico"
2016-02-05,18.2728500366211,18.4733505249023,18.1821804046631,18.4463291168213,0,18.4463291168213,"Mexico"
2016-02-08,18.4071998596191,18.7900009155273,18.3648490905762,18.650260925293,0,18.650260925293,"Mexico"
2016-02-09,18.650749206543,18.9276504516602,18.6330299377441,18.7892303466797,0,18.7892303466797,"Mexico"
2016-02-10,18.7892608642578,18.9385204315186,18.6335506439209,18.9160003662109,0,18.9160003662109,"Mexico"
2016-02-11,18.9146995544434,19.4162502288818,18.8959999084473,19.1405391693115,0,19.1405391693115,"Mexico"
2016-02-12,19.1422004699707,19.2268505096436,18.8725490570068,18.9032402038574,0,18.9032402038574,"Mexico"
2016-02-15,18.9090003967285,18.9657497406006,18.7843494415283,18.8509902954102,0,18.8509902954102,"Mexico"
2016-02-16,18.8478603363037,18.8893508911133,18.7150001525879,18.8785991668701,0,18.8785991668701,"Mexico"
2016-02-17,18.8785991668701,18.9454498291016,17.9828491210938,18.333589553833,0,18.333589553833,"Mexico"
2016-02-18,18.3344192504883,18.346019744873,18.0659999847412,18.2960090637207,0,18.2960090637207,"Mexico"
2016-02-19,18.2928600311279,18.3556709289551,18.1660003662109,18.2137508392334,0,18.2137508392334,"Mexico"
2016-02-22,18.2042503356934,18.2413997650146,18,18.0817108154297,0,18.0817108154297,"Mexico"
2016-02-23,18.0846691131592,18.2464504241943,18.0355491638184,18.2062492370605,0,18.2062492370605,"Mexico"
2016-02-24,18.2046909332275,18.3645000457764,18.1408405303955,18.178279876709,0,18.178279876709,"Mexico"
2016-02-25,18.1769104003906,18.2454605102539,18.068000793457,18.1280002593994,0,18.1280002593994,"Mexico"
2016-02-26,18.1254291534424,18.2853507995605,17.9968204498291,18.27659034729,0,18.27659034729,"Mexico"
2016-02-29,18.2820091247559,18.3152408599854,18.0405502319336,18.1384105682373,0,18.1384105682373,"Mexico"
2016-03-01,18.1402397155762,18.1693496704102,17.8530006408691,17.9039402008057,0,17.9039402008057,"Mexico"
2016-03-02,17.9095401763916,17.9741497039795,17.7887802124023,17.8482398986816,0,17.8482398986816,"Mexico"
2016-03-03,17.8476791381836,17.9916496276855,17.8106994628906,17.9377498626709,0,17.9377498626709,"Mexico"
2016-03-04,17.9377498626709,17.9659996032715,17.7261505126953,17.7590503692627,0,17.7590503692627,"Mexico"
2016-03-07,17.7674007415771,17.8785495758057,17.69700050354,17.7403507232666,0,17.7403507232666,"Mexico"
2016-03-08,17.7402191162109,17.9409198760986,17.7361507415771,17.9207191467285,0,17.9207191467285,"Mexico"
2016-03-09,17.9204502105713,17.9409999847412,17.7078990936279,17.7409992218018,0,17.7409992218018,"Mexico"
2016-03-10,17.7446804046631,17.9434299468994,17.6249504089355,17.8407096862793,0,17.8407096862793,"Mexico"
2016-03-11,17.84255027771,17.84255027771,17.6273002624512,17.696720123291,0,17.696720123291,"Mexico"
2016-03-14,17.6916408538818,17.8265495300293,17.6808700561523,17.7439994812012,0,17.7439994812012,"Mexico"
2016-03-15,17.7491207122803,17.9729995727539,17.7481708526611,17.8863105773926,0,17.8863105773926,"Mexico"
2016-03-16,17.8863906860352,17.981559753418,17.5869903564453,17.6143207550049,0,17.6143207550049,"Mexico"
2016-03-17,17.6107501983643,17.6213798522949,17.304220199585,17.3393497467041,0,17.3393497467041,"Mexico"
2016-03-18,17.3381195068359,17.4360198974609,17.2300395965576,17.3892593383789,0,17.3892593383789,"Mexico"
2016-03-21,17.4225902557373,17.4846801757812,17.3557205200195,17.4189395904541,0,17.4189395904541,"Mexico"
2016-03-22,17.4185695648193,17.5270004272461,17.3059997558594,17.3464698791504,0,17.3464698791504,"Mexico"
2016-03-23,17.3464908599854,17.5979595184326,17.3264408111572,17.5762405395508,0,17.5762405395508,"Mexico"
2016-03-24,17.5729999542236,17.6940002441406,17.5590000152588,17.5890407562256,0,17.5890407562256,"Mexico"
2016-03-25,17.5890407562256,17.5980606079102,17.459379196167,17.5234298706055,0,17.5234298706055,"Mexico"
2016-03-27,17.5737495422363,17.5917797088623,17.409839630127,17.4335803985596,0,17.4335803985596,"Mexico"
2016-03-28,17.4336795806885,17.5478496551514,17.2789993286133,17.3253402709961,0,17.3253402709961,"Mexico"
2016-03-29,17.3247890472412,17.3419208526611,17.1690006256104,17.2653999328613,0,17.2653999328613,"Mexico"
2016-03-30,17.2651290893555,17.3729400634766,17.1038494110107,17.2629108428955,0,17.2629108428955,"Mexico"
2016-03-31,17.2685699462891,17.4809894561768,17.2671604156494,17.3290195465088,0,17.3290195465088,"Mexico"
2016-04-03,17.3435592651367,17.49827003479,17.2993507385254,17.4974403381348,0,17.4974403381348,"Mexico"
2016-04-04,17.4979991912842,17.7705497741699,17.4979991912842,17.6810207366943,0,17.6810207366943,"Mexico"
2016-04-05,17.6799697875977,17.8458499908447,17.615650177002,17.6254291534424,0,17.6254291534424,"Mexico"
2016-04-06,17.625919342041,17.9474506378174,17.5985107421875,17.8801498413086,0,17.8801498413086,"Mexico"
2016-04-07,17.8861503601074,17.8861503601074,17.6977500915527,17.7678699493408,0,17.7678699493408,"Mexico"
2016-04-10,17.7707405090332,17.8318500518799,17.5839996337891,17.6506195068359,0,17.6506195068359,"Mexico"
2016-04-11,17.6544990539551,17.6715202331543,17.441930770874,17.4751491546631,0,17.4751491546631,"Mexico"
2016-04-12,17.4680004119873,17.557149887085,17.4220008850098,17.4249992370605,0,17.4249992370605,"Mexico"
2016-04-13,17.4309501647949,17.5750503540039,17.3313503265381,17.4316501617432,0,17.4316501617432,"Mexico"
2016-04-14,17.4298496246338,17.5939502716064,17.3874092102051,17.5456104278564,0,17.5456104278564,"Mexico"
2016-04-17,17.7110004425049,17.7509994506836,17.4068794250488,17.4091892242432,0,17.4091892242432,"Mexico"
2016-04-18,17.4104595184326,17.4382495880127,17.2369995117188,17.3358306884766,0,17.3358306884766,"Mexico"
2016-04-19,17.3359508514404,17.3756999969482,17.201000213623,17.2548503875732,0,17.2548503875732,"Mexico"
2016-04-20,17.2541103363037,17.5125999450684,17.2341403961182,17.4521503448486,0,17.4521503448486,"Mexico"
2016-04-21,17.4542999267578,17.5059604644775,17.3780002593994,17.4634094238281,0,17.4634094238281,"Mexico"
2016-04-24,17.4588108062744,17.6244506835938,17.4568901062012,17.5650005340576,0,17.5650005340576,"Mexico"
2016-04-25,17.5663394927979,17.5926303863525,17.3497505187988,17.3758392333984,0,17.3758392333984,"Mexico"
2016-04-26,17.3763599395752,17.4629993438721,17.292839050293,17.2929000854492,0,17.2929000854492,"Mexico"
2016-04-27,17.2928791046143,17.4086494445801,17.1830005645752,17.2575092315674,0,17.2575092315674,"Mexico"
2016-04-28,17.2562294006348,17.2591495513916,17.0498504638672,17.1720104217529,0,17.1720104217529,"Mexico"
2016-05-01,17.1744003295898,17.2551803588867,17.1112499237061,17.2031993865967,0,17.2031993865967,"Mexico"
2016-05-02,17.2014694213867,17.6244506835938,17.1639194488525,17.5997505187988,0,17.5997505187988,"Mexico"
2016-05-03,17.5999507904053,17.8357200622559,17.5969505310059,17.7708396911621,0,17.7708396911621,"Mexico"
2016-05-04,17.7718391418457,17.9091205596924,17.6403503417969,17.8743991851807,0,17.8743991851807,"Mexico"
2016-05-05,17.8762302398682,18.1402492523193,17.7956008911133,17.8480491638184,0,17.8480491638184,"Mexico"
2016-05-08,17.8645191192627,18.2127094268799,17.8332500457764,18.1900596618652,0,18.1900596618652,"Mexico"
2016-05-09,18.1917591094971,18.2157497406006,17.9630107879639,17.9833507537842,0,17.9833507537842,"Mexico"
2016-05-10,17.9809894561768,18.1423206329346,17.8857498168945,17.9882392883301,0,17.9882392883301,"Mexico"
2016-05-11,17.9885597229004,18.0375595092773,17.864429473877,17.9621696472168,0,17.9621696472168,"Mexico"
2016-05-12,17.9620494842529,18.2032508850098,17.9479007720947,18.1574802398682,0,18.1574802398682,"Mexico"
2016-05-15,18.1848201751709,18.3211498260498,18.0905494689941,18.3065204620361,0,18.3065204620361,"Mexico"
2016-05-16,18.3058490753174,18.3759498596191,18.2042999267578,18.2931804656982,0,18.2931804656982,"Mexico"
2016-05-17,18.2835292816162,18.4789505004883,18.2834300994873,18.4279193878174,0,18.4279193878174,"Mexico"
2016-05-18,18.4286804199219,18.594690322876,18.4105205535889,18.4153900146484,0,18.4153900146484,"Mexico"
2016-05-19,18.4151496887207,18.4516506195068,18.3244495391846,18.3325290679932,0,18.3325290679932,"Mexico"
2016-05-22,18.3623199462891,18.5249290466309,18.3087692260742,18.5216102600098,0,18.5216102600098,"Mexico"
2016-05-23,18.5238990783691,18.5751705169678,18.4164199829102,18.4664707183838,0,18.4664707183838,"Mexico"
2016-05-24,18.4649295806885,18.4963703155518,18.3168506622314,18.4923000335693,0,18.4923000335693,"Mexico"
2016-05-25,18.4926490783691,18.4991092681885,18.3506507873535,18.4399795532227,0,18.4399795532227,"Mexico"
2016-05-26,18.4407405853271,18.5271492004395,18.3778400421143,18.4480895996094,0,18.4480895996094,"Mexico"
2016-05-29,18.4547996520996,18.5082397460938,18.4542007446289,18.47825050354,0,18.47825050354,"Mexico"
2016-05-30,18.4768905639648,18.4907493591309,18.3830509185791,18.4654006958008,0,18.4654006958008,"Mexico"
2016-05-31,18.4636192321777,18.6145191192627,18.4349193572998,18.5021896362305,0,18.5021896362305,"Mexico"
2016-06-01,18.5013008117676,18.6762409210205,18.4798107147217,18.6703491210938,0,18.6703491210938,"Mexico"
2016-06-02,18.6699905395508,18.7213706970215,18.4970397949219,18.5936908721924,0,18.5936908721924,"Mexico"
2016-06-05,18.6283493041992,18.6806507110596,18.5334491729736,18.6755790710449,0,18.6755790710449,"Mexico"
2016-06-06,18.675199508667,18.7076301574707,18.350549697876,18.3860206604004,0,18.3860206604004,"Mexico"
2016-06-07,18.3908596038818,18.4037494659424,18.077449798584,18.1175498962402,0,18.1175498962402,"Mexico"
2016-06-08,18.1157703399658,18.3032894134521,18.0832500457764,18.2505493164062,0,18.2505493164062,"Mexico"
2016-06-09,18.2514190673828,18.7301502227783,18.2509307861328,18.6290798187256,0,18.6290798187256,"Mexico"
2016-06-12,18.6096000671387,18.8462009429932,18.6096000671387,18.8359699249268,0,18.8359699249268,"Mexico"
2016-06-13,18.8488292694092,19.022159576416,18.843469619751,18.9207000732422,0,18.9207000732422,"Mexico"
2016-06-14,18.9196796417236,18.9503002166748,18.7615509033203,18.8968200683594,0,18.8968200683594,"Mexico"
2016-06-15,18.9028491973877,19.0859699249268,18.8583106994629,18.907470703125,0,18.907470703125,"Mexico"
2016-06-16,18.9022903442383,18.9263496398926,18.7822494506836,18.8389091491699,0,18.8389091491699,"Mexico"
2016-06-19,18.7361507415771,18.7778491973877,18.6000499725342,18.6306896209717,0,18.6306896209717,"Mexico"
2016-06-20,18.6287994384766,18.6759204864502,18.5313491821289,18.6324501037598,0,18.6324501037598,"Mexico"
2016-06-21,18.6329803466797,18.7188091278076,18.3844509124756,18.4046401977539,0,18.4046401977539,"Mexico"
2016-06-22,18.4109497070312,18.4544506072998,18.1077995300293,18.4339008331299,0,18.4339008331299,"Mexico"
2016-06-23,18.4074802398682,19.5039501190186,18.3698501586914,18.8974208831787,0,18.8974208831787,"Mexico"
2016-06-26,18.9791297912598,19.2378005981445,18.816499710083,19.1104602813721,0,19.1104602813721,"Mexico"
2016-06-27,19.1136798858643,19.1287593841553,18.7690505981445,18.8081798553467,0,18.8081798553467,"Mexico"
2016-06-28,18.8086395263672,18.8404502868652,18.4630298614502,18.5100898742676,0,18.5100898742676,"Mexico"
2016-06-29,18.5092792510986,18.651050567627,18.1843490600586,18.3229503631592,0,18.3229503631592,"Mexico"
2016-06-30,18.3200492858887,18.4274501800537,18.1191291809082,18.3477401733398,0,18.3477401733398,"Mexico"
2016-07-03,18.3870296478271,18.4349594116211,18.3114490509033,18.4311199188232,0,18.4311199188232,"Mexico"
2016-07-04,18.4315490722656,18.8389492034912,18.4314994812012,18.8234996795654,0,18.8234996795654,"Mexico"
2016-07-05,18.8225193023682,18.937349319458,18.6905403137207,18.7474708557129,0,18.7474708557129,"Mexico"
2016-07-06,18.7545108795166,18.9280490875244,18.6022605895996,18.8107490539551,0,18.8107490539551,"Mexico"
2016-07-07,18.8108501434326,18.8620491027832,18.451940536499,18.5052890777588,0,18.5052890777588,"Mexico"
2016-07-10,18.5005397796631,18.603099822998,18.3524494171143,18.4642200469971,0,18.4642200469971,"Mexico"
2016-07-11,18.4642200469971,18.4689197540283,18.2640209197998,18.3325996398926,0,18.3325996398926,"Mexico"
2016-07-12,18.3305397033691,18.4385509490967,18.2530498504639,18.3777503967285,0,18.3777503967285,"Mexico"
2016-07-13,18.3770904541016,18.3818893432617,18.2084503173828,18.3660507202148,0,18.3660507202148,"Mexico"
2016-07-14,18.3666305541992,18.6053199768066,18.319450378418,18.5980491638184,0,18.5980491638184,"Mexico"
2016-07-17,18.5471000671387,18.5676498413086,18.354850769043,18.3815803527832,0,18.3815803527832,"Mexico"
2016-07-18,18.3800392150879,18.6308498382568,18.3800392150879,18.4900493621826,0,18.4900493621826,"Mexico"
2016-07-19,18.4903507232666,18.6853408813477,18.4581699371338,18.6720504760742,0,18.6720504760742,"Mexico"
2016-07-20,18.6742401123047,18.691370010376,18.5498504638672,18.5643100738525,0,18.5643100738525,"Mexico"
2016-07-21,18.5650196075439,18.630350112915,18.5020503997803,18.5412197113037,0,18.5412197113037,"Mexico"
2016-07-24,18.5393199920654,18.7833003997803,18.5243091583252,18.7733898162842,0,18.7733898162842,"Mexico"
2016-07-25,18.7738399505615,18.8408508300781,18.7182903289795,18.7514495849609,0,18.7514495849609,"Mexico"
2016-07-26,18.7503509521484,18.9136505126953,18.7390403747559,18.8222007751465,0,18.8222007751465,"Mexico"
2016-07-27,18.813419342041,18.933349609375,18.7554492950439,18.8918209075928,0,18.8918209075928,"Mexico"
2016-07-28,18.8896408081055,18.973690032959,18.7244491577148,18.747049331665,0,18.747049331665,"Mexico"
2016-07-31,18.7577304840088,18.8916206359863,18.649169921875,18.8598499298096,0,18.8598499298096,"Mexico"
2016-08-01,18.8587493896484,18.9770603179932,18.7924709320068,18.9335803985596,0,18.9335803985596,"Mexico"
2016-08-02,18.9331798553467,18.9945507049561,18.874439239502,18.8829498291016,0,18.8829498291016,"Mexico"
2016-08-03,18.8844299316406,18.9329490661621,18.804630279541,18.8980598449707,0,18.8980598449707,"Mexico"
2016-08-04,18.8975601196289,18.9308490753174,18.7300395965576,18.7515106201172,0,18.7515106201172,"Mexico"
2016-08-07,18.7540302276611,18.7551803588867,18.5210208892822,18.5496501922607,0,18.5496501922607,"Mexico"
2016-08-08,18.5436496734619,18.5934505462646,18.3700504302979,18.4368495941162,0,18.4368495941162,"Mexico"
2016-08-09,18.4382591247559,18.4471492767334,18.2837905883789,18.4087390899658,0,18.4087390899658,"Mexico"
2016-08-10,18.4092197418213,18.4715805053711,18.1588497161865,18.2320003509521,0,18.2320003509521,"Mexico"
2016-08-11,18.2339496612549,18.3102493286133,18.1259593963623,18.2592697143555,0,18.2592697143555,"Mexico"
2016-08-14,18.2222995758057,18.2579898834229,17.9936599731445,18.0778408050537,0,18.0778408050537,"Mexico"
2016-08-15,18.0800895690918,18.1010398864746,17.9036998748779,18.0559997558594,0,18.0559997558594,"Mexico"
2016-08-16,18.0555992126465,18.2868499755859,18.0224990844727,18.1086006164551,0,18.1086006164551,"Mexico"
2016-08-17,18.1267795562744,18.1914100646973,17.9943008422852,18.1720695495605,0,18.1720695495605,"Mexico"
2016-08-18,18.1709403991699,18.4064502716064,18.1587009429932,18.2150001525879,0,18.2150001525879,"Mexico"
2016-08-21,18.2478008270264,18.3645496368408,18.2478008270264,18.2985191345215,0,18.2985191345215,"Mexico"
2016-08-22,18.2877006530762,18.5702209472656,18.1907005310059,18.5266494750977,0,18.5266494750977,"Mexico"
2016-08-23,18.5257701873779,18.6330299377441,18.4302997589111,18.4657001495361,0,18.4657001495361,"Mexico"
2016-08-24,18.4654998779297,18.4865398406982,18.343900680542,18.3596801757812,0,18.3596801757812,"Mexico"
2016-08-25,18.3599796295166,18.6027507781982,18.1722106933594,18.5882205963135,0,18.5882205963135,"Mexico"
2016-08-28,18.5883007049561,18.6469497680664,18.5233993530273,18.6330890655518,0,18.6330890655518,"Mexico"
2016-08-29,18.6207008361816,18.8507404327393,18.5702991485596,18.7945003509521,0,18.7945003509521,"Mexico"
2016-08-30,18.8070602416992,18.8913497924805,18.755500793457,18.7942008972168,0,18.7942008972168,"Mexico"
2016-08-31,18.7942008972168,18.9260501861572,18.7297992706299,18.7426891326904,0,18.7426891326904,"Mexico"
2016-09-01,18.7426891326904,18.8158493041992,18.5445003509521,18.5792007446289,0,18.5792007446289,"Mexico"
2016-09-04,18.5590991973877,18.606050491333,18.440299987793,18.5876007080078,0,18.5876007080078,"Mexico"
2016-09-05,18.5955505371094,18.5955505371094,18.2455997467041,18.2602005004883,0,18.2602005004883,"Mexico"
2016-09-06,18.2770309448242,18.4258499145508,18.2532005310059,18.3905506134033,0,18.3905506134033,"Mexico"
2016-09-07,18.3857498168945,18.701150894165,18.2641506195068,18.6616992950439,0,18.6616992950439,"Mexico"
2016-09-08,18.6731700897217,18.9211502075195,18.640100479126,18.8958702087402,0,18.8958702087402,"Mexico"
2016-09-11,18.8737602233887,19.1797904968262,18.7922992706299,18.8196601867676,0,18.8196601867676,"Mexico"
2016-09-12,18.8199195861816,19.2090892791748,18.816499710083,19.1096706390381,0,19.1096706390381,"Mexico"
2016-09-13,19.1091499328613,19.2901992797852,19.002649307251,19.2813491821289,0,19.2813491821289,"Mexico"
2016-09-14,19.2695999145508,19.3887996673584,19.1527500152588,19.3498001098633,0,19.3498001098633,"Mexico"
2016-09-15,19.3466396331787,19.7539501190186,19.2664203643799,19.6106796264648,0,19.6106796264648,"Mexico"
2016-09-18,19.5805892944336,19.6990509033203,19.4566993713379,19.6662502288818,0,19.6662502288818,"Mexico"
2016-09-19,19.660120010376,19.8907508850098,19.6075801849365,19.83131980896,0,19.83131980896,"Mexico"
2016-09-20,19.8322601318359,19.8974094390869,19.6878890991211,19.7206802368164,0,19.7206802368164,"Mexico"
2016-09-21,19.7080497741699,19.7426490783691,19.5057601928711,19.6243495941162,0,19.6243495941162,"Mexico"
2016-09-22,19.61669921875,19.831750869751,19.5977993011475,19.7819404602051,0,19.7819404602051,"Mexico"
2016-09-25,19.791109085083,19.9177494049072,19.7441005706787,19.8777198791504,0,19.8777198791504,"Mexico"
2016-09-26,19.8581409454346,19.9176807403564,19.3668003082275,19.3719005584717,0,19.3719005584717,"Mexico"
2016-09-27,19.3847408294678,19.5561103820801,19.32080078125,19.3414001464844,0,19.3414001464844,"Mexico"
2016-09-28,19.3537998199463,19.5470504760742,19.3342990875244,19.5442905426025,0,19.5442905426025,"Mexico"
2016-09-29,19.5426502227783,19.6648998260498,19.3022899627686,19.3689308166504,0,19.3689308166504,"Mexico"
2016-10-02,19.4049091339111,19.417049407959,19.1877002716064,19.2963104248047,0,19.2963104248047,"Mexico"
2016-10-03,19.2965908050537,19.4034690856934,19.1566295623779,19.313289642334,0,19.313289642334,"Mexico"
2016-10-04,19.313289642334,19.3749904632568,19.1863994598389,19.2087993621826,0,19.2087993621826,"Mexico"
2016-10-05,19.210599899292,19.2964496612549,19.1991004943848,19.228099822998,0,19.228099822998,"Mexico"
2016-10-06,19.2276992797852,19.3771495819092,19.1865501403809,19.291410446167,0,19.291410446167,"Mexico"
2016-10-09,18.989200592041,19.0703201293945,18.794900894165,18.9086494445801,0,18.9086494445801,"Mexico"
2016-10-10,18.9102993011475,19.0004501342773,18.8262996673584,18.874849319458,0,18.874849319458,"Mexico"
2016-10-11,18.8763008117676,19.002950668335,18.8297004699707,18.9378509521484,0,18.9378509521484,"Mexico"
2016-10-12,18.9334506988525,19.0874900817871,18.8910007476807,18.9519195556641,0,18.9519195556641,"Mexico"
2016-10-13,18.9490509033203,19.0457401275635,18.8391990661621,19.0023097991943,0,19.0023097991943,"Mexico"
2016-10-16,18.9894905090332,19.0476398468018,18.8369007110596,18.8533802032471,0,18.8533802032471,"Mexico"
2016-10-17,18.8484497070312,18.8484497070312,18.5811004638672,18.5997295379639,0,18.5997295379639,"Mexico"
2016-10-18,18.6037502288818,18.6862297058105,18.4986000061035,18.520149230957,0,18.520149230957,"Mexico"
2016-10-19,18.5207099914551,18.6594505310059,18.4431991577148,18.5902004241943,0,18.5902004241943,"Mexico"
2016-10-20,18.6035594940186,18.708080291748,18.5624008178711,18.5846290588379,0,18.5846290588379,"Mexico"
2016-10-23,18.603099822998,18.6278400421143,18.4983997344971,18.5446605682373,0,18.5446605682373,"Mexico"
2016-10-24,18.5430507659912,18.55299949646,18.4643993377686,18.5289402008057,0,18.5289402008057,"Mexico"
2016-10-25,18.5290393829346,18.727689743042,18.4913997650146,18.6926403045654,0,18.6926403045654,"Mexico"
2016-10-26,18.6928405761719,18.8740997314453,18.6928405761719,18.8231296539307,0,18.8231296539307,"Mexico"
2016-10-27,18.8162899017334,19.0877494812012,18.6889991760254,18.9657001495361,0,18.9657001495361,"Mexico"
2016-10-31,19.00830078125,19.0239791870117,18.7949504852295,18.8619995117188,0,18.8619995117188,"Mexico"
2016-11-01,18.8554000854492,19.2650604248047,18.7684001922607,19.172399520874,0,19.172399520874,"Mexico"
2016-11-02,19.1758003234863,19.4649200439453,19.1758003234863,19.3411407470703,0,19.3411407470703,"Mexico"
2016-11-03,19.3429508209229,19.5409393310547,19.1105995178223,19.1459007263184,0,19.1459007263184,"Mexico"
2016-11-04,19.1559391021729,19.2593307495117,18.9410495758057,19.0105304718018,0,19.0105304718018,"Mexico"
2016-11-07,18.583610534668,18.7190208435059,18.5354995727539,18.5498600006104,0,18.5498600006104,"Mexico"
2016-11-08,18.5502395629883,18.6613807678223,18.2532005310059,18.3006000518799,0,18.3006000518799,"Mexico"
2016-11-09,18.2961006164551,20.7586193084717,18.176549911499,19.8834095001221,0,19.8834095001221,"Mexico"
2016-11-10,19.8921508789062,20.7448501586914,19.7196102142334,20.5070095062256,0,20.5070095062256,"Mexico"
2016-11-11,20.5076999664307,21.3876495361328,20.5053997039795,20.7368392944336,0,20.7368392944336,"Mexico"
2016-11-14,20.8610496520996,21.0937900543213,20.603099822998,20.719820022583,0,20.719820022583,"Mexico"
2016-11-15,20.7157897949219,20.7157897949219,20.2003803253174,20.3066501617432,0,20.3066501617432,"Mexico"
2016-11-16,20.3008003234863,20.5220508575439,20.1446990966797,20.206750869751,0,20.206750869751,"Mexico"
2016-11-17,20.1979999542236,20.4605503082275,20.1271991729736,20.4134998321533,0,20.4134998321533,"Mexico"
2016-11-18,20.4256496429443,20.7433490753174,20.3068103790283,20.6199703216553,0,20.6199703216553,"Mexico"
2016-11-21,20.6379508972168,20.6578502655029,20.4134292602539,20.4391708374023,0,20.4391708374023,"Mexico"
2016-11-22,20.440710067749,20.6328907012939,20.2737998962402,20.6013107299805,0,20.6013107299805,"Mexico"
2016-11-23,20.6016502380371,20.7699508666992,20.5454006195068,20.6408004760742,0,20.6408004760742,"Mexico"
2016-11-24,20.6514492034912,20.7904491424561,20.6163501739502,20.7033004760742,0,20.7033004760742,"Mexico"
2016-11-25,20.7019004821777,20.7586898803711,20.5825004577637,20.6735000610352,0,20.6735000610352,"Mexico"
2016-11-28,20.6468505859375,20.6808490753174,20.4911003112793,20.6122894287109,0,20.6122894287109,"Mexico"
2016-11-29,20.6040000915527,20.7130508422852,20.5848999023438,20.6245498657227,0,20.6245498657227,"Mexico"
2016-11-30,20.623010635376,20.6724491119385,20.4479999542236,20.5621490478516,0,20.5621490478516,"Mexico"
2016-12-01,20.5619506835938,20.8555507659912,20.4589996337891,20.7598495483398,0,20.7598495483398,"Mexico"
2016-12-02,20.7601509094238,20.8538494110107,20.5543994903564,20.6060104370117,0,20.6060104370117,"Mexico"
2016-12-05,20.69700050354,20.7187004089355,20.5442008972168,20.5650005340576,0,20.5650005340576,"Mexico"
2016-12-06,20.5644493103027,20.5955390930176,20.3160190582275,20.3918991088867,0,20.3918991088867,"Mexico"
2016-12-07,20.393949508667,20.4120903015137,20.2226009368896,20.3252906799316,0,20.3252906799316,"Mexico"
2016-12-08,20.3265895843506,20.4865493774414,20.2801990509033,20.3027496337891,0,20.3027496337891,"Mexico"
2016-12-09,20.3106498718262,20.4951496124268,20.285400390625,20.3736305236816,0,20.3736305236816,"Mexico"
2016-12-12,20.3228492736816,20.3393993377686,20.1380004882812,20.1935997009277,0,20.1935997009277,"Mexico"
2016-12-13,20.2059497833252,20.2969493865967,20.1720008850098,20.2679500579834,0,20.2679500579834,"Mexico"
2016-12-14,20.2576999664307,20.4900493621826,20.1718006134033,20.4784698486328,0,20.4784698486328,"Mexico"
2016-12-15,20.4927501678467,20.6891498565674,20.3094806671143,20.3316497802734,0,20.3316497802734,"Mexico"
2016-12-16,20.3308506011963,20.4792499542236,20.2928009033203,20.4095897674561,0,20.4095897674561,"Mexico"
2016-12-19,20.4476108551025,20.5115203857422,20.345100402832,20.3621997833252,0,20.3621997833252,"Mexico"
2016-12-20,20.3717498779297,20.4744491577148,20.3476009368896,20.447380065918,0,20.447380065918,"Mexico"
2016-12-21,20.4388999938965,20.589750289917,20.4104995727539,20.5576095581055,0,20.5576095581055,"Mexico"
2016-12-22,20.5622501373291,20.8302307128906,20.5394992828369,20.746639251709,0,20.746639251709,"Mexico"
2016-12-23,20.7422008514404,20.795970916748,20.5834999084473,20.6434192657471,0,20.6434192657471,"Mexico"
2016-12-26,20.5880908966064,20.6677494049072,20.5764999389648,20.6249008178711,0,20.6249008178711,"Mexico"
2016-12-27,20.630220413208,20.7725505828857,20.5741996765137,20.759349822998,0,20.759349822998,"Mexico"
2016-12-28,20.7448997497559,20.7819499969482,20.6893997192383,20.7050895690918,0,20.7050895690918,"Mexico"
2016-12-29,20.7054996490479,20.7321491241455,20.6277008056641,20.7019996643066,0,20.7019996643066,"Mexico"
2016-12-30,20.7086505889893,20.7369003295898,20.5793991088867,20.7180404663086,0,20.7180404663086,"Mexico"
2017-01-02,20.7182998657227,20.7590007781982,20.6348495483398,20.7405109405518,0,20.7405109405518,"Mexico"
2017-01-03,20.7397499084473,21.1332492828369,20.6653709411621,21.1202201843262,0,21.1202201843262,"Mexico"
2017-01-04,21.1186504364014,21.6175098419189,21.0081996917725,21.4796504974365,0,21.4796504974365,"Mexico"
2017-01-05,21.4752502441406,21.6046504974365,21.1389503479004,21.3854694366455,0,21.3854694366455,"Mexico"
2017-01-06,21.3778991699219,21.4656391143799,21.1945991516113,21.2165298461914,0,21.2165298461914,"Mexico"
2017-01-09,21.2455997467041,21.3839492797852,21.1895999908447,21.3591003417969,0,21.3591003417969,"Mexico"
2017-01-10,21.3683490753174,21.8380508422852,21.3558006286621,21.8121299743652,0,21.8121299743652,"Mexico"
2017-01-11,21.7955493927002,22.0294494628906,21.7292003631592,21.9046497344971,0,21.9046497344971,"Mexico"
2017-01-12,21.9041595458984,21.9660491943359,21.5721492767334,21.7720508575439,0,21.7720508575439,"Mexico"
2017-01-13,21.7664394378662,21.8377494812012,21.4638996124268,21.4702892303467,0,21.4702892303467,"Mexico"
2017-01-16,21.5032691955566,21.7396697998047,21.4825000762939,21.6772193908691,0,21.6772193908691,"Mexico"
2017-01-17,21.6784000396729,21.692440032959,21.4665393829346,21.5113201141357,0,21.5113201141357,"Mexico"
2017-01-18,21.4993991851807,22.0080509185791,21.4919490814209,21.9091701507568,0,21.9091701507568,"Mexico"
2017-01-19,21.8976001739502,22.0288505554199,21.853099822998,21.921989440918,0,21.921989440918,"Mexico"
2017-01-20,21.9248504638672,21.9884490966797,21.5188999176025,21.5766506195068,0,21.5766506195068,"Mexico"
2017-01-23,21.5125007629395,21.5283699035645,21.2593002319336,21.3251991271973,0,21.3251991271973,"Mexico"
2017-01-24,21.3246994018555,21.532600402832,21.2514991760254,21.5067005157471,0,21.5067005157471,"Mexico"
2017-01-25,21.5199108123779,21.5872993469238,20.9428997039795,21.0552997589111,0,21.0552997589111,"Mexico"
2017-01-26,21.0606498718262,21.3478202819824,20.8615894317627,21.2121601104736,0,21.2121601104736,"Mexico"
2017-01-27,21.2164993286133,21.3768997192383,20.8546009063721,20.8595294952393,0,20.8595294952393,"Mexico"
2017-01-30,20.8990802764893,20.9244499206543,20.6549091339111,20.7674903869629,0,20.7674903869629,"Mexico"
2017-01-31,20.7687702178955,20.8881702423096,20.6599502563477,20.8050994873047,0,20.8050994873047,"Mexico"
2017-02-01,20.8203506469727,20.8417491912842,20.6481990814209,20.7101802825928,0,20.7101802825928,"Mexico"
2017-02-02,20.6935291290283,20.7158908843994,20.4458503723145,20.5282707214355,0,20.5282707214355,"Mexico"
2017-02-03,20.5284690856934,20.5987491607666,20.2847499847412,20.3362598419189,0,20.3362598419189,"Mexico"
2017-02-06,20.3876895904541,20.6374397277832,20.2964992523193,20.5447196960449,0,20.5447196960449,"Mexico"
2017-02-07,20.5370006561279,20.74049949646,20.5303993225098,20.6088790893555,0,20.6088790893555,"Mexico"
2017-02-08,20.6177291870117,20.6845798492432,20.4330005645752,20.5123500823975,0,20.5123500823975,"Mexico"
2017-02-09,20.4943008422852,20.5349006652832,20.3188495635986,20.3615894317627,0,20.3615894317627,"Mexico"
2017-02-10,20.3624000549316,20.4035491943359,20.2406997680664,20.3249797821045,0,20.3249797821045,"Mexico"
2017-02-13,20.331090927124,20.3874492645264,20.2586994171143,20.2759990692139,0,20.2759990692139,"Mexico"
2017-02-14,20.2860698699951,20.4147491455078,20.1907997131348,20.2731399536133,0,20.2731399536133,"Mexico"
2017-02-15,20.2677707672119,20.4496097564697,20.2310009002686,20.2865505218506,0,20.2865505218506,"Mexico"
2017-02-16,20.275899887085,20.4042491912842,20.247200012207,20.3974494934082,0,20.3974494934082,"Mexico"
2017-02-17,20.397590637207,20.5368499755859,20.3717002868652,20.4124908447266,0,20.4124908447266,"Mexico"
2017-02-20,20.4463291168213,20.5362491607666,20.346399307251,20.3570098876953,0,20.3570098876953,"Mexico"
2017-02-21,20.3563995361328,20.4801692962646,19.933349609375,19.9992599487305,0,19.9992599487305,"Mexico"
2017-02-22,20.0027809143066,20.0946502685547,19.8330001831055,19.889799118042,0,19.889799118042,"Mexico"
2017-02-23,19.8901996612549,19.9789505004883,19.595100402832,19.679759979248,0,19.679759979248,"Mexico"
2017-02-24,19.6797904968262,19.9118900299072,19.6229991912842,19.9107799530029,0,19.9107799530029,"Mexico"
2017-02-27,19.9030990600586,19.9685001373291,19.735860824585,19.8971996307373,0,19.8971996307373,"Mexico"
2017-02-28,19.9056091308594,20.1606693267822,19.8500995635986,20.1100997924805,0,20.1100997924805,"Mexico"
2017-03-01,20.1241607666016,20.1257991790771,19.721399307251,19.8514595031738,0,19.8514595031738,"Mexico"
2017-03-02,19.8397998809814,20.0268497467041,19.7765007019043,20.0033493041992,0,20.0033493041992,"Mexico"
2017-03-03,20.0011405944824,20.0839500427246,19.488899230957,19.5032901763916,0,19.5032901763916,"Mexico"
2017-03-06,19.5506000518799,19.6461791992188,19.4351501464844,19.6021404266357,0,19.6021404266357,"Mexico"
2017-03-07,19.5929393768311,19.6131896972656,19.4272994995117,19.479679107666,0,19.479679107666,"Mexico"
2017-03-08,19.4818801879883,19.6926498413086,19.4316997528076,19.6785907745361,0,19.6785907745361,"Mexico"
2017-03-09,19.6671009063721,19.8964996337891,19.6483993530273,19.8280792236328,0,19.8280792236328,"Mexico"
2017-03-10,19.826789855957,19.8634204864502,19.5743503570557,19.5941009521484,0,19.5941009521484,"Mexico"
2017-03-13,19.5925998687744,19.6523895263672,19.528299331665,19.6200103759766,0,19.6200103759766,"Mexico"
2017-03-14,19.6035003662109,19.7189903259277,19.5719509124756,19.6539001464844,0,19.6539001464844,"Mexico"
2017-03-15,19.6552505493164,19.6716499328613,19.1949005126953,19.2322006225586,0,19.2322006225586,"Mexico"
2017-03-16,19.2285003662109,19.2659606933594,19.0526790618896,19.2343997955322,0,19.2343997955322,"Mexico"
2017-03-17,19.2451992034912,19.2759990692139,19.0564002990723,19.0759906768799,0,19.0759906768799,"Mexico"
2017-03-20,19.0830001831055,19.1835803985596,18.9633007049561,19.0063896179199,0,19.0063896179199,"Mexico"
2017-03-21,19.0020999908447,19.1513500213623,18.9325008392334,19.0948009490967,0,19.0948009490967,"Mexico"
2017-03-22,19.0962009429932,19.2366504669189,18.9974002838135,19.0159091949463,0,19.0159091949463,"Mexico"
2017-03-23,19.0174999237061,19.1096706390381,18.907470703125,18.9425106048584,0,18.9425106048584,"Mexico"
2017-03-24,18.9423294067383,18.9717502593994,18.7362995147705,18.7482299804688,0,18.7482299804688,"Mexico"
2017-03-26,18.7752208709717,18.9578495025635,18.7425003051758,18.8734493255615,0,18.8734493255615,"Mexico"
2017-03-27,18.8737602233887,19.0308494567871,18.80299949646,18.9895095825195,0,18.9895095825195,"Mexico"
2017-03-28,18.9833202362061,19.0345897674561,18.6776008605957,18.7064990997314,0,18.7064990997314,"Mexico"
2017-03-29,18.7042007446289,18.7695503234863,18.6341991424561,18.7262306213379,0,18.7262306213379,"Mexico"
2017-03-30,18.7383403778076,18.8563499450684,18.6515998840332,18.6915893554688,0,18.6915893554688,"Mexico"
2017-04-02,18.6966991424561,18.7702808380127,18.6539993286133,18.6979007720947,0,18.6979007720947,"Mexico"
2017-04-03,18.6982002258301,18.9392509460449,18.6875991821289,18.814790725708,0,18.814790725708,"Mexico"
2017-04-04,18.8154907226562,18.8407897949219,18.6805000305176,18.7998008728027,0,18.7998008728027,"Mexico"
2017-04-05,18.8029003143311,18.8981399536133,18.7070007324219,18.7429008483887,0,18.7429008483887,"Mexico"
2017-04-06,18.7443008422852,18.8746490478516,18.6088008880615,18.6519794464111,0,18.6519794464111,"Mexico"
2017-04-09,18.6476993560791,18.7439498901367,18.6011009216309,18.6898307800293,0,18.6898307800293,"Mexico"
2017-04-10,18.67799949646,18.8115997314453,18.665599822998,18.7535991668701,0,18.7535991668701,"Mexico"
2017-04-11,18.7664203643799,18.8061008453369,18.5319004058838,18.5545597076416,0,18.5545597076416,"Mexico"
2017-04-12,18.5429992675781,18.637149810791,18.4985008239746,18.5667190551758,0,18.5667190551758,"Mexico"
2017-04-13,18.5674591064453,18.5890407562256,18.486499786377,18.4965496063232,0,18.4965496063232,"Mexico"
2017-04-16,18.5036792755127,18.5935497283936,18.4792003631592,18.4995594024658,0,18.4995594024658,"Mexico"
2017-04-17,18.4995594024658,18.6120491027832,18.4470996856689,18.5840301513672,0,18.5840301513672,"Mexico"
2017-04-18,18.5899505615234,18.8893508911133,18.5699996948242,18.8589000701904,0,18.8589000701904,"Mexico"
2017-04-19,18.8470001220703,18.8804302215576,18.7423000335693,18.811710357666,0,18.811710357666,"Mexico"
2017-04-20,18.8128509521484,18.8866500854492,18.7686004638672,18.7970008850098,0,18.7970008850098,"Mexico"
2017-04-23,18.6235008239746,18.8439502716064,18.4587993621826,18.8131008148193,0,18.8131008148193,"Mexico"
2017-04-24,18.8232898712158,18.9902992248535,18.6921005249023,18.8662490844727,0,18.8662490844727,"Mexico"
2017-04-25,18.8565006256104,19.2868309020996,18.8470001220703,19.1631603240967,0,19.1631603240967,"Mexico"
2017-04-26,19.1725997924805,19.2246494293213,18.899299621582,19.0559005737305,0,19.0559005737305,"Mexico"
2017-04-27,19.0421009063721,19.0905494689941,18.7978000640869,18.809139251709,0,18.809139251709,"Mexico"
2017-04-30,18.8112297058105,18.8491497039795,18.7096996307373,18.7285499572754,0,18.7285499572754,"Mexico"
2017-05-01,18.7287406921387,18.8304805755615,18.6618003845215,18.7531795501709,0,18.7531795501709,"Mexico"
2017-05-02,18.7531795501709,18.8680992126465,18.7366008758545,18.8276996612549,0,18.8276996612549,"Mexico"
2017-05-03,18.839750289917,19.081449508667,18.8202991485596,19.0410003662109,0,19.0410003662109,"Mexico"
2017-05-04,19.046350479126,19.1251792907715,18.9466705322266,18.9466705322266,0,18.9466705322266,"Mexico"
2017-05-07,18.9433498382568,19.2131500244141,18.9109992980957,19.1918506622314,0,19.1918506622314,"Mexico"
2017-05-08,19.1802005767822,19.2548503875732,19.1095008850098,19.1674995422363,0,19.1674995422363,"Mexico"
2017-05-09,19.1697292327881,19.1822490692139,18.9272994995117,19.0258808135986,0,19.0258808135986,"Mexico"
2017-05-10,19.026029586792,19.0303802490234,18.8127994537354,18.8146991729736,0,18.8146991729736,"Mexico"
2017-05-11,18.8150997161865,18.89674949646,18.7259006500244,18.7820091247559,0,18.7820091247559,"Mexico"
2017-05-14,18.7745494842529,18.7993793487549,18.6303997039795,18.6861000061035,0,18.6861000061035,"Mexico"
2017-05-15,18.6961097717285,18.7500495910645,18.5841999053955,18.6805000305176,0,18.6805000305176,"Mexico"
2017-05-16,18.6797504425049,18.9491500854492,18.6035995483398,18.9419708251953,0,18.9419708251953,"Mexico"
2017-05-17,18.9417991638184,19.206449508667,18.7550792694092,18.8376808166504,0,18.8376808166504,"Mexico"
2017-05-18,18.8255996704102,18.8616905212402,18.6254997253418,18.7081909179688,0,18.7081909179688,"Mexico"
2017-05-21,18.7184505462646,18.7395095825195,18.5543994903564,18.7046298980713,0,18.7046298980713,"Mexico"
2017-05-22,18.7080001831055,18.7150497436523,18.5629005432129,18.6485900878906,0,18.6485900878906,"Mexico"
2017-05-23,18.6343002319336,18.6886501312256,18.4235000610352,18.4385108947754,0,18.4385108947754,"Mexico"
2017-05-24,18.4251003265381,18.5458393096924,18.3381500244141,18.4916496276855,0,18.4916496276855,"Mexico"
2017-05-25,18.4808006286621,18.52294921875,18.4129009246826,18.4834995269775,0,18.4834995269775,"Mexico"
2017-05-28,18.4905490875244,18.5491504669189,18.4333992004395,18.470100402832,0,18.470100402832,"Mexico"
2017-05-29,18.4840507507324,18.730899810791,18.4738998413086,18.7187690734863,0,18.7187690734863,"Mexico"
2017-05-30,18.706600189209,18.7675495147705,18.6004009246826,18.6353492736816,0,18.6353492736816,"Mexico"
2017-05-31,18.6359901428223,18.6613502502441,18.5450000762939,18.645149230957,0,18.645149230957,"Mexico"
2017-06-01,18.6479396820068,18.7328796386719,18.550199508667,18.6659908294678,0,18.6659908294678,"Mexico"
2017-06-04,18.7189998626709,18.8187808990479,18.3092002868652,18.3320007324219,0,18.3320007324219,"Mexico"
2017-06-05,18.3411197662354,18.4264507293701,18.193000793457,18.2532901763916,0,18.2532901763916,"Mexico"
2017-06-06,18.2532501220703,18.2896099090576,18.1569004058838,18.2532691955566,0,18.2532691955566,"Mexico"
2017-06-07,18.2528991699219,18.2559604644775,18.1529998779297,18.2151298522949,0,18.2151298522949,"Mexico"
2017-06-08,18.2024002075195,18.238639831543,18.1082992553711,18.1615009307861,0,18.1615009307861,"Mexico"
2017-06-11,18.1395301818848,18.2063102722168,18.1014995574951,18.1255798339844,0,18.1255798339844,"Mexico"
2017-06-12,18.1248798370361,18.1589794158936,18.0165004730225,18.056339263916,0,18.056339263916,"Mexico"
2017-06-13,18.059850692749,18.0598907470703,17.8927001953125,17.9419898986816,0,17.9419898986816,"Mexico"
2017-06-14,17.9415493011475,18.1541900634766,17.911600112915,18.0310401916504,0,18.0310401916504,"Mexico"
2017-06-15,18.0239505767822,18.082670211792,17.8859996795654,17.8989791870117,0,17.8989791870117,"Mexico"
2017-06-18,17.9136009216309,18.0017509460449,17.8915004730225,17.9781494140625,0,17.9781494140625,"Mexico"
2017-06-19,17.9793491363525,18.2362995147705,17.9164009094238,18.2078990936279,0,18.2078990936279,"Mexico"
2017-06-20,18.2177200317383,18.3060493469238,18.1182994842529,18.2336902618408,0,18.2336902618408,"Mexico"
2017-06-21,18.218599319458,18.2340297698975,18.0200996398926,18.1107997894287,0,18.1107997894287,"Mexico"
2017-06-22,18.1245994567871,18.1575508117676,17.9267997741699,17.9932708740234,0,17.9932708740234,"Mexico"
2017-06-25,17.9902992248535,18.0152397155762,17.8075008392334,17.9001998901367,0,17.9001998901367,"Mexico"
2017-06-26,17.8953990936279,18.0648708343506,17.8125991821289,17.9608993530273,0,17.9608993530273,"Mexico"
2017-06-27,17.974100112915,18.0730991363525,17.8145008087158,17.8306903839111,0,17.8306903839111,"Mexico"
2017-06-28,17.8299903869629,18.1259002685547,17.7945003509521,18.0272006988525,0,18.0272006988525,"Mexico"
2017-06-29,18.0284004211426,18.1561794281006,17.9715003967285,18.1138591766357,0,18.1138591766357,"Mexico"
2017-07-02,18.0892105102539,18.2466907501221,18.0769996643066,18.1806507110596,0,18.1806507110596,"Mexico"
2017-07-03,18.1721992492676,18.2606506347656,18.1546993255615,18.2140502929688,0,18.2140502929688,"Mexico"
2017-07-04,18.1861991882324,18.3995494842529,18.1483993530273,18.3084201812744,0,18.3084201812744,"Mexico"
2017-07-05,18.3227596282959,18.3934497833252,18.2140007019043,18.2729606628418,0,18.2729606628418,"Mexico"
2017-07-06,18.2623996734619,18.307149887085,18.0634994506836,18.0709800720215,0,18.0709800720215,"Mexico"
2017-07-09,18.0814208984375,18.0887908935547,17.8799991607666,17.937650680542,0,17.937650680542,"Mexico"
2017-07-10,17.9347496032715,18.0496997833252,17.8866996765137,17.9159908294678,0,17.9159908294678,"Mexico"
2017-07-11,17.9001007080078,17.949390411377,17.737850189209,17.7710494995117,0,17.7710494995117,"Mexico"
2017-07-12,17.7689094543457,17.8053703308105,17.6648998260498,17.6888008117676,0,17.6888008117676,"Mexico"
2017-07-13,17.6888008117676,17.7101402282715,17.5158996582031,17.5545997619629,0,17.5545997619629,"Mexico"
2017-07-16,17.5657997131348,17.6161499023438,17.5207996368408,17.577299118042,0,17.577299118042,"Mexico"
2017-07-17,17.5782699584961,17.5871505737305,17.4580001831055,17.4913501739502,0,17.4913501739502,"Mexico"
2017-07-18,17.4796009063721,17.5760097503662,17.4368000030518,17.5714302062988,0,17.5714302062988,"Mexico"
2017-07-19,17.5706005096436,17.6446800231934,17.470100402832,17.4899291992188,0,17.4899291992188,"Mexico"
2017-07-20,17.4873695373535,17.6399803161621,17.4692993164062,17.6368103027344,0,17.6368103027344,"Mexico"
2017-07-23,17.6315002441406,17.7638492584229,17.5895004272461,17.7264995574951,0,17.7264995574951,"Mexico"
2017-07-24,17.7339000701904,17.8030490875244,17.6732997894287,17.763240814209,0,17.763240814209,"Mexico"
2017-07-25,17.7632293701172,17.801420211792,17.5727996826172,17.5765991210938,0,17.5765991210938,"Mexico"
2017-07-26,17.5872802734375,17.7568492889404,17.5438003540039,17.7257099151611,0,17.7257099151611,"Mexico"
2017-07-27,17.7251396179199,17.8380508422852,17.6749496459961,17.7677307128906,0,17.7677307128906,"Mexico"
2017-07-30,17.7602100372314,17.8872509002686,17.7306995391846,17.8096504211426,0,17.8096504211426,"Mexico"
2017-07-31,17.8019504547119,17.8957004547119,17.7276992797852,17.880500793457,0,17.880500793457,"Mexico"
2017-08-01,17.8815994262695,17.9598293304443,17.7786998748779,17.8285694122314,0,17.8285694122314,"Mexico"
2017-08-02,17.828519821167,17.8918495178223,17.7710990905762,17.8539905548096,0,17.8539905548096,"Mexico"
2017-08-03,17.8549995422363,17.9039096832275,17.7905006408691,17.8852100372314,0,17.8852100372314,"Mexico"
2017-08-06,17.8599491119385,17.9878005981445,17.8460006713867,17.9256992340088,0,17.9256992340088,"Mexico"
2017-08-07,17.9316501617432,17.9547500610352,17.8323001861572,17.860559463501,0,17.860559463501,"Mexico"
2017-08-08,17.8602905273438,18.0548496246338,17.8412990570068,17.9509601593018,0,17.9509601593018,"Mexico"
2017-08-09,17.949499130249,17.9834003448486,17.863000869751,17.9747009277344,0,17.9747009277344,"Mexico"
2017-08-10,17.9730396270752,18.0300598144531,17.7642993927002,17.8113994598389,0,17.8113994598389,"Mexico"
2017-08-13,17.8141994476318,17.8179492950439,17.7287006378174,17.7746105194092,0,17.7746105194092,"Mexico"
2017-08-14,17.7625999450684,17.8802795410156,17.7409000396729,17.8052005767822,0,17.8052005767822,"Mexico"
2017-08-15,17.8084506988525,17.8197498321533,17.6392002105713,17.6657695770264,0,17.6657695770264,"Mexico"
2017-08-16,17.6492004394531,17.9039001464844,17.6264991760254,17.8934993743896,0,17.8934993743896,"Mexico"
2017-08-17,17.8929004669189,17.934009552002,17.6786994934082,17.694709777832,0,17.694709777832,"Mexico"
2017-08-20,17.7186794281006,17.7543506622314,17.6284008026123,17.6598091125488,0,17.6598091125488,"Mexico"
2017-08-21,17.645299911499,17.6878509521484,17.6077499389648,17.6551208496094,0,17.6551208496094,"Mexico"
2017-08-22,17.6554508209229,17.8371601104736,17.6459007263184,17.683500289917,0,17.683500289917,"Mexico"
2017-08-23,17.6681003570557,17.7405490875244,17.6334991455078,17.6986999511719,0,17.6986999511719,"Mexico"
2017-08-24,17.7008991241455,17.7284393310547,17.573299407959,17.5995197296143,0,17.5995197296143,"Mexico"
2017-08-27,17.6268005371094,17.9704494476318,17.6151008605957,17.9228000640869,0,17.9228000640869,"Mexico"
2017-08-28,17.9118003845215,17.9610595703125,17.808500289917,17.8517894744873,0,17.8517894744873,"Mexico"
2017-08-29,17.8520908355713,17.8855495452881,17.7021007537842,17.7365703582764,0,17.7365703582764,"Mexico"
2017-08-30,17.7367095947266,17.8922290802002,17.7068004608154,17.8773002624512,0,17.8773002624512,"Mexico"
2017-08-31,17.8863506317139,17.902660369873,17.7546005249023,17.8090705871582,0,17.8090705871582,"Mexico"
2017-09-03,17.809700012207,17.9221000671387,17.7900009155273,17.8807506561279,0,17.8807506561279,"Mexico"
2017-09-04,17.8801193237305,17.9602508544922,17.7574996948242,17.8858203887939,0,17.8858203887939,"Mexico"
2017-09-05,17.8833503723145,17.906530380249,17.7443008422852,17.7649993896484,0,17.7649993896484,"Mexico"
2017-09-06,17.7667999267578,17.7927494049072,17.6378993988037,17.6513900756836,0,17.6513900756836,"Mexico"
2017-09-07,17.6549701690674,17.7497005462646,17.5988006591797,17.707540512085,0,17.707540512085,"Mexico"
2017-09-10,17.7301502227783,17.7308502197266,17.6194000244141,17.6672496795654,0,17.6672496795654,"Mexico"
2017-09-11,17.6671504974365,17.807559967041,17.6504993438721,17.725040435791,0,17.725040435791,"Mexico"
2017-09-12,17.7143993377686,17.8089199066162,17.6930999755859,17.7616596221924,0,17.7616596221924,"Mexico"
2017-09-13,17.7601699829102,17.8233509063721,17.6266994476318,17.6687602996826,0,17.6687602996826,"Mexico"
2017-09-14,17.6635799407959,17.726749420166,17.6228008270264,17.6550693511963,0,17.6550693511963,"Mexico"
2017-09-17,17.6320705413818,17.7780494689941,17.5965995788574,17.7387008666992,0,17.7387008666992,"Mexico"
2017-09-18,17.7390995025635,17.8424301147461,17.7164001464844,17.815990447998,0,17.815990447998,"Mexico"
2017-09-19,17.8059997558594,17.8528804779053,17.6359004974365,17.797399520874,0,17.797399520874,"Mexico"
2017-09-20,17.7979393005371,17.9054908752441,17.7791996002197,17.8746891021729,0,17.8746891021729,"Mexico"
2017-09-21,17.8743000030518,17.8974208831787,17.7134990692139,17.7371292114258,0,17.7371292114258,"Mexico"
2017-09-24,17.7488307952881,17.9326305389404,17.7367000579834,17.9066009521484,0,17.9066009521484,"Mexico"
2017-09-25,17.9159107208252,18.0389308929443,17.8712997436523,17.9484004974365,0,17.9484004974365,"Mexico"
2017-09-26,17.9615898132324,18.2423496246338,17.918399810791,18.2210998535156,0,18.2210998535156,"Mexico"
2017-09-27,18.2328090667725,18.2936706542969,18.1236000061035,18.1448993682861,0,18.1448993682861,"Mexico"
2017-09-28,18.1455497741699,18.2560997009277,18.0920505523682,18.1263999938965,0,18.1263999938965,"Mexico"
2017-10-01,18.2273406982422,18.3304996490479,18.1263999938965,18.2451496124268,0,18.2451496124268,"Mexico"
2017-10-02,18.2278995513916,18.308629989624,18.1263999938965,18.211109161377,0,18.211109161377,"Mexico"
2017-10-03,18.1989994049072,18.2815494537354,18.1280994415283,18.2642002105713,0,18.2642002105713,"Mexico"
2017-10-04,18.270959854126,18.4957008361816,18.2187995910645,18.4778003692627,0,18.4778003692627,"Mexico"
2017-10-05,18.4868202209473,18.6244506835938,18.4666996002197,18.4778003692627,0,18.4778003692627,"Mexico"
2017-10-08,18.5681991577148,18.6970500946045,18.5429992675781,18.6656894683838,0,18.6656894683838,"Mexico"
2017-10-09,18.667049407959,18.8456001281738,18.5450992584229,18.8123798370361,0,18.8123798370361,"Mexico"
2017-10-10,18.8105506896973,18.8297004699707,18.6801795959473,18.6914196014404,0,18.6914196014404,"Mexico"
2017-10-11,18.6918106079102,18.9229507446289,18.6737995147705,18.8799800872803,0,18.8799800872803,"Mexico"
2017-10-12,18.8694000244141,18.9849796295166,18.8183994293213,18.8999996185303,0,18.8999996185303,"Mexico"
2017-10-15,18.9255409240723,19.1370506286621,18.8976993560791,19.0429496765137,0,19.0429496765137,"Mexico"
2017-10-16,19.0347003936768,19.1420593261719,18.7240009307861,18.7939491271973,0,18.7939491271973,"Mexico"
2017-10-17,18.794750213623,18.9241409301758,18.7147006988525,18.8813400268555,0,18.8813400268555,"Mexico"
2017-10-18,18.8813400268555,18.8910999298096,18.7591991424561,18.798900604248,0,18.798900604248,"Mexico"
2017-10-19,18.8061904907227,19.0536308288574,18.7705993652344,18.9809398651123,0,18.9809398651123,"Mexico"
2017-10-22,19.0038509368896,19.0979995727539,18.9479007720947,19.0625991821289,0,19.0625991821289,"Mexico"
2017-10-23,19.0761203765869,19.2500495910645,19.038200378418,19.2340507507324,0,19.2340507507324,"Mexico"
2017-10-24,19.220100402832,19.2713508605957,18.9827003479004,19.0955390930176,0,19.0955390930176,"Mexico"
2017-10-25,19.0945205688477,19.2268505096436,18.9505004882812,19.1786003112793,0,19.1786003112793,"Mexico"
2017-10-26,19.194019317627,19.3278503417969,19.0983505249023,19.125,0,19.125,"Mexico"
2017-10-30,19.15505027771,19.2989406585693,19.0564994812012,19.2262802124023,0,19.2262802124023,"Mexico"
2017-10-31,19.2180004119873,19.2779006958008,19.0914993286133,19.1711502075195,0,19.1711502075195,"Mexico"
2017-11-01,19.1716499328613,19.2056007385254,19.046199798584,19.1152896881104,0,19.1152896881104,"Mexico"
2017-11-02,19.1035995483398,19.1035995483398,18.9009990692139,18.982250213623,0,18.982250213623,"Mexico"
2017-11-03,18.9696998596191,19.2305507659912,18.9656505584717,19.2017707824707,0,19.2017707824707,"Mexico"
2017-11-06,19.1618499755859,19.1946506500244,18.9997005462646,19.0464496612549,0,19.0464496612549,"Mexico"
2017-11-07,19.0365009307861,19.2083492279053,19.0086002349854,19.1334991455078,0,19.1334991455078,"Mexico"
2017-11-08,19.1334095001221,19.1585102081299,19.0387001037598,19.0904006958008,0,19.0904006958008,"Mexico"
2017-11-09,19.0900993347168,19.1601295471191,19.0160007476807,19.0255508422852,0,19.0255508422852,"Mexico"
2017-11-10,19.0248699188232,19.1204891204834,18.9985504150391,19.1014804840088,0,19.1014804840088,"Mexico"
2017-11-13,19.1060009002686,19.1946296691895,19.0769996643066,19.1070003509521,0,19.1070003509521,"Mexico"
2017-11-14,19.1089000701904,19.1821308135986,19.0354995727539,19.1574897766113,0,19.1574897766113,"Mexico"
2017-11-15,19.1576690673828,19.3690204620361,19.101749420166,19.2359504699707,0,19.2359504699707,"Mexico"
2017-11-16,19.2336101531982,19.2552604675293,19.0305995941162,19.0479507446289,0,19.0479507446289,"Mexico"
2017-11-17,19.0490608215332,19.1096496582031,18.8883991241455,18.9018802642822,0,18.9018802642822,"Mexico"
2017-11-20,18.9451103210449,19.0485000610352,18.9092998504639,18.9938507080078,0,18.9938507080078,"Mexico"
2017-11-21,18.9799995422363,19.0405597686768,18.7560005187988,18.8015003204346,0,18.8015003204346,"Mexico"
2017-11-22,18.8013000488281,18.838020324707,18.5991992950439,18.6270999908447,0,18.6270999908447,"Mexico"
2017-11-23,18.6275997161865,18.6814994812012,18.5837993621826,18.6112003326416,0,18.6112003326416,"Mexico"
2017-11-24,18.6229400634766,18.6776695251465,18.5041999816895,18.5366096496582,0,18.5366096496582,"Mexico"
2017-11-27,18.5478000640869,18.6032009124756,18.4368000030518,18.5627994537354,0,18.5627994537354,"Mexico"
2017-11-28,18.5753898620605,18.6619491577148,18.5114994049072,18.5335502624512,0,18.5335502624512,"Mexico"
2017-11-29,18.5196990966797,18.5708694458008,18.4797992706299,18.5510005950928,0,18.5510005950928,"Mexico"
2017-11-30,18.5557994842529,18.6744499206543,18.513500213623,18.6481704711914,0,18.6481704711914,"Mexico"
2017-12-01,18.6487503051758,18.7173500061035,18.553150177002,18.6117191314697,0,18.6117191314697,"Mexico"
2017-12-04,18.6651000976562,18.7028503417969,18.5909996032715,18.6104507446289,0,18.6104507446289,"Mexico"
2017-12-05,18.6086502075195,18.7787494659424,18.5645008087158,18.770149230957,0,18.770149230957,"Mexico"
2017-12-06,18.7673492431641,18.9129009246826,18.7227001190186,18.8512001037598,0,18.8512001037598,"Mexico"
2017-12-07,18.8539009094238,18.9874496459961,18.8437995910645,18.9524993896484,0,18.9524993896484,"Mexico"
2017-12-08,18.9661502838135,18.9711494445801,18.8621006011963,18.9079704284668,0,18.9079704284668,"Mexico"
2017-12-11,18.9379005432129,19.0623302459717,18.8922004699707,19.0534496307373,0,19.0534496307373,"Mexico"
2017-12-12,19.0525493621826,19.2220706939697,19.0354995727539,19.1695995330811,0,19.1695995330811,"Mexico"
2017-12-13,19.1688003540039,19.2225494384766,18.9752998352051,19.0126495361328,0,19.0126495361328,"Mexico"
2017-12-14,19.0126304626465,19.1525497436523,18.9826202392578,19.1133899688721,0,19.1133899688721,"Mexico"
2017-12-15,19.1082496643066,19.1779499053955,19.0678997039795,19.1028003692627,0,19.1028003692627,"Mexico"
2017-12-18,19.1079006195068,19.1277294158936,18.9902000427246,19.0575103759766,0,19.0575103759766,"Mexico"
2017-12-19,19.0618991851807,19.238130569458,19.028600692749,19.2193508148193,0,19.2193508148193,"Mexico"
2017-12-20,19.2201499938965,19.2730007171631,19.1672992706299,19.2239894866943,0,19.2239894866943,"Mexico"
2017-12-21,19.2246494293213,19.5320205688477,19.2075996398926,19.4686908721924,0,19.4686908721924,"Mexico"
2017-12-22,19.4683799743652,19.7568492889404,19.4321994781494,19.7358894348145,0,19.7358894348145,"Mexico"
2017-12-25,19.7220001220703,19.7581405639648,19.6319999694824,19.7409992218018,0,19.7409992218018,"Mexico"
2017-12-26,19.752290725708,19.9006996154785,19.5377998352051,19.8751792907715,0,19.8751792907715,"Mexico"
2017-12-27,19.8633003234863,19.8854198455811,19.6641998291016,19.7075004577637,0,19.7075004577637,"Mexico"
2017-12-28,19.7089996337891,19.7882709503174,19.6243991851807,19.6956005096436,0,19.6956005096436,"Mexico"
2017-12-29,19.6956005096436,19.7270908355713,19.5556201934814,19.6553897857666,0,19.6553897857666,"Mexico"
2018-01-01,19.6613006591797,19.6615009307861,19.6142997741699,19.6508502960205,0,19.6508502960205,"Mexico"
2018-01-02,19.6406993865967,19.6573505401611,19.4414005279541,19.4974002838135,0,19.4974002838135,"Mexico"
2018-01-03,19.4958000183105,19.5299396514893,19.3213996887207,19.3511009216309,0,19.3511009216309,"Mexico"
2018-01-04,19.3512992858887,19.3869895935059,19.1947002410889,19.3069705963135,0,19.3069705963135,"Mexico"
2018-01-05,19.3068695068359,19.3992500305176,19.1583003997803,19.173999786377,0,19.173999786377,"Mexico"
2018-01-08,19.1795997619629,19.2952404022217,19.159200668335,19.1921195983887,0,19.1921195983887,"Mexico"
2018-01-09,19.1823997497559,19.3455009460449,19.179500579834,19.2446804046631,0,19.2446804046631,"Mexico"
2018-01-10,19.244800567627,19.4128494262695,19.156099319458,19.2630004882812,0,19.2630004882812,"Mexico"
2018-01-11,19.2754192352295,19.4284496307373,19.2119007110596,19.2153701782227,0,19.2153701782227,"Mexico"
2018-01-12,19.2111797332764,19.2457103729248,18.9811000823975,19.0330009460449,0,19.0330009460449,"Mexico"
2018-01-15,18.9792003631592,18.9934196472168,18.7742004394531,18.8587093353271,0,18.8587093353271,"Mexico"
2018-01-16,18.8484001159668,18.8903503417969,18.7367992401123,18.7525005340576,0,18.7525005340576,"Mexico"
2018-01-17,18.7643795013428,18.8333396911621,18.5680999755859,18.7168502807617,0,18.7168502807617,"Mexico"
2018-01-18,18.7035999298096,18.805549621582,18.5832004547119,18.5869007110596,0,18.5869007110596,"Mexico"
2018-01-19,18.5961494445801,18.6532497406006,18.5331001281738,18.6205406188965,0,18.6205406188965,"Mexico"
2018-01-22,18.5851497650146,18.7692794799805,18.5583000183105,18.7077808380127,0,18.7077808380127,"Mexico"
2018-01-23,18.6931991577148,18.8768196105957,18.667200088501,18.6732997894287,0,18.6732997894287,"Mexico"
2018-01-24,18.6863994598389,18.7084503173828,18.4465999603271,18.5350303649902,0,18.5350303649902,"Mexico"
2018-01-25,18.5317707061768,18.6358509063721,18.3188304901123,18.6094799041748,0,18.6094799041748,"Mexico"
2018-01-26,18.5986003875732,18.6166095733643,18.4087009429932,18.4764995574951,0,18.4764995574951,"Mexico"
2018-01-29,18.4849796295166,18.6751098632812,18.4673004150391,18.5977993011475,0,18.5977993011475,"Mexico"
2018-01-30,18.6067905426025,18.7794704437256,18.554500579834,18.7659797668457,0,18.7659797668457,"Mexico"
2018-01-31,18.755500793457,18.7697200775146,18.5645008087158,18.5870990753174,0,18.5870990753174,"Mexico"
2018-02-01,18.5865993499756,18.6666507720947,18.2975997924805,18.3330097198486,0,18.3330097198486,"Mexico"
2018-02-02,18.3180999755859,18.6425495147705,18.3180999755859,18.5765991210938,0,18.5765991210938,"Mexico"
2018-02-05,18.622200012207,18.8363990783691,18.5072994232178,18.8159294128418,0,18.8159294128418,"Mexico"
2018-02-06,18.8145008087158,18.9338302612305,18.5664005279541,18.6212997436523,0,18.6212997436523,"Mexico"
2018-02-07,18.6107997894287,18.799259185791,18.5935001373291,18.7779998779297,0,18.7779998779297,"Mexico"
2018-02-08,18.7845001220703,18.9661808013916,18.6879005432129,18.8691005706787,0,18.8691005706787,"Mexico"
2018-02-09,18.8697490692139,18.9526500701904,18.6657009124756,18.6896991729736,0,18.6896991729736,"Mexico"
2018-02-12,18.6861991882324,18.7159805297852,18.5706005096436,18.5881004333496,0,18.5881004333496,"Mexico"
2018-02-13,18.5881004333496,18.6743507385254,18.5545997619629,18.6343002319336,0,18.6343002319336,"Mexico"
2018-02-14,18.644229888916,18.7745990753174,18.5261993408203,18.5550994873047,0,18.5550994873047,"Mexico"
2018-02-15,18.562349319458,18.567850112915,18.4218997955322,18.5027198791504,0,18.5027198791504,"Mexico"
2018-02-16,18.5028190612793,18.5414600372314,18.4377994537354,18.5051002502441,0,18.5051002502441,"Mexico"
2018-02-19,18.4782009124756,18.5620098114014,18.4479999542236,18.5172996520996,0,18.5172996520996,"Mexico"
2018-02-20,18.5174007415771,18.7338695526123,18.5098991394043,18.7033996582031,0,18.7033996582031,"Mexico"
2018-02-21,18.7150001525879,18.8616905212402,18.6103992462158,18.8381004333496,0,18.8381004333496,"Mexico"
2018-02-22,18.8188991546631,18.8531703948975,18.57080078125,18.6039009094238,0,18.6039009094238,"Mexico"
2018-02-23,18.6056003570557,18.6447296142578,18.5142993927002,18.5200996398926,0,18.5200996398926,"Mexico"
2018-02-26,18.559289932251,18.7057209014893,18.5331993103027,18.6637992858887,0,18.6637992858887,"Mexico"
2018-02-27,18.6651000976562,18.8478507995605,18.625,18.8290004730225,0,18.8290004730225,"Mexico"
2018-02-28,18.8379993438721,18.870189666748,18.7569999694824,18.8250999450684,0,18.8250999450684,"Mexico"
2018-03-01,18.8399906158447,18.938850402832,18.7823505401611,18.8429698944092,0,18.8429698944092,"Mexico"
2018-03-02,18.8423404693604,18.9731292724609,18.7910995483398,18.8083095550537,0,18.8083095550537,"Mexico"
2018-03-05,18.824800491333,18.9592094421387,18.769100189209,18.7846508026123,0,18.7846508026123,"Mexico"
2018-03-06,18.7849502563477,18.8964004516602,18.6499996185303,18.8499507904053,0,18.8499507904053,"Mexico"
2018-03-07,18.8490390777588,18.8998508453369,18.6895999908447,18.698299407959,0,18.698299407959,"Mexico"
2018-03-08,18.7111892700195,18.7666301727295,18.5998001098633,18.625,0,18.625,"Mexico"
2018-03-09,18.6373500823975,18.6452903747559,18.5006008148193,18.6009998321533,0,18.6009998321533,"Mexico"
2018-03-12,18.6084003448486,18.6807193756104,18.5510005950928,18.5758991241455,0,18.5758991241455,"Mexico"
2018-03-13,18.5872802734375,18.64208984375,18.4883995056152,18.5995807647705,0,18.5995807647705,"Mexico"
2018-03-14,18.582799911499,18.6290893554688,18.5109004974365,18.5725002288818,0,18.5725002288818,"Mexico"
2018-03-15,18.5835609436035,18.7448101043701,18.5515003204346,18.6872997283936,0,18.6872997283936,"Mexico"
2018-03-16,18.7001800537109,18.7598495483398,18.6719493865967,18.6746006011963,0,18.6746006011963,"Mexico"
2018-03-19,18.6844997406006,18.8409805297852,18.6844997406006,18.6972999572754,0,18.6972999572754,"Mexico"
2018-03-20,18.7088508605957,18.8029499053955,18.6856994628906,18.7439002990723,0,18.7439002990723,"Mexico"
2018-03-21,18.7465991973877,18.7618503570557,18.3908004760742,18.4435501098633,0,18.4435501098633,"Mexico"
2018-03-22,18.4446392059326,18.6846504211426,18.4115009307861,18.6739406585693,0,18.6739406585693,"Mexico"
2018-03-23,18.6743392944336,18.6786994934082,18.4715995788574,18.5100994110107,0,18.5100994110107,"Mexico"
2018-03-25,18.4909000396729,18.500150680542,18.2616004943848,18.3277397155762,0,18.3277397155762,"Mexico"
2018-03-26,18.3166999816895,18.4255409240723,18.289400100708,18.3805198669434,0,18.3805198669434,"Mexico"
2018-03-27,18.3793697357178,18.4414501190186,18.1952991485596,18.3215503692627,0,18.3215503692627,"Mexico"
2018-03-28,18.3178195953369,18.334529876709,18.1551990509033,18.1681995391846,0,18.1681995391846,"Mexico"
2018-03-29,18.179349899292,18.1864490509033,18.1439990997314,18.1668395996094,0,18.1668395996094,"Mexico"
2018-04-01,18.1954898834229,18.3522396087646,18.1671009063721,18.2255001068115,0,18.2255001068115,"Mexico"
2018-04-02,18.2252006530762,18.241060256958,18.1511993408203,18.2232608795166,0,18.2232608795166,"Mexico"
2018-04-03,18.2115001678467,18.3381500244141,18.1921005249023,18.2232608795166,0,18.2232608795166,"Mexico"
2018-04-04,18.1129608154297,18.1363506317139,18.0459995269775,18.0990009307861,0,18.0990009307861,"Mexico"
2018-04-05,18.22705078125,18.3304996490479,18.1732006072998,18.2182006835938,0,18.2182006835938,"Mexico"
2018-04-08,18.3049297332764,18.3921508789062,18.205099105835,18.3034400939941,0,18.3034400939941,"Mexico"
2018-04-09,18.3476505279541,18.3527507781982,18.243200302124,18.3311996459961,0,18.3311996459961,"Mexico"
2018-04-10,18.2545604705811,18.3265590667725,18.1674003601074,18.2385997772217,0,18.2385997772217,"Mexico"
2018-04-11,18.2053508758545,18.2618408203125,18.0893001556396,18.1935997009277,0,18.1935997009277,"Mexico"
2018-04-12,18.1686992645264,18.1846809387207,18.0585994720459,18.171199798584,0,18.171199798584,"Mexico"
2018-04-15,18.0401000976562,18.0893497467041,17.9971008300781,18.0530300140381,0,18.0530300140381,"Mexico"
2018-04-16,17.9909992218018,18.0428009033203,17.9305000305176,17.9918994903564,0,17.9918994903564,"Mexico"
2018-04-17,18.0282001495361,18.0587501525879,17.9617004394531,18.0244007110596,0,18.0244007110596,"Mexico"
2018-04-18,18.0634994506836,18.3460292816162,18.0447006225586,18.0758495330811,0,18.0758495330811,"Mexico"
2018-04-19,18.4473400115967,18.6836204528809,18.4207000732422,18.4469299316406,0,18.4469299316406,"Mexico"
2018-04-22,18.530309677124,18.9076499938965,18.5146999359131,18.5200996398926,0,18.5200996398926,"Mexico"
2018-04-23,18.9302005767822,18.9597492218018,18.7616004943848,18.926700592041,0,18.926700592041,"Mexico"
2018-04-24,18.8111991882324,19.1377696990967,18.7858009338379,18.8116302490234,0,18.8116302490234,"Mexico"
2018-04-25,18.8581504821777,18.9223594665527,18.7735500335693,18.8465003967285,0,18.8465003967285,"Mexico"
2018-04-26,18.76881980896,18.8574104309082,18.6462001800537,18.75830078125,0,18.75830078125,"Mexico"
2018-04-29,18.6506099700928,18.8133907318115,18.6105995178223,18.636999130249,0,18.636999130249,"Mexico"
2018-04-30,18.710599899292,18.8726501464844,18.6837997436523,18.6970996856689,0,18.6970996856689,"Mexico"
2018-05-01,18.9276008605957,19.1991500854492,18.8514995574951,18.9354991912842,0,18.9354991912842,"Mexico"
2018-05-02,19.1023406982422,19.199369430542,18.9398002624512,19.090799331665,0,19.090799331665,"Mexico"
2018-05-03,19.0457000732422,19.2604598999023,19.0214996337891,19.0459003448486,0,19.0459003448486,"Mexico"
2018-05-06,19.2541007995605,19.4545497894287,19.2068996429443,19.2544994354248,0,19.2544994354248,"Mexico"
2018-05-07,19.4249000549316,19.6393508911133,19.4016990661621,19.4251003265381,0,19.4251003265381,"Mexico"
2018-05-08,19.5627498626709,19.6963405609131,19.4848003387451,19.5485992431641,0,19.5485992431641,"Mexico"
2018-05-09,19.5645008087158,19.5888500213623,19.2812995910645,19.5671997070312,0,19.5671997070312,"Mexico"
2018-05-10,19.2460708618164,19.438850402832,19.149299621582,19.2369003295898,0,19.2369003295898,"Mexico"
2018-05-13,19.3428001403809,19.5429496765137,19.2905006408691,19.342399597168,0,19.342399597168,"Mexico"
2018-05-14,19.5720996856689,19.9297008514404,19.568000793457,19.5765991210938,0,19.5765991210938,"Mexico"
2018-05-15,19.6716003417969,19.7991008758545,19.628999710083,19.6693992614746,0,19.6693992614746,"Mexico"
2018-05-16,19.5650005340576,19.7499504089355,19.4976005554199,19.5625991821289,0,19.5625991821289,"Mexico"
2018-05-17,19.7646503448486,19.9720706939697,19.6422996520996,19.7486991882324,0,19.7486991882324,"Mexico"
2018-05-20,19.8951797485352,20.03005027771,19.8701992034912,19.8898506164551,0,19.8898506164551,"Mexico"
2018-05-21,19.8251991271973,19.8463497161865,19.6928997039795,19.823600769043,0,19.823600769043,"Mexico"
2018-05-22,19.7504997253418,19.9868907928467,19.7406005859375,19.7624397277832,0,19.7624397277832,"Mexico"
2018-05-23,19.6467990875244,19.7760906219482,19.5795001983643,19.6343994140625,0,19.6343994140625,"Mexico"
2018-05-24,19.5659999847412,19.6611099243164,19.4846000671387,19.5664005279541,0,19.5664005279541,"Mexico"
2018-05-27,19.5328502655029,19.6234397888184,19.4393005371094,19.5330505371094,0,19.5330505371094,"Mexico"
2018-05-28,19.5748996734619,19.7469501495361,19.5673999786377,19.5860500335693,0,19.5860500335693,"Mexico"
2018-05-29,19.8274002075195,19.8410491943359,19.6375007629395,19.8398494720459,0,19.8398494720459,"Mexico"
2018-05-30,19.773099899292,20.044750213623,19.7161998748779,19.7751998901367,0,19.7751998901367,"Mexico"
2018-05-31,19.8966999053955,19.9901599884033,19.7970008850098,19.9034996032715,0,19.9034996032715,"Mexico"
2018-06-03,19.9298000335693,20.0175495147705,19.8479995727539,19.942419052124,0,19.942419052124,"Mexico"
2018-06-04,20.0623893737793,20.4449691772461,20.0464000701904,20.0633106231689,0,20.0633106231689,"Mexico"
2018-06-05,20.3906993865967,20.4845104217529,20.2154006958008,20.3938999176025,0,20.3938999176025,"Mexico"
2018-06-06,20.3041095733643,20.5006008148193,20.2761001586914,20.2936000823975,0,20.2936000823975,"Mexico"
2018-06-07,20.4139995574951,20.6469993591309,20.3754997253418,20.4176998138428,0,20.4176998138428,"Mexico"
2018-06-10,20.3372001647949,20.5430507659912,20.262300491333,20.3257999420166,0,20.3257999420166,"Mexico"
2018-06-11,20.5613994598389,20.6305999755859,20.5228500366211,20.5615005493164,0,20.5615005493164,"Mexico"
2018-06-12,20.6919994354248,20.7509002685547,20.5806999206543,20.6921997070312,0,20.6921997070312,"Mexico"
2018-06-13,20.6690196990967,20.7301502227783,20.5079002380371,20.6543006896973,0,20.6543006896973,"Mexico"
2018-06-14,20.8362007141113,20.9583606719971,20.610200881958,20.8386001586914,0,20.8386001586914,"Mexico"
2018-06-17,20.6714000701904,20.7749004364014,20.6282005310059,20.6828193664551,0,20.6828193664551,"Mexico"
2018-06-18,20.5417003631592,20.6996994018555,20.4752006530762,20.5496997833252,0,20.5496997833252,"Mexico"
2018-06-19,20.5126991271973,20.5674991607666,20.3367004394531,20.5104007720947,0,20.5104007720947,"Mexico"
2018-06-20,20.3567008972168,20.5263900756836,20.2700004577637,20.3595008850098,0,20.3595008850098,"Mexico"
2018-06-21,20.3248500823975,20.3337993621826,20.0914993286133,20.3103008270264,0,20.3103008270264,"Mexico"
2018-06-24,20.0308990478516,20.1387004852295,20.0165004730225,20.0305004119873,0,20.0305004119873,"Mexico"
2018-06-25,19.9088096618652,19.9942607879639,19.7728996276855,19.9057998657227,0,19.9057998657227,"Mexico"
2018-06-26,19.9130992889404,20.0938396453857,19.8943004608154,19.9225902557373,0,19.9225902557373,"Mexico"
2018-06-27,20.1563301086426,20.1931991577148,19.8006992340088,20.1547508239746,0,20.1547508239746,"Mexico"
2018-06-28,19.7301006317139,19.7628803253174,19.5609607696533,19.7292995452881,0,19.7292995452881,"Mexico"
2018-07-01,19.7961006164551,20.190149307251,19.6345996856689,19.7943000793457,0,19.7943000793457,"Mexico"
2018-07-02,19.9641990661621,20.0368690490723,19.5074005126953,19.9640007019043,0,19.9640007019043,"Mexico"
2018-07-03,19.4971008300781,19.5538501739502,19.4000492095947,19.4932994842529,0,19.4932994842529,"Mexico"
2018-07-04,19.4223003387451,19.4603290557861,19.2095394134521,19.423900604248,0,19.423900604248,"Mexico"
2018-07-05,19.2481498718262,19.2775497436523,19.0344791412354,19.2525291442871,0,19.2525291442871,"Mexico"
2018-07-08,19.0608005523682,19.1681499481201,18.9640998840332,19.0611000061035,0,19.0611000061035,"Mexico"
2018-07-09,19.1777000427246,19.2742500305176,18.9908008575439,19.1777000427246,0,19.1777000427246,"Mexico"
2018-07-10,19.0025901794434,19.0894794464111,18.8964996337891,19.0118999481201,0,19.0118999481201,"Mexico"
2018-07-11,19.0585994720459,19.0782299041748,18.7521991729736,19.0585994720459,0,19.0585994720459,"Mexico"
2018-07-12,18.9688491821289,19.0899600982666,18.8547992706299,18.969690322876,0,18.969690322876,"Mexico"
2018-07-15,18.8892002105713,18.9143505096436,18.7642002105713,18.9020099639893,0,18.9020099639893,"Mexico"
2018-07-16,18.8337802886963,18.9495506286621,18.7994003295898,18.8330001831055,0,18.8330001831055,"Mexico"
2018-07-17,18.8775997161865,19.0363502502441,18.861499786377,18.8847999572754,0,18.8847999572754,"Mexico"
2018-07-18,18.8889999389648,19.1601505279541,18.8714008331299,18.8894004821777,0,18.8894004821777,"Mexico"
2018-07-19,19.0200996398926,19.1090297698975,18.9098491668701,19.035530090332,0,19.035530090332,"Mexico"
2018-07-22,19.0077991485596,19.163480758667,18.9990005493164,19.0210609436035,0,19.0210609436035,"Mexico"
2018-07-23,18.9022998809814,18.9516296386719,18.7877006530762,18.9023990631104,0,18.9023990631104,"Mexico"
2018-07-24,18.8453998565674,18.8706798553467,18.6989002227783,18.854700088501,0,18.854700088501,"Mexico"
2018-07-25,18.656099319458,18.7435607910156,18.5791606903076,18.6551990509033,0,18.6551990509033,"Mexico"
2018-07-26,18.6326007843018,18.6657295227051,18.5210990905762,18.6324005126953,0,18.6324005126953,"Mexico"
2018-07-29,18.6185092926025,18.6519508361816,18.4845008850098,18.6067008972168,0,18.6067008972168,"Mexico"
2018-07-30,18.5271797180176,18.6672496795654,18.5000991821289,18.5305805206299,0,18.5305805206299,"Mexico"
2018-07-31,18.6539001464844,18.7097396850586,18.5627307891846,18.6648902893066,0,18.6648902893066,"Mexico"
2018-08-01,18.5896492004395,18.7576999664307,18.578800201416,18.5900993347168,0,18.5900993347168,"Mexico"
2018-08-02,18.6467399597168,18.7070407867432,18.5382995605469,18.6340007781982,0,18.6340007781982,"Mexico"
2018-08-05,18.5580005645752,18.6123008728027,18.4955997467041,18.5686492919922,0,18.5686492919922,"Mexico"
2018-08-06,18.5167007446289,18.5337505340576,18.3934993743896,18.52659034729,0,18.52659034729,"Mexico"
2018-08-07,18.4512500762939,18.5639495849609,18.4022006988525,18.4433002471924,0,18.4433002471924,"Mexico"
2018-08-08,18.4580993652344,18.6890296936035,18.4270992279053,18.4575996398926,0,18.4575996398926,"Mexico"
2018-08-09,18.7212009429932,19.0576496124268,18.6839008331299,18.7215003967285,0,18.7215003967285,"Mexico"
2018-08-12,19.090160369873,19.3698501586914,19.0255908966064,19.067699432373,0,19.067699432373,"Mexico"
2018-08-13,19.1383991241455,19.1474990844727,18.8462009429932,19.1306991577148,0,19.1306991577148,"Mexico"
2018-08-14,18.8912792205811,19.2978000640869,18.8495998382568,18.8798007965088,0,18.8798007965088,"Mexico"
2018-08-15,19.179069519043,19.1983509063721,18.9227600097656,19.1840000152588,0,19.1840000152588,"Mexico"
2018-08-16,18.9924201965332,19.1496601104736,18.9412002563477,19.0074996948242,0,19.0074996948242,"Mexico"
2018-08-19,18.8782997131348,19.0278701782227,18.8442001342773,18.8782005310059,0,18.8782005310059,"Mexico"
2018-08-20,19.003080368042,19.0074405670166,18.8486003875732,19.0035400390625,0,19.0035400390625,"Mexico"
2018-08-21,18.9355201721191,18.9797306060791,18.7374992370605,18.9437694549561,0,18.9437694549561,"Mexico"
2018-08-22,18.7653007507324,18.8905601501465,18.7250995635986,18.7673492431641,0,18.7673492431641,"Mexico"
2018-08-23,19.010799407959,19.0297508239746,18.7811508178711,19.0062007904053,0,19.0062007904053,"Mexico"
2018-08-26,18.7656002044678,18.8599491119385,18.6075000762939,18.767599105835,0,18.767599105835,"Mexico"
2018-08-27,18.7983303070068,18.933629989624,18.7021007537842,18.8001499176025,0,18.8001499176025,"Mexico"
2018-08-28,19.0459003448486,19.18577003479,19.0018997192383,19.0659503936768,0,19.0659503936768,"Mexico"
2018-08-29,18.9258003234863,19.1755905151367,18.9237995147705,18.9263000488281,0,18.9263000488281,"Mexico"
2018-08-30,19.0987491607666,19.2348709106445,19.0466995239258,19.0998401641846,0,19.0998401641846,"Mexico"
2018-09-02,19.0969009399414,19.277379989624,19.0969009399414,19.0969009399414,0,19.0969009399414,"Mexico"
2018-09-03,19.1853008270264,19.475549697876,19.1777992248535,19.1846008300781,0,19.1846008300781,"Mexico"
2018-09-04,19.3687000274658,19.6768398284912,19.343599319458,19.3680992126465,0,19.3680992126465,"Mexico"
2018-09-05,19.34787940979,19.4448890686035,19.18869972229,19.3369007110596,0,19.3369007110596,"Mexico"
2018-09-06,19.2196998596191,19.2799491882324,19.1119995117188,19.2325305938721,0,19.2325305938721,"Mexico"
2018-09-09,19.3141994476318,19.3615493774414,19.2458992004395,19.3138999938965,0,19.3138999938965,"Mexico"
2018-09-10,19.2748908996582,19.3776397705078,19.1620006561279,19.2656993865967,0,19.2656993865967,"Mexico"
2018-09-11,19.19215965271,19.2214508056641,19.0139999389648,19.2018203735352,0,19.2018203735352,"Mexico"
2018-09-12,19.0268001556396,19.0550498962402,18.8169994354248,19.027099609375,0,19.027099609375,"Mexico"
2018-09-13,18.8285007476807,18.8763694763184,18.7618007659912,18.830099105835,0,18.830099105835,"Mexico"
2018-09-16,18.8801002502441,18.9205799102783,18.7940998077393,18.875,0,18.875,"Mexico"
2018-09-17,18.9204807281494,18.9204807281494,18.7250995635986,18.9195404052734,0,18.9195404052734,"Mexico"
2018-09-18,18.7887001037598,18.8193302154541,18.6849994659424,18.7882995605469,0,18.7882995605469,"Mexico"
2018-09-19,18.7565994262695,18.8885707855225,18.701000213623,18.7556991577148,0,18.7556991577148,"Mexico"
2018-09-20,18.835599899292,18.9414501190186,18.8195991516113,18.8358993530273,0,18.8358993530273,"Mexico"
2018-09-23,18.8330001831055,18.8763294219971,18.8043003082275,18.8441696166992,0,18.8441696166992,"Mexico"
2018-09-24,18.9559001922607,19.0364208221436,18.9169006347656,18.9658699035645,0,18.9658699035645,"Mexico"
2018-09-25,18.9755001068115,19.0525608062744,18.8619995117188,18.9752998352051,0,18.9752998352051,"Mexico"
2018-09-26,18.8572597503662,18.9532203674316,18.7455005645752,18.8489799499512,0,18.8489799499512,"Mexico"
2018-09-27,18.7870006561279,18.8668003082275,18.6760005950928,18.786600112915,0,18.786600112915,"Mexico"
2018-09-30,18.6583995819092,18.6875991821289,18.496000289917,18.6744194030762,0,18.6744194030762,"Mexico"
2018-10-01,18.7093105316162,18.8659496307373,18.6907997131348,18.7078990936279,0,18.7078990936279,"Mexico"
2018-10-02,18.8008193969727,18.8463401794434,18.7091999053955,18.7870998382568,0,18.7870998382568,"Mexico"
2018-10-03,19.0345802307129,19.1756801605225,18.9640693664551,19.0324993133545,0,19.0324993133545,"Mexico"
2018-10-04,19.1155490875244,19.1195106506348,18.8679008483887,19.103099822998,0,19.103099822998,"Mexico"
2018-10-07,18.7650203704834,18.9534702301025,18.7378997802734,18.7651901245117,0,18.7651901245117,"Mexico"
2018-10-08,18.9398994445801,19.0585803985596,18.9027996063232,18.943359375,0,18.943359375,"Mexico"
2018-10-09,18.9947490692139,19.1695899963379,18.9629001617432,18.9916591644287,0,18.9916591644287,"Mexico"
2018-10-10,19.1515007019043,19.1816291809082,18.9872608184814,19.1637706756592,0,19.1637706756592,"Mexico"
2018-10-11,18.9647998809814,18.9771308898926,18.8314990997314,18.9759693145752,0,18.9759693145752,"Mexico"
2018-10-14,18.8673000335693,18.8933792114258,18.7775001525879,18.867000579834,0,18.867000579834,"Mexico"
2018-10-15,18.830099105835,18.9030704498291,18.7282009124756,18.8201007843018,0,18.8201007843018,"Mexico"
2018-10-16,18.7522201538086,18.8690700531006,18.7402992248535,18.7520904541016,0,18.7520904541016,"Mexico"
2018-10-17,18.8663997650146,19.1567993164062,18.8369007110596,18.8656005859375,0,18.8656005859375,"Mexico"
2018-10-18,19.1516704559326,19.2679004669189,19.0720996856689,19.1404991149902,0,19.1404991149902,"Mexico"
2018-10-21,19.2784996032715,19.39035987854,19.2138996124268,19.2801990509033,0,19.2801990509033,"Mexico"
2018-10-22,19.4046592712402,19.4542407989502,19.3402996063232,19.3924999237061,0,19.3924999237061,"Mexico"
2018-10-23,19.2903594970703,19.4869995117188,19.2467002868652,19.2889709472656,0,19.2889709472656,"Mexico"
2018-10-24,19.5837993621826,19.6046104431152,19.3889007568359,19.5975704193115,0,19.5975704193115,"Mexico"
2018-10-25,19.4880790710449,19.6114902496338,19.4218006134033,19.4817695617676,0,19.4817695617676,"Mexico"
2018-10-29,19.3712005615234,19.8295307159424,19.3516998291016,19.369800567627,0,19.369800567627,"Mexico"
2018-10-30,20.0646896362305,20.1232490539551,19.8939990997314,20.0529003143311,0,20.0529003143311,"Mexico"
2018-10-31,20.0745506286621,20.3374900817871,20.0547008514404,20.0615997314453,0,20.0615997314453,"Mexico"
2018-11-01,20.3036994934082,20.3220291137695,20.0326995849609,20.3150901794434,0,20.3150901794434,"Mexico"
2018-11-02,20.1765003204346,20.2194995880127,19.890100479126,20.1618003845215,0,20.1618003845215,"Mexico"
2018-11-05,20.0114994049072,20.1318492889404,19.9164009094238,20.0104999542236,0,20.0104999542236,"Mexico"
2018-11-06,19.8687992095947,19.9622592926025,19.8115005493164,19.8686008453369,0,19.8686008453369,"Mexico"
2018-11-07,19.7064990997314,19.8862495422363,19.5660991668701,19.706600189209,0,19.706600189209,"Mexico"
2018-11-08,19.8638000488281,20.0653400421143,19.8089008331299,19.8603992462158,0,19.8603992462158,"Mexico"
2018-11-09,20.1644992828369,20.4060497283936,20.1357002258301,20.1643009185791,0,20.1643009185791,"Mexico"
2018-11-12,20.1007995605469,20.3659000396729,20.0718002319336,20.1011009216309,0,20.1011009216309,"Mexico"
2018-11-13,20.3549995422363,20.5735492706299,20.2546005249023,20.352819442749,0,20.352819442749,"Mexico"
2018-11-14,20.4645404815674,20.5379791259766,20.3117008209229,20.4554996490479,0,20.4554996490479,"Mexico"
2018-11-15,20.3894004821777,20.4411506652832,20.2572994232178,20.3887004852295,0,20.3887004852295,"Mexico"
2018-11-16,20.2463092803955,20.3758296966553,20.1471004486084,20.2465896606445,0,20.2465896606445,"Mexico"
2018-11-19,20.1405906677246,20.3825492858887,20.1086006164551,20.1399002075195,0,20.1399002075195,"Mexico"
2018-11-20,20.3670997619629,20.5303001403809,20.3139991760254,20.3679008483887,0,20.3679008483887,"Mexico"
2018-11-21,20.3763008117676,20.4042701721191,20.1562004089355,20.3673992156982,0,20.3673992156982,"Mexico"
2018-11-22,20.2543907165527,20.3456001281738,20.1884002685547,20.2437992095947,0,20.2437992095947,"Mexico"
2018-11-23,20.2915000915527,20.4393005371094,20.2808990478516,20.2915000915527,0,20.2915000915527,"Mexico"
2018-11-26,20.3924999237061,20.5556507110596,20.3348999023438,20.4041996002197,0,20.4041996002197,"Mexico"
2018-11-27,20.5897006988525,20.597749710083,20.3918991088867,20.5937004089355,0,20.5937004089355,"Mexico"
2018-11-28,20.4561004638672,20.5140495300293,20.3582000732422,20.4554004669189,0,20.4554004669189,"Mexico"
2018-11-29,20.2726001739502,20.2896003723145,20.1532001495361,20.2735996246338,0,20.2735996246338,"Mexico"
2018-11-30,20.2338008880615,20.3691101074219,20.2178001403809,20.2248001098633,0,20.2248001098633,"Mexico"
2018-12-03,20.1578006744385,20.2665691375732,19.9995994567871,20.1606998443604,0,20.1606998443604,"Mexico"
2018-12-04,20.3343200683594,20.5380001068115,20.2224006652832,20.3341503143311,0,20.3341503143311,"Mexico"
2018-12-05,20.5006008148193,20.6137504577637,20.4030990600586,20.4993991851807,0,20.4993991851807,"Mexico"
2018-12-06,20.5231304168701,20.650110244751,20.4092998504639,20.5081996917725,0,20.5081996917725,"Mexico"
2018-12-07,20.3435802459717,20.4158191680908,20.1625003814697,20.3335990905762,0,20.3335990905762,"Mexico"
2018-12-10,20.284049987793,20.3948497772217,20.1879997253418,20.2742004394531,0,20.2742004394531,"Mexico"
2018-12-11,20.3041000366211,20.3433990478516,20.1669998168945,20.3150997161865,0,20.3150997161865,"Mexico"
2018-12-12,20.1686000823975,20.2177600860596,19.9813003540039,20.1793193817139,0,20.1793193817139,"Mexico"
2018-12-13,20.0592994689941,20.2836303710938,20.0503005981445,20.0519008636475,0,20.0519008636475,"Mexico"
2018-12-14,20.2709999084473,20.5148391723633,20.2604999542236,20.2726993560791,0,20.2726993560791,"Mexico"
2018-12-17,20.140100479126,20.1998596191406,20.0555992126465,20.140100479126,0,20.140100479126,"Mexico"
2018-12-18,20.0622005462646,20.1766395568848,20.027099609375,20.0697002410889,0,20.0697002410889,"Mexico"
2018-12-19,20.0562896728516,20.1476802825928,19.9724998474121,20.0562400817871,0,20.0562400817871,"Mexico"
2018-12-20,20.0851993560791,20.1417694091797,19.8036003112793,20.0851993560791,0,20.0851993560791,"Mexico"
2018-12-21,19.8804092407227,19.9981002807617,19.8420696258545,19.8681507110596,0,19.8681507110596,"Mexico"
2018-12-24,19.9078998565674,19.9253406524658,19.8132991790771,19.9207706451416,0,19.9207706451416,"Mexico"
2018-12-25,19.8603000640869,19.9090995788574,19.8499908447266,19.8603992462158,0,19.8603992462158,"Mexico"
2018-12-26,19.9498901367188,19.9633502960205,19.8393993377686,19.9577293395996,0,19.9577293395996,"Mexico"
2018-12-27,19.8936996459961,19.9442501068115,19.6252994537354,19.8932991027832,0,19.8932991027832,"Mexico"
2018-12-28,19.6934509277344,19.7407493591309,19.5993995666504,19.6823997497559,0,19.6823997497559,"Mexico"
2018-12-31,19.6437797546387,19.7007999420166,19.6112995147705,19.6453704833984,0,19.6453704833984,"Mexico"
2019-01-01,19.6340999603271,19.6399993896484,19.632999420166,19.6336994171143,0,19.6336994171143,"Mexico"
2019-01-02,19.6292991638184,19.7158393859863,19.5547008514404,19.6282997131348,0,19.6282997131348,"Mexico"
2019-01-03,19.6135005950928,19.666540145874,19.5550003051758,19.6077003479004,0,19.6077003479004,"Mexico"
2019-01-04,19.6158008575439,19.6604099273682,19.4354991912842,19.6044998168945,0,19.6044998168945,"Mexico"
2019-01-07,19.3810997009277,19.4682807922363,19.2833995819092,19.3819007873535,0,19.3819007873535,"Mexico"
2019-01-08,19.3535995483398,19.4320201873779,19.2814998626709,19.3646202087402,0,19.3646202087402,"Mexico"
2019-01-09,19.3360004425049,19.3731803894043,19.2016506195068,19.3278999328613,0,19.3278999328613,"Mexico"
2019-01-10,19.2194499969482,19.2650909423828,19.1194000244141,19.2059001922607,0,19.2059001922607,"Mexico"
2019-01-11,19.124849319458,19.178430557251,19.0463008880615,19.1307506561279,0,19.1307506561279,"Mexico"
2019-01-14,19.1400394439697,19.2008991241455,18.9990005493164,19.1389007568359,0,19.1389007568359,"Mexico"
2019-01-15,18.9860191345215,19.082950592041,18.93869972229,18.9736003875732,0,18.9736003875732,"Mexico"
2019-01-16,18.956600189209,19.0494499206543,18.9438991546631,18.9715194702148,0,18.9715194702148,"Mexico"
2019-01-17,18.8722991943359,19.110200881958,18.8652000427246,18.8810997009277,0,18.8810997009277,"Mexico"
2019-01-18,18.9960994720459,19.1236991882324,18.9610004425049,18.9953994750977,0,18.9953994750977,"Mexico"
2019-01-21,19.0928993225098,19.1992797851562,19.0758991241455,19.0886993408203,0,19.0886993408203,"Mexico"
2019-01-22,19.1567707061768,19.2367706298828,19.1126003265381,19.1471996307373,0,19.1471996307373,"Mexico"
2019-01-23,19.164400100708,19.1652297973633,19.0576000213623,19.1523990631104,0,19.1523990631104,"Mexico"
2019-01-24,19.0214996337891,19.0827198028564,18.9435997009277,19.0224990844727,0,19.0224990844727,"Mexico"
2019-01-25,19.0121994018555,19.0279598236084,18.8733997344971,19.0132999420166,0,19.0132999420166,"Mexico"
2019-01-28,18.9897193908691,19.077449798584,18.9529991149902,18.9888496398926,0,18.9888496398926,"Mexico"
2019-01-29,19.025899887085,19.0576496124268,18.9661998748779,19.0375499725342,0,19.0375499725342,"Mexico"
2019-01-30,19.0804996490479,19.1990604400635,19.0424995422363,19.0908603668213,0,19.0908603668213,"Mexico"
2019-01-31,19.1037502288818,19.1544494628906,18.9769992828369,19.1052799224854,0,19.1052799224854,"Mexico"
2019-02-01,19.1006202697754,19.1816501617432,19.0637893676758,19.0930995941162,0,19.0930995941162,"Mexico"
2019-02-04,19.0968494415283,19.173849105835,19.0109004974365,19.0869998931885,0,19.0869998931885,"Mexico"
2019-02-05,19.1058502197266,19.1260509490967,19.0084991455078,19.095100402832,0,19.095100402832,"Mexico"
2019-02-06,19.0366706848145,19.1651802062988,19.0226001739502,19.0244007110596,0,19.0244007110596,"Mexico"
2019-02-07,19.1061000823975,19.1821403503418,19.0340995788574,19.1091995239258,0,19.1091995239258,"Mexico"
2019-02-08,19.0742492675781,19.1309700012207,19.0104999542236,19.0741806030273,0,19.0741806030273,"Mexico"
2019-02-11,19.0620002746582,19.2835006713867,19.0601997375488,19.0723705291748,0,19.0723705291748,"Mexico"
2019-02-12,19.2866992950439,19.3098201751709,19.2042007446289,19.2884006500244,0,19.2884006500244,"Mexico"
2019-02-13,19.2451992034912,19.4444007873535,19.201000213623,19.2427005767822,0,19.2427005767822,"Mexico"
2019-02-14,19.4146003723145,19.4643993377686,19.3400897979736,19.4137992858887,0,19.4137992858887,"Mexico"
2019-02-15,19.2446002960205,19.4138507843018,19.2015991210938,19.2584590911865,0,19.2584590911865,"Mexico"
2019-02-18,19.2502002716064,19.2789001464844,19.1884994506836,19.2611293792725,0,19.2611293792725,"Mexico"
2019-02-19,19.2409992218018,19.2940502166748,19.159200668335,19.243200302124,0,19.243200302124,"Mexico"
2019-02-20,19.1516704559326,19.2295303344727,19.1201992034912,19.1410999298096,0,19.1410999298096,"Mexico"
2019-02-21,19.2061004638672,19.2842407226562,19.1608009338379,19.2181701660156,0,19.2181701660156,"Mexico"
2019-02-22,19.2851295471191,19.2990093231201,19.1156997680664,19.2742004394531,0,19.2742004394531,"Mexico"
2019-02-25,19.1289005279541,19.1463508605957,19.017599105835,19.1285991668701,0,19.1285991668701,"Mexico"
2019-02-26,19.1201992034912,19.2075691223145,19.0925006866455,19.121000289917,0,19.121000289917,"Mexico"
2019-02-27,19.1841201782227,19.2539691925049,19.1338996887207,19.1850109100342,0,19.1850109100342,"Mexico"
2019-02-28,19.166389465332,19.2772102355957,19.1420993804932,19.1644897460938,0,19.1644897460938,"Mexico"
2019-03-01,19.2743492126465,19.3334999084473,19.2419891357422,19.2626991271973,0,19.2626991271973,"Mexico"
2019-03-04,19.2753505706787,19.3798007965088,19.2597007751465,19.2651996612549,0,19.2651996612549,"Mexico"
2019-03-05,19.2821006774902,19.320240020752,19.2105808258057,19.293420791626,0,19.293420791626,"Mexico"
2019-03-06,19.25830078125,19.3955097198486,19.2346992492676,19.2574005126953,0,19.2574005126953,"Mexico"
2019-03-07,19.3505992889404,19.5856494903564,19.3197994232178,19.3491992950439,0,19.3491992950439,"Mexico"
2019-03-08,19.5527992248535,19.5997905731201,19.4624996185303,19.5527992248535,0,19.5527992248535,"Mexico"
2019-03-11,19.4962501525879,19.5162296295166,19.3780002593994,19.4832000732422,0,19.4832000732422,"Mexico"
2019-03-12,19.3806991577148,19.4130096435547,19.238000869751,19.3912696838379,0,19.3912696838379,"Mexico"
2019-03-13,19.3433704376221,19.3598003387451,19.2560005187988,19.3304004669189,0,19.3304004669189,"Mexico"
2019-03-14,19.2919006347656,19.3666305541992,19.2698993682861,19.2900505065918,0,19.2900505065918,"Mexico"
2019-03-15,19.3003005981445,19.3139991760254,19.1931991577148,19.2985992431641,0,19.2985992431641,"Mexico"
2019-03-18,19.215950012207,19.2243499755859,19.090799331665,19.2033996582031,0,19.2033996582031,"Mexico"
2019-03-19,19.0454998016357,19.0746002197266,18.976900100708,19.0563793182373,0,19.0563793182373,"Mexico"
2019-03-20,18.9960994720459,19.0287399291992,18.8859996795654,18.994499206543,0,18.994499206543,"Mexico"
2019-03-21,18.7991008758545,18.8680992126465,18.7667999267578,18.798999786377,0,18.798999786377,"Mexico"
2019-03-22,18.8509998321533,19.1630306243896,18.8290004730225,18.8500003814697,0,18.8500003814697,"Mexico"
2019-03-25,19.1051998138428,19.1511001586914,18.9834003448486,19.1166496276855,0,19.1166496276855,"Mexico"
2019-03-26,19.0275001525879,19.1149997711182,18.9855995178223,19.0156002044678,0,19.0156002044678,"Mexico"
2019-03-27,19.099630355835,19.3689994812012,19.0888004302979,19.0881004333496,0,19.0881004333496,"Mexico"
2019-03-28,19.3579006195068,19.4385604858398,19.3290996551514,19.3638496398926,0,19.3638496398926,"Mexico"
2019-03-29,19.3567504882812,19.408239364624,19.2672004699707,19.3453006744385,0,19.3453006744385,"Mexico"
2019-03-31,19.3396492004395,19.3745994567871,19.1965007781982,19.3293991088867,0,19.3293991088867,"Mexico"
2019-04-01,19.1595993041992,19.2424507141113,19.0699005126953,19.1592998504639,0,19.1592998504639,"Mexico"
2019-04-02,19.2159996032715,19.2226390838623,19.100700378418,19.216100692749,0,19.216100692749,"Mexico"
2019-04-03,19.2099990844727,19.2780895233154,19.1490001678467,19.2176704406738,0,19.2176704406738,"Mexico"
2019-04-04,19.1501007080078,19.1607398986816,19.036600112915,19.1467990875244,0,19.1467990875244,"Mexico"
2019-04-07,19.0583992004395,19.1233005523682,18.9417991638184,19.06130027771,0,19.06130027771,"Mexico"
2019-04-08,18.9712009429932,18.9821491241455,18.8805999755859,18.9839000701904,0,18.9839000701904,"Mexico"
2019-04-09,18.9109992980957,18.9410190582275,18.8106002807617,18.9138202667236,0,18.9138202667236,"Mexico"
2019-04-10,18.8050003051758,18.9133491516113,18.7956008911133,18.8064002990723,0,18.8064002990723,"Mexico"
2019-04-11,18.8298492431641,18.8579006195068,18.7397994995117,18.8169002532959,0,18.8169002532959,"Mexico"
2019-04-14,18.7571601867676,18.8793506622314,18.7362995147705,18.7575798034668,0,18.7575798034668,"Mexico"
2019-04-15,18.8558006286621,18.9953994750977,18.8439998626709,18.8593006134033,0,18.8593006134033,"Mexico"
2019-04-16,18.8652992248535,18.8780403137207,18.785400390625,18.8658008575439,0,18.8658008575439,"Mexico"
2019-04-17,18.8132495880127,18.9044799804688,18.7420997619629,18.8020000457764,0,18.8020000457764,"Mexico"
2019-04-18,18.7989406585693,18.8069000244141,18.761999130249,18.7870998382568,0,18.7870998382568,"Mexico"
2019-04-21,18.7787494659424,18.8556308746338,18.7416000366211,18.7677001953125,0,18.7677001953125,"Mexico"
2019-04-22,18.8157997131348,18.9754505157471,18.8127002716064,18.826099395752,0,18.826099395752,"Mexico"
2019-04-23,18.9130992889404,19.042200088501,18.9015007019043,18.9034004211426,0,18.9034004211426,"Mexico"
2019-04-24,19.0790500640869,19.1849994659424,19.0496997833252,19.0683002471924,0,19.0683002471924,"Mexico"
2019-04-25,19.0221691131592,19.0781898498535,18.8857002258301,19.0226802825928,0,19.0226802825928,"Mexico"
2019-04-28,18.9291000366211,19.0317001342773,18.8862991333008,18.9286003112793,0,18.9286003112793,"Mexico"
2019-04-29,18.9969005584717,19.077600479126,18.9615001678467,18.9983997344971,0,18.9983997344971,"Mexico"
2019-04-30,18.9368000030518,18.942310333252,18.8181991577148,18.9381504058838,0,18.9381504058838,"Mexico"
2019-05-01,18.9954795837402,19.1362895965576,18.9307994842529,18.9827003479004,0,18.9827003479004,"Mexico"
2019-05-02,19.1273002624512,19.1565208435059,18.948600769043,19.1131992340088,0,19.1131992340088,"Mexico"
2019-05-05,19.0688991546631,19.1014499664307,18.9542999267578,19.0578994750977,0,19.0578994750977,"Mexico"
2019-05-06,18.9881992340088,19.0837993621826,18.9377994537354,18.9925994873047,0,18.9925994873047,"Mexico"
2019-05-07,19.0380992889404,19.1250591278076,18.9986000061035,19.0399398803711,0,19.0399398803711,"Mexico"
2019-05-08,19.0706996917725,19.3094997406006,19.0673999786377,19.0706996917725,0,19.0706996917725,"Mexico"
2019-05-09,19.2227306365967,19.2810001373291,19.1107006072998,19.2255191802979,0,19.2255191802979,"Mexico"
2019-05-12,19.1364002227783,19.2410507202148,19.1082992553711,19.1229000091553,0,19.1229000091553,"Mexico"
2019-05-13,19.2084007263184,19.2180309295654,19.0986003875732,19.2066993713379,0,19.2066993713379,"Mexico"
2019-05-14,19.1542205810547,19.2504405975342,19.0415992736816,19.1434001922607,0,19.1434001922607,"Mexico"
2019-05-15,19.0608806610107,19.1278495788574,18.9708995819092,19.0608005523682,0,19.0608005523682,"Mexico"
2019-05-16,19.1105499267578,19.2181301116943,19.0862007141113,19.0991992950439,0,19.0991992950439,"Mexico"
2019-05-19,19.1313991546631,19.1572494506836,19.0676002502441,19.1305999755859,0,19.1305999755859,"Mexico"
2019-05-20,19.0542793273926,19.1171493530273,18.9986000061035,19.0463008880615,0,19.0463008880615,"Mexico"
2019-05-21,NA,NA,NA,NA,NA,NA,"Mexico"
2019-05-22,18.9907493591309,19.0727691650391,18.9769401550293,18.9827995300293,0,18.9827995300293,"Mexico"
2019-05-23,19.0316009521484,19.0891990661621,18.9887008666992,19.0307998657227,0,19.0307998657227,"Mexico"
2019-05-26,19.0359992980957,19.0676593780518,19.0034008026123,19.0431098937988,0,19.0431098937988,"Mexico"
2019-05-27,19.0526294708252,19.1841506958008,19.0224990844727,19.05299949646,0,19.05299949646,"Mexico"
2019-05-28,19.181619644165,19.2849502563477,19.1653995513916,19.1832103729248,0,19.1832103729248,"Mexico"
2019-05-29,19.1376209259033,19.1567497253418,19.0415000915527,19.1354808807373,0,19.1354808807373,"Mexico"
2019-05-30,19.5151290893555,19.8177108764648,19.4321994781494,19.5250396728516,0,19.5250396728516,"Mexico"
2019-06-02,19.6224994659424,19.7786407470703,19.5970001220703,19.6147994995117,0,19.6147994995117,"Mexico"
2019-06-03,19.7889003753662,19.8341999053955,19.5153007507324,19.8033103942871,0,19.8033103942871,"Mexico"
2019-06-04,19.5668601989746,19.6665992736816,19.4994106292725,19.5668506622314,0,19.5668506622314,"Mexico"
2019-06-05,19.7380905151367,19.7877998352051,19.6716995239258,19.7492408752441,0,19.7492408752441,"Mexico"
2019-06-06,19.6569995880127,19.7840995788574,19.5904998779297,19.674280166626,0,19.674280166626,"Mexico"
2019-06-09,19.2488803863525,19.2970008850098,19.1240997314453,19.2791004180908,0,19.2791004180908,"Mexico"
2019-06-10,19.2046508789062,19.2349605560303,19.0960006713867,19.204439163208,0,19.204439163208,"Mexico"
2019-06-11,19.1202907562256,19.1788997650146,19.0874004364014,19.1061000823975,0,19.1061000823975,"Mexico"
2019-06-12,19.1576995849609,19.2095203399658,19.1368408203125,19.1597995758057,0,19.1597995758057,"Mexico"
2019-06-13,19.1802005767822,19.2263202667236,19.1042995452881,19.1811008453369,0,19.1811008453369,"Mexico"
2019-06-16,19.1319999694824,19.2080497741699,19.1159992218018,19.1313991546631,0,19.1313991546631,"Mexico"
2019-06-17,19.1665000915527,19.1772003173828,19.0419998168945,19.1662006378174,0,19.1662006378174,"Mexico"
2019-06-18,19.1234798431396,19.1903305053711,19.1014995574951,19.1228408813477,0,19.1228408813477,"Mexico"
2019-06-19,19.0182991027832,19.0182991027832,18.8864994049072,19.0074005126953,0,19.0074005126953,"Mexico"
2019-06-20,18.9871997833252,19.0935802459717,18.9580001831055,18.988899230957,0,18.988899230957,"Mexico"
2019-06-23,19.0858001708984,19.211950302124,19.0643997192383,19.0990695953369,0,19.0990695953369,"Mexico"
2019-06-24,19.1917991638184,19.2423992156982,19.1488990783691,19.1949005126953,0,19.1949005126953,"Mexico"
2019-06-25,19.2180004119873,19.2448997497559,19.1149997711182,19.2180004119873,0,19.2180004119873,"Mexico"
2019-06-26,19.1245994567871,19.1832008361816,19.0834999084473,19.1366996765137,0,19.1366996765137,"Mexico"
2019-06-27,19.1564998626709,19.2293491363525,19.1357002258301,19.1728496551514,0,19.1728496551514,"Mexico"
2019-06-30,19.1366996765137,19.205249786377,19.0289993286133,19.136999130249,0,19.136999130249,"Mexico"
2019-07-01,19.0877990722656,19.1168994903564,19.036600112915,19.0998992919922,0,19.0998992919922,"Mexico"
2019-07-02,19.043399810791,19.0841693878174,18.9951992034912,19.0440006256104,0,19.0440006256104,"Mexico"
2019-07-03,19.0167999267578,19.0196304321289,18.9552993774414,19.0037994384766,0,19.0037994384766,"Mexico"
2019-07-04,19.0034999847412,19.0739994049072,18.9517002105713,19.0038394927979,0,19.0038394927979,"Mexico"
2019-07-07,18.9958000183105,19.017749786377,18.8498001098633,18.9948997497559,0,18.9948997497559,"Mexico"
2019-07-08,18.9225997924805,18.9759998321533,18.8701992034912,18.9332904815674,0,18.9332904815674,"Mexico"
2019-07-09,19.1434993743896,19.3084106445312,19.0009994506836,19.1604595184326,0,19.1604595184326,"Mexico"
2019-07-10,19.1291007995605,19.1675395965576,19.0009994506836,19.1284999847412,0,19.1284999847412,"Mexico"
2019-07-11,19.0520992279053,19.1205101013184,18.9967994689941,19.067289352417,0,19.067289352417,"Mexico"
2019-07-14,18.9890995025635,18.9948997497559,18.9102001190186,18.9875907897949,0,18.9875907897949,"Mexico"
2019-07-15,18.9777507781982,19.0897598266602,18.9423007965088,18.9659996032715,0,18.9659996032715,"Mexico"
2019-07-16,19.1015300750732,19.121000289917,18.9918003082275,19.089599609375,0,19.089599609375,"Mexico"
2019-07-17,19.0580997467041,19.1162490844727,18.9801998138428,19.0578994750977,0,19.0578994750977,"Mexico"
2019-07-18,18.9542007446289,19.0363292694092,18.940299987793,18.9566993713379,0,18.9566993713379,"Mexico"
2019-07-21,19.0123996734619,19.0802707672119,18.9911003112793,19.0125999450684,0,19.0125999450684,"Mexico"
2019-07-22,19.0401992797852,19.1445503234863,19.0372009277344,19.0391998291016,0,19.0391998291016,"Mexico"
2019-07-23,19.1686000823975,19.1899509429932,19.0692005157471,19.168399810791,0,19.168399810791,"Mexico"
2019-07-24,19.0706996917725,19.1116008758545,18.9587993621826,19.0583992004395,0,19.0583992004395,"Mexico"
2019-07-25,19.012300491333,19.1018104553223,18.9745006561279,19.0261993408203,0,19.0261993408203,"Mexico"
2019-07-28,19.0179004669189,19.1234493255615,19.0041007995605,19.0309600830078,0,19.0309600830078,"Mexico"
2019-07-29,19.0612907409668,19.0859508514404,19.0088996887207,19.0466995239258,0,19.0466995239258,"Mexico"
2019-07-30,19.0559005737305,19.0683994293213,18.9699993133545,19.0554008483887,0,19.0554008483887,"Mexico"
2019-07-31,19.1350002288818,19.2754001617432,19.1350002288818,19.1364994049072,0,19.1364994049072,"Mexico"
2019-08-01,19.2092990875244,19.3693904876709,19.1816005706787,19.2103004455566,0,19.2103004455566,"Mexico"
2019-08-04,19.3281002044678,19.6369400024414,19.3125991821289,19.3384304046631,0,19.3384304046631,"Mexico"
2019-08-05,19.6842994689941,19.7043304443359,19.519100189209,19.6802997589111,0,19.6802997589111,"Mexico"
2019-08-06,19.5961303710938,19.7348499298096,19.5188999176025,19.5958690643311,0,19.5958690643311,"Mexico"
2019-08-07,19.6531505584717,19.6546497344971,19.476900100708,19.6322994232178,0,19.6322994232178,"Mexico"
2019-08-08,19.4257507324219,19.4888000488281,19.3805503845215,19.4276504516602,0,19.4276504516602,"Mexico"
2019-08-11,19.4253005981445,19.764139175415,19.4030990600586,19.4256000518799,0,19.4256000518799,"Mexico"
2019-08-12,19.5699005126953,19.6716899871826,19.4048004150391,19.5844993591309,0,19.5844993591309,"Mexico"
2019-08-13,19.3786392211914,19.6360492706299,19.3582992553711,19.3787403106689,0,19.3787403106689,"Mexico"
2019-08-14,19.6490802764893,19.6964206695557,19.5727005004883,19.6546592712402,0,19.6546592712402,"Mexico"
2019-08-15,19.6089706420898,19.6195793151855,19.5153999328613,19.5986003875732,0,19.5986003875732,"Mexico"
2019-08-18,19.6222991943359,19.8549499511719,19.5944004058838,19.6222991943359,0,19.6222991943359,"Mexico"
2019-08-19,19.8732795715332,19.8853492736816,19.7147998809814,19.8731002807617,0,19.8731002807617,"Mexico"
2019-08-20,19.74880027771,19.7644004821777,19.6464996337891,19.7504997253418,0,19.7504997253418,"Mexico"
2019-08-21,19.6846008300781,19.7747001647949,19.6587009429932,19.6718997955322,0,19.6718997955322,"Mexico"
2019-08-22,19.8108997344971,19.9280700683594,19.7471008300781,19.7996997833252,0,19.7996997833252,"Mexico"
2019-08-25,20.0023002624512,20.0142993927002,19.7996997833252,20.0042991638184,0,20.0042991638184,"Mexico"
2019-08-26,19.9354991912842,20.0110492706299,19.8764991760254,19.9358997344971,0,19.9358997344971,"Mexico"
2019-08-27,19.9845199584961,20.0418090820312,19.9377002716064,19.9740009307861,0,19.9740009307861,"Mexico"
2019-08-28,20.1469993591309,20.2524299621582,20.0415992736816,20.1394004821777,0,20.1394004821777,"Mexico"
2019-08-29,20.121000289917,20.1930999755859,20.0407009124756,20.1208000183105,0,20.1208000183105,"Mexico"
2019-09-01,20.0944004058838,20.1396007537842,20.0266990661621,20.0937995910645,0,20.0937995910645,"Mexico"
2019-09-02,20.1145992279053,20.1606998443604,19.9736003875732,20.1244506835938,0,20.1244506835938,"Mexico"
2019-09-03,19.9575004577637,19.9699001312256,19.746000289917,19.9606990814209,0,19.9606990814209,"Mexico"
2019-09-04,19.7033004760742,19.7225608825684,19.6044006347656,19.6856994628906,0,19.6856994628906,"Mexico"
2019-09-05,19.7066993713379,19.7315502166748,19.5139999389648,19.7056999206543,0,19.7056999206543,"Mexico"
2019-09-08,19.5284996032715,19.5667991638184,19.4676990509033,19.5411396026611,0,19.5411396026611,"Mexico"
2019-09-09,19.5687007904053,19.5956497192383,19.4871006011963,19.5555000305176,0,19.5555000305176,"Mexico"
2019-09-10,19.5037498474121,19.5690002441406,19.4608993530273,19.492000579834,0,19.492000579834,"Mexico"
2019-09-11,19.4985294342041,19.5051002502441,19.3999996185303,19.4993991851807,0,19.4993991851807,"Mexico"
2019-09-12,19.4171009063721,19.4327507019043,19.3379001617432,19.4284992218018,0,19.4284992218018,"Mexico"
2019-09-15,19.3983001708984,19.4655704498291,19.3908004760742,19.398099899292,0,19.398099899292,"Mexico"
2019-09-16,19.4359493255615,19.5447998046875,19.4027996063232,19.422399520874,0,19.422399520874,"Mexico"
2019-09-17,19.3525009155273,19.3796997070312,19.3155002593994,19.3528003692627,0,19.3528003692627,"Mexico"
2019-09-18,19.4109992980957,19.4494495391846,19.3141994476318,19.3966999053955,0,19.3966999053955,"Mexico"
2019-09-19,19.4428005218506,19.4697208404541,19.3852005004883,19.42919921875,0,19.42919921875,"Mexico"
2019-09-22,19.4186000823975,19.4713001251221,19.3782997131348,19.4188995361328,0,19.4188995361328,"Mexico"
2019-09-23,19.4762992858887,19.5041999816895,19.3934993743896,19.4759998321533,0,19.4759998321533,"Mexico"
2019-09-24,19.4475002288818,19.60964012146,19.4309005737305,19.4356994628906,0,19.4356994628906,"Mexico"
2019-09-25,19.5659999847412,19.6599502563477,19.5158996582031,19.5669994354248,0,19.5669994354248,"Mexico"
2019-09-26,19.6459007263184,19.6903095245361,19.5884990692139,19.6570301055908,0,19.6570301055908,"Mexico"
2019-09-29,19.6921997070312,19.744499206543,19.6627998352051,19.6786994934082,0,19.6786994934082,"Mexico"
2019-09-30,19.7327995300293,19.8143291473389,19.7154006958008,19.7348194122314,0,19.7348194122314,"Mexico"
2019-10-01,19.8152503967285,19.8583507537842,19.7399997711182,19.8038005828857,0,19.8038005828857,"Mexico"
2019-10-02,19.7991008758545,19.8119506835938,19.6828994750977,19.7837009429932,0,19.7837009429932,"Mexico"
2019-10-03,19.6408004760742,19.6525497436523,19.49049949646,19.6530494689941,0,19.6530494689941,"Mexico"
2019-10-06,19.5198001861572,19.5860195159912,19.5090999603271,19.5207996368408,0,19.5207996368408,"Mexico"
2019-10-07,19.5690994262695,19.6310997009277,19.4979991912842,19.5708999633789,0,19.5708999633789,"Mexico"
2019-10-08,19.6123008728027,19.6270999908447,19.5214004516602,19.6252002716064,0,19.6252002716064,"Mexico"
2019-10-09,19.5946197509766,19.6049995422363,19.4388008117676,19.5848999023438,0,19.5848999023438,"Mexico"
2019-10-10,19.4346008300781,19.4522495269775,19.2852001190186,19.434700012207,0,19.434700012207,"Mexico"
2019-10-13,19.318920135498,19.3448009490967,19.2493991851807,19.3080997467041,0,19.3080997467041,"Mexico"
2019-10-14,19.2574996948242,19.2887992858887,19.2096004486084,19.2693500518799,0,19.2693500518799,"Mexico"
2019-10-15,19.2306003570557,19.2838001251221,19.1724605560303,19.2306499481201,0,19.2306499481201,"Mexico"
2019-10-16,19.2106990814209,19.2223892211914,19.1180992126465,19.1949005126953,0,19.1949005126953,"Mexico"
2019-10-17,19.1940002441406,19.2152004241943,19.121000289917,19.1798000335693,0,19.1798000335693,"Mexico"
2019-10-20,19.1288509368896,19.1651496887207,19.0890998840332,19.1177005767822,0,19.1177005767822,"Mexico"
2019-10-21,19.1198997497559,19.1286201477051,19.066499710083,19.1217994689941,0,19.1217994689941,"Mexico"
2019-10-22,19.142599105835,19.1843490600586,19.0932998657227,19.1406898498535,0,19.1406898498535,"Mexico"
2019-10-23,19.1167507171631,19.1266002655029,19.0555992126465,19.1016006469727,0,19.1016006469727,"Mexico"
2019-10-24,19.1298809051514,19.1360607147217,19.0373992919922,19.1179008483887,0,19.1179008483887,"Mexico"
2019-10-28,19.0541496276855,19.0734996795654,19.006799697876,19.0393009185791,0,19.0393009185791,"Mexico"
2019-10-29,19.1088008880615,19.1433200836182,19.0622005462646,19.110200881958,0,19.110200881958,"Mexico"
2019-10-30,19.1133003234863,19.2113494873047,19.0799007415771,19.1072006225586,0,19.1072006225586,"Mexico"
2019-10-31,19.0908508300781,19.2086505889893,19.0564002990723,19.0929203033447,0,19.0929203033447,"Mexico"
2019-11-01,19.2355003356934,19.2390003204346,19.0578994750977,19.2388000488281,0,19.2388000488281,"Mexico"
2019-11-04,19.0869998931885,19.1651592254639,19.0333003997803,19.0849990844727,0,19.0849990844727,"Mexico"
2019-11-05,19.1681709289551,19.2231998443604,19.0865993499756,19.1679000854492,0,19.1679000854492,"Mexico"
2019-11-06,19.1804008483887,19.2464008331299,19.1637001037598,19.1868000030518,0,19.1868000030518,"Mexico"
2019-11-07,19.1571998596191,19.1792507171631,19.0757999420166,19.1506996154785,0,19.1506996154785,"Mexico"
2019-11-08,19.1339492797852,19.2031993865967,19.0687007904053,19.1215991973877,0,19.1215991973877,"Mexico"
2019-11-11,19.1058807373047,19.1619491577148,19.0706996917725,19.1095008850098,0,19.1095008850098,"Mexico"
2019-11-12,19.1232109069824,19.2723999023438,19.0986003875732,19.111499786377,0,19.111499786377,"Mexico"
2019-11-13,19.300500869751,19.5195503234863,19.2903003692627,19.2987003326416,0,19.2987003326416,"Mexico"
2019-11-14,19.3544006347656,19.4815006256104,19.3493003845215,19.3652191162109,0,19.3652191162109,"Mexico"
2019-11-15,19.3127002716064,19.3342990875244,19.1765995025635,19.3127002716064,0,19.3127002716064,"Mexico"
2019-11-18,19.1987495422363,19.2859592437744,19.1702003479004,19.1987991333008,0,19.1987991333008,"Mexico"
2019-11-19,19.3175296783447,19.3999996185303,19.2325000762939,19.3171901702881,0,19.3171901702881,"Mexico"
2019-11-20,19.3472003936768,19.4833908081055,19.3369007110596,19.3585395812988,0,19.3585395812988,"Mexico"
2019-11-21,19.4848003387451,19.4955406188965,19.3630104064941,19.4696998596191,0,19.4696998596191,"Mexico"
2019-11-22,19.3871994018555,19.4183006286621,19.3337001800537,19.3868503570557,0,19.3868503570557,"Mexico"
2019-11-25,19.3574504852295,19.4773998260498,19.3008995056152,19.3449993133545,0,19.3449993133545,"Mexico"
2019-11-26,19.4316005706787,19.5341606140137,19.3987007141113,19.4451503753662,0,19.4451503753662,"Mexico"
2019-11-27,19.5191497802734,19.5849990844727,19.4521999359131,19.5072994232178,0,19.5072994232178,"Mexico"
2019-11-28,19.5507507324219,19.6558494567871,19.5296993255615,19.5546493530273,0,19.5546493530273,"Mexico"
2019-11-29,19.4790000915527,19.5527992248535,19.4174003601074,19.4914493560791,0,19.4914493560791,"Mexico"
2019-12-02,19.5365009307861,19.6038494110107,19.5116004943848,19.5359497070312,0,19.5359497070312,"Mexico"
2019-12-03,19.5739994049072,19.6241493225098,19.5174007415771,19.5739994049072,0,19.5739994049072,"Mexico"
2019-12-04,19.5403995513916,19.5779991149902,19.4500007629395,19.5494995117188,0,19.5494995117188,"Mexico"
2019-12-05,19.431999206543,19.461799621582,19.340799331665,19.4311008453369,0,19.4311008453369,"Mexico"
2019-12-06,19.3609008789062,19.3721008300781,19.2943000793457,19.363000869751,0,19.363000869751,"Mexico"
2019-12-09,19.2534999847412,19.2992496490479,19.2045001983643,19.2547492980957,0,19.2547492980957,"Mexico"
2019-12-10,19.2304000854492,19.2646007537842,19.1865005493164,19.2299995422363,0,19.2299995422363,"Mexico"
2019-12-11,19.2617492675781,19.281099319458,19.1457996368408,19.2499008178711,0,19.2499008178711,"Mexico"
2019-12-12,19.1154003143311,19.1319999694824,19.0382995605469,19.1012992858887,0,19.1012992858887,"Mexico"
2019-12-13,18.9829998016357,19.0723495483398,18.9796009063721,18.9820003509521,0,18.9820003509521,"Mexico"
2019-12-16,19.0340995788574,19.0795307159424,18.9428997039795,19.034200668335,0,19.034200668335,"Mexico"
2019-12-17,18.9364490509033,18.9610004425049,18.8906002044678,18.9361896514893,0,18.9361896514893,"Mexico"
2019-12-18,18.9169692993164,18.980899810791,18.9008007049561,18.9175491333008,0,18.9175491333008,"Mexico"
2019-12-19,18.98583984375,19.0365009307861,18.9270992279053,18.9755001068115,0,18.9755001068115,"Mexico"
2019-12-20,18.9232997894287,18.9591007232666,18.8799991607666,18.9090003967285,0,18.9090003967285,"Mexico"
2019-12-23,18.9381008148193,18.9785099029541,18.9101009368896,18.9412994384766,0,18.9412994384766,"Mexico"
2019-12-24,18.9398002624512,18.9723491668701,18.914400100708,18.9344997406006,0,18.9344997406006,"Mexico"
2019-12-25,18.9615993499756,18.9638996124268,18.9587993621826,18.9626998901367,0,18.9626998901367,"Mexico"
2019-12-26,18.9650001525879,18.9665908813477,18.9069995880127,18.9521007537842,0,18.9521007537842,"Mexico"
2019-12-27,18.9384498596191,18.9541492462158,18.8008003234863,18.9284992218018,0,18.9284992218018,"Mexico"
2019-12-30,18.8300495147705,18.8805999755859,18.7877006530762,18.8278999328613,0,18.8278999328613,"Mexico"
2019-12-31,18.9314994812012,18.9351005554199,18.8297004699707,18.9176998138428,0,18.9176998138428,"Mexico"
2020-01-01,18.9174003601074,18.9178009033203,18.9174003601074,18.9174003601074,0,18.9174003601074,"Mexico"
2020-01-02,18.9052505493164,18.9234294891357,18.842399597168,18.8987998962402,0,18.8987998962402,"Mexico"
2020-01-03,18.8307991027832,19.0245494842529,18.8166007995605,18.8302993774414,0,18.8302993774414,"Mexico"
2020-01-06,18.9451503753662,18.9463996887207,18.786600112915,18.9447593688965,0,18.9447593688965,"Mexico"
2020-01-07,18.8435001373291,18.9260807037354,18.7901000976562,18.8414497375488,0,18.8414497375488,"Mexico"
2020-01-08,18.9687004089355,19.0054302215576,18.7553997039795,18.9641990661621,0,18.9641990661621,"Mexico"
2020-01-09,18.8265495300293,18.8435192108154,18.7483005523682,18.8139991760254,0,18.8139991760254,"Mexico"
2020-01-10,18.846399307251,18.8482494354248,18.743200302124,18.8348007202148,0,18.8348007202148,"Mexico"
2020-01-13,18.7995491027832,18.8575992584229,18.74049949646,18.7976207733154,0,18.7976207733154,"Mexico"
2020-01-14,18.7901992797852,18.8661003112793,18.7745990753174,18.7901000976562,0,18.7901000976562,"Mexico"
2020-01-15,18.7942008972168,18.8214206695557,18.7534999847412,18.7938003540039,0,18.7938003540039,"Mexico"
2020-01-16,18.7967491149902,18.8078498840332,18.7681007385254,18.7826995849609,0,18.7826995849609,"Mexico"
2020-01-17,18.7775402069092,18.7856693267822,18.7115993499756,18.7630004882812,0,18.7630004882812,"Mexico"
2020-01-20,18.6562995910645,18.689380645752,18.630500793457,18.6562995910645,0,18.6562995910645,"Mexico"
2020-01-21,18.6534996032715,18.7416496276855,18.6476993560791,18.6536998748779,0,18.6536998748779,"Mexico"
2020-01-22,18.7686004638672,18.7874507904053,18.6527004241943,18.7593994140625,0,18.7593994140625,"Mexico"
2020-01-23,18.6875,18.8466300964355,18.6734008789062,18.7004108428955,0,18.7004108428955,"Mexico"
2020-01-24,18.7552509307861,18.8587207794189,18.7133007049561,18.7492008209229,0,18.7492008209229,"Mexico"
2020-01-27,18.8638496398926,18.9705791473389,18.8234004974365,18.8624992370605,0,18.8624992370605,"Mexico"
2020-01-28,18.8822994232178,18.9221096038818,18.7759304046631,18.8920001983643,0,18.8920001983643,"Mexico"
2020-01-29,18.7224197387695,18.7708396911621,18.6643009185791,18.7240505218506,0,18.7240505218506,"Mexico"
2020-01-30,18.6956596374512,18.8070602416992,18.679500579834,18.6819000244141,0,18.6819000244141,"Mexico"
2020-01-31,18.7945499420166,18.9371490478516,18.7369995117188,18.7807998657227,0,18.7807998657227,"Mexico"
2020-02-03,18.8673992156982,18.8850803375244,18.7105007171631,18.8664093017578,0,18.8664093017578,"Mexico"
2020-02-04,18.8315391540527,18.8356609344482,18.6487998962402,18.8143997192383,0,18.8143997192383,"Mexico"
2020-02-05,18.6580009460449,18.69407081604,18.5685005187988,18.6712894439697,0,18.6712894439697,"Mexico"
2020-02-06,18.5867004394531,18.691219329834,18.5456008911133,18.5876007080078,0,18.5876007080078,"Mexico"
2020-02-07,18.6390991210938,18.8211708068848,18.6152992248535,18.6396999359131,0,18.6396999359131,"Mexico"
2020-02-10,18.8034896850586,18.8223705291748,18.7150001525879,18.8002490997314,0,18.8002490997314,"Mexico"
2020-02-11,18.6903991699219,18.71044921875,18.635799407959,18.7026996612549,0,18.7026996612549,"Mexico"
2020-02-12,18.6424999237061,18.6650905609131,18.5914993286133,18.6420001983643,0,18.6420001983643,"Mexico"
2020-02-13,18.6416492462158,18.6807498931885,18.609899520874,18.6403999328613,0,18.6403999328613,"Mexico"
2020-02-14,18.6001796722412,18.6488704681396,18.5426998138428,18.595100402832,0,18.595100402832,"Mexico"
2020-02-17,18.5438499450684,18.5836906433105,18.5062007904053,18.5429992675781,0,18.5429992675781,"Mexico"
2020-02-18,18.551399230957,18.6557502746582,18.5482006072998,18.5499992370605,0,18.5499992370605,"Mexico"
2020-02-19,18.5718994140625,18.6186695098877,18.544900894165,18.5889492034912,0,18.5889492034912,"Mexico"
2020-02-20,18.5660991668701,18.8461399078369,18.5454006195068,18.5501003265381,0,18.5501003265381,"Mexico"
2020-02-21,18.8467998504639,19.0666007995605,18.796199798584,18.8474006652832,0,18.8474006652832,"Mexico"
2020-02-24,19.0101890563965,19.255350112915,18.982400894165,19.0077095031738,0,19.0077095031738,"Mexico"
2020-02-25,19.0520000457764,19.1194000244141,18.9298000335693,19.036600112915,0,19.036600112915,"Mexico"
2020-02-26,19.0683002471924,19.2121200561523,19.0562000274658,19.0599994659424,0,19.0599994659424,"Mexico"
2020-02-27,19.282829284668,19.4986000061035,19.2525997161865,19.2866191864014,0,19.2866191864014,"Mexico"
2020-02-28,19.459680557251,19.8897399902344,19.4463996887207,19.4589691162109,0,19.4589691162109,"Mexico"
2020-03-02,19.8180103302002,19.8635101318359,19.4803905487061,19.8230991363525,0,19.8230991363525,"Mexico"
2020-03-03,19.4069995880127,19.5534992218018,19.1685009002686,19.4050006866455,0,19.4050006866455,"Mexico"
2020-03-04,19.4230995178223,19.6079807281494,19.1730995178223,19.4316005706787,0,19.4316005706787,"Mexico"
2020-03-05,19.5335006713867,19.8269500732422,19.4930992126465,19.5172004699707,0,19.5172004699707,"Mexico"
2020-03-06,19.8190994262695,20.3713893890381,19.7987003326416,19.8145008087158,0,19.8145008087158,"Mexico"
2020-03-09,21.058629989624,22.0181503295898,20.8022994995117,21.0575008392334,0,21.0575008392334,"Mexico"
2020-03-10,20.814769744873,21.0793495178223,20.2982006072998,20.8122291564941,0,20.8122291564941,"Mexico"
2020-03-11,20.7794990539551,21.2654304504395,20.7756004333496,20.789400100708,0,20.789400100708,"Mexico"
2020-03-12,21.4243698120117,22.8601608276367,21.3777103424072,21.4165992736816,0,21.4165992736816,"Mexico"
2020-03-13,21.9631996154785,22.1278991699219,21.3566207885742,21.9671993255615,0,21.9671993255615,"Mexico"
2020-03-16,21.8145599365234,23.0606594085693,21.7999897003174,21.8086109161377,0,21.8086109161377,"Mexico"
2020-03-17,22.5952396392822,23.1693592071533,22.4493808746338,22.6009902954102,0,22.6009902954102,"Mexico"
2020-03-18,22.9761505126953,24.069019317627,22.8100109100342,22.960599899292,0,22.960599899292,"Mexico"
2020-03-19,23.6555995941162,24.6319103240967,23.6540794372559,23.6497192382812,0,23.6497192382812,"Mexico"
2020-03-20,24.0447406768799,24.1224002838135,23.4937000274658,24.0457706451416,0,24.0457706451416,"Mexico"
2020-03-23,24.7514991760254,25.1581993103027,24.4640102386475,24.7462100982666,0,24.7462100982666,"Mexico"
2020-03-24,25.3150997161865,25.3632507324219,24.6161499023438,25.3362007141113,0,25.3362007141113,"Mexico"
2020-03-25,24.7725505828857,24.9006099700928,24.2281303405762,24.7686996459961,0,24.7686996459961,"Mexico"
2020-03-26,24.0100994110107,24.231409072876,23.0671005249023,24.0081005096436,0,24.0081005096436,"Mexico"
2020-03-27,23.2273006439209,23.6000003814697,23.1338005065918,23.2371006011963,0,23.2371006011963,"Mexico"
2020-03-29,23.5951995849609,24.543420791626,23.4944000244141,23.5946006774902,0,23.5946006774902,"Mexico"
2020-03-30,23.8333797454834,24.1340007781982,23.3408203125,23.8330001831055,0,23.8330001831055,"Mexico"
2020-03-31,23.7534999847412,24.4696407318115,23.6905097961426,23.7509994506836,0,23.7509994506836,"Mexico"
2020-04-01,24.1957206726074,24.483980178833,23.7943592071533,24.2155303955078,0,24.2155303955078,"Mexico"
2020-04-02,24.2254009246826,24.8256492614746,24.2254009246826,24.2353000640869,0,24.2353000640869,"Mexico"
2020-04-05,25.2712497711182,25.7653408050537,24.6054096221924,25.261999130249,0,25.261999130249,"Mexico"
2020-04-06,24.5475006103516,24.6942596435547,23.8201999664307,24.5424003601074,0,24.5424003601074,"Mexico"
2020-04-07,24.3165302276611,24.7703495025635,23.9893207550049,24.3115901947021,0,24.3115901947021,"Mexico"
2020-04-08,23.9832000732422,24.0851802825928,23.3365592956543,23.9845008850098,0,23.9845008850098,"Mexico"
2020-04-09,23.6854496002197,23.7616004943848,23.3313007354736,23.676399230957,0,23.676399230957,"Mexico"
2020-04-12,23.4354000091553,23.8595504760742,23.3036994934082,23.4468002319336,0,23.4468002319336,"Mexico"
2020-04-13,23.5909309387207,23.7457504272461,23.38330078125,23.5851993560791,0,23.5851993560791,"Mexico"
2020-04-14,23.3631000518799,24.1879005432129,23.3631000518799,23.3619995117188,0,23.3619995117188,"Mexico"
2020-04-15,24.2292995452881,24.4227199554443,23.9930000305176,24.239200592041,0,24.239200592041,"Mexico"
2020-04-16,23.7558002471924,24.1218891143799,23.6851902008057,23.7602005004883,0,23.7602005004883,"Mexico"
2020-04-19,24.0160007476807,24.1975994110107,23.9162902832031,24.0266494750977,0,24.0266494750977,"Mexico"
2020-04-20,23.9895992279053,24.4765090942383,23.9754009246826,24.0107192993164,0,24.0107192993164,"Mexico"
2020-04-21,24.3654003143311,24.6167106628418,24.2101001739502,24.3686008453369,0,24.3686008453369,"Mexico"
2020-04-22,24.4946002960205,24.7743606567383,24.3234100341797,24.4792995452881,0,24.4792995452881,"Mexico"
2020-04-23,24.7534008026123,24.8829898834229,24.6019897460938,24.7665500640869,0,24.7665500640869,"Mexico"
2020-04-26,24.9881992340088,25.0105209350586,24.7280292510986,24.9857997894287,0,24.9857997894287,"Mexico"
2020-04-27,24.7493991851807,24.8638496398926,24.3124008178711,24.7497005462646,0,24.7497005462646,"Mexico"
2020-04-28,24.2932205200195,24.2970008850098,23.8931007385254,24.2835998535156,0,24.2835998535156,"Mexico"
2020-04-29,23.7486000061035,23.992000579834,23.6324996948242,23.742000579834,0,23.742000579834,"Mexico"
2020-04-30,24.2209396362305,24.8672790527344,24.1944007873535,24.2143001556396,0,24.2143001556396,"Mexico"
2020-05-03,24.8339900970459,24.8530197143555,24.2945995330811,24.8344898223877,0,24.8344898223877,"Mexico"
2020-05-04,24.0977993011475,24.1622104644775,23.7849502563477,24.0902004241943,0,24.0902004241943,"Mexico"
2020-05-05,23.9875602722168,24.3412494659424,23.8644008636475,23.9734992980957,0,23.9734992980957,"Mexico"
2020-05-06,24.3978805541992,24.4524898529053,23.9269008636475,24.4274997711182,0,24.4274997711182,"Mexico"
2020-05-07,24.0158996582031,24.0407009124756,23.5596504211426,24.0220603942871,0,24.0220603942871,"Mexico"
2020-05-10,23.6396999359131,23.9684295654297,23.5398006439209,23.6250991821289,0,23.6250991821289,"Mexico"
2020-05-11,23.90797996521,24.1634006500244,23.7530307769775,23.9200897216797,0,23.9200897216797,"Mexico"
2020-05-12,24.3475399017334,24.3811302185059,23.9958000183105,24.3632793426514,0,24.3632793426514,"Mexico"
2020-05-13,24.1754894256592,24.3716297149658,24.0624599456787,24.1856994628906,0,24.1856994628906,"Mexico"
2020-05-14,23.8594093322754,24.1009006500244,23.7537002563477,23.8512992858887,0,23.8512992858887,"Mexico"
2020-05-17,23.9308891296387,23.9328804016113,23.4593601226807,23.934009552002,0,23.934009552002,"Mexico"
2020-05-18,23.7312507629395,23.7325305938721,23.4580993652344,23.7313003540039,0,23.7313003540039,"Mexico"
2020-05-19,23.6611499786377,23.6637802124023,23.1571006774902,23.6653594970703,0,23.6653594970703,"Mexico"
2020-05-20,23.2075996398926,23.2748908996582,22.7714805603027,23.195499420166,0,23.195499420166,"Mexico"
2020-05-21,22.8579006195068,23.1497993469238,22.7264003753662,22.8701801300049,0,22.8701801300049,"Mexico"
2020-05-24,22.6541004180908,22.7596206665039,22.50950050354,22.6637897491455,0,22.6637897491455,"Mexico"
2020-05-25,22.5517997741699,22.5579490661621,22.1014003753662,22.5454998016357,0,22.5454998016357,"Mexico"
2020-05-26,22.2024002075195,22.4854698181152,22.1284008026123,22.2119998931885,0,22.2119998931885,"Mexico"
2020-05-27,22.310359954834,22.4094390869141,22.1805992126465,22.3113803863525,0,22.3113803863525,"Mexico"
2020-05-28,22.2173690795898,22.2708492279053,22.0028190612793,22.1989002227783,0,22.1989002227783,"Mexico"
2020-05-31,22.1770992279053,22.1853408813477,21.918399810791,22.182300567627,0,22.182300567627,"Mexico"
2020-06-01,22.0412006378174,22.111120223999,21.5805206298828,22.0424003601074,0,22.0424003601074,"Mexico"
2020-06-02,21.7322597503662,21.7329006195068,21.5051002502441,21.7238006591797,0,21.7238006591797,"Mexico"
2020-06-03,21.7234897613525,21.9847297668457,21.7059097290039,21.7208003997803,0,21.7208003997803,"Mexico"
2020-06-04,21.9056301116943,21.9070301055908,21.4878997802734,21.9024791717529,0,21.9024791717529,"Mexico"
2020-06-07,21.5022792816162,21.71755027771,21.4764995574951,21.4748992919922,0,21.4748992919922,"Mexico"
2020-06-08,21.4846000671387,21.9009399414062,21.449800491333,21.4729995727539,0,21.4729995727539,"Mexico"
2020-06-09,21.8864498138428,22.0410709381104,21.6828002929688,21.88743019104,0,21.88743019104,"Mexico"
2020-06-10,21.9596004486084,22.5829200744629,21.8752002716064,21.9769802093506,0,21.9769802093506,"Mexico"
2020-06-11,22.8297004699707,22.9419403076172,22.1954002380371,22.8546600341797,0,22.8546600341797,"Mexico"
2020-06-14,22.4681797027588,22.747049331665,22.4335994720459,22.4885406494141,0,22.4885406494141,"Mexico"
2020-06-15,22.1536998748779,22.3293209075928,21.8852996826172,22.155460357666,0,22.155460357666,"Mexico"
2020-06-16,22.2639007568359,22.4591903686523,22.1550006866455,22.2692203521729,0,22.2692203521729,"Mexico"
2020-06-17,22.3586502075195,22.6745700836182,22.1910991668701,22.3414001464844,0,22.3414001464844,"Mexico"
2020-06-18,22.6770000457764,22.754789352417,22.5005798339844,22.676399230957,0,22.676399230957,"Mexico"
2020-06-21,22.6240005493164,22.6721992492676,22.3029708862305,22.6415004730225,0,22.6415004730225,"Mexico"
2020-06-22,22.4118099212646,22.6720294952393,22.2857704162598,22.3990993499756,0,22.3990993499756,"Mexico"
2020-06-23,22.3905296325684,22.7224197387695,22.3064002990723,22.3891506195068,0,22.3891506195068,"Mexico"
2020-06-24,22.7896099090576,22.9695091247559,22.7327995300293,22.7902793884277,0,22.7902793884277,"Mexico"
2020-06-25,22.6878299713135,23.0446701049805,22.6471004486084,22.6793994903564,0,22.6793994903564,"Mexico"
2020-06-28,23.038200378418,23.1895999908447,22.9260005950928,23.0547008514404,0,23.0547008514404,"Mexico"
2020-06-29,23.0440006256104,23.2237491607666,23.0212993621826,23.0565700531006,0,23.0565700531006,"Mexico"
2020-06-30,23.0155696868896,23.0854206085205,22.6811599731445,23.0044994354248,0,23.0044994354248,"Mexico"
2020-07-01,22.6916999816895,22.7408790588379,22.4042797088623,22.7115993499756,0,22.7115993499756,"Mexico"
2020-07-02,22.475549697876,22.5851707458496,22.3794708251953,22.477819442749,0,22.477819442749,"Mexico"
2020-07-05,22.3747997283936,22.3860492706299,22.1417999267578,22.3854503631592,0,22.3854503631592,"Mexico"
2020-07-06,22.3365707397461,22.7096004486084,22.2411994934082,22.3110008239746,0,22.3110008239746,"Mexico"
2020-07-07,22.8144702911377,22.8941402435303,22.6700992584229,22.7926998138428,0,22.7926998138428,"Mexico"
2020-07-08,22.681999206543,22.7598495483398,22.5340003967285,22.6718006134033,0,22.6718006134033,"Mexico"
2020-07-09,22.5995006561279,22.8238506317139,22.4890995025635,22.6026000976562,0,22.6026000976562,"Mexico"
2020-07-12,22.4871501922607,22.5437507629395,22.3600997924805,22.4883995056152,0,22.4883995056152,"Mexico"
2020-07-13,22.7211894989014,22.7649993896484,22.5631008148193,22.7098007202148,0,22.7098007202148,"Mexico"
2020-07-14,22.386999130249,22.4553699493408,22.2430992126465,22.3959999084473,0,22.3959999084473,"Mexico"
2020-07-15,22.3432807922363,22.4489002227783,22.2721996307373,22.3181991577148,0,22.3181991577148,"Mexico"
2020-07-16,22.413480758667,22.4993495941162,22.3724994659424,22.4116802215576,0,22.4116802215576,"Mexico"
2020-07-19,22.4832000732422,22.7057800292969,22.4470996856689,22.4924697875977,0,22.4924697875977,"Mexico"
2020-07-20,22.4851493835449,22.5020599365234,22.2865009307861,22.4885406494141,0,22.4885406494141,"Mexico"
2020-07-21,22.2903995513916,22.4208602905273,22.1884002685547,22.2968006134033,0,22.2968006134033,"Mexico"
2020-07-22,22.3687591552734,22.5443801879883,22.2462997436523,22.3701705932617,0,22.3701705932617,"Mexico"
2020-07-23,22.4901008605957,22.6165904998779,22.3425006866455,22.4782009124756,0,22.4782009124756,"Mexico"
2020-07-26,22.3038997650146,22.3038997650146,21.9570007324219,22.2872009277344,0,22.2872009277344,"Mexico"
2020-07-27,21.9410991668701,22.1032009124756,21.8854007720947,21.9361000061035,0,21.9361000061035,"Mexico"
2020-07-28,21.9293003082275,22.0283699035645,21.8376998901367,21.9333992004395,0,21.9333992004395,"Mexico"
2020-07-29,21.9846305847168,22.234769821167,21.9500007629395,21.9724998474121,0,21.9724998474121,"Mexico"
2020-07-30,22.0044403076172,22.2390003204346,21.9724998474121,21.9953994750977,0,21.9953994750977,"Mexico"
2020-08-02,22.2690906524658,22.6346397399902,22.2409992218018,22.2605991363525,0,22.2605991363525,"Mexico"
2020-08-03,22.6270008087158,22.9064502716064,22.5319995880127,22.6256999969482,0,22.6256999969482,"Mexico"
2020-08-04,22.6284999847412,22.6495494842529,22.3735008239746,22.6284008026123,0,22.6284008026123,"Mexico"
2020-08-05,22.3584995269775,22.6048793792725,22.2998008728027,22.371639251709,0,22.371639251709,"Mexico"
2020-08-06,22.3922996520996,22.5923004150391,22.3628005981445,22.4028491973877,0,22.4028491973877,"Mexico"
2020-08-09,22.3889007568359,22.5363693237305,22.3409004211426,22.4046192169189,0,22.4046192169189,"Mexico"
2020-08-10,22.4683990478516,22.5114498138428,22.2485008239746,22.4570999145508,0,22.4570999145508,"Mexico"
2020-08-11,22.4109001159668,22.4891605377197,22.2586002349854,22.4113998413086,0,22.4113998413086,"Mexico"
2020-08-12,22.3388404846191,22.3787002563477,22.253999710083,22.3409004211426,0,22.3409004211426,"Mexico"
2020-08-13,22.1537990570068,22.2335395812988,22.0040092468262,22.1539001464844,0,22.1539001464844,"Mexico"
2020-08-16,21.9472503662109,22.0670795440674,21.899299621582,21.933500289917,0,21.933500289917,"Mexico"
2020-08-17,22.1557006835938,22.2012500762939,22.0077991485596,22.1422004699707,0,22.1422004699707,"Mexico"
2020-08-18,22.1345291137695,22.1842193603516,22.0093002319336,22.1312999725342,0,22.1312999725342,"Mexico"
2020-08-19,22.1771507263184,22.3208408355713,22.1151008605957,22.1747894287109,0,22.1747894287109,"Mexico"
2020-08-20,22.0683994293213,22.1694507598877,21.9862995147705,22.0883007049561,0,22.0883007049561,"Mexico"
2020-08-23,21.9589996337891,22.0023002624512,21.8670997619629,21.9596691131592,0,21.9596691131592,"Mexico"
2020-08-24,21.9911994934082,22.0102500915527,21.8673000335693,21.9729995727539,0,21.9729995727539,"Mexico"
2020-08-25,21.910400390625,21.979850769043,21.8673000335693,21.8946990966797,0,21.8946990966797,"Mexico"
2020-08-26,21.9314002990723,22.1786994934082,21.829719543457,21.9308700561523,0,21.9308700561523,"Mexico"
2020-08-27,22.1369304656982,22.1538505554199,21.8230991363525,22.1329002380371,0,22.1329002380371,"Mexico"
2020-08-30,21.7512092590332,21.9303798675537,21.7311992645264,21.7499008178711,0,21.7499008178711,"Mexico"
2020-08-31,21.9097499847412,21.9103507995605,21.6744003295898,21.9125499725342,0,21.9125499725342,"Mexico"
2020-09-01,21.7449607849121,21.8894901275635,21.7373008728027,21.7453002929688,0,21.7453002929688,"Mexico"
2020-09-02,21.7356491088867,21.7930107116699,21.5440998077393,21.726900100708,0,21.726900100708,"Mexico"
2020-09-03,21.7042503356934,21.7130603790283,21.4925994873047,21.6986999511719,0,21.6986999511719,"Mexico"
2020-09-06,21.5582008361816,21.65452003479,21.5177001953125,21.5529499053955,0,21.5529499053955,"Mexico"
2020-09-07,21.6068992614746,21.8684005737305,21.557300567627,21.5942001342773,0,21.5942001342773,"Mexico"
2020-09-08,21.8544006347656,21.9356307983398,21.4866008758545,21.8724193572998,0,21.8724193572998,"Mexico"
2020-09-09,21.3868408203125,21.4587001800537,21.2005996704102,21.386999130249,0,21.386999130249,"Mexico"
2020-09-10,21.4308490753174,21.4513206481934,21.2339992523193,21.4366493225098,0,21.4366493225098,"Mexico"
2020-09-13,21.2623291015625,21.2912502288818,21.034200668335,21.2674999237061,0,21.2674999237061,"Mexico"
2020-09-14,21.0830993652344,21.1134395599365,20.9480991363525,21.0648002624512,0,21.0648002624512,"Mexico"
2020-09-15,21.1563301086426,21.16868019104,20.988000869751,21.1420001983643,0,21.1420001983643,"Mexico"
2020-09-16,20.9806098937988,21.1426391601562,20.951000213623,20.9791603088379,0,20.9791603088379,"Mexico"
2020-09-17,20.8927001953125,21.0008602142334,20.8311996459961,20.8927001953125,0,20.8927001953125,"Mexico"
2020-09-20,21.099100112915,21.5746002197266,21.035400390625,21.111759185791,0,21.111759185791,"Mexico"
2020-09-21,21.3479404449463,21.6214809417725,21.2859992980957,21.3448390960693,0,21.3448390960693,"Mexico"
2020-09-22,21.6641292572021,22.1576099395752,21.6543006896973,21.6744995117188,0,21.6744995117188,"Mexico"
2020-09-23,22.393590927124,22.6900596618652,22.2702007293701,22.3903999328613,0,22.3903999328613,"Mexico"
2020-09-24,22.1335601806641,22.5272006988525,21.9766006469727,22.1384391784668,0,22.1384391784668,"Mexico"
2020-09-27,22.3115406036377,22.5674991607666,22.1582794189453,22.3093700408936,0,22.3093700408936,"Mexico"
2020-09-28,22.3654003143311,22.5348491668701,22.1851997375488,22.349100112915,0,22.349100112915,"Mexico"
2020-09-29,22.3792495727539,22.5253391265869,22.0493297576904,22.3735008239746,0,22.3735008239746,"Mexico"
2020-09-30,22.074499130249,22.1092090606689,21.7896003723145,22.081600189209,0,22.081600189209,"Mexico"
2020-10-01,21.846809387207,22.0577697753906,21.653299331665,21.8447303771973,0,21.8447303771973,"Mexico"
2020-10-04,21.5972003936768,21.6132297515869,21.3005504608154,21.5949993133545,0,21.5949993133545,"Mexico"
2020-10-05,21.3845691680908,21.5541000366211,21.2521705627441,21.3632507324219,0,21.3632507324219,"Mexico"
2020-10-06,21.6921901702881,21.722620010376,21.3623008728027,21.6882305145264,0,21.6882305145264,"Mexico"
2020-10-07,21.4601993560791,21.4992408752441,21.3449001312256,21.449800491333,0,21.449800491333,"Mexico"
2020-10-08,21.354700088501,21.3672504425049,21.1359004974365,21.3558692932129,0,21.3558692932129,"Mexico"
2020-10-11,21.1497802734375,21.3012104034424,21.1140995025635,21.1485900878906,0,21.1485900878906,"Mexico"
2020-10-12,21.2024993896484,21.4612007141113,21.1553802490234,21.1989002227783,0,21.1989002227783,"Mexico"
2020-10-13,21.3277397155762,21.4447193145752,21.242000579834,21.3334808349609,0,21.3334808349609,"Mexico"
2020-10-14,21.3183994293213,21.5212097167969,21.3058700561523,21.3261699676514,0,21.3261699676514,"Mexico"
2020-10-15,21.2840404510498,21.3470497131348,21.1294994354248,21.2840995788574,0,21.2840995788574,"Mexico"
2020-10-18,21.1006507873535,21.1467895507812,21.0356998443604,21.0888004302979,0,21.0888004302979,"Mexico"
2020-10-19,21.1954097747803,21.2633495330811,21.0373992919922,21.2072505950928,0,21.2072505950928,"Mexico"
2020-10-20,21.104850769043,21.1229991912842,20.9848003387451,21.0925998687744,0,21.0925998687744,"Mexico"
2020-10-21,21.1529998779297,21.2248592376709,20.9715995788574,21.1492691040039,0,21.1492691040039,"Mexico"
2020-10-22,20.9549999237061,21.0368003845215,20.8579998016357,20.9542007446289,0,20.9542007446289,"Mexico"
2020-10-26,20.9032497406006,21.1293506622314,20.8756008148193,20.9024391174316,0,20.9024391174316,"Mexico"
2020-10-27,20.9572200775146,20.9679393768311,20.8278007507324,20.9637908935547,0,20.9637908935547,"Mexico"
2020-10-28,21.0308494567871,21.3569602966309,21,21.0193004608154,0,21.0193004608154,"Mexico"
2020-10-29,21.2350006103516,21.4762191772461,21.1243000030518,21.2355995178223,0,21.2355995178223,"Mexico"
2020-10-30,21.3402996063232,21.491849899292,21.1704006195068,21.3456001281738,0,21.3456001281738,"Mexico"
2020-11-02,21.2658996582031,21.4948501586914,21.2105007171631,21.274450302124,0,21.274450302124,"Mexico"
2020-11-03,21.359899520874,21.389669418335,21.0084991455078,21.3719501495361,0,21.3719501495361,"Mexico"
2020-11-04,21.0110702514648,21.9463996887207,20.9146003723145,21.0357093811035,0,21.0357093811035,"Mexico"
2020-11-05,20.951099395752,21.0384502410889,20.6336498260498,20.9344005584717,0,20.9344005584717,"Mexico"
2020-11-06,20.7467594146729,20.8514595031738,20.5705299377441,20.755500793457,0,20.755500793457,"Mexico"
2020-11-09,20.5164203643799,20.548849105835,20.0368995666504,20.5203609466553,0,20.5203609466553,"Mexico"
2020-11-10,20.341480255127,20.4751300811768,20.275749206543,20.3353004455566,0,20.3353004455566,"Mexico"
2020-11-11,20.3309593200684,20.5968494415283,20.2343997955322,20.3220996856689,0,20.3220996856689,"Mexico"
2020-11-12,20.4610500335693,20.6250801086426,20.4235992431641,20.4643001556396,0,20.4643001556396,"Mexico"
2020-11-13,20.6032600402832,20.6898193359375,20.448299407959,20.60325050354,0,20.60325050354,"Mexico"
2020-11-16,20.3467807769775,20.3749103546143,20.1549091339111,20.3447399139404,0,20.3447399139404,"Mexico"
2020-11-17,20.2600898742676,20.425760269165,20.2296009063721,20.2599506378174,0,20.2599506378174,"Mexico"
2020-11-18,20.3075008392334,20.3313808441162,20.1606998443604,20.2794895172119,0,20.2794895172119,"Mexico"
2020-11-19,20.3295001983643,20.4290199279785,20.1620292663574,20.3126792907715,0,20.3126792907715,"Mexico"
2020-11-20,20.2439804077148,20.2561492919922,20.0669002532959,20.2334003448486,0,20.2334003448486,"Mexico"
2020-11-23,20.085470199585,20.1299991607666,19.944299697876,20.0867195129395,0,20.0867195129395,"Mexico"
2020-11-24,20.1024303436279,20.1336002349854,19.9902496337891,20.1015491485596,0,20.1015491485596,"Mexico"
2020-11-25,20.0300998687744,20.0910396575928,19.9545001983643,20.0251197814941,0,20.0251197814941,"Mexico"
2020-11-26,19.9744091033936,20.0606498718262,19.9235000610352,19.9575996398926,0,19.9575996398926,"Mexico"
2020-11-27,20.0296993255615,20.086109161377,19.9659595489502,20.0291004180908,0,20.0291004180908,"Mexico"
2020-11-30,20.036750793457,20.1620006561279,20.0090999603271,20.0380706787109,0,20.0380706787109,"Mexico"
2020-12-01,20.1438007354736,20.1643009185791,19.9969997406006,20.161600112915,0,20.161600112915,"Mexico"
2020-12-02,20.0331192016602,20.1420803070068,19.9871006011963,20.0287494659424,0,20.0287494659424,"Mexico"
2020-12-03,19.9991493225098,20.0261993408203,19.8586502075195,19.9923992156982,0,19.9923992156982,"Mexico"
2020-12-04,19.8995990753174,19.9070892333984,19.7266006469727,19.8992004394531,0,19.8992004394531,"Mexico"
2020-12-07,19.7830505371094,19.9663696289062,19.7651996612549,19.7810001373291,0,19.7810001373291,"Mexico"
2020-12-08,19.8951206207275,19.9071407318115,19.6987991333008,19.891019821167,0,19.891019821167,"Mexico"
2020-12-09,19.7866497039795,19.8842506408691,19.6872997283936,19.7759990692139,0,19.7759990692139,"Mexico"
2020-12-10,19.8775291442871,20.0425891876221,19.806999206543,19.8761196136475,0,19.8761196136475,"Mexico"
2020-12-11,19.9934005737305,20.1903991699219,19.941499710083,19.9906997680664,0,19.9906997680664,"Mexico"
2020-12-14,20.0804004669189,20.2461204528809,19.9855003356934,20.0778007507324,0,20.0778007507324,"Mexico"
2020-12-15,20.2288494110107,20.2589492797852,20.0676002502441,20.2282390594482,0,20.2282390594482,"Mexico"
2020-12-16,19.9165992736816,19.9829006195068,19.8101997375488,19.928279876709,0,19.928279876709,"Mexico"
2020-12-17,19.8737697601318,19.8811798095703,19.7369995117188,19.8712406158447,0,19.8712406158447,"Mexico"
2020-12-18,19.823600769043,20.034309387207,19.7940998077393,19.8215007781982,0,19.8215007781982,"Mexico"
2020-12-21,20.0908794403076,20.6452007293701,20.0368309020996,20.0939407348633,0,20.0939407348633,"Mexico"
2020-12-22,19.9822998046875,20.1530609130859,19.9587001800537,19.982400894165,0,19.982400894165,"Mexico"
2020-12-23,20.1054191589355,20.204870223999,20.0117797851562,20.1037998199463,0,20.1037998199463,"Mexico"
2020-12-24,20.0412998199463,20.0699501037598,19.8218002319336,20.048900604248,0,20.048900604248,"Mexico"
2020-12-25,19.8641605377197,19.8794994354248,19.8441009521484,19.8680000305176,0,19.8680000305176,"Mexico"
2020-12-28,19.8668403625488,20.1169891357422,19.8346004486084,19.8696804046631,0,19.8696804046631,"Mexico"
2020-12-29,20.0026302337646,20.0559406280518,19.861499786377,20.0062503814697,0,20.0062503814697,"Mexico"
2020-12-30,19.9370803833008,20.0266704559326,19.8001003265381,19.9349994659424,0,19.9349994659424,"Mexico"
2020-12-31,19.8900108337402,19.9370098114014,19.8388595581055,19.8908996582031,0,19.8908996582031,"Mexico"
2021-01-01,19.8745002746582,19.8745002746582,19.8666000366211,19.8745002746582,0,19.8745002746582,"Mexico"
2021-01-04,19.8537502288818,19.9438800811768,19.7245006561279,19.8474998474121,0,19.8474998474121,"Mexico"
2021-01-05,19.9417495727539,20.0970592498779,19.8038997650146,19.9424495697021,0,19.9424495697021,"Mexico"
2021-01-06,19.9050998687744,19.9874496459961,19.6907997131348,19.9022006988525,0,19.9022006988525,"Mexico"
2021-01-07,19.6624603271484,19.9384994506836,19.6189994812012,19.6557693481445,0,19.6557693481445,"Mexico"
2021-01-08,20.0006999969482,20.0523490905762,19.8723697662354,20.0000991821289,0,20.0000991821289,"Mexico"
2021-01-11,20.0556697845459,20.2563896179199,20.0323009490967,20.0504894256592,0,20.0504894256592,"Mexico"
2021-01-12,20.0589294433594,20.1122398376465,19.9167003631592,20.0624008178711,0,20.0624008178711,"Mexico"
2021-01-13,19.7911605834961,19.8861103057861,19.7385292053223,19.7944297790527,0,19.7944297790527,"Mexico"
2021-01-14,19.8407402038574,19.8854503631592,19.7171001434326,19.8363494873047,0,19.8363494873047,"Mexico"
2021-01-15,19.7232093811035,19.8892192840576,19.6851997375488,19.7233505249023,0,19.7233505249023,"Mexico"
2021-01-18,19.8451499938965,19.963399887085,19.7096996307373,19.8435192108154,0,19.8435192108154,"Mexico"
2021-01-19,19.682300567627,19.7276306152344,19.5841999053955,19.695650100708,0,19.695650100708,"Mexico"
2021-01-20,19.6473808288574,19.6664295196533,19.5443000793457,19.6359996795654,0,19.6359996795654,"Mexico"
2021-01-21,19.5850601196289,19.7500591278076,19.5368995666504,19.5850105285645,0,19.5850105285645,"Mexico"
2021-01-22,19.7357997894287,19.9941501617432,19.7108001708984,19.737060546875,0,19.737060546875,"Mexico"
2021-01-25,19.9458999633789,20.2348003387451,19.8416996002197,19.9428806304932,0,19.9428806304932,"Mexico"
2021-01-26,20.1109294891357,20.2889194488525,19.9385299682617,20.1051692962646,0,20.1051692962646,"Mexico"
2021-01-27,19.9878005981445,20.3093891143799,19.9829006195068,19.9883003234863,0,19.9883003234863,"Mexico"
2021-01-28,20.319860458374,20.4531803131104,20.2230606079102,20.3315296173096,0,20.3315296173096,"Mexico"
2021-01-29,20.259349822998,20.3644695281982,20.0879001617432,20.2522506713867,0,20.2522506713867,"Mexico"
2021-02-01,20.4969692230225,20.506950378418,20.253999710083,20.5052890777588,0,20.5052890777588,"Mexico"
2021-02-02,20.3715896606445,20.3853607177734,20.1255893707275,20.3681602478027,0,20.3681602478027,"Mexico"
2021-02-03,20.1401691436768,20.2398490905762,20.0645999908447,20.1376800537109,0,20.1376800537109,"Mexico"
2021-02-04,20.1924705505371,20.4887199401855,20.1660003662109,20.1970806121826,0,20.1970806121826,"Mexico"
2021-02-05,20.3926696777344,20.4171504974365,20.0866603851318,20.3871898651123,0,20.3871898651123,"Mexico"
2021-02-08,20.1116695404053,20.2422904968262,20.0736408233643,20.1113891601562,0,20.1113891601562,"Mexico"
2021-02-09,20.090799331665,20.142520904541,20.0098991394043,20.1030693054199,0,20.1030693054199,"Mexico"
2021-02-10,20.0834808349609,20.1450595855713,20.0040702819824,20.0838508605957,0,20.0838508605957,"Mexico"
2021-02-11,20.0312404632568,20.0546894073486,19.8917999267578,20.0292892456055,0,20.0292892456055,"Mexico"
2021-02-12,19.9524993896484,20.083610534668,19.9162998199463,19.9662799835205,0,19.9662799835205,"Mexico"
2021-02-15,19.9405899047852,19.9764804840088,19.8784999847412,19.9367694854736,0,19.9367694854736,"Mexico"
2021-02-16,19.9622802734375,20.2455596923828,19.898099899292,19.9493007659912,0,19.9493007659912,"Mexico"
2021-02-17,20.2299194335938,20.3796501159668,20.1502990722656,20.2255401611328,0,20.2255401611328,"Mexico"
2021-02-18,20.2128105163574,20.4684104919434,20.1324005126953,20.2125396728516,0,20.2125396728516,"Mexico"
2021-02-19,20.3080196380615,20.462610244751,20.2530498504639,20.3082294464111,0,20.3082294464111,"Mexico"
2021-02-22,20.4870090484619,20.8237495422363,20.4465999603271,20.4874496459961,0,20.4874496459961,"Mexico"
2021-02-23,20.7355995178223,20.7631702423096,20.5144004821777,20.7420291900635,0,20.7420291900635,"Mexico"
2021-02-24,20.5145893096924,20.5506000518799,20.3482894897461,20.5132694244385,0,20.5132694244385,"Mexico"
2021-02-25,20.3839893341064,20.9124603271484,20.3747005462646,20.3775596618652,0,20.3775596618652,"Mexico"
2021-02-26,20.9233894348145,21.0443096160889,20.7710990905762,20.9109001159668,0,20.9109001159668,"Mexico"
2021-03-01,20.7877006530762,20.867919921875,20.5774002075195,20.7895698547363,0,20.7895698547363,"Mexico"
2021-03-02,20.6566009521484,20.7863502502441,20.5841007232666,20.6540298461914,0,20.6540298461914,"Mexico"
2021-03-03,20.6056098937988,20.9281597137451,20.5443992614746,20.6034107208252,0,20.6034107208252,"Mexico"
2021-03-04,20.9673595428467,20.9673595428467,20.7585391998291,20.956090927124,0,20.956090927124,"Mexico"
2021-03-05,21.130859375,21.4092102050781,21.074499130249,21.1334095001221,0,21.1334095001221,"Mexico"
2021-03-08,21.2591304779053,21.6317005157471,21.213680267334,21.2553005218506,0,21.2553005218506,"Mexico"
2021-03-09,21.4912300109863,21.567699432373,21.21044921875,21.4924907684326,0,21.4924907684326,"Mexico"
2021-03-10,21.2089996337891,21.2782001495361,20.9512996673584,21.1888198852539,0,21.1888198852539,"Mexico"
2021-03-11,20.9022598266602,20.9226207733154,20.6913108825684,20.90212059021,0,20.90212059021,"Mexico"
2021-03-12,20.618989944458,20.9249591827393,20.5821990966797,20.6149997711182,0,20.6149997711182,"Mexico"
2021-03-15,20.7095909118652,20.8239898681641,20.6301002502441,20.7115802764893,0,20.7115802764893,"Mexico"
2021-03-16,20.6647205352783,20.7282600402832,20.5412006378174,20.666690826416,0,20.666690826416,"Mexico"
2021-03-17,20.6028099060059,20.8088207244873,20.5874996185303,20.5993003845215,0,20.5993003845215,"Mexico"
2021-03-18,20.3621501922607,20.5894603729248,20.2773990631104,20.3627700805664,0,20.3627700805664,"Mexico"
2021-03-19,20.4691009521484,20.5461807250977,20.2942008972168,20.4839000701904,0,20.4839000701904,"Mexico"
2021-03-22,20.6561508178711,20.8276195526123,20.5384998321533,20.6608009338379,0,20.6608009338379,"Mexico"
2021-03-23,20.5748195648193,20.8301105499268,20.5418605804443,20.5753898620605,0,20.5753898620605,"Mexico"
2021-03-24,20.7920093536377,20.882640838623,20.6592998504639,20.8079109191895,0,20.8079109191895,"Mexico"
2021-03-25,20.8908996582031,20.9398193359375,20.7682991027832,20.882999420166,0,20.882999420166,"Mexico"
2021-03-26,20.6721000671387,20.7273006439209,20.5328006744385,20.6830291748047,0,20.6830291748047,"Mexico"
2021-03-28,20.6318893432617,20.7851600646973,20.5804996490479,20.6325302124023,0,20.6325302124023,"Mexico"
2021-03-29,20.6063003540039,20.7011699676514,20.5436992645264,20.6073799133301,0,20.6073799133301,"Mexico"
2021-03-30,20.5615005493164,20.6316108703613,20.4043998718262,20.576000213623,0,20.576000213623,"Mexico"
2021-03-31,20.4320507049561,20.4937992095947,20.2698001861572,20.4291000366211,0,20.4291000366211,"Mexico"
2021-04-01,20.2796001434326,20.3399600982666,20.2614002227783,20.291389465332,0,20.291389465332,"Mexico"
2021-04-04,20.3117809295654,20.3433799743652,20.2168998718262,20.3052196502686,0,20.3052196502686,"Mexico"
2021-04-05,20.3043899536133,20.3754997253418,20.1308002471924,20.3057308197021,0,20.3057308197021,"Mexico"
2021-04-06,20.1641998291016,20.2219200134277,20.1378002166748,20.1744594573975,0,20.1744594573975,"Mexico"
2021-04-07,20.2033004760742,20.217399597168,20.0606994628906,20.2112998962402,0,20.2112998962402,"Mexico"
2021-04-08,20.0846004486084,20.2229309082031,20.0694999694824,20.0989398956299,0,20.0989398956299,"Mexico"
2021-04-11,20.1646099090576,20.214750289917,20.0629997253418,20.1604099273682,0,20.1604099273682,"Mexico"
2021-04-12,20.1340007781982,20.2179508209229,20.0352993011475,20.1444301605225,0,20.1444301605225,"Mexico"
2021-04-13,20.0671997070312,20.125280380249,20.0062999725342,20.0674991607666,0,20.0674991607666,"Mexico"
2021-04-14,20.0730991363525,20.0954608917236,19.8915004730225,20.0860595703125,0,20.0860595703125,"Mexico"
2021-04-15,19.9446506500244,19.9899501800537,19.8943996429443,19.9358997344971,0,19.9358997344971,"Mexico"
2021-04-18,19.9295997619629,19.9365501403809,19.7917995452881,19.9183006286621,0,19.9183006286621,"Mexico"
2021-04-19,19.8024005889893,19.9297103881836,19.7696990966797,19.8134498596191,0,19.8134498596191,"Mexico"
2021-04-20,19.9590892791748,19.9868507385254,19.854700088501,19.94700050354,0,19.94700050354,"Mexico"
2021-04-21,19.8855991363525,19.9781494140625,19.8568992614746,19.8866004943848,0,19.8866004943848,"Mexico"
2021-04-22,19.9291496276855,19.93630027771,19.8101997375488,19.9330005645752,0,19.9330005645752,"Mexico"
2021-04-25,19.8509502410889,19.8832092285156,19.7868995666504,19.8525390625,0,19.8525390625,"Mexico"
2021-04-26,19.8610992431641,20.0139198303223,19.8512001037598,19.8586006164551,0,19.8586006164551,"Mexico"
2021-04-27,20.044490814209,20.0802707672119,19.929500579834,20.032600402832,0,20.032600402832,"Mexico"
2021-04-28,19.8934593200684,20.1550102233887,19.8563003540039,19.8916702270508,0,19.8916702270508,"Mexico"
2021-04-29,20.0349102020264,20.2104206085205,20.0043106079102,20.024299621582,0,20.024299621582,"Mexico"
2021-05-02,20.2122001647949,20.314380645752,20.1434993743896,20.19580078125,0,20.19580078125,"Mexico"
2021-05-03,20.1753997802734,20.323299407959,20.1753997802734,20.1877994537354,0,20.1877994537354,"Mexico"
2021-05-04,20.2034492492676,20.2514705657959,20.1527996063232,20.1938991546631,0,20.1938991546631,"Mexico"
2021-05-05,20.2470798492432,20.2922306060791,20.1448993682861,20.2511692047119,0,20.2511692047119,"Mexico"
2021-05-06,20.0911998748779,20.1094398498535,19.8456001281738,20.0851001739502,0,20.0851001739502,"Mexico"
2021-05-09,19.9069004058838,19.9552993774414,19.8530006408691,19.8924007415771,0,19.8924007415771,"Mexico"
2021-05-10,19.8957996368408,19.9642505645752,19.8139991760254,19.9129505157471,0,19.9129505157471,"Mexico"
2021-05-11,19.9626502990723,20.1559104919434,19.9151000976562,19.9636898040771,0,19.9636898040771,"Mexico"
2021-05-12,20.1491394042969,20.2089099884033,20.0470199584961,20.1420001983643,0,20.1420001983643,"Mexico"
2021-05-13,19.9523296356201,19.9685001373291,19.7397994995117,19.9503993988037,0,19.9503993988037,"Mexico"
2021-05-16,19.8628005981445,19.9465408325195,19.7828006744385,19.8703994750977,0,19.8703994750977,"Mexico"
2021-05-17,19.7742595672607,19.8575496673584,19.7064990997314,19.7612991333008,0,19.7612991333008,"Mexico"
2021-05-18,19.8483295440674,19.9425506591797,19.7903995513916,19.84787940979,0,19.84787940979,"Mexico"
2021-05-19,19.9412002563477,19.9448394775391,19.8253002166748,19.9330005645752,0,19.9330005645752,"Mexico"
2021-05-20,19.8721008300781,19.9707202911377,19.8591995239258,19.8887996673584,0,19.8887996673584,"Mexico"
2021-05-23,19.9389495849609,19.9869003295898,19.8362007141113,19.937349319458,0,19.937349319458,"Mexico"
2021-05-24,19.8704299926758,19.9004001617432,19.7985992431641,19.8740005493164,0,19.8740005493164,"Mexico"
2021-05-25,19.8948993682861,19.9178600311279,19.8190002441406,19.9057998657227,0,19.9057998657227,"Mexico"
2021-05-26,19.8874092102051,19.9833908081055,19.8139991760254,19.8708000183105,0,19.8708000183105,"Mexico"
2021-05-27,19.9521999359131,20.0733203887939,19.9223003387451,19.9518508911133,0,19.9518508911133,"Mexico"
2021-05-30,19.9397602081299,19.9504508972168,19.8740997314453,19.9260997772217,0,19.9260997772217,"Mexico"
2021-05-31,19.9155006408691,19.9336891174316,19.8341007232666,19.9174995422363,0,19.9174995422363,"Mexico"
2021-06-01,19.9613208770752,20.0122890472412,19.8703994750977,19.9612007141113,0,19.9612007141113,"Mexico"
2021-06-02,19.9071502685547,20.0800495147705,19.8810997009277,19.8948001861572,0,19.8948001861572,"Mexico"
2021-06-03,20.1538105010986,20.205249786377,19.9076995849609,20.1403999328613,0,20.1403999328613,"Mexico"
2021-06-06,19.9584007263184,19.9621505737305,19.7252006530762,19.9438991546631,0,19.9438991546631,"Mexico"
2021-06-07,19.8241996765137,19.8523902893066,19.7383995056152,19.8223991394043,0,19.8223991394043,"Mexico"
2021-06-08,19.7019805908203,19.7068004608154,19.5876998901367,19.7020797729492,0,19.7020797729492,"Mexico"
2021-06-09,19.7366008758545,19.7696495056152,19.6478996276855,19.7302799224854,0,19.7302799224854,"Mexico"
2021-06-10,19.7026996612549,19.9616107940674,19.6247406005859,19.7031993865967,0,19.7031993865967,"Mexico"
2021-06-13,19.8589992523193,19.9345703125,19.8264999389648,19.8708992004395,0,19.8708992004395,"Mexico"
2021-06-14,19.9384002685547,20.1914100646973,19.8717002868652,19.9430999755859,0,19.9430999755859,"Mexico"
2021-06-15,20.033899307251,20.1295394897461,19.943000793457,20.0212993621826,0,20.0212993621826,"Mexico"
2021-06-16,20.3915004730225,20.6173992156982,20.3162994384766,20.3978805541992,0,20.3978805541992,"Mexico"
2021-06-17,20.4195995330811,20.7412891387939,20.3745403289795,20.4106998443604,0,20.4106998443604,"Mexico"
2021-06-20,20.6263008117676,20.7068004608154,20.5289993286133,20.6219997406006,0,20.6219997406006,"Mexico"
2021-06-21,20.5092792510986,20.665620803833,20.4969005584717,20.5058498382568,0,20.5058498382568,"Mexico"
2021-06-22,20.3489608764648,20.4033508300781,20.2119598388672,20.3393001556396,0,20.3393001556396,"Mexico"
2021-06-23,20.193660736084,20.2110500335693,20.0053005218506,20.1958694458008,0,20.1958694458008,"Mexico"
2021-06-24,19.8519992828369,19.8879909515381,19.7031002044678,19.8469009399414,0,19.8469009399414,"Mexico"
2021-06-27,19.8207893371582,19.8977794647217,19.7423000335693,19.8082008361816,0,19.8082008361816,"Mexico"
2021-06-28,19.8059997558594,19.8810405731201,19.7681007385254,19.8171691894531,0,19.8171691894531,"Mexico"
2021-06-29,19.8154106140137,19.9390602111816,19.769100189209,19.8031005859375,0,19.8031005859375,"Mexico"
2021-06-30,19.9366493225098,20.0731506347656,19.8974990844727,19.9344291687012,0,19.9344291687012,"Mexico"
2021-07-01,20.0101299285889,20.0412998199463,19.7999000549316,20.0100994110107,0,20.0100994110107,"Mexico"
2021-07-04,19.7914009094238,19.86549949646,19.7723007202148,19.7981090545654,0,19.7981090545654,"Mexico"
2021-07-05,19.8432998657227,20.0237007141113,19.7637996673584,19.8248996734619,0,19.8248996734619,"Mexico"
2021-07-06,20.0140991210938,20.09494972229,19.8938999176025,20.0116596221924,0,20.0116596221924,"Mexico"
2021-07-07,19.9507904052734,20.1545391082764,19.9344005584717,19.9503993988037,0,19.9503993988037,"Mexico"
2021-07-08,19.9664993286133,20.0318298339844,19.8610992431641,19.9811000823975,0,19.9811000823975,"Mexico"
2021-07-11,19.8747997283936,20.0035095214844,19.8281993865967,19.8607006072998,0,19.8607006072998,"Mexico"
2021-07-12,19.8390007019043,20.0519905090332,19.8008003234863,19.8274002075195,0,19.8274002075195,"Mexico"
2021-07-13,20.0419998168945,20.0552501678467,19.8763008117676,20.042200088501,0,20.042200088501,"Mexico"
2021-07-14,19.890100479126,19.9674491882324,19.8546009063721,19.9009494781494,0,19.9009494781494,"Mexico"
2021-07-15,19.9283695220947,19.9517002105713,19.8253898620605,19.9293899536133,0,19.9293899536133,"Mexico"
2021-07-18,19.9216995239258,20.0590991973877,19.900899887085,19.9041996002197,0,19.9041996002197,"Mexico"
2021-07-19,20.0419006347656,20.1891307830811,19.9857997894287,20.0380992889404,0,20.0380992889404,"Mexico"
2021-07-20,20.1354999542236,20.2451591491699,20.099100112915,20.1360492706299,0,20.1360492706299,"Mexico"
2021-07-21,20.1470603942871,20.2182292938232,20.0998992919922,20.1471405029297,0,20.1471405029297,"Mexico"
2021-07-22,20.0998992919922,20.1462802886963,19.992000579834,20.1027507781982,0,20.1027507781982,"Mexico"
2021-07-25,20.0492000579834,20.1587696075439,19.9838008880615,20.0583000183105,0,20.0583000183105,"Mexico"
2021-07-26,20.0279006958008,20.1358509063721,19.9349002838135,20.024299621582,0,20.024299621582,"Mexico"
2021-07-27,19.9662704467773,20.0058994293213,19.9115009307861,19.9540996551514,0,19.9540996551514,"Mexico"
2021-07-28,19.9125003814697,19.9293804168701,19.8090000152588,19.9137992858887,0,19.9137992858887,"Mexico"
2021-07-29,19.8603706359863,19.9046001434326,19.7873992919922,19.8514003753662,0,19.8514003753662,"Mexico"
2021-08-01,19.8783893585205,19.8992595672607,19.7938003540039,19.8656997680664,0,19.8656997680664,"Mexico"
2021-08-02,19.8880996704102,19.9258193969727,19.8145008087158,19.9016990661621,0,19.9016990661621,"Mexico"
2021-08-03,19.8624992370605,19.9764709472656,19.807300567627,19.8626003265381,0,19.8626003265381,"Mexico"
2021-08-04,19.9606990814209,19.9926891326904,19.8812007904053,19.9603996276855,0,19.9603996276855,"Mexico"
2021-08-05,19.929500579834,20.0361804962158,19.8936004638672,19.9282608032227,0,19.9282608032227,"Mexico"
2021-08-08,20.0811004638672,20.1139297485352,19.9825992584229,20.0697994232178,0,20.0697994232178,"Mexico"
2021-08-09,20.0715599060059,20.1648597717285,20.0373001098633,20.0698699951172,0,20.0698699951172,"Mexico"
2021-08-10,20.0706005096436,20.1103992462158,19.9230003356934,20.070499420166,0,20.070499420166,"Mexico"
2021-08-11,19.9263000488281,19.9545192718506,19.8665008544922,19.929500579834,0,19.929500579834,"Mexico"
2021-08-12,19.951379776001,19.9753894805908,19.8255996704102,19.951379776001,0,19.951379776001,"Mexico"
2021-08-15,19.8637008666992,19.917200088501,19.8351001739502,19.8577003479004,0,19.8577003479004,"Mexico"
2021-08-16,19.8946990966797,19.9988594055176,19.8588008880615,19.8801002502441,0,19.8801002502441,"Mexico"
2021-08-17,19.9850997924805,20.0239696502686,19.9388008117676,19.9975490570068,0,19.9975490570068,"Mexico"
2021-08-18,20.0291996002197,20.1966209411621,20.0263996124268,20.0390396118164,0,20.0390396118164,"Mexico"
2021-08-19,20.1800994873047,20.4522094726562,20.1315994262695,20.167200088501,0,20.167200088501,"Mexico"
2021-08-22,20.3770999908447,20.4403991699219,20.2661399841309,20.3815002441406,0,20.3815002441406,"Mexico"
2021-08-23,20.3171291351318,20.3608303070068,20.2383995056152,20.3179492950439,0,20.3179492950439,"Mexico"
2021-08-24,20.2024002075195,20.3475894927979,20.1606006622314,20.2061004638672,0,20.2061004638672,"Mexico"
2021-08-25,20.2288608551025,20.38450050354,20.2119007110596,20.216100692749,0,20.216100692749,"Mexico"
2021-08-26,20.3693008422852,20.4231395721436,20.1912002563477,20.3665008544922,0,20.3665008544922,"Mexico"
2021-08-29,20.1721992492676,20.2227001190186,20.1056995391846,20.1643009185791,0,20.1643009185791,"Mexico"
2021-08-30,20.1372890472412,20.1434993743896,20.0252990722656,20.1392498016357,0,20.1392498016357,"Mexico"
2021-08-31,20.0594997406006,20.0970993041992,19.917200088501,20.0596008300781,0,20.0596008300781,"Mexico"
2021-09-01,19.994649887085,20.0126495361328,19.9171009063721,19.9977493286133,0,19.9977493286133,"Mexico"
2021-09-02,19.9487991333008,19.9804992675781,19.843599319458,19.9623508453369,0,19.9623508453369,"Mexico"
2021-09-05,19.922550201416,19.9320507049561,19.8579998016357,19.9090003967285,0,19.9090003967285,"Mexico"
2021-09-06,19.8889007568359,19.963809967041,19.8733005523682,19.8880996704102,0,19.8880996704102,"Mexico"
2021-09-07,19.9395999908447,19.9801807403564,19.8812007904053,19.9277992248535,0,19.9277992248535,"Mexico"
2021-09-08,19.9270000457764,19.9631595611572,19.86549949646,19.9274997711182,0,19.9274997711182,"Mexico"
2021-09-09,19.9256000518799,19.9440002441406,19.8470001220703,19.9216003417969,0,19.9216003417969,"Mexico"
2021-09-12,19.86549949646,19.9071998596191,19.8355007171631,19.86549949646,0,19.86549949646,"Mexico"
2021-09-13,19.8640995025635,19.9202995300293,19.842399597168,19.8619995117188,0,19.8619995117188,"Mexico"
2021-09-14,19.9089508056641,19.9188499450684,19.8521003723145,19.8973007202148,0,19.8973007202148,"Mexico"
2021-09-15,19.8572998046875,19.9622707366943,19.835599899292,19.8444995880127,0,19.8444995880127,"Mexico"
2021-09-16,19.9277992248535,20.0159301757812,19.8929996490479,19.9405498504639,0,19.9405498504639,"Mexico"
2021-09-19,20.0176696777344,20.2011299133301,20.0023994445801,20.0184993743896,0,20.0184993743896,"Mexico"
2021-09-20,20.1221809387207,20.1565399169922,20.0499000549316,20.1189403533936,0,20.1189403533936,"Mexico"
2021-09-21,20.1278991699219,20.1439208984375,20.0114307403564,20.1287002563477,0,20.1287002563477,"Mexico"
2021-09-22,20.0688991546631,20.1186103820801,19.9722003936768,20.0867595672607,0,20.0867595672607,"Mexico"
2021-09-23,20.0520801544189,20.1891002655029,20.0361003875732,20.0529003143311,0,20.0529003143311,"Mexico"
2021-09-26,20.0543003082275,20.1484107971191,19.9969997406006,20.0534992218018,0,20.0534992218018,"Mexico"
2021-09-27,20.0897998809814,20.337760925293,20.0827007293701,20.0895004272461,0,20.0895004272461,"Mexico"
2021-09-28,20.327169418335,20.4969596862793,20.2721996307373,20.3297691345215,0,20.3297691345215,"Mexico"
2021-09-29,20.5128993988037,20.5773506164551,20.4419994354248,20.5011005401611,0,20.5011005401611,"Mexico"
2021-09-30,20.6283702850342,20.7256107330322,20.4671993255615,20.6154003143311,0,20.6154003143311,"Mexico"
2021-10-03,20.4069995880127,20.6045799255371,20.4069995880127,20.4181995391846,0,20.4181995391846,"Mexico"
2021-10-04,20.5020999908447,20.605899810791,20.483699798584,20.5016002655029,0,20.5016002655029,"Mexico"
2021-10-05,20.5813999176025,20.8805999755859,20.5637607574463,20.5701999664307,0,20.5701999664307,"Mexico"
2021-10-06,20.546199798584,20.6446704864502,20.4512996673584,20.5575008392334,0,20.5575008392334,"Mexico"
2021-10-07,20.6418991088867,20.7821598052979,20.5345001220703,20.6541309356689,0,20.6541309356689,"Mexico"
2021-10-10,20.7115001678467,20.8096504211426,20.683500289917,20.7231502532959,0,20.7231502532959,"Mexico"
2021-10-11,20.8575706481934,20.8993492126465,20.7490997314453,20.8470001220703,0,20.8470001220703,"Mexico"
2021-10-12,20.7831001281738,20.7936496734619,20.6383991241455,20.7800006866455,0,20.7800006866455,"Mexico"
2021-10-13,20.5433006286621,20.6560497283936,20.5051002502441,20.5536994934082,0,20.5536994934082,"Mexico"
2021-10-14,20.5419006347656,20.5907402038574,20.4321994781494,20.5417995452881,0,20.5417995452881,"Mexico"
2021-10-17,20.3619003295898,20.4927101135254,20.3179798126221,20.3470001220703,0,20.3470001220703,"Mexico"
2021-10-18,20.3957996368408,20.4134006500244,20.2390995025635,20.3974990844727,0,20.3974990844727,"Mexico"
2021-10-19,20.2220001220703,20.2775993347168,20.1553993225098,20.2220993041992,0,20.2220993041992,"Mexico"
2021-10-20,20.221700668335,20.3125095367432,20.1863994598389,20.2215003967285,0,20.2215003967285,"Mexico"
2021-10-21,20.304759979248,20.3274993896484,20.1217002868652,20.2931995391846,0,20.2931995391846,"Mexico"
2021-10-24,20.1849994659424,20.22705078125,20.1415996551514,20.1888999938965,0,20.1888999938965,"Mexico"
2021-10-25,20.1693000793457,20.2196998596191,20.1060009002686,20.1704998016357,0,20.1704998016357,"Mexico"
2021-10-26,20.1916599273682,20.2546005249023,20.1454601287842,20.1969108581543,0,20.1969108581543,"Mexico"
2021-10-27,20.293399810791,20.3712997436523,20.2537994384766,20.3048000335693,0,20.3048000335693,"Mexico"
2021-10-28,20.3796005249023,20.5658493041992,20.3649005889893,20.3784008026123,0,20.3784008026123,"Mexico"
2021-11-01,20.548900604248,20.8655490875244,20.5394992828369,20.5527000427246,0,20.5527000427246,"Mexico"
2021-11-02,20.8355007171631,20.9087600708008,20.7077503204346,20.839599609375,0,20.839599609375,"Mexico"
2021-11-03,20.7801990509033,20.9764709472656,20.7180995941162,20.7803001403809,0,20.7803001403809,"Mexico"
2021-11-04,20.5433597564697,20.6467208862305,20.4994506835938,20.5317001342773,0,20.5317001342773,"Mexico"
2021-11-05,20.5455703735352,20.6330509185791,20.4057998657227,20.5459003448486,0,20.5459003448486,"Mexico"
2021-11-08,20.3733005523682,20.418830871582,20.3115997314453,20.3728008270264,0,20.3728008270264,"Mexico"
2021-11-09,20.3321895599365,20.3715000152588,20.2485008239746,20.332950592041,0,20.332950592041,"Mexico"
2021-11-10,20.3052997589111,20.4700298309326,20.298900604248,20.3191509246826,0,20.3191509246826,"Mexico"
2021-11-11,20.6002998352051,20.6863708496094,20.4449996948242,20.6063995361328,0,20.6063995361328,"Mexico"
2021-11-12,20.6354007720947,20.7175197601318,20.4555606842041,20.6364307403564,0,20.6364307403564,"Mexico"
2021-11-15,20.5259990692139,20.67919921875,20.457799911499,20.52419090271,0,20.52419090271,"Mexico"
2021-11-16,20.6072692871094,20.8448696136475,20.5417003631592,20.5948009490967,0,20.5948009490967,"Mexico"
2021-11-17,20.7609996795654,20.7995491027832,20.6462993621826,20.7537994384766,0,20.7537994384766,"Mexico"
2021-11-18,20.6450996398926,20.8857498168945,20.6268005371094,20.6453990936279,0,20.6453990936279,"Mexico"
2021-11-19,20.7745990753174,20.8857002258301,20.6669998168945,20.75950050354,0,20.75950050354,"Mexico"
2021-11-22,20.86083984375,20.9778594970703,20.8010997772217,20.86083984375,0,20.86083984375,"Mexico"
2021-11-23,20.9955005645752,21.2854499816895,20.9703006744385,20.9937000274658,0,20.9937000274658,"Mexico"
2021-11-24,21.260799407959,21.5921993255615,21.1947994232178,21.2654991149902,0,21.2654991149902,"Mexico"
2021-11-25,21.4018001556396,21.5709705352783,21.3491992950439,21.400899887085,0,21.400899887085,"Mexico"
2021-11-26,21.6361999511719,22.1499805450439,21.6240005493164,21.6245002746582,0,21.6245002746582,"Mexico"
2021-11-29,21.7289009094238,21.9883995056152,21.6716995239258,21.7296009063721,0,21.7296009063721,"Mexico"
2021-11-30,21.6784992218018,21.8313999176025,21.2821998596191,21.6807994842529,0,21.6807994842529,"Mexico"
2021-12-01,21.4046993255615,21.4353199005127,21.1175994873047,21.4118003845215,0,21.4118003845215,"Mexico"
2021-12-02,21.4629001617432,21.4779796600342,21.2399806976318,21.4715690612793,0,21.4715690612793,"Mexico"
2021-12-03,21.2961006164551,21.4860992431641,21.1529998779297,21.3085403442383,0,21.3085403442383,"Mexico"
2021-12-06,21.2234992980957,21.2947597503662,21.1599006652832,21.2210006713867,0,21.2210006713867,"Mexico"
2021-12-07,21.2346000671387,21.2957897186279,21.0396499633789,21.2236995697021,0,21.2236995697021,"Mexico"
2021-12-08,21.0179004669189,21.0319995880127,20.8785991668701,21.0282001495361,0,21.0282001495361,"Mexico"
2021-12-09,20.9256000518799,21.0711498260498,20.8913993835449,20.9258003234863,0,20.9258003234863,"Mexico"
2021-12-10,20.9498996734619,21.0525398254395,20.8442993164062,20.9507007598877,0,20.9507007598877,"Mexico"
2021-12-13,20.8765392303467,20.9737491607666,20.8313999176025,20.8763008117676,0,20.8763008117676,"Mexico"
2021-12-14,20.9920997619629,21.2251091003418,20.9566993713379,20.9936008453369,0,20.9936008453369,"Mexico"
2021-12-15,21.2164993286133,21.2782497406006,21.1469993591309,21.218900680542,0,21.218900680542,"Mexico"
2021-12-16,21.0319595336914,21.0790996551514,20.8446998596191,21.0331993103027,0,21.0331993103027,"Mexico"
2021-12-17,20.8191795349121,20.8615703582764,20.6905002593994,20.8194007873535,0,20.8194007873535,"Mexico"
2021-12-20,20.8348999023438,20.9498805999756,20.6891994476318,20.8292999267578,0,20.8292999267578,"Mexico"
2021-12-21,20.7415008544922,20.8270206451416,20.6996994018555,20.7553997039795,0,20.7553997039795,"Mexico"
2021-12-22,20.8184108734131,20.856050491333,20.7250995635986,20.8225002288818,0,20.8225002288818,"Mexico"
2021-12-23,20.7210006713867,20.7315998077393,20.6394996643066,20.7103996276855,0,20.7103996276855,"Mexico"
2021-12-24,20.6252994537354,20.6413993835449,20.567699432373,20.6280994415283,0,20.6280994415283,"Mexico"
2021-12-27,20.6089992523193,20.7402000427246,20.5762004852295,20.6072006225586,0,20.6072006225586,"Mexico"
2021-12-28,20.6931991577148,20.7233009338379,20.5508995056152,20.6835994720459,0,20.6835994720459,"Mexico"
2021-12-29,20.6518993377686,20.6695995330811,20.5412006378174,20.6622009277344,0,20.6622009277344,"Mexico"
2021-12-30,20.5575008392334,20.6081008911133,20.476900100708,20.5580005645752,0,20.5580005645752,"Mexico"
2021-12-31,20.4622001647949,20.495979309082,20.3247604370117,20.4591007232666,0,20.4591007232666,"Mexico"
2022-01-03,20.4815998077393,20.6460208892822,20.4081001281738,20.4815998077393,0,20.4815998077393,"Mexico"
2022-01-04,20.4983997344971,20.6321296691895,20.4151096343994,20.4860000610352,0,20.4860000610352,"Mexico"
2022-01-05,20.5223007202148,20.5604991912842,20.3299999237061,20.5219993591309,0,20.5219993591309,"Mexico"
2022-01-06,20.5708408355713,20.7504100799561,20.3976001739502,20.56369972229,0,20.56369972229,"Mexico"
2022-01-07,20.5055999755859,20.5156497955322,20.3561992645264,20.4930992126465,0,20.4930992126465,"Mexico"
2022-01-10,20.3906993865967,20.5201206207275,20.340799331665,20.3904705047607,0,20.3904705047607,"Mexico"
2022-01-11,20.3689403533936,20.4484596252441,20.3269996643066,20.3582000732422,0,20.3582000732422,"Mexico"
2022-01-12,20.3871002197266,20.4406299591064,20.3181190490723,20.390510559082,0,20.390510559082,"Mexico"
2022-01-13,20.3607006072998,20.4113998413086,20.3232002258301,20.362850189209,0,20.362850189209,"Mexico"
2022-01-14,20.324499130249,20.3514499664307,20.2684993743896,20.3336696624756,0,20.3336696624756,"Mexico"
2022-01-17,20.3010005950928,20.3518009185791,20.2672996520996,20.3010005950928,0,20.3010005950928,"Mexico"
2022-01-18,20.2912998199463,20.4035606384277,20.2667999267578,20.2894992828369,0,20.2894992828369,"Mexico"
2022-01-19,20.3964996337891,20.4806003570557,20.3180999755859,20.3987998962402,0,20.3987998962402,"Mexico"
2022-01-20,20.5020008087158,20.5158004760742,20.3712997436523,20.5004997253418,0,20.5004997253418,"Mexico"
2022-01-21,20.5223197937012,20.553560256958,20.4328098297119,20.5307197570801,0,20.5307197570801,"Mexico"
2022-01-24,20.4513702392578,20.6761207580566,20.4230003356934,20.4481506347656,0,20.4481506347656,"Mexico"
2022-01-25,20.5729007720947,20.6904201507568,20.56130027771,20.5738296508789,0,20.5738296508789,"Mexico"
2022-01-26,20.6076202392578,20.6707000732422,20.5396003723145,20.6070003509521,0,20.6070003509521,"Mexico"
2022-01-27,20.7131309509277,20.8066997528076,20.6551704406738,20.7154006958008,0,20.7154006958008,"Mexico"
2022-01-28,20.7666606903076,20.8965797424316,20.7021007537842,20.7674007415771,0,20.7674007415771,"Mexico"
2022-01-31,20.8304004669189,20.8369998931885,20.6060009002686,20.8290004730225,0,20.8290004730225,"Mexico"
2022-02-01,20.6259002685547,20.6457805633545,20.4946002960205,20.6259002685547,0,20.6259002685547,"Mexico"
2022-02-02,20.5333995819092,20.6365795135498,20.4705009460449,20.5457000732422,0,20.5457000732422,"Mexico"
2022-02-03,20.6085605621338,20.6493892669678,20.5060005187988,20.6012001037598,0,20.6012001037598,"Mexico"
2022-02-04,20.5659198760986,20.7870807647705,20.5289993286133,20.5645999908447,0,20.5645999908447,"Mexico"
2022-02-07,20.6557006835938,20.6950206756592,20.5736999511719,20.653600692749,0,20.653600692749,"Mexico"
2022-02-08,20.5802993774414,20.6838302612305,20.5793991088867,20.5807991027832,0,20.5807991027832,"Mexico"
2022-02-09,20.5848999023438,20.6205997467041,20.4719009399414,20.597620010376,0,20.597620010376,"Mexico"
2022-02-10,20.4872398376465,20.5354900360107,20.3504390716553,20.4878406524658,0,20.4878406524658,"Mexico"
2022-02-11,20.5585994720459,20.6319694519043,20.358699798584,20.5571994781494,0,20.5571994781494,"Mexico"
2022-02-14,20.5145492553711,20.5680999755859,20.3862991333008,20.510440826416,0,20.510440826416,"Mexico"
2022-02-15,20.3920001983643,20.4452209472656,20.3398990631104,20.4089908599854,0,20.4089908599854,"Mexico"
2022-02-16,20.3845996856689,20.4090995788574,20.298999786377,20.3838005065918,0,20.3838005065918,"Mexico"
2022-02-17,20.2922992706299,20.3516597747803,20.2310009002686,20.2863998413086,0,20.2863998413086,"Mexico"
2022-02-18,20.3070507049561,20.3336505889893,20.2457408905029,20.2915992736816,0,20.2915992736816,"Mexico"
2022-02-21,20.2945003509521,20.3116493225098,20.235200881958,20.2952499389648,0,20.2952499389648,"Mexico"
2022-02-22,20.3251991271973,20.3699798583984,20.2567005157471,20.3229808807373,0,20.3229808807373,"Mexico"
2022-02-23,20.2817001342773,20.2955799102783,20.1464996337891,20.2943992614746,0,20.2943992614746,"Mexico"
2022-02-24,20.2395992279053,20.6775207519531,20.2311992645264,20.2317008972168,0,20.2317008972168,"Mexico"
2022-02-25,20.5618591308594,20.5693492889404,20.3792896270752,20.5633697509766,0,20.5633697509766,"Mexico"
2022-02-28,20.5699501037598,20.6115608215332,20.3101005554199,20.5731391906738,0,20.5731391906738,"Mexico"
2022-03-01,20.463399887085,20.585729598999,20.3778991699219,20.4606990814209,0,20.4606990814209,"Mexico"
2022-03-02,20.6294994354248,20.7919998168945,20.615930557251,20.6431007385254,0,20.6431007385254,"Mexico"
2022-03-03,20.6421604156494,20.7516994476318,20.6156997680664,20.6425495147705,0,20.6425495147705,"Mexico"
2022-03-04,20.6285991668701,20.9672508239746,20.6285991668701,20.6393909454346,0,20.6393909454346,"Mexico"
2022-03-07,20.9715194702148,21.2612991333008,20.9487991333008,20.969259262085,0,20.969259262085,"Mexico"
2022-03-08,21.3003005981445,21.4626903533936,21.2464008331299,21.3053493499756,0,21.3053493499756,"Mexico"
2022-03-09,21.3509902954102,21.3589992523193,20.9256992340088,21.3623905181885,0,21.3623905181885,"Mexico"
2022-03-10,20.90452003479,21.0600395202637,20.8910999298096,20.9051895141602,0,20.9051895141602,"Mexico"
2022-03-11,20.9190692901611,21.0464992523193,20.8412990570068,20.9120006561279,0,20.9120006561279,"Mexico"
2022-03-14,20.902099609375,20.9775791168213,20.8206005096436,20.8875102996826,0,20.8875102996826,"Mexico"
2022-03-15,20.8960494995117,20.926139831543,20.8234004974365,20.900369644165,0,20.900369644165,"Mexico"
2022-03-16,20.8279094696045,20.8495006561279,20.6569194793701,20.8125991821289,0,20.8125991821289,"Mexico"
2022-03-17,20.6389999389648,20.6630096435547,20.5528697967529,20.6306991577148,0,20.6306991577148,"Mexico"
2022-03-18,20.5141105651855,20.5395793914795,20.3959007263184,20.5140895843506,0,20.5140895843506,"Mexico"
2022-03-21,20.3850593566895,20.4108104705811,20.2584991455078,20.3811492919922,0,20.3811492919922,"Mexico"
2022-03-22,20.3860893249512,20.4174098968506,20.242000579834,20.3819007873535,0,20.3819007873535,"Mexico"
2022-03-23,20.2674999237061,20.2852897644043,20.1464004516602,20.2721996307373,0,20.2721996307373,"Mexico"
2022-03-24,20.2112998962402,20.2340393066406,20.112699508667,20.2266407012939,0,20.2266407012939,"Mexico"
2022-03-25,20.0792999267578,20.0913696289062,19.9099597930908,20.0662994384766,0,20.0662994384766,"Mexico"
2022-03-27,20.0301494598389,20.1841793060303,20.0044994354248,20.0301494598389,0,20.0301494598389,"Mexico"
2022-03-28,20.0912494659424,20.111270904541,19.914400100708,20.0912494659424,0,20.0912494659424,"Mexico"
2022-03-29,19.9655990600586,19.9731006622314,19.8134994506836,19.9655990600586,0,19.9655990600586,"Mexico"
2022-03-30,19.8781509399414,19.964599609375,19.8062992095947,19.8781509399414,0,19.8781509399414,"Mexico"
2022-03-31,19.8752002716064,19.9300594329834,19.7509994506836,19.8752002716064,0,19.8752002716064,"Mexico"
2022-04-03,19.8572998046875,19.868200302124,19.7231006622314,19.8572998046875,0,19.8572998046875,"Mexico"
2022-04-04,19.8093204498291,19.9395599365234,19.7548999786377,19.8093204498291,0,19.8093204498291,"Mexico"
2022-04-05,19.9825992584229,20.0748291015625,19.9615001678467,19.9825992584229,0,19.9825992584229,"Mexico"
2022-04-06,20.1614608764648,20.1879997253418,20.0949993133545,20.1614608764648,0,20.1614608764648,"Mexico"
2022-04-07,20.1303195953369,20.1851005554199,20.0650005340576,20.1303195953369,0,20.1303195953369,"Mexico"
2022-04-10,20.0648498535156,20.1211395263672,19.9909000396729,20.0648498535156,0,20.0648498535156,"Mexico"
2022-04-11,19.9419403076172,19.9438800811768,19.7763996124268,19.9419403076172,0,19.9419403076172,"Mexico"
2022-04-12,19.8032894134521,19.8274707794189,19.7334995269775,19.8032894134521,0,19.8032894134521,"Mexico"
2022-04-13,19.7612991333008,20.0099792480469,19.7175006866455,19.7612991333008,0,19.7612991333008,"Mexico"
2022-04-14,19.9622993469238,19.9734992980957,19.9297008514404,19.9622993469238,0,19.9622993469238,"Mexico"
2022-04-17,19.9535999298096,20.0049705505371,19.8819999694824,19.9535999298096,0,19.9535999298096,"Mexico"
2022-04-18,19.7952003479004,20.0682392120361,19.7532997131348,19.7952003479004,0,19.7952003479004,"Mexico"
2022-04-19,20.0181102752686,20.0668506622314,19.9330997467041,20.0181102752686,0,20.0181102752686,"Mexico"
2022-04-20,19.9736995697021,20.2012100219727,19.9701995849609,19.9736995697021,0,19.9736995697021,"Mexico"
2022-04-21,20.1846504211426,20.3767204284668,20.159200668335,20.1846504211426,0,20.1846504211426,"Mexico"
2022-04-24,20.2320003509521,20.4741592407227,20.2294006347656,20.2320003509521,0,20.2320003509521,"Mexico"
2022-04-25,20.214599609375,20.4429492950439,20.1805992126465,20.214599609375,0,20.214599609375,"Mexico"
2022-04-26,20.3803195953369,20.5287208557129,20.3129997253418,20.3803195953369,0,20.3803195953369,"Mexico"
2022-04-27,20.3722991943359,20.6315498352051,20.3358993530273,20.3722991943359,0,20.3722991943359,"Mexico"
2022-04-28,20.4412994384766,20.449499130249,20.2891006469727,20.4412994384766,0,20.4412994384766,"Mexico"
2022-05-01,20.4173793792725,20.4803199768066,20.3311996459961,20.4173793792725,0,20.4173793792725,"Mexico"
2022-05-02,20.4482002258301,20.4737300872803,20.271900177002,20.4482002258301,0,20.4482002258301,"Mexico"
2022-05-03,20.2800598144531,20.3017101287842,20.1770992279053,20.2800598144531,0,20.2800598144531,"Mexico"
2022-05-04,20.0382595062256,20.3117599487305,19.9925994873047,20.0382595062256,0,20.0382595062256,"Mexico"
2022-05-05,20.2147006988525,20.2940006256104,20.0715007781982,20.2147006988525,0,20.2147006988525,"Mexico"
2022-05-08,20.1763000488281,20.388500213623,20.1860008239746,20.1763000488281,0,20.1763000488281,"Mexico"
2022-05-09,20.3635196685791,20.4319591522217,20.2679996490479,20.3635196685791,0,20.3635196685791,"Mexico"
2022-05-10,20.3803596496582,20.455379486084,20.2201995849609,20.3803596496582,0,20.3803596496582,"Mexico"
2022-05-11,20.319730758667,20.4673004150391,20.2576999664307,20.319730758667,0,20.319730758667,"Mexico"
2022-05-12,20.172700881958,20.2508106231689,20.1208992004395,20.172700881958,0,20.172700881958,"Mexico"
2022-05-15,20.0912609100342,20.175500869751,20.0349006652832,20.0912609100342,0,20.0912609100342,"Mexico"
2022-05-16,20.019100189209,20.0373306274414,19.9153003692627,20.019100189209,0,20.019100189209,"Mexico"
2022-05-17,19.9354991912842,20.0079803466797,19.8696002960205,19.9354991912842,0,19.9354991912842,"Mexico"
2022-05-18,20.0230007171631,20.0672302246094,19.8626003265381,20.0230007171631,0,20.0230007171631,"Mexico"
2022-05-19,19.9235992431641,19.9600296020508,19.8248996734619,19.9235992431641,0,19.9235992431641,"Mexico"
2022-05-22,19.8494205474854,19.8885498046875,19.7781505584717,19.8494205474854,0,19.8494205474854,"Mexico"
2022-05-23,19.9179592132568,19.9390506744385,19.7851009368896,19.9179592132568,0,19.9179592132568,"Mexico"
2022-05-24,19.8426990509033,19.9261493682861,19.8080997467041,19.8426990509033,0,19.8426990509033,"Mexico"
2022-05-25,19.8181991577148,19.8621997833252,19.7500991821289,19.8181991577148,0,19.8181991577148,"Mexico"
2022-05-26,19.7518997192383,19.7861003875732,19.5398998260498,19.7518997192383,0,19.7518997192383,"Mexico"
2022-05-29,19.5699996948242,19.5866794586182,19.4120998382568,19.5699996948242,0,19.5699996948242,"Mexico"
2022-05-30,19.5312995910645,19.7320594787598,19.521900177002,19.5312995910645,0,19.5312995910645,"Mexico"
2022-05-31,19.6487407684326,19.7653007507324,19.5904006958008,19.6487407684326,0,19.6487407684326,"Mexico"
2022-06-01,19.7130603790283,19.7203006744385,19.517599105835,19.7130603790283,0,19.7130603790283,"Mexico"
2022-06-02,19.5279006958008,19.609790802002,19.4867992401123,19.5279006958008,0,19.5279006958008,"Mexico"
2022-06-05,19.5452194213867,19.5964603424072,19.4606990814209,19.5452194213867,0,19.5452194213867,"Mexico"
2022-06-06,19.5552997589111,19.629940032959,19.4990997314453,19.5552997589111,0,19.5552997589111,"Mexico"
2022-06-07,19.5767002105713,19.679349899292,19.5522994995117,19.5767002105713,0,19.5767002105713,"Mexico"
2022-06-08,19.5870990753174,19.6251201629639,19.5186004638672,19.5870990753174,0,19.5870990753174,"Mexico"
2022-06-09,19.6763000488281,19.9638004302979,19.6051998138428,19.6763000488281,0,19.6763000488281,"Mexico"
2022-06-12,20.0194606781006,20.4962005615234,20.0020999908447,20.0194606781006,0,20.0194606781006,"Mexico"
2022-06-13,20.4668006896973,20.6861305236816,20.3414001464844,20.4668006896973,0,20.4668006896973,"Mexico"
2022-06-14,20.5606594085693,20.6842498779297,20.5179996490479,20.5606594085693,0,20.5606594085693,"Mexico"
2022-06-15,20.2221508026123,20.6972503662109,20.2087993621826,20.2221508026123,0,20.2221508026123,"Mexico"
2022-06-16,20.3971996307373,20.5718002319336,20.2954998016357,20.3971996307373,0,20.3971996307373,"Mexico"
2022-06-19,20.2943096160889,20.3726997375488,20.2187004089355,20.2943096160889,0,20.2943096160889,"Mexico"
2022-06-20,20.2684993743896,20.2811107635498,20.1163005828857,20.2684993743896,0,20.2684993743896,"Mexico"
2022-06-21,20.136999130249,20.2451190948486,19.9978008270264,20.136999130249,0,20.136999130249,"Mexico"
2022-06-22,20.0494995117188,20.1386699676514,19.993200302124,20.0494995117188,0,20.0494995117188,"Mexico"
2022-06-23,20.0098991394043,20.0762004852295,19.8249206542969,20.0098991394043,0,20.0098991394043,"Mexico"
2022-06-26,19.8925590515137,19.9375095367432,19.8080997467041,19.8925590515137,0,19.8925590515137,"Mexico"
2022-06-27,19.9029006958008,20.0210990905762,19.8607006072998,19.9029006958008,0,19.9029006958008,"Mexico"
2022-06-28,20.1466007232666,20.2059993743896,20.0615997314453,20.1466007232666,0,20.1466007232666,"Mexico"
2022-06-29,20.1303596496582,20.2564792633057,20.1124992370605,20.1303596496582,0,20.1303596496582,"Mexico"
2022-06-30,20.1029491424561,20.4496898651123,20.088399887085,20.1029491424561,0,20.1029491424561,"Mexico"
2022-07-03,20.2502002716064,20.3345699310303,20.2045993804932,20.2502002716064,0,20.2502002716064,"Mexico"
2022-07-04,20.2684001922607,20.6019802093506,20.2220001220703,20.2684001922607,0,20.2684001922607,"Mexico"
2022-07-05,20.5228996276855,20.7829704284668,20.4804992675781,20.5228996276855,0,20.5228996276855,"Mexico"
2022-07-06,20.6410999298096,20.6727104187012,20.5125007629395,20.6410999298096,0,20.6410999298096,"Mexico"
2022-07-07,20.4939994812012,20.5840301513672,20.3651905059814,20.4939994812012,0,20.4939994812012,"Mexico"
2022-07-10,20.4626998901367,20.7815494537354,20.4533996582031,20.4626998901367,0,20.4626998901367,"Mexico"
2022-07-11,20.7212009429932,20.9254207611084,20.7199001312256,20.7212009429932,0,20.7212009429932,"Mexico"
2022-07-12,20.8664608001709,20.99049949646,20.7080898284912,20.8664608001709,0,20.8664608001709,"Mexico"
2022-07-13,20.7908000946045,21.0418491363525,20.7497005462646,20.7908000946045,0,20.7908000946045,"Mexico"
2022-07-14,20.8058891296387,20.8864898681641,20.5533008575439,20.8058891296387,0,20.8058891296387,"Mexico"
2022-07-17,20.4995994567871,20.5202598571777,20.3202991485596,20.4995994567871,0,20.4995994567871,"Mexico"
2022-07-18,20.4450206756592,20.4682693481445,20.3071994781494,20.4450206756592,0,20.4450206756592,"Mexico"
2022-07-19,20.5198001861572,20.5878200531006,20.4344005584717,20.5198001861572,0,20.5198001861572,"Mexico"
2022-07-20,20.5421009063721,20.6951999664307,20.4756603240967,20.5421009063721,0,20.5421009063721,"Mexico"
2022-07-21,20.6541004180908,20.7187900543213,20.4901008605957,20.6541004180908,0,20.6541004180908,"Mexico"
2022-07-24,20.5345993041992,20.5786590576172,20.3890991210938,20.5345993041992,0,20.5345993041992,"Mexico"
2022-07-25,20.4507007598877,20.5344009399414,20.3983001708984,20.4507007598877,0,20.4507007598877,"Mexico"
2022-07-26,20.4536991119385,20.5603904724121,20.3698997497559,20.4536991119385,0,20.4536991119385,"Mexico"
2022-07-27,20.3733005523682,20.4428997039795,20.2954998016357,20.3733005523682,0,20.3733005523682,"Mexico"
2022-07-28,20.2812004089355,20.3780994415283,20.1951007843018,20.2812004089355,0,20.2812004089355,"Mexico"
2022-07-31,20.3745002746582,20.4207992553711,20.2304000854492,20.3745002746582,0,20.3745002746582,"Mexico"
2022-08-01,20.3834991455078,20.5290107727051,20.3836994171143,20.3834991455078,0,20.3834991455078,"Mexico"
2022-08-02,20.8109092712402,20.8246803283691,20.5531997680664,20.8109092712402,0,20.8109092712402,"Mexico"
2022-08-03,20.4927005767822,20.4965991973877,20.2908706665039,20.4927005767822,0,20.4927005767822,"Mexico"
2022-08-04,20.3236999511719,20.4872493743896,20.3027000427246,20.3236999511719,0,20.3236999511719,"Mexico"
2022-08-07,20.4214000701904,20.4365005493164,20.2443008422852,20.4214000701904,0,20.4214000701904,"Mexico"
2022-08-08,20.2406005859375,20.2992706298828,20.1877002716064,20.2406005859375,0,20.2406005859375,"Mexico"
2022-08-09,20.2399997711182,20.2667503356934,19.9043998718262,20.2399997711182,0,20.2399997711182,"Mexico"
2022-08-10,20.015100479126,20.0442008972168,19.8943004608154,20.015100479126,0,20.015100479126,"Mexico"
2022-08-11,19.9332008361816,19.974100112915,19.8556003570557,19.9332008361816,0,19.9332008361816,"Mexico"
2022-08-14,19.853630065918,20.005090713501,19.8218002319336,19.853630065918,0,19.853630065918,"Mexico"
2022-08-15,19.8083000183105,19.9636096954346,19.8029003143311,19.8083000183105,0,19.8083000183105,"Mexico"
2022-08-16,19.9035396575928,20.0810203552246,19.8829002380371,19.9035396575928,0,19.9035396575928,"Mexico"
2022-08-17,19.9703998565674,20.0916404724121,19.9165000915527,19.9703998565674,0,19.9703998565674,"Mexico"
2022-08-18,20.1301593780518,20.2638301849365,20.117000579834,20.1301593780518,0,20.1301593780518,"Mexico"
2022-08-21,20.1890506744385,20.2365207672119,20.1347999572754,20.1890506744385,0,20.1890506744385,"Mexico"
2022-08-22,20.1268997192383,20.1580905914307,19.9424991607666,20.1268997192383,0,20.1268997192383,"Mexico"
2022-08-23,19.9836807250977,20.0066604614258,19.8794002532959,19.9836807250977,0,19.9836807250977,"Mexico"
2022-08-24,19.9025993347168,19.957820892334,19.8370990753174,19.9025993347168,0,19.9025993347168,"Mexico"
2022-08-25,19.9190998077393,19.9694194793701,19.8582000732422,19.9190998077393,0,19.9190998077393,"Mexico"
2022-08-28,20.0678005218506,20.1452693939209,19.9640998840332,20.0678005218506,0,20.0678005218506,"Mexico"
2022-08-29,19.9848003387451,20.1403007507324,19.8985996246338,19.9848003387451,0,19.9848003387451,"Mexico"
2022-08-30,20.1273002624512,20.2368793487549,20.0702991485596,20.1273002624512,0,20.1273002624512,"Mexico"
2022-08-31,20.1866607666016,20.290620803833,20.1333999633789,20.1866607666016,0,20.1866607666016,"Mexico"
2022-09-01,20.1669006347656,20.1993103027344,19.9123992919922,20.1669006347656,0,20.1669006347656,"Mexico"
2022-09-04,19.9705009460449,20.0226001739502,19.9339008331299,19.9705009460449,0,19.9705009460449,"Mexico"
2022-09-05,19.9655990600586,20.1667900085449,19.9345703125,19.9655990600586,0,19.9655990600586,"Mexico"
2022-09-06,20.1315002441406,20.1853809356689,20.0056991577148,20.1315002441406,0,20.1315002441406,"Mexico"
2022-09-07,19.9818000793457,20.0953998565674,19.9396991729736,19.9818000793457,0,19.9818000793457,"Mexico"
2022-09-08,19.933500289917,19.9449996948242,19.8572998046875,19.933500289917,0,19.933500289917,"Mexico"
2022-09-11,19.8591003417969,19.883659362793,19.7425003051758,19.8591003417969,0,19.8591003417969,"Mexico"
2022-09-12,19.830020904541,20.0912208557129,19.7728004455566,19.830020904541,0,19.830020904541,"Mexico"
2022-09-13,20.0319004058838,20.0666599273682,19.9407997131348,20.0319004058838,0,20.0319004058838,"Mexico"
2022-09-14,19.9515991210938,20.0814208984375,19.9396991729736,19.9515991210938,0,19.9515991210938,"Mexico"
2022-09-15,20.0809993743896,20.1575393676758,20.0081996917725,20.0809993743896,0,20.0809993743896,"Mexico"
2022-09-18,20.0302200317383,20.1564407348633,19.9715995788574,20.0302200317383,0,20.0302200317383,"Mexico"
2022-09-19,19.9030990600586,20.0756206512451,19.8875598907471,19.9030990600586,0,19.9030990600586,"Mexico"
2022-09-20,19.9762992858887,20.0397796630859,19.9603996276855,19.9762992858887,0,19.9762992858887,"Mexico"
2022-09-21,20.0440998077393,20.0746307373047,19.8334999084473,20.0440998077393,0,20.0440998077393,"Mexico"
2022-09-22,19.9192008972168,20.1856002807617,19.8943004608154,19.9192008972168,0,19.9192008972168,"Mexico"
2022-09-25,20.2112598419189,20.3710308074951,20.1875,20.2112598419189,0,20.2112598419189,"Mexico"
2022-09-26,20.3707408905029,20.4239292144775,20.2544002532959,20.3707408905029,0,20.3707408905029,"Mexico"
2022-09-27,20.3686294555664,20.5757598876953,20.2735004425049,20.3686294555664,0,20.3686294555664,"Mexico"
2022-09-28,20.1849498748779,20.2741107940674,20.1063003540039,20.1849498748779,0,20.1849498748779,"Mexico"
2022-09-29,20.1245594024658,20.1914100646973,20.0433006286621,20.1245594024658,0,20.1245594024658,"Mexico"
2022-10-02,20.1173896789551,20.130880355835,19.9573097229004,20.1173896789551,0,20.1173896789551,"Mexico"
2022-10-03,20.0067005157471,20.0442409515381,19.9484996795654,20.0067005157471,0,20.0067005157471,"Mexico"
2022-10-04,19.9651908874512,20.1497097015381,19.9298000335693,19.9651908874512,0,19.9651908874512,"Mexico"
2022-10-05,20.0338001251221,20.1523303985596,19.9993991851807,20.0338001251221,0,20.0338001251221,"Mexico"
2022-10-06,20.1000995635986,20.1312007904053,20.007999420166,20.1000995635986,0,20.1000995635986,"Mexico"
2022-10-09,20.0298004150391,20.0546207427979,19.9344997406006,20.0298004150391,0,20.0298004150391,"Mexico"
2022-10-10,19.940299987793,20.018009185791,19.9358005523682,19.940299987793,0,19.940299987793,"Mexico"
2022-10-11,20.065559387207,20.1112003326416,19.9967002868652,20.065559387207,0,20.065559387207,"Mexico"
2022-10-12,19.9731998443604,20.1478996276855,19.9370002746582,19.9731998443604,0,19.9731998443604,"Mexico"
2022-10-13,19.975700378418,20.102180480957,19.9501991271973,19.975700378418,0,19.975700378418,"Mexico"
2022-10-16,20.0158996582031,20.0431499481201,19.9603004455566,20.0158996582031,0,20.0158996582031,"Mexico"
2022-10-17,19.9717998504639,20.050199508667,19.9475994110107,19.9717998504639,0,19.9717998504639,"Mexico"
2022-10-18,20.0188999176025,20.1683006286621,19.9999008178711,20.0188999176025,0,20.0188999176025,"Mexico"
2022-10-19,20.1274108886719,20.156400680542,20.0104007720947,20.1274108886719,0,20.1274108886719,"Mexico"
2022-10-20,20.042760848999,20.1365203857422,19.8939094543457,20.042760848999,0,20.042760848999,"Mexico"
2022-10-23,19.9325008392334,20.0018501281738,19.9167995452881,19.9325008392334,0,19.9325008392334,"Mexico"
2022-10-24,19.9081001281738,19.9368591308594,19.8456993103027,19.9081001281738,0,19.9081001281738,"Mexico"
2022-10-25,19.8666000366211,19.8885803222656,19.797399520874,19.8666000366211,0,19.8666000366211,"Mexico"
2022-10-26,19.9430294036865,20.0361309051514,19.804500579834,19.9430294036865,0,19.9430294036865,"Mexico"
2022-10-27,19.8403091430664,19.8884696960449,19.8001003265381,19.8403091430664,0,19.8403091430664,"Mexico"
2022-10-31,19.8201999664307,19.9156894683838,19.7958202362061,19.8201999664307,0,19.8201999664307,"Mexico"
2022-11-01,19.7931995391846,19.8064002990723,19.6679000854492,19.7931995391846,0,19.7931995391846,"Mexico"
2022-11-02,19.7248992919922,19.7373504638672,19.6487998962402,19.7248992919922,0,19.7248992919922,"Mexico"
2022-11-03,19.6784000396729,19.7763004302979,19.6259994506836,19.6784000396729,0,19.6784000396729,"Mexico"
2022-11-04,19.6702709197998,19.6700000762939,19.4459991455078,19.6702709197998,0,19.6702709197998,"Mexico"
2022-11-07,19.5633602142334,19.5747394561768,19.4365005493164,19.5633602142334,0,19.5633602142334,"Mexico"
2022-11-08,19.4430999755859,19.505989074707,19.4232006072998,19.4430999755859,0,19.4430999755859,"Mexico"
2022-11-09,19.5376205444336,19.629150390625,19.4974002838135,19.5376205444336,0,19.5376205444336,"Mexico"
2022-11-10,19.5620994567871,19.5973892211914,19.3288993835449,19.5620994567871,0,19.5620994567871,"Mexico"
2022-11-11,19.3155097961426,19.5841999053955,19.2565994262695,19.3155097961426,0,19.3155097961426,"Mexico"
2022-11-14,19.5144290924072,19.5699691772461,19.3740997314453,19.5144290924072,0,19.5144290924072,"Mexico"
2022-11-15,19.3391990661621,19.3934707641602,19.2511005401611,19.3391990661621,0,19.3391990661621,"Mexico"
2022-11-16,19.3411998748779,19.3974208831787,19.2695007324219,19.3411998748779,0,19.3411998748779,"Mexico"
2022-11-17,19.3333396911621,19.4703998565674,19.3022994995117,19.3333396911621,0,19.3333396911621,"Mexico"
2022-11-18,19.3999004364014,19.5300807952881,19.3756999969482,19.3999004364014,0,19.3999004364014,"Mexico"
2022-11-21,19.4431991577148,19.5446701049805,19.4083003997803,19.4431991577148,0,19.4431991577148,"Mexico"
2022-11-22,19.5316009521484,19.5667991638184,19.4347991943359,19.5316009521484,0,19.5316009521484,"Mexico"
2022-11-23,19.4419097900391,19.4476509094238,19.3220996856689,19.4419097900391,0,19.4419097900391,"Mexico"
2022-11-24,19.3349990844727,19.3698997497559,19.3250007629395,19.3349990844727,0,19.3349990844727,"Mexico"
2022-11-25,19.3812999725342,19.4181003570557,19.3155002593994,19.3812999725342,0,19.3812999725342,"Mexico"
2022-11-28,19.3435401916504,19.3643207550049,19.2852993011475,19.3435401916504,0,19.3435401916504,"Mexico"
2022-11-29,19.2963008880615,19.3191394805908,19.0268993377686,19.2963008880615,0,19.2963008880615,"Mexico"
2022-11-30,19.2320003509521,19.4531898498535,19.1851005554199,19.2320003509521,0,19.2320003509521,"Mexico"
2022-12-01,19.2648506164551,19.3434505462646,19.1193008422852,19.2648506164551,0,19.2648506164551,"Mexico"
2022-12-02,19.1282997131348,19.3815498352051,19.1088008880615,19.1282997131348,0,19.1282997131348,"Mexico"
2022-12-05,19.3829898834229,19.8560009002686,19.3342990875244,19.3829898834229,0,19.3829898834229,"Mexico"
2022-12-06,19.721399307251,19.8534202575684,19.6208992004395,19.721399307251,0,19.721399307251,"Mexico"
2022-12-07,19.7544002532959,19.8260803222656,19.6424999237061,19.7544002532959,0,19.7544002532959,"Mexico"
2022-12-08,19.6669006347656,19.7344398498535,19.6357002258301,19.6669006347656,0,19.6669006347656,"Mexico"
2022-12-09,19.6215591430664,19.8362007141113,19.5949001312256,19.6215591430664,0,19.6215591430664,"Mexico"
2022-12-12,19.7866992950439,19.8687992095947,19.7166996002197,19.7866992950439,0,19.7866992950439,"Mexico"
2022-12-13,19.8472995758057,19.8814506530762,19.6070003509521,19.8472995758057,0,19.8472995758057,"Mexico"
2022-12-14,19.5420207977295,19.7422504425049,19.5027008056641,19.5420207977295,0,19.5420207977295,"Mexico"
2022-12-15,19.6093997955322,19.8421001434326,19.608699798584,19.6093997955322,0,19.6093997955322,"Mexico"
2022-12-16,19.7495994567871,19.880199432373,19.7296009063721,19.7495994567871,0,19.7495994567871,"Mexico"
2022-12-19,19.7969093322754,19.8343200683594,19.6984004974365,19.7969093322754,0,19.7969093322754,"Mexico"
2022-12-20,19.7875995635986,19.8952503204346,19.6746997833252,19.7875995635986,0,19.7875995635986,"Mexico"
2022-12-21,19.7541999816895,19.7916507720947,19.6464996337891,19.7541999816895,0,19.7541999816895,"Mexico"
2022-12-22,19.6595897674561,19.6789398193359,19.5396995544434,19.6595897674561,0,19.6595897674561,"Mexico"
2022-12-23,19.5594997406006,19.5794792175293,19.4011993408203,19.5594997406006,0,19.5594997406006,"Mexico"
2022-12-26,19.3373908996582,19.4171009063721,19.3133792877197,19.3373908996582,0,19.3373908996582,"Mexico"
2022-12-27,19.3630695343018,19.4501705169678,19.326000213623,19.3630695343018,0,19.3630695343018,"Mexico"
2022-12-28,19.4620990753174,19.4950008392334,19.3724002838135,19.4620990753174,0,19.4620990753174,"Mexico"
2022-12-29,19.4223003387451,19.4375,19.2959003448486,19.4223003387451,0,19.4223003387451,"Mexico"
2022-12-30,19.4575996398926,19.585750579834,19.3938007354736,19.4575996398926,0,19.4575996398926,"Mexico"
2023-01-02,19.4465999603271,19.5175495147705,19.4431095123291,19.4465999603271,0,19.4465999603271,"Mexico"
2023-01-03,19.4587993621826,19.5287399291992,19.3866100311279,19.4587993621826,0,19.4587993621826,"Mexico"
2023-01-04,19.407600402832,19.4099292755127,19.2432994842529,19.407600402832,0,19.407600402832,"Mexico"
2023-01-05,19.3868007659912,19.4300403594971,19.326099395752,19.3868007659912,0,19.3868007659912,"Mexico"
2023-01-06,19.3185501098633,19.3434104919434,19.1326999664307,19.3185501098633,0,19.3185501098633,"Mexico"
2023-01-09,19.1243000030518,19.1905002593994,19.089599609375,19.1243000030518,0,19.1243000030518,"Mexico"
2023-01-10,19.1245002746582,19.1734600067139,19.077299118042,19.1245002746582,0,19.1245002746582,"Mexico"
2023-01-11,19.0596008300781,19.1099796295166,19.0004100799561,19.0596008300781,0,19.0596008300781,"Mexico"
2023-01-12,18.9423999786377,18.9785404205322,18.8164291381836,18.9423999786377,0,18.9423999786377,"Mexico"
2023-01-13,18.844310760498,18.9109802246094,18.7558002471924,18.844310760498,0,18.844310760498,"Mexico"
2023-01-16,18.7742004394531,18.8519191741943,18.7187995910645,18.7742004394531,0,18.7742004394531,"Mexico"
2023-01-17,18.7779006958008,18.8290004730225,18.7196998596191,18.7779006958008,0,18.7779006958008,"Mexico"
2023-01-18,18.6415004730225,18.7692203521729,18.5555992126465,18.6415004730225,0,18.6415004730225,"Mexico"
2023-01-19,18.874059677124,19.074499130249,18.8563003540039,18.874059677124,0,18.874059677124,"Mexico"
2023-01-20,18.9827003479004,19.017749786377,18.871000289917,18.9827003479004,0,18.9827003479004,"Mexico"
2023-01-23,18.8741893768311,18.8885097503662,18.7803001403809,18.8577709197998,0,18.8577709197998,"Mexico"
2023-01-24,18.8132591247559,18.8868999481201,18.7752799987793,18.8132591247559,0,18.8132591247559,"Mexico"
2023-01-25,18.7835998535156,18.8483390808105,18.7539005279541,18.7835998535156,0,18.7835998535156,"Mexico"
2023-01-26,18.7761993408203,18.8952503204346,18.7723007202148,18.7761993408203,0,18.7761993408203,"Mexico"
2023-01-27,18.7966995239258,18.8275909423828,18.7054004669189,18.7966995239258,0,18.7966995239258,"Mexico"
2023-01-30,18.7687492370605,18.8043994903564,18.7357997894287,18.7687492370605,0,18.7687492370605,"Mexico"
2023-01-31,18.7586002349854,18.8470802307129,18.7238006591797,18.7586002349854,0,18.7586002349854,"Mexico"
2023-02-01,18.8428707122803,18.8704109191895,18.6972999572754,18.8428707122803,0,18.8428707122803,"Mexico"
2023-02-02,18.5828990936279,18.6308994293213,18.4976005554199,18.5828990936279,0,18.5828990936279,"Mexico"
2023-02-03,18.6413993835449,18.9561004638672,18.630500793457,18.6413993835449,0,18.6413993835449,"Mexico"
2023-02-06,18.9908695220947,19.2861194610596,18.9905796051025,18.9908695220947,0,18.9908695220947,"Mexico"
2023-02-07,19.1679992675781,19.1752700805664,19.0221996307373,19.1679992675781,0,19.1679992675781,"Mexico"
2023-02-08,18.8815002441406,18.9795093536377,18.8167991638184,18.8815002441406,0,18.8815002441406,"Mexico"
2023-02-09,18.9344501495361,18.9913902282715,18.8318996429443,18.9344501495361,0,18.9344501495361,"Mexico"
2023-02-10,18.778299331665,18.828950881958,18.6389007568359,18.778299331665,0,18.778299331665,"Mexico"
2023-02-13,18.6784000396729,18.722110748291,18.6025009155273,18.6784000396729,0,18.6784000396729,"Mexico"
2023-02-14,18.5650405883789,18.6707496643066,18.5056304931641,18.5650405883789,0,18.5650405883789,"Mexico"
2023-02-15,18.5048007965088,18.7418403625488,18.4930000305176,18.5048007965088,0,18.5048007965088,"Mexico"
2023-02-16,18.5845508575439,18.6802997589111,18.5063991546631,18.5845508575439,0,18.5845508575439,"Mexico"
2023-02-17,18.5487194061279,18.6725196838379,18.4102001190186,18.5487194061279,0,18.5487194061279,"Mexico"
2023-02-20,18.3673706054688,18.4349594116211,18.3155002593994,18.3673706054688,0,18.3673706054688,"Mexico"
2023-02-21,18.3852005004883,18.446159362793,18.3299999237061,18.3852005004883,0,18.3852005004883,"Mexico"
2023-02-22,18.4298992156982,18.4770908355713,18.324649810791,18.4298992156982,0,18.4298992156982,"Mexico"
2023-02-23,18.3645801544189,18.4534702301025,18.2863998413086,18.3645801544189,0,18.3645801544189,"Mexico"
2023-02-24,18.3686599731445,18.4931297302246,18.3388004302979,18.3686599731445,0,18.3686599731445,"Mexico"
2023-02-27,18.3913307189941,18.4199504852295,18.3127994537354,18.3913307189941,0,18.3913307189941,"Mexico"
2023-02-28,18.3668994903564,18.410270690918,18.297399520874,18.3668994903564,0,18.3668994903564,"Mexico"
2023-03-01,18.3009395599365,18.3270092010498,18.0639991760254,18.3009395599365,0,18.3009395599365,"Mexico"
2023-03-02,18.1159706115723,18.1902694702148,18.0886993408203,18.1159706115723,0,18.1159706115723,"Mexico"
2023-03-03,18.1053009033203,18.1156997680664,17.9828395843506,18.1053009033203,0,18.1053009033203,"Mexico"
2023-03-06,17.9780006408691,18.0360507965088,17.9367008209229,17.9780006408691,0,17.9780006408691,"Mexico"
2023-03-07,18.001350402832,18.1699905395508,17.9556999206543,18.001350402832,0,18.001350402832,"Mexico"
2023-03-08,18.1000995635986,18.1217994689941,17.9043407440186,18.1000995635986,0,18.1000995635986,"Mexico"
2023-03-09,17.9707508087158,18.0988998413086,17.8854999542236,17.9707508087158,0,17.9707508087158,"Mexico"
2023-03-10,18.3296394348145,18.5804595947266,18.2567005157471,18.3296394348145,0,18.3296394348145,"Mexico"
2023-03-13,18.3170299530029,19.1446304321289,18.2292995452881,18.3170299530029,0,18.3170299530029,"Mexico"
2023-03-14,18.9190807342529,19.1477794647217,18.5886001586914,18.9190807342529,0,18.9190807342529,"Mexico"
2023-03-15,18.6005001068115,19.0184001922607,18.5897006988525,18.6005001068115,0,18.6005001068115,"Mexico"
2023-03-16,18.9918994903564,19.1744499206543,18.9018001556396,18.9918994903564,0,18.9918994903564,"Mexico"
2023-03-17,18.7693901062012,18.9797992706299,18.6368598937988,18.7693901062012,0,18.7693901062012,"Mexico"
2023-03-20,18.8434200286865,19.2249507904053,18.7900199890137,18.8434200286865,0,18.8434200286865,"Mexico"
2023-03-21,18.8145999908447,18.8752307891846,18.6362991333008,18.8145999908447,0,18.8145999908447,"Mexico"
2023-03-22,18.6240501403809,18.6504001617432,18.5032005310059,18.6240501403809,0,18.6240501403809,"Mexico"
2023-03-23,18.5933609008789,18.6055202484131,18.4533004760742,18.5933609008789,0,18.5933609008789,"Mexico"
2023-03-24,18.5678997039795,18.7949504852295,18.4946708679199,18.5678997039795,0,18.5678997039795,"Mexico"
2023-03-26,18.427059173584,18.4521808624268,18.3159999847412,18.427059173584,0,18.427059173584,"Mexico"
2023-03-27,18.3185997009277,18.3540706634521,18.2299995422363,18.3185997009277,0,18.3185997009277,"Mexico"
2023-03-28,18.2192001342773,18.2332401275635,18.080099105835,18.2192001342773,0,18.2192001342773,"Mexico"
2023-03-29,18.094030380249,18.1566505432129,18.0356006622314,18.094030380249,0,18.094030380249,"Mexico"
2023-03-30,18.0895500183105,18.1190299987793,17.9918994903564,18.0895500183105,0,18.0895500183105,"Mexico"
2023-04-02,18.0391502380371,18.1289005279541,17.9531002044678,18.0391502380371,0,18.0391502380371,"Mexico"
2023-04-03,18.0875701904297,18.1748104095459,17.9995002746582,18.0875701904297,0,18.0875701904297,"Mexico"
2023-04-04,18.1124992370605,18.3867492675781,18.0891990661621,18.1124992370605,0,18.1124992370605,"Mexico"
2023-04-05,18.3087997436523,18.3747005462646,18.1993999481201,18.3087997436523,0,18.3087997436523,"Mexico"
2023-04-06,18.2271003723145,18.2649993896484,18.0888996124268,18.2271003723145,0,18.2271003723145,"Mexico"
2023-04-09,18.1347007751465,18.2757797241211,18.0620002746582,18.1347007751465,0,18.1347007751465,"Mexico"
2023-04-10,18.1431007385254,18.2154197692871,18.0958003997803,18.1431007385254,0,18.1431007385254,"Mexico"
2023-04-11,18.158899307251,18.1893901824951,18.0111999511719,18.158899307251,0,18.158899307251,"Mexico"
2023-04-12,18.0550994873047,18.1178092956543,18.0087203979492,18.0550994873047,0,18.0550994873047,"Mexico"
2023-04-13,18.0189990997314,18.1184196472168,17.99169921875,18.0189990997314,0,18.0189990997314,"Mexico"
2023-04-16,17.9928798675537,18.1509609222412,17.9461002349854,17.9928798675537,0,17.9928798675537,"Mexico"
2023-04-17,18.0321998596191,18.0937194824219,17.9547004699707,18.0321998596191,0,18.0321998596191,"Mexico"
2023-04-18,18.0434894561768,18.1501598358154,18.024299621582,18.0434894561768,0,18.0434894561768,"Mexico"
2023-04-19,18.0405006408691,18.1192398071289,17.9801998138428,18.0405006408691,0,18.0405006408691,"Mexico"
2023-04-20,17.9979095458984,18.0405502319336,17.9652996063232,17.9979095458984,0,17.9979095458984,"Mexico"
2023-04-23,17.9971408843994,18.0457000732422,17.9715995788574,17.9971408843994,0,17.9971408843994,"Mexico"
2023-04-24,17.9652004241943,18.0907001495361,17.9433994293213,17.9652004241943,0,17.9652004241943,"Mexico"
2023-04-25,18.0403995513916,18.1813201904297,18.028299331665,18.0403995513916,0,18.0403995513916,"Mexico"
2023-04-26,18.1585502624512,18.1893692016602,18.0454998016357,18.1585502624512,0,18.1585502624512,"Mexico"
2023-04-27,18.0244998931885,18.1067199707031,17.9622001647949,18.0244998931885,0,18.0244998931885,"Mexico"
2023-04-30,17.9913997650146,18.0182495117188,17.9095993041992,17.9913997650146,0,17.9913997650146,"Mexico"
2023-05-01,17.9376907348633,18.0718803405762,17.887300491333,17.9376907348633,0,17.9376907348633,"Mexico"
2023-05-02,17.9742698669434,17.9854202270508,17.8864002227783,17.9742698669434,0,17.9742698669434,"Mexico"
2023-05-03,17.9561004638672,18.00657081604,17.843900680542,17.9561004638672,0,17.9561004638672,"Mexico"
2023-05-04,17.8993797302246,17.9441108703613,17.7413005828857,17.8993797302246,0,17.8993797302246,"Mexico"
2023-05-07,17.7662696838379,17.8374099731445,17.7269992828369,17.7662696838379,0,17.7662696838379,"Mexico"
2023-05-08,17.7875804901123,17.8286800384521,17.7304000854492,17.7875804901123,0,17.7875804901123,"Mexico"
2023-05-09,17.7434997558594,17.7655391693115,17.5937995910645,17.7434997558594,0,17.7434997558594,"Mexico"
2023-05-10,17.5372009277344,17.6973094940186,17.5167999267578,17.5372009277344,0,17.5372009277344,"Mexico"
2023-05-11,17.5746994018555,17.6431007385254,17.5583000183105,17.5746994018555,0,17.5746994018555,"Mexico"
2023-05-14,17.5962505340576,17.6161594390869,17.5273990631104,17.5962505340576,0,17.5962505340576,"Mexico"
2023-05-15,17.4330997467041,17.5325508117676,17.4141006469727,17.4330997467041,0,17.4330997467041,"Mexico"
2023-05-16,17.4803009033203,17.6845092773438,17.4694995880127,17.4803009033203,0,17.4803009033203,"Mexico"
2023-05-17,17.6067695617676,17.7710800170898,17.5814990997314,17.6067695617676,0,17.6067695617676,"Mexico"
2023-05-18,17.7157001495361,17.7386894226074,17.6163997650146,17.7157001495361,0,17.7157001495361,"Mexico"
2023-05-21,17.7460994720459,17.9560794830322,17.74049949646,17.7460994720459,0,17.7460994720459,"Mexico"
2023-05-22,17.8798999786377,17.99534034729,17.8521003723145,17.8798999786377,0,17.8798999786377,"Mexico"
2023-05-23,17.9582004547119,17.978099822998,17.7630004882812,17.9582004547119,0,17.9582004547119,"Mexico"
2023-05-24,17.7999305725098,17.8681507110596,17.7416000366211,17.7999305725098,0,17.7999305725098,"Mexico"
2023-05-25,17.8463001251221,17.860860824585,17.6417694091797,17.8463001251221,0,17.8463001251221,"Mexico"
2023-05-28,17.6021995544434,17.6163997650146,17.5210990905762,17.6021995544434,0,17.6021995544434,"Mexico"
2023-05-29,17.598819732666,17.6868705749512,17.5275993347168,17.598819732666,0,17.598819732666,"Mexico"
2023-05-30,17.6557006835938,17.7649993896484,17.6264991760254,17.6557006835938,0,17.6557006835938,"Mexico"
2023-05-31,17.6765003204346,17.7237606048584,17.5268993377686,17.6765003204346,0,17.6765003204346,"Mexico"
2023-06-01,17.5387992858887,17.5667190551758,17.418249130249,17.5387992858887,0,17.5387992858887,"Mexico"
2023-06-04,17.5503997802734,17.5945091247559,17.4444007873535,17.5503997802734,0,17.5503997802734,"Mexico"
2023-06-05,17.4458999633789,17.4950904846191,17.4051303863525,17.4458999633789,0,17.4458999633789,"Mexico"
2023-06-06,17.3677005767822,17.3831100463867,17.3001003265381,17.3677005767822,0,17.3677005767822,"Mexico"
2023-06-07,17.3552894592285,17.4372997283936,17.3134002685547,17.3552894592285,0,17.3552894592285,"Mexico"
2023-06-08,17.372200012207,17.3956699371338,17.2730007171631,17.372200012207,0,17.372200012207,"Mexico"
2023-06-11,17.2709007263184,17.3276996612549,17.2315998077393,17.2709007263184,0,17.2709007263184,"Mexico"
2023-06-12,17.2841796875,17.3155307769775,17.2047004699707,17.2841796875,0,17.2841796875,"Mexico"
2023-06-13,17.2337894439697,17.2372398376465,17.0997009277344,17.2337894439697,0,17.2337894439697,"Mexico"
2023-06-14,17.1273994445801,17.2487907409668,17.0909996032715,17.1273994445801,0,17.1273994445801,"Mexico"
2023-06-15,17.1263694763184,17.1868190765381,17.0681991577148,17.1263694763184,0,17.1263694763184,"Mexico"
2023-06-18,17.0669002532959,17.1688709259033,17.0510997772217,17.0669002532959,0,17.0669002532959,"Mexico"
2023-06-19,17.0729999542236,17.1933498382568,17.0669002532959,17.0729999542236,0,17.0729999542236,"Mexico"
2023-06-20,17.2036399841309,17.2535705566406,17.1403007507324,17.2036399841309,0,17.2036399841309,"Mexico"
2023-06-21,17.1175003051758,17.1991004943848,17.1023998260498,17.1175003051758,0,17.1175003051758,"Mexico"
2023-06-22,17.1700000762939,17.2617893218994,17.1317005157471,17.1700000762939,0,17.1700000762939,"Mexico"
2023-06-25,17.1471004486084,17.1716003417969,17.1014995574951,17.1471004486084,0,17.1471004486084,"Mexico"
2023-06-26,17.117000579834,17.1363391876221,17.0450000762939,17.117000579834,0,17.117000579834,"Mexico"
2023-06-27,17.0764999389648,17.1218109130859,17.0324993133545,17.0764999389648,0,17.0764999389648,"Mexico"
2023-06-28,17.0828990936279,17.1513004302979,17.0554008483887,17.0828990936279,0,17.0828990936279,"Mexico"
2023-06-29,17.1061000823975,17.1589794158936,17.0308990478516,17.1061000823975,0,17.1061000823975,"Mexico"
2023-07-02,17.1208095550537,17.1467399597168,17.0389003753662,17.1208095550537,0,17.1208095550537,"Mexico"
2023-07-03,17.0470008850098,17.0589504241943,16.9999904632568,17.0470008850098,0,17.0470008850098,"Mexico"
2023-07-04,17.0354995727539,17.07200050354,16.9687995910645,17.0354995727539,0,17.0354995727539,"Mexico"
2023-07-05,17.0060806274414,17.2633209228516,16.985200881958,17.0060806274414,0,17.0060806274414,"Mexico"
2023-07-06,17.2316093444824,17.3915996551514,17.0863990783691,17.2316093444824,0,17.2316093444824,"Mexico"
2023-07-09,17.1478500366211,17.1716194152832,17.0356006622314,17.1478500366211,0,17.1478500366211,"Mexico"
2023-07-10,17.0447998046875,17.1021995544434,17.0317001342773,17.0447998046875,0,17.0447998046875,"Mexico"
2023-07-11,17.0289001464844,17.0623607635498,16.7996997833252,17.0289001464844,0,17.0289001464844,"Mexico"
2023-07-12,16.8964290618896,16.9575805664062,16.8484992980957,16.8964290618896,0,16.8964290618896,"Mexico"
2023-07-13,16.8466300964355,16.9151592254639,16.8020992279053,16.8466300964355,0,16.8466300964355,"Mexico"
2023-07-16,16.7387008666992,16.8929004669189,16.6933994293213,16.7387008666992,0,16.7387008666992,"Mexico"
2023-07-17,16.7136993408203,16.7596206665039,16.6870994567871,16.7136993408203,0,16.7136993408203,"Mexico"
2023-07-18,16.7521495819092,16.7833805084229,16.7112998962402,16.7521495819092,0,16.7521495819092,"Mexico"
2023-07-19,16.7118701934814,16.8664398193359,16.6909008026123,16.7118701934814,0,16.7118701934814,"Mexico"
2023-07-20,16.8659000396729,17.0410099029541,16.8497009277344,16.8659000396729,0,16.8659000396729,"Mexico"
2023-07-23,16.9743003845215,17.0035800933838,16.8006000518799,16.9743003845215,0,16.9743003845215,"Mexico"
2023-07-24,16.826099395752,16.9363498687744,16.7898998260498,16.826099395752,0,16.826099395752,"Mexico"
2023-07-25,16.926700592041,16.9813804626465,16.8169708251953,16.926700592041,0,16.926700592041,"Mexico"
2023-07-26,16.8624401092529,16.8630599975586,16.7077102661133,16.8624401092529,0,16.8624401092529,"Mexico"
2023-07-27,16.8470993041992,16.9445209503174,16.6158008575439,16.8470993041992,0,16.8470993041992,"Mexico"
2023-07-30,16.6809005737305,16.7785797119141,16.6541996002197,16.6809005737305,0,16.6809005737305,"Mexico"
2023-07-31,16.7381000518799,16.8622798919678,16.7248001098633,16.7381000518799,0,16.7381000518799,"Mexico"
2023-08-01,16.8735294342041,17.0589599609375,16.8350696563721,16.8735294342041,0,16.8735294342041,"Mexico"
2023-08-02,17.0007991790771,17.4065799713135,16.9845008850098,17.0007991790771,0,17.0007991790771,"Mexico"
2023-08-03,17.3181991577148,17.4231491088867,16.9969997406006,17.3181991577148,0,17.3181991577148,"Mexico"
2023-08-06,17.0809993743896,17.1412906646729,17.0151996612549,17.0809993743896,0,17.0809993743896,"Mexico"
2023-08-07,17.0646991729736,17.2712993621826,17.0576000213623,17.0646991729736,0,17.0646991729736,"Mexico"
2023-08-08,17.1063995361328,17.1856002807617,17.0576992034912,17.1063995361328,0,17.1063995361328,"Mexico"
2023-08-09,17.059289932251,17.0753898620605,16.9057998657227,17.059289932251,0,17.059289932251,"Mexico"
2023-08-10,17.067699432373,17.1107807159424,16.951000213623,17.067699432373,0,17.067699432373,"Mexico"
2023-08-13,16.993989944458,17.1252002716064,16.9584007263184,16.993989944458,0,16.993989944458,"Mexico"
2023-08-14,17.0452995300293,17.1834297180176,17.0335998535156,17.0452995300293,0,17.0452995300293,"Mexico"
2023-08-15,17.1286697387695,17.152530670166,17.0319004058838,17.1286697387695,0,17.1286697387695,"Mexico"
2023-08-16,17.1440906524658,17.2036590576172,17.0601997375488,17.1440906524658,0,17.1440906524658,"Mexico"
2023-08-17,17.09787940979,17.1269607543945,17.0400009155273,17.09787940979,0,17.09787940979,"Mexico"
2023-08-20,17.0261001586914,17.0766506195068,17.0037994384766,17.0261001586914,0,17.0261001586914,"Mexico"
2023-08-21,17.0128002166748,17.027099609375,16.8826007843018,17.0128002166748,0,17.0128002166748,"Mexico"
2023-08-22,16.9064502716064,16.9097099304199,16.7863006591797,16.9064502716064,0,16.9064502716064,"Mexico"
2023-08-23,16.7791004180908,16.8535404205322,16.7560997009277,16.7791004180908,0,16.7791004180908,"Mexico"
2023-08-24,16.8306102752686,16.8384494781494,16.7471103668213,16.8306102752686,0,16.8306102752686,"Mexico"
2023-08-27,16.7187995910645,16.7478408813477,16.6837005615234,16.7187995910645,0,16.7187995910645,"Mexico"
2023-08-28,16.7859992980957,16.8823509216309,16.7418994903564,16.7859992980957,0,16.7859992980957,"Mexico"
2023-08-29,16.7866992950439,16.8009395599365,16.721399307251,16.7866992950439,0,16.7866992950439,"Mexico"
2023-08-30,16.7571296691895,16.9839000701904,16.7026996612549,16.7571296691895,0,16.7571296691895,"Mexico"
2023-08-31,16.9982204437256,17.1939601898193,16.9601993560791,16.9982204437256,0,16.9982204437256,"Mexico"
2023-09-03,17.0732707977295,17.191089630127,17.0321006774902,17.0732707977295,0,17.0732707977295,"Mexico"
2023-09-04,17.1760807037354,17.3921794891357,17.1613998413086,17.1760807037354,0,17.1760807037354,"Mexico"
2023-09-05,17.3826007843018,17.6407508850098,17.3819999694824,17.3826007843018,0,17.3826007843018,"Mexico"
2023-09-06,17.5788993835449,17.7037506103516,17.4229698181152,17.5788993835449,0,17.5788993835449,"Mexico"
2023-09-07,17.577299118042,17.5947799682617,17.4347991943359,17.577299118042,0,17.577299118042,"Mexico"
2023-09-10,17.543140411377,17.5909900665283,17.3458499908447,17.543140411377,0,17.543140411377,"Mexico"
2023-09-11,17.2810306549072,17.3741798400879,17.2451000213623,17.2810306549072,0,17.2810306549072,"Mexico"
2023-09-12,17.213399887085,17.2700996398926,17.0893993377686,17.213399887085,0,17.213399887085,"Mexico"
2023-09-13,17.1305999755859,17.1917495727539,17.0902004241943,17.1305999755859,0,17.1305999755859,"Mexico"
2023-09-14,17.1063594818115,17.1205501556396,17.0428009033203,17.1063594818115,0,17.1063594818115,"Mexico"
2023-09-17,17.047399520874,17.1753692626953,17.0154991149902,17.047399520874,0,17.047399520874,"Mexico"
2023-09-18,17.11669921875,17.1402606964111,17.0436000823975,17.11669921875,0,17.11669921875,"Mexico"
2023-09-19,17.0648593902588,17.094690322876,17.0076999664307,17.0648593902588,0,17.0648593902588,"Mexico"
2023-09-20,17.0921592712402,17.2445507049561,17.0564994812012,17.0921592712402,0,17.0921592712402,"Mexico"
2023-09-21,17.2110996246338,17.2323608398438,17.0893001556396,17.2110996246338,0,17.2110996246338,"Mexico"
2023-09-24,17.1735992431641,17.4340496063232,17.1613006591797,17.1735992431641,0,17.1735992431641,"Mexico"
2023-09-25,17.3843994140625,17.5618705749512,17.3586006164551,17.3843994140625,0,17.3843994140625,"Mexico"
2023-09-26,17.5450096130371,17.718469619751,17.4683990478516,17.5450096130371,0,17.5450096130371,"Mexico"
2023-09-27,17.6869506835938,17.7319793701172,17.5840091705322,17.6869506835938,0,17.6869506835938,"Mexico"
2023-09-28,17.5389404296875,17.5591297149658,17.3524494171143,17.5389404296875,0,17.5389404296875,"Mexico"
2023-10-01,17.3953990936279,17.5647201538086,17.3719997406006,17.3953990936279,0,17.3953990936279,"Mexico"
2023-10-02,17.6625003814697,17.9707508087158,17.5928993225098,17.6625003814697,0,17.6625003814697,"Mexico"
2023-10-03,18.0093994140625,18.2135105133057,17.848560333252,18.0093994140625,0,18.0093994140625,"Mexico"
2023-10-04,17.978099822998,18.3651008605957,17.9260997772217,17.978099822998,0,17.978099822998,"Mexico"
2023-10-05,18.2781391143799,18.4497299194336,18.1284008026123,18.2781391143799,0,18.2781391143799,"Mexico"
2023-10-08,18.2280006408691,18.378080368042,18.2062892913818,18.2280006408691,0,18.2280006408691,"Mexico"
2023-10-09,18.2076797485352,18.29660987854,17.9524002075195,18.2076797485352,0,18.2076797485352,"Mexico"
2023-10-10,17.9340305328369,17.9543800354004,17.7844009399414,17.9340305328369,0,17.9340305328369,"Mexico"
2023-10-11,17.8371696472168,17.9692497253418,17.7418994903564,17.8371696472168,0,17.8371696472168,"Mexico"
2023-10-12,17.9706497192383,18.067419052124,17.8437404632568,17.9706497192383,0,17.9706497192383,"Mexico"
2023-10-15,18.0499992370605,18.0468196868896,17.9039001464844,18.0499992370605,0,18.0499992370605,"Mexico"
2023-10-16,17.9070091247559,18.0727806091309,17.8668003082275,17.9070091247559,0,17.9070091247559,"Mexico"
2023-10-17,18.0018005371094,18.2985992431641,17.9528007507324,18.0018005371094,0,18.0018005371094,"Mexico"
2023-10-18,18.235200881958,18.3936100006104,18.2303009033203,18.235200881958,0,18.235200881958,"Mexico"
2023-10-19,18.308500289917,18.4567394256592,18.2035999298096,18.308500289917,0,18.308500289917,"Mexico"
2023-10-22,18.201099395752,18.3701000213623,18.0799007415771,18.201099395752,0,18.201099395752,"Mexico"
2023-10-23,18.1322994232178,18.2849006652832,18.0722007751465,18.1322994232178,0,18.1322994232178,"Mexico"
2023-10-24,18.259069442749,18.3874092102051,18.2229995727539,18.259069442749,0,18.259069442749,"Mexico"
2023-10-25,18.3274002075195,18.4213409423828,18.1681003570557,18.3274002075195,0,18.3274002075195,"Mexico"
2023-10-26,18.1361999511719,18.1718196868896,17.9960994720459,18.1361999511719,0,18.1361999511719,"Mexico"
2023-10-30,18.105489730835,18.1133899688721,17.9535999298096,18.105489730835,0,18.105489730835,"Mexico"
2023-10-31,18.0480995178223,18.1091899871826,17.9236507415771,18.0480995178223,0,18.0480995178223,"Mexico"
2023-11-01,18.0466995239258,18.0752696990967,17.8938007354736,18.0466995239258,0,18.0466995239258,"Mexico"
2023-11-02,17.7623500823975,17.7858295440674,17.5424003601074,17.7623500823975,0,17.7623500823975,"Mexico"
2023-11-03,17.5270004272461,17.5552501678467,17.283899307251,17.5270004272461,0,17.5270004272461,"Mexico"
2023-11-06,17.4721298217773,17.5783500671387,17.3931007385254,17.4721298217773,0,17.4721298217773,"Mexico"
2023-11-07,17.5352993011475,17.5907707214355,17.4529991149902,17.5352993011475,0,17.5352993011475,"Mexico"
2023-11-08,17.4701995849609,17.5740394592285,17.4609603881836,17.4701995849609,0,17.4701995849609,"Mexico"
2023-11-09,17.5251998901367,17.5975704193115,17.468599319458,17.5251998901367,0,17.5251998901367,"Mexico"
2023-11-10,17.7893600463867,17.9358501434326,17.6940307617188,17.7893600463867,0,17.7893600463867,"Mexico"
2023-11-13,17.656400680542,17.7220001220703,17.5650997161865,17.656400680542,0,17.656400680542,"Mexico"
2023-11-14,17.6000995635986,17.6282997131348,17.3449001312256,17.6000995635986,0,17.6000995635986,"Mexico"
2023-11-15,17.3325004577637,17.4087505340576,17.2926006317139,17.3325004577637,0,17.3325004577637,"Mexico"
2023-11-16,17.2961692810059,17.3302097320557,17.2061004638672,17.2961692810059,0,17.2961692810059,"Mexico"
2023-11-17,17.2257995605469,17.2573108673096,17.1812992095947,17.2257995605469,0,17.2257995605469,"Mexico"
2023-11-20,17.2196807861328,17.2483005523682,17.1051998138428,17.2196807861328,0,17.2196807861328,"Mexico"
2023-11-21,17.1107406616211,17.2216091156006,17.0512008666992,17.1107406616211,0,17.1107406616211,"Mexico"
2023-11-22,17.1895999908447,17.2483406066895,17.1539001464844,17.1895999908447,0,17.1895999908447,"Mexico"
2023-11-23,17.1951904296875,17.2015590667725,17.132999420166,17.1951904296875,0,17.1951904296875,"Mexico"
2023-11-24,17.1865005493164,17.1868705749512,17.0816993713379,17.1865005493164,0,17.1865005493164,"Mexico"
2023-11-27,17.1138591766357,17.1942005157471,17.0205993652344,17.1138591766357,0,17.1138591766357,"Mexico"
2023-11-28,17.1585998535156,17.2095508575439,17.1068000793457,17.1585998535156,0,17.1585998535156,"Mexico"
2023-11-29,17.121000289917,17.22705078125,17.1005001068115,17.121000289917,0,17.121000289917,"Mexico"
2023-11-30,17.2828006744385,17.496280670166,17.2441005706787,17.2828006744385,0,17.2828006744385,"Mexico"
2023-12-01,17.3763008117676,17.3871593475342,17.1772003173828,17.3763008117676,0,17.3763008117676,"Mexico"
2023-12-04,17.1887607574463,17.4243507385254,17.1767997741699,17.1887607574463,0,17.1887607574463,"Mexico"
2023-12-05,17.4540996551514,17.5612506866455,17.4134998321533,17.4540996551514,0,17.4540996551514,"Mexico"
2023-12-06,17.3582992553711,17.3784103393555,17.2336006164551,17.3582992553711,0,17.3582992553711,"Mexico"
2023-12-07,17.2874603271484,17.4446392059326,17.2668991088867,17.2874603271484,0,17.2874603271484,"Mexico"
2023-12-08,17.4720497131348,17.508020401001,17.2954006195068,17.4720497131348,0,17.4720497131348,"Mexico"
2023-12-11,17.3470993041992,17.4627494812012,17.3360004425049,17.3470993041992,0,17.3470993041992,"Mexico"
2023-12-12,17.3698997497559,17.4340000152588,17.2884998321533,17.3698997497559,0,17.3698997497559,"Mexico"
2023-12-13,17.3037605285645,17.4578609466553,17.2914009094238,17.3037605285645,0,17.3037605285645,"Mexico"
2023-12-14,17.2622604370117,17.3936901092529,17.2021007537842,17.2622604370117,0,17.2622604370117,"Mexico"
2023-12-15,17.1903800964355,17.3389892578125,17.1569995880127,17.1903800964355,0,17.1903800964355,"Mexico"
2023-12-18,17.2212009429932,17.296350479126,17.1951999664307,17.2212009429932,0,17.2212009429932,"Mexico"
2023-12-19,17.1627006530762,17.1661605834961,17.0219993591309,17.1627006530762,0,17.1627006530762,"Mexico"
2023-12-20,17.0597991943359,17.1056499481201,17.014799118042,17.0597991943359,0,17.0597991943359,"Mexico"
2023-12-21,17.1331691741943,17.1343193054199,17.0279998779297,17.1331691741943,0,17.1331691741943,"Mexico"
2023-12-22,17.0312690734863,17.0488204956055,16.9188995361328,17.0312690734863,0,17.0312690734863,"Mexico"
2023-12-25,16.9783706665039,16.9962005615234,16.9714698791504,16.9783706665039,0,16.9783706665039,"Mexico"
2023-12-26,16.9752006530762,16.9958801269531,16.9333000183105,16.9752006530762,0,16.9752006530762,"Mexico"
2023-12-27,16.9736003875732,16.9945907592773,16.8938999176025,16.9736003875732,0,16.9736003875732,"Mexico"
2023-12-28,16.9136009216309,16.9300403594971,16.8470001220703,16.9136009216309,0,16.9136009216309,"Mexico"
2023-12-29,16.9512004852295,16.987850189209,16.8806991577148,16.9512004852295,0,16.9512004852295,"Mexico"
2024-01-01,16.9634399414062,16.9634399414062,16.9633407592773,16.9634399414062,0,16.9634399414062,"Mexico"
2024-01-02,16.9625091552734,17.064510345459,16.895299911499,16.9625091552734,0,16.9625091552734,"Mexico"
2024-01-03,17.0193996429443,17.0982494354248,17.0035991668701,17.0193996429443,0,17.0193996429443,"Mexico"
2024-01-04,17.012149810791,17.0837001800537,16.9654998779297,17.012149810791,0,17.012149810791,"Mexico"
2024-01-05,17.0086002349854,17.0668201446533,16.8703002929688,17.0086002349854,0,17.0086002349854,"Mexico"
2024-01-08,16.8809394836426,16.9071502685547,16.7731990814209,16.8809394836426,0,16.8809394836426,"Mexico"
2024-01-09,16.8337001800537,16.9577903747559,16.8038005828857,16.8337001800537,0,16.8337001800537,"Mexico"
2024-01-10,16.9666595458984,17.0195999145508,16.9398994445801,16.9666595458984,0,16.9666595458984,"Mexico"
2024-01-11,16.9816608428955,17.0535297393799,16.9384994506836,16.9816608428955,0,16.9816608428955,"Mexico"
2024-01-12,16.9015598297119,16.9196090698242,16.8197002410889,16.9015598297119,0,16.9015598297119,"Mexico"
2024-01-15,16.8690700531006,16.9106292724609,16.8532009124756,16.8690700531006,0,16.8690700531006,"Mexico"
2024-01-16,16.8847999572754,17.2015590667725,16.8850994110107,16.8847999572754,0,16.8847999572754,"Mexico"
2024-01-17,17.1979007720947,17.3816509246826,17.1977996826172,17.1979007720947,0,17.1979007720947,"Mexico"
2024-01-18,17.1926002502441,17.232400894165,17.1417007446289,17.1926002502441,0,17.1926002502441,"Mexico"
2024-01-19,17.1683597564697,17.1873302459717,17.0984001159668,17.1683597564697,0,17.1683597564697,"Mexico"
2024-01-22,17.0931491851807,17.1709995269775,17.0512008666992,17.0931491851807,0,17.0931491851807,"Mexico"
2024-01-23,17.1746997833252,17.3751792907715,17.1411991119385,17.1746997833252,0,17.1746997833252,"Mexico"
2024-01-24,17.3060607910156,17.3152809143066,17.1266002655029,17.3060607910156,0,17.3060607910156,"Mexico"
2024-01-25,17.2341594696045,17.264009475708,17.1597003936768,17.2341594696045,0,17.2341594696045,"Mexico"
2024-01-26,17.1895008087158,17.2150802612305,17.121000289917,17.1895008087158,0,17.1895008087158,"Mexico"
2024-01-29,17.1686191558838,17.247350692749,17.1324005126953,17.1686191558838,0,17.1686191558838,"Mexico"
2024-01-30,17.2195606231689,17.2522296905518,17.1585998535156,17.2195606231689,0,17.2195606231689,"Mexico"
2024-01-31,17.1527099609375,17.2008495330811,17.0964508056641,17.1527099609375,0,17.1527099609375,"Mexico"
2024-02-01,17.217529296875,17.2822208404541,17.0879001617432,17.217529296875,0,17.217529296875,"Mexico"
2024-02-02,17.0674991607666,17.1792392730713,17.0263004302979,17.0674991607666,0,17.0674991607666,"Mexico"
2024-02-05,17.1506900787354,17.277379989624,17.1144008636475,17.1506900787354,0,17.1506900787354,"Mexico"
2024-02-06,17.1091003417969,17.1235198974609,17.0128993988037,17.1091003417969,0,17.1091003417969,"Mexico"
2024-02-07,17.0279998779297,17.066520690918,16.9929504394531,17.0279998779297,0,17.0279998779297,"Mexico"
2024-02-08,17.0454006195068,17.1275501251221,17.0272006988525,17.0454006195068,0,17.0454006195068,"Mexico"
2024-02-09,17.1317005157471,17.1722507476807,17.0624008178711,17.1317005157471,0,17.1317005157471,"Mexico"
2024-02-12,17.0754299163818,17.0837497711182,17.0338001251221,17.0754299163818,0,17.0754299163818,"Mexico"
2024-02-13,17.0677604675293,17.2214908599854,17.05419921875,17.0677604675293,0,17.0677604675293,"Mexico"
2024-02-14,17.2020092010498,17.2025699615479,17.0811996459961,17.2020092010498,0,17.2020092010498,"Mexico"
2024-02-15,17.0751991271973,17.1002197265625,17.031400680542,17.0751991271973,0,17.0751991271973,"Mexico"
2024-02-16,17.0401706695557,17.0948104858398,17.0153007507324,17.0401706695557,0,17.0401706695557,"Mexico"
2024-02-19,17.0452995300293,17.0617408752441,17.0189990997314,17.0429306030273,0,17.0429306030273,"Mexico"
2024-02-20,17.034200668335,17.0628509521484,16.9804000854492,17.034200668335,0,17.034200668335,"Mexico"
2024-02-21,17.0597991943359,17.0736904144287,17.0263996124268,17.0597991943359,0,17.0597991943359,"Mexico"
2024-02-22,17.0331001281738,17.1518993377686,16.9979000091553,17.0331001281738,0,17.0331001281738,"Mexico"
2024-02-23,17.1073398590088,17.1503105163574,17.0578002929688,17.1073398590088,0,17.1073398590088,"Mexico"
2024-02-26,17.109920501709,17.1408290863037,17.067699432373,17.1139297485352,0,17.1139297485352,"Mexico"
2024-02-27,17.0816993713379,17.1030197143555,17.0312995910645,17.0816993713379,0,17.0816993713379,"Mexico"
2024-02-28,17.0669593811035,17.1093502044678,17.0519008636475,17.0669593811035,0,17.0669593811035,"Mexico"
2024-02-29,17.0872993469238,17.0995407104492,17.0412998199463,17.0872993469238,0,17.0872993469238,"Mexico"
2024-03-01,17.0500602722168,17.056640625,16.9867000579834,17.0500602722168,0,17.0500602722168,"Mexico"
2024-03-04,17.009370803833,17.0199298858643,16.9515991210938,17.009370803833,0,17.009370803833,"Mexico"
2024-03-05,16.9550704956055,16.9786205291748,16.8927001953125,16.9550704956055,0,16.9550704956055,"Mexico"
2024-03-06,16.9321002960205,16.9500102996826,16.8370990753174,16.9321002960205,0,16.9321002960205,"Mexico"
2024-03-07,16.8677997589111,16.9191493988037,16.8355007171631,16.8677997589111,0,16.8677997589111,"Mexico"
2024-03-08,16.8647003173828,16.885570526123,16.755500793457,16.8647003173828,0,16.8647003173828,"Mexico"
2024-03-11,16.8036193847656,16.8228492736816,16.7679996490479,16.8036193847656,0,16.8036193847656,"Mexico"
2024-03-12,16.7989692687988,16.8465805053711,16.7679004669189,16.7989692687988,0,16.7989692687988,"Mexico"
2024-03-13,16.7842998504639,16.7977600097656,16.7285995483398,16.7842998504639,0,16.7842998504639,"Mexico"
2024-03-14,16.6693305969238,16.7247505187988,16.6368999481201,16.6693305969238,0,16.6693305969238,"Mexico"
2024-03-15,16.7018604278564,16.735200881958,16.6541004180908,16.7018604278564,0,16.7018604278564,"Mexico"
2024-03-18,16.7203998565674,16.7928199768066,16.6690006256104,16.7203998565674,0,16.7203998565674,"Mexico"
2024-03-19,16.8308601379395,16.9438095092773,16.8038005828857,16.8308601379395,0,16.8308601379395,"Mexico"
2024-03-20,16.7999000549316,16.8467407226562,16.7616996765137,16.7999000549316,0,16.7999000549316,"Mexico"
2024-03-21,16.6676998138428,16.7698192596436,16.6548004150391,16.6676998138428,0,16.6676998138428,"Mexico"
2024-03-22,16.7268009185791,16.8233203887939,16.6837997436523,16.7268009185791,0,16.7268009185791,"Mexico"
2024-03-25,16.75830078125,16.7664699554443,16.6826992034912,16.75830078125,0,16.75830078125,"Mexico"
2024-03-26,16.6707000732422,16.712610244751,16.6515998840332,16.6707000732422,0,16.6707000732422,"Mexico"
2024-03-27,16.6315994262695,16.6730899810791,16.5102996826172,16.6315994262695,0,16.6315994262695,"Mexico"
2024-03-28,16.5506992340088,16.6254005432129,16.5291996002197,16.5506992340088,0,16.5506992340088,"Mexico"
2024-03-29,16.602840423584,16.6103000640869,16.5326995849609,16.602840423584,0,16.602840423584,"Mexico"
2024-03-31,16.5554504394531,16.6681499481201,16.5214996337891,16.5554504394531,0,16.5554504394531,"Mexico"
2024-04-01,16.6088008880615,16.6501502990723,16.5576992034912,16.6088008880615,0,16.6088008880615,"Mexico"
2024-04-02,16.5499000549316,16.6131496429443,16.5319004058838,16.5499000549316,0,16.5499000549316,"Mexico"
2024-04-03,16.5270004272461,16.5597991943359,16.4955005645752,16.5270004272461,0,16.5270004272461,"Mexico"
2024-04-04,16.5732002258301,16.6007308959961,16.4304008483887,16.5732002258301,0,16.5732002258301,"Mexico"
2024-04-07,16.4519996643066,16.4913902282715,16.3099002838135,16.4519996643066,0,16.4519996643066,"Mexico"
2024-04-08,16.3143005371094,16.3663997650146,16.2476997375488,16.3143005371094,0,16.3143005371094,"Mexico"
2024-04-09,16.3833103179932,16.5180206298828,16.2980003356934,16.3833103179932,0,16.3833103179932,"Mexico"
2024-04-10,16.4524993896484,16.4868507385254,16.3752994537354,16.4524993896484,0,16.4524993896484,"Mexico"
2024-04-11,16.4260997772217,16.7401103973389,16.4120998382568,16.4260997772217,0,16.4260997772217,"Mexico"
2024-04-14,16.6110801696777,16.7206497192383,16.5272998809814,16.6110801696777,0,16.6110801696777,"Mexico"
2024-04-15,16.6944007873535,17.0812492370605,16.6944999694824,16.6944007873535,0,16.6944007873535,"Mexico"
2024-04-16,17.0333404541016,17.0783195495605,16.8649501800537,17.0333404541016,0,17.0333404541016,"Mexico"
2024-04-17,16.9563007354736,17.1608009338379,16.9073009490967,16.9563007354736,0,16.9563007354736,"Mexico"
2024-04-18,17.0749607086182,17.8176898956299,17.0594005584717,17.0749607086182,0,17.0749607086182,"Mexico"
2024-04-21,17.0921001434326,17.2339992523193,16.9992008209229,17.0919990539551,0,17.0919990539551,"Mexico"
2024-04-22,17.1369800567627,17.1453495025635,16.956600189209,17.1369800567627,0,17.1369800567627,"Mexico"
2024-04-23,16.9491996765137,17.114070892334,16.902099609375,16.9491996765137,0,16.9491996765137,"Mexico"
2024-04-24,17.0701007843018,17.341869354248,17.0198001861572,17.0701007843018,0,17.0701007843018,"Mexico"
2024-04-25,17.201810836792,17.2775497436523,17.1044998168945,17.201810836792,0,17.201810836792,"Mexico"
2024-04-28,17.1640491485596,17.245849609375,17.0051002502441,17.1640491485596,0,17.1640491485596,"Mexico"
2024-04-29,17.0115604400635,17.0793495178223,16.9482002258301,17.0115604400635,0,17.0115604400635,"Mexico"
2024-04-30,17.1499195098877,17.1592502593994,17.0020008087158,17.1499195098877,0,17.1499195098877,"Mexico"
2024-05-01,16.9286003112793,16.9832592010498,16.8938007354736,16.9286003112793,0,16.9286003112793,"Mexico"
2024-05-02,16.9617004394531,17.0258293151855,16.8230991363525,16.9617004394531,0,16.9617004394531,"Mexico"
2024-05-05,16.980260848999,16.9815406799316,16.8810005187988,16.980260848999,0,16.980260848999,"Mexico"
2024-05-06,16.8833408355713,16.9214401245117,16.8281993865967,16.8833408355713,0,16.8833408355713,"Mexico"
2024-05-07,16.9040603637695,16.9752502441406,16.8680000305176,16.9040603637695,0,16.9040603637695,"Mexico"
2024-05-08,16.9160099029541,16.9612998962402,16.8488006591797,16.9160099029541,0,16.9160099029541,"Mexico"
2024-05-09,16.7794990539551,16.8121490478516,16.7112998962402,16.7794990539551,0,16.7794990539551,"Mexico"
2024-05-12,16.7672004699707,16.8144493103027,16.7224006652832,16.7672004699707,0,16.7672004699707,"Mexico"
2024-05-13,16.7831993103027,16.8750495910645,16.7579002380371,16.7831993103027,0,16.7831993103027,"Mexico"
2024-05-14,16.8441600799561,16.8960494995117,16.6723003387451,16.8441600799561,0,16.8441600799561,"Mexico"
2024-05-15,16.6810607910156,16.736629486084,16.6618995666504,16.6810607910156,0,16.6810607910156,"Mexico"
2024-05-16,16.6781597137451,16.7149505615234,16.5991992950439,16.6781597137451,0,16.6781597137451,"Mexico"
2024-05-19,16.5862998962402,16.6366996765137,16.550500869751,16.5862998962402,0,16.5862998962402,"Mexico"
2024-05-20,16.5525703430176,16.6004199981689,16.515100479126,16.5525703430176,0,16.5525703430176,"Mexico"
2024-05-21,16.6065998077393,16.6824493408203,16.5786991119385,16.6065998077393,0,16.6065998077393,"Mexico"
2024-05-22,16.6616306304932,16.7314491271973,16.613899230957,16.6616306304932,0,16.6616306304932,"Mexico"
2024-05-23,16.7303695678711,16.7504196166992,16.6664009094238,16.7303695678711,0,16.7303695678711,"Mexico"
2024-05-26,16.6737995147705,16.6977996826172,16.6315002441406,16.6737995147705,0,16.6737995147705,"Mexico"
2024-05-27,16.6623592376709,16.7385997772217,16.6224002838135,16.6623592376709,0,16.6623592376709,"Mexico"
2024-05-28,16.781400680542,16.9844493865967,16.7362995147705,16.781400680542,0,16.781400680542,"Mexico"
2024-05-29,17.0175800323486,17.1251392364502,16.9064998626709,17.0175800323486,0,17.0175800323486,"Mexico"
2024-05-30,17.0058193206787,17.0682601928711,16.9064998626709,17.0058193206787,0,17.0058193206787,"Mexico"
2024-06-02,16.9726009368896,17.7107391357422,16.9069004058838,16.9726009368896,0,16.9726009368896,"Mexico"
2024-06-03,17.7004299163818,18.1493492126465,17.5375003814697,17.7004299163818,0,17.7004299163818,"Mexico"
2024-06-04,17.8119106292725,17.826150894165,17.4887008666992,17.8119106292725,0,17.8119106292725,"Mexico"
2024-06-05,17.5034999847412,17.6433696746826,17.4342002868652,17.5034999847412,0,17.5034999847412,"Mexico"
2024-06-06,17.8799591064453,18.3613204956055,17.8061408996582,17.8799591064453,0,17.8799591064453,"Mexico"
2024-06-09,18.3258495330811,18.6107406616211,18.2495994567871,18.3258495330811,0,18.3258495330811,"Mexico"
2024-06-10,18.5722103118896,18.5564994812012,18.2964992523193,18.5722103118896,0,18.5722103118896,"Mexico"
2024-06-11,18.5806198120117,18.9736194610596,18.5426998138428,18.5806198120117,0,18.5806198120117,"Mexico"
2024-06-12,18.7541408538818,18.8383197784424,18.5102996826172,18.7541408538818,0,18.7541408538818,"Mexico"
2024-06-13,18.4151802062988,18.6737308502197,18.381799697876,18.4151802062988,0,18.4151802062988,"Mexico"
2024-06-16,18.4557991027832,18.6287994384766,18.4171009063721,18.4557991027832,0,18.4557991027832,"Mexico"
2024-06-17,18.5209007263184,18.5543594360352,18.300760269165,18.5209007263184,0,18.5209007263184,"Mexico"
2024-06-18,18.3990993499756,18.471700668335,18.3619003295898,18.3990993499756,0,18.3990993499756,"Mexico"
2024-06-19,18.4274406433105,18.4580898284912,18.3656005859375,18.4274406433105,0,18.4274406433105,"Mexico"
2024-06-20,18.3423805236816,18.3619003295898,18.1780796051025,18.3423805236816,0,18.3423805236816,"Mexico"
2024-06-23,18.129789352417,18.1433296203613,17.993200302124,18.129789352417,0,18.129789352417,"Mexico"
2024-06-24,17.9447193145752,18.1948108673096,17.8819999694824,17.9447193145752,0,17.9447193145752,"Mexico"
2024-06-25,18.1112995147705,18.3182106018066,18.0555000305176,18.1112995147705,0,18.1112995147705,"Mexico"
2024-06-26,18.3010005950928,18.4508495330811,18.2682991027832,18.3010005950928,0,18.3010005950928,"Mexico"
2024-06-27,18.4297695159912,18.5799598693848,18.2355804443359,18.4297695159912,0,18.4297695159912,"Mexico"
2024-06-30,18.2653007507324,18.4430999755859,18.2525005340576,18.2653007507324,0,18.2653007507324,"Mexico"
2024-07-01,18.3663997650146,18.4891395568848,18.2075004577637,18.3663997650146,0,18.3663997650146,"Mexico"
2024-07-02,18.2521991729736,18.2979698181152,18.096399307251,18.2521991729736,0,18.2521991729736,"Mexico"
2024-07-03,18.1743602752686,18.1757392883301,18.0445995330811,18.1743602752686,0,18.1743602752686,"Mexico"
2024-07-04,18.0804004669189,18.1892509460449,18.0027503967285,18.0804004669189,0,18.0804004669189,"Mexico"
2024-07-07,18.0882797241211,18.1009101867676,17.9706993103027,18.0882797241211,0,18.0882797241211,"Mexico"
2024-07-08,17.9736003875732,18.0498504638672,17.9011001586914,17.9736003875732,0,17.9736003875732,"Mexico"
2024-07-09,17.8953399658203,17.8998394012451,17.7593994140625,17.8953399658203,0,17.8953399658203,"Mexico"
2024-07-10,17.8365306854248,17.883279800415,17.710319519043,17.8365306854248,0,17.8365306854248,"Mexico"
2024-07-11,17.7532596588135,17.8016700744629,17.636100769043,17.7532596588135,0,17.7532596588135,"Mexico"
2024-07-14,17.69873046875,17.8558101654053,17.6672992706299,17.69873046875,0,17.69873046875,"Mexico"
2024-07-15,17.715799331665,17.8048801422119,17.6403007507324,17.715799331665,0,17.715799331665,"Mexico"
2024-07-16,17.6504192352295,17.8052291870117,17.6246700286865,17.6504192352295,0,17.6504192352295,"Mexico"
2024-07-17,17.7201995849609,17.8656196594238,17.6858005523682,17.7201995849609,0,17.7201995849609,"Mexico"
2024-07-18,17.9584999084473,18.0274105072021,17.8222198486328,17.9584999084473,0,17.9584999084473,"Mexico"
2024-07-21,17.9706192016602,18.1067905426025,17.8852996826172,17.9706192016602,0,17.9706192016602,"Mexico"
2024-07-22,17.9305992126465,18.0981502532959,17.9171009063721,17.9305992126465,0,17.9305992126465,"Mexico"
2024-07-23,18.1631507873535,18.4221992492676,18.1439990997314,18.1631507873535,0,18.1631507873535,"Mexico"
2024-07-24,18.3603191375732,18.575080871582,18.3104000091553,18.3603191375732,0,18.3603191375732,"Mexico"
2024-07-25,18.4398994445801,18.4929504394531,18.2912998199463,18.4398994445801,0,18.4398994445801,"Mexico"
2024-07-28,18.4272994995117,18.7006607055664,18.4016990661621,18.4272994995117,0,18.4272994995117,"Mexico"
2024-07-29,18.6408996582031,18.8158493041992,18.5641994476318,18.6408996582031,0,18.6408996582031,"Mexico"
2024-07-30,18.752799987793,18.9412097930908,18.5714092254639,18.752799987793,0,18.752799987793,"Mexico"
2024-07-31,18.6400394439697,18.7216091156006,18.4292793273926,18.6400394439697,0,18.6400394439697,"Mexico"
2024-08-01,18.9237995147705,19.1746006011963,18.8719005584717,18.9237995147705,0,18.9237995147705,"Mexico"
2024-08-04,19.5284309387207,20.1477909088135,19.3722591400146,19.5284309387207,0,19.5284309387207,"Mexico"
2024-08-05,19.1950206756592,19.5087299346924,19.1388893127441,19.1950206756592,0,19.1950206756592,"Mexico"
2024-08-06,19.5837802886963,19.5881900787354,19.1065998077393,19.5837802886963,0,19.5837802886963,"Mexico"
2024-08-07,19.3347091674805,19.3547592163086,19.0820999145508,19.3347091674805,0,19.3347091674805,"Mexico"
2024-08-08,18.8602695465088,18.9112396240234,18.7726993560791,18.8602695465088,0,18.8602695465088,"Mexico"
2024-08-11,18.8221893310547,19.0506896972656,18.7775001525879,18.8221893310547,0,18.8221893310547,"Mexico"
2024-08-12,19.0597991943359,19.0923500061035,18.9221992492676,19.0597991943359,0,19.0597991943359,"Mexico"
2024-08-13,18.9980792999268,19.0146598815918,18.7982997894287,18.9980792999268,0,18.9980792999268,"Mexico"
2024-08-14,18.8117008209229,18.8381500244141,18.6280994415283,18.8117008209229,0,18.8117008209229,"Mexico"
2024-08-15,18.6361999511719,18.7413291931152,18.6005001068115,18.6361999511719,0,18.6361999511719,"Mexico"
2024-08-18,18.6258602142334,18.832540512085,18.5984001159668,18.6258602142334,0,18.6258602142334,"Mexico"
2024-08-19,18.6651096343994,18.9298496246338,18.642599105835,18.6651096343994,0,18.6651096343994,"Mexico"
2024-08-20,19.0098495483398,19.3112106323242,18.9167995452881,19.0098495483398,0,19.0098495483398,"Mexico"
2024-08-21,19.2771301269531,19.5284900665283,19.2639007568359,19.2771301269531,0,19.2771301269531,"Mexico"
2024-08-22,19.4902000427246,19.5237693786621,19.0214099884033,19.4902000427246,0,19.4902000427246,"Mexico"
2024-08-25,19.2122497558594,19.4112205505371,19.1389999389648,19.2122497558594,0,19.2122497558594,"Mexico"
2024-08-26,19.3745002746582,19.6920509338379,19.3397006988525,19.3745002746582,0,19.3745002746582,"Mexico"
2024-08-27,19.7707996368408,19.7819995880127,19.4259700775146,19.7707996368408,0,19.7707996368408,"Mexico"
2024-08-28,19.664400100708,19.9501399993896,19.5571002960205,19.664400100708,0,19.664400100708,"Mexico"
2024-08-29,19.8341999053955,19.8695392608643,19.6198997497559,19.8341999053955,0,19.8341999053955,"Mexico"
2024-09-01,19.699800491333,19.8049697875977,19.6142997741699,19.699800491333,0,19.699800491333,"Mexico"
2024-09-02,19.8363990783691,19.9784297943115,19.7159996032715,19.8363990783691,0,19.8363990783691,"Mexico"
2024-09-03,19.7954006195068,19.9148998260498,19.6620006561279,19.7954006195068,0,19.7954006195068,"Mexico"
2024-09-04,19.9487495422363,20.1460990905762,19.8893508911133,19.9487495422363,0,19.9487495422363,"Mexico"
2024-09-05,19.8813800811768,20.0748996734619,19.7492008209229,19.8813800811768,0,19.8813800811768,"Mexico"
2024-09-08,19.9402008056641,20.0097007751465,19.8089504241943,19.9402008056641,0,19.9402008056641,"Mexico"
2024-09-09,19.8913707733154,20.1297702789307,19.8707008361816,19.8913707733154,0,19.8913707733154,"Mexico"
2024-09-10,20.0894107818604,20.1415004730225,19.7689800262451,20.0894107818604,0,20.0894107818604,"Mexico"
2024-09-11,19.7959003448486,19.8370208740234,19.6007995605469,19.7959003448486,0,19.7959003448486,"Mexico"
2024-09-12,19.5207996368408,19.5643005371094,19.2196998596191,19.5207996368408,0,19.5207996368408,"Mexico"
2024-09-15,19.1522006988525,19.3837203979492,19.1459007263184,19.1522006988525,0,19.1522006988525,"Mexico"
2024-09-16,19.2056007385254,19.3995304107666,19.2005996704102,19.2056007385254,0,19.2056007385254,"Mexico"
2024-09-17,19.1155300140381,19.286060333252,19.0547008514404,19.1155300140381,0,19.1155300140381,"Mexico"
2024-09-18,19.2432708740234,19.3929405212402,19.1345996856689,19.2432708740234,0,19.2432708740234,"Mexico"
2024-09-19,19.2999992370605,19.4825305938721,19.2581996917725,19.2999992370605,0,19.2999992370605,"Mexico"
2024-09-22,19.3765602111816,19.4970798492432,19.3031997680664,19.3765602111816,0,19.3765602111816,"Mexico"
2024-09-23,19.4153995513916,19.4374809265137,19.2391490936279,19.4153995513916,0,19.4153995513916,"Mexico"
2024-09-24,19.3082008361816,19.6333103179932,19.2987003326416,19.3082008361816,0,19.3082008361816,"Mexico"
2024-09-25,19.6366004943848,19.6510696411133,19.4644508361816,19.6366004943848,0,19.6366004943848,"Mexico"
2024-09-26,19.6159191131592,19.6604404449463,19.5212001800537,19.6159191131592,0,19.6159191131592,"Mexico"
2024-09-29,19.630500793457,19.7349090576172,19.544900894165,19.630500793457,0,19.630500793457,"Mexico"
2024-09-30,19.6636009216309,19.7799491882324,19.6109008789062,19.6636009216309,0,19.6636009216309,"Mexico"
2024-10-01,19.6264400482178,19.6566505432129,19.3388404846191,19.6264400482178,0,19.6264400482178,"Mexico"
2024-10-02,19.4081993103027,19.5650005340576,19.3915996551514,19.4081993103027,0,19.4081993103027,"Mexico"
2024-10-03,19.3355007171631,19.3899097442627,19.1109790802002,19.3355007171631,0,19.3355007171631,"Mexico"
2024-10-06,19.2766799926758,19.422399520874,19.1868991851807,19.2766799926758,0,19.2766799926758,"Mexico"
2024-10-07,19.2896709442139,19.4422798156738,19.2224006652832,19.2896709442139,0,19.2896709442139,"Mexico"
2024-10-08,19.3453998565674,19.4426593780518,19.3059005737305,19.3453998565674,0,19.3453998565674,"Mexico"
2024-10-09,19.4674491882324,19.610279083252,19.4292297363281,19.4674491882324,0,19.4674491882324,"Mexico"
2024-10-10,19.4384002685547,19.4872493743896,19.3758907318115,19.4384002685547,0,19.4384002685547,"Mexico"
2024-10-13,19.29953956604,19.3661499023438,19.2264003753662,19.29953956604,0,19.29953956604,"Mexico"
2024-10-14,19.4259490966797,19.6674900054932,19.368200302124,19.4259490966797,0,19.4259490966797,"Mexico"
2024-10-15,19.6951007843018,19.9323291778564,19.6630992889404,19.6951007843018,0,19.6951007843018,"Mexico"
2024-10-16,19.8987007141113,20.0242290496826,19.8222999572754,19.8987007141113,0,19.8987007141113,"Mexico"
2024-10-17,19.8168106079102,19.8453502655029,19.6406993865967,19.8168106079102,0,19.8168106079102,"Mexico"
2024-10-20,19.8685607910156,20.0602607727051,19.8593997955322,19.8685607910156,0,19.8685607910156,"Mexico"
2024-10-21,19.9608001708984,19.9650707244873,19.7691097259521,19.9608001708984,0,19.9608001708984,"Mexico"
2024-10-22,19.9361991882324,20.0930004119873,19.9081001281738,19.9361991882324,0,19.9361991882324,"Mexico"
2024-10-23,19.8324604034424,19.8932991027832,19.7469005584717,19.8324604034424,0,19.8324604034424,"Mexico"
2024-10-24,19.8141994476318,19.9231491088867,19.7625007629395,19.8141994476318,0,19.8141994476318,"Mexico"
2024-10-28,19.946569442749,20.0898494720459,19.9361991882324,19.946569442749,0,19.946569442749,"Mexico"
2024-10-29,20.0287399291992,20.068660736084,19.9531993865967,20.0287399291992,0,20.0287399291992,"Mexico"
2024-10-30,20.0537796020508,20.217960357666,19.9934005737305,20.0537796020508,0,20.0537796020508,"Mexico"
2024-10-31,20.1639404296875,20.1816997528076,20.0207004547119,20.1639404296875,0,20.1639404296875,"Mexico"
2024-11-01,20.0506896972656,20.0770606994629,19.925910949707,20.0506896972656,0,20.0506896972656,"Mexico"
2024-11-04,20.0818195343018,20.165599822998,19.9470996856689,20.0818195343018,0,20.0818195343018,"Mexico"
2024-11-05,20.093900680542,20.3480892181396,20.07200050354,20.093900680542,0,20.093900680542,"Mexico"
2024-11-06,20.1315994262695,20.7994995117188,20.1347007751465,20.1315994262695,0,20.1315994262695,"Mexico"
2024-11-07,20.1670093536377,20.2028903961182,19.7602005004883,20.1670093536377,0,20.1670093536377,"Mexico"
2024-11-08,19.7935695648193,20.2276306152344,19.7665004730225,19.7935695648193,0,19.7935695648193,"Mexico"
2024-11-11,20.1375999450684,20.5629692077637,20.113899230957,20.1375999450684,0,20.1375999450684,"Mexico"
2024-11-12,20.3395004272461,20.6112899780273,20.338399887085,20.3395004272461,0,20.3395004272461,"Mexico"
2024-11-13,20.5827007293701,20.6452903747559,20.426399230957,20.5827007293701,0,20.5827007293701,"Mexico"
2024-11-14,20.5184001922607,20.6681499481201,20.4633293151855,20.5184001922607,0,20.5184001922607,"Mexico"
2024-11-15,20.4386005401611,20.4940204620361,20.3134002685547,20.4386005401611,0,20.4386005401611,"Mexico"
2024-11-18,20.3561706542969,20.4377307891846,20.2520008087158,20.3561706542969,0,20.3561706542969,"Mexico"
2024-11-19,20.2132892608643,20.3369598388672,20.1289005279541,20.2132892608643,0,20.2132892608643,"Mexico"
2024-11-20,20.1097202301025,20.3130207061768,20.0848007202148,20.1097202301025,0,20.1097202301025,"Mexico"
2024-11-21,20.2746200561523,20.4524402618408,20.2479000091553,20.2746200561523,0,20.2746200561523,"Mexico"
2024-11-22,20.414119720459,20.5413494110107,20.3631992340088,20.414119720459,0,20.414119720459,"Mexico"
2024-11-25,20.3508396148682,20.4418201446533,20.2381000518799,20.3508396148682,0,20.3508396148682,"Mexico"
2024-11-26,20.5804691314697,20.7465991973877,20.4358005523682,20.5804691314697,0,20.5804691314697,"Mexico"
2024-11-27,20.6525001525879,20.7776107788086,20.5928001403809,20.6525001525879,0,20.6525001525879,"Mexico"
2024-11-28,20.5981693267822,20.5991592407227,20.2012500762939,20.5981693267822,0,20.5981693267822,"Mexico"
2024-11-29,20.4361991882324,20.4664402008057,20.2481307983398,20.4361991882324,0,20.4361991882324,"Mexico"
2024-12-02,20.3806095123291,20.591739654541,20.379789352417,20.3786106109619,0,20.3786106109619,"Mexico"
2024-12-03,20.4069004058838,20.4235191345215,20.281400680542,20.4069004058838,0,20.4069004058838,"Mexico"
2024-12-04,20.3038997650146,20.3797492980957,20.2516002655029,20.3038997650146,0,20.3038997650146,"Mexico"
2024-12-05,20.3086395263672,20.3067607879639,20.1546993255615,20.3086395263672,0,20.3086395263672,"Mexico"
2024-12-06,20.1917991638184,20.24587059021,20.0965003967285,20.1917991638184,0,20.1917991638184,"Mexico"
2024-12-09,20.1709003448486,20.204610824585,20.0993995666504,20.1709003448486,0,20.1709003448486,"Mexico"
2024-12-10,20.2458992004395,20.3199806213379,20.1389007568359,20.2458992004395,0,20.2458992004395,"Mexico"
2024-12-11,20.1607608795166,20.2551803588867,20.1208190917969,20.1607608795166,0,20.1607608795166,"Mexico"
2024-12-12,20.114200592041,20.2145309448242,20.0874004364014,20.114200592041,0,20.114200592041,"Mexico"
2024-12-13,20.1910991668701,20.2545795440674,20.1077995300293,20.1910991668701,0,20.1910991668701,"Mexico"
2024-12-16,20.1054191589355,20.2052993774414,20.0824203491211,20.1054191589355,0,20.1054191589355,"Mexico"
2024-12-17,20.1338195800781,20.2717800140381,20.0872993469238,20.1338195800781,0,20.1338195800781,"Mexico"
2024-12-18,20.1737499237061,20.208869934082,20.0734806060791,20.1737499237061,0,20.1737499237061,"Mexico"
2024-12-19,20.3747005462646,20.5030002593994,20.2992000579834,20.3747005462646,0,20.3747005462646,"Mexico"
2024-12-20,20.3339996337891,20.3504009246826,20.0536499023438,20.3339996337891,0,20.3339996337891,"Mexico"
2024-12-23,20.0634307861328,20.2194499969482,20.0361995697021,20.0634307861328,0,20.0634307861328,"Mexico"
2024-12-24,20.1693000793457,20.2101192474365,20.1100006103516,20.1693000793457,0,20.1693000793457,"Mexico"
2024-12-25,20.1537990570068,20.1599006652832,20.1446990966797,20.1537990570068,0,20.1537990570068,"Mexico"
2024-12-26,20.1566390991211,20.1985607147217,20.1229991912842,20.1566390991211,0,20.1566390991211,"Mexico"
2024-12-27,20.2047996520996,20.3984699249268,20.1879005432129,20.2047996520996,0,20.2047996520996,"Mexico"
2024-12-30,20.3131694793701,20.5641708374023,20.3094997406006,20.3131694793701,0,20.3131694793701,"Mexico"
2024-12-31,20.6322002410889,20.8759899139404,20.6326007843018,20.6322002410889,0,20.6322002410889,"Mexico"
