"date","USDPHP.X.Open","USDPHP.X.High","USDPHP.X.Low","USDPHP.X.Close","USDPHP.X.Volume","USDPHP.X.Adjusted","country"
2010-01-04,46.0099983215332,46.0099983215332,45.068000793457,45.8549995422363,0,45.8549995422363,"Philippines"
2010-01-05,45.6749992370605,45.9000015258789,45.6459999084473,45.8499984741211,0,45.8499984741211,"Philippines"
2010-01-06,45.076000213623,45.9799995422363,45.076000213623,45.75,0,45.75,"Philippines"
2010-01-07,44.8860015869141,45.9249992370605,44.8860015869141,45.7249984741211,0,45.7249984741211,"Philippines"
2010-01-08,45.7550010681152,45.8839988708496,45.560001373291,45.6650009155273,0,45.6650009155273,"Philippines"
2010-01-11,45.4099998474121,45.6580009460449,45.3110008239746,45.3499984741211,0,45.3499984741211,"Philippines"
2010-01-12,45.5299987792969,45.6049995422363,45.3089981079102,45.3499984741211,0,45.3499984741211,"Philippines"
2010-01-13,45.6580009460449,45.75,45.4609985351562,45.6349983215332,0,45.6349983215332,"Philippines"
2010-01-14,45.6399993896484,45.6399993896484,45.5120010375977,45.5499992370605,0,45.5499992370605,"Philippines"
2010-01-15,45.7200012207031,45.7449989318848,45.5830001831055,45.7449989318848,0,45.7449989318848,"Philippines"
2010-01-18,45.7750015258789,45.8199996948242,45.6650009155273,45.7949981689453,0,45.7949981689453,"Philippines"
2010-01-19,45.7449989318848,46.0530014038086,45.6580009460449,45.875,0,45.875,"Philippines"
2010-01-20,45.9329986572266,46.0499992370605,45.7099990844727,46.0250015258789,0,46.0250015258789,"Philippines"
2010-01-21,46.0250015258789,46.0750007629395,45.7099990844727,46.0750007629395,0,46.0750007629395,"Philippines"
2010-01-22,46.0750007629395,46.25,45.7050018310547,46.25,0,46.25,"Philippines"
2010-01-25,46.25,46.4020004272461,45.3889999389648,45.3889999389648,0,45.3889999389648,"Philippines"
2010-01-26,46.4900016784668,46.7830009460449,46.0309982299805,46.4900016784668,0,46.4900016784668,"Philippines"
2010-01-27,46.5880012512207,46.6199989318848,46.0340003967285,46.4249992370605,0,46.4249992370605,"Philippines"
2010-01-28,46.5880012512207,46.6450004577637,46.0180015563965,46.0180015563965,0,46.0180015563965,"Philippines"
2010-01-29,46.5750007629395,46.6100006103516,46.2509994506836,46.564998626709,0,46.564998626709,"Philippines"
2010-02-01,46.5880012512207,46.5880012512207,46.060001373291,46.5550003051758,0,46.5550003051758,"Philippines"
2010-02-02,46.3899993896484,46.5880012512207,46.0200004577637,46.25,0,46.25,"Philippines"
2010-02-03,46.1980018615723,46.5880012512207,45.7050018310547,46.0999984741211,0,46.0999984741211,"Philippines"
2010-02-04,46.0550003051758,46.3800010681152,45.7039985656738,46.3499984741211,0,46.3499984741211,"Philippines"
2010-02-05,46.5880012512207,46.5880012512207,46.0299987792969,46.5,0,46.5,"Philippines"
2010-02-08,46.439998626709,46.5880012512207,46.2999992370605,46.2999992370605,0,46.2999992370605,"Philippines"
2010-02-09,46.4650001525879,46.5579986572266,46.0219993591309,46.25,0,46.25,"Philippines"
2010-02-10,46.3250007629395,46.5880012512207,46.0810012817383,46.25,0,46.25,"Philippines"
2010-02-11,46.1500015258789,46.3450012207031,46.0250015258789,46.0499992370605,0,46.0499992370605,"Philippines"
2010-02-12,46.1949996948242,46.4000015258789,46.0279998779297,46.3499984741211,0,46.3499984741211,"Philippines"
2010-02-15,46.2430000305176,46.2449989318848,46.048999786377,46.2449989318848,0,46.2449989318848,"Philippines"
2010-02-16,46.0800018310547,46.0830001831055,45.8629989624023,45.9500007629395,0,45.9500007629395,"Philippines"
2010-02-17,46.5880012512207,46.8580017089844,45.8289985656738,45.9249992370605,0,45.9249992370605,"Philippines"
2010-02-18,45.9900016784668,46.1500015258789,45.826000213623,46.0499992370605,0,46.0499992370605,"Philippines"
2010-02-19,46.2400016784668,46.2400016784668,45.8779983520508,46,0,46,"Philippines"
2010-02-22,46.0900001525879,46.0999984741211,45.9480018615723,46.0999984741211,0,46.0999984741211,"Philippines"
2010-02-23,45.9850006103516,46.1500015258789,45.8790016174316,46.0250015258789,0,46.0250015258789,"Philippines"
2010-02-24,46.0750007629395,46.0950012207031,45.8769989013672,45.9949989318848,0,45.9949989318848,"Philippines"
2010-02-25,46.2249984741211,46.2700004577637,45.9809989929199,46.0999984741211,0,46.0999984741211,"Philippines"
2010-02-26,46.0330009460449,46.2000007629395,45.923999786377,46.0999984741211,0,46.0999984741211,"Philippines"
2010-03-01,46.0250015258789,46.1800003051758,45.8580017089844,46.0999984741211,0,46.0999984741211,"Philippines"
2010-03-02,46.0099983215332,46.1500015258789,45.875,46.0999984741211,0,46.0999984741211,"Philippines"
2010-03-03,45.9329986572266,46.0999984741211,45.810001373291,45.9000015258789,0,45.9000015258789,"Philippines"
2010-03-04,45.9480018615723,46.0499992370605,45.8759994506836,45.9000015258789,0,45.9000015258789,"Philippines"
2010-03-05,45.9700012207031,45.9700012207031,45.7789993286133,45.9000015258789,0,45.9000015258789,"Philippines"
2010-03-08,45.7649993896484,45.9070014953613,45.625,45.6500015258789,0,45.6500015258789,"Philippines"
2010-03-09,45.6209983825684,45.8489990234375,45.5769996643066,45.6500015258789,0,45.6500015258789,"Philippines"
2010-03-10,45.5229988098145,45.6599998474121,45.4000015258789,45.5800018310547,0,45.5800018310547,"Philippines"
2010-03-11,45.6199989318848,45.7999992370605,45.4799995422363,45.5,0,45.5,"Philippines"
2010-03-12,45.5200004577637,45.564998626709,45.3520011901855,45.560001373291,0,45.560001373291,"Philippines"
2010-03-15,45.6529998779297,45.7449989318848,45.439998626709,45.7449989318848,0,45.7449989318848,"Philippines"
2010-03-16,45.6549987792969,45.6699981689453,45.4500007629395,45.5999984741211,0,45.5999984741211,"Philippines"
2010-03-17,45.4309997558594,45.5999984741211,45.4000015258789,45.4000015258789,0,45.4000015258789,"Philippines"
2010-03-18,44.8269996643066,45.6100006103516,44.8120002746582,45.6100006103516,0,45.6100006103516,"Philippines"
2010-03-19,45.439998626709,45.6100006103516,45.359001159668,45.4599990844727,0,45.4599990844727,"Philippines"
2010-03-22,45.5999984741211,45.8530006408691,45.3569984436035,45.5,0,45.5,"Philippines"
2010-03-23,45.6870002746582,45.6870002746582,45.4420013427734,45.6199989318848,0,45.6199989318848,"Philippines"
2010-03-24,45.5050010681152,45.6199989318848,45.390998840332,45.5999984741211,0,45.5999984741211,"Philippines"
2010-03-25,44.6549987792969,45.6500015258789,44.6539993286133,45.5449981689453,0,45.5449981689453,"Philippines"
2010-03-26,45.4379997253418,45.5,45.3549995422363,45.4500007629395,0,45.4500007629395,"Philippines"
2010-03-28,45.3849983215332,45.4500007629395,45.0999984741211,45.1500015258789,0,45.1500015258789,"Philippines"
2010-03-29,44.3089981079102,45.3199996948242,44.3089981079102,45.2000007629395,0,45.2000007629395,"Philippines"
2010-03-30,45.2099990844727,45.2099990844727,44.9669990539551,45,0,45,"Philippines"
2010-03-31,45.0849990844727,45.0849990844727,44.7799987792969,44.9599990844727,0,44.9599990844727,"Philippines"
2010-04-01,43.9500007629395,44.8250007629395,43.9500007629395,44.75,0,44.75,"Philippines"
2010-04-04,44.8250007629395,45.9000015258789,44.8250007629395,45.9000015258789,0,45.9000015258789,"Philippines"
2010-04-05,44.8250007629395,44.9000015258789,44.6749992370605,44.8499984741211,0,44.8499984741211,"Philippines"
2010-04-06,44.6749992370605,44.8600006103516,44.6269989013672,44.7000007629395,0,44.7000007629395,"Philippines"
2010-04-07,43.8460006713867,44.939998626709,43.8460006713867,44.9000015258789,0,44.9000015258789,"Philippines"
2010-04-08,44.7099990844727,44.7700004577637,44.492000579834,44.6500015258789,0,44.6500015258789,"Philippines"
2010-04-11,44.625,44.75,44.5779991149902,44.617000579834,0,44.617000579834,"Philippines"
2010-04-12,44.6450004577637,44.685001373291,44.5009994506836,44.6450004577637,0,44.6450004577637,"Philippines"
2010-04-13,44.4169998168945,44.4169998168945,43.9199981689453,44.2999992370605,0,44.2999992370605,"Philippines"
2010-04-14,44.2200012207031,44.4500007629395,44.2019996643066,44.25,0,44.25,"Philippines"
2010-04-15,44.3699989318848,44.4049987792969,44.1590003967285,44.2099990844727,0,44.2099990844727,"Philippines"
2010-04-18,44.5099983215332,44.5900001525879,44.4780006408691,44.5050010681152,0,44.5050010681152,"Philippines"
2010-04-19,44.4900016784668,44.5499992370605,44.4010009765625,44.4300003051758,0,44.4300003051758,"Philippines"
2010-04-20,44.2799987792969,44.4000015258789,44.1650009155273,44.2999992370605,0,44.2999992370605,"Philippines"
2010-04-21,44.2849998474121,44.4000015258789,44.181999206543,44.4000015258789,0,44.4000015258789,"Philippines"
2010-04-22,44.3250007629395,44.3250007629395,44.140998840332,44.2000007629395,0,44.2000007629395,"Philippines"
2010-04-25,44.1049995422363,44.2000007629395,44.0289993286133,44.1049995422363,0,44.1049995422363,"Philippines"
2010-04-26,44.185001373291,44.4949989318848,44.1349983215332,44.4949989318848,0,44.4949989318848,"Philippines"
2010-04-27,43.8380012512207,44.7700004577637,43.8380012512207,44.6749992370605,0,44.6749992370605,"Philippines"
2010-04-28,44.5200004577637,44.6199989318848,44.3139991760254,44.5999984741211,0,44.5999984741211,"Philippines"
2010-04-29,44.439998626709,44.4799995422363,44.3030014038086,44.4500007629395,0,44.4500007629395,"Philippines"
2010-05-02,44.4000015258789,44.5999984741211,44.3470001220703,44.5200004577637,0,44.5200004577637,"Philippines"
2010-05-03,44.382999420166,44.6500015258789,44.3190002441406,44.6500015258789,0,44.6500015258789,"Philippines"
2010-05-04,44.9300003051758,45.2000007629395,44.3950004577637,45.1500015258789,0,45.1500015258789,"Philippines"
2010-05-05,45.2099990844727,45.3849983215332,44.8549995422363,45.3499984741211,0,45.3499984741211,"Philippines"
2010-05-06,45.5849990844727,45.6399993896484,45.2980003356934,45.5999984741211,0,45.5999984741211,"Philippines"
2010-05-09,45.6300010681152,45.6300010681152,44.7879981994629,44.9049987792969,0,44.9049987792969,"Philippines"
2010-05-10,44.9099998474121,45.0400009155273,44.7830009460449,44.9000015258789,0,44.9000015258789,"Philippines"
2010-05-11,44.9949989318848,45.0299987792969,44.7630004882812,44.8499984741211,0,44.8499984741211,"Philippines"
2010-05-12,44.8250007629395,44.8250007629395,43.7529983520508,44.6500015258789,0,44.6500015258789,"Philippines"
2010-05-13,44.6049995422363,45.0999984741211,44.5419998168945,45.0999984741211,0,45.0999984741211,"Philippines"
2010-05-16,45.0970001220703,45.1699981689453,44.9879989624023,45.0499992370605,0,45.0499992370605,"Philippines"
2010-05-17,45.2000007629395,45.2000007629395,44.9889984130859,45.1800003051758,0,45.1800003051758,"Philippines"
2010-05-18,45.4500007629395,45.8650016784668,45.3800010681152,45.3860015869141,0,45.3860015869141,"Philippines"
2010-05-19,45.8300018310547,45.9949989318848,45.765998840332,45.9500007629395,0,45.9500007629395,"Philippines"
2010-05-20,46.3950004577637,46.4799995422363,46.1759986877441,46.4000015258789,0,46.4000015258789,"Philippines"
2010-05-23,45.5099983215332,46.5499992370605,45.5099983215332,46.5,0,46.5,"Philippines"
2010-05-24,46.8800010681152,47.3209991455078,46.7869987487793,47.3209991455078,0,47.3209991455078,"Philippines"
2010-05-25,46.6549987792969,46.7249984741211,46.3429985046387,46.4049987792969,0,46.4049987792969,"Philippines"
2010-05-26,46.4440002441406,46.6500015258789,46.1139984130859,46.1800003051758,0,46.1800003051758,"Philippines"
2010-05-27,46.1450004577637,46.1699981689453,45.9799995422363,46.0999984741211,0,46.0999984741211,"Philippines"
2010-05-30,46.1699981689453,46.2249984741211,46.0929985046387,46.185001373291,0,46.185001373291,"Philippines"
2010-05-31,46.3499984741211,46.6349983215332,46.2849998474121,46.5499992370605,0,46.5499992370605,"Philippines"
2010-06-01,46.5849990844727,46.734001159668,46.507999420166,46.7000007629395,0,46.7000007629395,"Philippines"
2010-06-02,46.3050003051758,46.5,46.2080001831055,46.5,0,46.5,"Philippines"
2010-06-03,46.3300018310547,46.4949989318848,46.0940017700195,46.25,0,46.25,"Philippines"
2010-06-06,46.7400016784668,46.7400016784668,46.6069984436035,46.6800003051758,0,46.6800003051758,"Philippines"
2010-06-07,46.6150016784668,46.6800003051758,46.4280014038086,46.6300010681152,0,46.6300010681152,"Philippines"
2010-06-08,46.5200004577637,46.5400009155273,46.3730010986328,46.4500007629395,0,46.4500007629395,"Philippines"
2010-06-09,46.564998626709,46.625,46.310001373291,46.375,0,46.375,"Philippines"
2010-06-10,46.3800010681152,46.5349998474121,46.3139991760254,46.4500007629395,0,46.4500007629395,"Philippines"
2010-06-13,46.5400009155273,46.5400009155273,46.076000213623,46.3499984741211,0,46.3499984741211,"Philippines"
2010-06-14,46.2750015258789,46.4000015258789,46,46.0099983215332,0,46.0099983215332,"Philippines"
2010-06-15,46.0499992370605,46.1500015258789,45.9640007019043,46.1199989318848,0,46.1199989318848,"Philippines"
2010-06-16,46.1150016784668,46.1650009155273,45.8759994506836,45.9500007629395,0,45.9500007629395,"Philippines"
2010-06-17,45.7949981689453,45.8600006103516,45.7029991149902,45.7999992370605,0,45.7999992370605,"Philippines"
2010-06-20,45.4049987792969,45.640998840332,45.2550010681152,45.4500007629395,0,45.4500007629395,"Philippines"
2010-06-21,45.4700012207031,45.810001373291,45.4090003967285,45.7999992370605,0,45.7999992370605,"Philippines"
2010-06-22,45.7700004577637,46.125,45.7120018005371,46.125,0,46.125,"Philippines"
2010-06-23,45.9749984741211,46.3400001525879,45.9109992980957,46.3300018310547,0,46.3300018310547,"Philippines"
2010-06-24,46.2599983215332,46.4500007629395,46.0499992370605,46.0499992370605,0,46.0499992370605,"Philippines"
2010-06-27,46.1749992370605,46.3899993896484,46.1150016784668,46.3699989318848,0,46.3699989318848,"Philippines"
2010-06-28,46.3549995422363,46.4749984741211,46.132999420166,46.25,0,46.25,"Philippines"
2010-06-29,46.3400001525879,46.4249992370605,46.1339988708496,46.3800010681152,0,46.3800010681152,"Philippines"
2010-06-30,46.4700012207031,46.4939994812012,46.265998840332,46.3950004577637,0,46.3950004577637,"Philippines"
2010-07-01,46.314998626709,46.5,46.2840003967285,46.4799995422363,0,46.4799995422363,"Philippines"
2010-07-04,46.375,46.375,46.2760009765625,46.3349990844727,0,46.3349990844727,"Philippines"
2010-07-05,46.4150009155273,46.4420013427734,46.1910018920898,46.3499984741211,0,46.3499984741211,"Philippines"
2010-07-06,46.4099998474121,46.5499992370605,46.2200012207031,46.2200012207031,0,46.2200012207031,"Philippines"
2010-07-07,46.2700004577637,46.4199981689453,46.1980018615723,46.4199981689453,0,46.4199981689453,"Philippines"
2010-07-08,46.1180000305176,46.1699981689453,46.0040016174316,46.1699981689453,0,46.1699981689453,"Philippines"
2010-07-11,46.1199989318848,46.185001373291,46.0610008239746,46.185001373291,0,46.185001373291,"Philippines"
2010-07-12,46.2130012512207,46.3499984741211,46.0750007629395,46.2000007629395,0,46.2000007629395,"Philippines"
2010-07-13,46.1049995422363,46.2299995422363,46.0620002746582,46.2000007629395,0,46.2000007629395,"Philippines"
2010-07-14,46.2099990844727,46.375,46.140998840332,46.375,0,46.375,"Philippines"
2010-07-15,46.2360000610352,46.3950004577637,46.0989990234375,46.2799987792969,0,46.2799987792969,"Philippines"
2010-07-18,46.3759994506836,46.3899993896484,46.2639999389648,46.3300018310547,0,46.3300018310547,"Philippines"
2010-07-19,46.2949981689453,46.4500007629395,46.1940002441406,46.3800010681152,0,46.3800010681152,"Philippines"
2010-07-20,46.4300003051758,46.439998626709,46.3050003051758,46.4150009155273,0,46.4150009155273,"Philippines"
2010-07-21,46.5449981689453,46.5449981689453,46.1829986572266,46.439998626709,0,46.439998626709,"Philippines"
2010-07-22,46.2999992370605,46.439998626709,46.1430015563965,46.4300003051758,0,46.4300003051758,"Philippines"
2010-07-25,46.1349983215332,46.4300003051758,45.8339996337891,45.8849983215332,0,45.8849983215332,"Philippines"
2010-07-26,45.8650016784668,45.8709983825684,45.6580009460449,45.7249984741211,0,45.7249984741211,"Philippines"
2010-07-27,45.8050003051758,45.9000015258789,45.6769981384277,45.8800010681152,0,45.8800010681152,"Philippines"
2010-07-28,45.7050018310547,45.9599990844727,45.5629997253418,45.9000015258789,0,45.9000015258789,"Philippines"
2010-07-29,45.4949989318848,45.5200004577637,45.3419990539551,45.4500007629395,0,45.4500007629395,"Philippines"
2010-08-01,45.2350006103516,45.2350006103516,45.1539993286133,45.2099990844727,0,45.2099990844727,"Philippines"
2010-08-02,45.1150016784668,45.125,44.8730010986328,45,0,45,"Philippines"
2010-08-03,45.1100006103516,45.1230010986328,44.992000579834,45,0,45,"Philippines"
2010-08-04,45.1300010681152,45.1300010681152,44.8569984436035,45.1599998474121,0,45.1599998474121,"Philippines"
2010-08-05,44.7750015258789,44.8899993896484,44.7200012207031,44.9749984741211,0,44.9749984741211,"Philippines"
2010-08-08,44.810001373291,44.9000015258789,44.7430000305176,44.7249984741211,0,44.7249984741211,"Philippines"
2010-08-09,44.9550018310547,45.0449981689453,44.7330017089844,44.8349990844727,0,44.8349990844727,"Philippines"
2010-08-10,44.8800010681152,45.2849998474121,44.8300018310547,44.8600006103516,0,44.8600006103516,"Philippines"
2010-08-11,45.3650016784668,45.3650016784668,45.1559982299805,45.2000007629395,0,45.2000007629395,"Philippines"
2010-08-12,45.1199989318848,45.2999992370605,44.9869995117188,45.3499984741211,0,45.3499984741211,"Philippines"
2010-08-15,45.4150009155273,45.4150009155273,45.1599998474121,45.2649993896484,0,45.2649993896484,"Philippines"
2010-08-16,45.0750007629395,45.0950012207031,44.9869995117188,45.2550010681152,0,45.2550010681152,"Philippines"
2010-08-17,45.0499992370605,45.1450004577637,44.8919982910156,45.0849990844727,0,45.0849990844727,"Philippines"
2010-08-18,44.7900009155273,44.9300003051758,44.7330017089844,44.9500007629395,0,44.9500007629395,"Philippines"
2010-08-19,44.8730010986328,45.0999984741211,44.7849998474121,44.8349990844727,0,44.8349990844727,"Philippines"
2010-08-22,44.9199981689453,45.0709991455078,44.7799987792969,45.0349998474121,0,45.0349998474121,"Philippines"
2010-08-23,44.9900016784668,45.4700012207031,44.9900016784668,44.9749984741211,0,44.9749984741211,"Philippines"
2010-08-24,45.2999992370605,45.3499984741211,45.0999984741211,45.3950004577637,0,45.3950004577637,"Philippines"
2010-08-25,45.0349998474121,45.1500015258789,44.9570007324219,45.3050003051758,0,45.3050003051758,"Philippines"
2010-08-26,45.1599998474121,45.2099990844727,44.9290008544922,45.0550003051758,0,45.0550003051758,"Philippines"
2010-08-29,44.8849983215332,45.0950012207031,44.8289985656738,44.9650001525879,0,44.9650001525879,"Philippines"
2010-08-30,45.2249984741211,45.3199996948242,45.0379981994629,45.0950012207031,0,45.0950012207031,"Philippines"
2010-08-31,45.0299987792969,45.1920013427734,44.7649993896484,45.2299995422363,0,45.2299995422363,"Philippines"
2010-09-01,44.935001373291,44.935001373291,44.7080001831055,45.0499992370605,0,45.0499992370605,"Philippines"
2010-09-02,44.6749992370605,44.6940002441406,44.2830009460449,44.7999992370605,0,44.7999992370605,"Philippines"
2010-09-05,44.3050003051758,44.3499984741211,44.189998626709,44.3650016784668,0,44.3650016784668,"Philippines"
2010-09-06,44.2900009155273,44.5299987792969,44.2239990234375,44.2999992370605,0,44.2999992370605,"Philippines"
2010-09-07,44.3699989318848,44.3699989318848,44.0279998779297,44.5,0,44.5,"Philippines"
2010-09-08,43.9850006103516,44.1150016784668,43.8979988098145,44.1800003051758,0,44.1800003051758,"Philippines"
2010-09-09,43.9449996948242,43.9799995422363,43.7379989624023,43.9650001525879,0,43.9650001525879,"Philippines"
2010-09-12,43.8250007629395,44.0849990844727,43.7140007019043,43.9099998474121,0,43.9099998474121,"Philippines"
2010-09-13,44.1349983215332,44.2249984741211,43.9780006408691,43.9799995422363,0,43.9799995422363,"Philippines"
2010-09-14,44.2550010681152,44.2550010681152,44.0180015563965,44.1100006103516,0,44.1100006103516,"Philippines"
2010-09-15,44.2799987792969,44.2799987792969,44.0719985961914,44.1300010681152,0,44.1300010681152,"Philippines"
2010-09-16,44.1150016784668,44.1800003051758,43.9630012512207,44.2000007629395,0,44.2000007629395,"Philippines"
2010-09-19,44.0900001525879,44.0900001525879,43.8730010986328,44.125,0,44.125,"Philippines"
2010-09-20,43.8950004577637,43.9599990844727,43.7859992980957,44,0,44,"Philippines"
2010-09-21,43.7350006103516,43.9500007629395,43.6510009765625,43.8499984741211,0,43.8499984741211,"Philippines"
2010-09-22,43.875,44.0250015258789,43.7820014953613,43.8699989318848,0,43.8699989318848,"Philippines"
2010-09-23,43.9379997253418,43.9850006103516,43.6800003051758,43.9749984741211,0,43.9749984741211,"Philippines"
2010-09-26,43.8400001525879,43.8400001525879,43.6599998474121,43.7249984741211,0,43.7249984741211,"Philippines"
2010-09-27,43.8549995422363,44.0349998474121,43.7960014343262,43.7799987792969,0,43.7799987792969,"Philippines"
2010-09-28,43.7900009155273,43.8450012207031,43.681999206543,43.9000015258789,0,43.9000015258789,"Philippines"
2010-09-29,43.8450012207031,43.875,43.6380004882812,43.7799987792969,0,43.7799987792969,"Philippines"
2010-09-30,43.7799987792969,43.7849998474121,43.560001373291,43.810001373291,0,43.810001373291,"Philippines"
2010-10-03,43.6199989318848,43.6650009155273,43.4589996337891,43.685001373291,0,43.685001373291,"Philippines"
2010-10-04,43.7350006103516,43.7599983215332,43.439998626709,43.7299995422363,0,43.7299995422363,"Philippines"
2010-10-05,43.3650016784668,43.4199981689453,43.2700004577637,43.5499992370605,0,43.5499992370605,"Philippines"
2010-10-06,43.314998626709,43.4550018310547,43.1020011901855,43.3800010681152,0,43.3800010681152,"Philippines"
2010-10-07,43.2449989318848,43.4049987792969,43.1500015258789,43.4000015258789,0,43.4000015258789,"Philippines"
2010-10-10,43.4150009155273,43.5149993896484,43.3349990844727,43.1949996948242,0,43.1949996948242,"Philippines"
2010-10-11,43.5200004577637,43.6549987792969,43.4440002441406,43.5299987792969,0,43.5299987792969,"Philippines"
2010-10-12,43.4249992370605,43.4389991760254,43.1969985961914,43.5800018310547,0,43.5800018310547,"Philippines"
2010-10-13,43.1650009155273,43.2799987792969,43.0200004577637,43.2700004577637,0,43.2700004577637,"Philippines"
2010-10-14,43.1749992370605,43.2900009155273,43.0190010070801,43.1749992370605,0,43.1749992370605,"Philippines"
2010-10-17,43.1549987792969,43.2200012207031,43.064998626709,43.1549987792969,0,43.1549987792969,"Philippines"
2010-10-18,43.3950004577637,43.4949989318848,43.2210006713867,43.2099990844727,0,43.2099990844727,"Philippines"
2010-10-19,43.4650001525879,43.4650001525879,43.1459999084473,43.4000015258789,0,43.4000015258789,"Philippines"
2010-10-20,43.2400016784668,43.25,43.0610008239746,43.2400016784668,0,43.2400016784668,"Philippines"
2010-10-21,43.1749992370605,43.2999992370605,43.0509986877441,43.25,0,43.25,"Philippines"
2010-10-24,43.0849990844727,43.0849990844727,42.8720016479492,43.0950012207031,0,43.0950012207031,"Philippines"
2010-10-25,43.060001373291,43.1500015258789,42.9129981994629,42.9500007629395,0,42.9500007629395,"Philippines"
2010-10-26,43.1100006103516,43.1699981689453,42.9980010986328,43.0999984741211,0,43.0999984741211,"Philippines"
2010-10-27,42.9749984741211,43.0149993896484,42.8800010681152,43.189998626709,0,43.189998626709,"Philippines"
2010-10-28,42.935001373291,43.1080017089844,42.7550010681152,42.9500007629395,0,42.9500007629395,"Philippines"
2010-11-01,42.9199981689453,42.9199981689453,42.4500007629395,42.7999992370605,0,42.7999992370605,"Philippines"
2010-11-02,42.6800003051758,42.6800003051758,42.4630012512207,42.7999992370605,0,42.7999992370605,"Philippines"
2010-11-03,42.4650001525879,42.4650001525879,42.2630004882812,42.5499992370605,0,42.5499992370605,"Philippines"
2010-11-04,42.3499984741211,42.4150009155273,42,42.4500007629395,0,42.4500007629395,"Philippines"
2010-11-05,42.6049995422363,42.6199989318848,42.3390007019043,42.2900009155273,0,42.2900009155273,"Philippines"
2010-11-08,42.9249992370605,43.1450004577637,42.9220008850098,42.5800018310547,0,42.5800018310547,"Philippines"
2010-11-09,43.1949996948242,43.2949981689453,43.0299987792969,43.0499992370605,0,43.0499992370605,"Philippines"
2010-11-10,43.2099990844727,43.3300018310547,43.1419982910156,43.0499992370605,0,43.0499992370605,"Philippines"
2010-11-11,43.5900001525879,43.814998626709,43.398998260498,43.2000007629395,0,43.2000007629395,"Philippines"
2010-11-12,43.8349990844727,43.8380012512207,43.5470008850098,43.7000007629395,0,43.7000007629395,"Philippines"
2010-11-15,43.685001373291,43.814998626709,43.6049995422363,43.685001373291,0,43.685001373291,"Philippines"
2010-11-16,43.6749992370605,43.7410011291504,43.4959983825684,43.7000007629395,0,43.7000007629395,"Philippines"
2010-11-17,43.7019996643066,43.8950004577637,43.6780014038086,43.6800003051758,0,43.6800003051758,"Philippines"
2010-11-18,43.6300010681152,43.6300010681152,43.4389991760254,43.7999992370605,0,43.7999992370605,"Philippines"
2010-11-19,43.625,43.7249984741211,43.4830017089844,43.4500007629395,0,43.4500007629395,"Philippines"
2010-11-22,43.8250007629395,43.9500007629395,43.7050018310547,43.6100006103516,0,43.6100006103516,"Philippines"
2010-11-23,44.0550003051758,44.0950012207031,43.9630012512207,43.9900016784668,0,43.9900016784668,"Philippines"
2010-11-24,44.0200004577637,44.1599998474121,43.8689994812012,44.2599983215332,0,44.2599983215332,"Philippines"
2010-11-25,43.9500007629395,44.0099983215332,43.8699989318848,43.9799995422363,0,43.9799995422363,"Philippines"
2010-11-26,44.2099990844727,44.2550010681152,44.0219993591309,44.0099983215332,0,44.0099983215332,"Philippines"
2010-11-29,44.0499992370605,44.2249984741211,43.9809989929199,44.0499992370605,0,44.0499992370605,"Philippines"
2010-11-30,43.9700012207031,44.1520004272461,43.8470001220703,44.25,0,44.25,"Philippines"
2010-12-01,43.7000007629395,43.7000007629395,43.4539985656738,44.0499992370605,0,44.0499992370605,"Philippines"
2010-12-02,43.7299995422363,43.7550010681152,43.5279998779297,43.5,0,43.5,"Philippines"
2010-12-03,43.8600006103516,43.8600006103516,43.5830001831055,43.6500015258789,0,43.6500015258789,"Philippines"
2010-12-06,43.7449989318848,43.7599983215332,43.5499992370605,43.6399993896484,0,43.6399993896484,"Philippines"
2010-12-07,43.5800018310547,43.6440010070801,43.3559989929199,43.7599983215332,0,43.7599983215332,"Philippines"
2010-12-08,43.6699981689453,43.7099990844727,43.5099983215332,43.5800018310547,0,43.5800018310547,"Philippines"
2010-12-09,43.5900001525879,43.6049995422363,43.4879989624023,43.5999984741211,0,43.5999984741211,"Philippines"
2010-12-10,43.5499992370605,43.6300010681152,43.4169998168945,43.560001373291,0,43.560001373291,"Philippines"
2010-12-13,43.625,43.814998626709,43.5789985656738,43.6500015258789,0,43.6500015258789,"Philippines"
2010-12-14,43.7200012207031,43.7700004577637,43.5639991760254,43.75,0,43.75,"Philippines"
2010-12-15,43.9000015258789,43.9799995422363,43.7280006408691,43.7000007629395,0,43.7000007629395,"Philippines"
2010-12-16,44,44.189998626709,43.984001159668,43.8499984741211,0,43.8499984741211,"Philippines"
2010-12-17,44.0900001525879,44.3300018310547,44.056999206543,44.0499992370605,0,44.0499992370605,"Philippines"
2010-12-20,44.2999992370605,44.4099998474121,44.2639999389648,44.2400016784668,0,44.2400016784668,"Philippines"
2010-12-21,44.2599983215332,44.3499984741211,44.1459999084473,44.4700012207031,0,44.4700012207031,"Philippines"
2010-12-22,44.2949981689453,44.2949981689453,44.0309982299805,44.2999992370605,0,44.2999992370605,"Philippines"
2010-12-23,43.9799995422363,44.0349998474121,43.9189987182617,44.1500015258789,0,44.1500015258789,"Philippines"
2010-12-24,44.0349998474121,44.0349998474121,43.0270004272461,44.1699981689453,0,44.1699981689453,"Philippines"
2010-12-27,43.939998626709,43.939998626709,43.8839988708496,44.0999984741211,0,44.0999984741211,"Philippines"
2010-12-28,43.8199996948242,43.8199996948242,43.7849998474121,43.939998626709,0,43.939998626709,"Philippines"
2010-12-29,43.7999992370605,43.7999992370605,43.6479988098145,43.9000015258789,0,43.9000015258789,"Philippines"
2010-12-30,43.689998626709,43.7700004577637,43.6020011901855,43.8800010681152,0,43.8800010681152,"Philippines"
2010-12-31,42.6609992980957,42.6609992980957,42.6609992980957,43.7400016784668,0,43.7400016784668,"Philippines"
2011-01-03,43.6650009155273,43.6800003051758,43.5800018310547,43.6749992370605,0,43.6749992370605,"Philippines"
2011-01-04,43.5849990844727,43.6399993896484,43.4379997253418,43.6730003356934,0,43.6730003356934,"Philippines"
2011-01-05,43.7000007629395,43.7900009155273,43.5950012207031,43.5,0,43.5,"Philippines"
2011-01-06,43.7799987792969,43.8250007629395,43.6419982910156,43.7000007629395,0,43.7000007629395,"Philippines"
2011-01-07,44,44.1650009155273,43.9700012207031,43.8400001525879,0,43.8400001525879,"Philippines"
2011-01-10,44.2000007629395,44.3650016784668,44.1240005493164,44.0999984741211,0,44.0999984741211,"Philippines"
2011-01-11,44.0449981689453,44.0449981689453,43.8450012207031,44.310001373291,0,44.310001373291,"Philippines"
2011-01-12,44.0050010681152,44.0050010681152,43.7630004882812,44.0050010681152,0,44.0050010681152,"Philippines"
2011-01-13,44.0750007629395,44.125,43.9609985351562,43.9000015258789,0,43.9000015258789,"Philippines"
2011-01-14,44.0499992370605,44.2809982299805,43.9360008239746,44.0800018310547,0,44.0800018310547,"Philippines"
2011-01-17,44.3800010681152,44.4199981689453,44.2620010375977,43.4339981079102,0,43.4339981079102,"Philippines"
2011-01-18,44.3849983215332,44.4449996948242,44.3139991760254,44.3600006103516,0,44.3600006103516,"Philippines"
2011-01-19,44.2449989318848,44.2649993896484,44.1059989929199,44.4300003051758,0,44.4300003051758,"Philippines"
2011-01-20,44.3470001220703,44.5349998474121,44.2750015258789,44.2200012207031,0,44.2200012207031,"Philippines"
2011-01-21,43.6839981079102,44.5,43.3629989624023,43.6570014953613,0,43.6570014953613,"Philippines"
2011-01-24,44.3250007629395,44.5050010681152,44.3089981079102,44.3499984741211,0,44.3499984741211,"Philippines"
2011-01-25,44.375,44.5050010681152,44.3170013427734,44.4500007629395,0,44.4500007629395,"Philippines"
2011-01-26,44.2900009155273,44.2999992370605,44.1990013122559,44.4150009155273,0,44.4150009155273,"Philippines"
2011-01-27,44.0449981689453,44.101001739502,43.9640007019043,44.25,0,44.25,"Philippines"
2011-01-28,43.9850006103516,43.9850006103516,43.9389991760254,44.0800018310547,0,44.0800018310547,"Philippines"
2011-01-31,44.2200012207031,44.2350006103516,44.1319999694824,43.9850006103516,0,43.9850006103516,"Philippines"
2011-02-01,44.1059989929199,44.1059989929199,44.0509986877441,44.2200012207031,0,44.2200012207031,"Philippines"
2011-02-02,43.9049987792969,43.9049987792969,43.8190002441406,44.0999984741211,0,44.0999984741211,"Philippines"
2011-02-03,43.7999992370605,43.8279991149902,43.7179985046387,43.8600006103516,0,43.8600006103516,"Philippines"
2011-02-04,43.6500015258789,43.6800003051758,43.6269989013672,43.7799987792969,0,43.7799987792969,"Philippines"
2011-02-07,43.5299987792969,43.5299987792969,43.476001739502,43.5999984741211,0,43.5999984741211,"Philippines"
2011-02-08,43.3400001525879,43.3400001525879,43.2610015869141,43.5800018310547,0,43.5800018310547,"Philippines"
2011-02-09,43.3849983215332,43.4700012207031,43.3819999694824,43.3499984741211,0,43.3499984741211,"Philippines"
2011-02-10,43.6349983215332,43.6349983215332,43.5340003967285,43.4599990844727,0,43.4599990844727,"Philippines"
2011-02-11,43.689998626709,43.689998626709,43.6529998779297,43.5999984741211,0,43.5999984741211,"Philippines"
2011-02-14,43.6150016784668,43.6150016784668,43.4529991149902,43.689998626709,0,43.689998626709,"Philippines"
2011-02-15,43.5499992370605,43.6100006103516,43.5279998779297,43.5499992370605,0,43.5499992370605,"Philippines"
2011-02-16,43.4949989318848,43.4949989318848,43.4300003051758,43.6199989318848,0,43.6199989318848,"Philippines"
2011-02-17,43.3349990844727,43.3349990844727,43.2550010681152,43.5,0,43.5,"Philippines"
2011-02-18,43.2599983215332,43.2599983215332,43.1940002441406,43.2999992370605,0,43.2999992370605,"Philippines"
2011-02-21,43.314998626709,43.314998626709,43.2620010375977,43.2599983215332,0,43.2599983215332,"Philippines"
2011-02-22,43.5050010681152,43.5900001525879,43.4519996643066,43.314998626709,0,43.314998626709,"Philippines"
2011-02-23,43.5,43.5,43.4109992980957,43.5,0,43.5,"Philippines"
2011-02-24,43.689998626709,43.7350006103516,43.6389999389648,43.4000015258789,0,43.4000015258789,"Philippines"
2011-02-25,43.685001373291,43.685001373291,43.6030006408691,43.7999992370605,0,43.7999992370605,"Philippines"
2011-02-28,43.4799995422363,43.4850006103516,43.4799995422363,43.7200012207031,0,43.7200012207031,"Philippines"
2011-03-01,43.3650016784668,43.3650016784668,43.3139991760254,43.4500007629395,0,43.4500007629395,"Philippines"
2011-03-02,43.4900016784668,43.4900016784668,43.3800010681152,43.3600006103516,0,43.3600006103516,"Philippines"
2011-03-03,43.2519989013672,43.2719993591309,43.2379989624023,43.4000015258789,0,43.4000015258789,"Philippines"
2011-03-04,43.185001373291,43.185001373291,43.1529998779297,43.2599983215332,0,43.2599983215332,"Philippines"
2011-03-07,43.2249984741211,43.2400016784668,43.1599998474121,43.185001373291,0,43.185001373291,"Philippines"
2011-03-08,43.0950012207031,43.3540000915527,43.0950012207031,43.1800003051758,0,43.1800003051758,"Philippines"
2011-03-09,43.3199996948242,43.3499984741211,43.25,43.3499984741211,0,43.3499984741211,"Philippines"
2011-03-10,43.4099998474121,43.4420013427734,43.3730010986328,43.25,0,43.25,"Philippines"
2011-03-11,43.5499992370605,43.5800018310547,43.5149993896484,43.3730010986328,0,43.3730010986328,"Philippines"
2011-03-14,43.5400009155273,43.5699996948242,43.4300003051758,43.4500007629395,0,43.4500007629395,"Philippines"
2011-03-15,43.7050018310547,43.7400016784668,43.6529998779297,43.5,0,43.5,"Philippines"
2011-03-16,43.6450004577637,43.6450004577637,43.5999984741211,43.7900009155273,0,43.7900009155273,"Philippines"
2011-03-17,43.8380012512207,43.8380012512207,43.7890014648438,43.7000007629395,0,43.7000007629395,"Philippines"
2011-03-18,43.6129989624023,43.6199989318848,43.601001739502,43.7999992370605,0,43.7999992370605,"Philippines"
2011-03-21,43.4700012207031,43.4700012207031,43.4480018615723,43.4700012207031,0,43.4700012207031,"Philippines"
2011-03-22,43.4550018310547,43.4550018310547,43.2249984741211,43.4500007629395,0,43.4500007629395,"Philippines"
2011-03-23,43.4900016784668,43.4900016784668,43.3489990234375,43.2350006103516,0,43.2350006103516,"Philippines"
2011-03-24,43.3300018310547,43.3300018310547,43.3219985961914,43.4000015258789,0,43.4000015258789,"Philippines"
2011-03-25,43.3300018310547,43.3300018310547,43.1920013427734,43.4099998474121,0,43.4099998474121,"Philippines"
2011-03-27,43.1500015258789,43.3650016784668,43.1500015258789,43.1500015258789,0,43.1500015258789,"Philippines"
2011-03-28,43.4449996948242,43.4449996948242,43.3339996337891,43.4599990844727,0,43.4599990844727,"Philippines"
2011-03-29,43.4900016784668,43.4900016784668,43.3040008544922,43.3600006103516,0,43.3600006103516,"Philippines"
2011-03-30,43.310001373291,43.3530006408691,43.242000579834,43.4000015258789,0,43.4000015258789,"Philippines"
2011-03-31,43.25,43.2980003356934,42.4459991455078,43.3499984741211,0,43.3499984741211,"Philippines"
2011-04-03,43.2200012207031,43.2400016784668,43.1980018615723,43.2000007629395,0,43.2000007629395,"Philippines"
2011-04-04,43.1500015258789,43.314998626709,43.1500015258789,43.1500015258789,0,43.1500015258789,"Philippines"
2011-04-05,43.0800018310547,43.0800018310547,43.0180015563965,43.25,0,43.25,"Philippines"
2011-04-06,43.0349998474121,43.0349998474121,42.9830017089844,43.0999984741211,0,43.0999984741211,"Philippines"
2011-04-07,43.0250015258789,43.0250015258789,42.7980003356934,43.0499992370605,0,43.0499992370605,"Philippines"
2011-04-10,42.9049987792969,42.9900016784668,42.2000007629395,42.7999992370605,0,42.7999992370605,"Philippines"
2011-04-11,43.2099990844727,43.2099990844727,43.0690002441406,42.8959999084473,0,42.8959999084473,"Philippines"
2011-04-12,43.0900001525879,43.2490005493164,43.0900001525879,42.9109992980957,0,42.9109992980957,"Philippines"
2011-04-13,43.1199989318848,43.2360000610352,43.0849990844727,43.1500015258789,0,43.1500015258789,"Philippines"
2011-04-14,NA,NA,NA,NA,NA,NA,"Philippines"
2011-04-17,43.1749992370605,43.2900009155273,43.1360015869141,43.189998626709,0,43.189998626709,"Philippines"
2011-04-18,43.25,43.2529983520508,43.2050018310547,43.25,0,43.25,"Philippines"
2011-04-19,43.1450004577637,43.1800003051758,43.1269989013672,43.2999992370605,0,43.2999992370605,"Philippines"
2011-04-20,43.1749992370605,43.1749992370605,43.0699996948242,43.1300010681152,0,43.1300010681152,"Philippines"
2011-04-21,43.1749992370605,43.1749992370605,43.0699996948242,43.1300010681152,0,43.1300010681152,"Philippines"
2011-04-24,43.0750007629395,43.0750007629395,43.0750007629395,43.1500015258789,0,43.1500015258789,"Philippines"
2011-04-25,43.189998626709,43.1980018615723,43.1669998168945,43.2000007629395,0,43.2000007629395,"Philippines"
2011-04-26,43.1699981689453,43.2000007629395,43.0960006713867,43.2999992370605,0,43.2999992370605,"Philippines"
2011-04-27,43.1100006103516,43.189998626709,42.810001373291,43.1500015258789,0,43.1500015258789,"Philippines"
2011-04-28,43.0999984741211,43.0999984741211,42.701000213623,43.1599998474121,0,43.1599998474121,"Philippines"
2011-05-01,42.625,42.625,42.5349998474121,42.7330017089844,0,42.7330017089844,"Philippines"
2011-05-02,42.7249984741211,42.8050003051758,42.6559982299805,42.5379981994629,0,42.5379981994629,"Philippines"
2011-05-03,42.8050003051758,42.8279991149902,42.6949996948242,42.8800010681152,0,42.8800010681152,"Philippines"
2011-05-04,42.8349990844727,42.8349990844727,42.7700004577637,42.7599983215332,0,42.7599983215332,"Philippines"
2011-05-05,42.810001373291,43.0040016174316,42.810001373291,42.8059997558594,0,42.8059997558594,"Philippines"
2011-05-08,43.2669982910156,43.2669982910156,42.8079986572266,42.9850006103516,0,42.9850006103516,"Philippines"
2011-05-09,42.9500007629395,42.9500007629395,42.8499984741211,42.9000015258789,0,42.9000015258789,"Philippines"
2011-05-10,42.7569999694824,42.8400001525879,42.7449989318848,41.9799995422363,0,41.9799995422363,"Philippines"
2011-05-11,42.8800010681152,43.0200004577637,42.8740005493164,42.7999992370605,0,42.7999992370605,"Philippines"
2011-05-12,43.1349983215332,43.1349983215332,42.9939994812012,42.9599990844727,0,42.9599990844727,"Philippines"
2011-05-15,43.2799987792969,43.2799987792969,43.1679992675781,43.0250015258789,0,43.0250015258789,"Philippines"
2011-05-16,43.2449989318848,43.2449989318848,43.1349983215332,43.3300018310547,0,43.3300018310547,"Philippines"
2011-05-17,43.1500015258789,43.1650009155273,43.1339988708496,43.25,0,43.25,"Philippines"
2011-05-18,43.1450004577637,43.1450004577637,42.9980010986328,43.1199989318848,0,43.1199989318848,"Philippines"
2011-05-19,43,43.0550003051758,43,43.0999984741211,0,43.0999984741211,"Philippines"
2011-05-22,43.2449989318848,43.3699989318848,43.2389984130859,43.0250015258789,0,43.0250015258789,"Philippines"
2011-05-23,43.310001373291,43.310001373291,43.2690010070801,43.4000015258789,0,43.4000015258789,"Philippines"
2011-05-24,43.4650001525879,43.4650001525879,43.435001373291,43.3009986877441,0,43.3009986877441,"Philippines"
2011-05-25,43.3769989013672,43.3769989013672,43.2410011291504,43.4500007629395,0,43.4500007629395,"Philippines"
2011-05-26,43.2449989318848,43.2620010375977,43.189998626709,43.2999992370605,0,43.2999992370605,"Philippines"
2011-05-29,43.1949996948242,43.2070007324219,42.3959999084473,43.2599983215332,0,43.2599983215332,"Philippines"
2011-05-30,43.2050018310547,43.2159996032715,43.0970001220703,43.2029991149902,0,43.2029991149902,"Philippines"
2011-05-31,43.1069984436035,43.1310005187988,42.943000793457,43.1500015258789,0,43.1500015258789,"Philippines"
2011-06-01,42.9500007629395,43.1590003967285,42.9500007629395,43,0,43,"Philippines"
2011-06-02,43.1150016784668,43.1500015258789,42.3110008239746,43.2000007629395,0,43.2000007629395,"Philippines"
2011-06-05,43.1049995422363,43.1380004882812,43.0810012817383,43.1049995422363,0,43.1049995422363,"Philippines"
2011-06-06,42.3139991760254,43.1500015258789,42.3139991760254,43.2099990844727,0,43.2099990844727,"Philippines"
2011-06-07,43.0999984741211,43.1300010681152,43.0970001220703,43.1199989318848,0,43.1199989318848,"Philippines"
2011-06-08,43.132999420166,43.2439994812012,43.1160011291504,43.125,0,43.125,"Philippines"
2011-06-09,43.1199989318848,43.1959991455078,43.0839996337891,43.1500015258789,0,43.1500015258789,"Philippines"
2011-06-12,43.0900001525879,43.4099998474121,43.0900001525879,43.0900001525879,0,43.0900001525879,"Philippines"
2011-06-13,43.3800010681152,43.3800010681152,43.1150016784668,43.4000015258789,0,43.4000015258789,"Philippines"
2011-06-14,43.1500015258789,43.4070014953613,43.1500015258789,43.1500015258789,0,43.1500015258789,"Philippines"
2011-06-15,43.4000015258789,43.6399993896484,43.4000015258789,43.3450012207031,0,43.3450012207031,"Philippines"
2011-06-16,43.5099983215332,43.6419982910156,43.5019989013672,43.576000213623,0,43.576000213623,"Philippines"
2011-06-19,43.5499992370605,43.7000007629395,43.5499992370605,43.5499992370605,0,43.5499992370605,"Philippines"
2011-06-20,43.6599998474121,43.6599998474121,43.3709983825684,43.7000007629395,0,43.7000007629395,"Philippines"
2011-06-21,43.2750015258789,43.3899993896484,43.2299995422363,43.4000015258789,0,43.4000015258789,"Philippines"
2011-06-22,43.3849983215332,43.5069999694824,43.3499984741211,43.3600006103516,0,43.3600006103516,"Philippines"
2011-06-23,43.2550010681152,43.3759994506836,43.1949996948242,43.3499984741211,0,43.3499984741211,"Philippines"
2011-06-26,43.2000007629395,43.4949989318848,43.2000007629395,43.2000007629395,0,43.2000007629395,"Philippines"
2011-06-27,43.4749984741211,43.5999984741211,43.4290008544922,43.4500007629395,0,43.4500007629395,"Philippines"
2011-06-28,43.4000015258789,43.4869995117188,43.2120018005371,43.4000015258789,0,43.4000015258789,"Philippines"
2011-06-29,43.2680015563965,43.2680015563965,43.2220001220703,43.439998626709,0,43.439998626709,"Philippines"
2011-06-30,43.226001739502,43.226001739502,43.0499992370605,43.2999992370605,0,43.2999992370605,"Philippines"
2011-07-03,42.9570007324219,42.9900016784668,42.9560012817383,43.0800018310547,0,43.0800018310547,"Philippines"
2011-07-04,42.9970016479492,42.9970016479492,42.9539985656738,42.9640007019043,0,42.9640007019043,"Philippines"
2011-07-05,42.75,42.798999786377,42.7239990234375,42.9599990844727,0,42.9599990844727,"Philippines"
2011-07-06,42.7369995117188,42.7999992370605,42.7000007629395,42.8199996948242,0,42.8199996948242,"Philippines"
2011-07-07,42.6669998168945,42.6720008850098,42.6180000305176,42.8600006103516,0,42.8600006103516,"Philippines"
2011-07-10,42.0870018005371,42.806999206543,42.0870018005371,42.6349983215332,0,42.6349983215332,"Philippines"
2011-07-11,43.0260009765625,43.132999420166,42.992000579834,42.9000015258789,0,42.9000015258789,"Philippines"
2011-07-12,42.9700012207031,42.9700012207031,42.9000015258789,43.1300010681152,0,43.1300010681152,"Philippines"
2011-07-13,42.8370018005371,42.8699989318848,42.8190002441406,42.9000015258789,0,42.9000015258789,"Philippines"
2011-07-14,42.814998626709,42.8730010986328,42.7900009155273,42.810001373291,0,42.810001373291,"Philippines"
2011-07-17,42.9850006103516,42.9850006103516,42.7999992370605,42.8450012207031,0,42.8450012207031,"Philippines"
2011-07-18,42.8580017089844,42.8580017089844,42.7280006408691,42.9799995422363,0,42.9799995422363,"Philippines"
2011-07-19,42.6199989318848,42.6199989318848,42.6199989318848,42.810001373291,0,42.810001373291,"Philippines"
2011-07-20,42.6199989318848,42.6300010681152,42.4659996032715,42.6500015258789,0,42.6500015258789,"Philippines"
2011-07-21,42.3349990844727,42.3899993896484,42.2439994812012,42.6199989318848,0,42.6199989318848,"Philippines"
2011-07-24,42.3479995727539,42.390998840332,42.2869987487793,42.2999992370605,0,42.2999992370605,"Philippines"
2011-07-25,42.1949996948242,42.2200012207031,42.1129989624023,42.3600006103516,0,42.3600006103516,"Philippines"
2011-07-26,42.0149993896484,42.0900001525879,41.9799995422363,42.2099990844727,0,42.2099990844727,"Philippines"
2011-07-27,42.0099983215332,42.1699981689453,42.0099983215332,42.0499992370605,0,42.0499992370605,"Philippines"
2011-07-28,42.0800018310547,42.1100006103516,42.0089988708496,42.1500015258789,0,42.1500015258789,"Philippines"
2011-07-31,41.8300018310547,41.8429985046387,41.7999992370605,42.0200004577637,0,42.0200004577637,"Philippines"
2011-08-01,41.9850006103516,42.0950012207031,41.9739990234375,41.8349990844727,0,41.8349990844727,"Philippines"
2011-08-02,42.0499992370605,42.2859992980957,42.0499992370605,42.0229988098145,0,42.0229988098145,"Philippines"
2011-08-03,42.1199989318848,42.2509994506836,42.1069984436035,42.125,0,42.125,"Philippines"
2011-08-04,42.5250015258789,42.564998626709,42.435001373291,42.2350006103516,0,42.2350006103516,"Philippines"
2011-08-07,42.4550018310547,42.5209999084473,42.4550018310547,42.4550018310547,0,42.4550018310547,"Philippines"
2011-08-08,42.5550003051758,42.5550003051758,42.3359985351562,42.5060005187988,0,42.5060005187988,"Philippines"
2011-08-09,42.4199981689453,42.439998626709,42.3680000305176,42.3950004577637,0,42.3950004577637,"Philippines"
2011-08-10,42.4249992370605,42.4710006713867,42.3470001220703,42.3730010986328,0,42.3730010986328,"Philippines"
2011-08-11,42.4550018310547,42.5550003051758,42.4550018310547,42.4339981079102,0,42.4339981079102,"Philippines"
2011-08-14,42.3699989318848,42.3699989318848,42.2849998474121,42.5550003051758,0,42.5550003051758,"Philippines"
2011-08-15,42.3199996948242,42.3199996948242,42.2439994812012,42.3199996948242,0,42.3199996948242,"Philippines"
2011-08-16,42.3569984436035,42.4049987792969,42.3139991760254,42.2900009155273,0,42.2900009155273,"Philippines"
2011-08-17,42.4000015258789,42.4900016784668,42.3849983215332,42.3400001525879,0,42.3400001525879,"Philippines"
2011-08-18,42.4970016479492,42.6300010681152,42.4749984741211,42.4500007629395,0,42.4500007629395,"Philippines"
2011-08-21,42.4869995117188,42.4869995117188,42.3540000915527,42.5299987792969,0,42.5299987792969,"Philippines"
2011-08-22,42.2970008850098,42.2970008850098,42.173999786377,42.4700012207031,0,42.4700012207031,"Philippines"
2011-08-23,42.314998626709,42.3899993896484,42.2120018005371,42.3199996948242,0,42.3199996948242,"Philippines"
2011-08-24,42.4469985961914,42.4469985961914,42.3860015869141,42.3899993896484,0,42.3899993896484,"Philippines"
2011-08-25,42.4049987792969,42.4049987792969,42.2459983825684,42.3600006103516,0,42.3600006103516,"Philippines"
2011-08-28,42.3400001525879,42.4269981384277,42.2019996643066,42.3400001525879,0,42.3400001525879,"Philippines"
2011-08-29,42.4300003051758,42.431999206543,42.4199981689453,42.4249992370605,0,42.4249992370605,"Philippines"
2011-08-30,42.4300003051758,42.4300003051758,42.1749992370605,42.4000015258789,0,42.4000015258789,"Philippines"
2011-08-31,42.1069984436035,42.3800010681152,42.0800018310547,42.4199981689453,0,42.4199981689453,"Philippines"
2011-09-01,42.1100006103516,42.2299995422363,42.0400009155273,42.3699989318848,0,42.3699989318848,"Philippines"
2011-09-04,42.1150016784668,42.25,42.0779991149902,42.1599998474121,0,42.1599998474121,"Philippines"
2011-09-05,42.185001373291,42.3300018310547,42.1440010070801,42.2350006103516,0,42.2350006103516,"Philippines"
2011-09-06,42.2099990844727,42.2900009155273,42.0460014343262,42.439998626709,0,42.439998626709,"Philippines"
2011-09-07,42.3250007629395,42.4900016784668,42.2849998474121,42.25,0,42.25,"Philippines"
2011-09-08,42.4080009460449,42.4300003051758,42.3740005493164,42.4599990844727,0,42.4599990844727,"Philippines"
2011-09-11,42.4080009460449,42.7280006408691,42.4080009460449,42.4080009460449,0,42.4080009460449,"Philippines"
2011-09-12,42.6749992370605,43.0200004577637,42.6150016784668,42.7179985046387,0,42.7179985046387,"Philippines"
2011-09-13,43.1300010681152,43.1759986877441,43.0950012207031,43.0099983215332,0,43.0099983215332,"Philippines"
2011-09-14,43.2350006103516,43.2799987792969,43.1920013427734,43.4300003051758,0,43.4300003051758,"Philippines"
2011-09-15,43.1679992675781,43.2599983215332,43.1590003967285,43.2700004577637,0,43.2700004577637,"Philippines"
2011-09-18,43.3600006103516,43.3600006103516,43.3289985656738,43.2599983215332,0,43.2599983215332,"Philippines"
2011-09-19,43.5750007629395,43.5750007629395,43.3559989929199,43.3370018005371,0,43.3370018005371,"Philippines"
2011-09-20,43.3349990844727,43.4900016784668,43.3110008239746,43.3499984741211,0,43.3499984741211,"Philippines"
2011-09-21,43.6349983215332,43.6839981079102,43.5890007019043,43.4500007629395,0,43.4500007629395,"Philippines"
2011-09-22,43.7280006408691,43.7280006408691,43.4700012207031,43.6769981384277,0,43.6769981384277,"Philippines"
2011-09-25,43.6749992370605,43.7849998474121,43.5769996643066,43.5149993896484,0,43.5149993896484,"Philippines"
2011-09-26,43.2449989318848,43.2700004577637,43,43.560001373291,0,43.560001373291,"Philippines"
2011-09-27,43.4049987792969,43.4799995422363,43.2379989624023,42.9599990844727,0,42.9599990844727,"Philippines"
2011-09-28,43.5050010681152,43.625,43.4249992370605,43.2999992370605,0,43.2999992370605,"Philippines"
2011-09-29,43.7649993896484,43.7949981689453,43.6080017089844,43.5999984741211,0,43.5999984741211,"Philippines"
2011-10-02,43.9449996948242,43.9449996948242,43.7859992980957,43.6180000305176,0,43.6180000305176,"Philippines"
2011-10-03,44.064998626709,44.064998626709,43.8530006408691,43.8600006103516,0,43.8600006103516,"Philippines"
2011-10-04,43.8650016784668,43.8650016784668,43.6889991760254,43.9700012207031,0,43.9700012207031,"Philippines"
2011-10-05,43.7000007629395,43.7000007629395,43.5330009460449,43.75,0,43.75,"Philippines"
2011-10-06,43.4550018310547,43.4690017700195,43.3499984741211,43.6500015258789,0,43.6500015258789,"Philippines"
2011-10-09,43.3549995422363,43.3549995422363,43.2519989013672,43.4449996948242,0,43.4449996948242,"Philippines"
2011-10-10,43.1780014038086,43.3479995727539,43.1689987182617,43.2599983215332,0,43.2599983215332,"Philippines"
2011-10-11,43.4650001525879,43.4650001525879,43.2900009155273,42.3689994812012,0,42.3689994812012,"Philippines"
2011-10-12,43.189998626709,43.2900009155273,43.1769981384277,43.2599983215332,0,43.2599983215332,"Philippines"
2011-10-13,43.3250007629395,43.3349990844727,43.1769981384277,43.2799987792969,0,43.2799987792969,"Philippines"
2011-10-16,43.2400016784668,43.2400016784668,42.9990005493164,43.2400016784668,0,43.2400016784668,"Philippines"
2011-10-17,43.0499992370605,43.2400016784668,43.0400009155273,43.0999984741211,0,43.0999984741211,"Philippines"
2011-10-18,43.0800018310547,43.0999984741211,42.9879989624023,43.2000007629395,0,43.2000007629395,"Philippines"
2011-10-19,43.1749992370605,43.2589988708496,43.140998840332,43.1199989318848,0,43.1199989318848,"Philippines"
2011-10-20,43.3580017089844,43.3899993896484,43.2400016784668,43.140998840332,0,43.140998840332,"Philippines"
2011-10-23,43.1879997253418,43.1879997253418,43.1209983825684,43.3499984741211,0,43.3499984741211,"Philippines"
2011-10-24,43.1800003051758,43.1800003051758,43.0299987792969,43.0999984741211,0,43.0999984741211,"Philippines"
2011-10-25,43.1380004882812,43.1380004882812,43.0639991760254,43.0369987487793,0,43.0369987487793,"Philippines"
2011-10-26,42.9650001525879,42.9650001525879,42.6500015258789,43.2000007629395,0,43.2000007629395,"Philippines"
2011-10-27,42.5279998779297,42.5880012512207,42.4679985046387,42.7000007629395,0,42.7000007629395,"Philippines"
2011-10-31,42.5349998474121,42.5369987487793,42.4990005493164,42.5299987792969,0,42.5299987792969,"Philippines"
2011-11-01,42.5349998474121,42.5349998474121,42.5209999084473,42.5279998779297,0,42.5279998779297,"Philippines"
2011-11-02,42.6949996948242,42.7350006103516,42.6479988098145,42.5309982299805,0,42.5309982299805,"Philippines"
2011-11-03,42.8950004577637,43.0519981384277,42.8950004577637,42.6510009765625,0,42.6510009765625,"Philippines"
2011-11-04,42.8050003051758,42.851001739502,42.7400016784668,43.0209999084473,0,43.0209999084473,"Philippines"
2011-11-07,42.7999992370605,42.8079986572266,42.7799987792969,42.7999992370605,0,42.7999992370605,"Philippines"
2011-11-08,43.0050010681152,43.0519981384277,42.9309997558594,42.7999992370605,0,42.7999992370605,"Philippines"
2011-11-09,42.935001373291,42.9650001525879,42.935001373291,42.9000015258789,0,42.9000015258789,"Philippines"
2011-11-10,43.2350006103516,43.2900009155273,43.1839981079102,42.9469985961914,0,42.9469985961914,"Philippines"
2011-11-11,43.2299995422363,43.2299995422363,43.1749992370605,43.2599983215332,0,43.2599983215332,"Philippines"
2011-11-14,43.125,43.1699981689453,43.0999984741211,43.2050018310547,0,43.2050018310547,"Philippines"
2011-11-15,43.2900009155273,43.3250007629395,43.2620010375977,43.1599998474121,0,43.1599998474121,"Philippines"
2011-11-16,43.4150009155273,43.4150009155273,43.2830009460449,43.2669982910156,0,43.2669982910156,"Philippines"
2011-11-17,43.2449989318848,43.3050003051758,43.2099990844727,43.2900009155273,0,43.2900009155273,"Philippines"
2011-11-18,43.3349990844727,43.3349990844727,43.273998260498,43.2709999084473,0,43.2709999084473,"Philippines"
2011-11-21,43.2249984741211,43.2249984741211,43.1759986877441,43.3400001525879,0,43.3400001525879,"Philippines"
2011-11-22,43.2000007629395,43.2000007629395,43.1119995117188,43.1860008239746,0,43.1860008239746,"Philippines"
2011-11-23,43.2830009460449,43.375,43.2830009460449,43.1279983520508,0,43.1279983520508,"Philippines"
2011-11-24,43.5629997253418,43.5699996948242,43.5289993286133,43.3530006408691,0,43.3530006408691,"Philippines"
2011-11-25,43.7750015258789,43.8440017700195,43.7750015258789,43.5460014343262,0,43.5460014343262,"Philippines"
2011-11-28,43.6800003051758,43.7120018005371,43.6300010681152,43.8769989013672,0,43.8769989013672,"Philippines"
2011-11-29,43.435001373291,43.5530014038086,43.435001373291,43.6800003051758,0,43.6800003051758,"Philippines"
2011-11-30,43.5400009155273,43.5400009155273,43.5060005187988,43.5270004272461,0,43.5270004272461,"Philippines"
2011-12-01,43.5400009155273,43.5400009155273,43.1580009460449,43.25,0,43.25,"Philippines"
2011-12-02,43.1599998474121,43.1759986877441,43.1459999084473,43.0999984741211,0,43.0999984741211,"Philippines"
2011-12-05,43.2449989318848,43.2449989318848,43.1689987182617,43.1599998474121,0,43.1599998474121,"Philippines"
2011-12-06,43.3050003051758,43.3930015563965,43.2879981994629,43.2000007629395,0,43.2000007629395,"Philippines"
2011-12-07,43.173999786377,43.173999786377,43.1590003967285,43.4199981689453,0,43.4199981689453,"Philippines"
2011-12-08,43.2200012207031,43.2200012207031,43.1669998168945,43.25,0,43.25,"Philippines"
2011-12-09,43.5,43.548999786377,43.4790000915527,43.0800018310547,0,43.0800018310547,"Philippines"
2011-12-12,43.5299987792969,43.5299987792969,43.4500007629395,43.564998626709,0,43.564998626709,"Philippines"
2011-12-13,43.5099983215332,43.7999992370605,43.5099983215332,43.5,0,43.5,"Philippines"
2011-12-14,44.0349998474121,44.1500015258789,43.9879989624023,43.75,0,43.75,"Philippines"
2011-12-15,44.0900001525879,44.0900001525879,43.9630012512207,44.0999984741211,0,44.0999984741211,"Philippines"
2011-12-16,44.0200004577637,44.0200004577637,43.7050018310547,44.0999984741211,0,44.0999984741211,"Philippines"
2011-12-19,43.8709983825684,43.8959999084473,43.8549995422363,43.6559982299805,0,43.6559982299805,"Philippines"
2011-12-20,43.7610015869141,43.7630004882812,43.7470016479492,43.8800010681152,0,43.8800010681152,"Philippines"
2011-12-21,43.5460014343262,43.5900001525879,43.5050010681152,43.7999992370605,0,43.7999992370605,"Philippines"
2011-12-22,43.548999786377,43.5999984741211,43.476001739502,43.5089988708496,0,43.5089988708496,"Philippines"
2011-12-23,43.4389991760254,43.4700012207031,43.3050003051758,43.5,0,43.5,"Philippines"
2011-12-26,43.3370018005371,43.3370018005371,43.3370018005371,43.4000015258789,0,43.4000015258789,"Philippines"
2011-12-27,43.560001373291,43.7410011291504,43.560001373291,43.3370018005371,0,43.3370018005371,"Philippines"
2011-12-28,43.8359985351562,43.9150009155273,43.8359985351562,43.7000007629395,0,43.7000007629395,"Philippines"
2011-12-29,43.7529983520508,43.7900009155273,43.7249984741211,43.8800010681152,0,43.8800010681152,"Philippines"
2011-12-30,43.726001739502,43.7379989624023,43.7190017700195,43.7000007629395,0,43.7000007629395,"Philippines"
2012-01-02,43.7140007019043,43.8400001525879,42.9580001831055,43.7750015258789,0,43.7750015258789,"Philippines"
2012-01-03,43.5419998168945,43.6599998474121,43.5419998168945,43.8380012512207,0,43.8380012512207,"Philippines"
2012-01-04,43.7210006713867,43.7210006713867,43.6339988708496,43.6599998474121,0,43.6599998474121,"Philippines"
2012-01-05,43.6380004882812,43.898998260498,43.6380004882812,43.640998840332,0,43.640998840332,"Philippines"
2012-01-06,43.882999420166,44.0449981689453,43.882999420166,43.9500007629395,0,43.9500007629395,"Philippines"
2012-01-09,44.1199989318848,44.125,43.9790000915527,44.0369987487793,0,44.0369987487793,"Philippines"
2012-01-10,43.810001373291,43.8940010070801,43.810001373291,43.9700012207031,0,43.9700012207031,"Philippines"
2012-01-11,43.859001159668,44.0499992370605,43.859001159668,43.9000015258789,0,43.9000015258789,"Philippines"
2012-01-12,43.8849983215332,43.9749984741211,43.8699989318848,43.9900016784668,0,43.9900016784668,"Philippines"
2012-01-13,43.6669998168945,43.6800003051758,43.5979995727539,44,0,44,"Philippines"
2012-01-16,43.8120002746582,43.8300018310547,43.7630004882812,43.6559982299805,0,43.6559982299805,"Philippines"
2012-01-17,43.5670013427734,43.5769996643066,43.4490013122559,43.7669982910156,0,43.7669982910156,"Philippines"
2012-01-18,43.4370002746582,43.4370002746582,43.2840003967285,43.5999984741211,0,43.5999984741211,"Philippines"
2012-01-19,43.2630004882812,43.5149993896484,43.2550010681152,43.4099998474121,0,43.4099998474121,"Philippines"
2012-01-20,43.1559982299805,43.2050018310547,43.1549987792969,43.3400001525879,0,43.3400001525879,"Philippines"
2012-01-23,43.3129997253418,43.3129997253418,43.1759986877441,43.1749992370605,0,43.1749992370605,"Philippines"
2012-01-24,43.0859985351562,43.1500015258789,43.0449981689453,43.1199989318848,0,43.1199989318848,"Philippines"
2012-01-25,42.9700012207031,43.0449981689453,42.9700012207031,43.1399993896484,0,43.1399993896484,"Philippines"
2012-01-26,42.726001739502,42.7649993896484,42.726001739502,43.0999984741211,0,43.0999984741211,"Philippines"
2012-01-27,42.7400016784668,42.7649993896484,42.7169990539551,43.7140007019043,0,43.7140007019043,"Philippines"
2012-01-30,42.9650001525879,43.0499992370605,42.0800018310547,42.6189994812012,0,42.6189994812012,"Philippines"
2012-01-31,42.9599990844727,42.9599990844727,42.7560005187988,43.7140007019043,0,43.7140007019043,"Philippines"
2012-02-01,42.9599990844727,42.9599990844727,42.7540016174316,42.8400001525879,0,42.8400001525879,"Philippines"
2012-02-02,42.568000793457,42.6100006103516,42.5429992675781,42.7599983215332,0,42.7599983215332,"Philippines"
2012-02-03,42.625,42.6349983215332,42.4570007324219,42.6300010681152,0,42.6300010681152,"Philippines"
2012-02-06,42.5449981689453,42.5449981689453,42.4129981994629,42.3339996337891,0,42.3339996337891,"Philippines"
2012-02-07,42.4150009155273,42.5589981079102,42.2669982910156,42.4519996643066,0,42.4519996643066,"Philippines"
2012-02-08,42.3440017700195,42.3470001220703,42.101001739502,42.375,0,42.375,"Philippines"
2012-02-09,42.1619987487793,42.2050018310547,41.9150009155273,42.1669998168945,0,42.1669998168945,"Philippines"
2012-02-10,42.375,42.5,42.3450012207031,42.0200004577637,0,42.0200004577637,"Philippines"
2012-02-13,42.3849983215332,42.4599990844727,41.4560012817383,42.3810005187988,0,42.3810005187988,"Philippines"
2012-02-14,42.4099998474121,42.6529998779297,42.4099998474121,42.3610000610352,0,42.3610000610352,"Philippines"
2012-02-15,42.6650009155273,42.814998626709,42.4850006103516,42.7000007629395,0,42.7000007629395,"Philippines"
2012-02-16,42.5449981689453,42.8349990844727,42.5449981689453,42.4830017089844,0,42.4830017089844,"Philippines"
2012-02-17,42.6440010070801,42.75,42.5,42.6749992370605,0,42.6749992370605,"Philippines"
2012-02-20,42.435001373291,42.4930000305176,42.435001373291,42.5890007019043,0,42.5890007019043,"Philippines"
2012-02-21,42.4799995422363,42.6800003051758,42.4650001525879,42.4659996032715,0,42.4659996032715,"Philippines"
2012-02-22,42.5530014038086,42.7949981689453,42.5009994506836,42.5620002746582,0,42.5620002746582,"Philippines"
2012-02-23,42.5349998474121,42.7949981689453,42.5349998474121,42.5900001525879,0,42.5900001525879,"Philippines"
2012-02-24,42.6860008239746,42.7509994506836,42.5830001831055,42.685001373291,0,42.685001373291,"Philippines"
2012-02-27,42.9650001525879,42.9650001525879,42.8460006713867,42.6969985961914,0,42.6969985961914,"Philippines"
2012-02-28,42.8619995117188,42.8619995117188,42.6650009155273,42.8899993896484,0,42.8899993896484,"Philippines"
2012-02-29,42.6650009155273,42.689998626709,42.5849990844727,42.7449989318848,0,42.7449989318848,"Philippines"
2012-03-01,42.6990013122559,42.75,42.5800018310547,42.6640014648438,0,42.6640014648438,"Philippines"
2012-03-02,42.6580009460449,42.7550010681152,42.4819984436035,42.6669998168945,0,42.6669998168945,"Philippines"
2012-03-05,42.7280006408691,42.7599983215332,42.6809997558594,42.640998840332,0,42.640998840332,"Philippines"
2012-03-06,42.7449989318848,42.8650016784668,42.6949996948242,42.7050018310547,0,42.7050018310547,"Philippines"
2012-03-07,43,43,42.7540016174316,42.9749984741211,0,42.9749984741211,"Philippines"
2012-03-08,42.7000007629395,42.7999992370605,42.4519996643066,42.7700004577637,0,42.7700004577637,"Philippines"
2012-03-09,42.4809989929199,42.5900001525879,42.3429985046387,42.4900016784668,0,42.4900016784668,"Philippines"
2012-03-12,42.5550003051758,42.5950012207031,42.5050010681152,42.4500007629395,0,42.4500007629395,"Philippines"
2012-03-13,42.5699996948242,42.75,42.4199981689453,42.6360015869141,0,42.6360015869141,"Philippines"
2012-03-14,42.5750007629395,42.9500007629395,42.5110015869141,42.6370010375977,0,42.6370010375977,"Philippines"
2012-03-15,42.7949981689453,43.0849990844727,42.7949981689453,42.8629989624023,0,42.8629989624023,"Philippines"
2012-03-16,42.8250007629395,42.9850006103516,42.7599983215332,42.9150009155273,0,42.9150009155273,"Philippines"
2012-03-19,42.8400001525879,42.9599990844727,41.9109992980957,42.8790016174316,0,42.8790016174316,"Philippines"
2012-03-20,42.8050003051758,43.0499992370605,42.7150001525879,42.9099998474121,0,42.9099998474121,"Philippines"
2012-03-21,42.8870010375977,43,42.8569984436035,42.890998840332,0,42.890998840332,"Philippines"
2012-03-22,42.9259986877441,43.0449981689453,42.7949981689453,42.9599990844727,0,42.9599990844727,"Philippines"
2012-03-23,42.9650001525879,43.0800018310547,42.8359985351562,43.0050010681152,0,43.0050010681152,"Philippines"
2012-03-25,42.8300018310547,42.9650001525879,42.8300018310547,41.8440017700195,0,41.8440017700195,"Philippines"
2012-03-26,42.9749984741211,42.9749984741211,42.7949981689453,42.875,0,42.875,"Philippines"
2012-03-27,42.8619995117188,43,42.7700004577637,42.7999992370605,0,42.7999992370605,"Philippines"
2012-03-28,42.8549995422363,42.939998626709,42.7949981689453,42.9150009155273,0,42.9150009155273,"Philippines"
2012-03-29,42.8800010681152,42.9799995422363,42.7949981689453,42.9119987487793,0,42.9119987487793,"Philippines"
2012-04-01,42.726001739502,42.8699989318848,42.5810012817383,42.7970008850098,0,42.7970008850098,"Philippines"
2012-04-02,42.5880012512207,42.6500015258789,42.5149993896484,42.5950012207031,0,42.5950012207031,"Philippines"
2012-04-03,42.7200012207031,42.7400016784668,41.826000213623,42.6500015258789,0,42.6500015258789,"Philippines"
2012-04-04,42.6380004882812,42.7000007629395,42.6269989013672,42.6500015258789,0,42.6500015258789,"Philippines"
2012-04-05,42.7000007629395,42.7000007629395,42.7000007629395,42.6500015258789,0,42.6500015258789,"Philippines"
2012-04-08,42.7000007629395,42.7000007629395,42.7000007629395,42.5029983520508,0,42.5029983520508,"Philippines"
2012-04-09,42.7000007629395,42.8499984741211,42.685001373291,42.8499984741211,0,42.8499984741211,"Philippines"
2012-04-10,42.814998626709,42.814998626709,42.6300010681152,42.7290000915527,0,42.7290000915527,"Philippines"
2012-04-11,42.6749992370605,42.6749992370605,42.5050010681152,42.6110000610352,0,42.6110000610352,"Philippines"
2012-04-12,42.6349983215332,42.6399993896484,42.4650001525879,42.5499992370605,0,42.5499992370605,"Philippines"
2012-04-15,42.6699981689453,42.7299995422363,42.5200004577637,41.9449996948242,0,41.9449996948242,"Philippines"
2012-04-16,42.5849990844727,42.7000007629395,42.5279998779297,42.6539993286133,0,42.6539993286133,"Philippines"
2012-04-17,42.5730018615723,42.6399993896484,42.4799995422363,42.5470008850098,0,42.5470008850098,"Philippines"
2012-04-18,42.5849990844727,42.5999984741211,42.5,42.5,0,42.5,"Philippines"
2012-04-19,42.5849990844727,42.6349983215332,42.4749984741211,42.5359992980957,0,42.5359992980957,"Philippines"
2012-04-22,42.5099983215332,42.7000007629395,42.5,42.4119987487793,0,42.4119987487793,"Philippines"
2012-04-23,42.5800018310547,42.6749992370605,42.5229988098145,42.6500015258789,0,42.6500015258789,"Philippines"
2012-04-24,42.6049995422363,42.7000007629395,42.5169982910156,42.6749992370605,0,42.6749992370605,"Philippines"
2012-04-25,42.5750007629395,42.5900001525879,42.3009986877441,42.5200004577637,0,42.5200004577637,"Philippines"
2012-04-26,42.4449996948242,42.4449996948242,42.1619987487793,42.2900009155273,0,42.2900009155273,"Philippines"
2012-04-29,42.0950012207031,42.2000007629395,42.0349998474121,42.1049995422363,0,42.1049995422363,"Philippines"
2012-04-30,42.2000007629395,42.2000007629395,42,42.064998626709,0,42.064998626709,"Philippines"
2012-05-01,42.1129989624023,42.1800003051758,42.0299987792969,42,0,42,"Philippines"
2012-05-02,42.2000007629395,42.2000007629395,41.2140007019043,42.1160011291504,0,42.1160011291504,"Philippines"
2012-05-03,42.0849990844727,42.2550010681152,42.0849990844727,42.0499992370605,0,42.0499992370605,"Philippines"
2012-05-06,42.2949981689453,42.3349990844727,42.2200012207031,42.1720008850098,0,42.1720008850098,"Philippines"
2012-05-07,42.2550010681152,42.3250007629395,42.1669998168945,42.3050003051758,0,42.3050003051758,"Philippines"
2012-05-08,42.1679992675781,42.5229988098145,42.1679992675781,42.2299995422363,0,42.2299995422363,"Philippines"
2012-05-09,42.4249992370605,42.5849990844727,42.0750007629395,42.4700012207031,0,42.4700012207031,"Philippines"
2012-05-10,42.3250007629395,42.5099983215332,42.2599983215332,42.2700004577637,0,42.2700004577637,"Philippines"
2012-05-13,42.4550018310547,42.7799987792969,42.4550018310547,42.3699989318848,0,42.3699989318848,"Philippines"
2012-05-14,42.5849990844727,42.7200012207031,41.6469993591309,42.7400016784668,0,42.7400016784668,"Philippines"
2012-05-15,42.5849990844727,42.9749984741211,42.5639991760254,42.6199989318848,0,42.6199989318848,"Philippines"
2012-05-16,42.8839988708496,42.9500007629395,42.7649993896484,42.8839988708496,0,42.8839988708496,"Philippines"
2012-05-17,42.8400001525879,43.1650009155273,42.7999992370605,42.7529983520508,0,42.7529983520508,"Philippines"
2012-05-20,42.951000213623,43.1749992370605,42.951000213623,42.9980010986328,0,42.9980010986328,"Philippines"
2012-05-21,43.125,43.125,42.9650001525879,43.0550003051758,0,43.0550003051758,"Philippines"
2012-05-22,43.0509986877441,43.6199989318848,43.0130004882812,43.0449981689453,0,43.0449981689453,"Philippines"
2012-05-23,43.4140014648438,43.6949996948242,43.3549995422363,43.4109992980957,0,43.4109992980957,"Philippines"
2012-05-24,43.6549987792969,43.8650016784668,43.5149993896484,43.5999984741211,0,43.5999984741211,"Philippines"
2012-05-27,43.3740005493164,43.3740005493164,42.4630012512207,43.6440010070801,0,43.6440010070801,"Philippines"
2012-05-28,43.5499992370605,43.5499992370605,43.1129989624023,43.5690002441406,0,43.5690002441406,"Philippines"
2012-05-29,43.1349983215332,43.564998626709,43.0999984741211,43.2299995422363,0,43.2299995422363,"Philippines"
2012-05-30,43.4070014953613,43.7000007629395,43.2910003662109,43.4300003051758,0,43.4300003051758,"Philippines"
2012-05-31,43.4049987792969,43.6049995422363,43.2669982910156,43.3250007629395,0,43.3250007629395,"Philippines"
2012-06-03,43.3979988098145,43.4500007629395,43.3810005187988,43.3279991149902,0,43.3279991149902,"Philippines"
2012-06-04,43.3569984436035,43.4500007629395,43.1949996948242,43.3580017089844,0,43.3580017089844,"Philippines"
2012-06-05,43.3559989929199,43.4500007629395,43.0800018310547,43.375,0,43.375,"Philippines"
2012-06-06,43.1049995422363,43.1150016784668,42.9389991760254,43.0200004577637,0,43.0200004577637,"Philippines"
2012-06-07,43.0289993286133,43.25,43,43.0299987792969,0,43.0299987792969,"Philippines"
2012-06-10,42.8849983215332,43.2299995422363,42.7910003662109,43.1279983520508,0,43.1279983520508,"Philippines"
2012-06-11,42.8520011901855,42.882999420166,42.7350006103516,42.851001739502,0,42.851001739502,"Philippines"
2012-06-12,42.814998626709,42.8650016784668,42.4090003967285,42.8530006408691,0,42.8530006408691,"Philippines"
2012-06-13,42.5449981689453,42.5950012207031,42.2960014343262,42.4099998474121,0,42.4099998474121,"Philippines"
2012-06-14,42.4749984741211,42.5200004577637,42.1310005187988,42.3800010681152,0,42.3800010681152,"Philippines"
2012-06-17,41.9179992675781,42.265998840332,41.9179992675781,42.1290016174316,0,42.1290016174316,"Philippines"
2012-06-18,42.1510009765625,42.2949981689453,42.140998840332,42.1539993286133,0,42.1539993286133,"Philippines"
2012-06-19,42.1879997253418,42.2299995422363,41.9729995727539,42.1870002746582,0,42.1870002746582,"Philippines"
2012-06-20,42.0810012817383,42.4799995422363,42.0279998779297,42.0830001831055,0,42.0830001831055,"Philippines"
2012-06-21,42.4090003967285,42.4850006103516,42.2900009155273,42.4070014953613,0,42.4070014953613,"Philippines"
2012-06-24,42.4609985351562,42.5999984741211,42.4609985351562,42.3170013427734,0,42.3170013427734,"Philippines"
2012-06-25,42.5359992980957,42.5359992980957,42.3209991455078,42.5349998474121,0,42.5349998474121,"Philippines"
2012-06-26,42.3870010375977,42.5,42.1549987792969,42.3880004882812,0,42.3880004882812,"Philippines"
2012-06-27,42.2449989318848,42.3499984741211,42.1349983215332,42.2439994812012,0,42.2439994812012,"Philippines"
2012-06-28,42.2369995117188,42.3190002441406,41.810001373291,42.2630004882812,0,42.2630004882812,"Philippines"
2012-07-01,41.9379997253418,41.9449996948242,41.75,41.7999992370605,0,41.7999992370605,"Philippines"
2012-07-02,41.8009986877441,41.935001373291,41.4000015258789,41.7960014343262,0,41.7960014343262,"Philippines"
2012-07-03,41.5110015869141,41.7750015258789,41.5099983215332,41.5110015869141,0,41.5110015869141,"Philippines"
2012-07-04,41.5270004272461,41.7299995422363,41.5149993896484,41.5309982299805,0,41.5309982299805,"Philippines"
2012-07-05,41.617000579834,41.7999992370605,41.5950012207031,41.6209983825684,0,41.6209983825684,"Philippines"
2012-07-08,41.765998840332,41.9249992370605,40.9500007629395,41.0929985046387,0,41.0929985046387,"Philippines"
2012-07-09,41.8619995117188,41.9000015258789,41.693000793457,41.859001159668,0,41.859001159668,"Philippines"
2012-07-10,41.7280006408691,41.8650016784668,41.7280006408691,41.726001739502,0,41.726001739502,"Philippines"
2012-07-11,41.7770004272461,42.0699996948242,41.7700004577637,41.7760009765625,0,41.7760009765625,"Philippines"
2012-07-12,41.9959983825684,42.0550003051758,41.75,41.9959983825684,0,41.9959983825684,"Philippines"
2012-07-15,41.8559989929199,41.8559989929199,41.6800003051758,41.8650016784668,0,41.8650016784668,"Philippines"
2012-07-16,41.701000213623,41.7999992370605,41.5719985961914,41.7029991149902,0,41.7029991149902,"Philippines"
2012-07-17,41.6279983520508,41.6800003051758,41.4819984436035,41.6269989013672,0,41.6269989013672,"Philippines"
2012-07-18,41.6150016784668,41.6800003051758,41.5139999389648,41.6080017089844,0,41.6080017089844,"Philippines"
2012-07-19,41.6040000915527,41.8499984741211,41.5449981689453,41.6030006408691,0,41.6030006408691,"Philippines"
2012-07-22,41.9099998474121,42.0149993896484,41.8499984741211,41.8009986877441,0,41.8009986877441,"Philippines"
2012-07-23,41.9749984741211,42.0149993896484,41.8790016174316,41.8479995727539,0,41.8479995727539,"Philippines"
2012-07-24,41.935001373291,42.1450004577637,41.9199981689453,41.9259986877441,0,41.9259986877441,"Philippines"
2012-07-25,42,42.0999984741211,41.882999420166,42.0040016174316,0,42.0040016174316,"Philippines"
2012-07-26,42.0429992675781,42.1399993896484,41.75,42.0410003662109,0,42.0410003662109,"Philippines"
2012-07-29,41.8300018310547,41.9199981689453,41.7529983520508,41.8330001831055,0,41.8330001831055,"Philippines"
2012-07-30,41.7550010681152,41.8499984741211,41.5709991455078,41.7509994506836,0,41.7509994506836,"Philippines"
2012-07-31,41.6230010986328,41.8499984741211,41.6069984436035,41.6180000305176,0,41.6180000305176,"Philippines"
2012-08-01,41.6380004882812,41.7900009155273,41.6380004882812,41.6349983215332,0,41.6349983215332,"Philippines"
2012-08-02,41.7000007629395,41.8899993896484,41.6080017089844,41.6969985961914,0,41.6969985961914,"Philippines"
2012-08-05,41.6730003356934,41.7999992370605,41.6570014953613,41.6749992370605,0,41.6749992370605,"Philippines"
2012-08-06,41.75,41.8199996948242,41.5999984741211,41.7470016479492,0,41.7470016479492,"Philippines"
2012-08-07,41.7529983520508,41.7529983520508,41.6500015258789,41.7569999694824,0,41.7569999694824,"Philippines"
2012-08-08,41.617000579834,41.75,41.617000579834,41.6189994812012,0,41.6189994812012,"Philippines"
2012-08-09,41.6529998779297,41.8450012207031,41.6500015258789,41.6360015869141,0,41.6360015869141,"Philippines"
2012-08-12,41.7729988098145,41.8400001525879,41.7729988098145,41.7330017089844,0,41.7330017089844,"Philippines"
2012-08-13,41.7319984436035,41.9700012207031,41.7299995422363,41.7330017089844,0,41.7330017089844,"Philippines"
2012-08-14,41.8300018310547,42.1780014038086,41.810001373291,41.8769989013672,0,41.8769989013672,"Philippines"
2012-08-15,42.1059989929199,42.3450012207031,42.0499992370605,42.1080017089844,0,42.1080017089844,"Philippines"
2012-08-16,42.1829986572266,42.3400001525879,42.1640014648438,42.2050018310547,0,42.2050018310547,"Philippines"
2012-08-19,41.7700004577637,42.3699989318848,41.7700004577637,42.2869987487793,0,42.2869987487793,"Philippines"
2012-08-20,42.2179985046387,42.2239990234375,42.1220016479492,42.2229995727539,0,42.2229995727539,"Philippines"
2012-08-21,42.1199989318848,42.3199996948242,42.1199989318848,42.1450004577637,0,42.1450004577637,"Philippines"
2012-08-22,42.0069999694824,42.0550003051758,42,42.2200012207031,0,42.2200012207031,"Philippines"
2012-08-23,42.0419998168945,42.1399993896484,42.0040016174316,42.0410003662109,0,42.0410003662109,"Philippines"
2012-08-26,42.1199989318848,42.1500015258789,42.0699996948242,42.1069984436035,0,42.1069984436035,"Philippines"
2012-08-27,42.1209983825684,42.2400016784668,42.1180000305176,42.1199989318848,0,42.1199989318848,"Philippines"
2012-08-28,42.2099990844727,42.2849998474121,42.2039985656738,42.2070007324219,0,42.2070007324219,"Philippines"
2012-08-29,42.2410011291504,42.3349990844727,42.1049995422363,42.2379989624023,0,42.2379989624023,"Philippines"
2012-08-30,42.1699981689453,42.1949996948242,41.9539985656738,42.1730003356934,0,42.1730003356934,"Philippines"
2012-09-02,42.1399993896484,42.1399993896484,41.814998626709,42.0299987792969,0,42.0299987792969,"Philippines"
2012-09-03,41.8209991455078,41.8800010681152,41.7449989318848,41.8209991455078,0,41.8209991455078,"Philippines"
2012-09-04,41.7999992370605,41.9230003356934,41.7750015258789,41.7900009155273,0,41.7900009155273,"Philippines"
2012-09-05,41.8120002746582,41.8499984741211,41.6290016174316,41.8339996337891,0,41.8339996337891,"Philippines"
2012-09-06,41.6199989318848,41.7849998474121,41.3899993896484,41.6269989013672,0,41.6269989013672,"Philippines"
2012-09-09,41.5069999694824,41.5299987792969,40.2550010681152,41.4259986877441,0,41.4259986877441,"Philippines"
2012-09-10,41.4519996643066,41.560001373291,41.4059982299805,41.4529991149902,0,41.4529991149902,"Philippines"
2012-09-11,41.4129981994629,41.4949989318848,41.3320007324219,41.4150009155273,0,41.4150009155273,"Philippines"
2012-09-12,41.4290008544922,41.685001373291,41.4290008544922,41.4280014038086,0,41.4280014038086,"Philippines"
2012-09-13,41.6479988098145,41.6479988098145,41.1469993591309,41.6360015869141,0,41.6360015869141,"Philippines"
2012-09-16,42.1399993896484,42.1399993896484,41.3699989318848,41.2949981689453,0,41.2949981689453,"Philippines"
2012-09-17,41.5250015258789,41.7000007629395,41.5089988708496,41.4679985046387,0,41.4679985046387,"Philippines"
2012-09-18,41.6839981079102,41.7599983215332,41.4850006103516,41.685001373291,0,41.685001373291,"Philippines"
2012-09-19,41.5120010375977,41.7150001525879,41.4850006103516,41.5099983215332,0,41.5099983215332,"Philippines"
2012-09-20,41.6059989929199,41.7000007629395,41.5169982910156,41.6080017089844,0,41.6080017089844,"Philippines"
2012-09-23,42.1399993896484,42.1399993896484,41.5999984741211,41.5620002746582,0,41.5620002746582,"Philippines"
2012-09-24,41.632999420166,41.6949996948242,41.564998626709,41.632999420166,0,41.632999420166,"Philippines"
2012-09-25,41.6500015258789,41.9160003662109,41.5999984741211,41.5629997253418,0,41.5629997253418,"Philippines"
2012-09-26,41.9140014648438,41.9140014648438,41.6940002441406,41.9300003051758,0,41.9300003051758,"Philippines"
2012-09-27,41.7050018310547,41.7849998474121,41.5890007019043,41.7039985656738,0,41.7039985656738,"Philippines"
2012-09-30,42.1399993896484,42.1399993896484,41.5530014038086,41.5550003051758,0,41.5550003051758,"Philippines"
2012-10-01,41.6119995117188,41.6699981689453,41.4620018005371,41.6069984436035,0,41.6069984436035,"Philippines"
2012-10-02,41.4819984436035,41.6049995422363,41.4389991760254,41.4850006103516,0,41.4850006103516,"Philippines"
2012-10-03,41.4900016784668,41.5499992370605,41.3549995422363,41.4900016784668,0,41.4900016784668,"Philippines"
2012-10-04,41.3849983215332,41.4000015258789,41.2410011291504,41.3310012817383,0,41.3310012817383,"Philippines"
2012-10-07,41.3339996337891,41.4249992370605,41.3339996337891,40.3520011901855,0,40.3520011901855,"Philippines"
2012-10-08,41.4129981994629,41.439998626709,41.2249984741211,41.4090003967285,0,41.4090003967285,"Philippines"
2012-10-09,41.3470001220703,41.4949989318848,41.3470001220703,41.3479995727539,0,41.3479995727539,"Philippines"
2012-10-10,41.4529991149902,41.5550003051758,41.3709983825684,41.4469985961914,0,41.4469985961914,"Philippines"
2012-10-11,41.4729995727539,41.4799995422363,41.2939987182617,41.4739990234375,0,41.4739990234375,"Philippines"
2012-10-14,41.3800010681152,41.4099998474121,41.2980003356934,41.310001373291,0,41.310001373291,"Philippines"
2012-10-15,41.3400001525879,41.4049987792969,41.1269989013672,41.3250007629395,0,41.3250007629395,"Philippines"
2012-10-16,41.2449989318848,41.3499984741211,40.9879989624023,41.257999420166,0,41.257999420166,"Philippines"
2012-10-17,41.0439987182617,41.2649993896484,41.0439987182617,41.0470008850098,0,41.0470008850098,"Philippines"
2012-10-18,41.1650009155273,41.3450012207031,41.1650009155273,41.1650009155273,0,41.1650009155273,"Philippines"
2012-10-21,41.3219985961914,41.3499984741211,41.2080001831055,41.2029991149902,0,41.2029991149902,"Philippines"
2012-10-22,41.2649993896484,41.3499984741211,41.1450004577637,41.2639999389648,0,41.2639999389648,"Philippines"
2012-10-23,41.2299995422363,41.3950004577637,41.1949996948242,41.2779998779297,0,41.2779998779297,"Philippines"
2012-10-24,41.2750015258789,41.4500007629395,41.0769996643066,41.3610000610352,0,41.3610000610352,"Philippines"
2012-10-25,41.0940017700195,41.310001373291,40.3489990234375,41.0970001220703,0,41.0970001220703,"Philippines"
2012-10-29,41.0690002441406,41.1980018615723,41.0690002441406,41.1660003662109,0,41.1660003662109,"Philippines"
2012-10-30,41.1790008544922,41.2249984741211,41.0470008850098,41.1640014648438,0,41.1640014648438,"Philippines"
2012-10-31,41.0670013427734,41.25,41,41.0699996948242,0,41.0699996948242,"Philippines"
2012-11-01,40.9860000610352,41.0999984741211,40.9799995422363,40.984001159668,0,40.984001159668,"Philippines"
2012-11-02,40.9980010986328,41.1119995117188,40.9980010986328,41.0050010681152,0,41.0050010681152,"Philippines"
2012-11-05,41.1349983215332,41.1669998168945,41.0499992370605,41,0,41,"Philippines"
2012-11-06,41.1310005187988,41.2700004577637,41.0550003051758,41.1500015258789,0,41.1500015258789,"Philippines"
2012-11-07,41.0859985351562,41.1599998474121,40.7809982299805,41.0880012512207,0,41.0880012512207,"Philippines"
2012-11-08,40.8330001831055,41.0849990844727,40.8330001831055,40.8330001831055,0,40.8330001831055,"Philippines"
2012-11-09,40.9329986572266,41.0999984741211,40.9160003662109,40.9370002746582,0,40.9370002746582,"Philippines"
2012-11-12,40.9469985961914,41.0099983215332,40.9469985961914,40.0919990539551,0,40.0919990539551,"Philippines"
2012-11-13,40.9700012207031,41.064998626709,40.951000213623,41.0099983215332,0,41.0099983215332,"Philippines"
2012-11-14,41.0069999694824,41.0499992370605,40.976001739502,41.0050010681152,0,41.0050010681152,"Philippines"
2012-11-15,41.0379981994629,41.1749992370605,41,41.0359992980957,0,41.0359992980957,"Philippines"
2012-11-16,41.0909996032715,41.2949981689453,41.0909996032715,41.0620002746582,0,41.0620002746582,"Philippines"
2012-11-19,41.0919990539551,41.3300018310547,41.0470008850098,41.173999786377,0,41.173999786377,"Philippines"
2012-11-20,41.0750007629395,41.1500015258789,41.0009994506836,41.056999206543,0,41.056999206543,"Philippines"
2012-11-21,41.0559997558594,41.1699981689453,40.9570007324219,41.0589981079102,0,41.0589981079102,"Philippines"
2012-11-22,41.0400009155273,41.0400009155273,40.9469985961914,40.9770011901855,0,40.9770011901855,"Philippines"
2012-11-23,40.9490013122559,41.0299987792969,40.9000015258789,40.9529991149902,0,40.9529991149902,"Philippines"
2012-11-26,40.8959999084473,40.9059982299805,40.8310012817383,40.9449996948242,0,40.9449996948242,"Philippines"
2012-11-27,40.8769989013672,40.9000015258789,40.6920013427734,40.8839988708496,0,40.8839988708496,"Philippines"
2012-11-28,40.681999206543,40.814998626709,40.681999206543,40.6879997253418,0,40.6879997253418,"Philippines"
2012-11-29,40.7249984741211,40.8300018310547,40.6609992980957,40.7249984741211,0,40.7249984741211,"Philippines"
2012-11-30,40.7599983215332,40.7999992370605,40.6800003051758,40.765998840332,0,40.765998840332,"Philippines"
2012-12-03,40.7770004272461,40.7949981689453,40.6839981079102,40.6419982910156,0,40.6419982910156,"Philippines"
2012-12-04,NA,NA,NA,NA,NA,NA,"Philippines"
2012-12-05,40.7960014343262,40.8499984741211,40.7350006103516,40.8040008544922,0,40.8040008544922,"Philippines"
2012-12-06,40.7360000610352,40.875,40.7360000610352,40.7490005493164,0,40.7490005493164,"Philippines"
2012-12-07,40.8209991455078,40.9099998474121,40.8030014038086,40.8209991455078,0,40.8209991455078,"Philippines"
2012-12-10,40.8050003051758,40.9099998474121,40.8050003051758,40.8600006103516,0,40.8600006103516,"Philippines"
2012-12-11,40.8359985351562,40.9000015258789,40.7799987792969,40.8320007324219,0,40.8320007324219,"Philippines"
2012-12-12,40.8699989318848,40.9550018310547,40.7599983215332,40.7779998779297,0,40.7779998779297,"Philippines"
2012-12-13,40.8860015869141,41.064998626709,40.8849983215332,40.8819999694824,0,40.8819999694824,"Philippines"
2012-12-14,40.935001373291,41.0950012207031,40.935001373291,40.9339981079102,0,40.9339981079102,"Philippines"
2012-12-17,40.9519996643066,41.0800018310547,40.9000015258789,41.0299987792969,0,41.0299987792969,"Philippines"
2012-12-18,40.8860015869141,40.9939994812012,40.8860015869141,40.8870010375977,0,40.8870010375977,"Philippines"
2012-12-19,40.9609985351562,41,40.8759994506836,40.9630012512207,0,40.9630012512207,"Philippines"
2012-12-20,40.882999420166,41.0149993896484,40.882999420166,40.8889999389648,0,40.8889999389648,"Philippines"
2012-12-21,40.9850006103516,41.0950012207031,40.9599990844727,40.9850006103516,0,40.9850006103516,"Philippines"
2012-12-24,41.0330009460449,41.0699996948242,41.0209999084473,41.0200004577637,0,41.0200004577637,"Philippines"
2012-12-25,41.0139999389648,41.0750007629395,41.0130004882812,41.0320014953613,0,41.0320014953613,"Philippines"
2012-12-26,41.0130004882812,41.0800018310547,40.9500007629395,41.0219993591309,0,41.0219993591309,"Philippines"
2012-12-27,41.0250015258789,41.1749992370605,41.0019989013672,41.0260009765625,0,41.0260009765625,"Philippines"
2012-12-28,41.0130004882812,41.3499984741211,40.9290008544922,41.0110015869141,0,41.0110015869141,"Philippines"
2012-12-31,40.9650001525879,40.9819984436035,40.8779983520508,40.9720001220703,0,40.9720001220703,"Philippines"
2013-01-01,40.9309997558594,40.9990005493164,40.8940010070801,40.9370002746582,0,40.9370002746582,"Philippines"
2013-01-02,40.935001373291,41,40.7220001220703,40.935001373291,0,40.935001373291,"Philippines"
2013-01-03,40.7599983215332,40.8499984741211,40.609001159668,40.765998840332,0,40.765998840332,"Philippines"
2013-01-04,40.6360015869141,40.8349990844727,40.6360015869141,40.6209983825684,0,40.6209983825684,"Philippines"
2013-01-07,40.8030014038086,40.8199996948242,40.7490005493164,40.8199996948242,0,40.8199996948242,"Philippines"
2013-01-08,40.8040008544922,40.8899993896484,40.681999206543,40.8009986877441,0,40.8009986877441,"Philippines"
2013-01-09,40.7649993896484,40.7799987792969,40.625,40.701000213623,0,40.701000213623,"Philippines"
2013-01-10,40.6370010375977,40.7799987792969,40.4700012207031,40.6399993896484,0,40.6399993896484,"Philippines"
2013-01-11,40.6020011901855,40.6020011901855,40.4420013427734,40.6020011901855,0,40.6020011901855,"Philippines"
2013-01-14,40.5699996948242,40.5699996948242,40.5180015563965,40.5009994506836,0,40.5009994506836,"Philippines"
2013-01-15,40.5379981994629,40.5999984741211,40.3849983215332,40.5379981994629,0,40.5379981994629,"Philippines"
2013-01-16,40.4570007324219,40.6370010375977,40.4570007324219,40.4669990539551,0,40.4669990539551,"Philippines"
2013-01-17,40.5870018005371,40.5870018005371,40.4729995727539,40.5839996337891,0,40.5839996337891,"Philippines"
2013-01-18,40.4799995422363,40.6500015258789,40.4249992370605,40.4830017089844,0,40.4830017089844,"Philippines"
2013-01-21,40.4280014038086,40.6430015563965,40.4280014038086,39.7459983825684,0,39.7459983825684,"Philippines"
2013-01-22,40.5719985961914,40.6100006103516,40.4790000915527,40.568000793457,0,40.568000793457,"Philippines"
2013-01-23,40.4869995117188,40.5400009155273,40.484001159668,40.4869995117188,0,40.4869995117188,"Philippines"
2013-01-24,40.4990005493164,40.5800018310547,40.4990005493164,40.5250015258789,0,40.5250015258789,"Philippines"
2013-01-25,40.5190010070801,40.6800003051758,40.5190010070801,40.507999420166,0,40.507999420166,"Philippines"
2013-01-28,40.6529998779297,40.8699989318848,40.6500015258789,40.5999984741211,0,40.5999984741211,"Philippines"
2013-01-29,40.810001373291,40.9000015258789,40.5900001525879,40.8390007019043,0,40.8390007019043,"Philippines"
2013-01-30,40.6160011291504,40.6349983215332,40.4869995117188,40.6139984130859,0,40.6139984130859,"Philippines"
2013-01-31,40.5499992370605,40.6100006103516,40.4690017700195,40.548999786377,0,40.548999786377,"Philippines"
2013-02-01,40.5719985961914,40.7150001525879,40.4620018005371,40.5909996032715,0,40.5909996032715,"Philippines"
2013-02-04,40.6129989624023,40.6139984130859,40.4700012207031,40.5639991760254,0,40.5639991760254,"Philippines"
2013-02-05,40.4599990844727,40.5499992370605,40.4599990844727,40.4850006103516,0,40.4850006103516,"Philippines"
2013-02-06,40.5400009155273,40.632999420166,40.5260009765625,40.5410003662109,0,40.5410003662109,"Philippines"
2013-02-07,40.5400009155273,40.6399993896484,40.523998260498,40.6290016174316,0,40.6290016174316,"Philippines"
2013-02-08,40.5349998474121,40.6699981689453,40.5250015258789,40.6129989624023,0,40.6129989624023,"Philippines"
2013-02-11,40.5719985961914,40.6599998474121,40.5550003051758,40.6020011901855,0,40.6020011901855,"Philippines"
2013-02-12,40.5839996337891,40.6349983215332,40.5449981689453,40.5929985046387,0,40.5929985046387,"Philippines"
2013-02-13,40.576000213623,40.6500015258789,40.5149993896484,40.5890007019043,0,40.5890007019043,"Philippines"
2013-02-14,40.5589981079102,40.6199989318848,40.4729995727539,40.5579986572266,0,40.5579986572266,"Philippines"
2013-02-15,40.6100006103516,40.6100006103516,40.4819984436035,40.5379981994629,0,40.5379981994629,"Philippines"
2013-02-18,40.5769996643066,40.5900001525879,40.5050010681152,40.4799995422363,0,40.4799995422363,"Philippines"
2013-02-19,40.5540008544922,40.5900001525879,40.4500007629395,40.5559997558594,0,40.5559997558594,"Philippines"
2013-02-20,40.5180015563965,40.5800018310547,40.5,40.5200004577637,0,40.5200004577637,"Philippines"
2013-02-21,40.5379981994629,40.7299995422363,40.5379981994629,40.5379981994629,0,40.5379981994629,"Philippines"
2013-02-22,40.6619987487793,40.6800003051758,40.5719985961914,40.6619987487793,0,40.6619987487793,"Philippines"
2013-02-25,40.5699996948242,40.75,40.5550003051758,40.6129989624023,0,40.6129989624023,"Philippines"
2013-02-26,40.5620002746582,40.7130012512207,40.5620002746582,40.5660018920898,0,40.5660018920898,"Philippines"
2013-02-27,40.6349983215332,40.7000007629395,40.5849990844727,40.6349983215332,0,40.6349983215332,"Philippines"
2013-02-28,40.6360015869141,40.7000007629395,40.5369987487793,40.6349983215332,0,40.6349983215332,"Philippines"
2013-03-01,40.5470008850098,40.6500015258789,40.5429992675781,40.5340003967285,0,40.5340003967285,"Philippines"
2013-03-04,40.7019996643066,40.7150001525879,40.6599998474121,40.5670013427734,0,40.5670013427734,"Philippines"
2013-03-05,40.6440010070801,40.7000007629395,40.5890007019043,40.6520004272461,0,40.6520004272461,"Philippines"
2013-03-06,40.6549987792969,40.6549987792969,40.5449981689453,40.6549987792969,0,40.6549987792969,"Philippines"
2013-03-07,40.5999984741211,40.689998626709,40.5789985656738,40.6269989013672,0,40.6269989013672,"Philippines"
2013-03-08,40.5660018920898,40.6220016479492,40.5639991760254,40.5639991760254,0,40.5639991760254,"Philippines"
2013-03-11,40.5439987182617,40.689998626709,40.5359992980957,40.5830001831055,0,40.5830001831055,"Philippines"
2013-03-12,40.5709991455078,40.5999984741211,40.4589996337891,40.5769996643066,0,40.5769996643066,"Philippines"
2013-03-13,40.5149993896484,40.5999984741211,40.4059982299805,40.5139999389648,0,40.5139999389648,"Philippines"
2013-03-14,40.4860000610352,40.5750007629395,40.4570007324219,40.4850006103516,0,40.4850006103516,"Philippines"
2013-03-15,40.5139999389648,40.5800018310547,40.4490013122559,40.5130004882812,0,40.5130004882812,"Philippines"
2013-03-18,40.6150016784668,40.6150016784668,40.5190010070801,40.4529991149902,0,40.4529991149902,"Philippines"
2013-03-19,40.6049995422363,40.6150016784668,40.5200004577637,40.5,0,40.5,"Philippines"
2013-03-20,40.5349998474121,40.7050018310547,40.5349998474121,40.5330009460449,0,40.5330009460449,"Philippines"
2013-03-21,40.5839996337891,40.685001373291,40.5839996337891,40.6500015258789,0,40.6500015258789,"Philippines"
2013-03-22,40.6319999694824,40.7799987792969,40.6319999694824,40.6360015869141,0,40.6360015869141,"Philippines"
2013-03-25,40.6800003051758,40.8400001525879,40.6800003051758,40.7669982910156,0,40.7669982910156,"Philippines"
2013-03-26,40.7089996337891,40.9650001525879,40.7089996337891,40.734001159668,0,40.734001159668,"Philippines"
2013-03-27,40.9620018005371,41.0999984741211,40.685001373291,40.931999206543,0,40.931999206543,"Philippines"
2013-03-28,40.701000213623,40.7700004577637,40.6980018615723,40.7029991149902,0,40.7029991149902,"Philippines"
2013-03-29,40.701000213623,40.7700004577637,40.6980018615723,40.7029991149902,0,40.7029991149902,"Philippines"
2013-03-31,40.7700004577637,40.7700004577637,40.7700004577637,40.7099990844727,0,40.7099990844727,"Philippines"
2013-04-01,40.75,40.7999992370605,40.6910018920898,40.7999992370605,0,40.7999992370605,"Philippines"
2013-04-02,40.7560005187988,40.8549995422363,40.7560005187988,40.701000213623,0,40.701000213623,"Philippines"
2013-04-03,40.7900009155273,41.2150001525879,40.7900009155273,40.814998626709,0,40.814998626709,"Philippines"
2013-04-04,41.0499992370605,41.25,41.0149993896484,41.1570014953613,0,41.1570014953613,"Philippines"
2013-04-07,41.1660003662109,41.2140007019043,41.1199989318848,41.3190002441406,0,41.3190002441406,"Philippines"
2013-04-08,41.1920013427734,41.2599983215332,41.0400009155273,41.193000793457,0,41.193000793457,"Philippines"
2013-04-09,41.0859985351562,41.1500015258789,40.7939987182617,41.0820007324219,0,41.0820007324219,"Philippines"
2013-04-10,40.9500007629395,41,40.8400001525879,40.7960014343262,0,40.7960014343262,"Philippines"
2013-04-11,41,41.2249984741211,40.9000015258789,40.8660011291504,0,40.8660011291504,"Philippines"
2013-04-14,41.1720008850098,41.2999992370605,41.0750007629395,41.25,0,41.25,"Philippines"
2013-04-15,41.109001159668,41.3300018310547,41.109001159668,41.0950012207031,0,41.0950012207031,"Philippines"
2013-04-16,41.2649993896484,41.2999992370605,41.0999984741211,41.2639999389648,0,41.2639999389648,"Philippines"
2013-04-17,41.1230010986328,41.2900009155273,41.0800018310547,41.132999420166,0,41.132999420166,"Philippines"
2013-04-18,41.0299987792969,41.2099990844727,40.9500007629395,41.1349983215332,0,41.1349983215332,"Philippines"
2013-04-21,40.9300003051758,41.185001373291,40.9300003051758,41.007999420166,0,41.007999420166,"Philippines"
2013-04-22,41.1580009460449,41.2750015258789,41.1100006103516,41.1619987487793,0,41.1619987487793,"Philippines"
2013-04-23,41.2849998474121,41.2900009155273,41.1559982299805,41.2840003967285,0,41.2840003967285,"Philippines"
2013-04-24,41.1679992675781,41.25,41.0730018615723,41.1710014343262,0,41.1710014343262,"Philippines"
2013-04-25,41.1459999084473,41.2200012207031,41.0149993896484,41.1450004577637,0,41.1450004577637,"Philippines"
2013-04-28,41.0540008544922,41.2200012207031,41.0180015563965,41.1450004577637,0,41.1450004577637,"Philippines"
2013-04-29,41.0260009765625,41.0999984741211,40.9980010986328,41.0340003967285,0,41.0340003967285,"Philippines"
2013-04-30,41.0610008239746,41.1500015258789,41.0040016174316,41.0589981079102,0,41.0589981079102,"Philippines"
2013-05-01,41.0449981689453,41.1749992370605,40.8400001525879,41.0509986877441,0,41.0509986877441,"Philippines"
2013-05-02,40.9500007629395,40.9500007629395,40.6609992980957,40.8559989929199,0,40.8559989929199,"Philippines"
2013-05-05,40.726001739502,40.8860015869141,40.726001739502,40.8300018310547,0,40.8300018310547,"Philippines"
2013-05-06,40.8190002441406,40.9099998474121,40.6839981079102,40.8190002441406,0,40.8190002441406,"Philippines"
2013-05-07,40.7480010986328,40.8250007629395,40.5830001831055,40.7439994812012,0,40.7439994812012,"Philippines"
2013-05-08,40.6580009460449,40.7379989624023,40.6290016174316,40.6699981689453,0,40.6699981689453,"Philippines"
2013-05-09,40.7159996032715,41.1119995117188,40.7130012512207,40.7120018005371,0,40.7120018005371,"Philippines"
2013-05-12,41.0449981689453,41.0999984741211,40.9650001525879,41.0139999389648,0,41.0139999389648,"Philippines"
2013-05-13,41.0709991455078,41.1500015258789,40.9599990844727,41.060001373291,0,41.060001373291,"Philippines"
2013-05-14,41.0309982299805,41.2099990844727,41.007999420166,41.0299987792969,0,41.0299987792969,"Philippines"
2013-05-15,41.1599998474121,41.25,41.0449981689453,41.1580009460449,0,41.1580009460449,"Philippines"
2013-05-16,41.1349983215332,41.2000007629395,41.0299987792969,41.132999420166,0,41.132999420166,"Philippines"
2013-05-19,41.0919990539551,41.2000007629395,41.0660018920898,41.0900001525879,0,41.0900001525879,"Philippines"
2013-05-20,41.0900001525879,41.2179985046387,40.9900016784668,41.0919990539551,0,41.0919990539551,"Philippines"
2013-05-21,41.0970001220703,41.2299995422363,41.0390014648438,41.1110000610352,0,41.1110000610352,"Philippines"
2013-05-22,41.1660003662109,41.6500015258789,41.1660003662109,41.1650009155273,0,41.1650009155273,"Philippines"
2013-05-23,41.6110000610352,41.7000007629395,41.4570007324219,41.6139984130859,0,41.6139984130859,"Philippines"
2013-05-26,41.1599998474121,41.5470008850098,41.1599998474121,41.5110015869141,0,41.5110015869141,"Philippines"
2013-05-27,41.5349998474121,41.8400001525879,41.5349998474121,41.5340003967285,0,41.5340003967285,"Philippines"
2013-05-28,41.8079986572266,42.3880004882812,41.8059997558594,41.810001373291,0,41.810001373291,"Philippines"
2013-05-29,42.3759994506836,42.4830017089844,42.0900001525879,42.3759994506836,0,42.3759994506836,"Philippines"
2013-05-30,42.1780014038086,42.2799987792969,42.0550003051758,42.1749992370605,0,42.1749992370605,"Philippines"
2013-06-02,42.109001159668,42.2799987792969,41.7000007629395,41.2490005493164,0,41.2490005493164,"Philippines"
2013-06-03,41.6759986877441,41.9700012207031,41.6759986877441,41.6860008239746,0,41.6860008239746,"Philippines"
2013-06-04,41.6749992370605,41.9500007629395,41.6749992370605,41.6710014343262,0,41.6710014343262,"Philippines"
2013-06-05,41.9119987487793,42.0999984741211,41.9119987487793,41.9160003662109,0,41.9160003662109,"Philippines"
2013-06-06,42.0349998474121,42.2999992370605,41.8849983215332,42.0369987487793,0,42.0369987487793,"Philippines"
2013-06-09,42.0349998474121,42.810001373291,41.4700012207031,42.0369987487793,0,42.0369987487793,"Philippines"
2013-06-10,42.0349998474121,43.1549987792969,41.4700012207031,42.0369987487793,0,42.0369987487793,"Philippines"
2013-06-11,42.0349998474121,43.1549987792969,41.4700012207031,42.0369987487793,0,42.0369987487793,"Philippines"
2013-06-12,42.9500007629395,43.2080001831055,42.8300018310547,42.9339981079102,0,42.9339981079102,"Philippines"
2013-06-13,42.8930015563965,42.8930015563965,42.6879997253418,42.8880004882812,0,42.8880004882812,"Philippines"
2013-06-16,42.7200012207031,42.8279991149902,42.7109985351562,42.7080001831055,0,42.7080001831055,"Philippines"
2013-06-17,42.765998840332,43.1879997253418,42.765998840332,42.765998840332,0,42.765998840332,"Philippines"
2013-06-18,43.1160011291504,43.2249984741211,42.9630012512207,43.1189994812012,0,43.1189994812012,"Philippines"
2013-06-19,42.9370002746582,43.7400016784668,42.9370002746582,42.935001373291,0,42.935001373291,"Philippines"
2013-06-20,43.617000579834,44.0200004577637,43.5130004882812,43.6450004577637,0,43.6450004577637,"Philippines"
2013-06-23,43.8580017089844,43.8580017089844,43.5839996337891,43.7999992370605,0,43.7999992370605,"Philippines"
2013-06-24,43.7589988708496,43.7589988708496,43.1959991455078,43.7569999694824,0,43.7569999694824,"Philippines"
2013-06-25,43.2220001220703,43.439998626709,43.2000007629395,43.2229995727539,0,43.2229995727539,"Philippines"
2013-06-26,43.2680015563965,43.3300018310547,43.1100006103516,43.2649993896484,0,43.2649993896484,"Philippines"
2013-06-27,43.2200012207031,43.3300018310547,43,43.2080001831055,0,43.2080001831055,"Philippines"
2013-06-30,43,43.0349998474121,42.9309997558594,43,0,43,"Philippines"
2013-07-01,43.0499992370605,43.2999992370605,42.992000579834,43.0330009460449,0,43.0330009460449,"Philippines"
2013-07-02,43.1580009460449,43.3889999389648,43.1580009460449,43.1549987792969,0,43.1549987792969,"Philippines"
2013-07-03,43.375,43.375,43.2540016174316,43.3600006103516,0,43.3600006103516,"Philippines"
2013-07-04,43.2830009460449,43.7400016784668,43.2239990234375,43.2809982299805,0,43.2809982299805,"Philippines"
2013-07-07,43.375,43.625,43.375,43.3559989929199,0,43.3559989929199,"Philippines"
2013-07-08,43.5999984741211,43.6500015258789,43.2900009155273,43.5859985351562,0,43.5859985351562,"Philippines"
2013-07-09,43.3120002746582,43.4150009155273,43.1730003356934,43.3139991760254,0,43.3139991760254,"Philippines"
2013-07-10,43.3199996948242,43.4099998474121,43.1049995422363,43.3370018005371,0,43.3370018005371,"Philippines"
2013-07-11,43.2000007629395,43.3349990844727,43.181999206543,43.185001373291,0,43.185001373291,"Philippines"
2013-07-14,43.3310012817383,43.435001373291,43.25,43.2719993591309,0,43.2719993591309,"Philippines"
2013-07-15,43.3549995422363,43.4449996948242,43.0699996948242,43.3419990539551,0,43.3419990539551,"Philippines"
2013-07-16,43.2200012207031,43.3499984741211,43.1100006103516,43.2210006713867,0,43.2210006713867,"Philippines"
2013-07-17,43.2140007019043,43.4650001525879,43.2070007324219,43.2109985351562,0,43.2109985351562,"Philippines"
2013-07-18,43.298999786377,43.5299987792969,43.1660003662109,43.298999786377,0,43.298999786377,"Philippines"
2013-07-21,43.1689987182617,43.25,43.0750007629395,43.25,0,43.25,"Philippines"
2013-07-22,43.1110000610352,43.2000007629395,43.0180015563965,43.1139984130859,0,43.1139984130859,"Philippines"
2013-07-23,43.0830001831055,43.2999992370605,43.0499992370605,43.0830001831055,0,43.0830001831055,"Philippines"
2013-07-24,43.1380004882812,43.3979988098145,43.1360015869141,43.1360015869141,0,43.1360015869141,"Philippines"
2013-07-25,43.2379989624023,43.3800010681152,43.1199989318848,43.3429985046387,0,43.3429985046387,"Philippines"
2013-07-28,43.2900009155273,43.3349990844727,43.1189994812012,43.2949981689453,0,43.2949981689453,"Philippines"
2013-07-29,43.1839981079102,43.4599990844727,43.1839981079102,43.1839981079102,0,43.1839981079102,"Philippines"
2013-07-30,43.2879981994629,43.5530014038086,43.2879981994629,43.2890014648438,0,43.2890014648438,"Philippines"
2013-07-31,43.3400001525879,43.625,43.3219985961914,43.3400001525879,0,43.3400001525879,"Philippines"
2013-08-01,43.4990005493164,43.693000793457,43.4469985961914,43.4990005493164,0,43.4990005493164,"Philippines"
2013-08-04,43.6049995422363,43.6049995422363,43.3440017700195,43.6049995422363,0,43.6049995422363,"Philippines"
2013-08-05,43.3880004882812,43.5340003967285,43.359001159668,43.3880004882812,0,43.3880004882812,"Philippines"
2013-08-06,43.3110008239746,43.7729988098145,43.3110008239746,43.3129997253418,0,43.3129997253418,"Philippines"
2013-08-07,43.6889991760254,43.6949996948242,43.3950004577637,43.6879997253418,0,43.6879997253418,"Philippines"
2013-08-08,43.3629989624023,43.568000793457,43.3240013122559,43.568000793457,0,43.568000793457,"Philippines"
2013-08-11,43.568000793457,43.7150001525879,43.4449996948242,43.568000793457,0,43.568000793457,"Philippines"
2013-08-12,43.6749992370605,43.810001373291,43.5149993896484,43.6749992370605,0,43.6749992370605,"Philippines"
2013-08-13,43.7050018310547,43.8250007629395,43.6450004577637,43.7050018310547,0,43.7050018310547,"Philippines"
2013-08-14,43.6640014648438,43.875,43.6150016784668,43.6640014648438,0,43.6640014648438,"Philippines"
2013-08-15,43.7900009155273,43.8050003051758,43.5139999389648,43.7900009155273,0,43.7900009155273,"Philippines"
2013-08-18,43.6450004577637,43.8800010681152,43.5139999389648,43.6450004577637,0,43.6450004577637,"Philippines"
2013-08-19,43.6450004577637,43.9199981689453,43.5909996032715,43.6450004577637,0,43.6450004577637,"Philippines"
2013-08-20,43.6450004577637,44.0279998779297,43.6450004577637,43.6450004577637,0,43.6450004577637,"Philippines"
2013-08-21,43.8629989624023,44.25,43.6450004577637,43.8639984130859,0,43.8639984130859,"Philippines"
2013-08-22,44.0639991760254,44.2649993896484,44.0410003662109,44.0629997253418,0,44.0629997253418,"Philippines"
2013-08-25,44.1049995422363,44.189998626709,44.0810012817383,44.1049995422363,0,44.1049995422363,"Philippines"
2013-08-26,44.2550010681152,44.685001373291,44.1150016784668,44.1119995117188,0,44.1119995117188,"Philippines"
2013-08-27,44.5120010375977,44.7900009155273,44.4339981079102,44.4949989318848,0,44.4949989318848,"Philippines"
2013-08-28,44.4630012512207,44.7449989318848,44.4010009765625,44.4630012512207,0,44.4630012512207,"Philippines"
2013-08-29,44.4119987487793,44.7350006103516,44.4119987487793,44.4169998168945,0,44.4169998168945,"Philippines"
2013-09-01,44.5950012207031,44.6450004577637,44.1539993286133,44.5950012207031,0,44.5950012207031,"Philippines"
2013-09-02,44.1949996948242,44.4799995422363,44.1549987792969,44.1959991455078,0,44.1959991455078,"Philippines"
2013-09-03,44.3689994812012,44.6399993896484,44.1570014953613,44.3689994812012,0,44.3689994812012,"Philippines"
2013-09-04,44.1559982299805,44.6049995422363,44.1349983215332,44.1559982299805,0,44.1559982299805,"Philippines"
2013-09-05,44.5299987792969,44.5950012207031,44.185001373291,44.5299987792969,0,44.5299987792969,"Philippines"
2013-09-08,44.2750015258789,44.3400001525879,43.8370018005371,44.2649993896484,0,44.2649993896484,"Philippines"
2013-09-09,44.2249984741211,44.2249984741211,43.6150016784668,44.2249984741211,0,44.2249984741211,"Philippines"
2013-09-10,43.5800018310547,43.8450012207031,43.5019989013672,43.5800018310547,0,43.5800018310547,"Philippines"
2013-09-11,43.5069999694824,43.875,43.5069999694824,43.5120010375977,0,43.5120010375977,"Philippines"
2013-09-12,43.5929985046387,43.9259986877441,43.5929985046387,43.5929985046387,0,43.5929985046387,"Philippines"
2013-09-15,43.7099990844727,43.7150001525879,43.3759994506836,43.4140014648438,0,43.4140014648438,"Philippines"
2013-09-16,43.4189987182617,43.7649993896484,43.3959999084473,43.4129981994629,0,43.4129981994629,"Philippines"
2013-09-17,43.4099998474121,43.6500015258789,43.2690010070801,43.4090003967285,0,43.4090003967285,"Philippines"
2013-09-18,43.2929992675781,43.5200004577637,42.75,43.2859992980957,0,43.2859992980957,"Philippines"
2013-09-19,43.076000213623,43.226001739502,42.9199981689453,43.076000213623,0,43.076000213623,"Philippines"
2013-09-22,43.0400009155273,43.3499984741211,42.9939994812012,43.0200004577637,0,43.0200004577637,"Philippines"
2013-09-23,43.1640014648438,43.4900016784668,43.1640014648438,43.1629981994629,0,43.1629981994629,"Philippines"
2013-09-24,43.3699989318848,43.5349998474121,43.2169990539551,43.3699989318848,0,43.3699989318848,"Philippines"
2013-09-25,43.435001373291,43.435001373291,43.1069984436035,43.435001373291,0,43.435001373291,"Philippines"
2013-09-26,43.2280006408691,43.4099998474121,43.125,43.2280006408691,0,43.2280006408691,"Philippines"
2013-09-29,43.3450012207031,43.560001373291,43.2999992370605,43.3450012207031,0,43.3450012207031,"Philippines"
2013-09-30,43.3639984130859,43.5349998474121,43.1629981994629,43.3619995117188,0,43.3619995117188,"Philippines"
2013-10-01,43.2949981689453,43.4199981689453,43.1339988708496,43.2949981689453,0,43.2949981689453,"Philippines"
2013-10-02,43.375,43.375,42.9360008239746,43.132999420166,0,43.132999420166,"Philippines"
2013-10-03,43.0099983215332,43.2999992370605,42.9630012512207,43.0099983215332,0,43.0099983215332,"Philippines"
2013-10-06,43.064998626709,43.1450004577637,42.9500007629395,43.064998626709,0,43.064998626709,"Philippines"
2013-10-07,NA,NA,NA,NA,NA,NA,"Philippines"
2013-10-08,43.0419998168945,43.185001373291,43.0050010681152,43.0419998168945,0,43.0419998168945,"Philippines"
2013-10-09,43.1279983520508,43.2550010681152,43.0369987487793,43.1279983520508,0,43.1279983520508,"Philippines"
2013-10-10,43.0530014038086,43.1399993896484,42.8730010986328,43.0540008544922,0,43.0540008544922,"Philippines"
2013-10-13,43.1150016784668,43.125,42.9199981689453,43.1150016784668,0,43.1150016784668,"Philippines"
2013-10-14,43.0279998779297,43.1430015563965,42.9300003051758,43.0279998779297,0,43.0279998779297,"Philippines"
2013-10-15,43.1450004577637,43.2000007629395,42.9500007629395,43.1450004577637,0,43.1450004577637,"Philippines"
2013-10-16,43.0909996032715,43.185001373291,42.9000015258789,43.0909996032715,0,43.0909996032715,"Philippines"
2013-10-17,42.9480018615723,43.0750007629395,42.9379997253418,42.9449996948242,0,42.9449996948242,"Philippines"
2013-10-20,43.064998626709,43.185001373291,42.9809989929199,43.064998626709,0,43.064998626709,"Philippines"
2013-10-21,43.0550003051758,43.2299995422363,42.9519996643066,43.1349983215332,0,43.1349983215332,"Philippines"
2013-10-22,43.1650009155273,43.1650009155273,42.9490013122559,43.1599998474121,0,43.1599998474121,"Philippines"
2013-10-23,43.0019989013672,43.1450004577637,42.9560012817383,43.0099983215332,0,43.0099983215332,"Philippines"
2013-10-24,43.0800018310547,43.1049995422363,42.9199981689453,43.0800018310547,0,43.0800018310547,"Philippines"
2013-10-28,42.9580001831055,43.0750007629395,42.951000213623,42.9620018005371,0,42.9620018005371,"Philippines"
2013-10-29,42.9469985961914,43.125,42.9469985961914,42.939998626709,0,42.939998626709,"Philippines"
2013-10-30,43.1300010681152,43.2099990844727,42.9869995117188,43.0400009155273,0,43.0400009155273,"Philippines"
2013-10-31,43.0950012207031,43.2799987792969,42.9949989318848,43.0950012207031,0,43.0950012207031,"Philippines"
2013-11-01,43.2000007629395,43.4300003051758,43.109001159668,43.1129989624023,0,43.1129989624023,"Philippines"
2013-11-04,43.3349990844727,43.4099998474121,43.1809997558594,43.2470016479492,0,43.2470016479492,"Philippines"
2013-11-05,43.2140007019043,43.3400001525879,42.7389984130859,43.2120018005371,0,43.2120018005371,"Philippines"
2013-11-06,43.185001373291,43.3250007629395,43.1119995117188,43.185001373291,0,43.185001373291,"Philippines"
2013-11-07,43.2830009460449,43.2830009460449,43.0550003051758,43.2830009460449,0,43.2830009460449,"Philippines"
2013-11-08,43.2099990844727,43.3499984741211,43.0299987792969,43.140998840332,0,43.140998840332,"Philippines"
2013-11-11,43.1879997253418,43.625,43.1879997253418,43.1879997253418,0,43.1879997253418,"Philippines"
2013-11-12,43.5730018615723,43.8349990844727,43.492000579834,43.4910011291504,0,43.4910011291504,"Philippines"
2013-11-13,43.7700004577637,43.8079986572266,43.5229988098145,43.6559982299805,0,43.6559982299805,"Philippines"
2013-11-14,43.7229995727539,43.7229995727539,43.3800010681152,43.6139984130859,0,43.6139984130859,"Philippines"
2013-11-15,43.5550003051758,43.6549987792969,43.4109992980957,43.4609985351562,0,43.4609985351562,"Philippines"
2013-11-18,43.6549987792969,43.6549987792969,43.4290008544922,43.4469985961914,0,43.4469985961914,"Philippines"
2013-11-19,43.5750007629395,43.5950012207031,43.3819999694824,43.4860000610352,0,43.4860000610352,"Philippines"
2013-11-20,43.4199981689453,43.6650009155273,43.3740005493164,43.4199981689453,0,43.4199981689453,"Philippines"
2013-11-21,43.5149993896484,43.8279991149902,43.5050010681152,43.6749992370605,0,43.6749992370605,"Philippines"
2013-11-22,43.7400016784668,43.935001373291,43.6800003051758,43.7400016784668,0,43.7400016784668,"Philippines"
2013-11-25,43.8549995422363,43.9000015258789,43.742000579834,43.7929992675781,0,43.7929992675781,"Philippines"
2013-11-26,43.7750015258789,43.8650016784668,43.625,43.7639999389648,0,43.7639999389648,"Philippines"
2013-11-27,43.6650009155273,43.757999420166,43.5800018310547,43.6529998779297,0,43.6529998779297,"Philippines"
2013-11-28,43.5530014038086,43.757999420166,43.5530014038086,43.5550003051758,0,43.5550003051758,"Philippines"
2013-11-29,43.6119995117188,43.7750015258789,43.556999206543,43.609001159668,0,43.609001159668,"Philippines"
2013-12-02,43.5699996948242,43.7449989318848,43.5180015563965,43.5470008850098,0,43.5470008850098,"Philippines"
2013-12-03,43.6500015258789,43.8050003051758,43.5929985046387,43.6450004577637,0,43.6450004577637,"Philippines"
2013-12-04,43.7190017700195,43.8819999694824,43.6209983825684,43.7190017700195,0,43.7190017700195,"Philippines"
2013-12-05,43.8650016784668,43.8839988708496,43.7099990844727,43.7680015563965,0,43.7680015563965,"Philippines"
2013-12-06,43.8349990844727,44.1199989318848,43.7449989318848,43.8349990844727,0,43.8349990844727,"Philippines"
2013-12-09,43.9480018615723,44.1450004577637,43.8450012207031,43.9480018615723,0,43.9480018615723,"Philippines"
2013-12-10,44.1300010681152,44.3950004577637,44.0089988708496,44.015998840332,0,44.015998840332,"Philippines"
2013-12-11,44.2849998474121,44.2999992370605,43.9550018310547,44.2849998474121,0,44.2849998474121,"Philippines"
2013-12-12,44.0979995727539,44.2700004577637,43.976001739502,44.0979995727539,0,44.0979995727539,"Philippines"
2013-12-13,44.0830001831055,44.2150001525879,44.0099983215332,44.0190010070801,0,44.0190010070801,"Philippines"
2013-12-16,44.0499992370605,44.1500015258789,43.9500007629395,44.0250015258789,0,44.0250015258789,"Philippines"
2013-12-17,43.9550018310547,44.1889991760254,43.9480018615723,43.9440002441406,0,43.9440002441406,"Philippines"
2013-12-18,44.193000793457,44.2849998474121,44.0800018310547,44.193000793457,0,44.193000793457,"Philippines"
2013-12-19,44.2649993896484,44.5200004577637,44.1780014038086,44.2649993896484,0,44.2649993896484,"Philippines"
2013-12-20,44.4099998474121,44.568000793457,44.3580017089844,44.4379997253418,0,44.4379997253418,"Philippines"
2013-12-23,44.3540000915527,44.4949989318848,44.2490005493164,44.375,0,44.375,"Philippines"
2013-12-24,44.2750015258789,44.4199981689453,44.2610015869141,44.2639999389648,0,44.2639999389648,"Philippines"
2013-12-25,44.310001373291,44.310001373291,44.2849998474121,44.2789993286133,0,44.2789993286133,"Philippines"
2013-12-26,44.310001373291,44.4900016784668,44.2540016174316,44.310001373291,0,44.310001373291,"Philippines"
2013-12-27,44.257999420166,44.4900016784668,44.2319984436035,44.257999420166,0,44.257999420166,"Philippines"
2013-12-30,44.2229995727539,44.3549995422363,44.2229995727539,44.2560005187988,0,44.2560005187988,"Philippines"
2013-12-31,44.2900009155273,44.3499984741211,44.2439994812012,44.2919998168945,0,44.2919998168945,"Philippines"
2014-01-01,44.2900009155273,44.2900009155273,44.2830009460449,44.2729988098145,0,44.2729988098145,"Philippines"
2014-01-02,44.2900009155273,44.4970016479492,43.9850006103516,44.2400016784668,0,44.2400016784668,"Philippines"
2014-01-03,44.3899993896484,44.685001373291,44.3899993896484,44.4449996948242,0,44.4449996948242,"Philippines"
2014-01-06,44.6349983215332,44.7649993896484,44.4550018310547,44.6349983215332,0,44.6349983215332,"Philippines"
2014-01-07,44.689998626709,44.8450012207031,44.4550018310547,44.4630012512207,0,44.4630012512207,"Philippines"
2014-01-08,44.8050003051758,44.8050003051758,44.5480003356934,44.8050003051758,0,44.8050003051758,"Philippines"
2014-01-09,44.685001373291,44.7750015258789,44.5279998779297,44.5970001220703,0,44.5970001220703,"Philippines"
2014-01-10,44.6650009155273,44.7000007629395,44.439998626709,44.6650009155273,0,44.6650009155273,"Philippines"
2014-01-13,44.7050018310547,44.7050018310547,44.4560012817383,44.7050018310547,0,44.7050018310547,"Philippines"
2014-01-14,44.5830001831055,44.8199996948242,44.5,44.4889984130859,0,44.4889984130859,"Philippines"
2014-01-15,44.7999992370605,45.132999420166,44.7239990234375,44.7220001220703,0,44.7220001220703,"Philippines"
2014-01-16,44.9799995422363,45.1749992370605,44.9609985351562,44.9799995422363,0,44.9799995422363,"Philippines"
2014-01-17,45.1199989318848,45.1450004577637,44.890998840332,45.1199989318848,0,45.1199989318848,"Philippines"
2014-01-20,45.007999420166,45.1749992370605,44.9850006103516,45.007999420166,0,45.007999420166,"Philippines"
2014-01-21,45.1030006408691,45.4819984436035,45.0340003967285,45.0340003967285,0,45.0340003967285,"Philippines"
2014-01-22,45.2700004577637,45.3899993896484,45.0660018920898,45.318000793457,0,45.318000793457,"Philippines"
2014-01-23,45.1949996948242,45.435001373291,45.0849990844727,45.2000007629395,0,45.2000007629395,"Philippines"
2014-01-24,45.2900009155273,45.6310005187988,45.1590003967285,45.2140007019043,0,45.2140007019043,"Philippines"
2014-01-27,45.3050003051758,45.4930000305176,45.2280006408691,45.3050003051758,0,45.3050003051758,"Philippines"
2014-01-28,45.3549995422363,45.3549995422363,45.0050010681152,45.265998840332,0,45.265998840332,"Philippines"
2014-01-29,45.2400016784668,45.3680000305176,45.0299987792969,45.1269989013672,0,45.1269989013672,"Philippines"
2014-01-30,45.189998626709,45.4129981994629,45.1549987792969,45.1720008850098,0,45.1720008850098,"Philippines"
2014-01-31,45.226001739502,45.4059982299805,45.189998626709,45.2249984741211,0,45.2249984741211,"Philippines"
2014-02-03,45.2719993591309,45.4749984741211,45.1800003051758,45.2639999389648,0,45.2639999389648,"Philippines"
2014-02-04,45.4049987792969,45.443000793457,45.1539993286133,45.298999786377,0,45.298999786377,"Philippines"
2014-02-05,45.310001373291,45.3549995422363,45.1609992980957,45.2449989318848,0,45.2449989318848,"Philippines"
2014-02-06,45.3050003051758,45.3300018310547,44.9500007629395,45.189998626709,0,45.189998626709,"Philippines"
2014-02-07,45.0900001525879,45.1749992370605,44.6689987182617,45.0900001525879,0,45.0900001525879,"Philippines"
2014-02-10,44.9000015258789,45.0299987792969,44.8450012207031,44.8979988098145,0,44.8979988098145,"Philippines"
2014-02-11,44.9599990844727,45.1199989318848,44.8040008544922,44.9599990844727,0,44.9599990844727,"Philippines"
2014-02-12,45.0699996948242,45.0699996948242,44.6100006103516,44.8499984741211,0,44.8499984741211,"Philippines"
2014-02-13,44.8300018310547,45,44.7099990844727,44.7130012512207,0,44.7130012512207,"Philippines"
2014-02-14,44.8250007629395,44.8349990844727,44.4550018310547,44.8600006103516,0,44.8600006103516,"Philippines"
2014-02-17,44.4949989318848,44.7249984741211,44.2379989624023,44.4949989318848,0,44.4949989318848,"Philippines"
2014-02-18,44.4230003356934,44.6500015258789,44.3139991760254,44.318000793457,0,44.318000793457,"Philippines"
2014-02-19,44.6049995422363,44.7050018310547,44.4150009155273,44.4970016479492,0,44.4970016479492,"Philippines"
2014-02-20,44.6049995422363,44.7750015258789,44.5040016174316,44.5900001525879,0,44.5900001525879,"Philippines"
2014-02-21,44.6669998168945,44.7529983520508,44.4589996337891,44.7529983520508,0,44.7529983520508,"Philippines"
2014-02-24,44.560001373291,44.6549987792969,44.4650001525879,44.4589996337891,0,44.4589996337891,"Philippines"
2014-02-25,44.4900016784668,44.6500015258789,44.3950004577637,44.4809989929199,0,44.4809989929199,"Philippines"
2014-02-26,44.625,44.685001373291,44.439998626709,44.625,0,44.625,"Philippines"
2014-02-27,44.5950012207031,44.7150001525879,44.5060005187988,44.5349998474121,0,44.5349998474121,"Philippines"
2014-02-28,44.6689987182617,44.7080001831055,44.5089988708496,44.6689987182617,0,44.6689987182617,"Philippines"
2014-03-03,44.6300010681152,44.7550010681152,44.5730018615723,44.6300010681152,0,44.6300010681152,"Philippines"
2014-03-04,44.7099990844727,44.9150009155273,44.5940017700195,44.7099990844727,0,44.7099990844727,"Philippines"
2014-03-05,44.7400016784668,44.7809982299805,44.5999984741211,44.6669998168945,0,44.6669998168945,"Philippines"
2014-03-06,44.6809997558594,44.7550010681152,44.4379997253418,44.6809997558594,0,44.6809997558594,"Philippines"
2014-03-07,44.5340003967285,44.5349998474121,44.1300010681152,44.5340003967285,0,44.5340003967285,"Philippines"
2014-03-10,44.3849983215332,44.625,40.7999992370605,44.3849983215332,0,44.3849983215332,"Philippines"
2014-03-11,44.5449981689453,44.5449981689453,44.3540000915527,44.5449981689453,0,44.5449981689453,"Philippines"
2014-03-12,44.3759994506836,44.7099990844727,44.3759994506836,44.375,0,44.375,"Philippines"
2014-03-13,44.6500015258789,44.6500015258789,44.3880004882812,44.6500015258789,0,44.6500015258789,"Philippines"
2014-03-14,44.5550003051758,44.7630004882812,44.4970016479492,44.4939994812012,0,44.4939994812012,"Philippines"
2014-03-17,44.5929985046387,44.7150001525879,44.5110015869141,44.5830001831055,0,44.5830001831055,"Philippines"
2014-03-18,44.6749992370605,44.8810005187988,44.4809989929199,44.6749992370605,0,44.6749992370605,"Philippines"
2014-03-19,44.685001373291,44.9300003051758,44.568000793457,44.568000793457,0,44.568000793457,"Philippines"
2014-03-20,44.8349990844727,45.2929992675781,44.7459983825684,44.7550010681152,0,44.7550010681152,"Philippines"
2014-03-21,45.0800018310547,45.3950004577637,45.060001373291,45.117000579834,0,45.117000579834,"Philippines"
2014-03-24,45.2849998474121,45.3050003051758,44.9669990539551,45.2849998474121,0,45.2849998474121,"Philippines"
2014-03-25,45.1100006103516,45.1450004577637,44.8849983215332,45.1100006103516,0,45.1100006103516,"Philippines"
2014-03-26,45.064998626709,46.0550003051758,44.7430000305176,44.976001739502,0,44.976001739502,"Philippines"
2014-03-27,44.9599990844727,45.9449996948242,44.8120002746582,44.8689994812012,0,44.8689994812012,"Philippines"
2014-03-28,45.0250015258789,45.0449981689453,44.6380004882812,44.8740005493164,0,44.8740005493164,"Philippines"
2014-03-30,44.6689987182617,44.875,44.6529998779297,44.875,0,44.875,"Philippines"
2014-03-31,44.6529998779297,44.810001373291,44.6129989624023,44.8050003051758,0,44.8050003051758,"Philippines"
2014-04-01,44.7249984741211,44.9659996032715,44.6349983215332,44.7449989318848,0,44.7449989318848,"Philippines"
2014-04-02,44.8650016784668,45.9949989318848,44.0849990844727,44.8370018005371,0,44.8370018005371,"Philippines"
2014-04-03,44.9249992370605,45.0550003051758,44.5559997558594,44.935001373291,0,44.935001373291,"Philippines"
2014-04-06,44.9199981689453,44.9599990844727,44.7400016784668,44.9300003051758,0,44.9300003051758,"Philippines"
2014-04-07,44.8230018615723,44.8849983215332,44.4199981689453,44.7750015258789,0,44.7750015258789,"Philippines"
2014-04-08,44.7779998779297,44.7779998779297,44.4710006713867,44.492000579834,0,44.492000579834,"Philippines"
2014-04-09,44.4210014343262,44.560001373291,44.1559982299805,44.8380012512207,0,44.8380012512207,"Philippines"
2014-04-10,44.2949981689453,44.4650001525879,44.1769981384277,44.3050003051758,0,44.3050003051758,"Philippines"
2014-04-13,44.2750015258789,44.7120018005371,44.2750015258789,44.2849998474121,0,44.2849998474121,"Philippines"
2014-04-14,44.443000793457,44.5890007019043,44.3600006103516,44.4529991149902,0,44.4529991149902,"Philippines"
2014-04-15,44.4179992675781,44.5400009155273,44.2599983215332,44.4160003662109,0,44.4160003662109,"Philippines"
2014-04-16,44.4230003356934,44.439998626709,44.2159996032715,44.4329986572266,0,44.4329986572266,"Philippines"
2014-04-17,44.2529983520508,44.4230003356934,44.2229995727539,44.4329986572266,0,44.4329986572266,"Philippines"
2014-04-20,44.4230003356934,44.7150001525879,44.2130012512207,44.4329986572266,0,44.4329986572266,"Philippines"
2014-04-21,44.3979988098145,44.5499992370605,44.306999206543,44.4179992675781,0,44.4179992675781,"Philippines"
2014-04-22,44.5149993896484,44.773998260498,44.3709983825684,44.3709983825684,0,44.3709983825684,"Philippines"
2014-04-23,44.7099990844727,44.7869987487793,44.5349998474121,44.7200012207031,0,44.7200012207031,"Philippines"
2014-04-24,44.6599998474121,44.7750015258789,43.9749984741211,44.6780014038086,0,44.6780014038086,"Philippines"
2014-04-27,44.5190010070801,44.5909996032715,44.390998840332,44.5149993896484,0,44.5149993896484,"Philippines"
2014-04-28,44.4550018310547,44.5900001525879,44.2809982299805,44.3899993896484,0,44.3899993896484,"Philippines"
2014-04-29,44.4749984741211,44.5849990844727,44.3580017089844,44.3660011291504,0,44.3660011291504,"Philippines"
2014-04-30,44.5800018310547,44.5800018310547,44.3819999694824,44.5999984741211,0,44.5999984741211,"Philippines"
2014-05-01,44.5800018310547,44.5800018310547,44.3400001525879,44.5999984741211,0,44.5999984741211,"Philippines"
2014-05-04,44.4850006103516,44.5,44.2809982299805,44.4949989318848,0,44.4949989318848,"Philippines"
2014-05-05,44.3950004577637,44.4199981689453,44.1259994506836,44.3390007019043,0,44.3390007019043,"Philippines"
2014-05-06,44.2080001831055,44.2949981689453,44.1220016479492,44.2080001831055,0,44.2080001831055,"Philippines"
2014-05-07,44.2050018310547,44.2700004577637,43.7719993591309,44.1180000305176,0,44.1180000305176,"Philippines"
2014-05-08,44.1529998779297,44.1529998779297,43.4300003051758,44.1730003356934,0,44.1730003356934,"Philippines"
2014-05-11,43.6199989318848,43.7249984741211,43.5299987792969,43.625,0,43.625,"Philippines"
2014-05-12,43.7000007629395,43.7949981689453,43.6160011291504,43.7200012207031,0,43.7200012207031,"Philippines"
2014-05-13,43.7949981689453,44.5349998474121,43.375,43.6110000610352,0,43.6110000610352,"Philippines"
2014-05-14,43.5400009155273,43.7789993286133,43.4290008544922,43.5499992370605,0,43.5499992370605,"Philippines"
2014-05-15,43.6399993896484,43.8349990844727,43.6069984436035,43.6500015258789,0,43.6500015258789,"Philippines"
2014-05-18,43.601001739502,43.7000007629395,43.4809989929199,43.6300010681152,0,43.6300010681152,"Philippines"
2014-05-19,43.6100006103516,43.7649993896484,43.5149993896484,43.515998840332,0,43.515998840332,"Philippines"
2014-05-20,43.7029991149902,43.8450012207031,43.6189994812012,43.6459999084473,0,43.6459999084473,"Philippines"
2014-05-21,43.7400016784668,43.7400016784668,43.439998626709,43.5859985351562,0,43.5859985351562,"Philippines"
2014-05-22,43.6500015258789,43.6599998474121,43.4700012207031,43.4900016784668,0,43.4900016784668,"Philippines"
2014-05-25,43.5260009765625,43.7050018310547,43.5260009765625,43.5250015258789,0,43.5250015258789,"Philippines"
2014-05-26,43.6650009155273,43.8300018310547,43.5,43.5730018615723,0,43.5730018615723,"Philippines"
2014-05-27,43.7599983215332,43.9550018310547,43.7249984741211,43.7700004577637,0,43.7700004577637,"Philippines"
2014-05-28,43.8400001525879,44.0250015258789,43,43.8600006103516,0,43.8600006103516,"Philippines"
2014-05-29,43.8499984741211,43.875,43.6469993591309,43.8699989318848,0,43.8699989318848,"Philippines"
2014-06-01,43.7649993896484,43.9189987182617,43.6650009155273,43.7550010681152,0,43.7550010681152,"Philippines"
2014-06-02,43.7750015258789,43.8950004577637,43.689998626709,43.7849998474121,0,43.7849998474121,"Philippines"
2014-06-03,43.8050003051758,43.935001373291,43.734001159668,43.814998626709,0,43.814998626709,"Philippines"
2014-06-04,43.8650016784668,43.8800010681152,43.5540008544922,43.875,0,43.875,"Philippines"
2014-06-05,43.7779998779297,43.7999992370605,43.3390007019043,43.7980003356934,0,43.7980003356934,"Philippines"
2014-06-08,43.5499992370605,43.9650001525879,43.4099998474121,43.4119987487793,0,43.4119987487793,"Philippines"
2014-06-09,43.5699996948242,43.7330017089844,43.4819984436035,43.5800018310547,0,43.5800018310547,"Philippines"
2014-06-10,43.6399993896484,43.8199996948242,43.5929985046387,43.6599998474121,0,43.6599998474121,"Philippines"
2014-06-11,43.7799987792969,43.8050003051758,43.6749992370605,43.7080001831055,0,43.7080001831055,"Philippines"
2014-06-12,43.685001373291,43.8730010986328,43.625,43.6829986572266,0,43.6829986572266,"Philippines"
2014-06-15,43.7799987792969,43.9230003356934,43.7239990234375,43.7849998474121,0,43.7849998474121,"Philippines"
2014-06-16,43.8969993591309,44.9850006103516,43.7709999084473,43.7750015258789,0,43.7750015258789,"Philippines"
2014-06-17,43.8450012207031,44.1360015869141,43.7480010986328,43.7540016174316,0,43.7540016174316,"Philippines"
2014-06-18,44.1049995422363,44.1049995422363,43.5050010681152,44.0130004882812,0,44.0130004882812,"Philippines"
2014-06-19,43.7750015258789,43.8349990844727,43.6349983215332,43.7799987792969,0,43.7799987792969,"Philippines"
2014-06-22,43.7700004577637,43.8699989318848,43.6570014953613,43.7980003356934,0,43.7980003356934,"Philippines"
2014-06-23,43.810001373291,43.8849983215332,43.7169990539551,43.7290000915527,0,43.7290000915527,"Philippines"
2014-06-24,43.8400001525879,43.9599990844727,42.9799995422363,43.7540016174316,0,43.7540016174316,"Philippines"
2014-06-25,43.8699989318848,43.875,42.8899993896484,43.8549995422363,0,43.8549995422363,"Philippines"
2014-06-26,43.8600006103516,43.8600006103516,43.5979995727539,43.7550010681152,0,43.7550010681152,"Philippines"
2014-06-29,43.6349983215332,43.7350006103516,43.5190010070801,43.6349983215332,0,43.6349983215332,"Philippines"
2014-06-30,43.6349983215332,44.0429992675781,43.4049987792969,43.6450004577637,0,43.6450004577637,"Philippines"
2014-07-01,43.5929985046387,43.6629981994629,43.4589996337891,43.5229988098145,0,43.5229988098145,"Philippines"
2014-07-02,43.5550003051758,43.6599998474121,43.4150009155273,43.5410003662109,0,43.5410003662109,"Philippines"
2014-07-03,43.5750007629395,43.6100006103516,43.3580017089844,43.5849990844727,0,43.5849990844727,"Philippines"
2014-07-06,43.4129981994629,43.5800018310547,43.359001159668,43.4000015258789,0,43.4000015258789,"Philippines"
2014-07-07,43.4150009155273,43.5,43.2299995422363,43.4189987182617,0,43.4189987182617,"Philippines"
2014-07-08,43.2890014648438,43.3699989318848,43.2029991149902,43.310001373291,0,43.310001373291,"Philippines"
2014-07-09,43.2140007019043,43.4249992370605,43.1240005493164,43.2099990844727,0,43.2099990844727,"Philippines"
2014-07-10,43.3079986572266,43.4949989318848,43.3059997558594,43.3079986572266,0,43.3079986572266,"Philippines"
2014-07-13,43.3860015869141,43.5400009155273,43.3779983520508,43.375,0,43.375,"Philippines"
2014-07-14,43.4749984741211,43.689998626709,43.4099998474121,43.4140014648438,0,43.4140014648438,"Philippines"
2014-07-15,43.5849990844727,43.6209983825684,43.4580001831055,43.568000793457,0,43.568000793457,"Philippines"
2014-07-16,43.5849990844727,43.5999984741211,43.4000015258789,43.5139999389648,0,43.5139999389648,"Philippines"
2014-07-17,43.4980010986328,43.6450004577637,43.3720016479492,43.5069999694824,0,43.5069999694824,"Philippines"
2014-07-20,43.3979988098145,43.5,43.2169990539551,43.3969993591309,0,43.3969993591309,"Philippines"
2014-07-21,43.4300003051758,43.4300003051758,43.1609992980957,43.2270011901855,0,43.2270011901855,"Philippines"
2014-07-22,43.3950004577637,43.3950004577637,43.0519981384277,43.1660003662109,0,43.1660003662109,"Philippines"
2014-07-23,43.2200012207031,43.3139991760254,43.1129989624023,43.2299995422363,0,43.2299995422363,"Philippines"
2014-07-24,43.2729988098145,43.560001373291,43.1590003967285,43.3400001525879,0,43.3400001525879,"Philippines"
2014-07-27,43.2140007019043,43.3699989318848,43.1949996948242,43.2249984741211,0,43.2249984741211,"Philippines"
2014-07-28,43.3199996948242,43.4249992370605,43.2519989013672,43.3400001525879,0,43.3400001525879,"Philippines"
2014-07-29,43.3199996948242,43.4850006103516,43.2680015563965,43.3400001525879,0,43.3400001525879,"Philippines"
2014-07-30,43.3899993896484,43.6650009155273,43.3120002746582,43.3120002746582,0,43.3120002746582,"Philippines"
2014-07-31,43.4500007629395,43.9269981384277,43.4500007629395,43.5029983520508,0,43.5029983520508,"Philippines"
2014-08-03,43.5880012512207,43.9650001525879,43.5740013122559,43.6049995422363,0,43.6049995422363,"Philippines"
2014-08-04,43.7080001831055,43.7080001831055,43.4049987792969,43.564998626709,0,43.564998626709,"Philippines"
2014-08-05,43.5299987792969,44.0410003662109,43.5299987792969,43.6049995422363,0,43.6049995422363,"Philippines"
2014-08-06,43.7050018310547,44.1049995422363,43.689998626709,43.7039985656738,0,43.7039985656738,"Philippines"
2014-08-07,44.0400009155273,44.2050018310547,43.8269996643066,43.9640007019043,0,43.9640007019043,"Philippines"
2014-08-10,43.8950004577637,43.9650001525879,43.7430000305176,43.8800010681152,0,43.8800010681152,"Philippines"
2014-08-11,43.7680015563965,43.9160003662109,43.7410011291504,43.7610015869141,0,43.7610015869141,"Philippines"
2014-08-12,43.8610000610352,43.9599990844727,43.7459983825684,43.8810005187988,0,43.8810005187988,"Philippines"
2014-08-13,43.935001373291,43.935001373291,43.4729995727539,43.7140007019043,0,43.7140007019043,"Philippines"
2014-08-14,43.6549987792969,43.7449989318848,43.4650001525879,43.5330009460449,0,43.5330009460449,"Philippines"
2014-08-17,43.6599998474121,43.6980018615723,43.5379981994629,43.5639991760254,0,43.5639991760254,"Philippines"
2014-08-18,43.6679992675781,43.7709999084473,43.5229988098145,43.6110000610352,0,43.6110000610352,"Philippines"
2014-08-19,43.5950012207031,43.8899993896484,43.5950012207031,43.6349983215332,0,43.6349983215332,"Philippines"
2014-08-20,43.810001373291,43.9150009155273,43.7379989624023,43.7729988098145,0,43.7729988098145,"Philippines"
2014-08-21,43.810001373291,43.875,43.6570014953613,43.7649993896484,0,43.7649993896484,"Philippines"
2014-08-24,43.8860015869141,43.9029998779297,43.7270011901855,43.7599983215332,0,43.7599983215332,"Philippines"
2014-08-25,43.7459983825684,43.814998626709,43.6450004577637,43.75,0,43.75,"Philippines"
2014-08-26,43.7550010681152,43.7550010681152,43.5110015869141,43.7649993896484,0,43.7649993896484,"Philippines"
2014-08-27,43.6199989318848,43.7709999084473,43.4309997558594,43.5410003662109,0,43.5410003662109,"Philippines"
2014-08-28,43.7000007629395,43.7150001525879,43.484001159668,43.6399993896484,0,43.6399993896484,"Philippines"
2014-08-31,43.5880012512207,43.6500015258789,43.3600006103516,43.5719985961914,0,43.5719985961914,"Philippines"
2014-09-01,43.4650001525879,43.6599998474121,43.3839988708496,43.3919982910156,0,43.3919982910156,"Philippines"
2014-09-02,43.5299987792969,43.7060012817383,43.4589996337891,43.5589981079102,0,43.5589981079102,"Philippines"
2014-09-03,43.5900001525879,43.6030006408691,43.3930015563965,43.4819984436035,0,43.4819984436035,"Philippines"
2014-09-04,43.6199989318848,43.6949996948242,43.431999206543,43.4599990844727,0,43.4599990844727,"Philippines"
2014-09-07,43.6450004577637,43.6450004577637,43.4339981079102,43.4599990844727,0,43.4599990844727,"Philippines"
2014-09-08,43.5379981994629,43.8240013122559,43.4650001525879,43.4650001525879,0,43.4650001525879,"Philippines"
2014-09-09,43.8240013122559,44.0750007629395,43.6689987182617,43.7089996337891,0,43.7089996337891,"Philippines"
2014-09-10,43.9249992370605,43.9869995117188,43.7200012207031,43.8400001525879,0,43.8400001525879,"Philippines"
2014-09-11,43.8279991149902,44.0149993896484,43.7939987182617,43.8310012817383,0,43.8310012817383,"Philippines"
2014-09-14,43.8370018005371,44.3400001525879,43.8370018005371,42.8549995422363,0,42.8549995422363,"Philippines"
2014-09-15,44.1749992370605,44.375,44.0180015563965,44.1609992980957,0,44.1609992980957,"Philippines"
2014-09-16,44.2200012207031,44.3349990844727,43.9799995422363,44.2239990234375,0,44.2239990234375,"Philippines"
2014-09-17,44.2050018310547,44.6349983215332,44.1860008239746,44.2099990844727,0,44.2099990844727,"Philippines"
2014-09-18,44.4150009155273,44.5950012207031,44.3699989318848,44.4519996643066,0,44.4519996643066,"Philippines"
2014-09-21,44.4150009155273,44.6459999084473,44.3499984741211,44.4449996948242,0,44.4449996948242,"Philippines"
2014-09-22,44.4599990844727,44.5999984741211,44.326000213623,44.4700012207031,0,44.4700012207031,"Philippines"
2014-09-23,44.4949989318848,44.5800018310547,44.2999992370605,44.5050010681152,0,44.5050010681152,"Philippines"
2014-09-24,44.4249992370605,44.8549995422363,44.3349990844727,44.4449996948242,0,44.4449996948242,"Philippines"
2014-09-25,44.75,44.9690017700195,44.5559997558594,44.6609992980957,0,44.6609992980957,"Philippines"
2014-09-28,44.7000007629395,45.0769996643066,44.685001373291,44.814998626709,0,44.814998626709,"Philippines"
2014-09-29,44.9150009155273,45.0299987792969,44.7019996643066,44.9370002746582,0,44.9370002746582,"Philippines"
2014-09-30,44.8629989624023,45.0279998779297,44.6990013122559,44.8460006713867,0,44.8460006713867,"Philippines"
2014-10-01,44.8800010681152,44.9000015258789,44.5979995727539,44.8279991149902,0,44.8279991149902,"Philippines"
2014-10-02,44.814998626709,45.0099983215332,44.6209983825684,44.726001739502,0,44.726001739502,"Philippines"
2014-10-05,44.867000579834,44.9500007629395,44.5789985656738,44.875,0,44.875,"Philippines"
2014-10-06,44.7039985656738,44.7900009155273,44.4949989318848,44.7140007019043,0,44.7140007019043,"Philippines"
2014-10-07,44.6199989318848,44.8230018615723,44.4959983825684,44.507999420166,0,44.507999420166,"Philippines"
2014-10-08,44.814998626709,44.814998626709,44.4939994812012,44.8250007629395,0,44.8250007629395,"Philippines"
2014-10-09,44.5999984741211,44.8600006103516,44.5999984741211,44.6300010681152,0,44.6300010681152,"Philippines"
2014-10-12,44.6040000915527,44.814998626709,44.5209999084473,44.6430015563965,0,44.6430015563965,"Philippines"
2014-10-13,44.7900009155273,44.8860015869141,44.6199989318848,44.6419982910156,0,44.6419982910156,"Philippines"
2014-10-14,44.7849998474121,44.9280014038086,44.6479988098145,44.6949996948242,0,44.6949996948242,"Philippines"
2014-10-15,44.814998626709,45.0449981689453,44.640998840332,44.7550010681152,0,44.7550010681152,"Philippines"
2014-10-16,44.8650016784668,44.9830017089844,44.701000213623,44.8499984741211,0,44.8499984741211,"Philippines"
2014-10-19,44.7369995117188,44.8380012512207,44.6959991455078,44.7249984741211,0,44.7249984741211,"Philippines"
2014-10-20,44.8129997253418,44.8199996948242,44.6220016479492,44.726001739502,0,44.726001739502,"Philippines"
2014-10-21,44.7099990844727,44.8009986877441,44.625,44.6559982299805,0,44.6559982299805,"Philippines"
2014-10-22,44.7849998474121,44.8450012207031,44.6650009155273,44.7949981689453,0,44.7949981689453,"Philippines"
2014-10-23,44.7949981689453,44.8650016784668,44.6419982910156,44.6790008544922,0,44.6790008544922,"Philippines"
2014-10-27,44.625,44.7859992980957,44.625,44.6949996948242,0,44.6949996948242,"Philippines"
2014-10-28,44.757999420166,44.7949981689453,44.6370010375977,44.6889991760254,0,44.6889991760254,"Philippines"
2014-10-29,44.7630004882812,44.7630004882812,44.5709991455078,44.6440010070801,0,44.6440010070801,"Philippines"
2014-10-30,44.6980018615723,44.8950004577637,44.5789985656738,44.5830001831055,0,44.5830001831055,"Philippines"
2014-10-31,44.8849983215332,45.0050010681152,44.7029991149902,44.75,0,44.75,"Philippines"
2014-11-03,45.0439987182617,45.0439987182617,44.818000793457,44.1180000305176,0,44.1180000305176,"Philippines"
2014-11-04,44.882999420166,45.0499992370605,44.7849998474121,44.8819999694824,0,44.8819999694824,"Philippines"
2014-11-05,44.9000015258789,45.0820007324219,44.7249984741211,44.8759994506836,0,44.8759994506836,"Philippines"
2014-11-06,44.9550018310547,45.1399993896484,44.8720016479492,44.9029998779297,0,44.9029998779297,"Philippines"
2014-11-07,45,45.0800018310547,44.8300018310547,44.9020004272461,0,44.9020004272461,"Philippines"
2014-11-10,44.8600006103516,44.8849983215332,44.7480010986328,44.7480010986328,0,44.7480010986328,"Philippines"
2014-11-11,44.8400001525879,44.9630012512207,44.7709999084473,44.7729988098145,0,44.7729988098145,"Philippines"
2014-11-12,44.8699989318848,44.943000793457,44.7379989624023,44.935001373291,0,44.935001373291,"Philippines"
2014-11-13,44.8650016784668,44.8849983215332,44.6879997253418,44.7779998779297,0,44.7779998779297,"Philippines"
2014-11-14,44.8580017089844,45.0660018920898,44.7190017700195,44.7179985046387,0,44.7179985046387,"Philippines"
2014-11-17,44.7919998168945,44.9449996948242,44.7519989013672,44.8120002746582,0,44.8120002746582,"Philippines"
2014-11-18,44.875,45.0229988098145,44.7949981689453,44.8400001525879,0,44.8400001525879,"Philippines"
2014-11-19,44.8650016784668,45.2490005493164,44.8650016784668,44.8660011291504,0,44.8660011291504,"Philippines"
2014-11-20,45.0400009155273,45.1959991455078,44.9020004272461,45.0270004272461,0,45.0270004272461,"Philippines"
2014-11-21,45.060001373291,45.060001373291,44.7379989624023,44.9070014953613,0,44.9070014953613,"Philippines"
2014-11-24,44.9150009155273,45,44.8190002441406,44.8120002746582,0,44.8120002746582,"Philippines"
2014-11-25,44.8979988098145,44.9879989624023,44.8250007629395,44.8479995727539,0,44.8479995727539,"Philippines"
2014-11-26,44.9630012512207,44.9630012512207,44.7799987792969,44.8199996948242,0,44.8199996948242,"Philippines"
2014-11-27,44.9099998474121,44.9389991760254,44.3530006408691,44.8250007629395,0,44.8250007629395,"Philippines"
2014-11-28,44.7439994812012,44.9609985351562,44.7389984130859,44.8699989318848,0,44.8699989318848,"Philippines"
2014-12-01,44.8639984130859,45.007999420166,44.6839981079102,44.8040008544922,0,44.8040008544922,"Philippines"
2014-12-02,44.8230018615723,44.8300018310547,44.5810012817383,44.7280006408691,0,44.7280006408691,"Philippines"
2014-12-03,44.7130012512207,44.7849998474121,44.4770011901855,44.6879997253418,0,44.6879997253418,"Philippines"
2014-12-04,44.6500015258789,44.6599998474121,44.4000015258789,44.5009994506836,0,44.5009994506836,"Philippines"
2014-12-05,44.6150016784668,44.6510009765625,44.3400001525879,44.4650001525879,0,44.4650001525879,"Philippines"
2014-12-08,44.5180015563965,44.7330017089844,44.5149993896484,44.5849990844727,0,44.5849990844727,"Philippines"
2014-12-09,44.5200004577637,44.6500015258789,44.382999420166,44.5410003662109,0,44.5410003662109,"Philippines"
2014-12-10,44.5200004577637,44.6339988708496,44.4010009765625,44.4059982299805,0,44.4059982299805,"Philippines"
2014-12-11,44.6399993896484,44.6399993896484,44.306999206543,44.5029983520508,0,44.5029983520508,"Philippines"
2014-12-12,44.4700012207031,44.560001373291,44.3269996643066,44.3289985656738,0,44.3289985656738,"Philippines"
2014-12-15,44.4459991455078,44.6800003051758,44.4459991455078,44.4679985046387,0,44.4679985046387,"Philippines"
2014-12-16,44.5880012512207,44.7239990234375,44.5709991455078,44.5830001831055,0,44.5830001831055,"Philippines"
2014-12-17,44.5610008239746,44.7599983215332,44.5610008239746,44.5660018920898,0,44.5660018920898,"Philippines"
2014-12-18,44.7050018310547,44.7550010681152,44.5880012512207,44.6609992980957,0,44.6609992980957,"Philippines"
2014-12-19,44.7200012207031,44.7599983215332,44.601001739502,44.6419982910156,0,44.6419982910156,"Philippines"
2014-12-22,44.6689987182617,44.6699981689453,44.4910011291504,44.7400016784668,0,44.7400016784668,"Philippines"
2014-12-23,44.6100006103516,44.6800003051758,43.5499992370605,44.4970016479492,0,44.4970016479492,"Philippines"
2014-12-24,44.5610008239746,44.6800003051758,44.5349998474121,44.560001373291,0,44.560001373291,"Philippines"
2014-12-25,44.6800003051758,44.6800003051758,44.6749992370605,44.685001373291,0,44.685001373291,"Philippines"
2014-12-26,44.6800003051758,44.6800003051758,44.6749992370605,44.4830017089844,0,44.4830017089844,"Philippines"
2014-12-29,44.6160011291504,44.7449989318848,44.6059989929199,44.6300010681152,0,44.6300010681152,"Philippines"
2014-12-30,44.689998626709,44.7799987792969,44.5859985351562,44.5880012512207,0,44.5880012512207,"Philippines"
2014-12-31,44.689998626709,44.7900009155273,44.6430015563965,44.6440010070801,0,44.6440010070801,"Philippines"
2015-01-01,44.689998626709,44.689998626709,44.6679992675781,44.6660003662109,0,44.6660003662109,"Philippines"
2015-01-02,44.689998626709,44.7900009155273,43.814998626709,44.648998260498,0,44.648998260498,"Philippines"
2015-01-05,44.9070014953613,45.1199989318848,44.8300018310547,44.7550010681152,0,44.7550010681152,"Philippines"
2015-01-06,44.9900016784668,45.0449981689453,44.7770004272461,44.9599990844727,0,44.9599990844727,"Philippines"
2015-01-07,44.9300003051758,45.0929985046387,44.8740005493164,44.9179992675781,0,44.9179992675781,"Philippines"
2015-01-08,45.0279998779297,45.0900001525879,44.8160018920898,44.9860000610352,0,44.9860000610352,"Philippines"
2015-01-09,45.0480003356934,45.0480003356934,44.7140007019043,44.7439994812012,0,44.7439994812012,"Philippines"
2015-01-12,44.6650009155273,44.9259986877441,44.6650009155273,44.7519989013672,0,44.7519989013672,"Philippines"
2015-01-13,44.875,44.875,44.5559997558594,44.7550010681152,0,44.7550010681152,"Philippines"
2015-01-14,44.7550010681152,44.7550010681152,44.4850006103516,44.5439987182617,0,44.5439987182617,"Philippines"
2015-01-15,44.6800003051758,44.6800003051758,44.2649993896484,44.507999420166,0,44.507999420166,"Philippines"
2015-01-16,44.6800003051758,44.6800003051758,44.4480018615723,44.5209999084473,0,44.5209999084473,"Philippines"
2015-01-19,44.507999420166,44.5750007629395,44.4059982299805,44.5069999694824,0,44.5069999694824,"Philippines"
2015-01-20,44.5359992980957,44.7299995422363,44.443000793457,44.4300003051758,0,44.4300003051758,"Philippines"
2015-01-21,44.6049995422363,44.6049995422363,44.1520004272461,44.439998626709,0,44.439998626709,"Philippines"
2015-01-22,44.4000015258789,44.4000015258789,43.9420013427734,44.2319984436035,0,44.2319984436035,"Philippines"
2015-01-23,44.3300018310547,44.3300018310547,43.8810005187988,44.0859985351562,0,44.0859985351562,"Philippines"
2015-01-26,44,44.1180000305176,43.9199981689453,44.0110015869141,0,44.0110015869141,"Philippines"
2015-01-27,43.9700012207031,44.1500015258789,43.8959999084473,44.0750007629395,0,44.0750007629395,"Philippines"
2015-01-28,44.064998626709,44.1300010681152,43.9379997253418,43.9410018920898,0,43.9410018920898,"Philippines"
2015-01-29,44.064998626709,44.1549987792969,43.875,44.0400009155273,0,44.0400009155273,"Philippines"
2015-01-30,43.8880004882812,44.1100006103516,43.8880004882812,43.8880004882812,0,43.8880004882812,"Philippines"
2015-02-02,43.9749984741211,44.2099990844727,43.9749984741211,44.0950012207031,0,44.0950012207031,"Philippines"
2015-02-03,44.1399993896484,44.1399993896484,43.8779983520508,44.0270004272461,0,44.0270004272461,"Philippines"
2015-02-04,44.1100006103516,44.1100006103516,43.9080009460449,43.8819999694824,0,43.8819999694824,"Philippines"
2015-02-05,44.0699996948242,44.1500015258789,43.9529991149902,43.9830017089844,0,43.9830017089844,"Philippines"
2015-02-06,44.0999984741211,44.2550010681152,43.4900016784668,44.0149993896484,0,44.0149993896484,"Philippines"
2015-02-09,44.0999984741211,44.3800010681152,44.0999984741211,44.1129989624023,0,44.1129989624023,"Philippines"
2015-02-10,44.3450012207031,44.4049987792969,44.185001373291,44.2779998779297,0,44.2779998779297,"Philippines"
2015-02-11,44.2999992370605,44.4099998474121,44.1660003662109,44.3050003051758,0,44.3050003051758,"Philippines"
2015-02-12,44.2799987792969,44.4799995422363,44.1399993896484,44.3400001525879,0,44.3400001525879,"Philippines"
2015-02-13,44.3499984741211,44.3499984741211,44.1290016174316,44.2299995422363,0,44.2299995422363,"Philippines"
2015-02-16,44.109001159668,44.2849998474121,43.9700012207031,44.2099990844727,0,44.2099990844727,"Philippines"
2015-02-17,44.2150001525879,44.2999992370605,44.0200004577637,44.1160011291504,0,44.1160011291504,"Philippines"
2015-02-18,44.2350006103516,44.2750015258789,43.939998626709,44.1209983825684,0,44.1209983825684,"Philippines"
2015-02-19,44.2200012207031,44.2200012207031,44,44.0120010375977,0,44.0120010375977,"Philippines"
2015-02-20,44.2200012207031,44.2400016784668,44.0509986877441,44.0530014038086,0,44.0530014038086,"Philippines"
2015-02-23,44.1230010986328,44.3050003051758,44.1150016784668,44.1500015258789,0,44.1500015258789,"Philippines"
2015-02-24,44.2480010986328,44.3250007629395,43.9900016784668,44.1259994506836,0,44.1259994506836,"Philippines"
2015-02-25,44.310001373291,44.310001373291,43.8899993896484,44.0050010681152,0,44.0050010681152,"Philippines"
2015-02-26,44.125,44.125,43.7789993286133,43.882999420166,0,43.882999420166,"Philippines"
2015-02-27,44.060001373291,44.1199989318848,43.9000015258789,43.9529991149902,0,43.9529991149902,"Philippines"
2015-03-02,44.0509986877441,44.1500015258789,43.943000793457,44,0,44,"Philippines"
2015-03-03,44.0299987792969,44.1049995422363,43.9290008544922,44.0849990844727,0,44.0849990844727,"Philippines"
2015-03-04,44.0579986572266,44.1349983215332,43.9410018920898,44.0629997253418,0,44.0629997253418,"Philippines"
2015-03-05,44.0900001525879,44.1749992370605,43.9389991760254,44.0400009155273,0,44.0400009155273,"Philippines"
2015-03-06,44.1129989624023,44.2799987792969,43.9039993286133,44.064998626709,0,44.064998626709,"Philippines"
2015-03-09,44.1949996948242,44.2999992370605,44.056999206543,44.2050018310547,0,44.2050018310547,"Philippines"
2015-03-10,44.2099990844727,44.3349990844727,44.0919990539551,44.1599998474121,0,44.1599998474121,"Philippines"
2015-03-11,44.25,44.4000015258789,44.1669998168945,44.2900009155273,0,44.2900009155273,"Philippines"
2015-03-12,44.3199996948242,44.3199996948242,44.0060005187988,44.2750015258789,0,44.2750015258789,"Philippines"
2015-03-13,44.2400016784668,44.3600006103516,44.109001159668,44.1549987792969,0,44.1549987792969,"Philippines"
2015-03-16,44.1790008544922,44.4150009155273,44.0859985351562,44.1870002746582,0,44.1870002746582,"Philippines"
2015-03-17,44.4099998474121,44.6780014038086,44.2569999694824,44.3250007629395,0,44.3250007629395,"Philippines"
2015-03-18,44.5400009155273,44.8499984741211,44.5060005187988,44.5999984741211,0,44.5999984741211,"Philippines"
2015-03-19,44.7400016784668,44.9949989318848,44.4519996643066,44.5499992370605,0,44.5499992370605,"Philippines"
2015-03-20,44.685001373291,44.9850006103516,44.685001373291,44.810001373291,0,44.810001373291,"Philippines"
2015-03-23,44.7599983215332,44.8899993896484,44.5699996948242,44.726001739502,0,44.726001739502,"Philippines"
2015-03-24,44.5999984741211,44.7350006103516,44.5289993286133,44.5400009155273,0,44.5400009155273,"Philippines"
2015-03-25,44.6599998474121,44.8250007629395,44.6180000305176,44.5880012512207,0,44.5880012512207,"Philippines"
2015-03-26,44.7400016784668,44.9000015258789,44.5999984741211,44.6440010070801,0,44.6440010070801,"Philippines"
2015-03-27,44.8300018310547,44.8400001525879,44.632999420166,44.7019996643066,0,44.7019996643066,"Philippines"
2015-03-29,44.8050003051758,44.8050003051758,44.4550018310547,44.6780014038086,0,44.6780014038086,"Philippines"
2015-03-30,44.7980003356934,44.7980003356934,44.5400009155273,44.5870018005371,0,44.5870018005371,"Philippines"
2015-03-31,44.6800003051758,44.6800003051758,44.3660011291504,44.4910011291504,0,44.4910011291504,"Philippines"
2015-04-01,44.5699996948242,44.5699996948242,44.2589988708496,44.435001373291,0,44.435001373291,"Philippines"
2015-04-02,44.5699996948242,44.5699996948242,43.8549995422363,44.3209991455078,0,44.3209991455078,"Philippines"
2015-04-05,43.8540000915527,44.4199981689453,43.8409996032715,43.9059982299805,0,43.9059982299805,"Philippines"
2015-04-06,44.3779983520508,44.5550003051758,44.0509986877441,44.0810012817383,0,44.0810012817383,"Philippines"
2015-04-07,44.4500007629395,44.6150016784668,44.314998626709,44.3790016174316,0,44.3790016174316,"Philippines"
2015-04-08,44.4500007629395,44.4930000305176,44.3009986877441,44.4150009155273,0,44.4150009155273,"Philippines"
2015-04-09,44.4500007629395,44.5849990844727,44.2999992370605,44.3650016784668,0,44.3650016784668,"Philippines"
2015-04-12,44.431999206543,44.7200012207031,44.431999206543,44.4669990539551,0,44.4669990539551,"Philippines"
2015-04-13,44.6650009155273,44.6650009155273,44.3390007019043,44.5999984741211,0,44.5999984741211,"Philippines"
2015-04-14,44.5800018310547,44.5849990844727,44.3160018920898,44.5,0,44.5,"Philippines"
2015-04-15,44.5400009155273,44.5400009155273,44.25,44.5400009155273,0,44.5400009155273,"Philippines"
2015-04-16,44.4199981689453,44.4199981689453,44.0050010681152,44.1860008239746,0,44.1860008239746,"Philippines"
2015-04-19,44.1650009155273,44.2599983215332,44.0509986877441,44.1209983825684,0,44.1209983825684,"Philippines"
2015-04-20,44.1949996948242,44.2949981689453,44.0540008544922,44.1450004577637,0,44.1450004577637,"Philippines"
2015-04-21,44.2529983520508,44.2529983520508,44.0180015563965,44.257999420166,0,44.257999420166,"Philippines"
2015-04-22,44.1949996948242,44.2750015258789,44.064998626709,44.2000007629395,0,44.2000007629395,"Philippines"
2015-04-23,44.2680015563965,44.2680015563965,44.0499992370605,44.0559997558594,0,44.0559997558594,"Philippines"
2015-04-26,44.1500015258789,44.2999992370605,44.0709991455078,44.076000213623,0,44.076000213623,"Philippines"
2015-04-27,44.2449989318848,44.2599983215332,44.0410003662109,44.0800018310547,0,44.0800018310547,"Philippines"
2015-04-28,44.0369987487793,44.310001373291,44.0369987487793,44.2299995422363,0,44.2299995422363,"Philippines"
2015-04-29,44.310001373291,44.6030006408691,44.1479988098145,44.1319999694824,0,44.1319999694824,"Philippines"
2015-04-30,44.5229988098145,44.5999984741211,44.4830017089844,44.4830017089844,0,44.4830017089844,"Philippines"
2015-05-03,44.6129989624023,44.6949996948242,44.4659996032715,44.576000213623,0,44.576000213623,"Philippines"
2015-05-04,44.5800018310547,44.6399993896484,44.4389991760254,44.5550003051758,0,44.5550003051758,"Philippines"
2015-05-05,44.5800018310547,44.5800018310547,44.3199996948242,44.3650016784668,0,44.3650016784668,"Philippines"
2015-05-06,44.5,44.7350006103516,44.3310012817383,44.4949989318848,0,44.4949989318848,"Philippines"
2015-05-07,44.7099990844727,44.7449989318848,44.4410018920898,44.5719985961914,0,44.5719985961914,"Philippines"
2015-05-10,44.4539985656738,44.7449989318848,44.3650016784668,44.4329986572266,0,44.4329986572266,"Philippines"
2015-05-11,44.6349983215332,44.8730010986328,44.6069984436035,44.7400016784668,0,44.7400016784668,"Philippines"
2015-05-12,44.7729988098145,44.8230018615723,44.3919982910156,44.6199989318848,0,44.6199989318848,"Philippines"
2015-05-13,44.7200012207031,44.7200012207031,44.3250007629395,44.5,0,44.5,"Philippines"
2015-05-14,44.5330009460449,44.5330009460449,44.1660003662109,44.4000015258789,0,44.4000015258789,"Philippines"
2015-05-17,44.3129997253418,44.4900016784668,44.2900009155273,44.2729988098145,0,44.2729988098145,"Philippines"
2015-05-18,44.4799995422363,44.6100006103516,44.3339996337891,44.3499984741211,0,44.3499984741211,"Philippines"
2015-05-19,44.5,44.6300010681152,44.3600006103516,44.5099983215332,0,44.5099983215332,"Philippines"
2015-05-20,44.5800018310547,44.5800018310547,44.2879981994629,44.3930015563965,0,44.3930015563965,"Philippines"
2015-05-21,44.4599990844727,44.6150016784668,44.3059997558594,44.4000015258789,0,44.4000015258789,"Philippines"
2015-05-24,44.5919990539551,44.6150016784668,44.4300003051758,44.5089988708496,0,44.5089988708496,"Philippines"
2015-05-25,44.5999984741211,44.7649993896484,44.4710006713867,44.4739990234375,0,44.4739990234375,"Philippines"
2015-05-26,44.6980018615723,44.7700004577637,44.5410003662109,44.6650009155273,0,44.6650009155273,"Philippines"
2015-05-27,44.6780014038086,44.7000007629395,44.4280014038086,44.4949989318848,0,44.4949989318848,"Philippines"
2015-05-28,44.5849990844727,44.5849990844727,44.390998840332,44.4199981689453,0,44.4199981689453,"Philippines"
2015-05-31,44.5449981689453,44.560001373291,44.3629989624023,44.4099998474121,0,44.4099998474121,"Philippines"
2015-06-01,44.5229988098145,44.7099990844727,44.3030014038086,44.4109992980957,0,44.4109992980957,"Philippines"
2015-06-02,44.5250015258789,44.810001373291,44.4609985351562,44.685001373291,0,44.685001373291,"Philippines"
2015-06-03,44.7249984741211,44.9599990844727,44.6399993896484,44.6800003051758,0,44.6800003051758,"Philippines"
2015-06-04,44.8129997253418,45.2849998474121,44.7089996337891,44.8499984741211,0,44.8499984741211,"Philippines"
2015-06-07,44.9990005493164,45.2779998779297,44.8930015563965,44.9900016784668,0,44.9900016784668,"Philippines"
2015-06-08,45.0050010681152,45.1399993896484,44.8419990539551,44.9300003051758,0,44.9300003051758,"Philippines"
2015-06-09,44.9700012207031,45.0999984741211,44.734001159668,44.939998626709,0,44.939998626709,"Philippines"
2015-06-10,44.8810005187988,45.3050003051758,44.8479995727539,44.8720016479492,0,44.8720016479492,"Philippines"
2015-06-11,45.1300010681152,45.3899993896484,45.0499992370605,45.1180000305176,0,45.1180000305176,"Philippines"
2015-06-14,45.306999206543,45.3479995727539,45.0270004272461,45.1720008850098,0,45.1720008850098,"Philippines"
2015-06-15,45.1800003051758,45.1949996948242,44.9669990539551,45,0,45,"Philippines"
2015-06-16,45.1300010681152,45.2099990844727,44.8499984741211,44.9799995422363,0,44.9799995422363,"Philippines"
2015-06-17,45.1069984436035,45.1500015258789,44.7179985046387,45.0830001831055,0,45.0830001831055,"Philippines"
2015-06-18,44.9500007629395,45.0900001525879,44.7449989318848,44.7569999694824,0,44.7569999694824,"Philippines"
2015-06-21,44.7980003356934,45.0400009155273,44.7690010070801,44.8950004577637,0,44.8950004577637,"Philippines"
2015-06-22,44.9179992675781,45.189998626709,44.8790016174316,44.8730010986328,0,44.8730010986328,"Philippines"
2015-06-23,45.0929985046387,45.1599998474121,44.9150009155273,44.9830017089844,0,44.9830017089844,"Philippines"
2015-06-24,45.0950012207031,45.1549987792969,44.9300003051758,44.9970016479492,0,44.9970016479492,"Philippines"
2015-06-25,45.1150016784668,45.1650009155273,44.9109992980957,44.984001159668,0,44.984001159668,"Philippines"
2015-06-28,45.734001159668,45.734001159668,44.9300003051758,45.0149993896484,0,45.0149993896484,"Philippines"
2015-06-29,45.1800003051758,45.1800003051758,44.9469985961914,44.9490013122559,0,44.9490013122559,"Philippines"
2015-06-30,45.0699996948242,45.2029991149902,44.9329986572266,45.064998626709,0,45.064998626709,"Philippines"
2015-07-01,45.0999984741211,45.2099990844727,44.9589996337891,44.9930000305176,0,44.9930000305176,"Philippines"
2015-07-02,45.1450004577637,45.1450004577637,44.8950004577637,44.9910011291504,0,44.9910011291504,"Philippines"
2015-07-05,45.2960014343262,45.2960014343262,44.9309997558594,44.9650001525879,0,44.9650001525879,"Philippines"
2015-07-06,45.0929985046387,45.3129997253418,44.9650001525879,44.9900016784668,0,44.9900016784668,"Philippines"
2015-07-07,45.1479988098145,45.306999206543,44.9910011291504,45.060001373291,0,45.060001373291,"Philippines"
2015-07-08,45.1749992370605,45.1969985961914,44.9620018005371,45.0299987792969,0,45.0299987792969,"Philippines"
2015-07-09,45.1549987792969,45.1790008544922,44.9169998168945,45.0299987792969,0,45.0299987792969,"Philippines"
2015-07-12,45.0639991760254,45.1949996948242,44.9690017700195,44.9749984741211,0,44.9749984741211,"Philippines"
2015-07-13,45.0849990844727,45.2599983215332,44.9889984130859,45.0509986877441,0,45.0509986877441,"Philippines"
2015-07-14,45.1679992675781,45.3199996948242,44.9910011291504,45.1049995422363,0,45.1049995422363,"Philippines"
2015-07-15,45.2000007629395,45.2900009155273,45.0800018310547,45.2000007629395,0,45.2000007629395,"Philippines"
2015-07-16,45.2449989318848,45.2449989318848,45.0480003356934,45.1180000305176,0,45.1180000305176,"Philippines"
2015-07-19,45.2299995422363,45.3769989013672,45.0820007324219,45.1380004882812,0,45.1380004882812,"Philippines"
2015-07-20,45.1549987792969,45.3250007629395,45.0260009765625,45.2080001831055,0,45.2080001831055,"Philippines"
2015-07-21,45.2599983215332,45.2599983215332,45.0209999084473,45.0250015258789,0,45.0250015258789,"Philippines"
2015-07-22,45.2330017089844,45.3800010681152,45.0690002441406,45.0690002441406,0,45.0690002441406,"Philippines"
2015-07-23,45.3800010681152,45.5750007629395,45.1180000305176,45.2179985046387,0,45.2179985046387,"Philippines"
2015-07-26,45.4220008850098,45.5460014343262,45.3199996948242,45.4280014038086,0,45.4280014038086,"Philippines"
2015-07-27,45.5149993896484,45.5149993896484,45.3050003051758,45.4339981079102,0,45.4339981079102,"Philippines"
2015-07-28,45.4900016784668,45.5299987792969,45.3330001831055,45.4199981689453,0,45.4199981689453,"Philippines"
2015-07-29,45.5099983215332,45.7249984741211,45.3330001831055,45.4599990844727,0,45.4599990844727,"Philippines"
2015-07-30,45.6199989318848,45.7400016784668,45.3089981079102,45.568000793457,0,45.568000793457,"Philippines"
2015-08-02,45.6020011901855,45.7459983825684,45.5190010070801,45.5349998474121,0,45.5349998474121,"Philippines"
2015-08-03,45.6710014343262,45.7360000610352,45.4570007324219,45.6559982299805,0,45.6559982299805,"Philippines"
2015-08-04,45.6100006103516,45.814998626709,45.5099983215332,45.5130004882812,0,45.5130004882812,"Philippines"
2015-08-05,45.7299995422363,45.7799987792969,45.5299987792969,45.6220016479492,0,45.6220016479492,"Philippines"
2015-08-06,45.7630004882812,45.7999992370605,45.5870018005371,45.6699981689453,0,45.6699981689453,"Philippines"
2015-08-09,45.7239990234375,45.8380012512207,45.6049995422363,45.6699981689453,0,45.6699981689453,"Philippines"
2015-08-10,45.7200012207031,46.1380004882812,45.5540008544922,45.5769996643066,0,45.5769996643066,"Philippines"
2015-08-11,45.9000015258789,46.5830001831055,45.9000015258789,46.0499992370605,0,46.0499992370605,"Philippines"
2015-08-12,46.2299995422363,46.25,45.935001373291,46.0660018920898,0,46.0660018920898,"Philippines"
2015-08-13,46.1479988098145,46.2799987792969,45.9799995422363,46.0579986572266,0,46.0579986572266,"Philippines"
2015-08-16,46.1199989318848,46.375,46.0789985656738,46.0849990844727,0,46.0849990844727,"Philippines"
2015-08-17,46.2999992370605,46.3720016479492,46.0400009155273,46.2900009155273,0,46.2900009155273,"Philippines"
2015-08-18,46.3499984741211,46.3499984741211,46.1100006103516,46.193000793457,0,46.193000793457,"Philippines"
2015-08-19,46.3349990844727,46.6590003967285,46.1349983215332,46.1780014038086,0,46.1780014038086,"Philippines"
2015-08-20,46.4650001525879,46.8279991149902,46.3600006103516,46.4440002441406,0,46.4440002441406,"Philippines"
2015-08-23,46.5699996948242,46.9210014343262,46.375,46.523998260498,0,46.523998260498,"Philippines"
2015-08-24,46.7649993896484,46.7649993896484,46.2449989318848,46.6150016784668,0,46.6150016784668,"Philippines"
2015-08-25,46.6150016784668,46.7000007629395,46.4550018310547,46.5499992370605,0,46.5499992370605,"Philippines"
2015-08-26,46.7200012207031,46.7400016784668,46.3699989318848,46.4620018005371,0,46.4620018005371,"Philippines"
2015-08-27,46.6650009155273,46.7980003356934,46.5099983215332,46.5449981689453,0,46.5449981689453,"Philippines"
2015-08-30,46.5169982910156,46.818000793457,46.5169982910156,46.6459999084473,0,46.6459999084473,"Philippines"
2015-08-31,46.6599998474121,46.7449989318848,46.5250015258789,46.601001739502,0,46.601001739502,"Philippines"
2015-09-01,46.685001373291,46.7729988098145,46.5610008239746,46.6119995117188,0,46.6119995117188,"Philippines"
2015-09-02,46.7000007629395,46.7939987182617,46.5839996337891,46.6339988708496,0,46.6339988708496,"Philippines"
2015-09-03,46.7099990844727,46.8250007629395,46.5740013122559,46.6360015869141,0,46.6360015869141,"Philippines"
2015-09-06,46.8009986877441,46.9770011901855,46.7700004577637,46.8050003051758,0,46.8050003051758,"Philippines"
2015-09-07,46.9049987792969,47.060001373291,46.5,46.8919982910156,0,46.8919982910156,"Philippines"
2015-09-08,46.9099998474121,46.935001373291,46.6389999389648,46.6910018920898,0,46.6910018920898,"Philippines"
2015-09-09,46.8400001525879,46.9500007629395,46.5970001220703,46.7999992370605,0,46.7999992370605,"Philippines"
2015-09-10,46.8499984741211,46.8499984741211,46.6160011291504,46.6500015258789,0,46.6500015258789,"Philippines"
2015-09-13,46.5690002441406,46.875,46.5099983215332,46.5989990234375,0,46.5989990234375,"Philippines"
2015-09-14,46.5690002441406,46.7949981689453,46.5400009155273,46.6699981689453,0,46.6699981689453,"Philippines"
2015-09-15,46.7430000305176,46.7430000305176,46.3450012207031,46.5839996337891,0,46.5839996337891,"Philippines"
2015-09-16,46.6300010681152,46.6300010681152,46.2980003356934,46.5029983520508,0,46.5029983520508,"Philippines"
2015-09-17,46.4199981689453,46.5499992370605,46.1279983520508,46.3450012207031,0,46.3450012207031,"Philippines"
2015-09-20,46.4080009460449,46.5530014038086,46.3339996337891,46.3790016174316,0,46.3790016174316,"Philippines"
2015-09-21,46.4249992370605,46.6629981994629,46.3320007324219,46.3359985351562,0,46.3359985351562,"Philippines"
2015-09-22,46.4710006713867,46.8370018005371,46.4389991760254,46.4469985961914,0,46.4469985961914,"Philippines"
2015-09-23,46.7449989318848,46.9580001831055,46.3400001525879,46.7389984130859,0,46.7389984130859,"Philippines"
2015-09-24,46.8300018310547,46.8580017089844,46.5880012512207,46.673999786377,0,46.673999786377,"Philippines"
2015-09-27,46.6310005187988,46.8219985961914,46.6310005187988,46.6319999694824,0,46.6319999694824,"Philippines"
2015-09-28,46.7649993896484,46.9560012817383,46.7000007629395,46.7099990844727,0,46.7099990844727,"Philippines"
2015-09-29,46.9099998474121,46.9099998474121,46.5670013427734,46.689998626709,0,46.689998626709,"Philippines"
2015-09-30,46.7200012207031,46.7540016174316,46.5419998168945,46.5859985351562,0,46.5859985351562,"Philippines"
2015-10-01,46.7299995422363,46.8240013122559,46.375,46.6440010070801,0,46.6440010070801,"Philippines"
2015-10-04,46.4090003967285,46.6580009460449,46.2369995117188,46.4599990844727,0,46.4599990844727,"Philippines"
2015-10-05,46.4780006408691,46.4780006408691,46.1500015258789,46.3450012207031,0,46.3450012207031,"Philippines"
2015-10-06,46.4599990844727,46.4599990844727,45.810001373291,46.1570014953613,0,46.1570014953613,"Philippines"
2015-10-07,46.125,46.1780014038086,45.8819999694824,45.8979988098145,0,45.8979988098145,"Philippines"
2015-10-08,45.8330001831055,45.9440002441406,45.5099983215332,45.9379997253418,0,45.9379997253418,"Philippines"
2015-10-11,45.8549995422363,45.935001373291,45.560001373291,45.5169982910156,0,45.5169982910156,"Philippines"
2015-10-12,45.7900009155273,46.0900001525879,45.5929985046387,45.6300010681152,0,45.6300010681152,"Philippines"
2015-10-13,46.0250015258789,46.1749992370605,45.7649993896484,46.0200004577637,0,46.0200004577637,"Philippines"
2015-10-14,45.9749984741211,45.9749984741211,45.5900001525879,45.7900009155273,0,45.7900009155273,"Philippines"
2015-10-15,45.8450012207031,46.060001373291,45.6539993286133,45.6940002441406,0,45.6940002441406,"Philippines"
2015-10-18,45.8139991760254,46.1399993896484,45.8139991760254,45.8950004577637,0,45.8950004577637,"Philippines"
2015-10-19,46.060001373291,46.4080009460449,46.0270004272461,46.0470008850098,0,46.0470008850098,"Philippines"
2015-10-20,46.1440010070801,46.4900016784668,46.1319999694824,46.1800003051758,0,46.1800003051758,"Philippines"
2015-10-21,46.3250007629395,46.6100006103516,46.2169990539551,46.3129997253418,0,46.3129997253418,"Philippines"
2015-10-22,46.3199996948242,46.625,46.2280006408691,46.2200012207031,0,46.2200012207031,"Philippines"
2015-10-26,46.564998626709,46.6500015258789,46.3790016174316,46.5250015258789,0,46.5250015258789,"Philippines"
2015-10-27,46.5180015563965,46.7299995422363,46.4599990844727,46.5099983215332,0,46.5099983215332,"Philippines"
2015-10-28,46.7200012207031,46.810001373291,46.5950012207031,46.6160011291504,0,46.6160011291504,"Philippines"
2015-10-29,46.7599983215332,47.060001373291,46.7130012512207,46.7599983215332,0,46.7599983215332,"Philippines"
2015-10-30,46.8499984741211,46.935001373291,46.6020011901855,46.8899993896484,0,46.8899993896484,"Philippines"
2015-11-02,46.5379981994629,46.9449996948242,46.5379981994629,46.5989990234375,0,46.5989990234375,"Philippines"
2015-11-03,46.8300018310547,46.875,46.6290016174316,46.6829986572266,0,46.6829986572266,"Philippines"
2015-11-04,46.7649993896484,46.8349990844727,46.5699996948242,46.7050018310547,0,46.7050018310547,"Philippines"
2015-11-05,46.7599983215332,46.9550018310547,46.6800003051758,46.7019996643066,0,46.7019996643066,"Philippines"
2015-11-06,46.9099998474121,47.076000213623,46.4910011291504,46.8800010681152,0,46.8800010681152,"Philippines"
2015-11-09,47.0699996948242,47.2360000610352,46.8300018310547,47.0120010375977,0,47.0120010375977,"Philippines"
2015-11-10,47.125,47.3499984741211,47.0190010070801,47.0999984741211,0,47.0999984741211,"Philippines"
2015-11-11,47.2280006408691,47.2280006408691,46.8110008239746,47.1809997558594,0,47.1809997558594,"Philippines"
2015-11-12,46.9150009155273,47.0970001220703,46.8050003051758,47.0299987792969,0,47.0299987792969,"Philippines"
2015-11-13,46.9500007629395,47.1100006103516,46.8479995727539,46.8580017089844,0,46.8580017089844,"Philippines"
2015-11-16,47.1599998474121,47.2400016784668,46.9599990844727,46.9850006103516,0,46.9850006103516,"Philippines"
2015-11-17,47.125,47.1699981689453,46.9869995117188,47.0229988098145,0,47.0229988098145,"Philippines"
2015-11-18,47.125,47.2430000305176,47.0169982910156,47.0849990844727,0,47.0849990844727,"Philippines"
2015-11-19,47.125,47.125,46.8629989624023,47.0579986572266,0,47.0579986572266,"Philippines"
2015-11-20,47.125,47.125,46.8240013122559,46.8779983520508,0,46.8779983520508,"Philippines"
2015-11-23,47.0200004577637,47.2470016479492,46.867000579834,46.8409996032715,0,46.8409996032715,"Philippines"
2015-11-24,46.9290008544922,47.1619987487793,46.9119987487793,46.9830017089844,0,46.9830017089844,"Philippines"
2015-11-25,47.0849990844727,47.0849990844727,46.8569984436035,46.9700012207031,0,46.9700012207031,"Philippines"
2015-11-26,46.9550018310547,47.1199989318848,46.8660011291504,46.882999420166,0,46.882999420166,"Philippines"
2015-11-27,47.1049995422363,47.1699981689453,46.9249992370605,47.0029983520508,0,47.0029983520508,"Philippines"
2015-11-30,47.1570014953613,47.2220001220703,47.0180015563965,47.0929985046387,0,47.0929985046387,"Philippines"
2015-12-01,47.0999984741211,47.2459983825684,46.9700012207031,47.0130004882812,0,47.0130004882812,"Philippines"
2015-12-02,47.0400009155273,47.257999420166,46.9650001525879,47.0120010375977,0,47.0120010375977,"Philippines"
2015-12-03,47.1049995422363,47.2200012207031,46.8899993896484,47.0709991455078,0,47.0709991455078,"Philippines"
2015-12-04,47.1399993896484,47.1399993896484,46.8310012817383,46.8689994812012,0,46.8689994812012,"Philippines"
2015-12-07,47.0050010681152,47.1450004577637,46.9109992980957,46.9249992370605,0,46.9249992370605,"Philippines"
2015-12-08,46.9539985656738,47.1910018920898,46.951000213623,46.9560012817383,0,46.9560012817383,"Philippines"
2015-12-09,47.1100006103516,47.2159996032715,47.0019989013672,47.0169982910156,0,47.0169982910156,"Philippines"
2015-12-10,47.1399993896484,47.2849998474121,47.0099983215332,47.0999984741211,0,47.0999984741211,"Philippines"
2015-12-11,47.0929985046387,47.4300003051758,47.0379981994629,47.0909996032715,0,47.0909996032715,"Philippines"
2015-12-14,47.3530006408691,47.4850006103516,47.1920013427734,47.3349990844727,0,47.3349990844727,"Philippines"
2015-12-15,47.318000793457,47.4249992370605,47.1699981689453,47.3899993896484,0,47.3899993896484,"Philippines"
2015-12-16,47.318000793457,47.3349990844727,47.0919990539551,47.2410011291504,0,47.2410011291504,"Philippines"
2015-12-17,47.3250007629395,47.4529991149902,47.0309982299805,47.1349983215332,0,47.1349983215332,"Philippines"
2015-12-18,47.3549995422363,47.507999420166,47.0400009155273,47.3499984741211,0,47.3499984741211,"Philippines"
2015-12-21,47.1319999694824,47.3499984741211,47.1119995117188,47.1479988098145,0,47.1479988098145,"Philippines"
2015-12-22,47.2999992370605,47.3320007324219,47.060001373291,47.2179985046387,0,47.2179985046387,"Philippines"
2015-12-23,47.310001373291,47.3499984741211,47.0340003967285,47.0900001525879,0,47.0900001525879,"Philippines"
2015-12-24,47.2099990844727,47.2299995422363,46.7999992370605,47.0429992675781,0,47.0429992675781,"Philippines"
2015-12-25,47.2099990844727,47.2099990844727,47.1030006408691,47.1030006408691,0,47.1030006408691,"Philippines"
2015-12-28,47.1049995422363,47.2089996337891,46.8790016174316,47.0470008850098,0,47.0470008850098,"Philippines"
2015-12-29,47.1450004577637,47.1599998474121,46.7840003967285,46.9389991760254,0,46.9389991760254,"Philippines"
2015-12-30,47.0250015258789,47.0400009155273,46.7400016784668,46.8110008239746,0,46.8110008239746,"Philippines"
2015-12-31,47.0250015258789,47.0400009155273,46.6949996948242,46.7879981994629,0,46.7879981994629,"Philippines"
2016-01-01,47.0250015258789,47.0400009155273,46.7130012512207,46.7130012512207,0,46.7130012512207,"Philippines"
2016-01-04,46.7680015563965,47.1539993286133,46.7680015563965,46.7620010375977,0,46.7620010375977,"Philippines"
2016-01-05,47.1100006103516,47.1500015258789,46.7299995422363,46.9669990539551,0,46.9669990539551,"Philippines"
2016-01-06,46.9000015258789,47.1100006103516,46.6990013122559,46.7410011291504,0,46.7410011291504,"Philippines"
2016-01-07,47.0099983215332,47.1290016174316,46.8160018920898,46.9519996643066,0,46.9519996643066,"Philippines"
2016-01-08,46.9900016784668,47.1949996948242,46.7939987182617,46.9749984741211,0,46.9749984741211,"Philippines"
2016-01-11,47.0900001525879,47.3250007629395,47.0019989013672,47.1279983520508,0,47.1279983520508,"Philippines"
2016-01-12,47.2599983215332,47.5099983215332,47.064998626709,47.0989990234375,0,47.0989990234375,"Philippines"
2016-01-13,47.439998626709,47.5149993896484,47.1500015258789,47.2490005493164,0,47.2490005493164,"Philippines"
2016-01-14,47.5099983215332,47.8730010986328,47.3580017089844,47.3610000610352,0,47.3610000610352,"Philippines"
2016-01-15,47.6199989318848,47.8930015563965,47.5110015869141,47.6110000610352,0,47.6110000610352,"Philippines"
2016-01-18,47.6650009155273,47.7750015258789,47.5050010681152,47.7350006103516,0,47.7350006103516,"Philippines"
2016-01-19,47.6450004577637,47.7200012207031,47.439998626709,47.6529998779297,0,47.6529998779297,"Philippines"
2016-01-20,47.6500015258789,47.9249992370605,47.5379981994629,47.5800018310547,0,47.5800018310547,"Philippines"
2016-01-21,47.8800010681152,47.9700012207031,47.6599998474121,47.7249984741211,0,47.7249984741211,"Philippines"
2016-01-22,47.7840003967285,47.9199981689453,47.5200004577637,47.7910003662109,0,47.7910003662109,"Philippines"
2016-01-25,47.5979995727539,48.0299987792969,47.5979995727539,47.6349983215332,0,47.6349983215332,"Philippines"
2016-01-26,47.8699989318848,48.0900001525879,47.7960014343262,47.8769989013672,0,47.8769989013672,"Philippines"
2016-01-27,47.8889999389648,48,47.6689987182617,47.8889999389648,0,47.8889999389648,"Philippines"
2016-01-28,47.810001373291,47.9000015258789,47.5870018005371,47.8120002746582,0,47.8120002746582,"Philippines"
2016-01-29,47.7050018310547,47.8199996948242,47.4739990234375,47.6380004882812,0,47.6380004882812,"Philippines"
2016-02-01,47.5400009155273,47.685001373291,47.4129981994629,47.6049995422363,0,47.6049995422363,"Philippines"
2016-02-02,47.6699981689453,47.8600006103516,47.5060005187988,47.5180015563965,0,47.5180015563965,"Philippines"
2016-02-03,47.7299995422363,47.9900016784668,47.6599998474121,47.7900009155273,0,47.7900009155273,"Philippines"
2016-02-04,47.8400001525879,47.8400001525879,47.3610000610352,47.6399993896484,0,47.6399993896484,"Philippines"
2016-02-05,47.7599983215332,47.7779998779297,47.2099990844727,47.390998840332,0,47.390998840332,"Philippines"
2016-02-08,47.7140007019043,47.8400001525879,47.564998626709,47.685001373291,0,47.685001373291,"Philippines"
2016-02-09,47.7700004577637,47.7949981689453,47.5089988708496,47.75,0,47.75,"Philippines"
2016-02-10,47.5099983215332,47.6599998474121,47.189998626709,47.5009994506836,0,47.5009994506836,"Philippines"
2016-02-11,47.4599990844727,47.5149993896484,46.9199981689453,47.2869987487793,0,47.2869987487793,"Philippines"
2016-02-12,47.4370002746582,47.6100006103516,47.3240013122559,47.435001373291,0,47.435001373291,"Philippines"
2016-02-15,47.4959983825684,47.5200004577637,47.2249984741211,46.4150009155273,0,46.4150009155273,"Philippines"
2016-02-16,47.439998626709,47.5400009155273,47.2770004272461,47.2509994506836,0,47.2509994506836,"Philippines"
2016-02-17,47.560001373291,47.6539993286133,47.3400001525879,47.4490013122559,0,47.4490013122559,"Philippines"
2016-02-18,47.6599998474121,47.6599998474121,47.3769989013672,47.4599990844727,0,47.4599990844727,"Philippines"
2016-02-19,47.5499992370605,47.6949996948242,47.4129981994629,47.4000015258789,0,47.4000015258789,"Philippines"
2016-02-22,47.5400009155273,47.7130012512207,47.4370002746582,47.5419998168945,0,47.5419998168945,"Philippines"
2016-02-23,47.5900001525879,47.6279983520508,47.4210014343262,47.4949989318848,0,47.4949989318848,"Philippines"
2016-02-24,47.5400009155273,47.6780014038086,47.484001159668,47.5110015869141,0,47.5110015869141,"Philippines"
2016-02-25,47.6100006103516,47.625,47.4729995727539,47.5400009155273,0,47.5400009155273,"Philippines"
2016-02-26,47.6100006103516,47.6100006103516,47.3089981079102,47.4809989929199,0,47.4809989929199,"Philippines"
2016-02-29,47.4029998779297,47.5750007629395,47.2490005493164,47.3810005187988,0,47.3810005187988,"Philippines"
2016-03-01,47.5050010681152,47.5050010681152,47.0149993896484,47.4199981689453,0,47.4199981689453,"Philippines"
2016-03-02,47.3300018310547,47.3300018310547,47.0330009460449,47.0139999389648,0,47.0139999389648,"Philippines"
2016-03-03,47.2550010681152,47.2550010681152,46.8349990844727,47.056999206543,0,47.056999206543,"Philippines"
2016-03-04,47.0499992370605,47.0499992370605,45.8899993896484,46.8279991149902,0,46.8279991149902,"Philippines"
2016-03-07,46.6609992980957,46.9599990844727,46.6609992980957,46.6129989624023,0,46.6129989624023,"Philippines"
2016-03-08,46.9099998474121,47.0299987792969,46.7449989318848,46.7589988708496,0,46.7589988708496,"Philippines"
2016-03-09,46.8110008239746,46.9850006103516,46.6759986877441,46.8139991760254,0,46.8139991760254,"Philippines"
2016-03-10,46.8349990844727,46.8349990844727,46.4189987182617,46.6839981079102,0,46.6839981079102,"Philippines"
2016-03-11,46.685001373291,46.7350006103516,46.314998626709,46.7400016784668,0,46.7400016784668,"Philippines"
2016-03-14,46.3079986572266,46.6399993896484,46.3079986572266,46.3349990844727,0,46.3349990844727,"Philippines"
2016-03-15,46.564998626709,46.7999992370605,46.4210014343262,46.4749984741211,0,46.4749984741211,"Philippines"
2016-03-16,46.7999992370605,46.8899993896484,46.5849990844727,46.6069984436035,0,46.6069984436035,"Philippines"
2016-03-17,46.4290008544922,46.5499992370605,45.2980003356934,46.3639984130859,0,46.3639984130859,"Philippines"
2016-03-18,46.3600006103516,46.435001373291,45.9869995117188,45.9939994812012,0,45.9939994812012,"Philippines"
2016-03-21,46.2890014648438,46.5449981689453,46.2000007629395,46.3549995422363,0,46.3549995422363,"Philippines"
2016-03-22,46.3250007629395,46.3650016784668,46.048999786377,46.2869987487793,0,46.2869987487793,"Philippines"
2016-03-23,46.2700004577637,46.4150009155273,46.1059989929199,46.1349983215332,0,46.1349983215332,"Philippines"
2016-03-24,46.3800010681152,46.3800010681152,46.2089996337891,46.3190002441406,0,46.3190002441406,"Philippines"
2016-03-25,46.3800010681152,46.3800010681152,46.2770004272461,46.2789993286133,0,46.2789993286133,"Philippines"
2016-03-27,46.3619995117188,46.4850006103516,46.2150001525879,46.3330001831055,0,46.3330001831055,"Philippines"
2016-03-28,46.3349990844727,46.4249992370605,46.0950012207031,46.3300018310547,0,46.3300018310547,"Philippines"
2016-03-29,46.3699989318848,46.3699989318848,45.7509994506836,46.2169990539551,0,46.2169990539551,"Philippines"
2016-03-30,46.0330009460449,46.0550003051758,45.7480010986328,45.7400016784668,0,45.7400016784668,"Philippines"
2016-03-31,46.0050010681152,46.1450004577637,45.8160018920898,45.8030014038086,0,45.8030014038086,"Philippines"
2016-04-03,45.9550018310547,46.2080001831055,45.8759994506836,45.9650001525879,0,45.9650001525879,"Philippines"
2016-04-04,46.0699996948242,46.3199996948242,46.0200004577637,46.1599998474121,0,46.1599998474121,"Philippines"
2016-04-05,46.2200012207031,46.3300018310547,46.0169982910156,46.242000579834,0,46.242000579834,"Philippines"
2016-04-06,46.0699996948242,46.25,45.9580001831055,46.0559997558594,0,46.0559997558594,"Philippines"
2016-04-07,46.0999984741211,46.2000007629395,45.9809989929199,46.1549987792969,0,46.1549987792969,"Philippines"
2016-04-10,45.9440002441406,46.1650009155273,45.9440002441406,45.9710006713867,0,45.9710006713867,"Philippines"
2016-04-11,46.0999984741211,46.1150016784668,45.8790016174316,45.9799995422363,0,45.9799995422363,"Philippines"
2016-04-12,46.0099983215332,46.0900001525879,45.7200012207031,45.9000015258789,0,45.9000015258789,"Philippines"
2016-04-13,46.064998626709,46.2779998779297,45.935001373291,45.9370002746582,0,45.9370002746582,"Philippines"
2016-04-14,46.2249984741211,46.2249984741211,45.9300003051758,46.2299995422363,0,46.2299995422363,"Philippines"
2016-04-17,45.9819984436035,46.185001373291,45.9630012512207,46.0449981689453,0,46.0449981689453,"Philippines"
2016-04-18,46.1500015258789,46.1500015258789,45.9249992370605,46.0390014648438,0,46.0390014648438,"Philippines"
2016-04-19,46.0800018310547,46.314998626709,45.923999786377,45.9269981384277,0,45.9269981384277,"Philippines"
2016-04-20,46.1949996948242,46.5550003051758,46.1539993286133,46.1469993591309,0,46.1469993591309,"Philippines"
2016-04-21,46.4049987792969,46.7799987792969,46.3950004577637,46.4599990844727,0,46.4599990844727,"Philippines"
2016-04-24,46.5909996032715,46.9080009460449,46.5909996032715,46.7200012207031,0,46.7200012207031,"Philippines"
2016-04-25,46.8300018310547,46.9519996643066,46.6209983825684,46.7799987792969,0,46.7799987792969,"Philippines"
2016-04-26,46.7400016784668,46.9049987792969,46.6049995422363,46.7350006103516,0,46.7350006103516,"Philippines"
2016-04-27,46.7799987792969,46.9480018615723,46.5699996948242,46.8190002441406,0,46.8190002441406,"Philippines"
2016-04-28,46.7529983520508,46.9900016784668,46.6539993286133,46.7120018005371,0,46.7120018005371,"Philippines"
2016-05-01,46.8699989318848,47.0200004577637,46.8300018310547,46.935001373291,0,46.935001373291,"Philippines"
2016-05-02,46.9230003356934,47.0429992675781,46.7350006103516,46.9539985656738,0,46.9539985656738,"Philippines"
2016-05-03,46.8199996948242,47.2649993896484,46.8199996948242,46.9020004272461,0,46.9020004272461,"Philippines"
2016-05-04,47.1800003051758,47.4280014038086,47.0509986877441,47.1440010070801,0,47.1440010070801,"Philippines"
2016-05-05,47.2099990844727,47.3400001525879,46.9099998474121,47.2599983215332,0,47.2599983215332,"Philippines"
2016-05-08,47.0309982299805,47.2820014953613,46.9099998474121,46.9949989318848,0,46.9949989318848,"Philippines"
2016-05-09,47.0550003051758,47.1800003051758,46.5400009155273,47.1580009460449,0,47.1580009460449,"Philippines"
2016-05-10,46.7550010681152,46.7550010681152,46.3610000610352,46.6300010681152,0,46.6300010681152,"Philippines"
2016-05-11,46.5400009155273,46.6549987792969,46.3520011901855,46.3580017089844,0,46.3580017089844,"Philippines"
2016-05-12,46.6300010681152,46.7649993896484,46.3699989318848,46.4379997253418,0,46.4379997253418,"Philippines"
2016-05-15,46.4980010986328,46.5229988098145,46.1749992370605,46.6599998474121,0,46.6599998474121,"Philippines"
2016-05-16,46.4249992370605,46.4609985351562,46.2249984741211,46.3610000610352,0,46.3610000610352,"Philippines"
2016-05-17,46.2820014953613,46.7000007629395,46.2770004272461,46.2779998779297,0,46.2779998779297,"Philippines"
2016-05-18,46.5690002441406,46.9230003356934,46.5690002441406,46.6199989318848,0,46.6199989318848,"Philippines"
2016-05-19,46.7799987792969,46.810001373291,46.5029983520508,46.6599998474121,0,46.6599998474121,"Philippines"
2016-05-22,46.6660003662109,46.8279991149902,46.5379981994629,46.6910018920898,0,46.6910018920898,"Philippines"
2016-05-23,46.7750015258789,46.9000015258789,46.5480003356934,46.564998626709,0,46.564998626709,"Philippines"
2016-05-24,46.8800010681152,46.8800010681152,46.5620002746582,46.5919990539551,0,46.5919990539551,"Philippines"
2016-05-25,46.7700004577637,46.7700004577637,46.4609985351562,46.6100006103516,0,46.6100006103516,"Philippines"
2016-05-26,46.5250015258789,46.6500015258789,46.4939994812012,46.5419998168945,0,46.5419998168945,"Philippines"
2016-05-29,46.5979995727539,46.7999992370605,46.5940017700195,46.5789985656738,0,46.5789985656738,"Philippines"
2016-05-30,46.5900001525879,46.7779998779297,46.5429992675781,46.6300010681152,0,46.6300010681152,"Philippines"
2016-05-31,46.7550010681152,46.7550010681152,46.476001739502,46.6189994812012,0,46.6189994812012,"Philippines"
2016-06-01,46.4440002441406,46.7099990844727,46.398998260498,46.4669990539551,0,46.4669990539551,"Philippines"
2016-06-02,46.5099983215332,46.5699996948242,46.064998626709,46.4389991760254,0,46.4389991760254,"Philippines"
2016-06-05,46.2309989929199,46.2550010681152,45.9749984741211,46.1650009155273,0,46.1650009155273,"Philippines"
2016-06-06,46.2000007629395,46.2550010681152,45.882999420166,46.1100006103516,0,46.1100006103516,"Philippines"
2016-06-07,46.0900001525879,46.0989990234375,45.7179985046387,45.9000015258789,0,45.9000015258789,"Philippines"
2016-06-08,46.0099983215332,46.0499992370605,45.4850006103516,45.7430000305176,0,45.7430000305176,"Philippines"
2016-06-09,45.8849983215332,46.1479988098145,45.8619995117188,45.8619995117188,0,45.8619995117188,"Philippines"
2016-06-12,46.076000213623,46.1599998474121,45.9329986572266,46.0099983215332,0,46.0099983215332,"Philippines"
2016-06-13,46.0699996948242,46.3349990844727,45.9309997558594,46.0060005187988,0,46.0060005187988,"Philippines"
2016-06-14,46.2700004577637,46.4500007629395,46.1180000305176,46.1590003967285,0,46.1590003967285,"Philippines"
2016-06-15,46.4000015258789,46.4900016784668,46.0149993896484,46.1879997253418,0,46.1879997253418,"Philippines"
2016-06-16,46.4099998474121,46.4500007629395,46.2309989929199,46.310001373291,0,46.310001373291,"Philippines"
2016-06-19,46.3479995727539,46.4099998474121,46.1199989318848,46.0209999084473,0,46.0209999084473,"Philippines"
2016-06-20,46.1689987182617,46.3849983215332,46.1549987792969,46.2099990844727,0,46.2099990844727,"Philippines"
2016-06-21,46.3650016784668,46.5950012207031,46.2109985351562,46.2140007019043,0,46.2140007019043,"Philippines"
2016-06-22,46.5950012207031,46.5950012207031,46.2750015258789,46.2599983215332,0,46.2599983215332,"Philippines"
2016-06-23,46.5299987792969,47.0099983215332,46.2729988098145,46.3600006103516,0,46.3600006103516,"Philippines"
2016-06-26,47.2029991149902,47.2999992370605,46.7900009155273,46.8470001220703,0,46.8470001220703,"Philippines"
2016-06-27,46.9700012207031,47.2099990844727,46.7470016479492,47.1160011291504,0,47.1160011291504,"Philippines"
2016-06-28,46.8549995422363,47.0200004577637,46.7569999694824,46.9300003051758,0,46.9300003051758,"Philippines"
2016-06-29,47.0099983215332,47.1699981689453,46.7770004272461,46.8050003051758,0,46.8050003051758,"Philippines"
2016-06-30,47.0099983215332,47.0820007324219,46.7789993286133,47.0149993896484,0,47.0149993896484,"Philippines"
2016-07-03,46.867000579834,46.9700012207031,46.648998260498,46.8390007019043,0,46.8390007019043,"Philippines"
2016-07-04,46.75,47.0550003051758,46.6559982299805,46.7299995422363,0,46.7299995422363,"Philippines"
2016-07-05,46.9599990844727,47.1100006103516,46.9249992370605,46.943000793457,0,46.943000793457,"Philippines"
2016-07-06,46.9599990844727,47.0820007324219,46.8440017700195,46.9410018920898,0,46.9410018920898,"Philippines"
2016-07-07,46.9799995422363,47.1949996948242,46.9249992370605,47.0060005187988,0,47.0060005187988,"Philippines"
2016-07-10,47.0550003051758,47.3699989318848,46.9790000915527,47.0589981079102,0,47.0589981079102,"Philippines"
2016-07-11,47.2700004577637,47.5349998474121,47.0970001220703,47.2290000915527,0,47.2290000915527,"Philippines"
2016-07-12,47.3050003051758,47.3050003051758,47.0089988708496,47.2000007629395,0,47.2000007629395,"Philippines"
2016-07-13,47.1599998474121,47.1599998474121,46.7700004577637,47.0359992980957,0,47.0359992980957,"Philippines"
2016-07-14,47.0499992370605,47.0499992370605,46.5509986877441,46.7080001831055,0,46.7080001831055,"Philippines"
2016-07-17,46.5620002746582,46.8400001525879,46.5480003356934,46.6699981689453,0,46.6699981689453,"Philippines"
2016-07-18,46.7200012207031,46.9749984741211,46.6180000305176,46.6129989624023,0,46.6129989624023,"Philippines"
2016-07-19,46.9000015258789,47.1599998474121,46.810001373291,46.8400001525879,0,46.8400001525879,"Philippines"
2016-07-20,47.0900001525879,47.2200012207031,46.9609985351562,47.0130004882812,0,47.0130004882812,"Philippines"
2016-07-21,47.0900001525879,47.0999984741211,46.9160003662109,46.9640007019043,0,46.9640007019043,"Philippines"
2016-07-24,46.9550018310547,47.1800003051758,46.9550018310547,46.9900016784668,0,46.9900016784668,"Philippines"
2016-07-25,47.1549987792969,47.2000007629395,46.9910011291504,47.0250015258789,0,47.0250015258789,"Philippines"
2016-07-26,47.1300010681152,47.2200012207031,47.0099983215332,47.0219993591309,0,47.0219993591309,"Philippines"
2016-07-27,47.189998626709,47.2000007629395,46.9280014038086,47.0209999084473,0,47.0209999084473,"Philippines"
2016-07-28,47.064998626709,47.1749992370605,46.9099998474121,46.9930000305176,0,46.9930000305176,"Philippines"
2016-07-31,46.9109992980957,47.0900001525879,46.7960014343262,46.890998840332,0,46.890998840332,"Philippines"
2016-08-01,46.9020004272461,47.0849990844727,46.8450012207031,46.9070014953613,0,46.9070014953613,"Philippines"
2016-08-02,46.9029998779297,47.0750007629395,46.8680000305176,46.9029998779297,0,46.9029998779297,"Philippines"
2016-08-03,47.0050010681152,47.0880012512207,46.8639984130859,46.9090003967285,0,46.9090003967285,"Philippines"
2016-08-04,47.0130004882812,47.0499992370605,46.7439994812012,46.8689994812012,0,46.8689994812012,"Philippines"
2016-08-07,46.8359985351562,47.0200004577637,46.6790008544922,46.8740005493164,0,46.8740005493164,"Philippines"
2016-08-08,46.8300018310547,46.9370002746582,46.7060012817383,46.8339996337891,0,46.8339996337891,"Philippines"
2016-08-09,46.726001739502,46.8699989318848,46.4749984741211,46.726001739502,0,46.726001739502,"Philippines"
2016-08-10,46.5180015563965,46.7840003967285,46.5110015869141,46.5180015563965,0,46.5180015563965,"Philippines"
2016-08-11,46.5219993591309,46.7519989013672,46.3860015869141,46.5219993591309,0,46.5219993591309,"Philippines"
2016-08-14,46.5579986572266,46.6129989624023,46.2280006408691,46.5579986572266,0,46.5579986572266,"Philippines"
2016-08-15,46.2299995422363,46.4500007629395,46.0309982299805,46.185001373291,0,46.185001373291,"Philippines"
2016-08-16,46.2400016784668,46.4599990844727,46.1370010375977,46.1430015563965,0,46.1430015563965,"Philippines"
2016-08-17,46.3899993896484,46.4039993286133,46.0970001220703,46.2599983215332,0,46.2599983215332,"Philippines"
2016-08-18,46.2649993896484,46.4589996337891,46.1339988708496,46.1529998779297,0,46.1529998779297,"Philippines"
2016-08-21,46.4140014648438,46.6339988708496,46.3499984741211,46.3779983520508,0,46.3779983520508,"Philippines"
2016-08-22,46.5699996948242,46.5699996948242,46.2270011901855,46.3930015563965,0,46.3930015563965,"Philippines"
2016-08-23,46.4539985656738,46.5929985046387,46.326000213623,46.3269996643066,0,46.3269996643066,"Philippines"
2016-08-24,46.5250015258789,46.5499992370605,46.1949996948242,46.3569984436035,0,46.3569984436035,"Philippines"
2016-08-25,46.3499984741211,46.3800010681152,46.0250015258789,46.2120018005371,0,46.2120018005371,"Philippines"
2016-08-28,46.2519989013672,46.5050010681152,46.2330017089844,46.2550010681152,0,46.2550010681152,"Philippines"
2016-08-29,46.2130012512207,46.5670013427734,46.2130012512207,46.2200012207031,0,46.2200012207031,"Philippines"
2016-08-30,46.4700012207031,46.7150001525879,46.3800010681152,46.4220008850098,0,46.4220008850098,"Philippines"
2016-08-31,46.5849990844727,46.7729988098145,46.4010009765625,46.5190010070801,0,46.5190010070801,"Philippines"
2016-09-01,46.701000213623,46.7099990844727,46.4059982299805,46.548999786377,0,46.548999786377,"Philippines"
2016-09-04,46.4150009155273,46.6279983520508,46.2999992370605,46.6100006103516,0,46.6100006103516,"Philippines"
2016-09-05,46.5149993896484,46.6479988098145,46.3880004882812,46.3940010070801,0,46.3940010070801,"Philippines"
2016-09-06,46.5779991149902,46.7050018310547,46.2630004882812,46.3330001831055,0,46.3330001831055,"Philippines"
2016-09-07,46.7000007629395,47.0429992675781,46.5769996643066,46.5820007324219,0,46.5820007324219,"Philippines"
2016-09-08,46.8699989318848,47.4599990844727,46.8699989318848,46.939998626709,0,46.939998626709,"Philippines"
2016-09-11,47.4059982299805,47.6199989318848,47.2639999389648,47.2190017700195,0,47.2190017700195,"Philippines"
2016-09-12,47.4059982299805,47.7900009155273,47.1500015258789,47.306999206543,0,47.306999206543,"Philippines"
2016-09-13,47.4599990844727,47.7999992370605,47.265998840332,47.5099983215332,0,47.5099983215332,"Philippines"
2016-09-14,47.4580001831055,47.8600006103516,47.2700004577637,47.2599983215332,0,47.2599983215332,"Philippines"
2016-09-15,47.689998626709,48.0250015258789,47.3520011901855,47.3530006408691,0,47.3530006408691,"Philippines"
2016-09-18,47.8330001831055,47.9860000610352,47.6199989318848,47.923999786377,0,47.923999786377,"Philippines"
2016-09-19,47.8279991149902,47.9500007629395,47.6500015258789,47.7439994812012,0,47.7439994812012,"Philippines"
2016-09-20,47.8349990844727,47.9000015258789,47.5620002746582,47.6599998474121,0,47.6599998474121,"Philippines"
2016-09-21,47.8800010681152,47.898998260498,47.4300003051758,47.4830017089844,0,47.4830017089844,"Philippines"
2016-09-22,47.8499984741211,48.0999984741211,47.6990013122559,47.7019996643066,0,47.7019996643066,"Philippines"
2016-09-25,47.9210014343262,48.4000015258789,47.9210014343262,48.1059989929199,0,48.1059989929199,"Philippines"
2016-09-26,48.2299995422363,48.3899993896484,47.9830017089844,48.1990013122559,0,48.1990013122559,"Philippines"
2016-09-27,48.1319999694824,48.3129997253418,47.9980010986328,48.1809997558594,0,48.1809997558594,"Philippines"
2016-09-28,48.2599983215332,48.4099998474121,48.0400009155273,48.1580009460449,0,48.1580009460449,"Philippines"
2016-09-29,48.181999206543,48.4949989318848,48.181999206543,48.1870002746582,0,48.1870002746582,"Philippines"
2016-10-02,48.3030014038086,48.4150009155273,48.0219993591309,48.2729988098145,0,48.2729988098145,"Philippines"
2016-10-03,48.0419998168945,48.2929992675781,48.0419998168945,48.0900001525879,0,48.0900001525879,"Philippines"
2016-10-04,48.2560005187988,48.3499984741211,48.0250015258789,48.2490005493164,0,48.2490005493164,"Philippines"
2016-10-05,48.2200012207031,48.4140014648438,48.0309982299805,48.1360015869141,0,48.1360015869141,"Philippines"
2016-10-06,48.1310005187988,48.3979988098145,48.0909996032715,48.1529998779297,0,48.1529998779297,"Philippines"
2016-10-09,48.2050018310547,48.4080009460449,48.0999984741211,48.3079986572266,0,48.3079986572266,"Philippines"
2016-10-10,48.2449989318848,48.75,48.2449989318848,48.2750015258789,0,48.2750015258789,"Philippines"
2016-10-11,48.6879997253418,48.6879997253418,48.3849983215332,48.6800003051758,0,48.6800003051758,"Philippines"
2016-10-12,48.4589996337891,48.6150016784668,48.185001373291,48.4469985961914,0,48.4469985961914,"Philippines"
2016-10-13,48.2179985046387,48.4199981689453,48.0670013427734,48.2019996643066,0,48.2019996643066,"Philippines"
2016-10-16,48.3269996643066,48.5870018005371,48.3040008544922,48.3429985046387,0,48.3429985046387,"Philippines"
2016-10-17,48.4199981689453,48.5050010681152,47.9809989929199,48.3400001525879,0,48.3400001525879,"Philippines"
2016-10-18,48.101001739502,48.2099990844727,47.810001373291,48.0149993896484,0,48.0149993896484,"Philippines"
2016-10-19,47.7550010681152,48.1650009155273,47.7550010681152,47.7560005187988,0,47.7560005187988,"Philippines"
2016-10-20,47.9309997558594,48.3300018310547,47.9309997558594,47.935001373291,0,47.935001373291,"Philippines"
2016-10-23,48.1529998779297,48.3339996337891,47.9949989318848,48.3050003051758,0,48.3050003051758,"Philippines"
2016-10-24,48.0929985046387,48.2999992370605,48.0400009155273,48.0929985046387,0,48.0929985046387,"Philippines"
2016-10-25,48.0730018615723,48.5349998474121,48.0540008544922,48.0719985961914,0,48.0719985961914,"Philippines"
2016-10-26,48.3279991149902,48.5299987792969,48.3050003051758,48.201000213623,0,48.201000213623,"Philippines"
2016-10-27,48.4000015258789,48.5550003051758,48.2910003662109,48.3629989624023,0,48.3629989624023,"Philippines"
2016-10-31,48.4799995422363,48.5219993591309,48.3009986877441,48.4799995422363,0,48.4799995422363,"Philippines"
2016-11-01,48.3120002746582,48.4300003051758,48.1349983215332,48.3190002441406,0,48.3190002441406,"Philippines"
2016-11-02,48.185001373291,48.5050010681152,48.1669998168945,48.1969985961914,0,48.1969985961914,"Philippines"
2016-11-03,48.3899993896484,48.4329986572266,48.1559982299805,48.1310005187988,0,48.1310005187988,"Philippines"
2016-11-04,48.3450012207031,48.5750007629395,48.2140007019043,48.2159996032715,0,48.2159996032715,"Philippines"
2016-11-07,48.5449981689453,48.798999786377,48.4099998474121,48.5449981689453,0,48.5449981689453,"Philippines"
2016-11-08,48.5750007629395,48.6800003051758,48.443000793457,48.5499992370605,0,48.5499992370605,"Philippines"
2016-11-09,48.5900001525879,49.1399993896484,48.1100006103516,48.439998626709,0,48.439998626709,"Philippines"
2016-11-10,48.5900001525879,49.2000007629395,48.4910011291504,48.7700004577637,0,48.7700004577637,"Philippines"
2016-11-11,48.6749992370605,49.2599983215332,48.4500007629395,48.8300018310547,0,48.8300018310547,"Philippines"
2016-11-14,48.9309997558594,49.2970008850098,48.9199981689453,48.7649993896484,0,48.7649993896484,"Philippines"
2016-11-15,49.189998626709,49.2599983215332,48.943000793457,48.9039993286133,0,48.9039993286133,"Philippines"
2016-11-16,49.1699981689453,49.5029983520508,48.9379997253418,49.0379981994629,0,49.0379981994629,"Philippines"
2016-11-17,43.7000007629395,49.7150001525879,42.1920013427734,43.7029991149902,0,43.7029991149902,"Philippines"
2016-11-18,49.5400009155273,49.8499984741211,49.4500007629395,49.4599990844727,0,49.4599990844727,"Philippines"
2016-11-21,49.6549987792969,49.9599990844727,49.548999786377,49.6549987792969,0,49.6549987792969,"Philippines"
2016-11-22,49.6870002746582,49.9449996948242,49.5390014648438,49.6870002746582,0,49.6870002746582,"Philippines"
2016-11-23,49.8549995422363,50,49.5890007019043,49.7150001525879,0,49.7150001525879,"Philippines"
2016-11-24,49.7999992370605,50,49.7190017700195,49.810001373291,0,49.810001373291,"Philippines"
2016-11-25,49.9749984741211,49.9749984741211,49.6240005493164,49.8390007019043,0,49.8390007019043,"Philippines"
2016-11-28,49.8450012207031,49.8450012207031,49.4519996643066,49.8450012207031,0,49.8450012207031,"Philippines"
2016-11-29,49.7249984741211,49.8400001525879,49.5,49.5859985351562,0,49.5859985351562,"Philippines"
2016-11-30,49.7099990844727,49.8209991455078,49.4900016784668,49.5779991149902,0,49.5779991149902,"Philippines"
2016-12-01,49.7099990844727,49.9259986877441,49.5509986877441,49.6949996948242,0,49.6949996948242,"Philippines"
2016-12-02,49.75,49.7599983215332,49.4550018310547,49.6209983825684,0,49.6209983825684,"Philippines"
2016-12-05,49.6100006103516,49.7709999084473,49.4900016784668,49.6100006103516,0,49.6100006103516,"Philippines"
2016-12-06,49.6749992370605,49.6910018920898,46.1660003662109,49.5309982299805,0,49.5309982299805,"Philippines"
2016-12-07,49.4339981079102,49.7350006103516,49.4339981079102,49.5499992370605,0,49.5499992370605,"Philippines"
2016-12-08,49.75,49.7599983215332,49.4300003051758,49.4889984130859,0,49.4889984130859,"Philippines"
2016-12-09,49.6949996948242,49.9389991760254,49.5589981079102,49.5519981384277,0,49.5519981384277,"Philippines"
2016-12-12,49.9049987792969,49.9049987792969,49.5359992980957,49.9049987792969,0,49.9049987792969,"Philippines"
2016-12-13,49.8050003051758,49.851001739502,49.6049995422363,49.6689987182617,0,49.6689987182617,"Philippines"
2016-12-14,49.7550010681152,49.8849983215332,49.5110015869141,49.6829986572266,0,49.6829986572266,"Philippines"
2016-12-15,49.7249984741211,50.0730018615723,49.5820007324219,49.5820007324219,0,49.5820007324219,"Philippines"
2016-12-16,49.9500007629395,50.0419998168945,49.726001739502,49.8139991760254,0,49.8139991760254,"Philippines"
2016-12-19,50.0309982299805,50.076000213623,49.7309989929199,50.0309982299805,0,50.0309982299805,"Philippines"
2016-12-20,49.9749984741211,50.0559997558594,49.7569999694824,49.8580017089844,0,49.8580017089844,"Philippines"
2016-12-21,49.9799995422363,50.0029983520508,49.6920013427734,49.8440017700195,0,49.8440017700195,"Philippines"
2016-12-22,49.9799995422363,50.0130004882812,49.6640014648438,49.8429985046387,0,49.8429985046387,"Philippines"
2016-12-23,49.9799995422363,49.9799995422363,49.5029983520508,49.6809997558594,0,49.6809997558594,"Philippines"
2016-12-26,49.7669982910156,49.7900009155273,49.4900016784668,49.7669982910156,0,49.7669982910156,"Philippines"
2016-12-27,49.7799987792969,49.8549995422363,49.4679985046387,49.7750015258789,0,49.7750015258789,"Philippines"
2016-12-28,49.7949981689453,49.9109992980957,49.5559997558594,49.6529998779297,0,49.6529998779297,"Philippines"
2016-12-29,49.8199996948242,49.8199996948242,49.4370002746582,49.6720008850098,0,49.6720008850098,"Philippines"
2016-12-30,49.7249984741211,49.7249984741211,49.3030014038086,49.4189987182617,0,49.4189987182617,"Philippines"
2017-01-02,49.5960006713867,49.7309989929199,48.8339996337891,49.5960006713867,0,49.5960006713867,"Philippines"
2017-01-03,49.7249984741211,49.9220008850098,49.5540008544922,49.6049995422363,0,49.6049995422363,"Philippines"
2017-01-04,49.7750015258789,49.7949981689453,49.4389991760254,49.632999420166,0,49.632999420166,"Philippines"
2017-01-05,49.6800003051758,49.6800003051758,49.185001373291,49.560001373291,0,49.560001373291,"Philippines"
2017-01-06,49.4500007629395,49.5499992370605,49.1370010375977,49.1479988098145,0,49.1479988098145,"Philippines"
2017-01-09,49.5530014038086,49.6500015258789,49.3390007019043,49.5530014038086,0,49.5530014038086,"Philippines"
2017-01-10,49.625,49.625,49.3190002441406,49.4300003051758,0,49.4300003051758,"Philippines"
2017-01-11,49.5,49.8160018920898,49.3689994812012,49.4519996643066,0,49.4519996643066,"Philippines"
2017-01-12,49.6100006103516,49.7290000915527,49.2350006103516,49.4780006408691,0,49.4780006408691,"Philippines"
2017-01-13,49.4799995422363,49.867000579834,49.4500007629395,49.4529991149902,0,49.4529991149902,"Philippines"
2017-01-16,49.8120002746582,50.0449981689453,49.7029991149902,49.8120002746582,0,49.8120002746582,"Philippines"
2017-01-17,49.8549995422363,49.9900016784668,49.5289993286133,49.8689994812012,0,49.8689994812012,"Philippines"
2017-01-18,49.8199996948242,49.9189987182617,49.5999984741211,49.6910018920898,0,49.6910018920898,"Philippines"
2017-01-19,49.7900009155273,50.1259994506836,49.6599998474121,49.6699981689453,0,49.6699981689453,"Philippines"
2017-01-20,49.9799995422363,50.0989990234375,49.6910018920898,49.8470001220703,0,49.8470001220703,"Philippines"
2017-01-23,49.9210014343262,50.0299987792969,49.6209983825684,49.9210014343262,0,49.9210014343262,"Philippines"
2017-01-24,49.8549995422363,49.8549995422363,49.6040000915527,49.7200012207031,0,49.7200012207031,"Philippines"
2017-01-25,49.6860008239746,49.8600006103516,49.3699989318848,49.7099990844727,0,49.7099990844727,"Philippines"
2017-01-26,49.810001373291,49.8479995727539,49.507999420166,49.5200004577637,0,49.5200004577637,"Philippines"
2017-01-27,49.7900009155273,49.9049987792969,49.556999206543,49.6559982299805,0,49.6559982299805,"Philippines"
2017-01-30,49.8199996948242,49.8250007629395,49.5260009765625,49.6389999389648,0,49.6389999389648,"Philippines"
2017-01-31,49.8050003051758,49.8359985351562,49.4879989624023,49.6749992370605,0,49.6749992370605,"Philippines"
2017-02-01,49.7599983215332,49.8899993896484,49.5390014648438,49.6209983825684,0,49.6209983825684,"Philippines"
2017-02-02,49.7309989929199,49.8600006103516,49.5470008850098,49.6800003051758,0,49.6800003051758,"Philippines"
2017-02-03,49.7649993896484,49.8889999389648,49.5699996948242,49.7599983215332,0,49.7599983215332,"Philippines"
2017-02-06,49.6380004882812,49.7879981994629,49.4099998474121,49.6380004882812,0,49.6380004882812,"Philippines"
2017-02-07,49.5950012207031,49.7939987182617,49.4459991455078,49.4799995422363,0,49.4799995422363,"Philippines"
2017-02-08,49.7550010681152,49.9650001525879,49.6139984130859,49.6189994812012,0,49.6189994812012,"Philippines"
2017-02-09,49.875,49.9720001220703,49.7280006408691,49.7509994506836,0,49.7509994506836,"Philippines"
2017-02-10,49.875,50.0250015258789,49.7519989013672,49.7400016784668,0,49.7400016784668,"Philippines"
2017-02-13,49.9049987792969,50.0639991760254,49.7690010070801,49.9049987792969,0,49.9049987792969,"Philippines"
2017-02-14,49.9199981689453,49.9930000305176,49.6990013122559,49.7879981994629,0,49.7879981994629,"Philippines"
2017-02-15,49.8699989318848,50,49.7179985046387,49.7369995117188,0,49.7369995117188,"Philippines"
2017-02-16,49.9199981689453,50.0540008544922,49.7449989318848,49.8089981079102,0,49.8089981079102,"Philippines"
2017-02-17,49.8269996643066,50.1599998474121,49.8030014038086,49.826000213623,0,49.826000213623,"Philippines"
2017-02-20,50.1020011901855,50.4309997558594,49.8699989318848,50.1020011901855,0,50.1020011901855,"Philippines"
2017-02-21,50.2099990844727,50.4379997253418,50.125,50.3050003051758,0,50.3050003051758,"Philippines"
2017-02-22,50.2649993896484,50.3470001220703,50.0410003662109,50.1259994506836,0,50.1259994506836,"Philippines"
2017-02-23,50.2150001525879,50.2470016479492,49.9580001831055,50.0750007629395,0,50.0750007629395,"Philippines"
2017-02-24,50.0660018920898,50.3120002746582,49.9440002441406,50.0699996948242,0,50.0699996948242,"Philippines"
2017-02-27,50.1590003967285,50.2970008850098,50.0009994506836,50.1590003967285,0,50.1590003967285,"Philippines"
2017-02-28,50.1809997558594,50.3429985046387,50.0509986877441,50.0989990234375,0,50.0989990234375,"Philippines"
2017-03-01,50.1150016784668,50.4119987487793,50.0279998779297,50.1339988708496,0,50.1339988708496,"Philippines"
2017-03-02,50.2999992370605,50.4790000915527,50.1430015563965,50.1720008850098,0,50.1720008850098,"Philippines"
2017-03-03,50.3050003051758,50.435001373291,50.1699981689453,50.1590003967285,0,50.1590003967285,"Philippines"
2017-03-06,50.2760009765625,50.3950004577637,50.1110000610352,48.7669982910156,0,48.7669982910156,"Philippines"
2017-03-07,50.3880004882812,50.390998840332,50.1100006103516,50.2550010681152,0,50.2550010681152,"Philippines"
2017-03-08,50.2779998779297,50.476001739502,50.1040000915527,50.1419982910156,0,50.1419982910156,"Philippines"
2017-03-09,50.314998626709,50.4679985046387,50.1279983520508,50.1839981079102,0,50.1839981079102,"Philippines"
2017-03-10,50.3629989624023,50.3629989624023,50.0320014953613,50.2389984130859,0,50.2389984130859,"Philippines"
2017-03-13,50.2529983520508,50.3650016784668,50.1360015869141,50.2529983520508,0,50.2529983520508,"Philippines"
2017-03-14,50.2229995727539,50.3860015869141,50.1380004882812,50.1399993896484,0,50.1399993896484,"Philippines"
2017-03-15,50.2599983215332,50.3499984741211,50.0970001220703,50.1759986877441,0,50.1759986877441,"Philippines"
2017-03-16,50.3450012207031,50.3450012207031,49.9300003051758,50.0740013122559,0,50.0740013122559,"Philippines"
2017-03-17,50.0299987792969,50.2480010986328,49.890998840332,49.8870010375977,0,49.8870010375977,"Philippines"
2017-03-20,50.1759986877441,50.1759986877441,49.9269981384277,50.1759986877441,0,50.1759986877441,"Philippines"
2017-03-21,50.0950012207031,50.189998626709,49.9309997558594,49.9589996337891,0,49.9589996337891,"Philippines"
2017-03-22,50.0800018310547,50.4080009460449,50.0149993896484,50.0989990234375,0,50.0989990234375,"Philippines"
2017-03-23,50.2099990844727,50.4269981384277,50.0929985046387,50.101001739502,0,50.101001739502,"Philippines"
2017-03-24,50.2200012207031,50.3979988098145,50.0950012207031,50.2690010070801,0,50.2690010070801,"Philippines"
2017-03-26,49.8549995422363,50.3250007629395,49.773998260498,50.1759986877441,0,50.1759986877441,"Philippines"
2017-03-27,49.984001159668,50.2050018310547,49.9550018310547,49.9900016784668,0,49.9900016784668,"Philippines"
2017-03-28,50.0400009155273,50.2929992675781,50.0190010070801,50.0320014953613,0,50.0320014953613,"Philippines"
2017-03-29,50.0629997253418,50.2470016479492,50.0040016174316,50.0620002746582,0,50.0620002746582,"Philippines"
2017-03-30,50.0670013427734,50.3139991760254,50.0340003967285,50.0709991455078,0,50.0709991455078,"Philippines"
2017-04-02,49.9889984130859,50.226001739502,49.9690017700195,50.1640014648438,0,50.1640014648438,"Philippines"
2017-04-03,49.9749984741211,50.2789993286133,49.9749984741211,49.9900016784668,0,49.9900016784668,"Philippines"
2017-04-04,50.0369987487793,50.2290000915527,49.9729995727539,50.0800018310547,0,50.0800018310547,"Philippines"
2017-04-05,49.9959983825684,50.2249984741211,49.9959983825684,49.9949989318848,0,49.9949989318848,"Philippines"
2017-04-06,50.0340003967285,50.2350006103516,49.6150016784668,50.0390014648438,0,50.0390014648438,"Philippines"
2017-04-09,49.701000213623,49.8499984741211,49.4739990234375,48.8419990539551,0,48.8419990539551,"Philippines"
2017-04-10,49.4129981994629,49.7379989624023,48.9700012207031,49.4099998474121,0,49.4099998474121,"Philippines"
2017-04-11,49.4980010986328,49.6949996948242,49.2789993286133,49.4970016479492,0,49.4970016479492,"Philippines"
2017-04-12,49.326000213623,49.5320014953613,49.1300010681152,49.2830009460449,0,49.2830009460449,"Philippines"
2017-04-13,49.3899993896484,49.5480003356934,49.3199996948242,49.4150009155273,0,49.4150009155273,"Philippines"
2017-04-16,49.3530006408691,49.5830001831055,49.1679992675781,49.4339981079102,0,49.4339981079102,"Philippines"
2017-04-17,49.2050018310547,49.7610015869141,49.2050018310547,49.5400009155273,0,49.5400009155273,"Philippines"
2017-04-18,49.5449981689453,49.818000793457,49.5029983520508,49.5419998168945,0,49.5419998168945,"Philippines"
2017-04-19,49.5890007019043,49.8429985046387,49.5859985351562,49.5940017700195,0,49.5940017700195,"Philippines"
2017-04-20,49.6809997558594,49.8629989624023,49.548999786377,49.6809997558594,0,49.6809997558594,"Philippines"
2017-04-23,49.7449989318848,49.8390007019043,49.5470008850098,49.8390007019043,0,49.8390007019043,"Philippines"
2017-04-24,49.6749992370605,49.7890014648438,49.4900016784668,49.6800003051758,0,49.6800003051758,"Philippines"
2017-04-25,49.609001159668,49.9049987792969,49.5,49.515998840332,0,49.515998840332,"Philippines"
2017-04-26,49.6769981384277,50.1860008239746,49.6399993896484,49.7439994812012,0,49.7439994812012,"Philippines"
2017-04-27,49.8170013427734,50.2459983825684,49.8170013427734,49.8289985656738,0,49.8289985656738,"Philippines"
2017-04-30,50.0060005187988,50.2560005187988,49.9580001831055,50.2039985656738,0,50.2039985656738,"Philippines"
2017-05-01,50.015998840332,50.1969985961914,49.8530006408691,50.0169982910156,0,50.0169982910156,"Philippines"
2017-05-02,49.8769989013672,50.0410003662109,49.7690010070801,49.8889999389648,0,49.8889999389648,"Philippines"
2017-05-03,49.8359985351562,50.0149993896484,49.7350006103516,49.8289985656738,0,49.8289985656738,"Philippines"
2017-05-04,49.8170013427734,50.0029983520508,49.7270011901855,49.7599983215332,0,49.7599983215332,"Philippines"
2017-05-07,49.8650016784668,49.9640007019043,49.6949996948242,49.7439994812012,0,49.7439994812012,"Philippines"
2017-05-08,49.7169990539551,50.0670013427734,49.7120018005371,49.75,0,49.75,"Philippines"
2017-05-09,49.7949981689453,50.0390014648438,49.7610015869141,49.8600006103516,0,49.8600006103516,"Philippines"
2017-05-10,49.8870010375977,49.9700012207031,49.7050018310547,49.7729988098145,0,49.7729988098145,"Philippines"
2017-05-11,49.8549995422363,49.8689994812012,49.5099983215332,49.8019981384277,0,49.8019981384277,"Philippines"
2017-05-14,49.560001373291,49.7400016784668,49.5050010681152,49.6969985961914,0,49.6969985961914,"Philippines"
2017-05-15,49.476001739502,49.7350006103516,49.4550018310547,49.5099983215332,0,49.5099983215332,"Philippines"
2017-05-16,49.5250015258789,49.8139991760254,49.4729995727539,49.5169982910156,0,49.5169982910156,"Philippines"
2017-05-17,49.6689987182617,50.1209983825684,49.6500015258789,49.6549987792969,0,49.6549987792969,"Philippines"
2017-05-18,49.7099990844727,50,49.5629997253418,49.7050018310547,0,49.7050018310547,"Philippines"
2017-05-21,49.5299987792969,49.8190002441406,49.5299987792969,49.681999206543,0,49.681999206543,"Philippines"
2017-05-22,49.6220016479492,49.939998626709,49.6160011291504,49.6180000305176,0,49.6180000305176,"Philippines"
2017-05-23,49.7820014953613,50.0550003051758,49.765998840332,49.7680015563965,0,49.7680015563965,"Philippines"
2017-05-24,49.8549995422363,49.9539985656738,49.6959991455078,49.8470001220703,0,49.8470001220703,"Philippines"
2017-05-25,49.814998626709,49.935001373291,49.6180000305176,49.8139991760254,0,49.8139991760254,"Philippines"
2017-05-28,49.6459999084473,49.8530006408691,49.6259994506836,49.7490005493164,0,49.7490005493164,"Philippines"
2017-05-29,49.6839981079102,49.8800010681152,49.5870018005371,49.6769981384277,0,49.6769981384277,"Philippines"
2017-05-30,49.6959991455078,49.8549995422363,49.6110000610352,49.6940002441406,0,49.6940002441406,"Philippines"
2017-05-31,49.6629981994629,49.818000793457,49.5699996948242,49.7840003967285,0,49.7840003967285,"Philippines"
2017-06-01,49.6730003356934,49.7529983520508,49.2770004272461,49.6599998474121,0,49.6599998474121,"Philippines"
2017-06-04,49.2369995117188,49.617000579834,49.2239990234375,49.617000579834,0,49.617000579834,"Philippines"
2017-06-05,49.310001373291,49.5439987182617,49.2369995117188,49.2750015258789,0,49.2750015258789,"Philippines"
2017-06-06,49.3370018005371,49.5559997558594,49.326000213623,49.3600006103516,0,49.3600006103516,"Philippines"
2017-06-07,49.3689994812012,49.5999984741211,48.9659996032715,49.3530006408691,0,49.3530006408691,"Philippines"
2017-06-08,49.3580017089844,49.5639991760254,49.3110008239746,49.4080009460449,0,49.4080009460449,"Philippines"
2017-06-11,49.3779983520508,49.6300010681152,49.3300018310547,49.4959983825684,0,49.4959983825684,"Philippines"
2017-06-12,49.3969993591309,49.5849990844727,49.3530006408691,49.3959999084473,0,49.3959999084473,"Philippines"
2017-06-13,49.4000015258789,49.5349998474121,49.2760009765625,49.4049987792969,0,49.4049987792969,"Philippines"
2017-06-14,49.3680000305176,49.8899993896484,49.2809982299805,49.3740005493164,0,49.3740005493164,"Philippines"
2017-06-15,49.7050018310547,50.0330009460449,49.5499992370605,49.7210006713867,0,49.7210006713867,"Philippines"
2017-06-18,49.7299995422363,50.0400009155273,49.7299995422363,49.8499984741211,0,49.8499984741211,"Philippines"
2017-06-19,49.826000213623,50.3089981079102,49.8240013122559,49.8600006103516,0,49.8600006103516,"Philippines"
2017-06-20,49.9900016784668,50.4249992370605,49.9550018310547,49.9519996643066,0,49.9519996643066,"Philippines"
2017-06-21,50.1539993286133,50.4300003051758,50.132999420166,50.1539993286133,0,50.1539993286133,"Philippines"
2017-06-22,50.2039985656738,50.3790016174316,49.9799995422363,50.2000007629395,0,50.2000007629395,"Philippines"
2017-06-25,49.9529991149902,50.2379989624023,49.9529991149902,50.0099983215332,0,50.0099983215332,"Philippines"
2017-06-26,50.1059989929199,50.3619995117188,50.0349998474121,50.1040000915527,0,50.1040000915527,"Philippines"
2017-06-27,50.2239990234375,50.648998260498,50.1300010681152,50.2190017700195,0,50.2190017700195,"Philippines"
2017-06-28,50.398998260498,50.6240005493164,50.2799987792969,50.375,0,50.375,"Philippines"
2017-06-29,50.4269981384277,50.6049995422363,50.2400016784668,50.4179992675781,0,50.4179992675781,"Philippines"
2017-07-02,50.3059997558594,50.673999786377,50.3059997558594,50.3860015869141,0,50.3860015869141,"Philippines"
2017-07-03,50.4300003051758,50.5849990844727,50.3520011901855,50.4259986877441,0,50.4259986877441,"Philippines"
2017-07-04,50.3209991455078,50.7589988708496,50.3209991455078,50.326000213623,0,50.326000213623,"Philippines"
2017-07-05,50.3720016479492,50.7649993896484,50.3660011291504,50.3660011291504,0,50.3660011291504,"Philippines"
2017-07-06,50.5550003051758,50.685001373291,50.4339981079102,50.5410003662109,0,50.5410003662109,"Philippines"
2017-07-09,50.4339981079102,50.8740005493164,50.4339981079102,50.6180000305176,0,50.6180000305176,"Philippines"
2017-07-10,NA,NA,NA,NA,NA,NA,"Philippines"
2017-07-11,50.6049995422363,50.7360000610352,50.3470001220703,50.6129989624023,0,50.6129989624023,"Philippines"
2017-07-12,50.3400001525879,50.625,50.2970008850098,50.3320007324219,0,50.3320007324219,"Philippines"
2017-07-13,50.4360008239746,50.6619987487793,50.3380012512207,50.439998626709,0,50.439998626709,"Philippines"
2017-07-16,50.4869995117188,50.7120018005371,50.4869995117188,50.5139999389648,0,50.5139999389648,"Philippines"
2017-07-17,50.5589981079102,50.8230018615723,50.548999786377,50.5579986572266,0,50.5579986572266,"Philippines"
2017-07-18,50.6450004577637,50.9480018615723,50.5839996337891,50.6380004882812,0,50.6380004882812,"Philippines"
2017-07-19,50.8120002746582,50.9150009155273,50.5480003356934,50.8050003051758,0,50.8050003051758,"Philippines"
2017-07-20,50.5390014648438,50.7949981689453,50.5279998779297,50.5299987792969,0,50.5299987792969,"Philippines"
2017-07-23,50.5149993896484,50.7700004577637,50.5149993896484,50.6619987487793,0,50.6619987487793,"Philippines"
2017-07-24,50.6100006103516,50.8300018310547,50.435001373291,50.6080017089844,0,50.6080017089844,"Philippines"
2017-07-25,50.4230003356934,50.7000007629395,50.4000015258789,50.423999786377,0,50.423999786377,"Philippines"
2017-07-26,50.4869995117188,50.6030006408691,50.3400001525879,50.4869995117188,0,50.4869995117188,"Philippines"
2017-07-27,50.4070014953613,50.6399993896484,50.3489990234375,50.4259986877441,0,50.4259986877441,"Philippines"
2017-07-30,50.4300003051758,50.5499992370605,50.3279991149902,50.5379981994629,0,50.5379981994629,"Philippines"
2017-07-31,50.3390007019043,50.4630012512207,50.2389984130859,50.3320007324219,0,50.3320007324219,"Philippines"
2017-08-01,50.2729988098145,50.4799995422363,50.1910018920898,50.2949981689453,0,50.2949981689453,"Philippines"
2017-08-02,50.2700004577637,50.4150009155273,50.1370010375977,50.2680015563965,0,50.2680015563965,"Philippines"
2017-08-03,50.1669998168945,50.3660011291504,50.0359992980957,50.1730003356934,0,50.1730003356934,"Philippines"
2017-08-06,50.1809997558594,50.5060005187988,50.1310005187988,50.3320007324219,0,50.3320007324219,"Philippines"
2017-08-07,50.2319984436035,50.6259994506836,50.2050018310547,50.2330017089844,0,50.2330017089844,"Philippines"
2017-08-08,50.431999206543,50.734001159668,50.390998840332,50.4049987792969,0,50.4049987792969,"Philippines"
2017-08-09,50.4889984130859,50.976001739502,50.4679985046387,50.5120010375977,0,50.5120010375977,"Philippines"
2017-08-10,50.7379989624023,51.1279983520508,50.7379989624023,50.7480010986328,0,50.7480010986328,"Philippines"
2017-08-13,50.8600006103516,51.3030014038086,50.8349990844727,50.9930000305176,0,50.9930000305176,"Philippines"
2017-08-14,51.0929985046387,51.4850006103516,51.0130004882812,51.1139984130859,0,51.1139984130859,"Philippines"
2017-08-15,51.2970008850098,51.5550003051758,51.189998626709,51.3040008544922,0,51.3040008544922,"Philippines"
2017-08-16,51.2270011901855,51.4249992370605,51.0999984741211,51.2389984130859,0,51.2389984130859,"Philippines"
2017-08-17,51.2529983520508,51.5699996948242,51.2430000305176,51.2470016479492,0,51.2470016479492,"Philippines"
2017-08-20,51.3139991760254,51.492000579834,51.234001159668,51.382999420166,0,51.382999420166,"Philippines"
2017-08-21,51.3800010681152,51.4599990844727,51.0929985046387,51.3569984436035,0,51.3569984436035,"Philippines"
2017-08-22,51.1780014038086,51.3019981384277,50.9900016784668,51.1679992675781,0,51.1679992675781,"Philippines"
2017-08-23,51.0089988708496,51.1450004577637,50.8660011291504,51.0019989013672,0,51.0019989013672,"Philippines"
2017-08-24,50.8899993896484,51.1549987792969,50.8899993896484,50.8919982910156,0,50.8919982910156,"Philippines"
2017-08-27,50.8660011291504,51.068000793457,50.8520011901855,51.0089988708496,0,51.0089988708496,"Philippines"
2017-08-28,50.7970008850098,51.2350006103516,50.7970008850098,50.8019981384277,0,50.8019981384277,"Philippines"
2017-08-29,51.0340003967285,51.2960014343262,50.9529991149902,51.0400009155273,0,51.0400009155273,"Philippines"
2017-08-30,51.0260009765625,51.2719993591309,51.0099983215332,51.0229988098145,0,51.0229988098145,"Philippines"
2017-08-31,51.007999420166,51.2280006408691,50.9379997253418,51.0439987182617,0,51.0439987182617,"Philippines"
2017-09-03,50.8540000915527,51.2630004882812,50.8540000915527,51.0449981689453,0,51.0449981689453,"Philippines"
2017-09-04,51.0429992675781,51.1809997558594,50.890998840332,51.0470008850098,0,51.0470008850098,"Philippines"
2017-09-05,50.9280014038086,51.1800003051758,50.8849983215332,50.9599990844727,0,50.9599990844727,"Philippines"
2017-09-06,50.8899993896484,51.1100006103516,50.5369987487793,50.9039993286133,0,50.9039993286133,"Philippines"
2017-09-07,50.5379981994629,50.9049987792969,50.5379981994629,50.5699996948242,0,50.5699996948242,"Philippines"
2017-09-10,50.7750015258789,50.9910011291504,50.7200012207031,50.8170013427734,0,50.8170013427734,"Philippines"
2017-09-11,50.7840003967285,51.007999420166,50.7330017089844,50.7750015258789,0,50.7750015258789,"Philippines"
2017-09-12,50.7669982910156,51.1240005493164,50.765998840332,50.7700004577637,0,50.7700004577637,"Philippines"
2017-09-13,50.9199981689453,51.4039993286133,50.9199981689453,50.9599990844727,0,50.9599990844727,"Philippines"
2017-09-14,51.1699981689453,51.3460006713867,51.0519981384277,51.1450004577637,0,51.1450004577637,"Philippines"
2017-09-17,51.2000007629395,51.2840003967285,50.9599990844727,51.2840003967285,0,51.2840003967285,"Philippines"
2017-09-18,51.0839996337891,51.2550010681152,50.773998260498,51.0839996337891,0,51.0839996337891,"Philippines"
2017-09-19,50.7970008850098,50.9930000305176,50.726001739502,50.8650016784668,0,50.8650016784668,"Philippines"
2017-09-20,50.798999786377,51.1500015258789,50.7239990234375,50.8139991760254,0,50.8139991760254,"Philippines"
2017-09-21,50.8769989013672,50.9850006103516,50.4360008239746,50.8650016784668,0,50.8650016784668,"Philippines"
2017-09-24,50.648998260498,50.75,50.4480018615723,50.5740013122559,0,50.5740013122559,"Philippines"
2017-09-25,50.6500015258789,50.992000579834,50.564998626709,50.685001373291,0,50.685001373291,"Philippines"
2017-09-26,50.8110008239746,51.1150016784668,50.7280006408691,50.7949981689453,0,50.7949981689453,"Philippines"
2017-09-27,50.8839988708496,51.1650009155273,50.6860008239746,50.9249992370605,0,50.9249992370605,"Philippines"
2017-09-28,50.7459983825684,50.9339981079102,50.6450004577637,50.7490005493164,0,50.7490005493164,"Philippines"
2017-10-01,50.8040008544922,51.257999420166,50.8040008544922,50.8779983520508,0,50.8779983520508,"Philippines"
2017-10-02,50.9729995727539,51.2960014343262,50.9630012512207,50.9620018005371,0,50.9620018005371,"Philippines"
2017-10-03,50.9080009460449,51.1349983215332,50.7970008850098,50.9230003356934,0,50.9230003356934,"Philippines"
2017-10-04,50.8899993896484,51.1180000305176,50.8059997558594,50.8629989624023,0,50.8629989624023,"Philippines"
2017-10-05,50.8790016174316,51.2970008850098,50.8790016174316,50.8870010375977,0,50.8870010375977,"Philippines"
2017-10-08,50.9939994812012,51.2999992370605,50.9939994812012,51.2140007019043,0,51.2140007019043,"Philippines"
2017-10-09,51.0999984741211,51.5699996948242,51.064998626709,51.0999984741211,0,51.0999984741211,"Philippines"
2017-10-10,51.3240013122559,51.6399993896484,51.2249984741211,51.3190002441406,0,51.3190002441406,"Philippines"
2017-10-11,51.2379989624023,51.5460014343262,51.1980018615723,51.2379989624023,0,51.2379989624023,"Philippines"
2017-10-12,51.3120002746582,51.5900001525879,51.1360015869141,51.3699989318848,0,51.3699989318848,"Philippines"
2017-10-15,51.0499992370605,51.2859992980957,51.0499992370605,51.2779998779297,0,51.2779998779297,"Philippines"
2017-10-16,51.117000579834,51.3969993591309,51.1119995117188,51.1500015258789,0,51.1500015258789,"Philippines"
2017-10-17,51.2050018310547,51.5019989013672,51.2050018310547,51.2060012817383,0,51.2060012817383,"Philippines"
2017-10-18,51.2589988708496,51.5299987792969,51.2589988708496,51.25,0,51.25,"Philippines"
2017-10-19,51.375,51.564998626709,51.25,51.3810005187988,0,51.3810005187988,"Philippines"
2017-10-22,51.4959983825684,51.5519981384277,51.3489990234375,51.5320014953613,0,51.5320014953613,"Philippines"
2017-10-23,51.3880004882812,51.8209991455078,51.351001739502,51.3860015869141,0,51.3860015869141,"Philippines"
2017-10-24,51.6769981384277,51.8950004577637,51.5299987792969,51.6599998474121,0,51.6599998474121,"Philippines"
2017-10-25,51.5929985046387,51.9949989318848,51.5900001525879,51.5849990844727,0,51.5849990844727,"Philippines"
2017-10-26,51.867000579834,51.9280014038086,51.5509986877441,51.8720016479492,0,51.8720016479492,"Philippines"
2017-10-30,51.6679992675781,51.7550010681152,51.4529991149902,51.6679992675781,0,51.6679992675781,"Philippines"
2017-10-31,51.5260009765625,51.648998260498,51.4290008544922,51.5289993286133,0,51.5289993286133,"Philippines"
2017-11-01,51.6150016784668,51.6940002441406,51.3709983825684,51.4949989318848,0,51.4949989318848,"Philippines"
2017-11-02,51.4049987792969,51.5449981689453,51.2540016174316,51.4049987792969,0,51.4049987792969,"Philippines"
2017-11-03,51.3199996948242,51.4099998474121,51.0120010375977,51.2560005187988,0,51.2560005187988,"Philippines"
2017-11-06,51.2719993591309,51.3600006103516,51,51.2719993591309,0,51.2719993591309,"Philippines"
2017-11-07,51.2750015258789,51.4749984741211,51.0050010681152,51.1749992370605,0,51.1749992370605,"Philippines"
2017-11-08,51.3250007629395,51.4700012207031,51.0900001525879,51.1780014038086,0,51.1780014038086,"Philippines"
2017-11-09,51.25,51.3440017700195,50.9650001525879,51.1300010681152,0,51.1300010681152,"Philippines"
2017-11-10,51.1889991760254,51.3199996948242,51.0099983215332,51.2179985046387,0,51.2179985046387,"Philippines"
2017-11-13,51.1520004272461,51.310001373291,51.0219993591309,51.1119995117188,0,51.1119995117188,"Philippines"
2017-11-14,51.1949996948242,51.2599983215332,50.951000213623,51.0660018920898,0,51.0660018920898,"Philippines"
2017-11-15,51.0029983520508,51.2099990844727,50.6980018615723,51.0299987792969,0,51.0299987792969,"Philippines"
2017-11-16,NA,NA,NA,NA,NA,NA,"Philippines"
2017-11-17,50.8950004577637,50.9749984741211,50.5940017700195,50.625,0,50.625,"Philippines"
2017-11-20,50.8209991455078,51.0250015258789,50.6259994506836,50.8209991455078,0,50.8209991455078,"Philippines"
2017-11-21,50.7750015258789,50.8549995422363,50.4589996337891,50.6510009765625,0,50.6510009765625,"Philippines"
2017-11-22,50.7449989318848,50.7449989318848,50.4160003662109,50.4599990844727,0,50.4599990844727,"Philippines"
2017-11-23,50.625,50.6549987792969,50.359001159668,50.4799995422363,0,50.4799995422363,"Philippines"
2017-11-24,50.6599998474121,50.7949981689453,50.189998626709,50.3720016479492,0,50.3720016479492,"Philippines"
2017-11-27,50.6240005493164,50.7099990844727,50.1370010375977,50.6240005493164,0,50.6240005493164,"Philippines"
2017-11-28,50.5200004577637,50.5200004577637,50.1749992370605,50.1570014953613,0,50.1570014953613,"Philippines"
2017-11-29,50.2060012817383,50.4099998474121,50.064998626709,50.2130012512207,0,50.2130012512207,"Philippines"
2017-11-30,50.25,50.4020004272461,50.1240005493164,50.1360015869141,0,50.1360015869141,"Philippines"
2017-12-01,50.25,50.3650016784668,50.1199989318848,50.132999420166,0,50.132999420166,"Philippines"
2017-12-04,50.2799987792969,50.7000007629395,50.2179985046387,50.2799987792969,0,50.2799987792969,"Philippines"
2017-12-05,50.6500015258789,50.7050018310547,50.4249992370605,50.5369987487793,0,50.5369987487793,"Philippines"
2017-12-06,50.6150016784668,50.7770004272461,50.5040016174316,50.5130004882812,0,50.5130004882812,"Philippines"
2017-12-07,50.7000007629395,50.810001373291,50.5089988708496,50.5890007019043,0,50.5890007019043,"Philippines"
2017-12-08,50.689998626709,50.689998626709,50.3489990234375,50.5309982299805,0,50.5309982299805,"Philippines"
2017-12-11,50.4809989929199,50.4809989929199,50.2019996643066,50.4809989929199,0,50.4809989929199,"Philippines"
2017-12-12,50.3300018310547,50.5279998779297,50.1870002746582,50.2200012207031,0,50.2200012207031,"Philippines"
2017-12-13,50.4930000305176,50.5219993591309,50.2389984130859,50.3460006713867,0,50.3460006713867,"Philippines"
2017-12-14,50.4830017089844,50.6710014343262,50.1399993896484,50.3639984130859,0,50.3639984130859,"Philippines"
2017-12-15,50.3650016784668,50.5480003356934,50.3190002441406,50.2980003356934,0,50.2980003356934,"Philippines"
2017-12-18,50.4280014038086,50.5149993896484,50.0149993896484,50.4280014038086,0,50.4280014038086,"Philippines"
2017-12-19,50.4749984741211,50.5149993896484,50.1080017089844,50.3689994812012,0,50.3689994812012,"Philippines"
2017-12-20,50.3930015563965,50.3950004577637,49.9809989929199,50.1360015869141,0,50.1360015869141,"Philippines"
2017-12-21,50.2849998474121,50.2849998474121,49.9599990844727,50.0200004577637,0,50.0200004577637,"Philippines"
2017-12-22,50.0950012207031,50.2900009155273,49.9664993286133,50.0849990844727,0,50.0849990844727,"Philippines"
2017-12-25,50.0900001525879,50.0900001525879,49.8079986572266,50.0900001525879,0,50.0900001525879,"Philippines"
2017-12-26,49.9179992675781,50.0999984741211,49.8320007324219,49.8139991760254,0,49.8139991760254,"Philippines"
2017-12-27,49.9119987487793,50.0270004272461,49.7849998474121,49.8030014038086,0,49.8030014038086,"Philippines"
2017-12-28,50.0429992675781,50.0449981689453,49.7480010986328,49.7309989929199,0,49.7309989929199,"Philippines"
2017-12-29,49.9949989318848,50.0200004577637,49.7140007019043,49.75,0,49.75,"Philippines"
2018-01-01,49.9539985656738,50.015998840332,49.8619995117188,49.9539985656738,0,49.9539985656738,"Philippines"
2018-01-02,49.9150009155273,50.0130004882812,49.6290016174316,49.9099998474121,0,49.9099998474121,"Philippines"
2018-01-03,49.9150009155273,49.9300003051758,49.6959991455078,49.9099998474121,0,49.9099998474121,"Philippines"
2018-01-04,49.814998626709,49.9249992370605,49.6619987487793,49.7700004577637,0,49.7700004577637,"Philippines"
2018-01-05,49.8650016784668,49.9140014648438,49.6020011901855,49.7519989013672,0,49.7519989013672,"Philippines"
2018-01-08,49.7970008850098,50.2050018310547,49.6020011901855,49.7970008850098,0,49.7970008850098,"Philippines"
2018-01-09,50.1399993896484,50.3870010375977,49.9939994812012,50.0359992980957,0,50.0359992980957,"Philippines"
2018-01-10,50.2350006103516,50.5769996643066,50.1749992370605,50.1749992370605,0,50.1749992370605,"Philippines"
2018-01-11,50.3819999694824,50.5559997558594,50.2150001525879,50.3050003051758,0,50.3050003051758,"Philippines"
2018-01-12,50.382999420166,50.4459991455078,50.1370010375977,50.2480010986328,0,50.2480010986328,"Philippines"
2018-01-15,50.4189987182617,50.4189987182617,50.1300010681152,50.4189987182617,0,50.4189987182617,"Philippines"
2018-01-16,50.3600006103516,50.7400016784668,50.2550010681152,50.2550010681152,0,50.2550010681152,"Philippines"
2018-01-17,50.5,50.8549995422363,50.4249992370605,50.4230003356934,0,50.4230003356934,"Philippines"
2018-01-18,50.7099990844727,50.8450012207031,50.5460014343262,50.5950012207031,0,50.5950012207031,"Philippines"
2018-01-19,50.7649993896484,50.8240013122559,50.5139999389648,50.6790008544922,0,50.6790008544922,"Philippines"
2018-01-22,50.7410011291504,51.0120010375977,50.6419982910156,50.7410011291504,0,50.7410011291504,"Philippines"
2018-01-23,50.8499984741211,51.173999786377,50.7299995422363,50.8899993896484,0,50.8899993896484,"Philippines"
2018-01-24,51.1049995422363,51.1080017089844,50.6800003051758,50.9819984436035,0,50.9819984436035,"Philippines"
2018-01-25,50.9650001525879,50.9650001525879,50.6030006408691,50.7270011901855,0,50.7270011901855,"Philippines"
2018-01-26,50.8050003051758,51.0660018920898,50.7099990844727,50.7249984741211,0,50.7249984741211,"Philippines"
2018-01-29,50.9339981079102,51.4720001220703,50.8370018005371,50.9300003051758,0,50.9300003051758,"Philippines"
2018-01-30,51.189998626709,51.5250015258789,51.1870002746582,51.1829986572266,0,51.1829986572266,"Philippines"
2018-01-31,51.3800010681152,51.484001159668,51.1339988708496,51.2690010070801,0,51.2690010070801,"Philippines"
2018-02-01,51.2949981689453,51.7210006713867,51.1980018615723,51.242000579834,0,51.242000579834,"Philippines"
2018-02-02,51.5550003051758,51.8199996948242,51.3880004882812,51.4389991760254,0,51.4389991760254,"Philippines"
2018-02-05,51.4700012207031,51.685001373291,51.3050003051758,51.4700012207031,0,51.4700012207031,"Philippines"
2018-02-06,51.5050010681152,51.6349983215332,51.3450012207031,51.3899993896484,0,51.3899993896484,"Philippines"
2018-02-07,51.4749984741211,51.4819984436035,50.9129981994629,51.298999786377,0,51.298999786377,"Philippines"
2018-02-08,51.1399993896484,51.7770004272461,50.9249992370605,51.1419982910156,0,51.1419982910156,"Philippines"
2018-02-09,51.314998626709,51.7900009155273,51.314998626709,51.6150016784668,0,51.6150016784668,"Philippines"
2018-02-12,51.6500015258789,51.9710006713867,51.4389991760254,51.6500015258789,0,51.6500015258789,"Philippines"
2018-02-13,51.7750015258789,52.1800003051758,51.7029991149902,51.8349990844727,0,51.8349990844727,"Philippines"
2018-02-14,51.9850006103516,52.2519989013672,51.8320007324219,51.9799995422363,0,51.9799995422363,"Philippines"
2018-02-15,52.1100006103516,52.2869987487793,51.8419990539551,51.9990005493164,0,51.9990005493164,"Philippines"
2018-02-16,52.1279983520508,52.435001373291,52.0449981689453,52.1220016479492,0,52.1220016479492,"Philippines"
2018-02-19,52.298999786377,52.5299987792969,52.0480003356934,52.298999786377,0,52.298999786377,"Philippines"
2018-02-20,52.3549995422363,52.3549995422363,52.0750007629395,52.2070007324219,0,52.2070007324219,"Philippines"
2018-02-21,52.1360015869141,52.2550010681152,51.9609985351562,52.1580009460449,0,52.1580009460449,"Philippines"
2018-02-22,52.1049995422363,52.1980018615723,51.75,51.9850006103516,0,51.9850006103516,"Philippines"
2018-02-23,52.1150016784668,52.1150016784668,51.6040000915527,51.7560005187988,0,51.7560005187988,"Philippines"
2018-02-26,51.7639999389648,51.9879989624023,51.6969985961914,51.6889991760254,0,51.6889991760254,"Philippines"
2018-02-27,51.8400001525879,52.3289985656738,51.7270011901855,51.7239990234375,0,51.7239990234375,"Philippines"
2018-02-28,52.1780014038086,52.1910018920898,51.8979988098145,52.1339988708496,0,52.1339988708496,"Philippines"
2018-03-01,52.0950012207031,52.1150016784668,51.6150016784668,51.9770011901855,0,51.9770011901855,"Philippines"
2018-03-02,51.9099998474121,52.0400009155273,51.7099990844727,51.7000007629395,0,51.7000007629395,"Philippines"
2018-03-05,51.9290008544922,52.0610008239746,51.7589988708496,51.9290008544922,0,51.9290008544922,"Philippines"
2018-03-06,52.0050010681152,52.0610008239746,51.7430000305176,51.8349990844727,0,51.8349990844727,"Philippines"
2018-03-07,51.9799995422363,52.1150016784668,51.8400001525879,51.8680000305176,0,51.8680000305176,"Philippines"
2018-03-08,51.9749984741211,52.2000007629395,51.8699989318848,51.9290008544922,0,51.9290008544922,"Philippines"
2018-03-09,52.0349998474121,52.1500015258789,51.867000579834,52.0349998474121,0,52.0349998474121,"Philippines"
2018-03-12,51.9869995117188,52.1800003051758,51.7779998779297,51.9869995117188,0,51.9869995117188,"Philippines"
2018-03-13,51.9049987792969,52.0989990234375,51.8240013122559,51.9220008850098,0,51.9220008850098,"Philippines"
2018-03-14,51.9000015258789,52.2000007629395,51.8530006408691,51.8530006408691,0,51.8530006408691,"Philippines"
2018-03-15,51.8800010681152,52.1749992370605,51.8470001220703,51.9300003051758,0,51.9300003051758,"Philippines"
2018-03-16,51.8250007629395,52.1349983215332,51.8219985961914,52.0219993591309,0,52.0219993591309,"Philippines"
2018-03-19,51.9109992980957,52.1609992980957,51.8499984741211,51.9109992980957,0,51.9109992980957,"Philippines"
2018-03-20,51.9949989318848,52.1539993286133,51.9199981689453,51.9830017089844,0,51.9830017089844,"Philippines"
2018-03-21,52.0200004577637,52.226001739502,51.9169998168945,52.0130004882812,0,52.0130004882812,"Philippines"
2018-03-22,51.9949989318848,52.4749984741211,51.8450012207031,51.9910011291504,0,51.9910011291504,"Philippines"
2018-03-23,52.4000015258789,52.5349998474121,52.1660003662109,52.3089981079102,0,52.3089981079102,"Philippines"
2018-03-25,52.2799987792969,52.3930015563965,51.9749984741211,52.3930015563965,0,52.3930015563965,"Philippines"
2018-03-26,52.1419982910156,52.4930000305176,52.0369987487793,52.1370010375977,0,52.1370010375977,"Philippines"
2018-03-27,52.2980003356934,52.4360008239746,52.0880012512207,52.3030014038086,0,52.3030014038086,"Philippines"
2018-03-28,52.148998260498,52.310001373291,52.1119995117188,52.1699981689453,0,52.1699981689453,"Philippines"
2018-03-29,52.0979995727539,52.2070007324219,52.0299987792969,52.1969985961914,0,52.1969985961914,"Philippines"
2018-04-01,52.0519981384277,52.2620010375977,51.976001739502,52.1629981994629,0,52.1629981994629,"Philippines"
2018-04-02,52.1349983215332,52.2890014648438,51.8479995727539,52.1100006103516,0,52.1100006103516,"Philippines"
2018-04-03,51.8339996337891,52.1800003051758,51.8230018615723,51.8600006103516,0,51.8600006103516,"Philippines"
2018-04-04,51.9669990539551,52.1640014648438,51.8849983215332,51.976001739502,0,51.976001739502,"Philippines"
2018-04-05,51.8709983825684,52.2150001525879,51.8709983825684,51.8800010681152,0,51.8800010681152,"Philippines"
2018-04-08,51.9379997253418,52.1020011901855,51.8870010375977,52.0340003967285,0,52.0340003967285,"Philippines"
2018-04-09,51.882999420166,52.0180015563965,51.765998840332,51.8790016174316,0,51.8790016174316,"Philippines"
2018-04-10,51.6910018920898,52.0559997558594,51.6910018920898,51.814998626709,0,51.814998626709,"Philippines"
2018-04-11,51.8600006103516,52.0919990539551,51.8549995422363,51.9599990844727,0,51.9599990844727,"Philippines"
2018-04-12,51.9259986877441,52.0579986572266,51.8120002746582,51.8499984741211,0,51.8499984741211,"Philippines"
2018-04-15,51.8440017700195,52.0900001525879,51.8440017700195,51.9459991455078,0,51.9459991455078,"Philippines"
2018-04-16,51.9480018615723,52.2610015869141,51.8899993896484,51.9459991455078,0,51.9459991455078,"Philippines"
2018-04-17,52.0029983520508,52.1629981994629,51.9010009765625,52.1599998474121,0,52.1599998474121,"Philippines"
2018-04-18,51.9230003356934,52.1699981689453,51.9109992980957,52.0800018310547,0,52.0800018310547,"Philippines"
2018-04-19,52.132999420166,52.265998840332,51.9599990844727,52.1269989013672,0,52.1269989013672,"Philippines"
2018-04-22,52.0999984741211,52.4189987182617,51.9879989624023,52.2169990539551,0,52.2169990539551,"Philippines"
2018-04-23,52.351001739502,52.476001739502,52.0900001525879,52.2900009155273,0,52.2900009155273,"Philippines"
2018-04-24,52.1990013122559,52.3839988708496,52.0909996032715,52.193000793457,0,52.193000793457,"Philippines"
2018-04-25,52.1399993896484,52.3899993896484,51.7999992370605,52.1380004882812,0,52.1380004882812,"Philippines"
2018-04-26,51.976001739502,52.0400009155273,51.5620002746582,51.9780006408691,0,51.9780006408691,"Philippines"
2018-04-29,51.5439987182617,51.8190002441406,51.4000015258789,51.6199989318848,0,51.6199989318848,"Philippines"
2018-04-30,51.5309982299805,52.0069999694824,51.5309982299805,51.7200012207031,0,51.7200012207031,"Philippines"
2018-05-01,51.9160003662109,51.9739990234375,51.6300010681152,51.7299995422363,0,51.7299995422363,"Philippines"
2018-05-02,51.810001373291,52.0400009155273,51.5519981384277,51.734001159668,0,51.734001159668,"Philippines"
2018-05-03,51.6419982910156,51.8019981384277,51.4109992980957,51.6380004882812,0,51.6380004882812,"Philippines"
2018-05-06,51.5890007019043,51.9290008544922,51.5499992370605,51.6619987487793,0,51.6619987487793,"Philippines"
2018-05-07,51.7509994506836,51.9739990234375,51.7400016784668,51.7400016784668,0,51.7400016784668,"Philippines"
2018-05-08,51.8810005187988,52.0449981689453,51.8040008544922,51.9900016784668,0,51.9900016784668,"Philippines"
2018-05-09,51.8600006103516,52.0699996948242,51.648998260498,51.8549995422363,0,51.8549995422363,"Philippines"
2018-05-10,51.8359985351562,52.5480003356934,51.8199996948242,51.8549995422363,0,51.8549995422363,"Philippines"
2018-05-13,52.2610015869141,52.5789985656738,52.2029991149902,52.4490013122559,0,52.4490013122559,"Philippines"
2018-05-14,52.2849998474121,52.7000007629395,52.2309989929199,52.310001373291,0,52.310001373291,"Philippines"
2018-05-15,52.4480018615723,52.7599983215332,52.1339988708496,52.4599990844727,0,52.4599990844727,"Philippines"
2018-05-16,52.1069984436035,52.439998626709,52.0620002746582,52.3849983215332,0,52.3849983215332,"Philippines"
2018-05-17,52.1370010375977,52.4599990844727,52.1370010375977,52.1310005187988,0,52.1310005187988,"Philippines"
2018-05-20,52.1990013122559,52.5699996948242,52.1990013122559,52.390998840332,0,52.390998840332,"Philippines"
2018-05-21,52.298999786377,52.3769989013672,52.1220016479492,52.3300018310547,0,52.3300018310547,"Philippines"
2018-05-22,52.1310005187988,52.5559997558594,52.1189994812012,52.1940002441406,0,52.1940002441406,"Philippines"
2018-05-23,52.3919982910156,52.617000579834,52.3390007019043,52.4799995422363,0,52.4799995422363,"Philippines"
2018-05-24,52.3880004882812,52.7080001831055,52.1389999389648,52.3940010070801,0,52.3940010070801,"Philippines"
2018-05-27,52.3110008239746,52.689998626709,52.3110008239746,52.6440010070801,0,52.6440010070801,"Philippines"
2018-05-28,52.4329986572266,52.7449989318848,52.359001159668,52.3740005493164,0,52.3740005493164,"Philippines"
2018-05-29,52.5890007019043,52.7589988708496,52.4589996337891,52.7350006103516,0,52.7350006103516,"Philippines"
2018-05-30,52.423999786377,52.6839981079102,52.3380012512207,52.5699996948242,0,52.5699996948242,"Philippines"
2018-05-31,52.4970016479492,52.6590003967285,52.2290000915527,52.1689987182617,0,52.1689987182617,"Philippines"
2018-06-03,52.3559989929199,52.6180000305176,51.9790000915527,52.5149993896484,0,52.5149993896484,"Philippines"
2018-06-04,52.5660018920898,52.6599998474121,52.2970008850098,52.5830001831055,0,52.5830001831055,"Philippines"
2018-06-05,52.2360000610352,52.4819984436035,52.1860008239746,52.2369995117188,0,52.2369995117188,"Philippines"
2018-06-06,52.2859992980957,52.6150016784668,52.2540016174316,52.2890014648438,0,52.2890014648438,"Philippines"
2018-06-07,52.4080009460449,52.9939994812012,52.4080009460449,52.507999420166,0,52.507999420166,"Philippines"
2018-06-10,52.6949996948242,53.0960006713867,52.648998260498,52.8930015563965,0,52.8930015563965,"Philippines"
2018-06-11,52.984001159668,53.1389999389648,52.9090003967285,53.056999206543,0,53.056999206543,"Philippines"
2018-06-12,52.9339981079102,53.2540016174316,52.7890014648438,53.2299995422363,0,53.2299995422363,"Philippines"
2018-06-13,53.0960006713867,53.3409996032715,53.0429992675781,53.0789985656738,0,53.0789985656738,"Philippines"
2018-06-14,53.2750015258789,53.5699996948242,53.1129989624023,53.2309989929199,0,53.2309989929199,"Philippines"
2018-06-17,53.3390007019043,53.6699981689453,53.1969985961914,53.4449996948242,0,53.4449996948242,"Philippines"
2018-06-18,53.2179985046387,53.4799995422363,53.1549987792969,53.3199996948242,0,53.3199996948242,"Philippines"
2018-06-19,53.2179985046387,53.4959983825684,53.1720008850098,53.2789993286133,0,53.2789993286133,"Philippines"
2018-06-20,53.1809997558594,53.5099983215332,53.1790008544922,53.4599990844727,0,53.4599990844727,"Philippines"
2018-06-21,53.1990013122559,53.4269981384277,53.1469993591309,53.1959991455078,0,53.1959991455078,"Philippines"
2018-06-24,53.1129989624023,53.4900016784668,53.1129989624023,53.2750015258789,0,53.2750015258789,"Philippines"
2018-06-25,53.3460006713867,53.7350006103516,53.2509994506836,53.3370018005371,0,53.3370018005371,"Philippines"
2018-06-26,53.5410003662109,53.6510009765625,53.3240013122559,53.5999984741211,0,53.5999984741211,"Philippines"
2018-06-27,53.4300003051758,53.689998626709,53.3370018005371,53.7000007629395,0,53.7000007629395,"Philippines"
2018-06-28,53.3440017700195,53.5099983215332,53.2099990844727,53.3520011901855,0,53.3520011901855,"Philippines"
2018-07-01,53.2809982299805,53.5149993896484,53.2599983215332,53.3610000610352,0,53.3610000610352,"Philippines"
2018-07-02,53.3559989929199,53.5379981994629,53.25,53.3450012207031,0,53.3450012207031,"Philippines"
2018-07-03,53.265998840332,53.4169998168945,53.2099990844727,53.2700004577637,0,53.2700004577637,"Philippines"
2018-07-04,53.5499992370605,53.560001373291,53.2379989624023,53.3300018310547,0,53.3300018310547,"Philippines"
2018-07-05,53.2900009155273,53.5299987792969,53.1980018615723,53.4700012207031,0,53.4700012207031,"Philippines"
2018-07-08,53.1559982299805,53.4799995422363,53.1559982299805,53.3390007019043,0,53.3390007019043,"Philippines"
2018-07-09,53.375,53.5769996643066,53.25,53.3720016479492,0,53.3720016479492,"Philippines"
2018-07-10,53.3540000915527,53.6699981689453,53.3390007019043,53.6800003051758,0,53.6800003051758,"Philippines"
2018-07-11,53.4980010986328,53.7400016784668,53.3300018310547,53.4910011291504,0,53.4910011291504,"Philippines"
2018-07-12,53.2820014953613,53.5830001831055,53.2809982299805,53.2799987792969,0,53.2799987792969,"Philippines"
2018-07-15,53.4370002746582,53.6180000305176,53.318000793457,53.5219993591309,0,53.5219993591309,"Philippines"
2018-07-16,53.3460006713867,53.5069999694824,53.1220016479492,53.3580017089844,0,53.3580017089844,"Philippines"
2018-07-17,53.306999206543,53.5519981384277,53.2980003356934,53.3030014038086,0,53.3030014038086,"Philippines"
2018-07-18,53.3359985351562,53.7169990539551,53.3050003051758,53.2099990844727,0,53.2099990844727,"Philippines"
2018-07-19,53.4970016479492,53.6580009460449,53.2060012817383,53.6399993896484,0,53.6399993896484,"Philippines"
2018-07-22,53.1030006408691,53.4790000915527,53.1030006408691,53.3470001220703,0,53.3470001220703,"Philippines"
2018-07-23,53.443000793457,53.5639991760254,53.1459999084473,53.4529991149902,0,53.4529991149902,"Philippines"
2018-07-24,53.1500015258789,53.4230003356934,53.0880012512207,53.1800003051758,0,53.1800003051758,"Philippines"
2018-07-25,53.0730018615723,53.4480018615723,53.0730018615723,53.0730018615723,0,53.0730018615723,"Philippines"
2018-07-26,53.2569999694824,53.5099983215332,53.1209983825684,53.2630004882812,0,53.2630004882812,"Philippines"
2018-07-29,53.0789985656738,53.318000793457,52.9749984741211,53.2169990539551,0,53.2169990539551,"Philippines"
2018-07-30,52.9739990234375,53.1969985961914,52.9099998474121,53.0069999694824,0,53.0069999694824,"Philippines"
2018-07-31,52.8899993896484,53.1419982910156,52.8580017089844,52.9119987487793,0,52.9119987487793,"Philippines"
2018-08-01,52.8629989624023,53.242000579834,52.8450012207031,52.8889999389648,0,52.8889999389648,"Philippines"
2018-08-02,53.0400009155273,53.1949996948242,52.9199981689453,53.1769981384277,0,53.1769981384277,"Philippines"
2018-08-05,52.9490013122559,53.109001159668,52.7179985046387,53.0550003051758,0,53.0550003051758,"Philippines"
2018-08-06,52.7039985656738,52.9900016784668,52.6839981079102,52.8699989318848,0,52.8699989318848,"Philippines"
2018-08-07,52.7649993896484,53.0950012207031,52.7330017089844,52.7719993591309,0,52.7719993591309,"Philippines"
2018-08-08,52.9770011901855,53.2089996337891,52.8849983215332,53.0019989013672,0,53.0019989013672,"Philippines"
2018-08-09,52.9780006408691,53.2840003967285,52.951000213623,53.0099983215332,0,53.0099983215332,"Philippines"
2018-08-12,53.1660003662109,53.5379981994629,53.0670013427734,53.2400016784668,0,53.2400016784668,"Philippines"
2018-08-13,53.4090003967285,53.6160011291504,53.2939987182617,53.5190010070801,0,53.5190010070801,"Philippines"
2018-08-14,53.3499984741211,53.6300010681152,53.3050003051758,53.3419990539551,0,53.3419990539551,"Philippines"
2018-08-15,53.4099998474121,53.5349998474121,53.2309989929199,53.4770011901855,0,53.4770011901855,"Philippines"
2018-08-16,53.2869987487793,53.4440002441406,53.2369995117188,53.2949981689453,0,53.2949981689453,"Philippines"
2018-08-19,53.2140007019043,53.4029998779297,53.1809997558594,53.3250007629395,0,53.3250007629395,"Philippines"
2018-08-20,53.2039985656738,53.4869995117188,53.1749992370605,53.1980018615723,0,53.1980018615723,"Philippines"
2018-08-21,53.2560005187988,53.5,53.2210006713867,53.2599983215332,0,53.2599983215332,"Philippines"
2018-08-22,53.2690010070801,53.5620002746582,53.2690010070801,53.2620010375977,0,53.2620010375977,"Philippines"
2018-08-23,53.3629989624023,53.5369987487793,53.2220001220703,53.3720016479492,0,53.3720016479492,"Philippines"
2018-08-26,53.1430015563965,53.3959999084473,53.140998840332,53.3639984130859,0,53.3639984130859,"Philippines"
2018-08-27,53.1660003662109,53.398998260498,53.1119995117188,53.1800003051758,0,53.1800003051758,"Philippines"
2018-08-28,53.2140007019043,53.4990005493164,53.2120018005371,53.25,0,53.25,"Philippines"
2018-08-29,53.2620010375977,53.6780014038086,53.2620010375977,53.2610015869141,0,53.2610015869141,"Philippines"
2018-08-30,53.3300018310547,53.5900001525879,53.3250007629395,53.3339996337891,0,53.3339996337891,"Philippines"
2018-09-02,53.3950004577637,53.5589981079102,53.3339996337891,53.4599990844727,0,53.4599990844727,"Philippines"
2018-09-03,53.3849983215332,53.7630004882812,53.3339996337891,53.4039993286133,0,53.4039993286133,"Philippines"
2018-09-04,53.4889984130859,53.798999786377,53.3800010681152,53.7799987792969,0,53.7799987792969,"Philippines"
2018-09-05,53.5320014953613,54.0830001831055,53.3730010986328,53.5750007629395,0,53.5750007629395,"Philippines"
2018-09-06,53.8689994812012,53.9910011291504,53.5589981079102,53.8549995422363,0,53.8549995422363,"Philippines"
2018-09-09,53.625,54.1730003356934,53.5839996337891,53.7249984741211,0,53.7249984741211,"Philippines"
2018-09-10,53.8050003051758,54.0480003356934,53.7540016174316,53.8050003051758,0,53.8050003051758,"Philippines"
2018-09-11,53.8320007324219,54.1209983825684,53.7430000305176,53.8279991149902,0,53.8279991149902,"Philippines"
2018-09-12,53.9480018615723,54.125,53.7840003967285,53.8400001525879,0,53.8400001525879,"Philippines"
2018-09-13,53.890998840332,54.1380004882812,53.8310012817383,53.8899993896484,0,53.8899993896484,"Philippines"
2018-09-16,53.992000579834,54.3619995117188,53.992000579834,54.0999984741211,0,54.0999984741211,"Philippines"
2018-09-17,54.0260009765625,54.1800003051758,53.9500007629395,54.0219993591309,0,54.0219993591309,"Philippines"
2018-09-18,53.9420013427734,54.0960006713867,53.8129997253418,53.9370002746582,0,53.9370002746582,"Philippines"
2018-09-19,53.9290008544922,54.1549987792969,53.7840003967285,53.9309997558594,0,53.9309997558594,"Philippines"
2018-09-20,53.9609985351562,54.2449989318848,53.8359985351562,53.9609985351562,0,53.9609985351562,"Philippines"
2018-09-23,54.0769996643066,54.3030014038086,53.9739990234375,54.2309989929199,0,54.2309989929199,"Philippines"
2018-09-24,54.0940017700195,54.451000213623,54.0940017700195,54.0970001220703,0,54.0970001220703,"Philippines"
2018-09-25,54.4129981994629,54.4129981994629,54.064998626709,53.9099998474121,0,53.9099998474121,"Philippines"
2018-09-26,54.1160011291504,54.3359985351562,53.9790000915527,54.0960006713867,0,54.0960006713867,"Philippines"
2018-09-27,53.9529991149902,54.1510009765625,53.7999992370605,54.0299987792969,0,54.0299987792969,"Philippines"
2018-09-30,53.882999420166,54.1800003051758,53.8339996337891,53.9650001525879,0,53.9650001525879,"Philippines"
2018-10-01,54.0279998779297,54.390998840332,54.023998260498,54.1699981689453,0,54.1699981689453,"Philippines"
2018-10-02,54.1520004272461,54.2980003356934,54.0519981384277,53.7050018310547,0,53.7050018310547,"Philippines"
2018-10-03,54.148998260498,54.484001159668,54.1399993896484,54.1450004577637,0,54.1450004577637,"Philippines"
2018-10-04,54.1759986877441,54.689998626709,54.0449981689453,54.1839981079102,0,54.1839981079102,"Philippines"
2018-10-07,54.0909996032715,54.4379997253418,53.9739990234375,54.125,0,54.125,"Philippines"
2018-10-08,54.0110015869141,54.3699989318848,53.9690017700195,54.0099983215332,0,54.0099983215332,"Philippines"
2018-10-09,54.0629997253418,54.3079986572266,54.0169982910156,54.048999786377,0,54.048999786377,"Philippines"
2018-10-10,54.0120010375977,54.3779983520508,53.9199981689453,54.0149993896484,0,54.0149993896484,"Philippines"
2018-10-11,53.9469985961914,54.1879997253418,53.8810005187988,53.939998626709,0,53.939998626709,"Philippines"
2018-10-14,53.9949989318848,54.201000213623,53.9000015258789,54.0499992370605,0,54.0499992370605,"Philippines"
2018-10-15,53.9160003662109,54.1599998474121,53.6500015258789,53.9010009765625,0,53.9010009765625,"Philippines"
2018-10-16,53.7000007629395,54.0219993591309,53.7000007629395,53.8240013122559,0,53.8240013122559,"Philippines"
2018-10-17,54.0400009155273,54.0400009155273,53.7649993896484,53.9199981689453,0,53.9199981689453,"Philippines"
2018-10-18,54.0279998779297,54.1500015258789,53.5320014953613,54,0,54,"Philippines"
2018-10-21,53.6059989929199,53.8269996643066,53.5400009155273,53.7029991149902,0,53.7029991149902,"Philippines"
2018-10-22,53.7169990539551,53.9500007629395,53.6759986877441,53.4099998474121,0,53.4099998474121,"Philippines"
2018-10-23,53.8050003051758,53.8199996948242,53.5789985656738,53.6459999084473,0,53.6459999084473,"Philippines"
2018-10-24,53.7220001220703,53.8580017089844,53.5620002746582,53.7369995117188,0,53.7369995117188,"Philippines"
2018-10-25,53.5880012512207,53.8110008239746,53.3689994812012,53.6360015869141,0,53.6360015869141,"Philippines"
2018-10-29,53.5699996948242,53.7220001220703,53.4189987182617,53.5699996948242,0,53.5699996948242,"Philippines"
2018-10-30,53.5800018310547,53.6759986877441,53.4000015258789,53.4749984741211,0,53.4749984741211,"Philippines"
2018-10-31,53.5299987792969,53.5709991455078,53.2459983825684,53.4099998474121,0,53.4099998474121,"Philippines"
2018-11-01,53.3059997558594,53.4269981384277,53.0919990539551,53.3059997558594,0,53.3059997558594,"Philippines"
2018-11-02,53.132999420166,53.2960014343262,52.9109992980957,53.1189994812012,0,53.1189994812012,"Philippines"
2018-11-05,53.1500015258789,53.3730010986328,53.0999984741211,53.1500015258789,0,53.1500015258789,"Philippines"
2018-11-06,53.1100006103516,53.2750015258789,52.8499984741211,53.1100006103516,0,53.1100006103516,"Philippines"
2018-11-07,53.0400009155273,53.1360015869141,52.6069984436035,52.9090003967285,0,52.9090003967285,"Philippines"
2018-11-08,52.7400016784668,52.9230003356934,52.3730010986328,52.75,0,52.75,"Philippines"
2018-11-09,52.8499984741211,53.1450004577637,52.7000007629395,52.8499984741211,0,52.8499984741211,"Philippines"
2018-11-12,53.117000579834,53.3089981079102,52.9889984130859,53.117000579834,0,53.117000579834,"Philippines"
2018-11-13,53.3499984741211,53.3499984741211,52.9000015258789,53.1599998474121,0,53.1599998474121,"Philippines"
2018-11-14,53.0349998474121,53.2680015563965,52.8639984130859,53.0449981689453,0,53.0449981689453,"Philippines"
2018-11-15,53.0499992370605,53.0699996948242,52.5530014038086,52.9599990844727,0,52.9599990844727,"Philippines"
2018-11-16,52.5750007629395,52.7890014648438,52.3110008239746,52.5419998168945,0,52.5419998168945,"Philippines"
2018-11-19,52.564998626709,52.6910018920898,52.3160018920898,52.564998626709,0,52.564998626709,"Philippines"
2018-11-20,52.5699996948242,52.6160011291504,52.2980003356934,52.4300003051758,0,52.4300003051758,"Philippines"
2018-11-21,52.4850006103516,52.6259994506836,52.0480003356934,52.3300018310547,0,52.3300018310547,"Philippines"
2018-11-22,52.189998626709,52.4679985046387,52.0359992980957,52.0699996948242,0,52.0699996948242,"Philippines"
2018-11-23,52.2999992370605,52.5169982910156,52.1539993286133,52.2999992370605,0,52.2999992370605,"Philippines"
2018-11-26,52.3889999389648,52.5099983215332,52.2130012512207,52.3889999389648,0,52.3889999389648,"Philippines"
2018-11-27,52.25,52.6699981689453,52.2029991149902,52.3199996948242,0,52.3199996948242,"Philippines"
2018-11-28,52.5200004577637,52.689998626709,52.4249992370605,52.5699996948242,0,52.5699996948242,"Philippines"
2018-11-29,52.3849983215332,52.5260009765625,52.1689987182617,52.3610000610352,0,52.3610000610352,"Philippines"
2018-11-30,52.3600006103516,52.5800018310547,51.9700012207031,52.2589988708496,0,52.2589988708496,"Philippines"
2018-12-03,52.4099998474121,52.5429992675781,52.1619987487793,52.4099998474121,0,52.4099998474121,"Philippines"
2018-12-04,52.3380012512207,52.8359985351562,52.3380012512207,52.3380012512207,0,52.3380012512207,"Philippines"
2018-12-05,52.7700004577637,52.8839988708496,52.5060005187988,52.7700004577637,0,52.7700004577637,"Philippines"
2018-12-06,52.6300010681152,53.1080017089844,52.5670013427734,52.6300010681152,0,52.6300010681152,"Philippines"
2018-12-07,52.7900009155273,52.859001159668,52.4640007019043,52.5989990234375,0,52.5989990234375,"Philippines"
2018-12-10,52.7750015258789,52.9000015258789,52.685001373291,52.7750015258789,0,52.7750015258789,"Philippines"
2018-12-11,52.8400001525879,52.9280014038086,52.6240005493164,52.7099990844727,0,52.7099990844727,"Philippines"
2018-12-12,52.6199989318848,52.8199996948242,52.5060005187988,52.6199989318848,0,52.6199989318848,"Philippines"
2018-12-13,52.5800018310547,52.7150001525879,52.4669990539551,52.5800018310547,0,52.5800018310547,"Philippines"
2018-12-14,52.6399993896484,53.234001159668,52.4679985046387,52.5029983520508,0,52.5029983520508,"Philippines"
2018-12-17,53.0519981384277,53.0660018920898,52.8129997253418,53.0519981384277,0,53.0519981384277,"Philippines"
2018-12-18,52.8650016784668,53.140998840332,52.806999206543,52.8400001525879,0,52.8400001525879,"Philippines"
2018-12-19,52.7400016784668,53.1539993286133,52.7400016784668,52.8300018310547,0,52.8300018310547,"Philippines"
2018-12-20,52.9799995422363,53.3300018310547,52.9539985656738,53.060001373291,0,53.060001373291,"Philippines"
2018-12-21,53.1450004577637,53.2029991149902,52.7859992980957,53.1199989318848,0,53.1199989318848,"Philippines"
2018-12-24,52.9389991760254,52.9640007019043,52.7299995422363,52.9389991760254,0,52.9389991760254,"Philippines"
2018-12-25,52.9650001525879,52.9710006713867,52.7789993286133,52.9650001525879,0,52.9650001525879,"Philippines"
2018-12-26,53.0200004577637,53.0690002441406,52.7050018310547,53.0200004577637,0,53.0200004577637,"Philippines"
2018-12-27,52.7200012207031,52.9780006408691,52.3730010986328,52.7200012207031,0,52.7200012207031,"Philippines"
2018-12-28,52.568000793457,52.6699981689453,52.4099998474121,52.5779991149902,0,52.5779991149902,"Philippines"
2018-12-31,52.5149993896484,52.5149993896484,52.3759994506836,52.5149993896484,0,52.5149993896484,"Philippines"
2019-01-01,52.4900016784668,52.4900016784668,52.0309982299805,52.4900016784668,0,52.4900016784668,"Philippines"
2019-01-02,52.4199981689453,52.632999420166,52.0950012207031,52.4700012207031,0,52.4700012207031,"Philippines"
2019-01-03,52.5400009155273,52.757999420166,52.3059997558594,52.5499992370605,0,52.5499992370605,"Philippines"
2019-01-04,52.5699996948242,52.6399993896484,51.9700012207031,52.5699996948242,0,52.5699996948242,"Philippines"
2019-01-07,52.3800010681152,52.4799995422363,52.234001159668,52.3800010681152,0,52.3800010681152,"Philippines"
2019-01-08,52.3349990844727,52.564998626709,52.2890014648438,52.2949981689453,0,52.2949981689453,"Philippines"
2019-01-09,52.5,52.5200004577637,52.125,52.5,0,52.5,"Philippines"
2019-01-10,52.1800003051758,52.2779998779297,51.9780006408691,52.2089996337891,0,52.2089996337891,"Philippines"
2019-01-11,52.2999992370605,52.3400001525879,51.8880004882812,52.1139984130859,0,52.1139984130859,"Philippines"
2019-01-14,52.1699981689453,52.2999992370605,52.0069999694824,52.1699981689453,0,52.1699981689453,"Philippines"
2019-01-15,52.0950012207031,52.2150001525879,51.9199981689453,52.0950012207031,0,52.0950012207031,"Philippines"
2019-01-16,52.1150016784668,52.2900009155273,51.9169998168945,52.1199989318848,0,52.1199989318848,"Philippines"
2019-01-17,51.9700012207031,52.6110000610352,51.9700012207031,52.0439987182617,0,52.0439987182617,"Philippines"
2019-01-18,52.4300003051758,52.689998626709,52.242000579834,52.3600006103516,0,52.3600006103516,"Philippines"
2019-01-21,52.6720008850098,52.8899993896484,52.4749984741211,52.6720008850098,0,52.6720008850098,"Philippines"
2019-01-22,52.8899993896484,52.9900016784668,52.601001739502,52.8950004577637,0,52.8950004577637,"Philippines"
2019-01-23,52.8400001525879,52.8699989318848,51.9700012207031,52.8400001525879,0,52.8400001525879,"Philippines"
2019-01-24,52.7050018310547,52.9389991760254,51.875,52.560001373291,0,52.560001373291,"Philippines"
2019-01-25,52.6300010681152,52.939998626709,52.4109992980957,52.6959991455078,0,52.6959991455078,"Philippines"
2019-01-28,52.5429992675781,52.6399993896484,52.3610000610352,52.5429992675781,0,52.5429992675781,"Philippines"
2019-01-29,52.451000213623,52.5709991455078,52.2970008850098,52.3889999389648,0,52.3889999389648,"Philippines"
2019-01-30,52.398998260498,52.439998626709,52.193000793457,52.3310012817383,0,52.3310012817383,"Philippines"
2019-01-31,52.0900001525879,52.306999206543,51.9249992370605,52.0200004577637,0,52.0200004577637,"Philippines"
2019-02-01,51.9799995422363,52.398998260498,51.9799995422363,52.0130004882812,0,52.0130004882812,"Philippines"
2019-02-04,52.3639984130859,52.5859985351562,52.1660003662109,52.3639984130859,0,52.3639984130859,"Philippines"
2019-02-05,52.3899993896484,52.439998626709,52.1269989013672,52.3800010681152,0,52.3800010681152,"Philippines"
2019-02-06,52.2550010681152,52.4269981384277,52.1609992980957,52.2550010681152,0,52.2550010681152,"Philippines"
2019-02-07,52.3050003051758,52.3849983215332,52.0019989013672,52.314998626709,0,52.314998626709,"Philippines"
2019-02-08,52.1199989318848,52.2700004577637,51.9790000915527,52.1500015258789,0,52.1500015258789,"Philippines"
2019-02-11,52.1199989318848,52.2249984741211,51.8450012207031,52.1199989318848,0,52.1199989318848,"Philippines"
2019-02-12,52.1699981689453,52.2900009155273,51.9819984436035,52.0940017700195,0,52.0940017700195,"Philippines"
2019-02-13,51.9850006103516,52.2309989929199,51.810001373291,51.9799995422363,0,51.9799995422363,"Philippines"
2019-02-14,52.2200012207031,52.4980010986328,52.0460014343262,52.5009994506836,0,52.5009994506836,"Philippines"
2019-02-15,52.2700004577637,52.5229988098145,52.1360015869141,52.1370010375977,0,52.1370010375977,"Philippines"
2019-02-18,52.4199981689453,52.4199981689453,52.1860008239746,52.4199981689453,0,52.4199981689453,"Philippines"
2019-02-19,52.3199996948242,52.4099998474121,52.0629997253418,52.1829986572266,0,52.1829986572266,"Philippines"
2019-02-20,52.1500015258789,52.1500015258789,51.8059997558594,52.076000213623,0,52.076000213623,"Philippines"
2019-02-21,51.9599990844727,52.2229995727539,51.8250007629395,51.8400001525879,0,51.8400001525879,"Philippines"
2019-02-22,52.189998626709,52.2400016784668,51.9620018005371,52.1500015258789,0,52.1500015258789,"Philippines"
2019-02-25,52.0369987487793,52.0499992370605,51.7050018310547,51.939998626709,0,51.939998626709,"Philippines"
2019-02-26,51.9500007629395,52.1189994812012,51.7820014953613,51.939998626709,0,51.939998626709,"Philippines"
2019-02-27,51.8699989318848,52.0929985046387,51.6910018920898,51.8269996643066,0,51.8269996643066,"Philippines"
2019-02-28,51.8400001525879,51.8499984741211,51.568000793457,51.8499984741211,0,51.8499984741211,"Philippines"
2019-03-01,51.8899993896484,51.9199981689453,51.6279983520508,51.9000015258789,0,51.9000015258789,"Philippines"
2019-03-04,51.8709983825684,51.898998260498,51.5750007629395,51.8709983825684,0,51.8709983825684,"Philippines"
2019-03-05,51.7599983215332,52.5019989013672,51.6100006103516,51.6599998474121,0,51.6599998474121,"Philippines"
2019-03-06,52.3600006103516,52.4099998474121,52.060001373291,52.1500015258789,0,52.1500015258789,"Philippines"
2019-03-07,52.2700004577637,52.3349990844727,52.0050010681152,52.0670013427734,0,52.0670013427734,"Philippines"
2019-03-08,52.3699989318848,52.439998626709,52.1300010681152,52.2400016784668,0,52.2400016784668,"Philippines"
2019-03-11,52.2509994506836,52.3089981079102,52.0719985961914,52.2509994506836,0,52.2509994506836,"Philippines"
2019-03-12,52.25,53.0550003051758,51.9939994812012,52.4020004272461,0,52.4020004272461,"Philippines"
2019-03-13,53.0499992370605,53.5400009155273,52.5349998474121,52.7599983215332,0,52.7599983215332,"Philippines"
2019-03-14,52.8699989318848,52.9300003051758,52.4000015258789,52.515998840332,0,52.515998840332,"Philippines"
2019-03-15,52.8300018310547,52.8450012207031,52.4809989929199,52.8300018310547,0,52.8300018310547,"Philippines"
2019-03-18,52.6339988708496,52.7249984741211,52.4900016784668,52.6339988708496,0,52.6339988708496,"Philippines"
2019-03-19,52.6199989318848,52.9249992370605,52.560001373291,52.5260009765625,0,52.5260009765625,"Philippines"
2019-03-20,52.9700012207031,52.9700012207031,52.6370010375977,52.689998626709,0,52.689998626709,"Philippines"
2019-03-21,52.8300018310547,52.9099998474121,52.4140014648438,52.6889991760254,0,52.6889991760254,"Philippines"
2019-03-22,52.689998626709,52.689998626709,52.2490005493164,52.4379997253418,0,52.4379997253418,"Philippines"
2019-03-25,52.6209983825684,52.6549987792969,52.3600006103516,52.6209983825684,0,52.6209983825684,"Philippines"
2019-03-26,52.5400009155273,52.6629981994629,52.2540016174316,52.3600006103516,0,52.3600006103516,"Philippines"
2019-03-27,52.5,52.8349990844727,52.4220008850098,52.5,0,52.5,"Philippines"
2019-03-28,52.8400001525879,52.875,52.5660018920898,52.8499984741211,0,52.8499984741211,"Philippines"
2019-03-29,52.7999992370605,52.8899993896484,52.3979988098145,52.6300010681152,0,52.6300010681152,"Philippines"
2019-03-31,52.560001373291,52.6500015258789,52.306999206543,52.6590003967285,0,52.6590003967285,"Philippines"
2019-04-01,52.2560005187988,52.5900001525879,52.2560005187988,52.5200004577637,0,52.5200004577637,"Philippines"
2019-04-02,52.3409996032715,52.6100006103516,52.0040016174316,52.4599990844727,0,52.4599990844727,"Philippines"
2019-04-03,52.2000007629395,52.310001373291,51.9000015258789,51.9519996643066,0,51.9519996643066,"Philippines"
2019-04-04,52.1030006408691,52.3600006103516,51.9599990844727,52.0970001220703,0,52.0970001220703,"Philippines"
2019-04-07,51.9440002441406,52.2999992370605,51.9440002441406,52.060001373291,0,52.060001373291,"Philippines"
2019-04-08,52.0200004577637,52.2999992370605,51.898998260498,52.2200012207031,0,52.2200012207031,"Philippines"
2019-04-09,51.8919982910156,52.2099990844727,51.7350006103516,51.8819999694824,0,51.8819999694824,"Philippines"
2019-04-10,51.7410011291504,52.0499992370605,51.6889991760254,51.7389984130859,0,51.7389984130859,"Philippines"
2019-04-11,51.806999206543,52.2000007629395,51.564998626709,52.1800003051758,0,52.1800003051758,"Philippines"
2019-04-14,51.5400009155273,51.8650016784668,51.515998840332,51.6590003967285,0,51.6590003967285,"Philippines"
2019-04-15,51.4900016784668,51.7879981994629,51.4900016784668,51.4830017089844,0,51.4830017089844,"Philippines"
2019-04-16,51.6370010375977,51.9099998474121,51.5610008239746,51.810001373291,0,51.810001373291,"Philippines"
2019-04-17,51.5480003356934,51.7879981994629,51.5359992980957,51.7700004577637,0,51.7700004577637,"Philippines"
2019-04-18,51.5900001525879,51.8800010681152,51.5900001525879,51.685001373291,0,51.685001373291,"Philippines"
2019-04-21,51.548999786377,52.0880012512207,51.5369987487793,51.6720008850098,0,51.6720008850098,"Philippines"
2019-04-22,51.4819984436035,52.1800003051758,51.4819984436035,52.1100006103516,0,52.1100006103516,"Philippines"
2019-04-23,51.9080009460449,52.3030014038086,51.9080009460449,52.2000007629395,0,52.2000007629395,"Philippines"
2019-04-24,52.0970001220703,52.3800010681152,52.0499992370605,52.2799987792969,0,52.2799987792969,"Philippines"
2019-04-25,52.0550003051758,52.310001373291,51.9249992370605,52.0499992370605,0,52.0499992370605,"Philippines"
2019-04-28,51.9879989624023,52.2000007629395,51.9780006408691,52.0979995727539,0,52.0979995727539,"Philippines"
2019-04-29,51.9910011291504,52.2150001525879,51.7169990539551,52.0200004577637,0,52.0200004577637,"Philippines"
2019-04-30,51.6440010070801,51.8800010681152,51.4000015258789,51.7690010070801,0,51.7690010070801,"Philippines"
2019-05-01,51.7080001831055,51.9099998474121,51.5900001525879,51.7999992370605,0,51.7999992370605,"Philippines"
2019-05-02,51.7519989013672,51.9900016784668,51.6590003967285,51.7299995422363,0,51.7299995422363,"Philippines"
2019-05-05,51.7330017089844,52.0480003356934,51.7330017089844,51.7849998474121,0,51.7849998474121,"Philippines"
2019-05-06,51.9850006103516,52.0200004577637,51.7369995117188,51.8400001525879,0,51.8400001525879,"Philippines"
2019-05-07,51.9529991149902,52.1599998474121,51.8349990844727,51.9459991455078,0,51.9459991455078,"Philippines"
2019-05-08,52.0909996032715,52.3380012512207,51.9550018310547,52.0820007324219,0,52.0820007324219,"Philippines"
2019-05-09,52.0810012817383,52.4000015258789,52.0190010070801,52.2999992370605,0,52.2999992370605,"Philippines"
2019-05-12,52.0820007324219,52.5299987792969,52.0820007324219,52.25,0,52.25,"Philippines"
2019-05-13,52.3230018615723,52.564998626709,52.2019996643066,52.5800018310547,0,52.5800018310547,"Philippines"
2019-05-14,52.1940002441406,52.4179992675781,52.1539993286133,52.1889991760254,0,52.1889991760254,"Philippines"
2019-05-15,52.185001373291,52.5800018310547,52.185001373291,52.4749984741211,0,52.4749984741211,"Philippines"
2019-05-16,52.3969993591309,52.7309989929199,52.3530006408691,52.5999984741211,0,52.5999984741211,"Philippines"
2019-05-19,52.5470008850098,52.7430000305176,52.3940010070801,52.6699981689453,0,52.6699981689453,"Philippines"
2019-05-20,52.5509986877441,52.8089981079102,52.3129997253418,52.5260009765625,0,52.5260009765625,"Philippines"
2019-05-21,NA,NA,NA,NA,NA,NA,"Philippines"
2019-05-22,52.2879981994629,52.5800018310547,52.265998840332,52.2859992980957,0,52.2859992980957,"Philippines"
2019-05-23,52.2960014343262,52.5499992370605,52.0620002746582,52.5,0,52.5,"Philippines"
2019-05-26,51.9690017700195,52.2400016784668,51.9690017700195,52.1269989013672,0,52.1269989013672,"Philippines"
2019-05-27,52.0330009460449,52.3030014038086,52.0330009460449,52.0359992980957,0,52.0359992980957,"Philippines"
2019-05-28,52.125,52.4500007629395,52.125,52.3199996948242,0,52.3199996948242,"Philippines"
2019-05-29,52.1349983215332,52.4000015258789,52.0130004882812,52.4000015258789,0,52.4000015258789,"Philippines"
2019-05-30,52.0470008850098,52.2900009155273,52.0419998168945,52.1549987792969,0,52.1549987792969,"Philippines"
2019-06-02,51.9560012817383,52.1500015258789,51.6660003662109,52.1399993896484,0,52.1399993896484,"Philippines"
2019-06-03,51.5620002746582,51.9480018615723,51.5620002746582,51.6300010681152,0,51.6300010681152,"Philippines"
2019-06-04,51.6479988098145,51.8730010986328,51.5849990844727,51.7000007629395,0,51.7000007629395,"Philippines"
2019-06-05,51.6110000610352,51.814998626709,51.5470008850098,51.75,0,51.75,"Philippines"
2019-06-06,51.548999786377,52.0699996948242,51.5419998168945,51.6500015258789,0,51.6500015258789,"Philippines"
2019-06-09,51.8470001220703,52.1699981689453,51.8470001220703,51.9099998474121,0,51.9099998474121,"Philippines"
2019-06-10,52.0890007019043,52.0999984741211,51.7770004272461,52.0999984741211,0,52.0999984741211,"Philippines"
2019-06-11,51.8219985961914,52.0089988708496,51.7439994812012,51.8199996948242,0,51.8199996948242,"Philippines"
2019-06-12,51.8919982910156,52.048999786377,51.7050018310547,51.8870010375977,0,51.8870010375977,"Philippines"
2019-06-13,51.8089981079102,52.0550003051758,51.7190017700195,51.9000015258789,0,51.9000015258789,"Philippines"
2019-06-16,51.9160003662109,52.2779998779297,51.9160003662109,52.060001373291,0,52.060001373291,"Philippines"
2019-06-17,52.1030006408691,52.298999786377,51.7919998168945,52.310001373291,0,52.310001373291,"Philippines"
2019-06-18,51.7589988708496,51.935001373291,51.6769981384277,51.6940002441406,0,51.6940002441406,"Philippines"
2019-06-19,51.8089981079102,51.8089981079102,51.2929992675781,51.7750015258789,0,51.7750015258789,"Philippines"
2019-06-20,51.2729988098145,51.5810012817383,51.2509994506836,51.3800010681152,0,51.3800010681152,"Philippines"
2019-06-23,51.2249984741211,51.5849990844727,51.2249984741211,51.4490013122559,0,51.4490013122559,"Philippines"
2019-06-24,51.2239990234375,51.3860015869141,51.1969985961914,51.3549995422363,0,51.3549995422363,"Philippines"
2019-06-25,51.4589996337891,51.5709991455078,51.234001159668,51.2789993286133,0,51.2789993286133,"Philippines"
2019-06-26,51.3390007019043,51.443000793457,51.0620002746582,51.193000793457,0,51.193000793457,"Philippines"
2019-06-27,51.0439987182617,51.3190002441406,51.0439987182617,51.0699996948242,0,51.0699996948242,"Philippines"
2019-06-30,51.1240005493164,51.2649993896484,50.9010009765625,51.2350006103516,0,51.2350006103516,"Philippines"
2019-07-01,51.0069999694824,51.2060012817383,50.898998260498,51.0999984741211,0,51.0999984741211,"Philippines"
2019-07-02,51.064998626709,51.2470016479492,50.9910011291504,51.064998626709,0,51.064998626709,"Philippines"
2019-07-03,51.056999206543,51.1389999389648,50.9309997558594,51.1279983520508,0,51.1279983520508,"Philippines"
2019-07-04,51.1380004882812,51.3880004882812,50.9739990234375,51.0999984741211,0,51.0999984741211,"Philippines"
2019-07-07,51.1990013122559,51.4729995727539,51.1860008239746,51.3289985656738,0,51.3289985656738,"Philippines"
2019-07-08,51.2150001525879,51.4300003051758,51.1800003051758,51.3499984741211,0,51.3499984741211,"Philippines"
2019-07-09,51.2809982299805,51.5120010375977,51.2220001220703,51.4000015258789,0,51.4000015258789,"Philippines"
2019-07-10,51.2680015563965,51.3279991149902,50.9290008544922,51.2999992370605,0,51.2999992370605,"Philippines"
2019-07-11,51.1360015869141,51.3300018310547,50.9700012207031,51.1780014038086,0,51.1780014038086,"Philippines"
2019-07-14,50.9830017089844,51.1590003967285,50.8479995727539,51.1100006103516,0,51.1100006103516,"Philippines"
2019-07-15,50.8790016174316,51.0589981079102,50.7750015258789,50.9780006408691,0,50.9780006408691,"Philippines"
2019-07-16,50.7449989318848,51.1580009460449,50.7449989318848,50.8279991149902,0,50.8279991149902,"Philippines"
2019-07-17,51.109001159668,51.1259994506836,50.8079986572266,50.9140014648438,0,50.9140014648438,"Philippines"
2019-07-18,50.8110008239746,51.0929985046387,50.7999992370605,50.9000015258789,0,50.9000015258789,"Philippines"
2019-07-21,50.9630012512207,51.1730003356934,50.9630012512207,51.0699996948242,0,51.0699996948242,"Philippines"
2019-07-22,50.9749984741211,51.2060012817383,50.9659996032715,51.0499992370605,0,51.0499992370605,"Philippines"
2019-07-23,51.0950012207031,51.2999992370605,51.0330009460449,51.2999992370605,0,51.2999992370605,"Philippines"
2019-07-24,50.9939994812012,51.2089996337891,50.9259986877441,51.2200012207031,0,51.2200012207031,"Philippines"
2019-07-25,51.064998626709,51.25,50.8950004577637,51.2280006408691,0,51.2280006408691,"Philippines"
2019-07-28,50.9739990234375,51.1110000610352,50.8819999694824,51.1110000610352,0,51.1110000610352,"Philippines"
2019-07-29,50.8769989013672,51.076000213623,50.7179985046387,51.0400009155273,0,51.0400009155273,"Philippines"
2019-07-30,50.7630004882812,50.9029998779297,50.6720008850098,50.8499984741211,0,50.8499984741211,"Philippines"
2019-07-31,50.851001739502,51.2379989624023,50.851001739502,50.9099998474121,0,50.9099998474121,"Philippines"
2019-08-01,51.1500015258789,51.6300010681152,51.0449981689453,51.2999992370605,0,51.2999992370605,"Philippines"
2019-08-04,51.4860000610352,52.1300010681152,51.4860000610352,51.6199989318848,0,51.6199989318848,"Philippines"
2019-08-05,52.0750007629395,52.3300018310547,51.7350006103516,52.310001373291,0,52.310001373291,"Philippines"
2019-08-06,51.9080009460449,52.4379997253418,51.8660011291504,52.0499992370605,0,52.0499992370605,"Philippines"
2019-08-07,52.1949996948242,52.3790016174316,51.7970008850098,52.3699989318848,0,52.3699989318848,"Philippines"
2019-08-08,51.7719993591309,52.0209999084473,51.7490005493164,51.9599990844727,0,51.9599990844727,"Philippines"
2019-08-11,51.8899993896484,52.1910018920898,51.8800010681152,52.0340003967285,0,52.0340003967285,"Philippines"
2019-08-12,52.0369987487793,52.4199981689453,51.7890014648438,52.0559997558594,0,52.0559997558594,"Philippines"
2019-08-13,51.8380012512207,52.4080009460449,51.8359985351562,51.9280014038086,0,51.9280014038086,"Philippines"
2019-08-14,52.257999420166,52.7980003356934,52.2099990844727,52.4000015258789,0,52.4000015258789,"Philippines"
2019-08-15,52.7630004882812,52.7630004882812,52.2200012207031,52.6360015869141,0,52.6360015869141,"Philippines"
2019-08-18,52.1660003662109,52.4179992675781,52.1660003662109,52.3680000305176,0,52.3680000305176,"Philippines"
2019-08-19,52.2480010986328,52.4700012207031,52.1640014648438,52.4480018615723,0,52.4480018615723,"Philippines"
2019-08-20,52.1619987487793,52.3889999389648,52.0810012817383,52.3279991149902,0,52.3279991149902,"Philippines"
2019-08-21,52.060001373291,52.4290008544922,52.0530014038086,52.2299995422363,0,52.2299995422363,"Philippines"
2019-08-22,52.1749992370605,52.4620018005371,52.1399993896484,52.3400001525879,0,52.3400001525879,"Philippines"
2019-08-25,52.3520011901855,52.560001373291,52.0559997558594,52.4490013122559,0,52.4490013122559,"Philippines"
2019-08-26,52.2869987487793,52.4609985351562,51.3310012817383,52.2869987487793,0,52.2869987487793,"Philippines"
2019-08-27,52.1339988708496,52.3889999389648,52.1049995422363,52.2280006408691,0,52.2280006408691,"Philippines"
2019-08-28,52.2900009155273,52.4090003967285,52.0480003356934,52.4199981689453,0,52.4199981689453,"Philippines"
2019-08-29,52.0509986877441,52.2599983215332,51.9360008239746,52.048999786377,0,52.048999786377,"Philippines"
2019-09-01,52.023998260498,52.1860008239746,51.9049987792969,52.1549987792969,0,52.1549987792969,"Philippines"
2019-09-02,52.1119995117188,52.3580017089844,52.0509986877441,52.265998840332,0,52.265998840332,"Philippines"
2019-09-03,52.0830001831055,52.2890014648438,51.7700004577637,52.25,0,52.25,"Philippines"
2019-09-04,51.8040008544922,52.0130004882812,51.701000213623,51.8699989318848,0,51.8699989318848,"Philippines"
2019-09-05,51.7849998474121,52.0499992370605,51.7060012817383,51.7910003662109,0,51.7910003662109,"Philippines"
2019-09-08,51.757999420166,51.9529991149902,51.7099990844727,51.8160018920898,0,51.8160018920898,"Philippines"
2019-09-09,51.7470016479492,52.0849990844727,51.7330017089844,51.8499984741211,0,51.8499984741211,"Philippines"
2019-09-10,51.9129981994629,52.201000213623,51.640998840332,51.9140014648438,0,51.9140014648438,"Philippines"
2019-09-11,51.9900016784668,52.0929985046387,51.6129989624023,52.0800018310547,0,52.0800018310547,"Philippines"
2019-09-12,51.7890014648438,52.0460014343262,51.6370010375977,51.8400001525879,0,51.8400001525879,"Philippines"
2019-09-15,51.8209991455078,52.3330001831055,51.8209991455078,51.9309997558594,0,51.9309997558594,"Philippines"
2019-09-16,52.1380004882812,52.4160003662109,52.0530014038086,52.1360015869141,0,52.1360015869141,"Philippines"
2019-09-17,52.0250015258789,52.2599983215332,52.0250015258789,52.1279983520508,0,52.1279983520508,"Philippines"
2019-09-18,52.064998626709,52.3300018310547,52.0480003356934,51.9780006408691,0,51.9780006408691,"Philippines"
2019-09-19,52.148998260498,52.3190002441406,51.8419990539551,52.2200012207031,0,52.2200012207031,"Philippines"
2019-09-22,51.9230003356934,52.2190017700195,51.8790016174316,51.9930000305176,0,51.9930000305176,"Philippines"
2019-09-23,51.9980010986328,52.2519989013672,51.9980010986328,52.1259994506836,0,52.1259994506836,"Philippines"
2019-09-24,52.1160011291504,52.3359985351562,52.1119995117188,52.25,0,52.25,"Philippines"
2019-09-25,52.068000793457,52.2789993286133,51.9860000610352,52.2480010986328,0,52.2480010986328,"Philippines"
2019-09-26,52.0019989013672,52.1800003051758,51.5900001525879,51.9780006408691,0,51.9780006408691,"Philippines"
2019-09-29,51.7519989013672,51.9309997558594,51.6679992675781,51.9309997558594,0,51.9309997558594,"Philippines"
2019-09-30,51.6949996948242,52.0270004272461,51.6300010681152,51.8349990844727,0,51.8349990844727,"Philippines"
2019-10-01,52,52.0180015563965,51.734001159668,52,0,52,"Philippines"
2019-10-02,51.9990005493164,52.023998260498,51.5690002441406,51.9860000610352,0,51.9860000610352,"Philippines"
2019-10-03,51.6839981079102,51.8380012512207,51.5219993591309,51.6780014038086,0,51.6780014038086,"Philippines"
2019-10-06,51.5250015258789,51.9199981689453,51.5250015258789,51.685001373291,0,51.685001373291,"Philippines"
2019-10-07,51.7599983215332,51.8979988098145,51.5800018310547,51.8600006103516,0,51.8600006103516,"Philippines"
2019-10-08,51.7770004272461,51.9249992370605,51.6129989624023,51.8300018310547,0,51.8300018310547,"Philippines"
2019-10-09,51.6749992370605,51.8400001525879,51.4480018615723,51.8400001525879,0,51.8400001525879,"Philippines"
2019-10-10,51.4230003356934,51.6199989318848,51.3540000915527,51.5900001525879,0,51.5900001525879,"Philippines"
2019-10-13,51.5095863342285,51.6319999694824,51.3288307189941,51.4959983825684,0,51.4959983825684,"Philippines"
2019-10-14,51.4546165466309,51.6749992370605,51.3889274597168,51.5279998779297,0,51.5279998779297,"Philippines"
2019-10-15,51.4652099609375,51.7220001220703,51.4062843322754,51.5999984741211,0,51.5999984741211,"Philippines"
2019-10-16,51.437629699707,51.5499992370605,51.137752532959,51.5299987792969,0,51.5299987792969,"Philippines"
2019-10-17,51.205680847168,51.3639984130859,51.0750198364258,51.1279983520508,0,51.1279983520508,"Philippines"
2019-10-20,51.204963684082,51.25,50.9000015258789,51.25,0,51.25,"Philippines"
2019-10-21,50.9848213195801,51.2410011291504,50.9650001525879,51.0499992370605,0,51.0499992370605,"Philippines"
2019-10-22,51.0524368286133,51.2879981994629,50.8329963684082,51.1800003051758,0,51.1800003051758,"Philippines"
2019-10-23,50.840576171875,51.4199981689453,50.810001373291,51,0,51,"Philippines"
2019-10-24,51.1775588989258,51.3460006713867,50.9739990234375,51.2000007629395,0,51.2000007629395,"Philippines"
2019-10-28,51.2000007629395,51.25,51.004222869873,51.2000007629395,0,51.2000007629395,"Philippines"
2019-10-29,51.1800003051758,51.1800003051758,50.8884582519531,51.140998840332,0,51.140998840332,"Philippines"
2019-10-30,51.0699996948242,51.1030006408691,50.7637825012207,51.0699996948242,0,51.0699996948242,"Philippines"
2019-10-31,50.8889999389648,50.9099998474121,50.5908164978027,50.8779983520508,0,50.8779983520508,"Philippines"
2019-11-01,50.75,50.8300018310547,50.348747253418,50.75,0,50.75,"Philippines"
2019-11-04,50.4799995422363,50.5670013427734,50.3699989318848,50.4799995422363,0,50.4799995422363,"Philippines"
2019-11-05,50.4889984130859,50.6279983520508,50.2630996704102,50.4780006408691,0,50.4780006408691,"Philippines"
2019-11-06,50.4900016784668,50.7350006103516,50.3357963562012,50.2736206054688,0,50.2736206054688,"Philippines"
2019-11-07,50.6590003967285,50.6689987182617,50.3300018310547,50.4758491516113,0,50.4758491516113,"Philippines"
2019-11-08,50.5499992370605,50.5890007019043,50.2389984130859,50.5499992370605,0,50.5499992370605,"Philippines"
2019-11-11,50.5400009155273,50.8849983215332,50.4121894836426,50.5200004577637,0,50.5200004577637,"Philippines"
2019-11-12,50.6889991760254,50.898998260498,50.6075859069824,50.7000007629395,0,50.7000007629395,"Philippines"
2019-11-13,50.8289985656738,50.9500007629395,50.6837310791016,50.6533126831055,0,50.6533126831055,"Philippines"
2019-11-14,50.7890014648438,50.9150009155273,50.5948944091797,50.7779998779297,0,50.7779998779297,"Philippines"
2019-11-15,50.6889991760254,50.7400016784668,50.4315185546875,50.5779991149902,0,50.5779991149902,"Philippines"
2019-11-18,50.564998626709,50.8009986877441,50.4500007629395,50.4546966552734,0,50.4546966552734,"Philippines"
2019-11-19,50.6389999389648,50.9830017089844,50.5960006713867,50.6279983520508,0,50.6279983520508,"Philippines"
2019-11-20,50.9389991760254,51.0120010375977,50.5900001525879,50.784008026123,0,50.784008026123,"Philippines"
2019-11-21,50.9500007629395,50.9949989318848,50.673999786377,50.784854888916,0,50.784854888916,"Philippines"
2019-11-22,50.7389984130859,50.9109992980957,50.6014633178711,50.8349990844727,0,50.8349990844727,"Philippines"
2019-11-25,50.8950004577637,50.8950004577637,50.624210357666,50.8950004577637,0,50.8950004577637,"Philippines"
2019-11-26,50.7190017700195,50.9259986877441,50.5430297851562,50.7999992370605,0,50.7999992370605,"Philippines"
2019-11-27,50.7133369445801,50.9259986877441,50.6389999389648,50.8300018310547,0,50.8300018310547,"Philippines"
2019-11-28,50.7890014648438,50.8400001525879,50.5864181518555,50.7999992370605,0,50.7999992370605,"Philippines"
2019-11-29,50.75,50.8979988098145,50.5635032653809,50.75,0,50.75,"Philippines"
2019-12-02,50.8450012207031,51.1199989318848,50.7073173522949,50.718132019043,0,50.718132019043,"Philippines"
2019-12-03,50.8489990234375,51.1599998474121,50.8489990234375,50.8779983520508,0,50.8779983520508,"Philippines"
2019-12-04,50.9389991760254,51.1199989318848,50.8580017089844,51.0779991149902,0,51.0779991149902,"Philippines"
2019-12-05,50.898998260498,50.9589996337891,50.7000007629395,50.8600006103516,0,50.8600006103516,"Philippines"
2019-12-06,50.7690010070801,50.8380012512207,50.6135292053223,50.7910003662109,0,50.7910003662109,"Philippines"
2019-12-09,50.7900009155273,50.8779983520508,50.6660041809082,50.7330017089844,0,50.7330017089844,"Philippines"
2019-12-10,50.8089981079102,50.8400001525879,50.6237487792969,50.8199996948242,0,50.8199996948242,"Philippines"
2019-12-11,50.7159996032715,50.8580017089844,50.5818710327148,50.7799987792969,0,50.7799987792969,"Philippines"
2019-12-12,50.7789993286133,50.7830009460449,50.4466552734375,50.6444969177246,0,50.6444969177246,"Philippines"
2019-12-13,50.4389991760254,50.6679992675781,50.3499984741211,50.4280014038086,0,50.4280014038086,"Philippines"
2019-12-16,50.6199989318848,50.6870002746582,50.4518852233887,50.5149993896484,0,50.5149993896484,"Philippines"
2019-12-17,50.5589981079102,50.6259994506836,50.4154891967773,50.5480003356934,0,50.5480003356934,"Philippines"
2019-12-18,50.5690002441406,50.6809997558594,50.4380493164062,50.5579986572266,0,50.5579986572266,"Philippines"
2019-12-19,50.6290016174316,50.6549987792969,50.4741172790527,50.5141372680664,0,50.5141372680664,"Philippines"
2019-12-20,50.609001159668,50.8759994506836,50.4508476257324,50.6199989318848,0,50.6199989318848,"Philippines"
2019-12-23,50.7150001525879,51.0009994506836,50.6279640197754,50.757999420166,0,50.757999420166,"Philippines"
2019-12-24,50.8289985656738,50.875,50.4889984130859,50.7622261047363,0,50.7622261047363,"Philippines"
2019-12-25,50.7890014648438,50.810001373291,50.4550018310547,50.810001373291,0,50.810001373291,"Philippines"
2019-12-26,50.798999786377,50.8050003051758,50.140998840332,50.7919998168945,0,50.7919998168945,"Philippines"
2019-12-27,50.6889991760254,50.9059982299805,50.5271759033203,50.681999206543,0,50.681999206543,"Philippines"
2019-12-30,50.810001373291,50.810001373291,50.5279998779297,50.6199989318848,0,50.6199989318848,"Philippines"
2019-12-31,50.7589988708496,50.7799987792969,50.4189987182617,50.7519989013672,0,50.7519989013672,"Philippines"
2020-01-01,50.6590003967285,50.7210960388184,50.6590003967285,50.7000007629395,0,50.7000007629395,"Philippines"
2020-01-02,50.6590003967285,50.7980003356934,50.3940010070801,50.7000007629395,0,50.7000007629395,"Philippines"
2020-01-03,50.6590003967285,51.1920013427734,50.5380058288574,50.6035957336426,0,50.6035957336426,"Philippines"
2020-01-06,51.0999984741211,51.3680000305176,50.9150009155273,51.0670013427734,0,51.0670013427734,"Philippines"
2020-01-07,51.1730003356934,51.1730003356934,50.6621932983398,51.1650009155273,0,51.1650009155273,"Philippines"
2020-01-08,50.9930000305176,51.132999420166,50.4455718994141,50.9850006103516,0,50.9850006103516,"Philippines"
2020-01-09,50.6129989624023,50.7249984741211,50.4448051452637,50.4434051513672,0,50.4434051513672,"Philippines"
2020-01-10,50.6430015563965,50.75,50.3503913879395,50.6500015258789,0,50.6500015258789,"Philippines"
2020-01-13,50.5299987792969,50.5299987792969,50.3146057128906,50.3965835571289,0,50.3965835571289,"Philippines"
2020-01-14,50.4729995727539,50.6660003662109,50.2430000305176,50.4799995422363,0,50.4799995422363,"Philippines"
2020-01-15,50.6430015563965,50.7949981689453,50.5080642700195,50.5499992370605,0,50.5499992370605,"Philippines"
2020-01-16,50.6430015563965,50.8730010986328,50.5690956115723,50.765998840332,0,50.765998840332,"Philippines"
2020-01-17,50.818000793457,50.9910011291504,50.7244758605957,50.8400001525879,0,50.8400001525879,"Philippines"
2020-01-20,50.9099998474121,51.0099983215332,50.743537902832,50.8199996948242,0,50.8199996948242,"Philippines"
2020-01-21,50.8730010986328,51.0709991455078,50.8363647460938,50.8800010681152,0,50.8800010681152,"Philippines"
2020-01-22,51.0999984741211,51.0999984741211,50.75,51,0,51,"Philippines"
2020-01-23,50.9799995422363,51.0499992370605,50.7768592834473,50.9850006103516,0,50.9850006103516,"Philippines"
2020-01-24,50.9679985046387,51.0369987487793,50.6587791442871,50.9749984741211,0,50.9749984741211,"Philippines"
2020-01-27,50.7910003662109,50.935001373291,50.6640815734863,50.7299995422363,0,50.7299995422363,"Philippines"
2020-01-28,50.8580017089844,50.9269981384277,50.6242065429688,50.8479995727539,0,50.8479995727539,"Philippines"
2020-01-29,50.579216003418,50.890998840332,50.577392578125,50.7130012512207,0,50.7130012512207,"Philippines"
2020-01-30,50.8300018310547,51.1049995422363,50.7025871276855,50.8300018310547,0,50.8300018310547,"Philippines"
2020-01-31,50.8899993896484,51.125,50.709716796875,50.8388061523438,0,50.8388061523438,"Philippines"
2020-02-03,51.0110015869141,51.0499992370605,50.7000007629395,50.7630004882812,0,50.7630004882812,"Philippines"
2020-02-04,50.8499984741211,50.8899993896484,50.6199989318848,50.8600006103516,0,50.8600006103516,"Philippines"
2020-02-05,50.75,50.9179992675781,50.6186866760254,50.75,0,50.75,"Philippines"
2020-02-06,50.7550010681152,50.8499984741211,50.5945205688477,50.7550010681152,0,50.7550010681152,"Philippines"
2020-02-07,50.7529983520508,50.9640007019043,50.5933265686035,50.6699981689453,0,50.6699981689453,"Philippines"
2020-02-10,50.8849983215332,50.9500007629395,50.6599998474121,50.8499984741211,0,50.8499984741211,"Philippines"
2020-02-11,50.7999992370605,50.8400001525879,50.3798484802246,50.7999992370605,0,50.7999992370605,"Philippines"
2020-02-12,50.5229988098145,50.6049995422363,50.3899192810059,50.5229988098145,0,50.5229988098145,"Philippines"
2020-02-13,50.5200004577637,50.6100006103516,50.2743759155273,50.6500015258789,0,50.6500015258789,"Philippines"
2020-02-14,50.439998626709,50.5579986572266,50.2634124755859,50.3419609069824,0,50.3419609069824,"Philippines"
2020-02-17,50.5400009155273,50.5890007019043,50.4319496154785,50.4170951843262,0,50.4170951843262,"Philippines"
2020-02-18,50.5410003662109,50.6990013122559,50.4248733520508,50.5410003662109,0,50.5410003662109,"Philippines"
2020-02-19,50.6500015258789,50.6959991455078,50.398738861084,50.6599998474121,0,50.6599998474121,"Philippines"
2020-02-20,50.5699996948242,50.8359985351562,50.4449996948242,50.5699996948242,0,50.5699996948242,"Philippines"
2020-02-21,50.6699981689453,51,50.531436920166,50.6650009155273,0,50.6650009155273,"Philippines"
2020-02-24,50.875,51.1780014038086,50.8095932006836,50.7520484924316,0,50.7520484924316,"Philippines"
2020-02-25,51.1199989318848,51.1199989318848,50.7581443786621,50.9223976135254,0,50.9223976135254,"Philippines"
2020-02-26,51.1399993896484,51.1399993896484,50.8877601623535,51.1500015258789,0,51.1500015258789,"Philippines"
2020-02-27,51.1300010681152,51.1399993896484,50.6663970947266,51.1300010681152,0,51.1300010681152,"Philippines"
2020-02-28,50.939998626709,51.1699981689453,50.643196105957,50.9500007629395,0,50.9500007629395,"Philippines"
2020-03-02,51.0900001525879,51.0900001525879,50.5149993896484,50.8279075622559,0,50.8279075622559,"Philippines"
2020-03-03,50.5900001525879,50.9000015258789,50.4099998474121,50.5849990844727,0,50.5849990844727,"Philippines"
2020-03-04,50.7400016784668,50.8499984741211,50.4347839355469,50.7000007629395,0,50.7000007629395,"Philippines"
2020-03-05,50.6199989318848,50.8079986572266,50.4398765563965,50.6150016784668,0,50.6150016784668,"Philippines"
2020-03-06,50.6599998474121,50.8499984741211,50.4303817749023,50.4579811096191,0,50.4579811096191,"Philippines"
2020-03-09,50.560001373291,50.7750015258789,50.4226112365723,50.560001373291,0,50.560001373291,"Philippines"
2020-03-10,50.5699996948242,50.5900001525879,50.3072395324707,50.4461898803711,0,50.4461898803711,"Philippines"
2020-03-11,50.5400009155273,50.6300010681152,50.3692054748535,50.5349998474121,0,50.5349998474121,"Philippines"
2020-03-12,50.5900001525879,51.3849983215332,50.4774856567383,50.5999984741211,0,50.5999984741211,"Philippines"
2020-03-13,51.310001373291,51.5900001525879,50.7200012207031,51.0449981689453,0,51.0449981689453,"Philippines"
2020-03-16,51.060001373291,51.7849998474121,50.7799987792969,51.0250015258789,0,51.0250015258789,"Philippines"
2020-03-17,52.2449989318848,52.4000015258789,51.3597373962402,52.2299995422363,0,52.2299995422363,"Philippines"
2020-03-18,52.0200004577637,52.1650009155273,50.935001373291,51.5911407470703,0,51.5911407470703,"Philippines"
2020-03-19,52.0979995727539,52.132999420166,50.8050003051758,52.0979995727539,0,52.0979995727539,"Philippines"
2020-03-20,52.439998626709,52.439998626709,50.6020622253418,52.4550018310547,0,52.4550018310547,"Philippines"
2020-03-23,51.2200012207031,51.6800003051758,50.9000015258789,50.8383369445801,0,50.8383369445801,"Philippines"
2020-03-24,52.0099983215332,52.0579986572266,50.5050010681152,51.1599998474121,0,51.1599998474121,"Philippines"
2020-03-25,51.125,51.7999992370605,50.6701889038086,51.8800010681152,0,51.8800010681152,"Philippines"
2020-03-26,51.7799987792969,51.810001373291,50.5999984741211,50.9020080566406,0,50.9020080566406,"Philippines"
2020-03-27,51.439998626709,51.4799995422363,50.5852546691895,51.4500007629395,0,51.4500007629395,"Philippines"
2020-03-29,51.3600006103516,51.3979988098145,50.7588539123535,51.0786514282227,0,51.0786514282227,"Philippines"
2020-03-30,51.2099990844727,51.3699989318848,50.5750007629395,51.3800010681152,0,51.3800010681152,"Philippines"
2020-03-31,50.6940460205078,51.5099983215332,50.5499992370605,50.7299995422363,0,50.7299995422363,"Philippines"
2020-04-01,51.4700012207031,51.6300010681152,50.6199989318848,51.4700012207031,0,51.4700012207031,"Philippines"
2020-04-02,51.1699981689453,51.2400016784668,50.4538536071777,51.1699981689453,0,51.1699981689453,"Philippines"
2020-04-05,51.2700004577637,51.2700004577637,50.4891548156738,50.8899993896484,0,50.8899993896484,"Philippines"
2020-04-06,50.9300003051758,50.9300003051758,50.0999984741211,50.4907417297363,0,50.4907417297363,"Philippines"
2020-04-07,50.6399993896484,50.75,50.3400001525879,50.6349983215332,0,50.6349983215332,"Philippines"
2020-04-08,50.6399993896484,50.6699981689453,50.3234596252441,50.6349983215332,0,50.6349983215332,"Philippines"
2020-04-09,50.7050018310547,50.7299995422363,50.3812942504883,50.5849990844727,0,50.5849990844727,"Philippines"
2020-04-12,50.6549987792969,50.7070007324219,50.3531761169434,50.5110015869141,0,50.5110015869141,"Philippines"
2020-04-13,50.6399993896484,50.7799987792969,50.4419708251953,50.6349983215332,0,50.6349983215332,"Philippines"
2020-04-14,50.6699981689453,50.9119987487793,50.4535102844238,50.4540328979492,0,50.4540328979492,"Philippines"
2020-04-15,50.9280014038086,51.0250015258789,50.5325241088867,50.8129997253418,0,50.8129997253418,"Philippines"
2020-04-16,51.0180015563965,51.0299987792969,50.604679107666,50.8930015563965,0,50.8930015563965,"Philippines"
2020-04-19,51.0379981994629,51.0480003356934,50.6092300415039,50.8400001525879,0,50.8400001525879,"Philippines"
2020-04-20,50.8950004577637,50.9500007629395,50.6073226928711,50.9099998474121,0,50.9099998474121,"Philippines"
2020-04-21,50.8950004577637,50.9150009155273,50.5320587158203,50.7929992675781,0,50.7929992675781,"Philippines"
2020-04-22,50.757999420166,50.7999992370605,50.493953704834,50.5336608886719,0,50.5336608886719,"Philippines"
2020-04-23,50.6100006103516,50.8699989318848,50.5111656188965,50.6100006103516,0,50.6100006103516,"Philippines"
2020-04-26,50.6500015258789,50.7900009155273,50.5749664306641,50.7900009155273,0,50.7900009155273,"Philippines"
2020-04-27,50.5940017700195,50.75,50.4838981628418,50.4739036560059,0,50.4739036560059,"Philippines"
2020-04-28,50.5900001525879,50.625,50.3250007629395,50.5929985046387,0,50.5929985046387,"Philippines"
2020-04-29,50.3899993896484,50.5099983215332,50.1476058959961,50.3849983215332,0,50.3849983215332,"Philippines"
2020-04-30,50.4650001525879,50.6300010681152,50.2783966064453,50.4630012512207,0,50.4630012512207,"Philippines"
2020-05-03,50.560001373291,50.701000213623,50.2699012756348,50.560001373291,0,50.560001373291,"Philippines"
2020-05-04,50.6749992370605,50.7249984741211,50.3473052978516,50.4998359680176,0,50.4998359680176,"Philippines"
2020-05-05,50.6699981689453,50.6949996948242,50.3499984741211,50.6730003356934,0,50.6730003356934,"Philippines"
2020-05-06,50.7949981689453,50.7949981689453,50.3857002258301,50.8030014038086,0,50.8030014038086,"Philippines"
2020-05-07,50.5900001525879,50.6450004577637,50.2505226135254,50.5849990844727,0,50.5849990844727,"Philippines"
2020-05-10,50.4900016784668,50.4900016784668,50.2366142272949,50.4850006103516,0,50.4850006103516,"Philippines"
2020-05-11,50.3950004577637,50.5050010681152,49.9543647766113,50.3930015563965,0,50.3930015563965,"Philippines"
2020-05-12,50.2400016784668,50.3300018310547,50.0400009155273,50.2350006103516,0,50.2350006103516,"Philippines"
2020-05-13,50.3400001525879,50.6129989624023,50.1723251342773,50.1698188781738,0,50.1698188781738,"Philippines"
2020-05-14,50.5400009155273,50.7700004577637,50.3560523986816,50.5349998474121,0,50.5349998474121,"Philippines"
2020-05-17,50.7249984741211,50.9860000610352,50.560001373291,50.7249984741211,0,50.7249984741211,"Philippines"
2020-05-18,50.8899993896484,50.935001373291,50.5400009155273,50.8930015563965,0,50.8930015563965,"Philippines"
2020-05-19,50.689998626709,50.8050003051758,50.4432334899902,50.685001373291,0,50.685001373291,"Philippines"
2020-05-20,50.6399993896484,50.7630004882812,50.3781051635742,50.6500015258789,0,50.6500015258789,"Philippines"
2020-05-21,50.7799987792969,50.9230003356934,50.5136756896973,50.7799987792969,0,50.7799987792969,"Philippines"
2020-05-24,50.8170013427734,50.8400001525879,50.5200004577637,50.8170013427734,0,50.8170013427734,"Philippines"
2020-05-25,50.7900009155273,50.7999992370605,50.3546447753906,50.7999992370605,0,50.7999992370605,"Philippines"
2020-05-26,50.5400009155273,50.7099990844727,50.3450355529785,50.5499992370605,0,50.5499992370605,"Philippines"
2020-05-27,50.6020011901855,50.8050003051758,50.4494438171387,50.7099990844727,0,50.7099990844727,"Philippines"
2020-05-28,50.6399993896484,50.6699981689453,50.3585433959961,50.6349983215332,0,50.6349983215332,"Philippines"
2020-05-31,50.439998626709,50.5390014648438,50.1726303100586,50.5390014648438,0,50.5390014648438,"Philippines"
2020-06-01,50.4199981689453,50.4199981689453,50.0136489868164,50.4199981689453,0,50.4199981689453,"Philippines"
2020-06-02,50.1399993896484,50.3110008239746,49.7413101196289,50.0531959533691,0,50.0531959533691,"Philippines"
2020-06-03,49.9000015258789,50.3050003051758,49.7326812744141,49.8950004577637,0,49.8950004577637,"Philippines"
2020-06-04,49.9010009765625,50.064998626709,49.4700012207031,49.9000015258789,0,49.9000015258789,"Philippines"
2020-06-07,49.7309989929199,49.9700012207031,49.6800003051758,49.7309989929199,0,49.7309989929199,"Philippines"
2020-06-08,49.8330001831055,50.0890007019043,49.3129997253418,49.8279991149902,0,49.8279991149902,"Philippines"
2020-06-09,49.939998626709,50.0299987792969,49.7249984741211,49.826171875,0,49.826171875,"Philippines"
2020-06-10,49.8199996948242,50.3209991455078,49.7254104614258,49.814998626709,0,49.814998626709,"Philippines"
2020-06-11,49.9199981689453,50.4500007629395,49.9199981689453,50.2908706665039,0,50.2908706665039,"Philippines"
2020-06-14,50.2910003662109,50.3800010681152,50.125,50.2910003662109,0,50.2910003662109,"Philippines"
2020-06-15,50.2400016784668,50.2900009155273,49.9303283691406,50.2350006103516,0,50.2350006103516,"Philippines"
2020-06-16,50.189998626709,50.2050018310547,49.885627746582,49.9700012207031,0,49.9700012207031,"Philippines"
2020-06-17,50.0699996948242,50.1949996948242,49.8800010681152,50.1500015258789,0,50.1500015258789,"Philippines"
2020-06-18,50.1599998474121,50.185001373291,49.9580001831055,50.1699981689453,0,50.1699981689453,"Philippines"
2020-06-21,50.0149993896484,50.1800003051758,49.9790344238281,50.056999206543,0,50.056999206543,"Philippines"
2020-06-22,50.1399993896484,50.2750015258789,49.9099998474121,50.1399993896484,0,50.1399993896484,"Philippines"
2020-06-23,50.0499992370605,50.189998626709,49.7200012207031,50.0449981689453,0,50.0449981689453,"Philippines"
2020-06-24,50.1100006103516,50.1500015258789,49.8660011291504,50.1100006103516,0,50.1100006103516,"Philippines"
2020-06-25,49.9799995422363,50.060001373291,49.756217956543,49.9749984741211,0,49.9749984741211,"Philippines"
2020-06-28,49.6800003051758,49.9799995422363,49.6279983520508,49.9690017700195,0,49.9690017700195,"Philippines"
2020-06-29,49.7900009155273,49.9440002441406,49.5928611755371,49.685001373291,0,49.685001373291,"Philippines"
2020-06-30,49.8400001525879,49.9080009460449,49.6650009155273,49.697135925293,0,49.697135925293,"Philippines"
2020-07-01,49.810001373291,49.8699989318848,49.4961853027344,49.6902961730957,0,49.6902961730957,"Philippines"
2020-07-02,49.5499992370605,49.7000007629395,48.5029983520508,49.5449981689453,0,49.5449981689453,"Philippines"
2020-07-05,49.1699981689453,49.5499992370605,49.125,49.4669990539551,0,49.4669990539551,"Philippines"
2020-07-06,49.310001373291,49.5699996948242,49.2168083190918,49.3050003051758,0,49.3050003051758,"Philippines"
2020-07-07,49.5200004577637,49.6450004577637,49.3692970275879,49.5149993896484,0,49.5149993896484,"Philippines"
2020-07-08,49.5499992370605,49.560001373291,49.2974815368652,49.5499992370605,0,49.5499992370605,"Philippines"
2020-07-09,49.4500007629395,49.5900001525879,49.2746696472168,49.4500007629395,0,49.4500007629395,"Philippines"
2020-07-12,49.4309997558594,49.5029983520508,48.9630012512207,49.4309997558594,0,49.4309997558594,"Philippines"
2020-07-13,49.4379997253418,49.5999984741211,49.314525604248,49.435001373291,0,49.435001373291,"Philippines"
2020-07-14,49.4179992675781,49.5299987792969,49.3206253051758,49.4150009155273,0,49.4150009155273,"Philippines"
2020-07-15,49.5,49.6030006408691,49.3580017089844,49.5,0,49.5,"Philippines"
2020-07-16,49.5480003356934,49.564998626709,49.2600212097168,49.5449981689453,0,49.5449981689453,"Philippines"
2020-07-19,49.3689994812012,49.4599990844727,49.207935333252,49.3689994812012,0,49.3689994812012,"Philippines"
2020-07-20,49.3600006103516,49.4529991149902,49.1576042175293,49.3600006103516,0,49.3600006103516,"Philippines"
2020-07-21,49.3699989318848,49.4199981689453,49.1380004882812,49.3699989318848,0,49.3699989318848,"Philippines"
2020-07-22,49.4000015258789,49.4650001525879,49.2180671691895,49.4000015258789,0,49.4000015258789,"Philippines"
2020-07-23,49.4799995422363,49.4799995422363,49.2057075500488,49.4799995422363,0,49.4799995422363,"Philippines"
2020-07-26,49.3380012512207,49.4000015258789,49.0250701904297,49.3250007629395,0,49.3250007629395,"Philippines"
2020-07-27,49.1500015258789,49.2700004577637,49.0026321411133,49.1500015258789,0,49.1500015258789,"Philippines"
2020-07-28,49.1879997253418,49.2430000305176,48.7270011901855,49.185001373291,0,49.185001373291,"Philippines"
2020-07-29,49.0379981994629,49.1980018615723,48.940242767334,49.0349998474121,0,49.0349998474121,"Philippines"
2020-07-30,49.0880012512207,49.1030006408691,48.9125061035156,49.0849990844727,0,49.0849990844727,"Philippines"
2020-08-02,48.9630012512207,49.1430015563965,48.9199981689453,49.1069984436035,0,49.1069984436035,"Philippines"
2020-08-03,49.189998626709,49.189998626709,48.9179992675781,49.189998626709,0,49.189998626709,"Philippines"
2020-08-04,48.9879989624023,49.1150016784668,48.9081230163574,48.9850006103516,0,48.9850006103516,"Philippines"
2020-08-05,49.1180000305176,49.1749992370605,48.8880004882812,49.0719985961914,0,49.0719985961914,"Philippines"
2020-08-06,48.7379989624023,49.125,48.7379989624023,48.7350006103516,0,48.7350006103516,"Philippines"
2020-08-09,48.7529983520508,49.140998840332,48.7529983520508,49.0940017700195,0,49.0940017700195,"Philippines"
2020-08-10,49.1199989318848,49.1199989318848,48.7529983520508,49.1199989318848,0,49.1199989318848,"Philippines"
2020-08-11,49.007999420166,49.0250015258789,48.7717361450195,49.0050010681152,0,49.0050010681152,"Philippines"
2020-08-12,48.9280014038086,48.9980010986328,48.6757316589355,48.939998626709,0,48.939998626709,"Philippines"
2020-08-13,48.8699989318848,48.8699989318848,48.5939064025879,48.7459030151367,0,48.7459030151367,"Philippines"
2020-08-16,48.7200012207031,48.8450012207031,48.491138458252,48.6549987792969,0,48.6549987792969,"Philippines"
2020-08-17,48.6380004882812,48.7000007629395,48.3699989318848,48.6349983215332,0,48.6349983215332,"Philippines"
2020-08-18,48.5880012512207,48.6500015258789,48.3865814208984,48.5849990844727,0,48.5849990844727,"Philippines"
2020-08-19,48.6980018615723,48.7750015258789,48.4900016784668,48.6949996948242,0,48.6949996948242,"Philippines"
2020-08-20,48.6380004882812,48.7070007324219,48.4756355285645,48.6349983215332,0,48.6349983215332,"Philippines"
2020-08-23,48.5379981994629,48.7039985656738,48.3899993896484,48.7039985656738,0,48.7039985656738,"Philippines"
2020-08-24,48.5400009155273,48.5730018615723,48.3625221252441,48.5349998474121,0,48.5349998474121,"Philippines"
2020-08-25,48.5699996948242,48.5950012207031,48.3939552307129,48.5699996948242,0,48.5699996948242,"Philippines"
2020-08-26,48.4679985046387,48.685001373291,48.4514312744141,48.568000793457,0,48.568000793457,"Philippines"
2020-08-27,48.5,48.5800018310547,48.2703857421875,48.4949989318848,0,48.4949989318848,"Philippines"
2020-08-30,48.2900009155273,48.4700012207031,48.2769050598145,48.351001739502,0,48.351001739502,"Philippines"
2020-08-31,48.3650016784668,48.6139984130859,48.312915802002,48.3600006103516,0,48.3600006103516,"Philippines"
2020-09-01,48.5029983520508,48.7000007629395,48.4700012207031,48.560001373291,0,48.560001373291,"Philippines"
2020-09-02,48.5929985046387,48.6500015258789,48.3950004577637,48.5999984741211,0,48.5999984741211,"Philippines"
2020-09-03,48.7200012207031,48.7200012207031,48.4531784057617,48.7150001525879,0,48.7150001525879,"Philippines"
2020-09-06,48.6349983215332,48.685001373291,48.5229988098145,48.5750007629395,0,48.5750007629395,"Philippines"
2020-09-07,48.5449981689453,48.6650009155273,48.3899993896484,48.5299987792969,0,48.5299987792969,"Philippines"
2020-09-08,48.5699996948242,48.6800003051758,48.4365386962891,48.5550003051758,0,48.5550003051758,"Philippines"
2020-09-09,48.6599998474121,48.6599998474121,48.4377174377441,48.6549987792969,0,48.6549987792969,"Philippines"
2020-09-10,48.4949989318848,48.6030006408691,48.4000015258789,48.4850006103516,0,48.4850006103516,"Philippines"
2020-09-13,48.5349998474121,48.5999984741211,48.3261566162109,48.5359992980957,0,48.5359992980957,"Philippines"
2020-09-14,48.4570007324219,48.4799995422363,48.2639999389648,48.4529991149902,0,48.4529991149902,"Philippines"
2020-09-15,48.382999420166,48.439998626709,48.2215576171875,48.2595291137695,0,48.2595291137695,"Philippines"
2020-09-16,48.3349990844727,48.5299987792969,48.2799987792969,48.3199996948242,0,48.3199996948242,"Philippines"
2020-09-17,48.3699989318848,48.4659996032715,48.25,48.3549995422363,0,48.3549995422363,"Philippines"
2020-09-20,48.3199996948242,48.4949989318848,48.2816200256348,48.4700012207031,0,48.4700012207031,"Philippines"
2020-09-21,48.4300003051758,48.523998260498,48.2799987792969,48.4300003051758,0,48.4300003051758,"Philippines"
2020-09-22,48.4449996948242,48.5950012207031,48.361328125,48.4599990844727,0,48.4599990844727,"Philippines"
2020-09-23,48.5950012207031,48.6150016784668,48.3731498718262,48.5800018310547,0,48.5800018310547,"Philippines"
2020-09-24,48.5,48.5219993591309,48.3769989013672,48.5,0,48.5,"Philippines"
2020-09-27,48.3470001220703,48.5369987487793,48.3470001220703,48.4640007019043,0,48.4640007019043,"Philippines"
2020-09-28,48.367000579834,48.5309982299805,48.3169937133789,48.367000579834,0,48.367000579834,"Philippines"
2020-09-29,48.3549995422363,48.5390014648438,48.2616233825684,48.3549995422363,0,48.3549995422363,"Philippines"
2020-09-30,48.4490013122559,48.5169982910156,48.3260841369629,48.4850006103516,0,48.4850006103516,"Philippines"
2020-10-01,48.367000579834,48.5110015869141,48.281177520752,48.367000579834,0,48.367000579834,"Philippines"
2020-10-04,48.4000015258789,48.4860000610352,48.2717819213867,48.4860000610352,0,48.4860000610352,"Philippines"
2020-10-05,48.3499984741211,48.4889984130859,48.2400016784668,48.3499984741211,0,48.3499984741211,"Philippines"
2020-10-06,48.5099983215332,48.5499992370605,48.2710456848145,48.4700012207031,0,48.4700012207031,"Philippines"
2020-10-07,48.4799995422363,48.5029983520508,48.2328948974609,48.4799995422363,0,48.4799995422363,"Philippines"
2020-10-08,48.4070014953613,48.4799995422363,48.1607284545898,48.4070014953613,0,48.4070014953613,"Philippines"
2020-10-11,48.3199996948242,48.6430015563965,48.3199996948242,48.351001739502,0,48.351001739502,"Philippines"
2020-10-12,48.6040000915527,48.7400016784668,48.4188385009766,48.4420013427734,0,48.4420013427734,"Philippines"
2020-10-13,48.8199996948242,48.8499984741211,48.4832496643066,48.8199996948242,0,48.8199996948242,"Philippines"
2020-10-14,48.6539993286133,48.7669982910156,48.439998626709,48.4893379211426,0,48.4893379211426,"Philippines"
2020-10-15,48.6440010070801,48.7070007324219,48.4943923950195,48.6440010070801,0,48.6440010070801,"Philippines"
2020-10-18,48.6360015869141,48.7179985046387,48.451000213623,48.6360015869141,0,48.6360015869141,"Philippines"
2020-10-19,48.5149993896484,48.6059989929199,48.4010009765625,48.5149993896484,0,48.5149993896484,"Philippines"
2020-10-20,48.4830017089844,48.6069984436035,48.4000015258789,48.4830017089844,0,48.4830017089844,"Philippines"
2020-10-21,48.5,48.617000579834,48.4080390930176,48.5,0,48.5,"Philippines"
2020-10-22,48.5419998168945,48.6500015258789,48.2610015869141,48.5419998168945,0,48.5419998168945,"Philippines"
2020-10-26,48.398998260498,48.4370002746582,48.3269996643066,48.27734375,0,48.27734375,"Philippines"
2020-10-27,48.3720016479492,48.4500007629395,48.1769981384277,48.3720016479492,0,48.3720016479492,"Philippines"
2020-10-28,48.326000213623,48.4790000915527,48.2099990844727,48.2623977661133,0,48.2623977661133,"Philippines"
2020-10-29,48.3919982910156,48.4570007324219,48.2299995422363,48.3919982910156,0,48.3919982910156,"Philippines"
2020-10-30,48.3769989013672,48.5099983215332,48.2579498291016,48.3769989013672,0,48.3769989013672,"Philippines"
2020-11-02,48.5499992370605,48.5499992370605,48.2724304199219,48.3250007629395,0,48.3250007629395,"Philippines"
2020-11-03,48.3699989318848,48.4220008850098,48.1782341003418,48.3699989318848,0,48.3699989318848,"Philippines"
2020-11-04,48.201000213623,48.5309982299805,48.1779365539551,48.201000213623,0,48.201000213623,"Philippines"
2020-11-05,48.2200012207031,48.4000015258789,48.1289329528809,48.2200012207031,0,48.2200012207031,"Philippines"
2020-11-06,48.2470016479492,48.3019981384277,48.0485610961914,48.2470016479492,0,48.2470016479492,"Philippines"
2020-11-09,48.1689987182617,48.234001159668,48.0189094543457,48.0523147583008,0,48.0523147583008,"Philippines"
2020-11-10,48.2169990539551,48.4199981689453,48.060001373291,48.2169990539551,0,48.2169990539551,"Philippines"
2020-11-11,48.3520011901855,48.5950012207031,48.1445159912109,48.3470001220703,0,48.3470001220703,"Philippines"
2020-11-12,48.5069999694824,48.5480003356934,48.3426628112793,48.5499992370605,0,48.5499992370605,"Philippines"
2020-11-13,48.5,48.5,48.057746887207,48.5,0,48.5,"Philippines"
2020-11-16,48.1839981079102,48.2280006408691,48.0288047790527,48.1599998474121,0,48.1599998474121,"Philippines"
2020-11-17,48.1769981384277,48.3349990844727,48.0639686584473,48.1669998168945,0,48.1669998168945,"Philippines"
2020-11-18,48.2319984436035,48.2869987487793,48.074577331543,48.2319984436035,0,48.2319984436035,"Philippines"
2020-11-19,47.9469985961914,48.3470001220703,47.9469985961914,47.9469985961914,0,47.9469985961914,"Philippines"
2020-11-20,48.2620010375977,48.3209991455078,48.0934371948242,48.2620010375977,0,48.2620010375977,"Philippines"
2020-11-23,48.2290000915527,48.3639984130859,48.0535621643066,48.1138763427734,0,48.1138763427734,"Philippines"
2020-11-24,48.25,48.2900009155273,48.016300201416,48.2099990844727,0,48.2099990844727,"Philippines"
2020-11-25,48.1599998474121,48.2400016784668,47.9000015258789,48.1599998474121,0,48.1599998474121,"Philippines"
2020-11-26,47.9078750610352,48.1380004882812,47.9078750610352,48,0,48,"Philippines"
2020-11-27,48.0800018310547,48.1780014038086,47.9436073303223,47.9837112426758,0,47.9837112426758,"Philippines"
2020-11-30,48.1699981689453,48.1699981689453,47.9530296325684,48.1100006103516,0,48.1100006103516,"Philippines"
2020-12-01,48.0999984741211,48.1699981689453,47.944091796875,48.1500015258789,0,48.1500015258789,"Philippines"
2020-12-02,48.0499992370605,48.0950012207031,47.8426818847656,48.060001373291,0,48.060001373291,"Philippines"
2020-12-03,48.0200004577637,48.1230010986328,47.8496170043945,47.8824653625488,0,47.8824653625488,"Philippines"
2020-12-04,47.9850006103516,48.0849990844727,47.875,47.9008102416992,0,47.9008102416992,"Philippines"
2020-12-07,48.0789985656738,48.201000213623,47.9780006408691,47.9821510314941,0,47.9821510314941,"Philippines"
2020-12-08,48.2200012207031,48.2200012207031,48.0129013061523,48.2200012207031,0,48.2200012207031,"Philippines"
2020-12-09,48.1800003051758,48.1800003051758,47.9193229675293,48.2299995422363,0,48.2299995422363,"Philippines"
2020-12-10,48.25,48.2599983215332,47.9203720092773,48.25,0,48.25,"Philippines"
2020-12-11,48.2400016784668,48.2400016784668,47.9242935180664,48.2400016784668,0,48.2400016784668,"Philippines"
2020-12-14,48.1199989318848,48.1699981689453,47.891960144043,48.0167770385742,0,48.0167770385742,"Philippines"
2020-12-15,48.0130004882812,48.189998626709,47.6300010681152,48.1399993896484,0,48.1399993896484,"Philippines"
2020-12-16,48.0480003356934,48.1790008544922,47.9449996948242,47.8880004882812,0,47.8880004882812,"Philippines"
2020-12-17,48.1500015258789,48.1500015258789,47.910327911377,47.9252243041992,0,47.9252243041992,"Philippines"
2020-12-18,48.0900001525879,48.1199989318848,47.917781829834,48.0900001525879,0,48.0900001525879,"Philippines"
2020-12-21,48.068000793457,48.326000213623,47.7150001525879,47.9559440612793,0,47.9559440612793,"Philippines"
2020-12-22,48.1599998474121,48.3199996948242,47.9501342773438,48.1599998474121,0,48.1599998474121,"Philippines"
2020-12-23,48.2299995422363,48.2599983215332,47.9099998474121,48.2299995422363,0,48.2299995422363,"Philippines"
2020-12-24,48.1199989318848,48.1399993896484,47.2789993286133,47.9265975952148,0,47.9265975952148,"Philippines"
2020-12-25,48.0499992370605,48.0800018310547,47.9069061279297,48.0499992370605,0,48.0499992370605,"Philippines"
2020-12-28,48.0349998474121,48.0660018920898,47.8464622497559,48.0050010681152,0,48.0050010681152,"Philippines"
2020-12-29,48.0699996948242,48.0699996948242,47.8921890258789,47.904972076416,0,47.904972076416,"Philippines"
2020-12-30,48.0999984741211,48.1030006408691,47.8932075500488,48.0999984741211,0,48.0999984741211,"Philippines"
2020-12-31,48.0699996948242,48.1100006103516,47.8884429931641,48.0699996948242,0,48.0699996948242,"Philippines"
2021-01-01,48.0699996948242,48.0830001831055,47.8955345153809,48.0699996948242,0,48.0699996948242,"Philippines"
2021-01-04,48.0040016174316,48.060001373291,47.8849983215332,48.0800018310547,0,48.0800018310547,"Philippines"
2021-01-05,48.0400009155273,48.125,47.9120826721191,47.9099998474121,0,47.9099998474121,"Philippines"
2021-01-06,48.0999984741211,48.1049995422363,47.9226760864258,48.0999984741211,0,48.0999984741211,"Philippines"
2021-01-07,48.0900001525879,48.2200012207031,47.9201889038086,48.0900001525879,0,48.0900001525879,"Philippines"
2021-01-08,48.1749992370605,48.1800003051758,47.9462394714355,48.1650009155273,0,48.1650009155273,"Philippines"
2021-01-11,48.0740013122559,48.189998626709,48.0026664733887,47.9337425231934,0,47.9337425231934,"Philippines"
2021-01-12,48.0180015563965,48.0999984741211,47.9199409484863,48.007999420166,0,48.007999420166,"Philippines"
2021-01-13,48.064998626709,48.0800018310547,47.9002342224121,48.0699996948242,0,48.0699996948242,"Philippines"
2021-01-14,48.015998840332,48.0950012207031,47.8720092773438,47.9259986877441,0,47.9259986877441,"Philippines"
2021-01-15,47.9480018615723,48.1199989318848,47.8956604003906,48.0050010681152,0,48.0050010681152,"Philippines"
2021-01-18,48.0120010375977,48.076000213623,47.9183578491211,47.9274787902832,0,47.9274787902832,"Philippines"
2021-01-19,48.0579986572266,48.1100006103516,47.9119987487793,48.0530014038086,0,48.0530014038086,"Philippines"
2021-01-20,48.0550003051758,48.0699996948242,47.9101715087891,48.060001373291,0,48.060001373291,"Philippines"
2021-01-21,48.0550003051758,48.0880012512207,47.9244537353516,48.060001373291,0,48.060001373291,"Philippines"
2021-01-22,48.0849990844727,48.0989990234375,47.8982467651367,48.0559997558594,0,48.0559997558594,"Philippines"
2021-01-25,48.0740013122559,48.0859985351562,47.9549751281738,47.9411888122559,0,47.9411888122559,"Philippines"
2021-01-26,48.0849990844727,48.0960006713867,47.9495887756348,48.0900001525879,0,48.0900001525879,"Philippines"
2021-01-27,48.0390014648438,48.1370010375977,47.9357032775879,48.0439987182617,0,48.0439987182617,"Philippines"
2021-01-28,48.1279983520508,48.1450004577637,47.9543876647949,48.125,0,48.125,"Philippines"
2021-01-29,48.0950012207031,48.0950012207031,47.9354820251465,48.0999984741211,0,48.0999984741211,"Philippines"
2021-02-01,48.0460014343262,48.0839996337891,47.9099502563477,48.0460014343262,0,48.0460014343262,"Philippines"
2021-02-02,48.0330009460449,48.0550003051758,47.5940017700195,48.0800018310547,0,48.0800018310547,"Philippines"
2021-02-03,47.8450012207031,48.0919990539551,47.7768974304199,47.7876243591309,0,47.7876243591309,"Philippines"
2021-02-04,48.0050010681152,48.1319999694824,47.894889831543,47.939998626709,0,47.939998626709,"Philippines"
2021-02-05,48.0800018310547,48.1199989318848,47.9452095031738,48.0849990844727,0,48.0849990844727,"Philippines"
2021-02-08,48.1049995422363,48.1059989929199,47.937126159668,47.9050216674805,0,47.9050216674805,"Philippines"
2021-02-09,48.0779991149902,48.0800018310547,47.9156684875488,48.0830001831055,0,48.0830001831055,"Philippines"
2021-02-10,48.0709991455078,48.0800018310547,47.9117774963379,48.0299987792969,0,48.0299987792969,"Philippines"
2021-02-11,48.0209999084473,48.068000793457,47.9161682128906,48.0410003662109,0,48.0410003662109,"Philippines"
2021-02-12,48.0670013427734,48.0670013427734,47.9079208374023,48.064998626709,0,48.064998626709,"Philippines"
2021-02-15,48.0509986877441,48.056999206543,47.4729995727539,48.0509986877441,0,48.0509986877441,"Philippines"
2021-02-16,47.9550018310547,48.3390007019043,47.8027801513672,47.9550018310547,0,47.9550018310547,"Philippines"
2021-02-17,48.3419990539551,48.4809989929199,48.1382217407227,48.3470001220703,0,48.3470001220703,"Philippines"
2021-02-18,48.3930015563965,48.5880012512207,48.1980743408203,48.3979988098145,0,48.3979988098145,"Philippines"
2021-02-19,48.5299987792969,48.5559997558594,48.288688659668,48.5559997558594,0,48.5559997558594,"Philippines"
2021-02-22,48.4790000915527,48.7919998168945,48.4269981384277,48.3691940307617,0,48.3691940307617,"Philippines"
2021-02-23,48.6479988098145,48.7350006103516,48.4409828186035,48.6549987792969,0,48.6549987792969,"Philippines"
2021-02-24,48.6669998168945,48.7680015563965,48.4481048583984,48.6669998168945,0,48.6669998168945,"Philippines"
2021-02-25,48.6980018615723,48.7360000610352,48.4782485961914,48.6949996948242,0,48.6949996948242,"Philippines"
2021-02-26,49.0429992675781,49.0429992675781,48.406925201416,49.0499992370605,0,49.0499992370605,"Philippines"
2021-03-01,48.6209983825684,48.673999786377,48.4844207763672,48.6311416625977,0,48.6311416625977,"Philippines"
2021-03-02,48.5449981689453,48.6399993896484,48.3631477355957,48.5449981689453,0,48.5449981689453,"Philippines"
2021-03-03,48.5859985351562,48.5859985351562,48.3450813293457,48.5859985351562,0,48.5859985351562,"Philippines"
2021-03-04,48.5830001831055,48.6100006103516,48.3830757141113,48.5900001525879,0,48.5900001525879,"Philippines"
2021-03-05,48.7130012512207,48.7319984436035,48.3940010070801,48.4835815429688,0,48.4835815429688,"Philippines"
2021-03-08,48.6510009765625,48.7290000915527,48.425365447998,48.4915351867676,0,48.4915351867676,"Philippines"
2021-03-09,48.6920013427734,48.6920013427734,48.3553771972656,48.625,0,48.625,"Philippines"
2021-03-10,48.3369064331055,48.6590003967285,48.2847900390625,48.4830017089844,0,48.4830017089844,"Philippines"
2021-03-11,48.6730003356934,48.6730003356934,48.3166542053223,48.5019989013672,0,48.5019989013672,"Philippines"
2021-03-12,48.5340003967285,48.5340003967285,48.2421188354492,48.3950004577637,0,48.3950004577637,"Philippines"
2021-03-15,48.382999420166,48.5950012207031,48.382999420166,48.3675994873047,0,48.3675994873047,"Philippines"
2021-03-16,48.4930000305176,48.7599983215332,48.4247131347656,48.4850006103516,0,48.4850006103516,"Philippines"
2021-03-17,48.8800010681152,48.8800010681152,48.4290008544922,48.4992866516113,0,48.4992866516113,"Philippines"
2021-03-18,48.8269996643066,48.8269996643066,48.4599990844727,48.8269996643066,0,48.8269996643066,"Philippines"
2021-03-19,48.8549995422363,48.9000015258789,48.4259986877441,48.5499992370605,0,48.5499992370605,"Philippines"
2021-03-22,48.4879989624023,48.5950012207031,48.4059982299805,48.451099395752,0,48.451099395752,"Philippines"
2021-03-23,48.6549987792969,48.6809997558594,48.4137687683105,48.6619987487793,0,48.6619987487793,"Philippines"
2021-03-24,48.6310005187988,48.8199996948242,48.4555511474609,48.7599983215332,0,48.7599983215332,"Philippines"
2021-03-25,48.5859985351562,48.6650009155273,48.4199981689453,48.7309989929199,0,48.7309989929199,"Philippines"
2021-03-26,48.5219993591309,48.6199989318848,48.3661003112793,48.6199989318848,0,48.6199989318848,"Philippines"
2021-03-28,48.4280014038086,48.5229988098145,48.3377876281738,48.4280014038086,0,48.4280014038086,"Philippines"
2021-03-29,48.4480018615723,48.6119995117188,48.2876968383789,48.5089988708496,0,48.5089988708496,"Philippines"
2021-03-30,48.5200004577637,48.6380004882812,48.3943405151367,48.6380004882812,0,48.6380004882812,"Philippines"
2021-03-31,48.6580009460449,48.6580009460449,48.3653717041016,48.6650009155273,0,48.6650009155273,"Philippines"
2021-04-01,48.757999420166,48.757999420166,48.4360008239746,48.75,0,48.75,"Philippines"
2021-04-04,48.5470008850098,48.7099990844727,48.4323539733887,48.5470008850098,0,48.5470008850098,"Philippines"
2021-04-05,48.75,48.75,48.4329986572266,48.7569999694824,0,48.7569999694824,"Philippines"
2021-04-06,48.7799987792969,48.9650001525879,48.4299125671387,48.7750015258789,0,48.7750015258789,"Philippines"
2021-04-07,48.8499984741211,48.8499984741211,48.4179573059082,48.8569984436035,0,48.8569984436035,"Philippines"
2021-04-08,48.8300018310547,48.8300018310547,48.0099983215332,48.8250007629395,0,48.8250007629395,"Philippines"
2021-04-11,48.5050010681152,48.7309989929199,48.462589263916,48.5270004272461,0,48.5270004272461,"Philippines"
2021-04-12,48.7949981689453,48.7949981689453,48.3625717163086,48.7929992675781,0,48.7929992675781,"Philippines"
2021-04-13,48.7220001220703,48.7220001220703,48.3442153930664,48.7200012207031,0,48.7200012207031,"Philippines"
2021-04-14,48.3880004882812,48.5099983215332,48.2779998779297,48.3800010681152,0,48.3800010681152,"Philippines"
2021-04-15,48.4080009460449,48.5499992370605,48.1994400024414,48.5499992370605,0,48.5499992370605,"Philippines"
2021-04-18,48.2769584655762,48.5449981689453,48.2244758605957,48.3349990844727,0,48.3349990844727,"Philippines"
2021-04-19,48.439998626709,48.4640007019043,48.1800003051758,48.439998626709,0,48.439998626709,"Philippines"
2021-04-20,48.5369987487793,48.5369987487793,48.1863174438477,48.5299987792969,0,48.5299987792969,"Philippines"
2021-04-21,48.5130004882812,48.5130004882812,48.2374000549316,48.3039665222168,0,48.3039665222168,"Philippines"
2021-04-22,48.4599990844727,48.4599990844727,48.1817817687988,48.4669990539551,0,48.4669990539551,"Philippines"
2021-04-25,48.2449989318848,48.4529991149902,48.2313079833984,48.2449989318848,0,48.2449989318848,"Philippines"
2021-04-26,48.3359985351562,48.6030006408691,48.2119636535645,48.4230003356934,0,48.4230003356934,"Philippines"
2021-04-27,48.5530014038086,48.6189994812012,48.2914733886719,48.560001373291,0,48.560001373291,"Philippines"
2021-04-28,48.5499992370605,48.5499992370605,48.165599822998,48.556999206543,0,48.556999206543,"Philippines"
2021-04-29,48.4589996337891,48.4589996337891,48.0309982299805,48.4550018310547,0,48.4550018310547,"Philippines"
2021-05-02,48.1879997253418,48.2280006408691,47.8893051147461,48.1879997253418,0,48.1879997253418,"Philippines"
2021-05-03,48.1980018615723,48.2350006103516,47.9005851745605,47.9139213562012,0,47.9139213562012,"Philippines"
2021-05-04,48.1570014953613,48.1570014953613,47.852596282959,48.1570014953613,0,48.1570014953613,"Philippines"
2021-05-05,48.1199989318848,48.1199989318848,47.7943000793457,47.9000015258789,0,47.9000015258789,"Philippines"
2021-05-06,47.943000793457,47.9449996948242,47.7050018310547,47.9500007629395,0,47.9500007629395,"Philippines"
2021-05-09,47.7849998474121,47.9900016784668,47.7690010070801,47.7849998474121,0,47.7849998474121,"Philippines"
2021-05-10,47.9519996643066,47.9780006408691,47.7056846618652,47.9570007324219,0,47.9570007324219,"Philippines"
2021-05-11,47.9990005493164,47.9990005493164,47.6749992370605,48.0040016174316,0,48.0040016174316,"Philippines"
2021-05-12,48.0550003051758,48.0550003051758,47.7272720336914,48.0550003051758,0,48.0550003051758,"Philippines"
2021-05-13,47.9420013427734,47.9420013427734,47.6280059814453,47.75,0,47.75,"Philippines"
2021-05-16,47.734001159668,48.0009994506836,47.6500015258789,47.734001159668,0,47.734001159668,"Philippines"
2021-05-17,47.9650001525879,47.9749984741211,47.6699981689453,47.9700012207031,0,47.9700012207031,"Philippines"
2021-05-18,47.9169998168945,47.9669990539551,47.6671981811523,47.9220008850098,0,47.9220008850098,"Philippines"
2021-05-19,47.9550018310547,48.0099983215332,47.7221336364746,47.9550018310547,0,47.9550018310547,"Philippines"
2021-05-20,47.9119987487793,47.9539985656738,47.7198524475098,47.9169998168945,0,47.9169998168945,"Philippines"
2021-05-23,47.9329986572266,48.2130012512207,47.8899993896484,47.9329986572266,0,47.9329986572266,"Philippines"
2021-05-24,48.1450004577637,48.2820014953613,47.8878326416016,48.1349983215332,0,48.1349983215332,"Philippines"
2021-05-25,48.1020011901855,48.2369995117188,47.9818878173828,48.0950012207031,0,48.0950012207031,"Philippines"
2021-05-26,48.2490005493164,48.2490005493164,47.8979988098145,48.2449989318848,0,48.2449989318848,"Philippines"
2021-05-27,47.9099998474121,48.1069984436035,47.6749992370605,48.1049995422363,0,48.1049995422363,"Philippines"
2021-05-30,47.7470016479492,47.7770004272461,47.5245170593262,47.7470016479492,0,47.7470016479492,"Philippines"
2021-05-31,47.6300010681152,47.8559989929199,47.5095138549805,47.5567626953125,0,47.5567626953125,"Philippines"
2021-06-01,47.7099990844727,47.9420013427734,47.6375579833984,47.7060012817383,0,47.7060012817383,"Philippines"
2021-06-02,47.7779998779297,47.8919982910156,47.6483840942383,47.7750015258789,0,47.7750015258789,"Philippines"
2021-06-03,47.8899993896484,47.8899993896484,47.5999984741211,47.701171875,0,47.701171875,"Philippines"
2021-06-06,47.6430015563965,47.7330017089844,47.5201416015625,47.6430015563965,0,47.6430015563965,"Philippines"
2021-06-07,47.681999206543,47.7729988098145,47.4896850585938,47.6809997558594,0,47.6809997558594,"Philippines"
2021-06-08,47.8450012207031,47.8450012207031,47.611385345459,47.5884170532227,0,47.5884170532227,"Philippines"
2021-06-09,47.7509994506836,47.8300018310547,47.5606155395508,47.7560005187988,0,47.7560005187988,"Philippines"
2021-06-10,47.7159996032715,47.8079986572266,47.5644874572754,47.7210006713867,0,47.7210006713867,"Philippines"
2021-06-13,47.773998260498,47.9129981994629,47.6879959106445,47.773998260498,0,47.773998260498,"Philippines"
2021-06-14,47.8569984436035,48.1689987182617,47.7319793701172,47.9249992370605,0,47.9249992370605,"Philippines"
2021-06-15,48.0719985961914,48.1730003356934,47.9516105651855,48.068000793457,0,48.068000793457,"Philippines"
2021-06-16,48.1055717468262,48.5629997253418,48.0400009155273,48.1980018615723,0,48.1980018615723,"Philippines"
2021-06-17,48.4010009765625,48.5610008239746,48.2073211669922,48.5050010681152,0,48.5050010681152,"Philippines"
2021-06-20,48.515998840332,48.8300018310547,48.4410018920898,48.515998840332,0,48.515998840332,"Philippines"
2021-06-21,48.7620010375977,48.8300018310547,48.5214424133301,48.5900001525879,0,48.5900001525879,"Philippines"
2021-06-22,48.7960014343262,48.8450012207031,48.5422325134277,48.7929992675781,0,48.7929992675781,"Philippines"
2021-06-23,48.6500015258789,48.8709983825684,48.5200004577637,48.6399993896484,0,48.6399993896484,"Philippines"
2021-06-24,48.5299987792969,48.7120018005371,48.3361053466797,48.7120018005371,0,48.7120018005371,"Philippines"
2021-06-27,48.3963890075684,48.7150001525879,48.3963890075684,48.4016571044922,0,48.4016571044922,"Philippines"
2021-06-28,48.6800003051758,48.6980018615723,48.3903465270996,48.6769981384277,0,48.6769981384277,"Philippines"
2021-06-29,48.6780014038086,48.9739990234375,48.3563766479492,48.6710014343262,0,48.6710014343262,"Philippines"
2021-06-30,48.9220008850098,49.3530006408691,48.7328643798828,48.9220008850098,0,48.9220008850098,"Philippines"
2021-07-01,49.4850006103516,49.4850006103516,49.0069923400879,49.082820892334,0,49.082820892334,"Philippines"
2021-07-04,49.2179985046387,49.4230003356934,49.0730018615723,49.2179985046387,0,49.2179985046387,"Philippines"
2021-07-05,49.318000793457,49.8460006713867,49.189998626709,49.318000793457,0,49.318000793457,"Philippines"
2021-07-06,49.9049987792969,50.0610008239746,49.5130767822266,49.9099998474121,0,49.9099998474121,"Philippines"
2021-07-07,50.0870018005371,50.314998626709,49.6749992370605,50.0919990539551,0,50.0919990539551,"Philippines"
2021-07-08,50.3650016784668,50.3650016784668,49.7630004882812,49.9599990844727,0,49.9599990844727,"Philippines"
2021-07-11,50.0289993286133,50.5750007629395,49.8606414794922,50.0289993286133,0,50.0289993286133,"Philippines"
2021-07-12,50.5449981689453,50.5449981689453,49.7939987182617,50.5349998474121,0,50.5349998474121,"Philippines"
2021-07-13,49.9443817138672,50.3870010375977,49.9249992370605,50.2089996337891,0,50.2089996337891,"Philippines"
2021-07-14,50.3549995422363,50.398998260498,50.0439987182617,50.1879997253418,0,50.1879997253418,"Philippines"
2021-07-15,50.2630004882812,50.4949989318848,49.875,50.2680015563965,0,50.2680015563965,"Philippines"
2021-07-18,50.4210014343262,51.2799987792969,50.2299995422363,50.4210014343262,0,50.4210014343262,"Philippines"
2021-07-19,51.0820007324219,52.0750007629395,49.7980003356934,51.0870018005371,0,51.0870018005371,"Philippines"
2021-07-20,50.9389991760254,50.9389991760254,50.0929756164551,50.9389991760254,0,50.9389991760254,"Philippines"
2021-07-21,50.3619995117188,50.3619995117188,49.8886108398438,50.306999206543,0,50.306999206543,"Philippines"
2021-07-22,50.181999206543,50.3499984741211,49.9799995422363,50.1870002746582,0,50.1870002746582,"Philippines"
2021-07-25,50.1839981079102,50.3899993896484,50.1800003051758,50.1839981079102,0,50.1839981079102,"Philippines"
2021-07-26,50.2929992675781,50.5480003356934,50.2150001525879,50.2980003356934,0,50.2980003356934,"Philippines"
2021-07-27,50.4739990234375,50.5470008850098,50.2354583740234,50.4640007019043,0,50.4640007019043,"Philippines"
2021-07-28,50.2200012207031,50.3730010986328,50.0532188415527,50.2200012207031,0,50.2200012207031,"Philippines"
2021-07-29,50.2649993896484,50.3330001831055,49.8289985656738,50.2550010681152,0,50.2550010681152,"Philippines"
2021-08-01,49.9500007629395,50.0579986572266,49.6800003051758,49.9500007629395,0,49.9500007629395,"Philippines"
2021-08-02,49.9700012207031,49.9700012207031,49.4463348388672,49.9650001525879,0,49.9650001525879,"Philippines"
2021-08-03,49.8219985961914,49.8950004577637,49.5099983215332,49.8269996643066,0,49.8269996643066,"Philippines"
2021-08-04,49.7639999389648,50.4490013122559,49.6231727600098,49.7639999389648,0,49.7639999389648,"Philippines"
2021-08-05,50.2449989318848,50.8330001831055,50.1491661071777,50.25,0,50.25,"Philippines"
2021-08-08,50.7459983825684,50.7459983825684,50.2228775024414,50.7459983825684,0,50.7459983825684,"Philippines"
2021-08-09,50.3930015563965,50.5260009765625,50.2541847229004,50.382999420166,0,50.382999420166,"Philippines"
2021-08-10,50.3979988098145,50.568000793457,50.2667427062988,50.5470008850098,0,50.5470008850098,"Philippines"
2021-08-11,50.3610000610352,50.5040016174316,50.2303314208984,50.3610000610352,0,50.3610000610352,"Philippines"
2021-08-12,50.5820007324219,50.6020011901855,50.2533531188965,50.5870018005371,0,50.5870018005371,"Philippines"
2021-08-15,50.5419998168945,50.7719993591309,50.4099998474121,50.5419998168945,0,50.5419998168945,"Philippines"
2021-08-16,50.8250007629395,50.8250007629395,50.2539443969727,50.814998626709,0,50.814998626709,"Philippines"
2021-08-17,50.6119995117188,50.6119995117188,50.1430015563965,50.617000579834,0,50.617000579834,"Philippines"
2021-08-18,50.2745018005371,50.5820007324219,50.2599983215332,50.4949989318848,0,50.4949989318848,"Philippines"
2021-08-19,50.6720008850098,50.6720008850098,50.1457672119141,50.4010314941406,0,50.4010314941406,"Philippines"
2021-08-22,50.2509994506836,50.3170013427734,50.0393943786621,50.2509994506836,0,50.2509994506836,"Philippines"
2021-08-23,50.2649993896484,50.2649993896484,49.8800010681152,50.2700004577637,0,50.2700004577637,"Philippines"
2021-08-24,50.1150016784668,50.1450004577637,49.6332588195801,49.8868370056152,0,49.8868370056152,"Philippines"
2021-08-25,49.814998626709,50.0750007629395,49.5830116271973,49.8199996948242,0,49.8199996948242,"Philippines"
2021-08-26,50.1319999694824,50.1319999694824,49.7218818664551,49.8779487609863,0,49.8779487609863,"Philippines"
2021-08-29,49.8120002746582,49.8950004577637,49.5149993896484,49.8120002746582,0,49.8120002746582,"Philippines"
2021-08-30,49.875,49.875,49.5400009155273,49.8800010681152,0,49.8800010681152,"Philippines"
2021-08-31,49.6230010986328,50.1240005493164,49.5499992370605,49.6279983520508,0,49.6279983520508,"Philippines"
2021-09-01,50.0149993896484,50.0979995727539,49.673999786377,50.0200004577637,0,50.0200004577637,"Philippines"
2021-09-02,49.8050003051758,49.9160003662109,49.5499992370605,49.810001373291,0,49.810001373291,"Philippines"
2021-09-05,49.9090003967285,50.0419998168945,49.7249984741211,49.9090003967285,0,49.9090003967285,"Philippines"
2021-09-06,49.992000579834,50.3470001220703,49.7565841674805,49.9970016479492,0,49.9970016479492,"Philippines"
2021-09-07,50.2449989318848,50.2449989318848,49.9799995422363,49.9877548217773,0,49.9877548217773,"Philippines"
2021-09-08,50.2599983215332,50.2599983215332,49.7970008850098,50.2649993896484,0,50.2649993896484,"Philippines"
2021-09-09,50.0250015258789,50.0279998779297,49.689998626709,49.8035850524902,0,49.8035850524902,"Philippines"
2021-09-12,49.9269981384277,50.0410003662109,49.7400016784668,49.9269981384277,0,49.9269981384277,"Philippines"
2021-09-13,49.9449996948242,49.9700012207031,49.6286888122559,49.935001373291,0,49.935001373291,"Philippines"
2021-09-14,49.9599990844727,49.9700012207031,49.5846939086914,49.9599990844727,0,49.9599990844727,"Philippines"
2021-09-15,49.7229995727539,50.0169982910156,49.6030044555664,49.7140007019043,0,49.7140007019043,"Philippines"
2021-09-16,50.0400009155273,50.0419998168945,49.5069999694824,50.0400009155273,0,50.0400009155273,"Philippines"
2021-09-19,50.0299987792969,50.2760009765625,50,50.0299987792969,0,50.0299987792969,"Philippines"
2021-09-20,50.1450004577637,50.2220001220703,49.9484443664551,50.1349983215332,0,50.1349983215332,"Philippines"
2021-09-21,50.2169990539551,50.3569984436035,49.9799995422363,50.2169990539551,0,50.2169990539551,"Philippines"
2021-09-22,50.3549995422363,50.4389991760254,49.7120018005371,50.3549995422363,0,50.3549995422363,"Philippines"
2021-09-23,50.3549995422363,50.9300003051758,50.1699981689453,50.1775741577148,0,50.1775741577148,"Philippines"
2021-09-26,50.7999992370605,51.2459983825684,50.6080017089844,50.7999992370605,0,50.7999992370605,"Philippines"
2021-09-27,51.0750007629395,51.3450012207031,50.754810333252,50.9606094360352,0,50.9606094360352,"Philippines"
2021-09-28,51.2999992370605,51.2999992370605,50.6599998474121,51.0061149597168,0,51.0061149597168,"Philippines"
2021-09-29,50.7999992370605,51.1399993896484,50.7200012207031,51.0900001525879,0,51.0900001525879,"Philippines"
2021-09-30,51.1049995422363,51.1150016784668,50.3120002746582,51.1049995422363,0,51.1049995422363,"Philippines"
2021-10-03,50.632999420166,50.9189987182617,50.6300010681152,50.632999420166,0,50.632999420166,"Philippines"
2021-10-04,50.9550018310547,50.9550018310547,50.5,50.9449996948242,0,50.9449996948242,"Philippines"
2021-10-05,50.8320007324219,51.0060005187988,50.4820022583008,50.5099983215332,0,50.5099983215332,"Philippines"
2021-10-06,50.9669990539551,50.9669990539551,50.1990013122559,50.9669990539551,0,50.9669990539551,"Philippines"
2021-10-07,50.6419982910156,50.6419982910156,50.2900009155273,50.6469993591309,0,50.6469993591309,"Philippines"
2021-10-10,50.5730018615723,50.9169998168945,50.4500007629395,50.5730018615723,0,50.5730018615723,"Philippines"
2021-10-11,50.9949989318848,50.9949989318848,50.6584434509277,51,0,51,"Philippines"
2021-10-12,50.9850006103516,50.9850006103516,50.4710006713867,50.9749984741211,0,50.9749984741211,"Philippines"
2021-10-13,50.681999206543,50.7470016479492,50.4359817504883,50.4099998474121,0,50.4099998474121,"Philippines"
2021-10-14,50.8050003051758,53.1790008544922,50.5550003051758,50.8050003051758,0,50.8050003051758,"Philippines"
2021-10-17,50.7039985656738,50.9010009765625,50.5890007019043,50.7039985656738,0,50.7039985656738,"Philippines"
2021-10-18,51.0250015258789,51.0250015258789,50.5828094482422,51.0299987792969,0,51.0299987792969,"Philippines"
2021-10-19,50.9119987487793,50.9119987487793,50.617000579834,50.9169998168945,0,50.9169998168945,"Philippines"
2021-10-20,50.8950004577637,50.8950004577637,50.6590003967285,50.9000015258789,0,50.9000015258789,"Philippines"
2021-10-21,50.935001373291,50.935001373291,50.6307678222656,50.939998626709,0,50.939998626709,"Philippines"
2021-10-24,50.7430000305176,50.8129997253418,50.5970001220703,50.7430000305176,0,50.7430000305176,"Philippines"
2021-10-25,50.7620010375977,50.7890014648438,50.189998626709,50.7669982910156,0,50.7669982910156,"Philippines"
2021-10-26,50.6800003051758,50.8479995727539,50.407356262207,50.8400001525879,0,50.8400001525879,"Philippines"
2021-10-27,50.8569984436035,50.8569984436035,50.4908409118652,50.6279983520508,0,50.6279983520508,"Philippines"
2021-10-28,50.1129989624023,50.689998626709,49.8823127746582,50.689998626709,0,50.689998626709,"Philippines"
2021-11-01,50.4809989929199,50.6199989318848,50.3050003051758,50.4095611572266,0,50.4095611572266,"Philippines"
2021-11-02,50.4710006713867,50.6419982910156,50.2582893371582,50.4160003662109,0,50.4160003662109,"Philippines"
2021-11-03,50.6450004577637,50.726001739502,50.3849983215332,50.2729988098145,0,50.2729988098145,"Philippines"
2021-11-04,50.6949996948242,50.7379989624023,50.451904296875,50.685001373291,0,50.685001373291,"Philippines"
2021-11-05,50.742000579834,50.742000579834,50.1255722045898,50.4600105285645,0,50.4600105285645,"Philippines"
2021-11-08,50.2120018005371,50.3190002441406,49.9539756774902,50.3279991149902,0,50.3279991149902,"Philippines"
2021-11-09,50.1710014343262,50.1749992370605,49.8122825622559,50.1609992980957,0,50.1609992980957,"Philippines"
2021-11-10,50.0530433654785,50.2400016784668,49.8821716308594,50.2400016784668,0,50.2400016784668,"Philippines"
2021-11-11,50.242000579834,50.242000579834,49.9186515808105,50,0,50,"Philippines"
2021-11-12,50.1300010681152,50.1300010681152,49.6399154663086,50.125,0,50.125,"Philippines"
2021-11-15,49.757999420166,50.1619987487793,49.7490005493164,49.810001373291,0,49.810001373291,"Philippines"
2021-11-16,50.1389999389648,50.431999206543,49.9481391906738,50.2200012207031,0,50.2200012207031,"Philippines"
2021-11-17,50.5,50.5,50.1920013427734,50.4980010986328,0,50.4980010986328,"Philippines"
2021-11-18,50.3450012207031,50.3880004882812,50.1959991455078,50.3349990844727,0,50.3349990844727,"Philippines"
2021-11-19,50.3300018310547,50.673999786377,50.0913162231445,50.3250007629395,0,50.3250007629395,"Philippines"
2021-11-22,50.4630012512207,50.7820014953613,50.4630012512207,50.3748321533203,0,50.3748321533203,"Philippines"
2021-11-23,50.7550010681152,50.7569999694824,50.4996948242188,50.5684547424316,0,50.5684547424316,"Philippines"
2021-11-24,50.685001373291,50.685001373291,50.226001739502,50.4491539001465,0,50.4491539001465,"Philippines"
2021-11-25,50.4799995422363,50.5410003662109,50.2029991149902,50.2717666625977,0,50.2717666625977,"Philippines"
2021-11-26,50.3950004577637,50.5579986572266,50.1933898925781,50.1947212219238,0,50.1947212219238,"Philippines"
2021-11-29,50.4749984741211,50.4749984741211,50.2311477661133,50.3650016784668,0,50.3650016784668,"Philippines"
2021-11-30,50.375,50.4620018005371,50.1596984863281,50.375,0,50.375,"Philippines"
2021-12-01,50.3720016479492,50.4169998168945,50.2109985351562,50.3769989013672,0,50.3769989013672,"Philippines"
2021-12-02,50.4449996948242,50.6020011901855,50.2560348510742,50.435001373291,0,50.435001373291,"Philippines"
2021-12-03,50.3660011291504,50.515998840332,50.007999420166,50.3559989929199,0,50.3559989929199,"Philippines"
2021-12-06,50.4690017700195,50.5009994506836,50.3019981384277,50.3278846740723,0,50.3278846740723,"Philippines"
2021-12-07,50.4599990844727,50.4609985351562,50.1500015258789,50.4650001525879,0,50.4650001525879,"Philippines"
2021-12-08,50.3800010681152,50.398998260498,50.1271514892578,50.375,0,50.375,"Philippines"
2021-12-09,50.2949981689453,50.4690017700195,50.1049995422363,50.2999992370605,0,50.2999992370605,"Philippines"
2021-12-10,50.439998626709,50.439998626709,50.1821060180664,50.4449996948242,0,50.4449996948242,"Philippines"
2021-12-13,50.3040008544922,50.3650016784668,50.1743392944336,48.9758720397949,0,48.9758720397949,"Philippines"
2021-12-14,50.4500007629395,50.4650001525879,50.1603584289551,50.4480018615723,0,50.4480018615723,"Philippines"
2021-12-15,50.3699989318848,50.3699989318848,50.0776329040527,50.3650016784668,0,50.3650016784668,"Philippines"
2021-12-16,50.0668640136719,50.2150001525879,49.7970008850098,50.2050018310547,0,50.2050018310547,"Philippines"
2021-12-17,49.9850006103516,50.0299987792969,49.759838104248,49.9900016784668,0,49.9900016784668,"Philippines"
2021-12-20,49.890998840332,49.9930000305176,49.7528953552246,49.7799987792969,0,49.7799987792969,"Philippines"
2021-12-21,49.7266578674316,50.0810012817383,49.7228736877441,49.7291069030762,0,49.7291069030762,"Philippines"
2021-12-22,49.8819999694824,50.2389984130859,49.7975769042969,49.8075141906738,0,49.8075141906738,"Philippines"
2021-12-23,50.185001373291,50.1860008239746,49.9270973205566,50.189998626709,0,50.189998626709,"Philippines"
2021-12-24,50.0719985961914,50.0859985351562,49.8383865356445,50.0769996643066,0,50.0769996643066,"Philippines"
2021-12-27,50.0169982910156,50.2490005493164,49.9679985046387,49.8820915222168,0,49.8820915222168,"Philippines"
2021-12-28,50.1949996948242,50.5940017700195,50.0467796325684,50.2000007629395,0,50.2000007629395,"Philippines"
2021-12-29,50.6450004577637,51.125,50.492862701416,50.6349983215332,0,50.6349983215332,"Philippines"
2021-12-30,51.2599983215332,51.318000793457,50.8932723999023,51.2649993896484,0,51.2649993896484,"Philippines"
2021-12-31,51.2449989318848,51.2750015258789,50.8380012512207,51.2350006103516,0,51.2350006103516,"Philippines"
2022-01-03,50.9900016784668,51.1800003051758,50.9070014953613,50.8680725097656,0,50.8680725097656,"Philippines"
2022-01-04,51.4150009155273,51.5660018920898,50.8759918212891,51.4150009155273,0,51.4150009155273,"Philippines"
2022-01-05,50.997802734375,51.5750007629395,50.7711486816406,51.5750007629395,0,51.5750007629395,"Philippines"
2022-01-06,51.4300003051758,51.4300003051758,50.8891067504883,50.8899993896484,0,50.8899993896484,"Philippines"
2022-01-07,51.0371742248535,51.564998626709,50.4900016784668,51.5699996948242,0,51.5699996948242,"Philippines"
2022-01-10,51.3320007324219,51.8300018310547,50.4770011901855,51.2015647888184,0,51.2015647888184,"Philippines"
2022-01-11,51.560001373291,51.560001373291,50.9388160705566,51.5699996948242,0,51.5699996948242,"Philippines"
2022-01-12,51.1500015258789,51.2319984436035,50.7200012207031,50.8600158691406,0,50.8600158691406,"Philippines"
2022-01-13,51.1599998474121,51.2060012817383,50.8783111572266,51,0,51,"Philippines"
2022-01-14,51.25,51.5579986572266,50.875,51.2449989318848,0,51.2449989318848,"Philippines"
2022-01-17,51.3120002746582,51.5099983215332,51.1203498840332,51.1920471191406,0,51.1920471191406,"Philippines"
2022-01-18,51.1204605102539,51.617000579834,51.0788917541504,51.5200004577637,0,51.5200004577637,"Philippines"
2022-01-19,51.7620010375977,51.7929992675781,50.6800003051758,51.7599983215332,0,51.7599983215332,"Philippines"
2022-01-20,51.6570014953613,51.6570014953613,51.2729988098145,51.351993560791,0,51.351993560791,"Philippines"
2022-01-21,51.5400009155273,51.560001373291,51.1181373596191,51.5400009155273,0,51.5400009155273,"Philippines"
2022-01-24,51.2290000915527,51.4129981994629,51.2000007629395,51.1599998474121,0,51.1599998474121,"Philippines"
2022-01-25,51.4970016479492,51.5470008850098,51.0395088195801,51.4970016479492,0,51.4970016479492,"Philippines"
2022-01-26,51.310001373291,51.3139991760254,51.0273399353027,51.0275573730469,0,51.0275573730469,"Philippines"
2022-01-27,51.4500007629395,51.4500007629395,51.0530014038086,51.4500007629395,0,51.4500007629395,"Philippines"
2022-01-28,51.1261253356934,51.3650016784668,51.0423774719238,51.3450012207031,0,51.3450012207031,"Philippines"
2022-01-31,51.1669998168945,51.2350006103516,50.7729988098145,50.9749412536621,0,50.9749412536621,"Philippines"
2022-02-01,51.1500015258789,51.1500015258789,50.9302024841309,51.1599998474121,0,51.1599998474121,"Philippines"
2022-02-02,51.1370010375977,51.2080001831055,50.8217658996582,51.1370010375977,0,51.1370010375977,"Philippines"
2022-02-03,51.0999984741211,51.1759986877441,50.7929992675781,51.0999984741211,0,51.0999984741211,"Philippines"
2022-02-04,51.056999206543,51.4029998779297,50.8284873962402,51.056999206543,0,51.056999206543,"Philippines"
2022-02-07,51.2669982910156,51.5550003051758,51.1800003051758,51.0698699951172,0,51.0698699951172,"Philippines"
2022-02-08,51.6800003051758,51.6800003051758,51.2735366821289,51.6800003051758,0,51.6800003051758,"Philippines"
2022-02-09,51.3206443786621,51.6549987792969,51.0777854919434,51.6549987792969,0,51.6549987792969,"Philippines"
2022-02-10,51.3969993591309,51.4029998779297,51.1019897460938,51.3969993591309,0,51.3969993591309,"Philippines"
2022-02-11,51.4000015258789,51.4000015258789,51.0979995727539,51.4000015258789,0,51.4000015258789,"Philippines"
2022-02-14,51.2389984130859,51.4150009155273,51.2101745605469,51.135311126709,0,51.135311126709,"Philippines"
2022-02-15,51.4500007629395,51.5200004577637,51.1769981384277,51.4500007629395,0,51.4500007629395,"Philippines"
2022-02-16,51.3950004577637,51.4000015258789,51.1969985961914,51.2900009155273,0,51.2900009155273,"Philippines"
2022-02-17,51.3769989013672,51.3769989013672,51.1450004577637,51.3769989013672,0,51.3769989013672,"Philippines"
2022-02-18,51.4199981689453,51.5139999389648,51.1949996948242,51.4199981689453,0,51.4199981689453,"Philippines"
2022-02-21,51.4169998168945,51.423999786377,51.2509994506836,51.4300003051758,0,51.4300003051758,"Philippines"
2022-02-22,51.5099983215332,51.5340003967285,51.189998626709,51.5299987792969,0,51.5299987792969,"Philippines"
2022-02-23,51.3870010375977,51.3870010375977,50.814998626709,51.3870010375977,0,51.3870010375977,"Philippines"
2022-02-24,51.0999984741211,51.6980018615723,50.9599990844727,51.1199989318848,0,51.1199989318848,"Philippines"
2022-02-25,51.4000015258789,51.4930000305176,50.8400001525879,51.4000015258789,0,51.4000015258789,"Philippines"
2022-02-28,51.3079986572266,51.4500007629395,51.1110000610352,51.2179985046387,0,51.2179985046387,"Philippines"
2022-03-01,51.2599983215332,51.3779983520508,51.125,51.2799987792969,0,51.2799987792969,"Philippines"
2022-03-02,51.4449996948242,51.5709991455078,51.2350006103516,51.439998626709,0,51.439998626709,"Philippines"
2022-03-03,51.5970001220703,51.7309989929199,51.314998626709,51.5970001220703,0,51.5970001220703,"Philippines"
2022-03-04,51.4900016784668,52.0870018005371,51.4900016784668,51.5299987792969,0,51.5299987792969,"Philippines"
2022-03-07,52.0390014648438,52.3580017089844,51.75,51.8499984741211,0,51.8499984741211,"Philippines"
2022-03-08,52.6300010681152,52.6520004272461,51.976001739502,52.6300010681152,0,52.6300010681152,"Philippines"
2022-03-09,52.6030006408691,52.6030006408691,51.8899993896484,52.6030006408691,0,52.6030006408691,"Philippines"
2022-03-10,52.1599998474121,52.3730010986328,51.9749984741211,52.1800003051758,0,52.1800003051758,"Philippines"
2022-03-11,52.5069999694824,52.5470008850098,52.1100006103516,52.5069999694824,0,52.5069999694824,"Philippines"
2022-03-14,52.351001739502,52.742000579834,52.2700004577637,52.3440017700195,0,52.3440017700195,"Philippines"
2022-03-15,52.6599998474121,52.6619987487793,52.1949996948242,52.6500015258789,0,52.6500015258789,"Philippines"
2022-03-16,52.5169982910156,52.5169982910156,52.0800018310547,52.5169982910156,0,52.5169982910156,"Philippines"
2022-03-17,52.2669982910156,52.306999206543,51.8720016479492,52.2669982910156,0,52.2669982910156,"Philippines"
2022-03-18,52.2799987792969,52.4249992370605,52.0900001525879,52.2700004577637,0,52.2700004577637,"Philippines"
2022-03-21,52.314998626709,52.4129981994629,52.25,52.5419998168945,0,52.5419998168945,"Philippines"
2022-03-22,52.6370010375977,52.6800003051758,52.2620010375977,52.6370010375977,0,52.6370010375977,"Philippines"
2022-03-23,52.5,52.5009994506836,52.2200012207031,52.5,0,52.5,"Philippines"
2022-03-24,52.5270004272461,52.5369987487793,52.189998626709,52.5270004272461,0,52.5270004272461,"Philippines"
2022-03-25,52.4070014953613,52.4169998168945,52.0190010070801,52.4070014953613,0,52.4070014953613,"Philippines"
2022-03-27,52.1500015258789,52.3240013122559,51.9300003051758,52.1500015258789,0,52.1500015258789,"Philippines"
2022-03-28,52.1199989318848,52.1860008239746,51.7610015869141,52.1199989318848,0,52.1199989318848,"Philippines"
2022-03-29,52.0480003356934,52.1399993896484,51.826000213623,52.0480003356934,0,52.0480003356934,"Philippines"
2022-03-30,52.1100006103516,52.0900001525879,51.6889991760254,52.1100006103516,0,52.1100006103516,"Philippines"
2022-03-31,51.8059997558594,51.8160018920898,51.4700012207031,51.8059997558594,0,51.8059997558594,"Philippines"
2022-04-03,51.5820007324219,51.5929985046387,51.2480010986328,51.5820007324219,0,51.5820007324219,"Philippines"
2022-04-04,51.4169998168945,51.4169998168945,51.0550003051758,51.4169998168945,0,51.4169998168945,"Philippines"
2022-04-05,51.3899993896484,51.4490013122559,51.1800003051758,51.3899993896484,0,51.3899993896484,"Philippines"
2022-04-06,51.4609985351562,51.5499992370605,51.1049995422363,51.4609985351562,0,51.4609985351562,"Philippines"
2022-04-07,51.5639991760254,51.6570014953613,51.375,51.5639991760254,0,51.5639991760254,"Philippines"
2022-04-10,51.5900001525879,52.101001739502,51.5,51.5900001525879,0,51.5900001525879,"Philippines"
2022-04-11,52.2449989318848,52.25,51.7649993896484,52.2449989318848,0,52.2449989318848,"Philippines"
2022-04-12,52.2099990844727,52.2599983215332,50.7709999084473,52.2099990844727,0,52.2099990844727,"Philippines"
2022-04-13,52.2050018310547,52.2470016479492,52.0470008850098,52.2050018310547,0,52.2050018310547,"Philippines"
2022-04-14,52.3699989318848,52.3730010986328,52.0800018310547,52.3699989318848,0,52.3699989318848,"Philippines"
2022-04-17,52.1720008850098,52.4059982299805,51.8250007629395,52.1720008850098,0,52.1720008850098,"Philippines"
2022-04-18,52.4199981689453,52.5309982299805,52.0900001525879,52.4199981689453,0,52.4199981689453,"Philippines"
2022-04-19,52.6769981384277,52.6769981384277,52.2350006103516,52.6769981384277,0,52.6769981384277,"Philippines"
2022-04-20,52.3300018310547,52.5400009155273,52.2680015563965,52.3300018310547,0,52.3300018310547,"Philippines"
2022-04-21,52.5169982910156,52.548999786377,50.7599983215332,52.5169982910156,0,52.5169982910156,"Philippines"
2022-04-24,52.4099998474121,52.5139999389648,52.2400016784668,52.4099998474121,0,52.4099998474121,"Philippines"
2022-04-25,52.5359992980957,52.5359992980957,50.7900009155273,52.5359992980957,0,52.5359992980957,"Philippines"
2022-04-26,52.439998626709,52.4539985656738,51.9990005493164,52.439998626709,0,52.439998626709,"Philippines"
2022-04-27,52.25,52.3699989318848,50.7569999694824,52.25,0,52.25,"Philippines"
2022-04-28,52.560001373291,52.5900001525879,52.1959991455078,52.560001373291,0,52.560001373291,"Philippines"
2022-05-01,52.3300018310547,52.7290000915527,52.25,52.3300018310547,0,52.3300018310547,"Philippines"
2022-05-02,52.7299995422363,53.060001373291,52.4449996948242,52.7299995422363,0,52.7299995422363,"Philippines"
2022-05-03,52.7700004577637,52.7700004577637,52.3650016784668,52.7700004577637,0,52.7700004577637,"Philippines"
2022-05-04,52.4799995422363,52.7789993286133,52.2200012207031,52.4799995422363,0,52.4799995422363,"Philippines"
2022-05-05,52.4099998474121,52.8520011901855,52.1650009155273,52.4099998474121,0,52.4099998474121,"Philippines"
2022-05-08,52.4029998779297,52.9300003051758,51.9500007629395,52.4029998779297,0,52.4029998779297,"Philippines"
2022-05-09,53.0200004577637,53.0200004577637,52.2210006713867,53.0200004577637,0,53.0200004577637,"Philippines"
2022-05-10,52.5400009155273,52.5400009155273,51.9199981689453,52.5400009155273,0,52.5400009155273,"Philippines"
2022-05-11,52.3470001220703,52.5709991455078,52.0540008544922,52.3470001220703,0,52.3470001220703,"Philippines"
2022-05-12,52.6599998474121,52.6599998474121,52.2729988098145,52.6599998474121,0,52.6599998474121,"Philippines"
2022-05-15,52.3139991760254,52.5830001831055,51.765998840332,52.3139991760254,0,52.3139991760254,"Philippines"
2022-05-16,52.439998626709,52.7050018310547,52.2210006713867,52.439998626709,0,52.439998626709,"Philippines"
2022-05-17,52.4799995422363,52.4900016784668,52.2360000610352,52.4799995422363,0,52.4799995422363,"Philippines"
2022-05-18,52.3600006103516,52.6049995422363,52.1430015563965,52.3600006103516,0,52.3600006103516,"Philippines"
2022-05-19,52.1300010681152,52.3930015563965,52.0369987487793,52.1300010681152,0,52.1300010681152,"Philippines"
2022-05-22,52.2480010986328,52.4150009155273,52.0940017700195,52.2480010986328,0,52.2480010986328,"Philippines"
2022-05-23,52.3699989318848,52.4570007324219,52.1949996948242,52.3699989318848,0,52.3699989318848,"Philippines"
2022-05-24,52.435001373291,52.435001373291,52.2000007629395,52.435001373291,0,52.435001373291,"Philippines"
2022-05-25,52.2529983520508,52.5149993896484,52.2249984741211,52.2529983520508,0,52.2529983520508,"Philippines"
2022-05-26,52.3699989318848,52.4179992675781,52.0820007324219,52.3699989318848,0,52.3699989318848,"Philippines"
2022-05-29,52.2000007629395,52.3800010681152,52.1300010681152,52.2000007629395,0,52.2000007629395,"Philippines"
2022-05-30,52.2400016784668,52.6040000915527,52.2700004577637,52.2400016784668,0,52.2400016784668,"Philippines"
2022-05-31,52.3400001525879,52.6199989318848,52.2900009155273,52.3400001525879,0,52.3400001525879,"Philippines"
2022-06-01,52.6399993896484,52.8540000915527,52.310001373291,52.6399993896484,0,52.6399993896484,"Philippines"
2022-06-02,52.314998626709,52.9819984436035,52.1030006408691,52.314998626709,0,52.314998626709,"Philippines"
2022-06-05,52.9189987182617,52.9729995727539,52.7400016784668,52.9189987182617,0,52.9189987182617,"Philippines"
2022-06-06,53.0699996948242,53.0699996948242,52.7400016784668,53.0699996948242,0,53.0699996948242,"Philippines"
2022-06-07,52.7400016784668,53.0400009155273,52.7700004577637,52.7400016784668,0,52.7400016784668,"Philippines"
2022-06-08,53.1599998474121,53.1599998474121,52.814998626709,53.1599998474121,0,53.1599998474121,"Philippines"
2022-06-09,53.1399993896484,53.1399993896484,52.7929992675781,53.1399993896484,0,53.1399993896484,"Philippines"
2022-06-12,53.0800018310547,53.4300003051758,52.9599990844727,53.0800018310547,0,53.0800018310547,"Philippines"
2022-06-13,53.5,53.5050010681152,53.0880012512207,53.5,0,53.5,"Philippines"
2022-06-14,53.4599990844727,53.4650001525879,53.1100006103516,53.4599990844727,0,53.4599990844727,"Philippines"
2022-06-15,53.3129997253418,53.5919990539551,53.2000007629395,53.3129997253418,0,53.3129997253418,"Philippines"
2022-06-16,53.6100006103516,53.8030014038086,53.3400001525879,53.6100006103516,0,53.6100006103516,"Philippines"
2022-06-19,53.6629981994629,54.1150016784668,53.6629981994629,53.6629981994629,0,53.6629981994629,"Philippines"
2022-06-20,54.2550010681152,54.4099998474121,53.939998626709,54.2550010681152,0,54.2550010681152,"Philippines"
2022-06-21,54.4099998474121,54.576000213623,54.1800003051758,54.4099998474121,0,54.4099998474121,"Philippines"
2022-06-22,54.4000015258789,54.7439994812012,54.2750015258789,54.4000015258789,0,54.4000015258789,"Philippines"
2022-06-23,54.6699981689453,54.9630012512207,54.4599990844727,54.6699981689453,0,54.6699981689453,"Philippines"
2022-06-26,54.890998840332,55.1479988098145,54.1380004882812,54.890998840332,0,54.890998840332,"Philippines"
2022-06-27,54.8600006103516,54.8600006103516,54.5349998474121,54.8600006103516,0,54.8600006103516,"Philippines"
2022-06-28,54.8899993896484,55.1049995422363,54.7099990844727,54.8899993896484,0,54.8899993896484,"Philippines"
2022-06-29,55.0499992370605,55.1290016174316,54.7350006103516,55.0499992370605,0,55.0499992370605,"Philippines"
2022-06-30,55.0699996948242,55.306999206543,54.818000793457,55.0699996948242,0,55.0699996948242,"Philippines"
2022-07-03,55.1349983215332,55.1829986572266,54.617000579834,55.1349983215332,0,55.1349983215332,"Philippines"
2022-07-04,55.0999984741211,55.484001159668,54.9379997253418,55.0999984741211,0,55.0999984741211,"Philippines"
2022-07-05,55.310001373291,55.9710006713867,55.3279991149902,55.310001373291,0,55.310001373291,"Philippines"
2022-07-06,55.9650001525879,56.0740013122559,55.6520004272461,55.9650001525879,0,55.9650001525879,"Philippines"
2022-07-07,56.0369987487793,56.1300010681152,55.7130012512207,56.0369987487793,0,56.0369987487793,"Philippines"
2022-07-10,55.8199996948242,56.0589981079102,55.5229988098145,55.8199996948242,0,55.8199996948242,"Philippines"
2022-07-11,56.1570014953613,56.5870018005371,55.9500007629395,56.1570014953613,0,56.1570014953613,"Philippines"
2022-07-12,56.1800003051758,56.4179992675781,56.0279998779297,56.1800003051758,0,56.1800003051758,"Philippines"
2022-07-13,56.4469985961914,56.5340003967285,55.0900001525879,56.4469985961914,0,56.4469985961914,"Philippines"
2022-07-14,56.2299995422363,56.5999984741211,56.0849990844727,56.2299995422363,0,56.2299995422363,"Philippines"
2022-07-17,56.2910003662109,56.3969993591309,56.1650009155273,56.2910003662109,0,56.2910003662109,"Philippines"
2022-07-18,56.5099983215332,56.5099983215332,56.0400009155273,56.5099983215332,0,56.5099983215332,"Philippines"
2022-07-19,56.25,56.3479995727539,56.0699996948242,56.25,0,56.25,"Philippines"
2022-07-20,56.3499984741211,56.4860000610352,56.1800003051758,56.3499984741211,0,56.3499984741211,"Philippines"
2022-07-21,56.4169998168945,56.4169998168945,56.0400009155273,56.4169998168945,0,56.4169998168945,"Philippines"
2022-07-24,56.060001373291,56.3089981079102,55.7099990844727,56.060001373291,0,56.060001373291,"Philippines"
2022-07-25,55.8370018005371,55.8370018005371,55.3079986572266,55.8370018005371,0,55.8370018005371,"Philippines"
2022-07-26,55.5419998168945,55.7999992370605,55.2649993896484,55.5419998168945,0,55.5419998168945,"Philippines"
2022-07-27,55.5299987792969,55.9749984741211,55.4099998474121,55.5299987792969,0,55.5299987792969,"Philippines"
2022-07-28,55.8969993591309,55.8969993591309,54.7750015258789,55.8969993591309,0,55.8969993591309,"Philippines"
2022-07-31,55.0999984741211,55.4599990844727,55.0999984741211,55.0999984741211,0,55.0999984741211,"Philippines"
2022-08-01,55.439998626709,55.7309989929199,55.2099990844727,55.439998626709,0,55.439998626709,"Philippines"
2022-08-02,55.6969985961914,55.806999206543,55.4720001220703,55.6969985961914,0,55.6969985961914,"Philippines"
2022-08-03,55.6980018615723,55.8160018920898,55.443000793457,55.6980018615723,0,55.6980018615723,"Philippines"
2022-08-04,55.5870018005371,55.6389999389648,55.0750007629395,55.5870018005371,0,55.5870018005371,"Philippines"
2022-08-07,55.5410003662109,55.7509994506836,55.2379989624023,55.5410003662109,0,55.5410003662109,"Philippines"
2022-08-08,55.4700012207031,55.6769981384277,55.2999992370605,55.4700012207031,0,55.4700012207031,"Philippines"
2022-08-09,55.6699981689453,55.814998626709,54.8810005187988,55.6699981689453,0,55.6699981689453,"Philippines"
2022-08-10,55.4500007629395,55.5890007019043,55.2299995422363,55.4500007629395,0,55.4500007629395,"Philippines"
2022-08-11,55.4599990844727,55.7449989318848,55.2200012207031,55.4599990844727,0,55.4599990844727,"Philippines"
2022-08-14,55.6800003051758,56.0480003356934,55.5699996948242,55.6800003051758,0,55.6800003051758,"Philippines"
2022-08-15,56.0499992370605,56.1100006103516,55.7179985046387,56.0499992370605,0,56.0499992370605,"Philippines"
2022-08-16,55.8699989318848,55.9570007324219,55.640998840332,55.8699989318848,0,55.8699989318848,"Philippines"
2022-08-17,56,55.9850006103516,55.6949996948242,56,0,56,"Philippines"
2022-08-18,56.0069999694824,56.0750007629395,55.810001373291,56.0069999694824,0,56.0069999694824,"Philippines"
2022-08-21,56.0069999694824,56.2999992370605,55.939998626709,56.0069999694824,0,56.0069999694824,"Philippines"
2022-08-22,56.2999992370605,56.3300018310547,55.8499984741211,56.2999992370605,0,56.2999992370605,"Philippines"
2022-08-23,56.0870018005371,56.1559982299805,55.9099998474121,56.0870018005371,0,56.0870018005371,"Philippines"
2022-08-24,56.1549987792969,56.1599998474121,55.6730003356934,56.1549987792969,0,56.1549987792969,"Philippines"
2022-08-25,56.1100006103516,56.1339988708496,55.9059982299805,56.1100006103516,0,56.1100006103516,"Philippines"
2022-08-28,56.1100006103516,56.4109992980957,56.0800018310547,56.1100006103516,0,56.1100006103516,"Philippines"
2022-08-29,56.3199996948242,56.3530006408691,56.0900001525879,56.3199996948242,0,56.3199996948242,"Philippines"
2022-08-30,56.2999992370605,56.3009986877441,56.0499992370605,56.2999992370605,0,56.2999992370605,"Philippines"
2022-08-31,56.2330017089844,56.890998840332,56.1100006103516,56.2330017089844,0,56.2330017089844,"Philippines"
2022-09-01,56.8450012207031,57.0439987182617,56.5499992370605,56.8450012207031,0,56.8450012207031,"Philippines"
2022-09-04,56.7970008850098,57.0260009765625,56.6629981994629,56.7970008850098,0,56.7970008850098,"Philippines"
2022-09-05,56.9599990844727,57.2789993286133,56.7900009155273,56.9599990844727,0,56.9599990844727,"Philippines"
2022-09-06,57.1199989318848,57.367000579834,56.9630012512207,57.1199989318848,0,57.1199989318848,"Philippines"
2022-09-07,57.1199989318848,57.185001373291,56.9099998474121,57.1199989318848,0,57.1199989318848,"Philippines"
2022-09-08,57.185001373291,57.189998626709,56.6660003662109,57.185001373291,0,57.185001373291,"Philippines"
2022-09-11,56.810001373291,57.0709991455078,56.689998626709,56.810001373291,0,56.810001373291,"Philippines"
2022-09-12,56.8849983215332,57.0989990234375,56.5880012512207,56.8849983215332,0,56.8849983215332,"Philippines"
2022-09-13,57.1100006103516,57.2439994812012,56.9300003051758,57.1100006103516,0,57.1100006103516,"Philippines"
2022-09-14,56.9199981689453,57.4049987792969,56.814998626709,56.9199981689453,0,56.9199981689453,"Philippines"
2022-09-15,57.3800010681152,57.4150009155273,57.2000007629395,57.3800010681152,0,57.3800010681152,"Philippines"
2022-09-18,57.3370018005371,57.4189987182617,57.1590003967285,57.3370018005371,0,57.3370018005371,"Philippines"
2022-09-19,57.3139991760254,57.701000213623,57.2099990844727,57.3139991760254,0,57.3139991760254,"Philippines"
2022-09-20,57.6699981689453,58.0169982910156,57.439998626709,57.6699981689453,0,57.6699981689453,"Philippines"
2022-09-21,58.1300010681152,58.5200004577637,57.9490013122559,58.1300010681152,0,58.1300010681152,"Philippines"
2022-09-22,58.4780006408691,58.7770004272461,58.25,58.4780006408691,0,58.4780006408691,"Philippines"
2022-09-25,58.7400016784668,59.1199989318848,58.6500015258789,58.7400016784668,0,58.7400016784668,"Philippines"
2022-09-26,59.1949996948242,59.2369995117188,58.6500015258789,59.1949996948242,0,59.1949996948242,"Philippines"
2022-09-27,59.0999984741211,59.3450012207031,58.8380012512207,59.0999984741211,0,59.0999984741211,"Philippines"
2022-09-28,58.7099990844727,59.0950012207031,58.1199989318848,58.7099990844727,0,58.7099990844727,"Philippines"
2022-09-29,58.5999984741211,58.9000015258789,58.2690010070801,58.5999984741211,0,58.5999984741211,"Philippines"
2022-10-02,58.75,59.1749992370605,58.6599998474121,58.75,0,58.75,"Philippines"
2022-10-03,59.0250015258789,59.0410003662109,58.3279991149902,59.0250015258789,0,59.0250015258789,"Philippines"
2022-10-04,58.6699981689453,58.867000579834,58.2719993591309,58.6699981689453,0,58.6699981689453,"Philippines"
2022-10-05,58.7999992370605,58.9650001525879,58.4749984741211,58.7999992370605,0,58.7999992370605,"Philippines"
2022-10-06,59.0099983215332,59.1269989013672,58.6500015258789,59.0099983215332,0,59.0099983215332,"Philippines"
2022-10-09,59.0400009155273,59.0730018615723,58.8400001525879,59.0400009155273,0,59.0400009155273,"Philippines"
2022-10-10,59.1500015258789,59.1949996948242,58.7350006103516,59.1500015258789,0,59.1500015258789,"Philippines"
2022-10-11,59.0779991149902,59.0699996948242,58.7589988708496,59.0779991149902,0,59.0779991149902,"Philippines"
2022-10-12,58.8199996948242,59.2000007629395,58.7140007019043,58.8199996948242,0,58.8199996948242,"Philippines"
2022-10-13,59.0999984741211,59.1080017089844,58.5610008239746,59.0999984741211,0,59.0999984741211,"Philippines"
2022-10-16,58.9900016784668,59.048999786377,58.8370018005371,58.9900016784668,0,58.9900016784668,"Philippines"
2022-10-17,58.9570007324219,59.0099983215332,58.6100006103516,58.9570007324219,0,58.9570007324219,"Philippines"
2022-10-18,58.9199981689453,59.0559997558594,58.7249984741211,58.9199981689453,0,58.9199981689453,"Philippines"
2022-10-19,59.2150001525879,59.1749992370605,58.6580009460449,59.2150001525879,0,59.2150001525879,"Philippines"
2022-10-20,59.0200004577637,59.0449981689453,57.8289985656738,59.0200004577637,0,59.0200004577637,"Philippines"
2022-10-23,58.8650016784668,58.9930000305176,58.6699981689453,58.8650016784668,0,58.8650016784668,"Philippines"
2022-10-24,58.9650001525879,58.9500007629395,58.4210014343262,58.9650001525879,0,58.9650001525879,"Philippines"
2022-10-25,58.689998626709,58.6980018615723,58.1259994506836,58.689998626709,0,58.689998626709,"Philippines"
2022-10-26,58.1800003051758,58.4490013122559,58.0400009155273,58.1800003051758,0,58.1800003051758,"Philippines"
2022-10-27,58.2949981689453,58.2960014343262,57.5250015258789,58.2949981689453,0,58.2949981689453,"Philippines"
2022-10-31,57.9650001525879,58.3320007324219,57.9770011901855,57.9650001525879,0,57.9650001525879,"Philippines"
2022-11-01,58.0699996948242,58.1870002746582,57.9099998474121,58.0699996948242,0,58.0699996948242,"Philippines"
2022-11-02,58.2099990844727,58.5149993896484,58.0400009155273,58.2099990844727,0,58.2099990844727,"Philippines"
2022-11-03,58.6150016784668,58.9860000610352,58.2599983215332,58.6150016784668,0,58.6150016784668,"Philippines"
2022-11-04,58.9449996948242,58.9300003051758,58.2350006103516,58.9449996948242,0,58.9449996948242,"Philippines"
2022-11-07,58.2299995422363,58.6030006408691,58.3199996948242,58.2299995422363,0,58.2299995422363,"Philippines"
2022-11-08,57.9850006103516,58.435001373291,57.9199981689453,57.9850006103516,0,57.9850006103516,"Philippines"
2022-11-09,58.1549987792969,58.2700004577637,57.7299995422363,58.1549987792969,0,58.1549987792969,"Philippines"
2022-11-10,58.1199989318848,58.2290000915527,57.148998260498,58.1199989318848,0,58.1199989318848,"Philippines"
2022-11-11,57.1699981689453,57.564998626709,57.0699996948242,57.1699981689453,0,57.1699981689453,"Philippines"
2022-11-14,57.1100006103516,57.4259986877441,57.0750007629395,57.1100006103516,0,57.1100006103516,"Philippines"
2022-11-15,57.0250015258789,57.4770011901855,56.9550018310547,57.0250015258789,0,57.0250015258789,"Philippines"
2022-11-16,57.25,57.5839996337891,57.1800003051758,57.25,0,57.25,"Philippines"
2022-11-17,57.4129981994629,57.5449981689453,57.2480010986328,57.4129981994629,0,57.4129981994629,"Philippines"
2022-11-18,57.4529991149902,57.4770011901855,57.0999984741211,57.4529991149902,0,57.4529991149902,"Philippines"
2022-11-21,57.1969985961914,57.4309997558594,57.0880012512207,57.1969985961914,0,57.1969985961914,"Philippines"
2022-11-22,57.439998626709,57.443000793457,57.189998626709,57.439998626709,0,57.439998626709,"Philippines"
2022-11-23,57.2849998474121,57.3400001525879,56.681999206543,57.2849998474121,0,57.2849998474121,"Philippines"
2022-11-24,56.7750015258789,56.8899993896484,56.5260009765625,56.7750015258789,0,56.7750015258789,"Philippines"
2022-11-25,56.6399993896484,56.8320007324219,56.5929985046387,56.6399993896484,0,56.6399993896484,"Philippines"
2022-11-28,56.689998626709,56.8950004577637,56.3349990844727,56.689998626709,0,56.689998626709,"Philippines"
2022-11-29,56.625,56.6609992980957,56.4249992370605,56.625,0,56.625,"Philippines"
2022-11-30,56.4830017089844,56.6389999389648,56.423999786377,56.4830017089844,0,56.4830017089844,"Philippines"
2022-12-01,56.3699989318848,56.4650001525879,55.9420013427734,56.3699989318848,0,56.3699989318848,"Philippines"
2022-12-02,56.0349998474121,56.1699981689453,55.5149993896484,56.0349998474121,0,56.0349998474121,"Philippines"
2022-12-05,55.7249984741211,56.0330009460449,55.6800003051758,55.7249984741211,0,55.7249984741211,"Philippines"
2022-12-06,55.9799995422363,56.1230010986328,55.7519989013672,55.9799995422363,0,55.9799995422363,"Philippines"
2022-12-07,55.8499984741211,55.8880004882812,55.2760009765625,55.8499984741211,0,55.8499984741211,"Philippines"
2022-12-08,55.3120002746582,55.4860000610352,55.2099990844727,55.3120002746582,0,55.3120002746582,"Philippines"
2022-12-09,55.3050003051758,55.5789985656738,55.1349983215332,55.3050003051758,0,55.3050003051758,"Philippines"
2022-12-12,55.2750015258789,55.726001739502,55.3650016784668,55.2750015258789,0,55.2750015258789,"Philippines"
2022-12-13,55.6399993896484,55.9070014953613,55.3730010986328,55.6399993896484,0,55.6399993896484,"Philippines"
2022-12-14,55.4300003051758,55.9099998474121,55.2540016174316,55.4300003051758,0,55.4300003051758,"Philippines"
2022-12-15,55.564998626709,55.9280014038086,55.5139999389648,55.564998626709,0,55.564998626709,"Philippines"
2022-12-16,55.9099998474121,55.9179992675781,55.3320007324219,55.9099998474121,0,55.9099998474121,"Philippines"
2022-12-19,55.4300003051758,55.5499992370605,55.1800003051758,55.4300003051758,0,55.4300003051758,"Philippines"
2022-12-20,55.3650016784668,55.4570007324219,54.8409996032715,55.3650016784668,0,55.3650016784668,"Philippines"
2022-12-21,54.8800010681152,55.4000015258789,54.8650016784668,54.8800010681152,0,54.8800010681152,"Philippines"
2022-12-22,54.7760009765625,55.3289985656738,54.7760009765625,54.7760009765625,0,54.7760009765625,"Philippines"
2022-12-23,55.3400001525879,55.3269996643066,55.1230010986328,55.3400001525879,0,55.3400001525879,"Philippines"
2022-12-26,55.2150001525879,55.2200012207031,54.3320007324219,55.2150001525879,0,55.2150001525879,"Philippines"
2022-12-27,55.1650009155273,55.9109992980957,55.1510009765625,55.1650009155273,0,55.1650009155273,"Philippines"
2022-12-28,55.7200012207031,56.257999420166,55.7299995422363,55.7200012207031,0,55.7200012207031,"Philippines"
2022-12-29,56.1430015563965,56.1459999084473,55.6030006408691,56.1430015563965,0,56.1430015563965,"Philippines"
2022-12-30,55.6500015258789,55.7369995117188,55.2109985351562,55.6500015258789,0,55.6500015258789,"Philippines"
2023-01-02,55.6699981689453,55.8559989929199,55.5800018310547,55.6699981689453,0,55.6699981689453,"Philippines"
2023-01-03,55.75,55.9739990234375,55.5499992370605,55.75,0,55.75,"Philippines"
2023-01-04,55.8849983215332,56.132999420166,55.7330017089844,55.8849983215332,0,55.8849983215332,"Philippines"
2023-01-05,56.0400009155273,56.0480003356934,55.1650009155273,56.0400009155273,0,56.0400009155273,"Philippines"
2023-01-06,55.9119987487793,55.9300003051758,55.1230010986328,55.9119987487793,0,55.9119987487793,"Philippines"
2023-01-09,55.5120010375977,55.5120010375977,54.6430015563965,55.5120010375977,0,55.5120010375977,"Philippines"
2023-01-10,54.7000007629395,55.1100006103516,54.617000579834,54.7000007629395,0,54.7000007629395,"Philippines"
2023-01-11,54.7299995422363,55.0530014038086,54.6520004272461,54.7299995422363,0,54.7299995422363,"Philippines"
2023-01-12,55.0200004577637,55.3810005187988,54.8429985046387,55.0200004577637,0,55.0200004577637,"Philippines"
2023-01-13,55.0200004577637,55.1349983215332,54.673999786377,55.0200004577637,0,55.0200004577637,"Philippines"
2023-01-16,54.8250007629395,54.9160003662109,53.3839988708496,54.8250007629395,0,54.8250007629395,"Philippines"
2023-01-17,54.5750007629395,54.9659996032715,54.4749984741211,54.5750007629395,0,54.5750007629395,"Philippines"
2023-01-18,54.6500015258789,55,54.2220001220703,54.6500015258789,0,54.6500015258789,"Philippines"
2023-01-19,54.6500015258789,54.7970008850098,54.4650001525879,54.6500015258789,0,54.6500015258789,"Philippines"
2023-01-20,54.7159996032715,54.7840003967285,54.2919998168945,54.7159996032715,0,54.7159996032715,"Philippines"
2023-01-23,54.4500007629395,54.5810012817383,54.0890007019043,54.4500007629395,0,54.4500007629395,"Philippines"
2023-01-24,54.2849998474121,54.8800010681152,54.2849998474121,54.2849998474121,0,54.2849998474121,"Philippines"
2023-01-25,54.6599998474121,54.7249984741211,54.4700012207031,54.6599998474121,0,54.6599998474121,"Philippines"
2023-01-26,54.5550003051758,54.6430015563965,54.1990013122559,54.5550003051758,0,54.5550003051758,"Philippines"
2023-01-27,54.3499984741211,54.6259994506836,54.1749992370605,54.3499984741211,0,54.3499984741211,"Philippines"
2023-01-30,54.3899993896484,54.7330017089844,54.3650016784668,54.3899993896484,0,54.3899993896484,"Philippines"
2023-01-31,54.6300010681152,54.8330001831055,54.3950004577637,54.6300010681152,0,54.6300010681152,"Philippines"
2023-02-01,54.6349983215332,54.6619987487793,53.9630012512207,54.6349983215332,0,54.6349983215332,"Philippines"
2023-02-02,54.0950012207031,54.439998626709,53.5960006713867,54.0950012207031,0,54.0950012207031,"Philippines"
2023-02-03,53.75,54.0270004272461,53.560001373291,53.75,0,53.75,"Philippines"
2023-02-06,53.564998626709,54.8409996032715,53.6450004577637,53.564998626709,0,53.564998626709,"Philippines"
2023-02-07,54.7900009155273,55.2200012207031,54.5579986572266,54.7900009155273,0,54.7900009155273,"Philippines"
2023-02-08,55.060001373291,55.0470008850098,54.7109985351562,55.060001373291,0,55.060001373291,"Philippines"
2023-02-09,54.7599983215332,54.9410018920898,53.6949996948242,54.7599983215332,0,54.7599983215332,"Philippines"
2023-02-10,54.625,54.6469993591309,54.3400001525879,54.625,0,54.625,"Philippines"
2023-02-13,54.375,54.8619995117188,54.4650001525879,54.375,0,54.375,"Philippines"
2023-02-14,54.6599998474121,54.9700012207031,53.8409996032715,54.6599998474121,0,54.6599998474121,"Philippines"
2023-02-15,54.9269981384277,55.5060005187988,54.7649993896484,54.9269981384277,0,54.9269981384277,"Philippines"
2023-02-16,55.3870010375977,55.3870010375977,54.8969993591309,55.3870010375977,0,55.3870010375977,"Philippines"
2023-02-17,55.2000007629395,55.4480018615723,55.0099983215332,55.2000007629395,0,55.2000007629395,"Philippines"
2023-02-20,55.4249992370605,55.314998626709,54.8639984130859,55.4249992370605,0,55.4249992370605,"Philippines"
2023-02-21,54.935001373291,55.1020011901855,54.8499984741211,54.935001373291,0,54.935001373291,"Philippines"
2023-02-22,55.1279983520508,55.2540016174316,54.9599990844727,55.1279983520508,0,55.1279983520508,"Philippines"
2023-02-23,55.125,55.1059989929199,54.8680000305176,55.125,0,55.125,"Philippines"
2023-02-24,54.9630012512207,55.2939987182617,54.9269981384277,54.9630012512207,0,54.9630012512207,"Philippines"
2023-02-27,54.8199996948242,55.6860008239746,55,54.8199996948242,0,54.8199996948242,"Philippines"
2023-02-28,55.3300018310547,55.3520011901855,55.0400009155273,55.3300018310547,0,55.3300018310547,"Philippines"
2023-03-01,55.4449996948242,55.5099983215332,54.0779991149902,55.4449996948242,0,55.4449996948242,"Philippines"
2023-03-02,54.8499984741211,55.1749992370605,54.7630004882812,54.8499984741211,0,54.8499984741211,"Philippines"
2023-03-03,54.9700012207031,54.9930000305176,54.6599998474121,54.9700012207031,0,54.9700012207031,"Philippines"
2023-03-06,55.5099983215332,55.5099983215332,54.7350006103516,55.5099983215332,0,55.5099983215332,"Philippines"
2023-03-07,55.0550003051758,55.5099983215332,54.8800010681152,55.0550003051758,0,55.0550003051758,"Philippines"
2023-03-08,55.25,55.5260009765625,55.0499992370605,55.25,0,55.25,"Philippines"
2023-03-09,55.3899993896484,55.3769989013672,54.9749984741211,55.3899993896484,0,55.3899993896484,"Philippines"
2023-03-10,55.2000007629395,55.3230018615723,54.7630004882812,55.2000007629395,0,55.2000007629395,"Philippines"
2023-03-13,55.0800018310547,55.1699981689453,54.693000793457,55.0800018310547,0,55.0800018310547,"Philippines"
2023-03-14,55.1699981689453,55.1780014038086,54.7820014953613,55.1699981689453,0,55.1699981689453,"Philippines"
2023-03-15,54.859001159668,55.193000793457,54.7050018310547,54.859001159668,0,54.859001159668,"Philippines"
2023-03-16,55.0099983215332,55.060001373291,54.693000793457,55.0099983215332,0,55.0099983215332,"Philippines"
2023-03-17,54.5900001525879,54.9099998474121,54.4729995727539,54.5900001525879,0,54.5900001525879,"Philippines"
2023-03-20,54.625,54.9099998474121,54.2150001525879,54.625,0,54.625,"Philippines"
2023-03-21,54.2000007629395,54.4379997253418,54.1370010375977,54.2000007629395,0,54.2000007629395,"Philippines"
2023-03-22,54.2150001525879,54.6940002441406,54.1300010681152,54.2150001525879,0,54.2150001525879,"Philippines"
2023-03-23,54.3499984741211,54.5540008544922,54.1679992675781,54.3499984741211,0,54.3499984741211,"Philippines"
2023-03-24,54.2750015258789,54.4830017089844,54.1199989318848,54.2750015258789,0,54.2750015258789,"Philippines"
2023-03-26,54.2779998779297,54.5209999084473,54.0439987182617,54.2779998779297,0,54.2779998779297,"Philippines"
2023-03-27,54.0750007629395,54.4500007629395,54.0830001831055,54.0750007629395,0,54.0750007629395,"Philippines"
2023-03-28,54.2789993286133,54.5200004577637,54.2360000610352,54.2789993286133,0,54.2789993286133,"Philippines"
2023-03-29,54.2599983215332,54.4819984436035,54.2470016479492,54.2599983215332,0,54.2599983215332,"Philippines"
2023-03-30,54.2980003356934,54.3709983825684,54.1889991760254,54.2980003356934,0,54.2980003356934,"Philippines"
2023-04-02,54.265998840332,54.8489990234375,54.265998840332,54.265998840332,0,54.265998840332,"Philippines"
2023-04-03,54.5099983215332,54.6940002441406,54.234001159668,54.5099983215332,0,54.5099983215332,"Philippines"
2023-04-04,54.2400016784668,54.5349998474121,54.2630004882812,54.2400016784668,0,54.2400016784668,"Philippines"
2023-04-05,54.4860000610352,54.6549987792969,54.3400001525879,54.4860000610352,0,54.4860000610352,"Philippines"
2023-04-06,54.4640007019043,54.5839996337891,54.3600006103516,54.4640007019043,0,54.4640007019043,"Philippines"
2023-04-09,54.5839996337891,54.7630004882812,54.4640007019043,54.5839996337891,0,54.5839996337891,"Philippines"
2023-04-10,54.6949996948242,55.0660018920898,54.564998626709,54.6949996948242,0,54.6949996948242,"Philippines"
2023-04-11,55,55.3409996032715,54.875,55,0,55,"Philippines"
2023-04-12,55.1599998474121,55.4280014038086,55.0449981689453,55.1599998474121,0,55.1599998474121,"Philippines"
2023-04-13,55.2130012512207,55.3790016174316,55.0200004577637,55.2130012512207,0,55.2130012512207,"Philippines"
2023-04-16,55.3390007019043,56.0509986877441,55.2490005493164,55.3390007019043,0,55.3390007019043,"Philippines"
2023-04-17,56.0299987792969,56.2900009155273,55.8079986572266,56.0299987792969,0,56.0299987792969,"Philippines"
2023-04-18,56.2400016784668,56.507999420166,55.8699989318848,56.2400016784668,0,56.2400016784668,"Philippines"
2023-04-19,56.2949981689453,56.4099998474121,55.7540016174316,56.2949981689453,0,56.2949981689453,"Philippines"
2023-04-20,55.9300003051758,56.0200004577637,55.7290000915527,55.9300003051758,0,55.9300003051758,"Philippines"
2023-04-23,55.8849983215332,56.0130004882812,55.6559982299805,55.8849983215332,0,55.8849983215332,"Philippines"
2023-04-24,55.6300010681152,55.6650009155273,55.375,55.6300010681152,0,55.6300010681152,"Philippines"
2023-04-25,55.4300003051758,55.6959991455078,55.3499984741211,55.4300003051758,0,55.4300003051758,"Philippines"
2023-04-26,55.5550003051758,55.8019981384277,55.4570007324219,55.5550003051758,0,55.5550003051758,"Philippines"
2023-04-27,55.625,55.7099990844727,55.2760009765625,55.625,0,55.625,"Philippines"
2023-04-30,55.4700012207031,55.5349998474121,55.2449989318848,55.4700012207031,0,55.4700012207031,"Philippines"
2023-05-01,55.5279998779297,55.5309982299805,55.1749992370605,55.5279998779297,0,55.5279998779297,"Philippines"
2023-05-02,55.4199981689453,55.4280014038086,55.1749992370605,55.4199981689453,0,55.4199981689453,"Philippines"
2023-05-03,55.3250007629395,55.4560012817383,53.9259986877441,55.3250007629395,0,55.3250007629395,"Philippines"
2023-05-04,55.3400001525879,55.4179992675781,54.9140014648438,55.3400001525879,0,55.3400001525879,"Philippines"
2023-05-07,55.2949981689453,55.4129981994629,55.1650009155273,55.2949981689453,0,55.2949981689453,"Philippines"
2023-05-08,55.435001373291,55.8339996337891,55.2400016784668,55.435001373291,0,55.435001373291,"Philippines"
2023-05-09,55.7649993896484,55.8660011291504,55.5250015258789,55.7649993896484,0,55.7649993896484,"Philippines"
2023-05-10,55.625,55.8349990844727,55.5099983215332,55.625,0,55.625,"Philippines"
2023-05-11,55.8499984741211,56.0019989013672,55.625,55.8499984741211,0,55.8499984741211,"Philippines"
2023-05-14,55.8540000915527,56.1609992980957,55.8300018310547,55.8540000915527,0,55.8540000915527,"Philippines"
2023-05-15,56.068000793457,56.2840003967285,55.943000793457,56.068000793457,0,56.068000793457,"Philippines"
2023-05-16,56.1829986572266,56.2449989318848,55.9850006103516,56.1829986572266,0,56.1829986572266,"Philippines"
2023-05-17,56.0180015563965,56.0470008850098,55.6640014648438,56.0180015563965,0,56.0180015563965,"Philippines"
2023-05-18,55.810001373291,55.8269996643066,55.5540008544922,55.810001373291,0,55.810001373291,"Philippines"
2023-05-21,55.6389999389648,55.8709983825684,55.6100006103516,55.6389999389648,0,55.6389999389648,"Philippines"
2023-05-22,55.5559997558594,55.8009986877441,55.4949989318848,55.5559997558594,0,55.5559997558594,"Philippines"
2023-05-23,55.818000793457,55.826000213623,55.6199989318848,55.818000793457,0,55.818000793457,"Philippines"
2023-05-24,55.7000007629395,56.1240005493164,55.685001373291,55.7000007629395,0,55.7000007629395,"Philippines"
2023-05-25,56.0800018310547,56.1220016479492,55.5750007629395,56.0800018310547,0,56.0800018310547,"Philippines"
2023-05-28,55.9150009155273,56.1300010681152,55.7999992370605,55.9150009155273,0,55.9150009155273,"Philippines"
2023-05-29,56.1259994506836,56.5069999694824,55.9850006103516,56.1259994506836,0,56.1259994506836,"Philippines"
2023-05-30,56.3499984741211,56.3769989013672,56.0379981994629,56.3499984741211,0,56.3499984741211,"Philippines"
2023-05-31,56.3409996032715,56.3219985961914,56.0190010070801,56.3409996032715,0,56.3409996032715,"Philippines"
2023-06-01,56.0660018920898,56.0660018920898,55.7229995727539,56.0660018920898,0,56.0660018920898,"Philippines"
2023-06-04,56.0130004882812,56.2890014648438,56,56.0130004882812,0,56.0130004882812,"Philippines"
2023-06-05,56.0219993591309,56.2879981994629,56.007999420166,56.0219993591309,0,56.0219993591309,"Philippines"
2023-06-06,56.0970001220703,56.1889991760254,55.851001739502,56.0970001220703,0,56.0970001220703,"Philippines"
2023-06-07,56.1349983215332,56.2099990844727,55.9230003356934,56.1349983215332,0,56.1349983215332,"Philippines"
2023-06-08,56.060001373291,56.1059989929199,55.851001739502,56.060001373291,0,56.060001373291,"Philippines"
2023-06-11,56.0699996948242,56.1310005187988,55.8969993591309,56.0699996948242,0,56.0699996948242,"Philippines"
2023-06-12,56.0660018920898,56.117000579834,55.6619987487793,56.0660018920898,0,56.0660018920898,"Philippines"
2023-06-13,55.8969993591309,56.0060005187988,55.7970008850098,55.8969993591309,0,55.8969993591309,"Philippines"
2023-06-14,55.9309997558594,56.1389999389648,55.701000213623,55.9309997558594,0,55.9309997558594,"Philippines"
2023-06-15,55.7760009765625,55.9070014953613,55.6689987182617,55.7760009765625,0,55.7760009765625,"Philippines"
2023-06-18,55.7050018310547,55.9469985961914,55.5289993286133,55.7050018310547,0,55.7050018310547,"Philippines"
2023-06-19,55.7229995727539,55.806999206543,55.451000213623,55.7229995727539,0,55.7229995727539,"Philippines"
2023-06-20,55.5519981384277,55.689998626709,55.5,55.5519981384277,0,55.5519981384277,"Philippines"
2023-06-21,55.5849990844727,55.6609992980957,55.4500007629395,55.5849990844727,0,55.5849990844727,"Philippines"
2023-06-22,55.5480003356934,55.7799987792969,55.4599990844727,55.5480003356934,0,55.5480003356934,"Philippines"
2023-06-25,55.7550010681152,55.7980003356934,55.5550003051758,55.7550010681152,0,55.7550010681152,"Philippines"
2023-06-26,55.6839981079102,55.7239990234375,50.1290016174316,55.6839981079102,0,55.6839981079102,"Philippines"
2023-06-27,55.1459999084473,55.4230003356934,52.4669990539551,55.1459999084473,0,55.1459999084473,"Philippines"
2023-06-28,55.2750015258789,55.5060005187988,53.4360008239746,55.2750015258789,0,55.2750015258789,"Philippines"
2023-06-29,55.439998626709,55.4630012512207,55.1619987487793,55.439998626709,0,55.439998626709,"Philippines"
2023-07-02,55.2639999389648,55.3440017700195,54.9659996032715,55.2639999389648,0,55.2639999389648,"Philippines"
2023-07-03,55.257999420166,55.298999786377,55.1209983825684,55.257999420166,0,55.257999420166,"Philippines"
2023-07-04,55.2700004577637,55.5349998474121,54.9650001525879,55.2700004577637,0,55.2700004577637,"Philippines"
2023-07-05,55.4599990844727,55.6699981689453,55.4099998474121,55.4599990844727,0,55.4599990844727,"Philippines"
2023-07-06,55.6549987792969,55.6689987182617,55.3709983825684,55.6549987792969,0,55.6549987792969,"Philippines"
2023-07-09,55.5219993591309,55.734001159668,55.431999206543,55.5219993591309,0,55.5219993591309,"Philippines"
2023-07-10,55.5800018310547,55.6500015258789,55.1650009155273,55.548999786377,0,55.548999786377,"Philippines"
2023-07-11,55.2649993896484,55.242000579834,53.7879981994629,55.2649993896484,0,55.2649993896484,"Philippines"
2023-07-12,54.5149993896484,54.75,54.2939987182617,54.5149993896484,0,54.5149993896484,"Philippines"
2023-07-13,54.3400001525879,54.5149993896484,54.257999420166,54.3400001525879,0,54.3400001525879,"Philippines"
2023-07-16,54.3400001525879,54.5019989013672,54.2569999694824,54.3400001525879,0,54.3400001525879,"Philippines"
2023-07-17,54.375,54.4449996948242,52.2770004272461,54.375,0,54.375,"Philippines"
2023-07-18,54.3520011901855,54.6790008544922,54.1319999694824,54.3520011901855,0,54.3520011901855,"Philippines"
2023-07-19,54.6160011291504,54.7019996643066,54.3050003051758,54.6160011291504,0,54.6160011291504,"Philippines"
2023-07-20,54.6510009765625,54.8489990234375,54.4249992370605,54.6510009765625,0,54.6510009765625,"Philippines"
2023-07-23,54.7200012207031,54.7589988708496,54.4150009155273,54.7200012207031,0,54.7200012207031,"Philippines"
2023-07-24,54.4850006103516,54.6150016784668,54.3899993896484,54.4850006103516,0,54.4850006103516,"Philippines"
2023-07-25,54.5250015258789,54.6889991760254,54.4249992370605,54.5250015258789,0,54.5250015258789,"Philippines"
2023-07-26,54.4650001525879,54.7050018310547,54.4000015258789,54.4650001525879,0,54.4650001525879,"Philippines"
2023-07-27,54.7809982299805,55.0060005187988,54.0750007629395,54.7809982299805,0,54.7809982299805,"Philippines"
2023-07-30,54.9039993286133,54.9570007324219,54.6399993896484,54.9039993286133,0,54.9039993286133,"Philippines"
2023-07-31,54.7190017700195,54.9370002746582,54.5950012207031,54.7190017700195,0,54.7190017700195,"Philippines"
2023-08-01,54.8790016174316,55.3470001220703,54.7599983215332,54.8790016174316,0,54.8790016174316,"Philippines"
2023-08-02,55.3310012817383,55.6669998168945,55.1100006103516,55.3310012817383,0,55.3310012817383,"Philippines"
2023-08-03,55.7299995422363,55.7999992370605,55.4949989318848,55.7299995422363,0,55.7299995422363,"Philippines"
2023-08-06,55.1199989318848,56.189998626709,55.1199989318848,55.1199989318848,0,55.1199989318848,"Philippines"
2023-08-07,56.1990013122559,56.5279998779297,56.0849990844727,56.1990013122559,0,56.1990013122559,"Philippines"
2023-08-08,56.2849998474121,56.431999206543,55.9980010986328,56.2849998474121,0,56.2849998474121,"Philippines"
2023-08-09,56.2939987182617,56.4220008850098,55.7830009460449,56.2939987182617,0,56.2939987182617,"Philippines"
2023-08-10,56.1570014953613,56.6650009155273,56.0200004577637,56.1570014953613,0,56.1570014953613,"Philippines"
2023-08-13,56.5719985961914,57.0810012817383,56.3889999389648,56.5719985961914,0,56.5719985961914,"Philippines"
2023-08-14,56.8569984436035,56.9329986572266,56.5499992370605,56.8569984436035,0,56.8569984436035,"Philippines"
2023-08-15,56.8489990234375,56.8899993896484,56.1669998168945,56.8489990234375,0,56.8489990234375,"Philippines"
2023-08-16,56.6259994506836,56.7779998779297,56.5050010681152,56.6259994506836,0,56.6259994506836,"Philippines"
2023-08-17,56.7050018310547,56.7109985351562,55.9910011291504,56.7050018310547,0,56.7050018310547,"Philippines"
2023-08-20,56.1419982910156,56.4150009155273,56.1419982910156,56.1419982910156,0,56.1419982910156,"Philippines"
2023-08-21,56.25,56.3600006103516,56.0149993896484,56.25,0,56.25,"Philippines"
2023-08-22,56.1349983215332,56.8549995422363,56.2050018310547,56.1349983215332,0,56.1349983215332,"Philippines"
2023-08-23,56.4150009155273,56.7750015258789,56.4900016784668,56.4150009155273,0,56.4150009155273,"Philippines"
2023-08-24,56.6199989318848,56.7099990844727,56.4300003051758,56.6199989318848,0,56.6199989318848,"Philippines"
2023-08-27,56.5960006713867,56.8240013122559,56.359001159668,56.5960006713867,0,56.5960006713867,"Philippines"
2023-08-28,56.7109985351562,56.9029998779297,56.2569999694824,56.7109985351562,0,56.7109985351562,"Philippines"
2023-08-29,56.673999786377,56.8089981079102,56.5,56.673999786377,0,56.673999786377,"Philippines"
2023-08-30,56.7589988708496,56.7599983215332,56.5050010681152,56.7589988708496,0,56.7589988708496,"Philippines"
2023-08-31,56.6150016784668,56.7270011901855,54.523998260498,56.6150016784668,0,56.6150016784668,"Philippines"
2023-09-03,56.5299987792969,56.7130012512207,56.3740005493164,56.5299987792969,0,56.5299987792969,"Philippines"
2023-09-04,56.5750007629395,57.0849990844727,56.2690010070801,56.5750007629395,0,56.5750007629395,"Philippines"
2023-09-05,56.9700012207031,57.0610008239746,56.8019981384277,56.9700012207031,0,56.9700012207031,"Philippines"
2023-09-06,56.9210014343262,57,56.685001373291,56.9210014343262,0,56.9210014343262,"Philippines"
2023-09-07,56.6790008544922,56.7799987792969,56.3450012207031,56.6790008544922,0,56.6790008544922,"Philippines"
2023-09-10,56.6599998474121,56.7589988708496,56.5309982299805,56.6599998474121,0,56.6599998474121,"Philippines"
2023-09-11,56.6860008239746,56.7669982910156,56.5050010681152,56.6860008239746,0,56.6860008239746,"Philippines"
2023-09-12,56.6189994812012,56.9280014038086,56.4669990539551,56.6189994812012,0,56.6189994812012,"Philippines"
2023-09-13,56.6220016479492,56.7700004577637,56.5870018005371,56.6220016479492,0,56.6220016479492,"Philippines"
2023-09-14,56.7309989929199,56.9010009765625,55.1969985961914,56.7309989929199,0,56.7309989929199,"Philippines"
2023-09-17,56.8600006103516,56.8600006103516,56.5800018310547,56.8600006103516,0,56.8600006103516,"Philippines"
2023-09-18,56.5979995727539,56.8339996337891,56.5050010681152,56.5979995727539,0,56.5979995727539,"Philippines"
2023-09-19,56.7360000610352,56.8089981079102,56.1300010681152,56.7360000610352,0,56.7360000610352,"Philippines"
2023-09-20,56.7480010986328,56.9700012207031,56.6459999084473,56.7480010986328,0,56.7480010986328,"Philippines"
2023-09-21,56.7669982910156,56.8540000915527,56.2220001220703,56.7669982910156,0,56.7669982910156,"Philippines"
2023-09-24,56.8120002746582,56.8959999084473,56.632999420166,56.8120002746582,0,56.8120002746582,"Philippines"
2023-09-25,56.8499984741211,57.1800003051758,56.7449989318848,56.8499984741211,0,56.8499984741211,"Philippines"
2023-09-26,57.2169990539551,57.2000007629395,56.7249984741211,57.2169990539551,0,57.2169990539551,"Philippines"
2023-09-27,56.9669990539551,57.0670013427734,56.5699996948242,56.9669990539551,0,56.9669990539551,"Philippines"
2023-09-28,56.6380004882812,56.7249984741211,55.9599990844727,56.6380004882812,0,56.6380004882812,"Philippines"
2023-10-01,56.6949996948242,56.8349990844727,56.5800018310547,56.6949996948242,0,56.6949996948242,"Philippines"
2023-10-02,56.7639999389648,56.943000793457,56.6549987792969,56.7639999389648,0,56.7639999389648,"Philippines"
2023-10-03,56.8300018310547,56.8059997558594,56.5299987792969,56.8300018310547,0,56.8300018310547,"Philippines"
2023-10-04,56.609001159668,56.7669982910156,56.4300003051758,56.609001159668,0,56.609001159668,"Philippines"
2023-10-05,56.6310005187988,56.7410011291504,56.2159996032715,56.6310005187988,0,56.6310005187988,"Philippines"
2023-10-08,56.6800003051758,57.0320014953613,56.367000579834,56.6800003051758,0,56.6800003051758,"Philippines"
2023-10-09,56.8800010681152,56.9150009155273,56.7150001525879,56.8800010681152,0,56.8800010681152,"Philippines"
2023-10-10,56.7789993286133,56.8300018310547,56.4620018005371,56.7789993286133,0,56.7789993286133,"Philippines"
2023-10-11,56.5270004272461,56.8079986572266,54.976001739502,56.5270004272461,0,56.5270004272461,"Philippines"
2023-10-12,56.7729988098145,56.8330001831055,55.9889984130859,56.7729988098145,0,56.7729988098145,"Philippines"
2023-10-15,56.7999992370605,56.8790016174316,56.4360008239746,56.7999992370605,0,56.7999992370605,"Philippines"
2023-10-16,56.6199989318848,56.7770004272461,55.9480018615723,56.6199989318848,0,56.6199989318848,"Philippines"
2023-10-17,56.6119995117188,56.8800010681152,56.2459983825684,56.6119995117188,0,56.6119995117188,"Philippines"
2023-10-18,56.826000213623,56.9259986877441,56.6300010681152,56.826000213623,0,56.826000213623,"Philippines"
2023-10-19,56.7200012207031,56.8400001525879,56.6300010681152,56.7550010681152,0,56.7550010681152,"Philippines"
2023-10-22,56.7550010681152,56.9679985046387,56.6339988708496,56.7550010681152,0,56.7550010681152,"Philippines"
2023-10-23,56.6559982299805,56.8300018310547,56.382999420166,56.6559982299805,0,56.6559982299805,"Philippines"
2023-10-24,56.6790008544922,56.9389991760254,56.6349983215332,56.6790008544922,0,56.6790008544922,"Philippines"
2023-10-25,56.7610015869141,57.1080017089844,56.7509994506836,56.7610015869141,0,56.7610015869141,"Philippines"
2023-10-26,56.8810005187988,57.0229988098145,56.6380004882812,56.8810005187988,0,56.8810005187988,"Philippines"
2023-10-30,56.8759994506836,56.9700012207031,56.5830001831055,56.8759994506836,0,56.8759994506836,"Philippines"
2023-10-31,56.7070007324219,56.9500007629395,56.4640007019043,56.7070007324219,0,56.7070007324219,"Philippines"
2023-11-01,56.7820014953613,56.8660011291504,56.1100006103516,56.7820014953613,0,56.7820014953613,"Philippines"
2023-11-02,56.6549987792969,56.7999992370605,56.3110008239746,56.6549987792969,0,56.6549987792969,"Philippines"
2023-11-03,56.4949989318848,56.7999992370605,55.1710014343262,56.4949989318848,0,56.4949989318848,"Philippines"
2023-11-06,55.6910018920898,56.023998260498,55.6940002441406,55.6910018920898,0,55.6910018920898,"Philippines"
2023-11-07,55.7319984436035,56.2519989013672,55.7299995422363,55.7319984436035,0,55.7319984436035,"Philippines"
2023-11-08,56.0252990722656,56.0629997253418,55.882999420166,55.9300003051758,0,55.9300003051758,"Philippines"
2023-11-09,55.75,55.9550018310547,55.6220016479492,55.75,0,55.75,"Philippines"
2023-11-10,55.9440002441406,56.015998840332,55.7200012207031,55.9440002441406,0,55.9440002441406,"Philippines"
2023-11-13,55.8969993591309,56.1370010375977,55.2620010375977,55.8969993591309,0,55.8969993591309,"Philippines"
2023-11-14,55.7999992370605,56.1459999084473,55.2019996643066,55.7999992370605,0,55.7999992370605,"Philippines"
2023-11-15,55.4980010986328,55.8619995117188,55.3940010070801,55.4980010986328,0,55.4980010986328,"Philippines"
2023-11-16,55.7299995422363,55.9449996948242,55.5359992980957,55.7299995422363,0,55.7299995422363,"Philippines"
2023-11-17,55.6199989318848,55.7000007629395,55.242000579834,55.6199989318848,0,55.6199989318848,"Philippines"
2023-11-20,55.3860015869141,55.560001373291,48.0099983215332,55.3860015869141,0,55.3860015869141,"Philippines"
2023-11-21,55.1199989318848,55.3849983215332,49.9220008850098,55.1199989318848,0,55.1199989318848,"Philippines"
2023-11-22,55.2849998474121,55.625,49.5730018615723,55.2849998474121,0,55.2849998474121,"Philippines"
2023-11-23,55.3209991455078,55.6199989318848,55.2540016174316,55.3209991455078,0,55.3209991455078,"Philippines"
2023-11-24,55.2120018005371,55.4809989929199,53.8559989929199,55.2120018005371,0,55.2120018005371,"Philippines"
2023-11-27,55.4911003112793,55.5509986877441,55.3699989318848,55.4911003112793,0,55.4911003112793,"Philippines"
2023-11-28,55.3400001525879,55.5200004577637,55.310001373291,55.3400001525879,0,55.3400001525879,"Philippines"
2023-11-29,54.8300018310547,55.4199981689453,54.8300018310547,54.8300018310547,0,54.8300018310547,"Philippines"
2023-11-30,55.2000007629395,55.5670013427734,55.0359992980957,55.2000007629395,0,55.2000007629395,"Philippines"
2023-12-01,55.5019989013672,55.5579986572266,55.1430015563965,55.5019989013672,0,55.5019989013672,"Philippines"
2023-12-04,55.2360000610352,55.4599990844727,54.6160011291504,55.2360000610352,0,55.2360000610352,"Philippines"
2023-12-05,55.3250007629395,55.4599990844727,52.6469993591309,55.3250007629395,0,55.3250007629395,"Philippines"
2023-12-06,55.1209983825684,55.4599990844727,55.1160011291504,55.1209983825684,0,55.1209983825684,"Philippines"
2023-12-07,55.2540016174316,55.4070014953613,55.2099990844727,55.2540016174316,0,55.2540016174316,"Philippines"
2023-12-08,55.3730010986328,55.5880012512207,53.1759986877441,55.3730010986328,0,55.3730010986328,"Philippines"
2023-12-11,55.3629989624023,55.6940002441406,55.314998626709,55.3629989624023,0,55.3629989624023,"Philippines"
2023-12-12,55.5460014343262,55.640998840332,54.5730018615723,55.5460014343262,0,55.5460014343262,"Philippines"
2023-12-13,55.5270004272461,56.1399993896484,54.4010009765625,55.5270004272461,0,55.5270004272461,"Philippines"
2023-12-14,55.4799995422363,56.0699996948242,55.1860008239746,55.4799995422363,0,55.4799995422363,"Philippines"
2023-12-15,55.6559982299805,55.859001159668,55.4700012207031,55.6559982299805,0,55.6559982299805,"Philippines"
2023-12-18,55.7360000610352,55.8629989624023,55.5849990844727,55.7360000610352,0,55.7360000610352,"Philippines"
2023-12-19,55.6539993286133,56.0279998779297,55.234001159668,55.6539993286133,0,55.6539993286133,"Philippines"
2023-12-20,55.5909996032715,55.9500007629395,55.5699996948242,55.5909996032715,0,55.5909996032715,"Philippines"
2023-12-21,55.6199989318848,55.8019981384277,55.2150001525879,55.6199989318848,0,55.6199989318848,"Philippines"
2023-12-22,55.2599983215332,55.5279998779297,54.5369987487793,55.2599983215332,0,55.2599983215332,"Philippines"
2023-12-25,55.2350006103516,55.3899993896484,55.2350006103516,55.2350006103516,0,55.2350006103516,"Philippines"
2023-12-26,55.3899993896484,55.4739990234375,54.7719993591309,55.3899993896484,0,55.3899993896484,"Philippines"
2023-12-27,55.314998626709,55.9570007324219,55.3009986877441,55.314998626709,0,55.314998626709,"Philippines"
2023-12-28,55.548999786377,55.7150001525879,54.976001739502,55.548999786377,0,55.548999786377,"Philippines"
2023-12-29,55.314998626709,55.4889984130859,55.0460014343262,55.314998626709,0,55.314998626709,"Philippines"
2024-01-01,55.25,55.3880004882812,55.3880004882812,55.25,0,55.25,"Philippines"
2024-01-02,55.3880004882812,55.6790008544922,55.3699989318848,55.3880004882812,0,55.3880004882812,"Philippines"
2024-01-03,55.5629997253418,55.8450012207031,55.4790000915527,55.5629997253418,0,55.5629997253418,"Philippines"
2024-01-04,55.6730003356934,55.75,55.2809982299805,55.6730003356934,0,55.6730003356934,"Philippines"
2024-01-05,55.5229988098145,55.7639999389648,55.2949981689453,55.5229988098145,0,55.5229988098145,"Philippines"
2024-01-08,55.4939994812012,55.8050003051758,55.4519996643066,55.4939994812012,0,55.4939994812012,"Philippines"
2024-01-09,55.6479988098145,56.1510009765625,55.5830001831055,55.6479988098145,0,55.6479988098145,"Philippines"
2024-01-10,56.0870018005371,56.3880004882812,49.757999420166,56.0870018005371,0,56.0870018005371,"Philippines"
2024-01-11,56.0309982299805,56.2700004577637,55.75,56.0309982299805,0,56.0309982299805,"Philippines"
2024-01-12,55.9449996948242,56.0559997558594,54.2840003967285,55.9449996948242,0,55.9449996948242,"Philippines"
2024-01-15,55.7820014953613,55.9150009155273,55.6300010681152,55.7820014953613,0,55.7820014953613,"Philippines"
2024-01-16,55.7290000915527,56.0279998779297,55.4070014953613,55.7290000915527,0,55.7290000915527,"Philippines"
2024-01-17,55.9020004272461,56.0830001831055,55.7220001220703,55.9020004272461,0,55.9020004272461,"Philippines"
2024-01-18,55.9070014953613,55.9119987487793,55.1609992980957,55.9070014953613,0,55.9070014953613,"Philippines"
2024-01-19,55.7029991149902,56.0320014953613,55.2369995117188,55.7029991149902,0,55.7029991149902,"Philippines"
2024-01-22,55.8639984130859,56.4669990539551,54.9500007629395,55.8639984130859,0,55.8639984130859,"Philippines"
2024-01-23,56.3320007324219,56.4259986877441,55.9500007629395,56.3320007324219,0,56.3320007324219,"Philippines"
2024-01-24,56.2910003662109,56.3860015869141,55.9449996948242,56.2910003662109,0,56.2910003662109,"Philippines"
2024-01-25,56.181999206543,56.5999984741211,55.673999786377,56.181999206543,0,56.181999206543,"Philippines"
2024-01-26,56.5050010681152,56.5009994506836,55.5270004272461,56.5050010681152,0,56.5050010681152,"Philippines"
2024-01-29,56.2220001220703,56.5279998779297,54.226001739502,56.2220001220703,0,56.2220001220703,"Philippines"
2024-01-30,56.3250007629395,56.4739990234375,56.1949996948242,56.3250007629395,0,56.3250007629395,"Philippines"
2024-01-31,56.2999992370605,56.4910011291504,56.1059989929199,56.2999992370605,0,56.2999992370605,"Philippines"
2024-02-01,56.0960006713867,56.3250007629395,55.625,56.0960006713867,0,56.0960006713867,"Philippines"
2024-02-02,55.9290008544922,56.0820007324219,55.4900016784668,55.9290008544922,0,55.9290008544922,"Philippines"
2024-02-05,56.1640014648438,56.3979988098145,55.9199981689453,56.1640014648438,0,56.1640014648438,"Philippines"
2024-02-06,56.2970008850098,56.3639984130859,55.9199981689453,56.2970008850098,0,56.2970008850098,"Philippines"
2024-02-07,56.1240005493164,56.1220016479492,55.8489990234375,56.1240005493164,0,56.1240005493164,"Philippines"
2024-02-08,55.9500007629395,55.9729995727539,54.5589981079102,55.9500007629395,0,55.9500007629395,"Philippines"
2024-02-09,55.9659996032715,56.0699996948242,55.6059989929199,55.9659996032715,0,55.9659996032715,"Philippines"
2024-02-12,55.8699989318848,56.1539993286133,55.8549995422363,55.8699989318848,0,55.8699989318848,"Philippines"
2024-02-13,55.8919982910156,56.2060012817383,55.7599983215332,55.8919982910156,0,55.8919982910156,"Philippines"
2024-02-14,56.0250015258789,56.3030014038086,55.8559989929199,56.0250015258789,0,56.0250015258789,"Philippines"
2024-02-15,56.0340003967285,56.1650009155273,55.5040016174316,56.0340003967285,0,56.0340003967285,"Philippines"
2024-02-16,55.8190002441406,56,55.7900009155273,55.8190002441406,0,55.8190002441406,"Philippines"
2024-02-19,55.9599990844727,56.0870018005371,55.8199996948242,55.9599990844727,0,55.9599990844727,"Philippines"
2024-02-20,55.9980010986328,56.1240005493164,55.8899993896484,55.9980010986328,0,55.9980010986328,"Philippines"
2024-02-21,55.8489990234375,56.0550003051758,55.6949996948242,55.8489990234375,0,55.8489990234375,"Philippines"
2024-02-22,55.8199996948242,55.9739990234375,55.5180015563965,55.8199996948242,0,55.8199996948242,"Philippines"
2024-02-23,55.7630004882812,56.0009994506836,54.3919982910156,55.7630004882812,0,55.7630004882812,"Philippines"
2024-02-26,55.867000579834,56.1980018615723,55.609001159668,55.867000579834,0,55.867000579834,"Philippines"
2024-02-27,56.0309982299805,56.1669998168945,54.3050003051758,56.0309982299805,0,56.0309982299805,"Philippines"
2024-02-28,56.0719985961914,56.3120002746582,54.6040000915527,56.0719985961914,0,56.0719985961914,"Philippines"
2024-02-29,56.2109985351562,56.2550010681152,56.0349998474121,56.2109985351562,0,56.2109985351562,"Philippines"
2024-03-01,56.1650009155273,56.2000007629395,55.7550010681152,56.1650009155273,0,56.1650009155273,"Philippines"
2024-03-04,56.0099983215332,56.0999984741211,55.9000015258789,56.0099983215332,0,56.0099983215332,"Philippines"
2024-03-05,55.9679985046387,56.0359992980957,55.8339996337891,55.9679985046387,0,55.9679985046387,"Philippines"
2024-03-06,55.9329986572266,55.9599990844727,55.4389991760254,55.9329986572266,0,55.9329986572266,"Philippines"
2024-03-07,55.806999206543,55.8950004577637,55.6609992980957,55.806999206543,0,55.806999206543,"Philippines"
2024-03-08,55.701000213623,55.8880004882812,50.7130012512207,55.701000213623,0,55.701000213623,"Philippines"
2024-03-11,55.5699996948242,55.5699996948242,49.9729995727539,55.5699996948242,0,55.5699996948242,"Philippines"
2024-03-12,55.2949981689453,55.4949989318848,54.7150001525879,55.2949981689453,0,55.2949981689453,"Philippines"
2024-03-13,55.443000793457,55.439998626709,55.2299995422363,55.443000793457,0,55.443000793457,"Philippines"
2024-03-14,55.3470001220703,55.5260009765625,55.2200012207031,55.3470001220703,0,55.3470001220703,"Philippines"
2024-03-15,55.4939994812012,55.5989990234375,54.931999206543,55.4939994812012,0,55.4939994812012,"Philippines"
2024-03-18,55.5719985961914,55.6759986877441,53.976001739502,55.5719985961914,0,55.5719985961914,"Philippines"
2024-03-19,55.6570014953613,55.9529991149902,55.5499992370605,55.6570014953613,0,55.6570014953613,"Philippines"
2024-03-20,55.8400001525879,56.2890014648438,55.7400016784668,55.8400001525879,0,55.8400001525879,"Philippines"
2024-03-21,56.0359992980957,56.193000793457,54.7890014648438,56.0359992980957,0,56.0359992980957,"Philippines"
2024-03-22,55.9599990844727,56.359001159668,55.601001739502,55.9599990844727,0,55.9599990844727,"Philippines"
2024-03-25,56.2620010375977,56.4249992370605,51.7589988708496,56.2620010375977,0,56.2620010375977,"Philippines"
2024-03-26,56.2299995422363,56.3409996032715,55.9599990844727,56.2299995422363,0,56.2299995422363,"Philippines"
2024-03-27,56.242000579834,56.3470001220703,56.1100006103516,56.242000579834,0,56.242000579834,"Philippines"
2024-03-28,56.2599983215332,56.3520011901855,56.1040000915527,56.2599983215332,0,56.2599983215332,"Philippines"
2024-03-29,56.1800003051758,56.2350006103516,55.3549995422363,56.1800003051758,0,56.1800003051758,"Philippines"
2024-03-31,56.2000007629395,56.2879981994629,56.1199989318848,56.1599998474121,0,56.1599998474121,"Philippines"
2024-04-01,56.2070007324219,56.4379997253418,56.1650009155273,56.2070007324219,0,56.2070007324219,"Philippines"
2024-04-02,56.3019981384277,56.5149993896484,56.1699981689453,56.3019981384277,0,56.3019981384277,"Philippines"
2024-04-03,56.3429985046387,56.5279998779297,56.2599983215332,56.3429985046387,0,56.3429985046387,"Philippines"
2024-04-04,56.6619987487793,56.6949996948242,55.5810012817383,56.6619987487793,0,56.6619987487793,"Philippines"
2024-04-07,56.5,56.5970001220703,55.5169982910156,56.5,0,56.5,"Philippines"
2024-04-08,56.3950004577637,56.5349998474121,56.1940002441406,56.3950004577637,0,56.3950004577637,"Philippines"
2024-04-09,56.3230018615723,56.5400009155273,55.9640007019043,56.3230018615723,0,56.3230018615723,"Philippines"
2024-04-10,56.5639991760254,56.564998626709,54.7120018005371,56.5639991760254,0,56.5639991760254,"Philippines"
2024-04-11,56.4490013122559,56.6549987792969,56.2980003356934,56.4490013122559,0,56.4490013122559,"Philippines"
2024-04-14,56.6059989929199,56.9099998474121,55.6469993591309,56.6059989929199,0,56.6059989929199,"Philippines"
2024-04-15,56.8800010681152,57.0499992370605,56.8199996948242,56.8800010681152,0,56.8800010681152,"Philippines"
2024-04-16,57.1160011291504,57.3269996643066,56.8979988098145,57.1160011291504,0,57.1160011291504,"Philippines"
2024-04-17,57.2099990844727,57.2840003967285,56.5330009460449,57.2099990844727,0,57.2099990844727,"Philippines"
2024-04-18,57.2099990844727,57.6529998779297,56.9900016784668,57.2099990844727,0,57.2099990844727,"Philippines"
2024-04-21,57.476001739502,57.5849990844727,55.693000793457,57.476001739502,0,57.476001739502,"Philippines"
2024-04-22,57.5229988098145,57.5620002746582,57.3400001525879,57.5229988098145,0,57.5229988098145,"Philippines"
2024-04-23,57.3899993896484,57.8059997558594,56.9669990539551,57.3899993896484,0,57.3899993896484,"Philippines"
2024-04-24,57.8709983825684,57.9860000610352,56.9080009460449,57.8709983825684,0,57.8709983825684,"Philippines"
2024-04-25,57.6980018615723,57.8819999694824,57.5340003967285,57.6980018615723,0,57.6980018615723,"Philippines"
2024-04-28,57.7000007629395,57.7540016174316,57.4659996032715,57.7000007629395,0,57.7000007629395,"Philippines"
2024-04-29,57.6440010070801,57.7910003662109,57.1230010986328,57.6440010070801,0,57.6440010070801,"Philippines"
2024-04-30,57.8129997253418,57.8540000915527,57.1689987182617,57.8129997253418,0,57.8129997253418,"Philippines"
2024-05-01,57.5909996032715,57.7599983215332,57.3899993896484,57.5909996032715,0,57.5909996032715,"Philippines"
2024-05-02,57.439998626709,57.5190010070801,56.6699981689453,57.439998626709,0,57.439998626709,"Philippines"
2024-05-05,57.1290016174316,57.2729988098145,57.0149993896484,57.1290016174316,0,57.1290016174316,"Philippines"
2024-05-06,57.1619987487793,57.2890014648438,57.0750007629395,57.1619987487793,0,57.1619987487793,"Philippines"
2024-05-07,57.1749992370605,57.4459991455078,57.1279983520508,57.1749992370605,0,57.1749992370605,"Philippines"
2024-05-08,57.3880004882812,57.4280014038086,57.0340003967285,57.3880004882812,0,57.3880004882812,"Philippines"
2024-05-09,57.2470016479492,57.6209983825684,57.1599998474121,57.2470016479492,0,57.2470016479492,"Philippines"
2024-05-12,57.4500007629395,57.8629989624023,57.4500007629395,57.4500007629395,0,57.4500007629395,"Philippines"
2024-05-13,57.8219985961914,57.8959999084473,57.5400009155273,57.8219985961914,0,57.8219985961914,"Philippines"
2024-05-14,57.7070007324219,57.8450012207031,57.109001159668,57.7070007324219,0,57.7070007324219,"Philippines"
2024-05-15,57.3689994812012,57.5810012817383,56.2779998779297,57.3689994812012,0,57.3689994812012,"Philippines"
2024-05-16,57.3709983825684,57.7639999389648,57.1949996948242,57.3709983825684,0,57.3709983825684,"Philippines"
2024-05-19,57.6800003051758,58.023998260498,57.5999984741211,57.6800003051758,0,57.6800003051758,"Philippines"
2024-05-20,58.0299987792969,58.2799987792969,57.8499984741211,58.0299987792969,0,58.0299987792969,"Philippines"
2024-05-21,58.1520004272461,58.2130012512207,57.935001373291,58.1520004272461,0,58.1520004272461,"Philippines"
2024-05-22,57.9980010986328,58.3040008544922,57.9980010986328,57.9980010986328,0,57.9980010986328,"Philippines"
2024-05-23,58.2150001525879,58.2980003356934,58.0250015258789,58.2150001525879,0,58.2150001525879,"Philippines"
2024-05-26,58.1800003051758,58.1959991455078,57.9570007324219,58.1800003051758,0,58.1800003051758,"Philippines"
2024-05-27,58.0870018005371,58.1749992370605,57.7400016784668,58.0870018005371,0,58.0870018005371,"Philippines"
2024-05-28,57.8860015869141,58.6040000915527,57.8860015869141,57.8860015869141,0,57.8860015869141,"Philippines"
2024-05-29,58.4309997558594,58.7229995727539,58.3549995422363,58.4309997558594,0,58.4309997558594,"Philippines"
2024-05-30,58.439998626709,58.7019996643066,58.2529983520508,58.439998626709,0,58.439998626709,"Philippines"
2024-06-02,58.5750007629395,58.7410011291504,58.1399993896484,58.5750007629395,0,58.5750007629395,"Philippines"
2024-06-03,58.6150016784668,58.8619995117188,58.5149993896484,58.6150016784668,0,58.6150016784668,"Philippines"
2024-06-04,58.8839988708496,58.8740005493164,58.6199989318848,58.8839988708496,0,58.8839988708496,"Philippines"
2024-06-05,58.7470016479492,58.7400016784668,58.4199981689453,58.7470016479492,0,58.7470016479492,"Philippines"
2024-06-06,58.5999984741211,58.7389984130859,58.0800018310547,58.5999984741211,0,58.5999984741211,"Philippines"
2024-06-09,58.6949996948242,58.8339996337891,58.5550003051758,58.6949996948242,0,58.6949996948242,"Philippines"
2024-06-10,58.8199996948242,58.8199996948242,58.5800018310547,58.8199996948242,0,58.8199996948242,"Philippines"
2024-06-11,58.7589988708496,58.7589988708496,58.2309989929199,58.7589988708496,0,58.7589988708496,"Philippines"
2024-06-12,58.2770004272461,58.689998626709,57.9679985046387,58.2770004272461,0,58.2770004272461,"Philippines"
2024-06-13,58.6759986877441,58.7639999389648,58.4280014038086,58.6759986877441,0,58.6759986877441,"Philippines"
2024-06-16,58.689998626709,58.7019996643066,58.5149993896484,58.689998626709,0,58.689998626709,"Philippines"
2024-06-17,58.5670013427734,58.7290000915527,58.2929992675781,58.5670013427734,0,58.5670013427734,"Philippines"
2024-06-18,58.6049995422363,58.7809982299805,58.5149993896484,58.6049995422363,0,58.6049995422363,"Philippines"
2024-06-19,58.7550010681152,58.9339981079102,58.6450004577637,58.7550010681152,0,58.7550010681152,"Philippines"
2024-06-20,58.8479995727539,58.8919982910156,57.765998840332,58.8479995727539,0,58.8479995727539,"Philippines"
2024-06-23,58.8600006103516,59.0750007629395,58.3250007629395,58.8600006103516,0,58.8600006103516,"Philippines"
2024-06-24,58.685001373291,58.7910003662109,58.6100006103516,58.685001373291,0,58.685001373291,"Philippines"
2024-06-25,58.7449989318848,58.984001159668,58.7220001220703,58.7449989318848,0,58.7449989318848,"Philippines"
2024-06-26,58.9329986572266,58.9500007629395,58.4550018310547,58.9329986572266,0,58.9329986572266,"Philippines"
2024-06-27,58.6030006408691,58.7200012207031,58.3650016784668,58.6030006408691,0,58.6030006408691,"Philippines"
2024-06-30,58.4799995422363,58.7210006713867,58.4210014343262,58.4799995422363,0,58.4799995422363,"Philippines"
2024-07-01,58.7389984130859,58.8419990539551,58.6199989318848,58.7389984130859,0,58.7389984130859,"Philippines"
2024-07-02,58.7770004272461,58.8470001220703,58.6129989624023,58.7770004272461,0,58.7770004272461,"Philippines"
2024-07-03,58.6500015258789,58.6660003662109,58.4049987792969,58.6500015258789,0,58.6500015258789,"Philippines"
2024-07-04,58.3889999389648,58.6100006103516,58.2459983825684,58.3889999389648,0,58.3889999389648,"Philippines"
2024-07-07,58.5260009765625,58.5810012817383,58.4000015258789,58.5260009765625,0,58.5260009765625,"Philippines"
2024-07-08,58.4620018005371,58.564998626709,58.3349990844727,58.4620018005371,0,58.4620018005371,"Philippines"
2024-07-09,58.4869995117188,58.4930000305176,58.064998626709,58.4869995117188,0,58.4869995117188,"Philippines"
2024-07-10,58.189998626709,58.3959999084473,57.8759994506836,58.189998626709,0,58.189998626709,"Philippines"
2024-07-11,58.1580009460449,58.4500007629395,58.060001373291,58.1580009460449,0,58.1580009460449,"Philippines"
2024-07-14,58.4010009765625,58.576000213623,58.3450012207031,58.4010009765625,0,58.4010009765625,"Philippines"
2024-07-15,58.351001739502,58.5130004882812,58.2929992675781,58.351001739502,0,58.351001739502,"Philippines"
2024-07-16,58.3170013427734,58.3889999389648,58.1150016784668,58.3170013427734,0,58.3170013427734,"Philippines"
2024-07-17,58.1500015258789,58.3440017700195,58.1150016784668,58.1500015258789,0,58.1500015258789,"Philippines"
2024-07-18,58.1910018920898,58.4049987792969,58.173999786377,58.1910018920898,0,58.1910018920898,"Philippines"
2024-07-21,58.3300018310547,58.4650001525879,58.3250007629395,58.3300018310547,0,58.3300018310547,"Philippines"
2024-07-22,58.4049987792969,58.5190010070801,58.1949996948242,58.4049987792969,0,58.4049987792969,"Philippines"
2024-07-23,58.4550018310547,58.6389999389648,58.3240013122559,58.4550018310547,0,58.4550018310547,"Philippines"
2024-07-24,58.4910011291504,58.6640014648438,58.3019981384277,58.4910011291504,0,58.4910011291504,"Philippines"
2024-07-25,58.5069999694824,58.5800018310547,58.2270011901855,58.5069999694824,0,58.5069999694824,"Philippines"
2024-07-28,58.3600006103516,58.5909996032715,58.3199996948242,58.3600006103516,0,58.3600006103516,"Philippines"
2024-07-29,58.6220016479492,58.6990013122559,58.4599990844727,58.6220016479492,0,58.6220016479492,"Philippines"
2024-07-30,58.5550003051758,58.5750007629395,58.2540016174316,58.5550003051758,0,58.5550003051758,"Philippines"
2024-07-31,58.25,58.3950004577637,58.1349983215332,58.25,0,58.25,"Philippines"
2024-08-01,58.2080001831055,58.310001373291,56.6959991455078,58.2080001831055,0,58.2080001831055,"Philippines"
2024-08-04,57.9309997558594,57.9309997558594,57.2709999084473,57.9309997558594,0,57.9309997558594,"Philippines"
2024-08-05,57.6689987182617,58.0120010375977,57.5540008544922,57.6689987182617,0,57.6689987182617,"Philippines"
2024-08-06,57.685001373291,57.8380012512207,57.4150009155273,57.685001373291,0,57.685001373291,"Philippines"
2024-08-07,57.4879989624023,57.6300010681152,56.2350006103516,57.4879989624023,0,57.4879989624023,"Philippines"
2024-08-08,57.1399993896484,57.4010009765625,57.0999984741211,57.1399993896484,0,57.1399993896484,"Philippines"
2024-08-11,57.2750015258789,57.3860015869141,57.0149993896484,57.2750015258789,0,57.2750015258789,"Philippines"
2024-08-12,57.2060012817383,57.2999992370605,56.3079986572266,57.2060012817383,0,57.2060012817383,"Philippines"
2024-08-13,56.8610000610352,57.0919990539551,56.7799987792969,56.8610000610352,0,56.8610000610352,"Philippines"
2024-08-14,56.8520011901855,57.2519989013672,56.3810005187988,56.8520011901855,0,56.8520011901855,"Philippines"
2024-08-15,57.1549987792969,57.2770004272461,56.9700012207031,57.1549987792969,0,57.1549987792969,"Philippines"
2024-08-18,57.0839996337891,57.0839996337891,56.5390014648438,57.0839996337891,0,57.0839996337891,"Philippines"
2024-08-19,56.6430015563965,56.6389999389648,56.3580017089844,56.6430015563965,0,56.6430015563965,"Philippines"
2024-08-20,56.2490005493164,56.564998626709,56.0979995727539,56.2490005493164,0,56.2490005493164,"Philippines"
2024-08-21,56.1110000610352,56.5139999389648,56.1080017089844,56.1110000610352,0,56.1110000610352,"Philippines"
2024-08-22,56.476001739502,56.507999420166,55.6759986877441,56.476001739502,0,56.476001739502,"Philippines"
2024-08-25,56.4150009155273,56.4150009155273,55.5530014038086,56.4150009155273,0,56.4150009155273,"Philippines"
2024-08-26,55.9249992370605,56.4150009155273,55.9889984130859,55.9249992370605,0,55.9249992370605,"Philippines"
2024-08-27,56.1910018920898,56.3330001831055,55.992000579834,56.1910018920898,0,56.1910018920898,"Philippines"
2024-08-28,56.2039985656738,56.3110008239746,56.007999420166,56.2039985656738,0,56.2039985656738,"Philippines"
2024-08-29,56.0699996948242,56.2249984741211,55.8619995117188,56.0699996948242,0,56.0699996948242,"Philippines"
2024-09-01,56.2210006713867,56.5410003662109,56.1349983215332,56.2210006713867,0,56.2210006713867,"Philippines"
2024-09-02,56.4570007324219,56.7200012207031,56.0279998779297,56.4570007324219,0,56.4570007324219,"Philippines"
2024-09-03,56.4140014648438,56.5919990539551,55.9039993286133,56.4140014648438,0,56.4140014648438,"Philippines"
2024-09-04,56.3930015563965,56.4459991455078,47.4710006713867,56.3930015563965,0,56.3930015563965,"Philippines"
2024-09-05,55.8930015563965,56.1199989318848,50.4599990844727,55.8930015563965,0,55.8930015563965,"Philippines"
2024-09-08,56.2200012207031,56.5750007629395,56.0330009460449,56.1749992370605,0,56.1749992370605,"Philippines"
2024-09-09,56.1119995117188,56.5699996948242,56.1020011901855,56.1119995117188,0,56.1119995117188,"Philippines"
2024-09-10,56.0190010070801,56.3330001831055,55.7569999694824,56.0190010070801,0,56.0190010070801,"Philippines"
2024-09-11,55.9500007629395,56.1969985961914,55.810001373291,55.9500007629395,0,55.9500007629395,"Philippines"
2024-09-12,56.060001373291,56.1860008239746,51.7669982910156,56.060001373291,0,56.060001373291,"Philippines"
2024-09-15,56,56,54.9570007324219,56,0,56,"Philippines"
2024-09-16,55.6839981079102,55.8219985961914,55.4230003356934,55.6839981079102,0,55.6839981079102,"Philippines"
2024-09-17,55.7200012207031,55.8409996032715,55.5,55.7200012207031,0,55.7200012207031,"Philippines"
2024-09-18,55.6580009460449,55.8940010070801,55.4000015258789,55.6580009460449,0,55.6580009460449,"Philippines"
2024-09-19,55.4490013122559,55.742000579834,55.3300018310547,55.4490013122559,0,55.4490013122559,"Philippines"
2024-09-22,55.6300010681152,56.1609992980957,55.625,55.6300010681152,0,55.6300010681152,"Philippines"
2024-09-23,55.9389991760254,56.3440017700195,55.9290008544922,55.9389991760254,0,55.9389991760254,"Philippines"
2024-09-24,55.875,56.2200012207031,55.5540008544922,55.875,0,55.875,"Philippines"
2024-09-25,55.7439994812012,56.0820007324219,55.3330001831055,55.7439994812012,0,55.7439994812012,"Philippines"
2024-09-26,55.7200012207031,56.0900001525879,55.4770011901855,55.7200012207031,0,55.7200012207031,"Philippines"
2024-09-29,56.0499992370605,56.1689987182617,55.9099998474121,56.0499992370605,0,56.0499992370605,"Philippines"
2024-09-30,56.1590003967285,56.2779998779297,55.8779983520508,56.1590003967285,0,56.1590003967285,"Philippines"
2024-10-01,56.2750015258789,56.351001739502,55.935001373291,56.2750015258789,0,56.2750015258789,"Philippines"
2024-10-02,56.2449989318848,56.4700012207031,56.1349983215332,56.2449989318848,0,56.2449989318848,"Philippines"
2024-10-03,56.2319984436035,56.7140007019043,53.3899993896484,56.2319984436035,0,56.2319984436035,"Philippines"
2024-10-06,56.314998626709,57.0069999694824,56.314998626709,56.314998626709,0,56.314998626709,"Philippines"
2024-10-07,56.7910003662109,56.9850006103516,56.6839981079102,56.7910003662109,0,56.7910003662109,"Philippines"
2024-10-08,56.8310012817383,57.0460014343262,56.7459983825684,56.8310012817383,0,56.8310012817383,"Philippines"
2024-10-09,57.0740013122559,57.5429992675781,56.8400001525879,57.0740013122559,0,57.0740013122559,"Philippines"
2024-10-10,57.3359985351562,57.3370018005371,56.9519996643066,57.3359985351562,0,57.3359985351562,"Philippines"
2024-10-13,57.2220001220703,57.5130004882812,57.1319999694824,57.2220001220703,0,57.2220001220703,"Philippines"
2024-10-14,57.4119987487793,57.9309997558594,57.3250007629395,57.4119987487793,0,57.4119987487793,"Philippines"
2024-10-15,57.6910018920898,57.8919982910156,57.6500015258789,57.6910018920898,0,57.6910018920898,"Philippines"
2024-10-16,57.7820014953613,57.8810005187988,57.5299987792969,57.7820014953613,0,57.7820014953613,"Philippines"
2024-10-17,57.689998626709,57.8300018310547,57.3740005493164,57.689998626709,0,57.689998626709,"Philippines"
2024-10-20,57.5099983215332,57.6809997558594,57.2700004577637,57.5099983215332,0,57.5099983215332,"Philippines"
2024-10-21,57.625,57.9099998474121,57.4300003051758,57.625,0,57.625,"Philippines"
2024-10-22,57.726001739502,58.1450004577637,56.9459991455078,57.726001739502,0,57.726001739502,"Philippines"
2024-10-23,58.060001373291,58.0779991149902,56.9770011901855,58.060001373291,0,58.060001373291,"Philippines"
2024-10-24,57.8919982910156,58.4339981079102,57.4780006408691,57.8919982910156,0,57.8919982910156,"Philippines"
2024-10-28,58.5550003051758,58.5550003051758,58.0060005187988,58.5550003051758,0,58.5550003051758,"Philippines"
2024-10-29,58.1539993286133,58.3349990844727,57.8400001525879,58.1539993286133,0,58.1539993286133,"Philippines"
2024-10-30,58.1599998474121,58.3600006103516,55.7540016174316,58.1599998474121,0,58.1599998474121,"Philippines"
2024-10-31,58.1669998168945,58.3800010681152,58.0320014953613,58.1669998168945,0,58.1669998168945,"Philippines"
2024-11-01,58.2150001525879,58.4809989929199,57.6510009765625,58.2150001525879,0,58.2150001525879,"Philippines"
2024-11-04,58.2799987792969,58.4700012207031,57.7709999084473,58.2799987792969,0,58.2799987792969,"Philippines"
2024-11-05,58.3400001525879,58.5050010681152,58.3400001525879,58.3899993896484,0,58.3899993896484,"Philippines"
2024-11-06,58.318000793457,58.8880004882812,55.0499992370605,58.318000793457,0,58.318000793457,"Philippines"
2024-11-07,58.2999992370605,58.3582992553711,58.0349998474121,58.773998260498,0,58.773998260498,"Philippines"
2024-11-08,58.1860008239746,58.4700012207031,58.1749992370605,58.1860008239746,0,58.1860008239746,"Philippines"
2024-11-11,58.3269996643066,58.7299995422363,58.2700004577637,58.3269996643066,0,58.3269996643066,"Philippines"
2024-11-12,58.6199989318848,58.8310012817383,58.4990005493164,58.6199989318848,0,58.6199989318848,"Philippines"
2024-11-13,58.7809982299805,58.7719993591309,57.6500015258789,58.7809982299805,0,58.7809982299805,"Philippines"
2024-11-14,58.6399993896484,59.0499992370605,58.4269981384277,58.6399993896484,0,58.6399993896484,"Philippines"
2024-11-15,58.8019981384277,58.8759994506836,57.9480018615723,58.8019981384277,0,58.8019981384277,"Philippines"
2024-11-18,58.5940017700195,58.7519989013672,58.5999984741211,58.5940017700195,0,58.5940017700195,"Philippines"
2024-11-19,58.5400009155273,58.9690017700195,58.5400009155273,58.5400009155273,0,58.5400009155273,"Philippines"
2024-11-20,58.8429985046387,59.0690002441406,58.7200012207031,58.8429985046387,0,58.8429985046387,"Philippines"
2024-11-21,58.9809989929199,59.0849990844727,58.5250015258789,58.9809989929199,0,58.9809989929199,"Philippines"
2024-11-22,58.8619995117188,59.0390014648438,58.7000007629395,58.8619995117188,0,58.8619995117188,"Philippines"
2024-11-25,58.810001373291,59.0750007629395,58.7470016479492,58.810001373291,0,58.810001373291,"Philippines"
2024-11-26,58.9410018920898,59.0629997253418,58.8190002441406,58.9410018920898,0,58.9410018920898,"Philippines"
2024-11-27,58.9440002441406,58.9389991760254,48.9230003356934,58.9440002441406,0,58.9440002441406,"Philippines"
2024-11-28,58.6679992675781,58.734001159668,56.5909996032715,58.6679992675781,0,58.6679992675781,"Philippines"
2024-11-29,58.6590003967285,58.7529983520508,58.0940017700195,58.6590003967285,0,58.6590003967285,"Philippines"
2024-12-02,58.6199989318848,58.8079986572266,58.5349998474121,58.556999206543,0,58.556999206543,"Philippines"
2024-12-03,58.5989990234375,58.7190017700195,58.4959983825684,58.5989990234375,0,58.5989990234375,"Philippines"
2024-12-04,58.314998626709,58.4189987182617,58.0550003051758,58.314998626709,0,58.314998626709,"Philippines"
2024-12-05,58.1689987182617,58.1969985961914,57.5960006713867,58.1689987182617,0,58.1689987182617,"Philippines"
2024-12-06,57.6580009460449,57.9300003051758,57.6450004577637,57.6580009460449,0,57.6580009460449,"Philippines"
2024-12-09,57.8650016784668,58.1520004272461,57.6360015869141,57.8650016784668,0,57.8650016784668,"Philippines"
2024-12-10,58.0550003051758,58.076000213623,57.7830009460449,58.0550003051758,0,58.0550003051758,"Philippines"
2024-12-11,58.0519981384277,58.3600006103516,55.0419998168945,58.0519981384277,0,58.0519981384277,"Philippines"
2024-12-12,58.3849983215332,58.4080009460449,58.0719985961914,58.3849983215332,0,58.3849983215332,"Philippines"
2024-12-13,58.2719993591309,58.6920013427734,57.8950004577637,58.2719993591309,0,58.2719993591309,"Philippines"
2024-12-16,58.5519981384277,58.8320007324219,58.4850006103516,58.5519981384277,0,58.5519981384277,"Philippines"
2024-12-17,58.5999984741211,59.048999786377,58.4160003662109,58.5999984741211,0,58.5999984741211,"Philippines"
2024-12-18,58.9150009155273,59.0699996948242,58.5369987487793,58.9150009155273,0,58.9150009155273,"Philippines"
2024-12-19,59.3759994506836,59.3549995422363,57.265998840332,59.3759994506836,0,59.3759994506836,"Philippines"
2024-12-20,58.8339996337891,59.076000213623,57.0390014648438,58.8339996337891,0,58.8339996337891,"Philippines"
2024-12-23,58.7299995422363,58.7439994812012,58.3310012817383,58.7299995422363,0,58.7299995422363,"Philippines"
2024-12-24,58.4529991149902,58.5400009155273,54.6349983215332,58.4529991149902,0,58.4529991149902,"Philippines"
2024-12-25,57.1020011901855,58.6500015258789,56.9249992370605,57.1020011901855,0,57.1020011901855,"Philippines"
2024-12-26,58,58.4099998474121,52.265998840332,58,0,58,"Philippines"
2024-12-27,57.9679985046387,58.5509986877441,55.4199981689453,57.9679985046387,0,57.9679985046387,"Philippines"
2024-12-30,57.9080009460449,57.9900016784668,55.6710014343262,57.9080009460449,0,57.9080009460449,"Philippines"
2024-12-31,58.0299987792969,58.1440010070801,55.8969993591309,58.0299987792969,0,58.0299987792969,"Philippines"
