"date","USDZAR.X.Open","USDZAR.X.High","USDZAR.X.Low","USDZAR.X.Close","USDZAR.X.Volume","USDZAR.X.Adjusted","country"
2010-01-01,7.34049987792969,7.34049987792969,7.34019994735718,7.34019994735718,0,7.34019994735718,"SouthAfrica"
2010-01-04,7.39480018615723,7.46309995651245,7.25759983062744,7.26490020751953,0,7.26490020751953,"SouthAfrica"
2010-01-05,7.28170013427734,7.33449983596802,7.22940015792847,7.30189990997314,0,7.30189990997314,"SouthAfrica"
2010-01-06,7.30189990997314,7.36700010299683,7.26929998397827,7.30219984054565,0,7.30219984054565,"SouthAfrica"
2010-01-07,7.28879976272583,7.44220018386841,7.2677001953125,7.42409992218018,0,7.42409992218018,"SouthAfrica"
2010-01-08,7.40619993209839,7.4488000869751,7.2923002243042,7.34180021286011,0,7.34180021286011,"SouthAfrica"
2010-01-11,7.29580020904541,7.37459993362427,7.25699996948242,7.355299949646,0,7.355299949646,"SouthAfrica"
2010-01-12,7.34980010986328,7.50349998474121,7.34800004959106,7.41279983520508,0,7.41279983520508,"SouthAfrica"
2010-01-13,7.41309976577759,7.44799995422363,7.34679985046387,7.3681001663208,0,7.3681001663208,"SouthAfrica"
2010-01-14,7.36920022964478,7.47499990463257,7.34240007400513,7.3600001335144,0,7.3600001335144,"SouthAfrica"
2010-01-15,7.37249994277954,7.43499994277954,7.35400009155273,7.37830018997192,0,7.37830018997192,"SouthAfrica"
2010-01-18,7.38000011444092,7.42500019073486,7.35419988632202,7.38430023193359,0,7.38430023193359,"SouthAfrica"
2010-01-19,7.36619997024536,7.43989992141724,7.35099983215332,7.39370012283325,0,7.39370012283325,"SouthAfrica"
2010-01-20,7.4077000617981,7.56759977340698,7.38199996948242,7.51840019226074,0,7.51840019226074,"SouthAfrica"
2010-01-21,7.52600002288818,7.60690021514893,7.46500015258789,7.53999996185303,0,7.53999996185303,"SouthAfrica"
2010-01-22,7.54680013656616,7.6577000617981,7.5117998123169,7.63079977035522,0,7.63079977035522,"SouthAfrica"
2010-01-25,7.58039999008179,7.63240003585815,7.53000020980835,7.54290008544922,0,7.54290008544922,"SouthAfrica"
2010-01-26,7.55019998550415,7.66330003738403,7.5246000289917,7.54199981689453,0,7.54199981689453,"SouthAfrica"
2010-01-27,7.55620002746582,7.64559984207153,7.5226001739502,7.57219982147217,0,7.57219982147217,"SouthAfrica"
2010-01-28,7.58979988098145,7.62930011749268,7.51749992370605,7.59000015258789,0,7.59000015258789,"SouthAfrica"
2010-01-29,7.58059978485107,7.63870000839233,7.5145001411438,7.61700010299683,0,7.61700010299683,"SouthAfrica"
2010-02-01,7.58790016174316,7.61059999465942,7.46369981765747,7.49289989471436,0,7.49289989471436,"SouthAfrica"
2010-02-02,7.47760009765625,7.51630020141602,7.42659997940063,7.46649980545044,0,7.46649980545044,"SouthAfrica"
2010-02-03,7.44859981536865,7.55149984359741,7.39799976348877,7.52069997787476,0,7.52069997787476,"SouthAfrica"
2010-02-04,7.51510000228882,7.68839979171753,7.48999977111816,7.67379999160767,0,7.67379999160767,"SouthAfrica"
2010-02-05,7.65740013122559,7.85139989852905,7.63280010223389,7.76359987258911,0,7.76359987258911,"SouthAfrica"
2010-02-08,7.74560022354126,7.77190017700195,7.68410015106201,7.71990013122559,0,7.71990013122559,"SouthAfrica"
2010-02-09,7.71869993209839,7.74560022354126,7.62139987945557,7.67000007629395,0,7.67000007629395,"SouthAfrica"
2010-02-10,7.67329978942871,7.75799989700317,7.63210010528564,7.71124982833862,0,7.71124982833862,"SouthAfrica"
2010-02-11,7.70499992370605,7.71680021286011,7.59999990463257,7.63360023498535,0,7.63360023498535,"SouthAfrica"
2010-02-12,7.63250017166138,7.7382001876831,7.61549997329712,7.67810010910034,0,7.67810010910034,"SouthAfrica"
2010-02-15,7.69259977340698,7.73750019073486,7.67030000686646,7.7039999961853,0,7.7039999961853,"SouthAfrica"
2010-02-16,7.72300004959106,7.73320007324219,7.6318998336792,7.65089988708496,0,7.65089988708496,"SouthAfrica"
2010-02-17,7.65100002288818,7.6793999671936,7.55009984970093,7.61350011825562,0,7.61350011825562,"SouthAfrica"
2010-02-18,7.6117000579834,7.67360019683838,7.54780006408691,7.67339992523193,0,7.67339992523193,"SouthAfrica"
2010-02-19,7.65829992294312,7.73159980773926,7.61840009689331,7.64090013504028,0,7.64090013504028,"SouthAfrica"
2010-02-22,7.62964010238647,7.7386999130249,7.60909986495972,7.70419979095459,0,7.70419979095459,"SouthAfrica"
2010-02-23,7.70309019088745,7.80709981918335,7.6350998878479,7.77500009536743,0,7.77500009536743,"SouthAfrica"
2010-02-24,7.74240016937256,7.78995990753174,7.70979976654053,7.72949981689453,0,7.72949981689453,"SouthAfrica"
2010-02-25,7.71519994735718,7.88575983047485,7.68569993972778,7.7322998046875,0,7.7322998046875,"SouthAfrica"
2010-02-26,7.72309017181396,7.78609991073608,7.61609983444214,7.71540021896362,0,7.71540021896362,"SouthAfrica"
2010-03-01,7.68200016021729,7.70790004730225,7.57929992675781,7.62919998168945,0,7.62919998168945,"SouthAfrica"
2010-03-02,7.62900018692017,7.66499996185303,7.54610013961792,7.59530019760132,0,7.59530019760132,"SouthAfrica"
2010-03-03,7.57889986038208,7.59829998016357,7.45800018310547,7.4773998260498,0,7.4773998260498,"SouthAfrica"
2010-03-04,7.48089981079102,7.52930021286011,7.42080020904541,7.46969985961914,0,7.46969985961914,"SouthAfrica"
2010-03-05,7.47039985656738,7.49949979782104,7.36350011825562,7.39879989624023,0,7.39879989624023,"SouthAfrica"
2010-03-08,7.42189979553223,7.45050001144409,7.34390020370483,7.39930009841919,0,7.39930009841919,"SouthAfrica"
2010-03-09,7.39890003204346,7.45950984954834,7.35389995574951,7.3632001876831,0,7.3632001876831,"SouthAfrica"
2010-03-10,7.3632001876831,7.43444013595581,7.3632001876831,7.38819980621338,0,7.38819980621338,"SouthAfrica"
2010-03-11,7.38660001754761,7.46920013427734,7.38660001754761,7.42430019378662,0,7.42430019378662,"SouthAfrica"
2010-03-12,7.40659999847412,7.42980003356934,7.35090017318726,7.3899998664856,0,7.3899998664856,"SouthAfrica"
2010-03-15,7.38369989395142,7.43281984329224,7.36329984664917,7.39799976348877,0,7.39799976348877,"SouthAfrica"
2010-03-16,7.38180017471313,7.41724014282227,7.33099985122681,7.34999990463257,0,7.34999990463257,"SouthAfrica"
2010-03-17,7.34999990463257,7.36420011520386,7.25239992141724,7.29670000076294,0,7.29670000076294,"SouthAfrica"
2010-03-18,7.28739976882935,7.33129978179932,7.25559997558594,7.30649995803833,0,7.30649995803833,"SouthAfrica"
2010-03-19,7.30649995803833,7.36509990692139,7.27229976654053,7.32499980926514,0,7.32499980926514,"SouthAfrica"
2010-03-22,7.33529996871948,7.40049982070923,7.29129981994629,7.30660009384155,0,7.30660009384155,"SouthAfrica"
2010-03-23,7.31733989715576,7.35949993133545,7.2947998046875,7.31699991226196,0,7.31699991226196,"SouthAfrica"
2010-03-24,7.31669998168945,7.39249992370605,7.30830001831055,7.38590002059937,0,7.38590002059937,"SouthAfrica"
2010-03-25,7.38689994812012,7.49399995803833,7.34560012817383,7.46099996566772,0,7.46099996566772,"SouthAfrica"
2010-03-26,7.46000003814697,7.4770998954773,7.38049983978271,7.42519998550415,0,7.42519998550415,"SouthAfrica"
2010-03-28,7.38719987869263,7.42430019378662,7.35249996185303,7.40380001068115,0,7.40380001068115,"SouthAfrica"
2010-03-29,7.40328979492188,7.40819978713989,7.33669996261597,7.35920000076294,0,7.35920000076294,"SouthAfrica"
2010-03-30,7.36209011077881,7.38229990005493,7.24100017547607,7.2895998954773,0,7.2895998954773,"SouthAfrica"
2010-03-31,7.28889989852905,7.29518985748291,7.2039999961853,7.22779989242554,0,7.22779989242554,"SouthAfrica"
2010-04-01,7.21360015869141,7.27948999404907,7.21299982070923,7.23649978637695,0,7.23649978637695,"SouthAfrica"
2010-04-04,7.24620008468628,7.2628002166748,7.18190002441406,7.21549987792969,0,7.21549987792969,"SouthAfrica"
2010-04-05,7.21549987792969,7.28490018844604,7.19509983062744,7.21810007095337,0,7.21810007095337,"SouthAfrica"
2010-04-06,7.21789979934692,7.28344011306763,7.17379999160767,7.27224016189575,0,7.27224016189575,"SouthAfrica"
2010-04-07,7.25719976425171,7.35439014434814,7.22940015792847,7.2512001991272,0,7.2512001991272,"SouthAfrica"
2010-04-08,7.24790000915527,7.29059982299805,7.18179988861084,7.24900007247925,0,7.24900007247925,"SouthAfrica"
2010-04-11,7.20930004119873,7.27869987487793,7.18289995193481,7.25209999084473,0,7.25209999084473,"SouthAfrica"
2010-04-12,7.25180006027222,7.31379985809326,7.24370002746582,7.29290008544922,0,7.29290008544922,"SouthAfrica"
2010-04-13,7.29360008239746,7.35559988021851,7.24020004272461,7.30530023574829,0,7.30530023574829,"SouthAfrica"
2010-04-14,7.30919981002808,7.39900016784668,7.28240013122559,7.29260015487671,0,7.29260015487671,"SouthAfrica"
2010-04-15,7.30193996429443,7.41628980636597,7.28550004959106,7.37309980392456,0,7.37309980392456,"SouthAfrica"
2010-04-18,7.38579988479614,7.48744010925293,7.38009977340698,7.42170000076294,0,7.42170000076294,"SouthAfrica"
2010-04-19,7.42170000076294,7.46049976348877,7.35020017623901,7.37569999694824,0,7.37569999694824,"SouthAfrica"
2010-04-20,7.3668999671936,7.43643999099731,7.3306999206543,7.38250017166138,0,7.38250017166138,"SouthAfrica"
2010-04-21,7.39060020446777,7.51619005203247,7.3713002204895,7.44610023498535,0,7.44610023498535,"SouthAfrica"
2010-04-22,7.44570016860962,7.51094007492065,7.38240003585815,7.40530014038086,0,7.40530014038086,"SouthAfrica"
2010-04-25,7.40100002288818,7.43274021148682,7.29759979248047,7.32280015945435,0,7.32280015945435,"SouthAfrica"
2010-04-26,7.32219982147217,7.48610019683838,7.31230020523071,7.44999980926514,0,7.44999980926514,"SouthAfrica"
2010-04-27,7.44999980926514,7.50589990615845,7.39900016784668,7.41809988021851,0,7.41809988021851,"SouthAfrica"
2010-04-28,7.40999984741211,7.4552001953125,7.31960010528564,7.35720014572144,0,7.35720014572144,"SouthAfrica"
2010-04-29,7.35750007629395,7.38819980621338,7.29069995880127,7.38000011444092,0,7.38000011444092,"SouthAfrica"
2010-05-02,7.36429977416992,7.44229984283447,7.34409999847412,7.3996000289917,0,7.3996000289917,"SouthAfrica"
2010-05-03,7.3996000289917,7.57678985595703,7.38959980010986,7.55530023574829,0,7.55530023574829,"SouthAfrica"
2010-05-04,7.55639982223511,7.67879009246826,7.53219985961914,7.61499977111816,0,7.61499977111816,"SouthAfrica"
2010-05-05,7.61789989471436,7.91340017318726,7.53399991989136,7.74560022354126,0,7.74560022354126,"SouthAfrica"
2010-05-06,7.75309991836548,7.83233976364136,7.60589981079102,7.625,0,7.625,"SouthAfrica"
2010-05-09,7.58629989624023,7.61450004577637,7.40710020065308,7.47510004043579,0,7.47510004043579,"SouthAfrica"
2010-05-10,7.47510004043579,7.5903000831604,7.45289993286133,7.51249980926514,0,7.51249980926514,"SouthAfrica"
2010-05-11,7.5096001625061,7.56969976425171,7.43240022659302,7.44579982757568,0,7.44579982757568,"SouthAfrica"
2010-05-12,7.44600009918213,7.51319980621338,7.41340017318726,7.47910022735596,0,7.47910022735596,"SouthAfrica"
2010-05-13,7.47930002212524,7.58900022506714,7.43529987335205,7.53189992904663,0,7.53189992904663,"SouthAfrica"
2010-05-16,7.54040002822876,7.64179992675781,7.50699996948242,7.53849983215332,0,7.53849983215332,"SouthAfrica"
2010-05-17,7.53830003738403,7.70240020751953,7.47989988327026,7.66109991073608,0,7.66109991073608,"SouthAfrica"
2010-05-18,7.65910005569458,7.88149976730347,7.62080001831055,7.74959993362427,0,7.74959993362427,"SouthAfrica"
2010-05-19,7.74980020523071,8.08218955993652,7.73449993133545,7.93590021133423,0,7.93590021133423,"SouthAfrica"
2010-05-20,7.93590021133423,8.00650024414062,7.81419992446899,7.8242998123169,0,7.8242998123169,"SouthAfrica"
2010-05-23,7.85760021209717,7.89900016784668,7.78929996490479,7.84189987182617,0,7.84189987182617,"SouthAfrica"
2010-05-24,7.84280014038086,8.007399559021,7.77650022506714,7.80329990386963,0,7.80329990386963,"SouthAfrica"
2010-05-25,7.79780006408691,7.87760019302368,7.62209987640381,7.75619983673096,0,7.75619983673096,"SouthAfrica"
2010-05-26,7.76149988174438,7.76340007781982,7.52279996871948,7.57840013504028,0,7.57840013504028,"SouthAfrica"
2010-05-27,7.57829999923706,7.6318998336792,7.50530004501343,7.60659980773926,0,7.60659980773926,"SouthAfrica"
2010-05-30,7.58419990539551,7.71000003814697,7.55109977722168,7.65679979324341,0,7.65679979324341,"SouthAfrica"
2010-05-31,7.66209983825684,7.77169990539551,7.64069986343384,7.70480012893677,0,7.70480012893677,"SouthAfrica"
2010-06-01,7.70459985733032,7.73309993743896,7.63600015640259,7.65380001068115,0,7.65380001068115,"SouthAfrica"
2010-06-02,7.64949989318848,7.72139978408813,7.5770001411438,7.65810012817383,0,7.65810012817383,"SouthAfrica"
2010-06-03,7.6579999923706,7.79559993743896,7.60760021209717,7.78030014038086,0,7.78030014038086,"SouthAfrica"
2010-06-06,7.77650022506714,7.84770011901855,7.73409986495972,7.80660009384155,0,7.80660009384155,"SouthAfrica"
2010-06-07,7.80639982223511,7.82859992980957,7.71190023422241,7.72359991073608,0,7.72359991073608,"SouthAfrica"
2010-06-08,7.72840023040771,7.81379985809326,7.68069982528687,7.77400016784668,0,7.77400016784668,"SouthAfrica"
2010-06-09,7.78170013427734,7.80130004882812,7.65170001983643,7.68580007553101,0,7.68580007553101,"SouthAfrica"
2010-06-10,7.68650007247925,7.77058982849121,7.65880012512207,7.66429996490479,0,7.66429996490479,"SouthAfrica"
2010-06-13,7.66239976882935,7.6907901763916,7.59070014953613,7.6628999710083,0,7.6628999710083,"SouthAfrica"
2010-06-14,7.66370010375977,7.70300006866455,7.55259990692139,7.57620000839233,0,7.57620000839233,"SouthAfrica"
2010-06-15,7.57620000839233,7.64569997787476,7.53800010681152,7.5757999420166,0,7.5757999420166,"SouthAfrica"
2010-06-16,7.58489990234375,7.64440011978149,7.52500009536743,7.57499980926514,0,7.57499980926514,"SouthAfrica"
2010-06-17,7.57490015029907,7.57858991622925,7.48360013961792,7.49809980392456,0,7.49809980392456,"SouthAfrica"
2010-06-20,7.46350002288818,7.51520013809204,7.39379978179932,7.49459981918335,0,7.49459981918335,"SouthAfrica"
2010-06-21,7.4867000579834,7.5802001953125,7.46999979019165,7.55459022521973,0,7.55459022521973,"SouthAfrica"
2010-06-22,7.54990005493164,7.59310007095337,7.49580001831055,7.51639986038208,0,7.51639986038208,"SouthAfrica"
2010-06-23,7.51639986038208,7.66379976272583,7.49149990081787,7.57600021362305,0,7.57600021362305,"SouthAfrica"
2010-06-24,7.57439994812012,7.68499994277954,7.56699991226196,7.6068000793457,0,7.6068000793457,"SouthAfrica"
2010-06-27,7.60750007629395,7.62750005722046,7.50680017471313,7.56290006637573,0,7.56290006637573,"SouthAfrica"
2010-06-28,7.56489992141724,7.67759990692139,7.5507001876831,7.66839981079102,0,7.66839981079102,"SouthAfrica"
2010-06-29,7.67070007324219,7.67829990386963,7.59240007400513,7.66769981384277,0,7.66769981384277,"SouthAfrica"
2010-06-30,7.64970016479492,7.77742004394531,7.67040014266968,7.73420000076294,0,7.73420000076294,"SouthAfrica"
2010-07-01,7.73000001907349,7.7596001625061,7.64799976348877,7.72410011291504,0,7.72410011291504,"SouthAfrica"
2010-07-04,7.73120021820068,7.74783992767334,7.6722002029419,7.74520015716553,0,7.74520015716553,"SouthAfrica"
2010-07-05,7.74539995193481,7.75729990005493,7.58449983596802,7.65380001068115,0,7.65380001068115,"SouthAfrica"
2010-07-06,7.65430021286011,7.68451976776123,7.58580017089844,7.61380004882812,0,7.61380004882812,"SouthAfrica"
2010-07-07,7.59929990768433,7.61759996414185,7.51639986038208,7.5605001449585,0,7.5605001449585,"SouthAfrica"
2010-07-08,7.54629993438721,7.58913993835449,7.52330017089844,7.58529996871948,0,7.58529996871948,"SouthAfrica"
2010-07-11,7.55000019073486,7.63280010223389,7.52680015563965,7.60879993438721,0,7.60879993438721,"SouthAfrica"
2010-07-12,7.60909986495972,7.64050006866455,7.50409984588623,7.50439977645874,0,7.50439977645874,"SouthAfrica"
2010-07-13,7.51910018920898,7.58500003814697,7.4882001876831,7.52110004425049,0,7.52110004425049,"SouthAfrica"
2010-07-14,7.52110004425049,7.58900022506714,7.50269985198975,7.53889989852905,0,7.53889989852905,"SouthAfrica"
2010-07-15,7.53919982910156,7.60500001907349,7.50939989089966,7.57709980010986,0,7.57709980010986,"SouthAfrica"
2010-07-18,7.60050010681152,7.67010021209717,7.5556001663208,7.62709999084473,0,7.62709999084473,"SouthAfrica"
2010-07-19,7.62459993362427,7.64569997787476,7.52759981155396,7.55019998550415,0,7.55019998550415,"SouthAfrica"
2010-07-20,7.53970003128052,7.58290004730225,7.48740005493164,7.53749990463257,0,7.53749990463257,"SouthAfrica"
2010-07-21,7.53929996490479,7.57049989700317,7.41099977493286,7.43270015716553,0,7.43270015716553,"SouthAfrica"
2010-07-22,7.41650009155273,7.46920013427734,7.37960004806519,7.42180013656616,0,7.42180013656616,"SouthAfrica"
2010-07-25,7.41099977493286,7.44740009307861,7.30480003356934,7.32950019836426,0,7.32950019836426,"SouthAfrica"
2010-07-26,7.33010005950928,7.35294008255005,7.27379989624023,7.32560014724731,0,7.32560014724731,"SouthAfrica"
2010-07-27,7.33010005950928,7.37160015106201,7.30410003662109,7.33084011077881,0,7.33084011077881,"SouthAfrica"
2010-07-28,7.32910013198853,7.36579990386963,7.26399993896484,7.32079982757568,0,7.32079982757568,"SouthAfrica"
2010-07-29,7.31969976425171,7.37168979644775,7.26669979095459,7.28770017623901,0,7.28770017623901,"SouthAfrica"
2010-08-01,7.27880001068115,7.29979991912842,7.22749996185303,7.29349994659424,0,7.29349994659424,"SouthAfrica"
2010-08-02,7.29349994659424,7.3354001045227,7.24459981918335,7.25699996948242,0,7.25699996948242,"SouthAfrica"
2010-08-03,7.25710010528564,7.31720018386841,7.22870016098022,7.25750017166138,0,7.25750017166138,"SouthAfrica"
2010-08-04,7.26210021972656,7.29400014877319,7.18219995498657,7.26219987869263,0,7.26219987869263,"SouthAfrica"
2010-08-05,7.24389982223511,7.26999998092651,7.17780017852783,7.24300003051758,0,7.24300003051758,"SouthAfrica"
2010-08-08,7.21710014343262,7.24389982223511,7.15420007705688,7.21597003936768,0,7.21597003936768,"SouthAfrica"
2010-08-09,7.17899990081787,7.27040004730225,7.17119979858398,7.18450021743774,0,7.18450021743774,"SouthAfrica"
2010-08-10,7.19840002059937,7.31610012054443,7.19320011138916,7.20349979400635,0,7.20349979400635,"SouthAfrica"
2010-08-11,7.30509996414185,7.33360004425049,7.25559997558594,7.30520009994507,0,7.30520009994507,"SouthAfrica"
2010-08-12,7.28800010681152,7.32489013671875,7.20779991149902,7.28700017929077,0,7.28700017929077,"SouthAfrica"
2010-08-15,7.30749988555908,7.33440017700195,7.22679996490479,7.29640007019043,0,7.29640007019043,"SouthAfrica"
2010-08-16,7.26599979400635,7.27680015563965,7.2101001739502,7.26599979400635,0,7.26599979400635,"SouthAfrica"
2010-08-17,7.25699996948242,7.29120016098022,7.21570014953613,7.25699996948242,0,7.25699996948242,"SouthAfrica"
2010-08-18,7.26300001144409,7.29979991912842,7.21029996871948,7.26300001144409,0,7.26300001144409,"SouthAfrica"
2010-08-19,7.30499982833862,7.36509990692139,7.26380014419556,7.31209993362427,0,7.31209993362427,"SouthAfrica"
2010-08-22,7.3144998550415,7.3503999710083,7.25899982452393,7.31599998474121,0,7.31599998474121,"SouthAfrica"
2010-08-23,7.35599994659424,7.41529989242554,7.32520008087158,7.3604998588562,0,7.3604998588562,"SouthAfrica"
2010-08-24,7.35699987411499,7.39809989929199,7.31319999694824,7.36089992523193,0,7.36089992523193,"SouthAfrica"
2010-08-25,7.31400012969971,7.33033990859985,7.2551999092102,7.3144998550415,0,7.3144998550415,"SouthAfrica"
2010-08-26,7.29850006103516,7.39584016799927,7.26420021057129,7.30249977111816,0,7.30249977111816,"SouthAfrica"
2010-08-29,7.29500007629395,7.33500003814697,7.26590013504028,7.29500007629395,0,7.29500007629395,"SouthAfrica"
2010-08-30,7.33599996566772,7.42929983139038,7.31899976730347,7.33549976348877,0,7.33549976348877,"SouthAfrica"
2010-08-31,7.36850023269653,7.38180017471313,7.25979995727539,7.36850023269653,0,7.36850023269653,"SouthAfrica"
2010-09-01,7.27159976959229,7.31309986114502,7.20380020141602,7.27390003204346,0,7.27390003204346,"SouthAfrica"
2010-09-02,7.22749996185303,7.24590015411377,7.1314001083374,7.22700023651123,0,7.22700023651123,"SouthAfrica"
2010-09-05,7.16750001907349,7.2270998954773,7.14979982376099,7.16750001907349,0,7.16750001907349,"SouthAfrica"
2010-09-06,7.21950006484985,7.28399991989136,7.21190023422241,7.21950006484985,0,7.21950006484985,"SouthAfrica"
2010-09-07,7.25269985198975,7.29050016403198,7.21199989318848,7.2512001991272,0,7.2512001991272,"SouthAfrica"
2010-09-08,7.22883987426758,7.24420022964478,7.14449977874756,7.22499990463257,0,7.22499990463257,"SouthAfrica"
2010-09-09,7.20300006866455,7.23268985748291,7.14860010147095,7.20949983596802,0,7.20949983596802,"SouthAfrica"
2010-09-12,7.16099977493286,7.17010021209717,7.10860013961792,7.15850019454956,0,7.15850019454956,"SouthAfrica"
2010-09-13,7.1104998588562,7.15899991989136,7.04040002822876,7.1104998588562,0,7.1104998588562,"SouthAfrica"
2010-09-14,7.07600021362305,7.10930013656616,7.03200006484985,7.0770001411438,0,7.0770001411438,"SouthAfrica"
2010-09-15,7.08949995040894,7.16270017623901,7.06059980392456,7.09250020980835,0,7.09250020980835,"SouthAfrica"
2010-09-16,7.13549995422363,7.15299987792969,7.08419990539551,7.13500022888184,0,7.13500022888184,"SouthAfrica"
2010-09-19,7.13549995422363,7.15229988098145,7.07859992980957,7.13549995422363,0,7.13549995422363,"SouthAfrica"
2010-09-20,7.11999988555908,7.13079977035522,7.07289981842041,7.11749982833862,0,7.11749982833862,"SouthAfrica"
2010-09-21,7.04699993133545,7.05800008773804,6.96759986877441,7.0479998588562,0,7.0479998588562,"SouthAfrica"
2010-09-22,7.02850008010864,7.09100008010864,7.00099992752075,7.02850008010864,0,7.02850008010864,"SouthAfrica"
2010-09-23,7.05399990081787,7.08470010757446,6.97919988632202,7.05299997329712,0,7.05299997329712,"SouthAfrica"
2010-09-26,7.01049995422363,7.01859998703003,6.95699977874756,7.01049995422363,0,7.01049995422363,"SouthAfrica"
2010-09-27,7.00899982452393,7.04850006103516,6.94379997253418,7.00899982452393,0,7.00899982452393,"SouthAfrica"
2010-09-28,6.93149995803833,6.98540019989014,6.92049980163574,6.93400001525879,0,6.93400001525879,"SouthAfrica"
2010-09-29,6.95300006866455,6.99870014190674,6.93009996414185,6.9539999961853,0,6.9539999961853,"SouthAfrica"
2010-09-30,6.9520001411438,6.97200012207031,6.8996000289917,6.95149993896484,0,6.95149993896484,"SouthAfrica"
2010-10-03,6.92150020599365,7.02338981628418,6.91370010375977,6.9229998588562,0,6.9229998588562,"SouthAfrica"
2010-10-04,6.9850001335144,7.02500009536743,6.8653998374939,6.9850001335144,0,6.9850001335144,"SouthAfrica"
2010-10-05,6.88749980926514,6.90210008621216,6.82200002670288,6.88700008392334,0,6.88700008392334,"SouthAfrica"
2010-10-06,6.85099983215332,6.89550018310547,6.81640005111694,6.85099983215332,0,6.85099983215332,"SouthAfrica"
2010-10-07,6.88199996948242,6.92889976501465,6.82159996032715,6.87750005722046,0,6.87750005722046,"SouthAfrica"
2010-10-10,6.82800006866455,6.8882999420166,6.81110000610352,6.82800006866455,0,6.82800006866455,"SouthAfrica"
2010-10-11,6.85750007629395,6.93410015106201,6.84779977798462,6.86560010910034,0,6.86560010910034,"SouthAfrica"
2010-10-12,6.83400011062622,6.86298990249634,6.78760004043579,6.83549976348877,0,6.83549976348877,"SouthAfrica"
2010-10-13,6.8105001449585,6.8161997795105,6.74529981613159,6.81099987030029,0,6.81099987030029,"SouthAfrica"
2010-10-14,6.77549982070923,6.85809993743896,6.75449991226196,6.77549982070923,0,6.77549982070923,"SouthAfrica"
2010-10-17,6.79850006103516,6.90619993209839,6.79349994659424,6.79850006103516,0,6.79850006103516,"SouthAfrica"
2010-10-18,6.86350011825562,6.98330020904541,6.84110021591187,6.86399984359741,0,6.86399984359741,"SouthAfrica"
2010-10-19,6.95599985122681,6.96810007095337,6.88990020751953,6.95499992370605,0,6.95499992370605,"SouthAfrica"
2010-10-20,6.92649984359741,6.95389986038208,6.85400009155273,6.92500019073486,0,6.92500019073486,"SouthAfrica"
2010-10-21,6.9704999923706,6.974289894104,6.9077000617981,6.9704999923706,0,6.9704999923706,"SouthAfrica"
2010-10-24,6.92950010299683,6.93900012969971,6.85659980773926,6.92950010299683,0,6.92950010299683,"SouthAfrica"
2010-10-25,6.91699981689453,6.94089984893799,6.86880016326904,6.90509986877441,0,6.90509986877441,"SouthAfrica"
2010-10-26,6.93450021743774,7.07880020141602,6.92479991912842,6.93450021743774,0,6.93450021743774,"SouthAfrica"
2010-10-27,7.05600023269653,7.0661997795105,6.94999980926514,7.06400012969971,0,7.06400012969971,"SouthAfrica"
2010-10-28,7.05600023269653,7.0310001373291,6.91960000991821,7.06400012969971,0,7.06400012969971,"SouthAfrica"
2010-11-01,6.97599983215332,7.02190017700195,6.92269992828369,6.9670000076294,0,6.9670000076294,"SouthAfrica"
2010-11-02,6.96549987792969,6.98010015487671,6.89849996566772,6.96999979019165,0,6.96999979019165,"SouthAfrica"
2010-11-03,6.88149976730347,6.91904020309448,6.84859991073608,6.88859987258911,0,6.88859987258911,"SouthAfrica"
2010-11-04,6.8600001335144,6.87169981002808,6.74660015106201,6.8600001335144,0,6.8600001335144,"SouthAfrica"
2010-11-05,6.78550004959106,6.84649991989136,6.74420022964478,6.78550004959106,0,6.78550004959106,"SouthAfrica"
2010-11-08,6.77729988098145,6.88259983062744,6.76469993591309,6.77199983596802,0,6.77199983596802,"SouthAfrica"
2010-11-09,6.83799982070923,6.87739992141724,6.77379989624023,6.83249998092651,0,6.83249998092651,"SouthAfrica"
2010-11-10,6.86600017547607,6.92399978637695,6.81979990005493,6.86600017547607,0,6.86600017547607,"SouthAfrica"
2010-11-11,6.88759994506836,6.9439001083374,6.84060001373291,6.89699983596802,0,6.89699983596802,"SouthAfrica"
2010-11-12,6.9229998588562,7.01170015335083,6.87400007247925,6.92199993133545,0,6.92199993133545,"SouthAfrica"
2010-11-15,6.94649982452393,7.01109981536865,6.92229986190796,6.94500017166138,0,6.94500017166138,"SouthAfrica"
2010-11-16,6.96950006484985,7.05690002441406,6.9355001449585,6.96950006484985,0,6.96950006484985,"SouthAfrica"
2010-11-17,7.03340005874634,7.0753002166748,6.98579978942871,7.03259992599487,0,7.03259992599487,"SouthAfrica"
2010-11-18,7.00279998779297,7.0113000869751,6.93370008468628,7.00250005722046,0,7.00250005722046,"SouthAfrica"
2010-11-19,6.94920015335083,7.02010011672974,6.92070007324219,6.95739984512329,0,6.95739984512329,"SouthAfrica"
2010-11-22,6.9576997756958,7.0132999420166,6.93009996414185,6.9702000617981,0,6.9702000617981,"SouthAfrica"
2010-11-23,6.98059988021851,7.09609985351562,6.98059988021851,6.98880004882812,0,6.98880004882812,"SouthAfrica"
2010-11-24,7.09100008010864,7.12319993972778,7.02740001678467,7.09950017929077,0,7.09950017929077,"SouthAfrica"
2010-11-25,7.06090021133423,7.08199977874756,7.00390005111694,7.05039978027344,0,7.05039978027344,"SouthAfrica"
2010-11-26,7.02470016479492,7.16440010070801,7.01569986343384,7.0258002281189,0,7.0258002281189,"SouthAfrica"
2010-11-29,7.09989976882935,7.17609977722168,7.08769989013672,7.09989976882935,0,7.09989976882935,"SouthAfrica"
2010-11-30,7.13369989395142,7.15530014038086,7.06879997253418,7.12039995193481,0,7.12039995193481,"SouthAfrica"
2010-12-01,7.09310007095337,7.10909986495972,6.99130010604858,7.09340000152588,0,7.09340000152588,"SouthAfrica"
2010-12-02,7.02500009536743,7.02750015258789,6.92530012130737,7.02120018005371,0,7.02120018005371,"SouthAfrica"
2010-12-03,6.88350009918213,6.92770004272461,6.83979988098145,6.90059995651245,0,6.90059995651245,"SouthAfrica"
2010-12-06,6.8390998840332,6.93209981918335,6.82439994812012,6.84748983383179,0,6.84748983383179,"SouthAfrica"
2010-12-07,6.8730001449585,6.89929008483887,6.83920001983643,6.88350009918213,0,6.88350009918213,"SouthAfrica"
2010-12-08,6.91109991073608,6.98589992523193,6.89419984817505,6.89860010147095,0,6.89860010147095,"SouthAfrica"
2010-12-09,6.91989994049072,6.9306001663208,6.8568000793457,6.90259981155396,0,6.90259981155396,"SouthAfrica"
2010-12-10,6.86289978027344,6.90749979019165,6.8193998336792,6.86269998550415,0,6.86269998550415,"SouthAfrica"
2010-12-13,6.83500003814697,6.87120008468628,6.80579996109009,6.8439998626709,0,6.8439998626709,"SouthAfrica"
2010-12-14,6.81599998474121,6.84174013137817,6.77629995346069,6.83029985427856,0,6.83029985427856,"SouthAfrica"
2010-12-15,6.81559991836548,6.84980010986328,6.76149988174438,6.81559991836548,0,6.81559991836548,"SouthAfrica"
2010-12-16,6.84100008010864,6.86829996109009,6.80630016326904,6.85550022125244,0,6.85550022125244,"SouthAfrica"
2010-12-17,6.83419990539551,6.86479997634888,6.7726001739502,6.8238000869751,0,6.8238000869751,"SouthAfrica"
2010-12-20,6.83400011062622,6.88600015640259,6.79029989242554,6.82399988174438,0,6.82399988174438,"SouthAfrica"
2010-12-21,6.83699989318848,6.83900022506714,6.77729988098145,6.83699989318848,0,6.83699989318848,"SouthAfrica"
2010-12-22,6.8270001411438,6.82999992370605,6.76259994506836,6.82880020141602,0,6.82880020141602,"SouthAfrica"
2010-12-23,6.7829999923706,6.78999996185303,6.72569990158081,6.78499984741211,0,6.78499984741211,"SouthAfrica"
2010-12-24,6.74900007247925,6.76480007171631,6.70499992370605,6.74900007247925,0,6.74900007247925,"SouthAfrica"
2010-12-27,6.73309993743896,6.74139976501465,6.68499994277954,6.74020004272461,0,6.74020004272461,"SouthAfrica"
2010-12-28,6.70599985122681,6.72399997711182,6.6230001449585,6.70699977874756,0,6.70699977874756,"SouthAfrica"
2010-12-29,6.66620016098022,6.69509983062744,6.62050008773804,6.66620016098022,0,6.66620016098022,"SouthAfrica"
2010-12-30,6.63920021057129,6.66499996185303,6.57630014419556,6.62629985809326,0,6.62629985809326,"SouthAfrica"
2010-12-31,6.60720014572144,6.64309978485107,6.58349990844727,6.62239980697632,0,6.62239980697632,"SouthAfrica"
2011-01-03,6.56979990005493,6.63600015640259,6.56400012969971,6.57630014419556,0,6.57630014419556,"SouthAfrica"
2011-01-04,6.60389995574951,6.71413993835449,6.59649991989136,6.61789989471436,0,6.61789989471436,"SouthAfrica"
2011-01-05,6.65759992599487,6.74700021743774,6.64480018615723,6.64340019226074,0,6.64340019226074,"SouthAfrica"
2011-01-06,6.70100021362305,6.81020021438599,6.68489980697632,6.70100021362305,0,6.70100021362305,"SouthAfrica"
2011-01-07,6.771399974823,6.84730005264282,6.75299978256226,6.78800010681152,0,6.78800010681152,"SouthAfrica"
2011-01-10,6.78599977493286,6.87900018692017,6.77990007400513,6.78599977493286,0,6.78599977493286,"SouthAfrica"
2011-01-11,6.81099987030029,6.86969995498657,6.79419994354248,6.81199979782104,0,6.81199979782104,"SouthAfrica"
2011-01-12,6.86800003051758,6.87200021743774,6.8028998374939,6.86899995803833,0,6.86899995803833,"SouthAfrica"
2011-01-13,6.82439994812012,6.84999990463257,6.792799949646,6.81180000305176,0,6.81180000305176,"SouthAfrica"
2011-01-14,6.82149982452393,6.95410013198853,6.78800010681152,6.81899976730347,0,6.81899976730347,"SouthAfrica"
2011-01-17,6.91419982910156,6.96120023727417,6.86110019683838,6.91429996490479,0,6.91429996490479,"SouthAfrica"
2011-01-18,6.88129997253418,6.91960000991821,6.82460021972656,6.88100004196167,0,6.88100004196167,"SouthAfrica"
2011-01-19,6.89970016479492,6.97669982910156,6.83960008621216,6.89400005340576,0,6.89400005340576,"SouthAfrica"
2011-01-20,6.97599983215332,7.10519981384277,6.95230007171631,6.98699998855591,0,6.98699998855591,"SouthAfrica"
2011-01-21,7.05999994277954,7.13457012176514,7.02920007705688,7.06199979782104,0,7.06199979782104,"SouthAfrica"
2011-01-24,7.05100011825562,7.07399988174438,6.98409986495972,7.04899978637695,0,7.04899978637695,"SouthAfrica"
2011-01-25,6.99200010299683,7.0753002166748,6.96479988098145,6.99200010299683,0,6.99200010299683,"SouthAfrica"
2011-01-26,7.03700017929077,7.10300016403198,7.02810001373291,7.04699993133545,0,7.04699993133545,"SouthAfrica"
2011-01-27,7.06400012969971,7.09800004959106,7.00950002670288,7.06339979171753,0,7.06339979171753,"SouthAfrica"
2011-01-28,7.04199981689453,7.16940021514893,7.02759981155396,7.0479998588562,0,7.0479998588562,"SouthAfrica"
2011-01-31,7.16060018539429,7.19714021682739,7.13700008392334,7.1609001159668,0,7.1609001159668,"SouthAfrica"
2011-02-01,7.1729998588562,7.18020009994507,7.10570001602173,7.17700004577637,0,7.17700004577637,"SouthAfrica"
2011-02-02,7.11299991607666,7.16620016098022,7.07819986343384,7.0971999168396,0,7.0971999168396,"SouthAfrica"
2011-02-03,7.15729999542236,7.29390001296997,7.12960004806519,7.15729999542236,0,7.15729999542236,"SouthAfrica"
2011-02-04,7.23579978942871,7.3157000541687,7.22599983215332,7.2354998588562,0,7.2354998588562,"SouthAfrica"
2011-02-07,7.23699998855591,7.28760004043579,7.18499994277954,7.24300003051758,0,7.24300003051758,"SouthAfrica"
2011-02-08,7.23050022125244,7.25619983673096,7.1382999420166,7.23019981384277,0,7.23019981384277,"SouthAfrica"
2011-02-09,7.18699979782104,7.24100017547607,7.15180015563965,7.18900012969971,0,7.18900012969971,"SouthAfrica"
2011-02-10,7.19840002059937,7.29199981689453,7.19019985198975,7.19950008392334,0,7.19950008392334,"SouthAfrica"
2011-02-11,7.26900005340576,7.34299993515015,7.25299978256226,7.26900005340576,0,7.26900005340576,"SouthAfrica"
2011-02-14,7.25500011444092,7.32310009002686,7.2133002281189,7.25500011444092,0,7.25500011444092,"SouthAfrica"
2011-02-15,7.26639986038208,7.33109998703003,7.24620008468628,7.27080011367798,0,7.27080011367798,"SouthAfrica"
2011-02-16,7.31419992446899,7.33839988708496,7.21099996566772,7.31689977645874,0,7.31689977645874,"SouthAfrica"
2011-02-17,7.24329996109009,7.24988985061646,7.17869997024536,7.24520015716553,0,7.24520015716553,"SouthAfrica"
2011-02-18,7.16900014877319,7.21260023117065,7.10739994049072,7.17140007019043,0,7.17140007019043,"SouthAfrica"
2011-02-21,7.11700010299683,7.15579986572266,7.09709978103638,7.11999988555908,0,7.11999988555908,"SouthAfrica"
2011-02-22,7.14900016784668,7.22800016403198,7.09590005874634,7.15000009536743,0,7.15000009536743,"SouthAfrica"
2011-02-23,7.14300012588501,7.14900016784668,7.04619979858398,7.14799976348877,0,7.14799976348877,"SouthAfrica"
2011-02-24,7.09600019454956,7.14099979400635,7.02689981460571,7.10260009765625,0,7.10260009765625,"SouthAfrica"
2011-02-25,7.03999996185303,7.06199979782104,6.94420003890991,7.03999996185303,0,7.03999996185303,"SouthAfrica"
2011-02-28,6.99280023574829,7.02370023727417,6.91639995574951,6.9899001121521,0,6.9899001121521,"SouthAfrica"
2011-03-01,6.96169996261597,6.96400022506714,6.91809988021851,6.96299982070923,0,6.96299982070923,"SouthAfrica"
2011-03-02,6.98420000076294,6.99599981307983,6.83900022506714,6.9850001335144,0,6.9850001335144,"SouthAfrica"
2011-03-03,6.86999988555908,6.9242000579834,6.83529996871948,6.88100004196167,0,6.88100004196167,"SouthAfrica"
2011-03-04,6.92199993133545,6.92459011077881,6.8617000579834,6.92189979553223,0,6.92189979553223,"SouthAfrica"
2011-03-07,6.87890005111694,6.89130020141602,6.82270002365112,6.86999988555908,0,6.86999988555908,"SouthAfrica"
2011-03-08,6.8730001449585,6.92844009399414,6.83449983596802,6.8730001449585,0,6.8730001449585,"SouthAfrica"
2011-03-09,6.86700010299683,6.91499996185303,6.83799982070923,6.875,0,6.875,"SouthAfrica"
2011-03-10,6.84040021896362,6.91669988632202,6.83949995040894,6.85979986190796,0,6.85979986190796,"SouthAfrica"
2011-03-11,6.91400003433228,6.9539999961853,6.87220001220703,6.91400003433228,0,6.91400003433228,"SouthAfrica"
2011-03-14,6.90100002288818,6.93190002441406,6.83400011062622,6.90000009536743,0,6.90000009536743,"SouthAfrica"
2011-03-15,6.82399988174438,7.02549982070923,6.80569982528687,6.82770013809204,0,6.82770013809204,"SouthAfrica"
2011-03-16,6.96439981460571,7.03399991989136,6.93120002746582,6.96379995346069,0,6.96379995346069,"SouthAfrica"
2011-03-17,7.167799949646,7.17189979553223,7.02169990539551,7.17110013961792,0,7.17110013961792,"SouthAfrica"
2011-03-18,7.07999992370605,7.07999992370605,6.9608998298645,7.08129978179932,0,7.08129978179932,"SouthAfrica"
2011-03-21,6.98330020904541,7.00169992446899,6.91349983215332,7.00040006637573,0,7.00040006637573,"SouthAfrica"
2011-03-22,6.92000007629395,6.94299983978271,6.87580013275146,6.92549991607666,0,6.92549991607666,"SouthAfrica"
2011-03-23,6.88369989395142,6.94770002365112,6.87279987335205,6.90290021896362,0,6.90290021896362,"SouthAfrica"
2011-03-24,6.91599988937378,6.95849990844727,6.83879995346069,6.91599988937378,0,6.91599988937378,"SouthAfrica"
2011-03-25,6.87109994888306,6.90560007095337,6.82110023498535,6.8681001663208,0,6.8681001663208,"SouthAfrica"
2011-03-27,6.84289979934692,6.89400005340576,6.83120012283325,6.86199998855591,0,6.86199998855591,"SouthAfrica"
2011-03-28,6.85029983520508,6.88009977340698,6.82910013198853,6.85059976577759,0,6.85059976577759,"SouthAfrica"
2011-03-29,6.84700012207031,6.86390018463135,6.78429985046387,6.83179998397827,0,6.83179998397827,"SouthAfrica"
2011-03-30,6.82200002670288,6.8242998123169,6.73950004577637,6.82200002670288,0,6.82200002670288,"SouthAfrica"
2011-03-31,6.75220012664795,6.77990007400513,6.68170022964478,6.76200008392334,0,6.76200008392334,"SouthAfrica"
2011-04-03,6.6823000907898,6.73570013046265,6.67019987106323,6.6823000907898,0,6.6823000907898,"SouthAfrica"
2011-04-04,6.71199989318848,6.74580001831055,6.6911997795105,6.71199989318848,0,6.71199989318848,"SouthAfrica"
2011-04-05,6.70130014419556,6.71990013122559,6.65990018844604,6.70160007476807,0,6.70160007476807,"SouthAfrica"
2011-04-06,6.68030023574829,6.7185001373291,6.6301999092102,6.68100023269653,0,6.68100023269653,"SouthAfrica"
2011-04-07,6.64400005340576,6.66529989242554,6.61310005187988,6.66330003738403,0,6.66330003738403,"SouthAfrica"
2011-04-10,6.63700008392334,6.65990018844604,6.61619997024536,6.63700008392334,0,6.63700008392334,"SouthAfrica"
2011-04-11,6.67899990081787,6.73159980773926,6.65880012512207,6.67920017242432,0,6.67920017242432,"SouthAfrica"
2011-04-12,6.73579978942871,6.77510023117065,6.7020001411438,6.73579978942871,0,6.73579978942871,"SouthAfrica"
2011-04-13,6.7960000038147,6.87279987335205,6.75260019302368,6.80100011825562,0,6.80100011825562,"SouthAfrica"
2011-04-14,NA,NA,NA,NA,NA,NA,"SouthAfrica"
2011-04-17,6.78240013122559,6.9045000076294,6.78200006484985,6.79099988937378,0,6.79099988937378,"SouthAfrica"
2011-04-18,6.82600021362305,6.86719989776611,6.78809976577759,6.82600021362305,0,6.82600021362305,"SouthAfrica"
2011-04-19,6.79029989242554,6.80810022354126,6.69199991226196,6.80810022354126,0,6.80810022354126,"SouthAfrica"
2011-04-20,6.78760004043579,6.78760004043579,6.69099998474121,6.76959991455078,0,6.76959991455078,"SouthAfrica"
2011-04-21,6.69000005722046,6.71229982376099,6.6560001373291,6.70760011672974,0,6.70760011672974,"SouthAfrica"
2011-04-24,6.70069980621338,6.7322998046875,6.65899991989136,6.69129991531372,0,6.69129991531372,"SouthAfrica"
2011-04-25,6.70699977874756,6.74849987030029,6.67040014266968,6.72510004043579,0,6.72510004043579,"SouthAfrica"
2011-04-26,6.65040016174316,6.6710000038147,6.59299993515015,6.67089986801147,0,6.67089986801147,"SouthAfrica"
2011-04-27,6.57859992980957,6.62839984893799,6.55999994277954,6.57870006561279,0,6.57870006561279,"SouthAfrica"
2011-04-28,6.59800004959106,6.62230014801025,6.5479998588562,6.59800004959106,0,6.59800004959106,"SouthAfrica"
2011-05-01,6.54769992828369,6.60449981689453,6.52299976348877,6.56300020217896,0,6.56300020217896,"SouthAfrica"
2011-05-02,6.58680009841919,6.66139984130859,6.56799983978271,6.60400009155273,0,6.60400009155273,"SouthAfrica"
2011-05-03,6.63100004196167,6.67594003677368,6.59040021896362,6.63100004196167,0,6.63100004196167,"SouthAfrica"
2011-05-04,6.64400005340576,6.75150012969971,6.62279987335205,6.65999984741211,0,6.65999984741211,"SouthAfrica"
2011-05-05,6.72100019454956,6.76490020751953,6.63049983978271,6.72270011901855,0,6.72270011901855,"SouthAfrica"
2011-05-08,6.69000005722046,6.76170015335083,6.63800001144409,6.69630002975464,0,6.69630002975464,"SouthAfrica"
2011-05-09,6.71759986877441,6.8076000213623,6.69399976730347,6.69859981536865,0,6.69859981536865,"SouthAfrica"
2011-05-10,6.71500015258789,6.84009981155396,6.71099996566772,6.73489999771118,0,6.73489999771118,"SouthAfrica"
2011-05-11,6.85799980163574,6.96309995651245,6.83900022506714,6.87220001220703,0,6.87220001220703,"SouthAfrica"
2011-05-12,6.88100004196167,7.0181999206543,6.86469984054565,6.8867998123169,0,6.8867998123169,"SouthAfrica"
2011-05-15,6.99900007247925,7.03940010070801,6.94420003890991,7.01539993286133,0,7.01539993286133,"SouthAfrica"
2011-05-16,6.97399997711182,7.0327000617981,6.93389987945557,6.97790002822876,0,6.97790002822876,"SouthAfrica"
2011-05-17,6.93200016021729,6.94750022888184,6.88619995117188,6.94960021972656,0,6.94960021972656,"SouthAfrica"
2011-05-18,6.87900018692017,6.94019985198975,6.85099983215332,6.87900018692017,0,6.87900018692017,"SouthAfrica"
2011-05-19,6.855299949646,6.93249988555908,6.83199977874756,6.83400011062622,0,6.83400011062622,"SouthAfrica"
2011-05-22,6.92199993133545,7.03779983520508,6.89599990844727,6.90199995040894,0,6.90199995040894,"SouthAfrica"
2011-05-23,6.99900007247925,7.02750015258789,6.96299982070923,7.00400018692017,0,7.00400018692017,"SouthAfrica"
2011-05-24,6.97450017929077,7.06920003890991,6.95599985122681,6.95860004425049,0,6.95860004425049,"SouthAfrica"
2011-05-25,7.01560020446777,7.0366997718811,6.94049978256226,7.03329992294312,0,7.03329992294312,"SouthAfrica"
2011-05-26,6.93800020217896,6.96299982070923,6.87099981307983,6.93800020217896,0,6.93800020217896,"SouthAfrica"
2011-05-29,6.89699983596802,6.94449996948242,6.875,6.89699983596802,0,6.89699983596802,"SouthAfrica"
2011-05-30,6.92239999771118,6.92530012130737,6.79530000686646,6.92379999160767,0,6.92379999160767,"SouthAfrica"
2011-05-31,6.79979991912842,6.81020021438599,6.75,6.80009984970093,0,6.80009984970093,"SouthAfrica"
2011-06-01,6.80800008773804,6.82959985733032,6.72060012817383,6.80970001220703,0,6.80970001220703,"SouthAfrica"
2011-06-02,6.69000005722046,6.75010013580322,6.67490005493164,6.6939001083374,0,6.6939001083374,"SouthAfrica"
2011-06-05,6.67799997329712,6.76359987258911,6.65199995040894,6.67799997329712,0,6.67799997329712,"SouthAfrica"
2011-06-06,6.7649998664856,6.78889989852905,6.69000005722046,6.77750015258789,0,6.77750015258789,"SouthAfrica"
2011-06-07,6.69099998474121,6.7700400352478,6.68699979782104,6.70410013198853,0,6.70410013198853,"SouthAfrica"
2011-06-08,6.70300006866455,6.76000022888184,6.66699981689453,6.72399997711182,0,6.72399997711182,"SouthAfrica"
2011-06-09,6.72200012207031,6.79650020599365,6.71199989318848,6.72200012207031,0,6.72200012207031,"SouthAfrica"
2011-06-12,6.78200006484985,6.80900001525879,6.74599981307983,6.78200006484985,0,6.78200006484985,"SouthAfrica"
2011-06-13,6.7632999420166,6.78480005264282,6.72380018234253,6.7827000617981,0,6.7827000617981,"SouthAfrica"
2011-06-14,6.7581000328064,6.83179998397827,6.72900009155273,6.73780012130737,0,6.73780012130737,"SouthAfrica"
2011-06-15,6.83809995651245,6.90150022506714,6.80900001525879,6.83839988708496,0,6.83839988708496,"SouthAfrica"
2011-06-16,6.8289999961853,6.86609983444214,6.73899984359741,6.8289999961853,0,6.8289999961853,"SouthAfrica"
2011-06-19,6.74300003051758,6.82520008087158,6.74300003051758,6.74499988555908,0,6.74499988555908,"SouthAfrica"
2011-06-20,6.78060007095337,6.79500007629395,6.69600009918213,6.78060007095337,0,6.78060007095337,"SouthAfrica"
2011-06-21,6.7056999206543,6.78550004959106,6.67700004577637,6.70690011978149,0,6.70690011978149,"SouthAfrica"
2011-06-22,6.76399993896484,6.88254022598267,6.75269985198975,6.77589988708496,0,6.77589988708496,"SouthAfrica"
2011-06-23,6.82469987869263,6.90840005874634,6.79269981384277,6.82730007171631,0,6.82730007171631,"SouthAfrica"
2011-06-26,6.88089990615845,6.93400001525879,6.84600019454956,6.88089990615845,0,6.88089990615845,"SouthAfrica"
2011-06-27,6.85599994659424,6.88210010528564,6.80970001220703,6.83979988098145,0,6.83979988098145,"SouthAfrica"
2011-06-28,6.84800004959106,6.85949993133545,6.78919982910156,6.82499980926514,0,6.82499980926514,"SouthAfrica"
2011-06-29,6.77400016784668,6.82140016555786,6.73099994659424,6.77799987792969,0,6.77799987792969,"SouthAfrica"
2011-06-30,6.75600004196167,6.78020000457764,6.70050001144409,6.75600004196167,0,6.75600004196167,"SouthAfrica"
2011-07-03,6.72499990463257,6.73640012741089,6.68599987030029,6.72720003128052,0,6.72720003128052,"SouthAfrica"
2011-07-04,6.70499992370605,6.76003980636597,6.69600009918213,6.71439981460571,0,6.71439981460571,"SouthAfrica"
2011-07-05,6.74030017852783,6.77810001373291,6.70300006866455,6.72429990768433,0,6.72429990768433,"SouthAfrica"
2011-07-06,6.7172999382019,6.74499988555908,6.65299987792969,6.73479986190796,0,6.73479986190796,"SouthAfrica"
2011-07-07,6.6547999382019,6.71929979324341,6.64900016784668,6.6547999382019,0,6.6547999382019,"SouthAfrica"
2011-07-10,6.71680021286011,6.84390020370483,6.69399976730347,6.71680021286011,0,6.71680021286011,"SouthAfrica"
2011-07-11,6.81400012969971,6.94740009307861,6.80499982833862,6.83470010757446,0,6.83470010757446,"SouthAfrica"
2011-07-12,6.86479997634888,6.90999984741211,6.79500007629395,6.84649991989136,0,6.84649991989136,"SouthAfrica"
2011-07-13,6.79129981994629,6.87559986114502,6.76200008392334,6.77629995346069,0,6.77629995346069,"SouthAfrica"
2011-07-14,6.8326997756958,6.91708993911743,6.81300020217896,6.83260011672974,0,6.83260011672974,"SouthAfrica"
2011-07-17,6.86199998855591,6.99730014801025,6.86199998855591,6.88859987258911,0,6.88859987258911,"SouthAfrica"
2011-07-18,6.95100021362305,6.98969984054565,6.9015998840332,6.97249984741211,0,6.97249984741211,"SouthAfrica"
2011-07-19,6.89160013198853,6.93523979187012,6.85300016403198,6.91179990768433,0,6.91179990768433,"SouthAfrica"
2011-07-20,6.85200023651123,6.88920021057129,6.76700019836426,6.85220003128052,0,6.85220003128052,"SouthAfrica"
2011-07-21,6.76760005950928,6.80149984359741,6.71400022506714,6.7664999961853,0,6.7664999961853,"SouthAfrica"
2011-07-24,6.77479982376099,6.84340000152588,6.72800016403198,6.75899982452393,0,6.75899982452393,"SouthAfrica"
2011-07-25,6.74200010299683,6.77169990539551,6.64300012588501,6.76620006561279,0,6.76620006561279,"SouthAfrica"
2011-07-26,6.67539978027344,6.68020009994507,6.60780000686646,6.67539978027344,0,6.67539978027344,"SouthAfrica"
2011-07-27,6.65640020370483,6.71129989624023,6.60699987411499,6.6761999130249,0,6.6761999130249,"SouthAfrica"
2011-07-28,6.73050022125244,6.778639793396,6.67000007629395,6.71439981460571,0,6.71439981460571,"SouthAfrica"
2011-07-31,6.68510007858276,6.7448000907898,6.63000011444092,6.66499996185303,0,6.66499996185303,"SouthAfrica"
2011-08-01,6.71999979019165,6.76389980316162,6.6926999092102,6.71999979019165,0,6.71999979019165,"SouthAfrica"
2011-08-02,6.76870012283325,6.83769989013672,6.71600008010864,6.78770017623901,0,6.78770017623901,"SouthAfrica"
2011-08-03,6.70289993286133,6.91869020462036,6.69960021972656,6.71570014953613,0,6.71570014953613,"SouthAfrica"
2011-08-04,6.92600011825562,6.95450019836426,6.83549976348877,6.9355001449585,0,6.9355001449585,"SouthAfrica"
2011-08-07,6.93450021743774,7.07829999923706,6.89300012588501,6.93450021743774,0,6.93450021743774,"SouthAfrica"
2011-08-08,7.17999982833862,7.49660015106201,7.15189981460571,7.17199993133545,0,7.17199993133545,"SouthAfrica"
2011-08-09,7.0939998626709,7.2733998298645,7.05249977111816,7.08610010147095,0,7.08610010147095,"SouthAfrica"
2011-08-10,7.26599979400635,7.33699989318848,7.09630012512207,7.27519989013672,0,7.27519989013672,"SouthAfrica"
2011-08-11,7.17600011825562,7.2765998840332,7.14919996261597,7.18510007858276,0,7.18510007858276,"SouthAfrica"
2011-08-14,7.14699983596802,7.19339990615845,7.06020021438599,7.15679979324341,0,7.15679979324341,"SouthAfrica"
2011-08-15,7.05639982223511,7.19233989715576,7.04500007629395,7.0479998588562,0,7.0479998588562,"SouthAfrica"
2011-08-16,7.14499998092651,7.16820001602173,7.03770017623901,7.14340019226074,0,7.14340019226074,"SouthAfrica"
2011-08-17,7.0774998664856,7.23740005493164,7.06400012969971,7.08319997787476,0,7.08319997787476,"SouthAfrica"
2011-08-18,7.18170022964478,7.25610017776489,7.11299991607666,7.16389989852905,0,7.16389989852905,"SouthAfrica"
2011-08-21,7.17969989776611,7.23469018936157,7.16230010986328,7.18699979782104,0,7.18699979782104,"SouthAfrica"
2011-08-22,7.19010019302368,7.23494005203247,7.13070011138916,7.20580005645752,0,7.20580005645752,"SouthAfrica"
2011-08-23,7.1645998954773,7.24200010299683,7.14900016784668,7.16099977493286,0,7.16099977493286,"SouthAfrica"
2011-08-24,7.26259994506836,7.27080011367798,7.16069984436035,7.26249980926514,0,7.26249980926514,"SouthAfrica"
2011-08-25,7.20959997177124,7.2350001335144,7.10909986495972,7.21600008010864,0,7.21600008010864,"SouthAfrica"
2011-08-28,7.13399982452393,7.1451997756958,7.00330018997192,7.14610004425049,0,7.14610004425049,"SouthAfrica"
2011-08-29,7.02519989013672,7.08960008621216,7.00740003585815,7.0443000793457,0,7.0443000793457,"SouthAfrica"
2011-08-30,7.05740022659302,7.07730007171631,6.97189998626709,7.07000017166138,0,7.07000017166138,"SouthAfrica"
2011-08-31,6.98099994659424,7.02220010757446,6.94570016860962,6.99399995803833,0,6.99399995803833,"SouthAfrica"
2011-09-01,6.97930002212524,7.07460021972656,6.96710014343262,6.97940015792847,0,6.97940015792847,"SouthAfrica"
2011-09-04,7.05499982833862,7.13280010223389,7.04309988021851,7.0612998008728,0,7.0612998008728,"SouthAfrica"
2011-09-05,7.11110019683838,7.1609001159668,7.04820013046265,7.11110019683838,0,7.11110019683838,"SouthAfrica"
2011-09-06,7.16499996185303,7.17309999465942,7.06190013885498,7.16499996185303,0,7.16499996185303,"SouthAfrica"
2011-09-07,7.11199998855591,7.17549991607666,7.10099983215332,7.11019992828369,0,7.11019992828369,"SouthAfrica"
2011-09-08,7.17490005493164,7.29659986495972,7.14139986038208,7.15710020065308,0,7.15710020065308,"SouthAfrica"
2011-09-11,7.2829999923706,7.40339994430542,7.26370000839233,7.2829999923706,0,7.2829999923706,"SouthAfrica"
2011-09-12,7.39300012588501,7.4492998123169,7.28630018234253,7.40250015258789,0,7.40250015258789,"SouthAfrica"
2011-09-13,7.2891001701355,7.44059991836548,7.26490020751953,7.27099990844727,0,7.27099990844727,"SouthAfrica"
2011-09-14,7.38719987869263,7.46929979324341,7.31199979782104,7.38800001144409,0,7.38800001144409,"SouthAfrica"
2011-09-15,7.37720012664795,7.43900012969971,7.34800004959106,7.37750005722046,0,7.37750005722046,"SouthAfrica"
2011-09-18,7.4653000831604,7.71938991546631,7.45800018310547,7.47100019454956,0,7.47100019454956,"SouthAfrica"
2011-09-19,7.7020001411438,7.74350023269653,7.60799980163574,7.7020001411438,0,7.7020001411438,"SouthAfrica"
2011-09-20,7.71099996566772,7.95809984207153,7.69099998474121,7.71560001373291,0,7.71560001373291,"SouthAfrica"
2011-09-21,8.22399997711182,8.32619953155518,8.1190996170044,8.23840141296387,0,8.23840141296387,"SouthAfrica"
2011-09-22,8.40180015563965,8.41409015655518,8.22399997711182,8.40299987792969,0,8.40299987792969,"SouthAfrica"
2011-09-25,8.07079982757568,8.32960033416748,7.94700002670288,8.06999969482422,0,8.06999969482422,"SouthAfrica"
2011-09-26,8.02200031280518,8.05309963226318,7.7765998840332,8.02929973602295,0,8.02929973602295,"SouthAfrica"
2011-09-27,7.84899997711182,7.90229988098145,7.77500009536743,7.86359977722168,0,7.86359977722168,"SouthAfrica"
2011-09-28,7.91209983825684,7.94670009613037,7.80999994277954,7.90700006484985,0,7.90700006484985,"SouthAfrica"
2011-09-29,7.97900009155273,8.1471996307373,7.94700002670288,7.97700023651123,0,7.97700023651123,"SouthAfrica"
2011-10-02,8.10499954223633,8.24540138244629,8.05319976806641,8.08899974822998,0,8.08899974822998,"SouthAfrica"
2011-10-03,8.28369998931885,8.34430027008057,8.19600009918213,8.28369998931885,0,8.28369998931885,"SouthAfrica"
2011-10-04,8.0846996307373,8.15559959411621,7.9980001449585,8.08080005645752,0,8.08080005645752,"SouthAfrica"
2011-10-05,7.96190023422241,8.07419967651367,7.85799980163574,7.97030019760132,0,7.97030019760132,"SouthAfrica"
2011-10-06,7.92710018157959,8.00669956207275,7.86180019378662,7.90700006484985,0,7.90700006484985,"SouthAfrica"
2011-10-09,7.96460008621216,7.98629999160767,7.7960000038147,7.9520001411438,0,7.9520001411438,"SouthAfrica"
2011-10-10,7.83230018615723,7.99809980392456,7.81699991226196,7.83190011978149,0,7.83190011978149,"SouthAfrica"
2011-10-11,7.91960000991821,7.97009992599487,7.75600004196167,7.90899991989136,0,7.90899991989136,"SouthAfrica"
2011-10-12,7.81150007247925,7.93620014190674,7.76800012588501,7.81349992752075,0,7.81349992752075,"SouthAfrica"
2011-10-13,7.86299991607666,7.89230012893677,7.80299997329712,7.8801999092102,0,7.8801999092102,"SouthAfrica"
2011-10-16,7.80100011825562,7.97289991378784,7.75299978256226,7.81750011444092,0,7.81750011444092,"SouthAfrica"
2011-10-17,7.96099996566772,8.08530139923096,7.91300010681152,7.96099996566772,0,7.96099996566772,"SouthAfrica"
2011-10-18,7.96999979019165,8.01930141448975,7.9210000038147,7.95300006866455,0,7.95300006866455,"SouthAfrica"
2011-10-19,8.03829956054688,8.25969982147217,8.01599979400635,8.02099990844727,0,8.02099990844727,"SouthAfrica"
2011-10-20,8.125,8.21969985961914,8.01700019836426,8.125,0,8.125,"SouthAfrica"
2011-10-23,8.05729961395264,8.06999969482422,7.83699989318848,8.04699993133545,0,8.04699993133545,"SouthAfrica"
2011-10-24,7.84100008010864,7.96880006790161,7.84100008010864,7.85879993438721,0,7.85879993438721,"SouthAfrica"
2011-10-25,7.89300012588501,8.00959968566895,7.88000011444092,7.91389989852905,0,7.91389989852905,"SouthAfrica"
2011-10-26,7.9229998588562,7.95009994506836,7.67899990081787,7.9229998588562,0,7.9229998588562,"SouthAfrica"
2011-10-27,7.69299983978271,7.76100015640259,7.6710000038147,7.69299983978271,0,7.69299983978271,"SouthAfrica"
2011-10-31,7.70499992370605,7.89209985733032,7.7020001411438,7.70499992370605,0,7.70499992370605,"SouthAfrica"
2011-11-01,7.93300008773804,8.19470024108887,7.91800022125244,7.93300008773804,0,7.93300008773804,"SouthAfrica"
2011-11-02,8.08300018310547,8.10260009765625,7.93300008773804,8.08300018310547,0,8.08300018310547,"SouthAfrica"
2011-11-03,7.98899984359741,8.08360004425049,7.82299995422363,8.00749969482422,0,8.00749969482422,"SouthAfrica"
2011-11-04,7.84639978408813,7.91179990768433,7.77199983596802,7.82999992370605,0,7.82999992370605,"SouthAfrica"
2011-11-07,7.86899995803833,8.00010013580322,7.85200023651123,7.86899995803833,0,7.86899995803833,"SouthAfrica"
2011-11-08,7.9278998374939,7.97480010986328,7.8270001411438,7.92659997940063,0,7.92659997940063,"SouthAfrica"
2011-11-09,7.81790018081665,8.0319995880127,7.7960000038147,7.81780004501343,0,7.81780004501343,"SouthAfrica"
2011-11-10,8.03709983825684,8.09609985351562,7.91200017929077,8.0443000793457,0,8.0443000793457,"SouthAfrica"
2011-11-11,7.96420001983643,7.99259996414185,7.84700012207031,7.96710014343262,0,7.96710014343262,"SouthAfrica"
2011-11-14,7.87470006942749,7.98850011825562,7.84000015258789,7.87470006942749,0,7.87470006942749,"SouthAfrica"
2011-11-15,7.9850001335144,8.1564998626709,7.98099994659424,7.99980020523071,0,7.99980020523071,"SouthAfrica"
2011-11-16,8.17910003662109,8.23419952392578,8.10900020599365,8.15100002288818,0,8.15100002288818,"SouthAfrica"
2011-11-17,8.16899967193604,8.2613000869751,8.10299968719482,8.18850135803223,0,8.18850135803223,"SouthAfrica"
2011-11-18,8.20919990539551,8.24400043487549,8.125,8.19099998474121,0,8.19099998474121,"SouthAfrica"
2011-11-21,8.16300010681152,8.34290027618408,8.16300010681152,8.16199970245361,0,8.16199970245361,"SouthAfrica"
2011-11-22,8.30599975585938,8.45759963989258,8.24699974060059,8.30500030517578,0,8.30500030517578,"SouthAfrica"
2011-11-23,8.36999988555908,8.55290031433105,8.36800003051758,8.38720035552979,0,8.38720035552979,"SouthAfrica"
2011-11-24,8.56599998474121,8.57050037384033,8.42000007629395,8.5762996673584,0,8.5762996673584,"SouthAfrica"
2011-11-25,8.4670000076294,8.59879970550537,8.44600009918213,8.4847002029419,0,8.4847002029419,"SouthAfrica"
2011-11-28,8.47159957885742,8.47189998626709,8.2810001373291,8.47159957885742,0,8.47159957885742,"SouthAfrica"
2011-11-29,8.35200023651123,8.40929985046387,8.24499988555908,8.37230014801025,0,8.37230014801025,"SouthAfrica"
2011-11-30,8.31700038909912,8.45810031890869,8.08769989013672,8.3129997253418,0,8.3129997253418,"SouthAfrica"
2011-12-01,8.11979961395264,8.17339992523193,8.04899978637695,8.1205997467041,0,8.1205997467041,"SouthAfrica"
2011-12-02,8.07759952545166,8.08950138092041,7.96099996566772,8.07730007171631,0,8.07730007171631,"SouthAfrica"
2011-12-05,7.97399997711182,8.03289985656738,7.94799995422363,7.99429988861084,0,7.99429988861084,"SouthAfrica"
2011-12-06,8.01599979400635,8.12360000610352,8.00699996948242,8.02639961242676,0,8.02639961242676,"SouthAfrica"
2011-12-07,8.01539993286133,8.10859966278076,7.93200016021729,8.0128002166748,0,8.0128002166748,"SouthAfrica"
2011-12-08,7.99499988555908,8.20450019836426,7.98899984359741,8.01060009002686,0,8.01060009002686,"SouthAfrica"
2011-12-09,8.20499992370605,8.31869983673096,8.0920000076294,8.20699977874756,0,8.20699977874756,"SouthAfrica"
2011-12-12,8.08500003814697,8.27099990844727,8.06040000915527,8.08500003814697,0,8.08500003814697,"SouthAfrica"
2011-12-13,8.27880001068115,8.28240013122559,8.16899967193604,8.27849960327148,0,8.27849960327148,"SouthAfrica"
2011-12-14,8.3420000076294,8.4326000213623,8.27740001678467,8.36359977722168,0,8.36359977722168,"SouthAfrica"
2011-12-15,8.42520046234131,8.44659996032715,8.32199954986572,8.42099952697754,0,8.42099952697754,"SouthAfrica"
2011-12-16,8.36900043487549,8.38930034637451,8.3100004196167,8.36900043487549,0,8.36900043487549,"SouthAfrica"
2011-12-19,8.37660026550293,8.40989971160889,8.34070014953613,8.37629985809326,0,8.37629985809326,"SouthAfrica"
2011-12-20,8.37880039215088,8.39009952545166,8.21749973297119,8.37849998474121,0,8.37849998474121,"SouthAfrica"
2011-12-21,8.1923999786377,8.26990032196045,8.06799983978271,8.19200038909912,0,8.19200038909912,"SouthAfrica"
2011-12-22,8.23120021820068,8.25769996643066,8.11940002441406,8.22999954223633,0,8.22999954223633,"SouthAfrica"
2011-12-23,8.18280029296875,8.18939971923828,8.11499977111816,8.1786003112793,0,8.1786003112793,"SouthAfrica"
2011-12-26,8.14120006561279,8.1653003692627,8.12679958343506,8.14120006561279,0,8.14120006561279,"SouthAfrica"
2011-12-27,8.14159965515137,8.17580032348633,8.1225996017456,8.14159965515137,0,8.14159965515137,"SouthAfrica"
2011-12-28,8.13109970092773,8.17599964141846,8.09850025177002,8.13109970092773,0,8.13109970092773,"SouthAfrica"
2011-12-29,8.19180011749268,8.21179962158203,8.11849975585938,8.19180011749268,0,8.19180011749268,"SouthAfrica"
2011-12-30,8.1540002822876,8.17780017852783,8.06869983673096,8.1540002822876,0,8.1540002822876,"SouthAfrica"
2012-01-02,8.0684003829956,8.08979988098145,8.05049991607666,8.0684003829956,0,8.0684003829956,"SouthAfrica"
2012-01-03,8.06879997253418,8.0866003036499,8.01799964904785,8.06859970092773,0,8.06859970092773,"SouthAfrica"
2012-01-04,8.05270004272461,8.18389987945557,8.04520034790039,8.05270004272461,0,8.05270004272461,"SouthAfrica"
2012-01-05,8.13119983673096,8.23079967498779,8.11110019683838,8.13119983673096,0,8.13119983673096,"SouthAfrica"
2012-01-06,8.18239974975586,8.20680046081543,8.11229991912842,8.18210029602051,0,8.18210029602051,"SouthAfrica"
2012-01-09,8.17800045013428,8.19559955596924,8.13609981536865,8.17800045013428,0,8.17800045013428,"SouthAfrica"
2012-01-10,8.16009998321533,8.16209983825684,8.06040000915527,8.16009998321533,0,8.16009998321533,"SouthAfrica"
2012-01-11,8.10420036315918,8.16129970550537,8.08419990539551,8.10420036315918,0,8.10420036315918,"SouthAfrica"
2012-01-12,8.08259963989258,8.10429954528809,8.01019954681396,8.08689975738525,0,8.08689975738525,"SouthAfrica"
2012-01-13,8.0492000579834,8.2189998626709,8.01729965209961,8.05130004882812,0,8.05130004882812,"SouthAfrica"
2012-01-16,8.15709972381592,8.18029975891113,8.06429958343506,8.1560001373291,0,8.1560001373291,"SouthAfrica"
2012-01-17,8.09370040893555,8.10260009765625,7.99280023574829,8.09370040893555,0,8.09370040893555,"SouthAfrica"
2012-01-18,8.02820014953613,8.05270004272461,7.98629999160767,8.02820014953613,0,8.02820014953613,"SouthAfrica"
2012-01-19,7.9524998664856,7.99520015716553,7.89940023422241,7.9524998664856,0,7.9524998664856,"SouthAfrica"
2012-01-20,7.9060001373291,7.98880004882812,7.90409994125366,7.9060001373291,0,7.9060001373291,"SouthAfrica"
2012-01-23,7.95009994506836,7.97930002212524,7.90269994735718,7.95009994506836,0,7.95009994506836,"SouthAfrica"
2012-01-24,7.93179988861084,8.01019954681396,7.93100023269653,7.93179988861084,0,7.93179988861084,"SouthAfrica"
2012-01-25,7.94960021972656,8.06099987030029,7.89480018615723,7.94960021972656,0,7.94960021972656,"SouthAfrica"
2012-01-26,7.87360000610352,7.91550016403198,7.78020000457764,7.8717999458313,0,7.8717999458313,"SouthAfrica"
2012-01-27,7.81920003890991,7.83790016174316,7.74849987030029,7.81680011749268,0,7.81680011749268,"SouthAfrica"
2012-01-30,7.74340009689331,7.87230014801025,7.74264001846313,7.74340009689331,0,7.74340009689331,"SouthAfrica"
2012-01-31,7.82819986343384,7.83970022201538,7.75417995452881,7.82819986343384,0,7.82819986343384,"SouthAfrica"
2012-02-01,7.82819986343384,7.83970022201538,7.75417995452881,7.79180002212524,0,7.79180002212524,"SouthAfrica"
2012-02-02,7.66260004043579,7.7221999168396,7.60510015487671,7.66200017929077,0,7.66200017929077,"SouthAfrica"
2012-02-03,7.63759994506836,7.66450023651123,7.53889989852905,7.63759994506836,0,7.63759994506836,"SouthAfrica"
2012-02-06,7.54160022735596,7.64879989624023,7.53310012817383,7.54080009460449,0,7.54080009460449,"SouthAfrica"
2012-02-07,7.54689979553223,7.59800004959106,7.52680015563965,7.54030990600586,0,7.54030990600586,"SouthAfrica"
2012-02-08,7.55789995193481,7.57299995422363,7.51870012283325,7.55789995193481,0,7.55789995193481,"SouthAfrica"
2012-02-09,7.55830001831055,7.65229988098145,7.5346999168396,7.55830001831055,0,7.55830001831055,"SouthAfrica"
2012-02-10,7.58029985427856,7.77479982376099,7.57910013198853,7.58029985427856,0,7.58029985427856,"SouthAfrica"
2012-02-13,7.66379976272583,7.70870018005371,7.6414999961853,7.66429996490479,0,7.66429996490479,"SouthAfrica"
2012-02-14,7.69460010528564,7.75589990615845,7.67479991912842,7.69829988479614,0,7.69829988479614,"SouthAfrica"
2012-02-15,7.71570014953613,7.73579978942871,7.66839981079102,7.71570014953613,0,7.71570014953613,"SouthAfrica"
2012-02-16,7.76370000839233,7.87779998779297,7.76079988479614,7.7617998123169,0,7.7617998123169,"SouthAfrica"
2012-02-17,7.76410007476807,7.78450012207031,7.71120023727417,7.76410007476807,0,7.76410007476807,"SouthAfrica"
2012-02-20,7.68340015411377,7.70020008087158,7.64050006866455,7.67170000076294,0,7.67170000076294,"SouthAfrica"
2012-02-21,7.68610000610352,7.74650001525879,7.63701009750366,7.68650007247925,0,7.68650007247925,"SouthAfrica"
2012-02-22,7.7322998046875,7.75570011138916,7.70329999923706,7.73269987106323,0,7.73269987106323,"SouthAfrica"
2012-02-23,7.71119022369385,7.74340009689331,7.66039991378784,7.71110010147095,0,7.71110010147095,"SouthAfrica"
2012-02-24,7.65490007400513,7.66510009765625,7.57789993286133,7.65369987487793,0,7.65369987487793,"SouthAfrica"
2012-02-27,7.57770013809204,7.64510011672974,7.57299995422363,7.57760000228882,0,7.57760000228882,"SouthAfrica"
2012-02-28,7.54020023345947,7.5556001663208,7.50330018997192,7.55170011520386,0,7.55170011520386,"SouthAfrica"
2012-02-29,7.47830009460449,7.48759984970093,7.40000009536743,7.48129987716675,0,7.48129987716675,"SouthAfrica"
2012-03-01,7.46793985366821,7.50460004806519,7.44799995422363,7.47489976882935,0,7.47489976882935,"SouthAfrica"
2012-03-02,7.43669986724854,7.5295000076294,7.43090009689331,7.43680000305176,0,7.43680000305176,"SouthAfrica"
2012-03-05,7.50829982757568,7.58349990844727,7.49499988555908,7.50829982757568,0,7.50829982757568,"SouthAfrica"
2012-03-06,7.54610013961792,7.64900016784668,7.54540014266968,7.54769992828369,0,7.54769992828369,"SouthAfrica"
2012-03-07,7.64610004425049,7.67649984359741,7.61329984664917,7.64610004425049,0,7.64610004425049,"SouthAfrica"
2012-03-08,7.59180021286011,7.60200023651123,7.5032000541687,7.59180021286011,0,7.59180021286011,"SouthAfrica"
2012-03-09,7.47889995574951,7.54489994049072,7.46600008010864,7.47889995574951,0,7.47889995574951,"SouthAfrica"
2012-03-12,7.5612998008728,7.60200023651123,7.55408000946045,7.56479978561401,0,7.56479978561401,"SouthAfrica"
2012-03-13,7.54180002212524,7.58419990539551,7.51779985427856,7.54199981689453,0,7.54199981689453,"SouthAfrica"
2012-03-14,7.52920007705688,7.68650007247925,7.52551984786987,7.52920007705688,0,7.52920007705688,"SouthAfrica"
2012-03-15,7.68620014190674,7.70550012588501,7.60989999771118,7.6896800994873,0,7.6896800994873,"SouthAfrica"
2012-03-16,7.60200023651123,7.65710020065308,7.5543999671936,7.60200023651123,0,7.60200023651123,"SouthAfrica"
2012-03-19,7.56180000305176,7.58650016784668,7.52390003204346,7.56180000305176,0,7.56180000305176,"SouthAfrica"
2012-03-20,7.5295000076294,7.63899993896484,7.5201997756958,7.5295000076294,0,7.5295000076294,"SouthAfrica"
2012-03-21,7.60349988937378,7.66029977798462,7.56771993637085,7.60349988937378,0,7.60349988937378,"SouthAfrica"
2012-03-22,7.63870000839233,7.74650001525879,7.62690019607544,7.64379978179932,0,7.64379978179932,"SouthAfrica"
2012-03-23,7.69820022583008,7.74459981918335,7.66020011901855,7.69820022583008,0,7.69820022583008,"SouthAfrica"
2012-03-25,7.68489980697632,7.70860004425049,7.5802001953125,7.68489980697632,0,7.68489980697632,"SouthAfrica"
2012-03-26,7.58290004730225,7.60139989852905,7.54510021209717,7.58139991760254,0,7.58139991760254,"SouthAfrica"
2012-03-27,7.59819984436035,7.70469999313354,7.59180021286011,7.59889984130859,0,7.59889984130859,"SouthAfrica"
2012-03-28,7.67110013961792,7.77269983291626,7.65320014953613,7.67110013961792,0,7.67110013961792,"SouthAfrica"
2012-03-29,7.70749998092651,7.7153000831604,7.65032005310059,7.71000003814697,0,7.71000003814697,"SouthAfrica"
2012-04-01,7.62790012359619,7.67430019378662,7.60830020904541,7.62290000915527,0,7.62290000915527,"SouthAfrica"
2012-04-02,7.64069986343384,7.69799995422363,7.62569999694824,7.64200019836426,0,7.64200019836426,"SouthAfrica"
2012-04-03,7.73540019989014,7.83549976348877,7.72329998016357,7.73721981048584,0,7.73721981048584,"SouthAfrica"
2012-04-04,7.81699991226196,7.86299991607666,7.78000020980835,7.82049989700317,0,7.82049989700317,"SouthAfrica"
2012-04-05,7.82310009002686,7.88819980621338,7.79699993133545,7.82639980316162,0,7.82639980316162,"SouthAfrica"
2012-04-08,7.87909984588623,7.91330003738403,7.86918020248413,7.88380002975464,0,7.88380002975464,"SouthAfrica"
2012-04-09,7.88250017166138,8.03310012817383,7.85838985443115,7.87970018386841,0,7.87970018386841,"SouthAfrica"
2012-04-10,7.98710012435913,8.04699993133545,7.95329999923706,7.9847002029419,0,7.9847002029419,"SouthAfrica"
2012-04-11,7.97569990158081,7.98619985580444,7.88000011444092,7.97800016403198,0,7.97800016403198,"SouthAfrica"
2012-04-12,7.86630010604858,7.94640016555786,7.86199998855591,7.86850023269653,0,7.86850023269653,"SouthAfrica"
2012-04-15,7.94460010528564,8.01939964294434,7.93249988555908,7.94460010528564,0,7.94460010528564,"SouthAfrica"
2012-04-16,7.93669986724854,7.97809982299805,7.78520011901855,7.9387001991272,0,7.9387001991272,"SouthAfrica"
2012-04-17,7.80149984359741,7.86569976806641,7.78429985046387,7.79699993133545,0,7.79699993133545,"SouthAfrica"
2012-04-18,7.83799982070923,7.8698000907898,7.79820013046265,7.83640003204346,0,7.83640003204346,"SouthAfrica"
2012-04-19,7.84849977493286,7.85780000686646,7.79239988327026,7.84429979324341,0,7.84429979324341,"SouthAfrica"
2012-04-22,7.81239986419678,7.87799978256226,7.80142021179199,7.80178022384644,0,7.80178022384644,"SouthAfrica"
2012-04-23,7.84310007095337,7.87099981307983,7.76980018615723,7.83960008621216,0,7.83960008621216,"SouthAfrica"
2012-04-24,7.78350019454956,7.7975001335144,7.74889993667603,7.78709983825684,0,7.78709983825684,"SouthAfrica"
2012-04-25,7.7418999671936,7.79370021820068,7.72119998931885,7.73680019378662,0,7.73680019378662,"SouthAfrica"
2012-04-26,7.77269983291626,7.83739995956421,7.73960018157959,7.77419996261597,0,7.77419996261597,"SouthAfrica"
2012-04-29,7.74459981918335,7.76219987869263,7.71889019012451,7.74450016021729,0,7.74450016021729,"SouthAfrica"
2012-04-30,7.76660013198853,7.78340005874634,7.71379995346069,7.7649998664856,0,7.7649998664856,"SouthAfrica"
2012-05-01,7.73089981079102,7.76109981536865,7.70429992675781,7.72919988632202,0,7.72919988632202,"SouthAfrica"
2012-05-02,7.73320007324219,7.7463002204895,7.68959999084473,7.73050022125244,0,7.73050022125244,"SouthAfrica"
2012-05-03,7.72569990158081,7.82609987258911,7.70100021362305,7.72569990158081,0,7.72569990158081,"SouthAfrica"
2012-05-06,7.88180017471313,7.88180017471313,7.80770015716553,7.88110017776489,0,7.88110017776489,"SouthAfrica"
2012-05-07,7.79890012741089,7.93620014190674,7.79619979858398,7.79899978637695,0,7.79899978637695,"SouthAfrica"
2012-05-08,7.8931999206543,8.05370044708252,7.88049983978271,7.89200019836426,0,7.89200019836426,"SouthAfrica"
2012-05-09,7.99149990081787,8.04810047149658,7.95825004577637,7.99149990081787,0,7.99149990081787,"SouthAfrica"
2012-05-10,8.02999973297119,8.12489986419678,8.02140045166016,8.02820014953613,0,8.02820014953613,"SouthAfrica"
2012-05-13,8.10579967498779,8.20429992675781,8.09939956665039,8.10499954223633,0,8.10499954223633,"SouthAfrica"
2012-05-14,8.19460010528564,8.29749965667725,8.14599990844727,8.19550037384033,0,8.19550037384033,"SouthAfrica"
2012-05-15,8.3277997970581,8.38910007476807,8.26309967041016,8.3277997970581,0,8.3277997970581,"SouthAfrica"
2012-05-16,8.30970001220703,8.37339973449707,8.25310039520264,8.30650043487549,0,8.30650043487549,"SouthAfrica"
2012-05-17,8.36340045928955,8.4439001083374,8.26560020446777,8.36410045623779,0,8.36410045623779,"SouthAfrica"
2012-05-20,8.3254804611206,8.32890033721924,8.24880027770996,8.32299995422363,0,8.32299995422363,"SouthAfrica"
2012-05-21,8.2209997177124,8.2721996307373,8.2127103805542,8.21870040893555,0,8.21870040893555,"SouthAfrica"
2012-05-22,8.3415002822876,8.45870018005371,8.31579971313477,8.33889961242676,0,8.33889961242676,"SouthAfrica"
2012-05-23,8.38860034942627,8.42580032348633,8.28619956970215,8.39249992370605,0,8.39249992370605,"SouthAfrica"
2012-05-24,8.35990047454834,8.39039993286133,8.30739974975586,8.35990047454834,0,8.35990047454834,"SouthAfrica"
2012-05-27,8.35690021514893,8.35750007629395,8.27359962463379,8.35690021514893,0,8.35690021514893,"SouthAfrica"
2012-05-28,8.3390998840332,8.35820007324219,8.28310012817383,8.3390998840332,0,8.3390998840332,"SouthAfrica"
2012-05-29,8.30830001831055,8.519700050354,8.30700016021729,8.30340003967285,0,8.30340003967285,"SouthAfrica"
2012-05-30,8.53250026702881,8.58224964141846,8.48680019378662,8.53250026702881,0,8.53250026702881,"SouthAfrica"
2012-05-31,8.5004997253418,8.6899995803833,8.49090003967285,8.49930000305176,0,8.49930000305176,"SouthAfrica"
2012-06-03,8.5939998626709,8.62510013580322,8.47029972076416,8.5871000289917,0,8.5871000289917,"SouthAfrica"
2012-06-04,8.46819972991943,8.52025032043457,8.41559982299805,8.47630023956299,0,8.47630023956299,"SouthAfrica"
2012-06-05,8.4148998260498,8.43340015411377,8.32269954681396,8.41479969024658,0,8.41479969024658,"SouthAfrica"
2012-06-06,8.30160045623779,8.33699989318848,8.21909999847412,8.30189990997314,0,8.30189990997314,"SouthAfrica"
2012-06-07,8.37609958648682,8.50129985809326,8.36750030517578,8.37360000610352,0,8.37360000610352,"SouthAfrica"
2012-06-10,8.30790042877197,8.44180011749268,8.2588996887207,8.30599975585938,0,8.30599975585938,"SouthAfrica"
2012-06-11,8.46710014343262,8.47159957885742,8.37559986114502,8.46710014343262,0,8.46710014343262,"SouthAfrica"
2012-06-12,8.39589977264404,8.41679954528809,8.34889984130859,8.38710021972656,0,8.38710021972656,"SouthAfrica"
2012-06-13,8.38549995422363,8.45709991455078,8.36989974975586,8.38500022888184,0,8.38500022888184,"SouthAfrica"
2012-06-14,8.36509990692139,8.38949966430664,8.3508996963501,8.36509990692139,0,8.36509990692139,"SouthAfrica"
2012-06-17,8.25940036773682,8.37370014190674,8.24429988861084,8.26669979095459,0,8.26669979095459,"SouthAfrica"
2012-06-18,8.29360008239746,8.31569957733154,8.19289970397949,8.29629993438721,0,8.29629993438721,"SouthAfrica"
2012-06-19,8.19079971313477,8.23630046844482,8.16889953613281,8.19400024414062,0,8.19400024414062,"SouthAfrica"
2012-06-20,8.19229984283447,8.32759952545166,8.18690013885498,8.19060039520264,0,8.19060039520264,"SouthAfrica"
2012-06-21,8.3745002746582,8.43210029602051,8.33650016784668,8.37320041656494,0,8.37320041656494,"SouthAfrica"
2012-06-24,8.41100025177002,8.51900005340576,8.4064998626709,8.40884017944336,0,8.40884017944336,"SouthAfrica"
2012-06-25,8.4625997543335,8.4882001876831,8.4350004196167,8.46529960632324,0,8.46529960632324,"SouthAfrica"
2012-06-26,8.42749977111816,8.44760036468506,8.37279987335205,8.42749977111816,0,8.42749977111816,"SouthAfrica"
2012-06-27,8.42800045013428,8.45020008087158,8.3774995803833,8.43000030517578,0,8.43000030517578,"SouthAfrica"
2012-06-28,8.40359973907471,8.40559959411621,8.16889953613281,8.3927001953125,0,8.3927001953125,"SouthAfrica"
2012-07-01,8.15130043029785,8.194899559021,8.105299949646,8.14859962463379,0,8.14859962463379,"SouthAfrica"
2012-07-02,8.16149997711182,8.1702995300293,8.05930042266846,8.16119956970215,0,8.16119956970215,"SouthAfrica"
2012-07-03,8.06929969787598,8.15349960327148,8.0560998916626,8.06719970703125,0,8.06719970703125,"SouthAfrica"
2012-07-04,8.13039970397949,8.17119979858398,8.08080005645752,8.13020038604736,0,8.13020038604736,"SouthAfrica"
2012-07-05,8.12899971008301,8.28069972991943,8.12450981140137,8.13169956207275,0,8.13169956207275,"SouthAfrica"
2012-07-08,8.25529956817627,8.29950046539307,8.23079967498779,8.25319957733154,0,8.25319957733154,"SouthAfrica"
2012-07-09,8.22399997711182,8.25720024108887,8.15839958190918,8.22399997711182,0,8.22399997711182,"SouthAfrica"
2012-07-10,8.21030044555664,8.26169967651367,8.15979957580566,8.21030044555664,0,8.21030044555664,"SouthAfrica"
2012-07-11,8.23110008239746,8.37240028381348,8.23089981079102,8.230299949646,0,8.230299949646,"SouthAfrica"
2012-07-12,8.3351001739502,8.34379959106445,8.25539970397949,8.33349990844727,0,8.33349990844727,"SouthAfrica"
2012-07-15,8.25179958343506,8.27649974822998,8.20590019226074,8.25290012359619,0,8.25290012359619,"SouthAfrica"
2012-07-16,8.20530033111572,8.23779964447021,8.16359996795654,8.20860004425049,0,8.20860004425049,"SouthAfrica"
2012-07-17,8.15779972076416,8.20049953460693,8.15170001983643,8.16219997406006,0,8.16219997406006,"SouthAfrica"
2012-07-18,8.15299987792969,8.21319961547852,8.11600017547607,8.15499973297119,0,8.15499973297119,"SouthAfrica"
2012-07-19,8.16959953308105,8.27750015258789,8.16956043243408,8.1702995300293,0,8.1702995300293,"SouthAfrica"
2012-07-22,8.28689956665039,8.47990036010742,8.28090000152588,8.28629970550537,0,8.28629970550537,"SouthAfrica"
2012-07-23,8.45400047302246,8.52849960327148,8.41742038726807,8.45400047302246,0,8.45400047302246,"SouthAfrica"
2012-07-24,8.52299976348877,8.54759979248047,8.4060001373291,8.51609992980957,0,8.51609992980957,"SouthAfrica"
2012-07-25,8.40480041503906,8.44760036468506,8.24170017242432,8.40359973907471,0,8.40359973907471,"SouthAfrica"
2012-07-26,8.24870014190674,8.27169990539551,8.17560005187988,8.24870014190674,0,8.24870014190674,"SouthAfrica"
2012-07-29,8.1815996170044,8.21490001678467,8.15820026397705,8.1815996170044,0,8.1815996170044,"SouthAfrica"
2012-07-30,8.1875,8.2347002029419,8.16310024261475,8.1875,0,8.1875,"SouthAfrica"
2012-07-31,8.25209999084473,8.2883996963501,8.21479988098145,8.25220012664795,0,8.25220012664795,"SouthAfrica"
2012-08-01,8.32979965209961,8.41819953918457,8.24670028686523,8.32979965209961,0,8.32979965209961,"SouthAfrica"
2012-08-02,8.3612003326416,8.37370014190674,8.13160037994385,8.3612003326416,0,8.3612003326416,"SouthAfrica"
2012-08-05,8.1282901763916,8.20390033721924,8.11981010437012,8.12759971618652,0,8.12759971618652,"SouthAfrica"
2012-08-06,8.16349983215332,8.19769954681396,8.11779975891113,8.16349983215332,0,8.16349983215332,"SouthAfrica"
2012-08-07,8.16419982910156,8.2298002243042,8.09529972076416,8.16829967498779,0,8.16829967498779,"SouthAfrica"
2012-08-08,8.09000015258789,8.11839962005615,8.06060028076172,8.09000015258789,0,8.09000015258789,"SouthAfrica"
2012-08-09,8.08049964904785,8.16619968414307,8.06793975830078,8.08040046691895,0,8.08040046691895,"SouthAfrica"
2012-08-12,8.09360027313232,8.15680027008057,8.07009983062744,8.09560012817383,0,8.09560012817383,"SouthAfrica"
2012-08-13,8.14869976043701,8.17580032348633,8.09879970550537,8.14890003204346,0,8.14890003204346,"SouthAfrica"
2012-08-14,8.18459987640381,8.22140026092529,8.1723804473877,8.18350028991699,0,8.18350028991699,"SouthAfrica"
2012-08-15,8.2189998626709,8.28009986877441,8.20660018920898,8.2194995880127,0,8.2194995880127,"SouthAfrica"
2012-08-16,8.21529960632324,8.35109996795654,8.19841957092285,8.21529960632324,0,8.21529960632324,"SouthAfrica"
2012-08-19,8.31159973144531,8.34710025787354,8.28680038452148,8.31159973144531,0,8.31159973144531,"SouthAfrica"
2012-08-20,8.30854034423828,8.32170009613037,8.21000003814697,8.32170009613037,0,8.32170009613037,"SouthAfrica"
2012-08-21,8.25230026245117,8.33430004119873,8.23742008209229,8.25259971618652,0,8.25259971618652,"SouthAfrica"
2012-08-22,8.21889972686768,8.30239963531494,8.200119972229,8.21889972686768,0,8.21889972686768,"SouthAfrica"
2012-08-23,8.32450008392334,8.42039966583252,8.31070041656494,8.3242998123169,0,8.3242998123169,"SouthAfrica"
2012-08-26,8.38230037689209,8.42899990081787,8.37631988525391,8.38549995422363,0,8.38549995422363,"SouthAfrica"
2012-08-27,8.4379997253418,8.44939994812012,8.37790012359619,8.43879985809326,0,8.43879985809326,"SouthAfrica"
2012-08-28,8.40040016174316,8.43760013580322,8.38259983062744,8.3983097076416,0,8.3983097076416,"SouthAfrica"
2012-08-29,8.4173002243042,8.49380016326904,8.38749980926514,8.4173002243042,0,8.4173002243042,"SouthAfrica"
2012-08-30,8.4935998916626,8.4935998916626,8.35900020599365,8.4935998916626,0,8.4935998916626,"SouthAfrica"
2012-09-02,8.42059993743896,8.4399995803833,8.37308979034424,8.42059993743896,0,8.42059993743896,"SouthAfrica"
2012-09-03,8.3863000869751,8.41520023345947,8.3346004486084,8.3863000869751,0,8.3863000869751,"SouthAfrica"
2012-09-04,8.41399955749512,8.4616003036499,8.36089992523193,8.41399955749512,0,8.41399955749512,"SouthAfrica"
2012-09-05,8.40579986572266,8.40610027313232,8.2721996307373,8.40579986572266,0,8.40579986572266,"SouthAfrica"
2012-09-06,8.29782009124756,8.30220031738281,8.16209983825684,8.30049991607666,0,8.30049991607666,"SouthAfrica"
2012-09-09,8.18519973754883,8.21269989013672,8.12720012664795,8.18509006500244,0,8.18509006500244,"SouthAfrica"
2012-09-10,8.16639995574951,8.22819995880127,8.12539958953857,8.16499996185303,0,8.16499996185303,"SouthAfrica"
2012-09-11,8.17080020904541,8.3882999420166,8.13574028015137,8.16969966888428,0,8.16969966888428,"SouthAfrica"
2012-09-12,8.32450008392334,8.44279956817627,8.30630970001221,8.32240009307861,0,8.32240009307861,"SouthAfrica"
2012-09-13,8.25220012664795,8.26990032196045,8.18319988250732,8.25220012664795,0,8.25220012664795,"SouthAfrica"
2012-09-16,8.2386999130249,8.28569984436035,8.18490028381348,8.22881984710693,0,8.22881984710693,"SouthAfrica"
2012-09-17,8.25899982452393,8.27859973907471,8.15789985656738,8.25899982452393,0,8.25899982452393,"SouthAfrica"
2012-09-18,8.18579959869385,8.25510025024414,8.1540002822876,8.18579959869385,0,8.18579959869385,"SouthAfrica"
2012-09-19,8.26210021972656,8.38059997558594,8.24699974060059,8.26210021972656,0,8.26210021972656,"SouthAfrica"
2012-09-20,8.29829978942871,8.3060998916626,8.22710037231445,8.30060005187988,0,8.30060005187988,"SouthAfrica"
2012-09-23,8.25479984283447,8.31849956512451,8.24709987640381,8.25479984283447,0,8.25479984283447,"SouthAfrica"
2012-09-24,8.24339962005615,8.26620006561279,8.16160011291504,8.24339962005615,0,8.24339962005615,"SouthAfrica"
2012-09-25,8.2278995513916,8.25510025024414,8.19849967956543,8.22809982299805,0,8.22809982299805,"SouthAfrica"
2012-09-26,8.22309970855713,8.28339958190918,8.16590023040771,8.22309970855713,0,8.22309970855713,"SouthAfrica"
2012-09-27,8.22620010375977,8.32489967346191,8.20351982116699,8.22620010375977,0,8.22620010375977,"SouthAfrica"
2012-09-30,8.31019973754883,8.35309982299805,8.21979999542236,8.31359958648682,0,8.31359958648682,"SouthAfrica"
2012-10-01,8.35509967803955,8.38549995422363,8.31879997253418,8.36069965362549,0,8.36069965362549,"SouthAfrica"
2012-10-02,8.35420036315918,8.4503002166748,8.34729957580566,8.36100006103516,0,8.36100006103516,"SouthAfrica"
2012-10-03,8.42529964447021,8.54090023040771,8.39830017089844,8.41310024261475,0,8.41310024261475,"SouthAfrica"
2012-10-04,8.49779987335205,8.68859958648682,8.45890045166016,8.49870014190674,0,8.49870014190674,"SouthAfrica"
2012-10-07,8.7511396408081,8.98490047454834,8.74139976501465,8.75109958648682,0,8.75109958648682,"SouthAfrica"
2012-10-08,8.88570022583008,8.89410018920898,8.7204999923706,8.89109992980957,0,8.89109992980957,"SouthAfrica"
2012-10-09,8.76910018920898,8.77840042114258,8.61789989471436,8.76910018920898,0,8.76910018920898,"SouthAfrica"
2012-10-10,8.73490047454834,8.74230003356934,8.64729976654053,8.73840045928955,0,8.73840045928955,"SouthAfrica"
2012-10-11,8.66450023651123,8.67070007324219,8.57900047302246,8.66450023651123,0,8.66450023651123,"SouthAfrica"
2012-10-14,8.75850009918213,8.83119964599609,8.71840000152588,8.76630020141602,0,8.76630020141602,"SouthAfrica"
2012-10-15,8.79549980163574,8.82019996643066,8.68039989471436,8.79170036315918,0,8.79170036315918,"SouthAfrica"
2012-10-16,8.68570041656494,8.72019958496094,8.57470035552979,8.68570041656494,0,8.68570041656494,"SouthAfrica"
2012-10-17,8.59879970550537,8.6693000793457,8.54290008544922,8.59879970550537,0,8.59879970550537,"SouthAfrica"
2012-10-18,8.64439964294434,8.66639995574951,8.60109996795654,8.64430046081543,0,8.64430046081543,"SouthAfrica"
2012-10-21,8.66580009460449,8.66580009460449,8.5930004119873,8.66250038146973,0,8.66250038146973,"SouthAfrica"
2012-10-22,8.62689971923828,8.80731964111328,8.61139965057373,8.62709999084473,0,8.62709999084473,"SouthAfrica"
2012-10-23,8.74709987640381,8.81999969482422,8.72249984741211,8.7440996170044,0,8.7440996170044,"SouthAfrica"
2012-10-24,8.77229022979736,8.77560043334961,8.65291976928711,8.77499961853027,0,8.77499961853027,"SouthAfrica"
2012-10-25,8.72760009765625,8.76930046081543,8.61822032928467,8.72579956054688,0,8.72579956054688,"SouthAfrica"
2012-10-29,8.66219997406006,8.71280002593994,8.64562034606934,8.66219997406006,0,8.66219997406006,"SouthAfrica"
2012-10-30,8.67288970947266,8.69050025939941,8.6225996017456,8.67529964447021,0,8.67529964447021,"SouthAfrica"
2012-10-31,8.63329982757568,8.70681953430176,8.61260032653809,8.63319969177246,0,8.63319969177246,"SouthAfrica"
2012-11-01,8.67259979248047,8.69139957427979,8.6358003616333,8.67259979248047,0,8.67259979248047,"SouthAfrica"
2012-11-02,8.63490009307861,8.7582197189331,8.62893962860107,8.63169956207275,0,8.63169956207275,"SouthAfrica"
2012-11-05,8.73789978027344,8.79319953918457,8.69081974029541,8.73799991607666,0,8.73799991607666,"SouthAfrica"
2012-11-06,8.72420024871826,8.74460029602051,8.65139961242676,8.72179985046387,0,8.72179985046387,"SouthAfrica"
2012-11-07,8.63269996643066,8.66211986541748,8.58979988098145,8.63370037078857,0,8.63370037078857,"SouthAfrica"
2012-11-08,8.63012027740479,8.7435998916626,8.62199974060059,8.6305103302002,0,8.6305103302002,"SouthAfrica"
2012-11-09,8.70339965820312,8.76832008361816,8.67399978637695,8.70339965820312,0,8.70339965820312,"SouthAfrica"
2012-11-12,8.69349956512451,8.74351978302002,8.67080020904541,8.69299983978271,0,8.69299983978271,"SouthAfrica"
2012-11-13,8.74460029602051,8.8257999420166,8.74256038665771,8.74503993988037,0,8.74503993988037,"SouthAfrica"
2012-11-14,8.78479957580566,8.8927001953125,8.7455997467041,8.78479957580566,0,8.78479957580566,"SouthAfrica"
2012-11-15,8.90120029449463,8.98600006103516,8.87983989715576,8.88850021362305,0,8.88850021362305,"SouthAfrica"
2012-11-16,8.92169952392578,8.93669986724854,8.85270023345947,8.92140007019043,0,8.92140007019043,"SouthAfrica"
2012-11-19,8.85330009460449,8.86960029602051,8.80399990081787,8.85439968109131,0,8.85439968109131,"SouthAfrica"
2012-11-20,8.84967994689941,8.88080024719238,8.82621002197266,8.84609985351562,0,8.84609985351562,"SouthAfrica"
2012-11-21,8.84210014343262,8.99172019958496,8.83922004699707,8.84160041809082,0,8.84160041809082,"SouthAfrica"
2012-11-22,8.96494007110596,8.9821195602417,8.91149997711182,8.96842002868652,0,8.96842002868652,"SouthAfrica"
2012-11-23,8.93350028991699,8.94631958007812,8.8528995513916,8.9330997467041,0,8.9330997467041,"SouthAfrica"
2012-11-26,8.8725996017456,8.90330028533936,8.83930015563965,8.86989974975586,0,8.86989974975586,"SouthAfrica"
2012-11-27,8.8459997177124,8.85832023620605,8.79889965057373,8.8459997177124,0,8.8459997177124,"SouthAfrica"
2012-11-28,8.83370018005371,8.8817195892334,8.82231044769287,8.83580017089844,0,8.83580017089844,"SouthAfrica"
2012-11-29,8.82030010223389,8.8343095779419,8.74370002746582,8.82030010223389,0,8.82030010223389,"SouthAfrica"
2012-11-30,8.78419971466064,8.8748197555542,8.7480001449585,8.777099609375,0,8.777099609375,"SouthAfrica"
2012-12-03,8.88990020751953,8.92010021209717,8.82030010223389,8.89019966125488,0,8.89019966125488,"SouthAfrica"
2012-12-04,NA,NA,NA,NA,NA,NA,"SouthAfrica"
2012-12-05,8.78559970855713,8.80370044708252,8.76140022277832,8.78390026092529,0,8.78390026092529,"SouthAfrica"
2012-12-06,8.76589965820312,8.78950023651123,8.67269992828369,8.76650047302246,0,8.76650047302246,"SouthAfrica"
2012-12-07,8.68920040130615,8.70930004119873,8.66547966003418,8.68920040130615,0,8.68920040130615,"SouthAfrica"
2012-12-10,8.67080020904541,8.70604991912842,8.64210987091064,8.67080020904541,0,8.67080020904541,"SouthAfrica"
2012-12-11,8.66790008544922,8.69649982452393,8.64980030059814,8.66790008544922,0,8.66790008544922,"SouthAfrica"
2012-12-12,8.6560001373291,8.68929958343506,8.63370037078857,8.6560001373291,0,8.6560001373291,"SouthAfrica"
2012-12-13,8.65489959716797,8.66670036315918,8.61839962005615,8.65270042419434,0,8.65270042419434,"SouthAfrica"
2012-12-14,8.65219974517822,8.67630004882812,8.61719036102295,8.65200042724609,0,8.65200042724609,"SouthAfrica"
2012-12-17,8.63210010528564,8.63449954986572,8.53402042388916,8.63179969787598,0,8.63179969787598,"SouthAfrica"
2012-12-18,8.52212047576904,8.56599998474121,8.50930023193359,8.52490043640137,0,8.52490043640137,"SouthAfrica"
2012-12-19,8.45139980316162,8.52929973602295,8.43393993377686,8.45199966430664,0,8.45199966430664,"SouthAfrica"
2012-12-20,8.49071979522705,8.52799987792969,8.47751998901367,8.49240016937256,0,8.49240016937256,"SouthAfrica"
2012-12-21,8.48159980773926,8.58399963378906,8.47830009460449,8.48159980773926,0,8.48159980773926,"SouthAfrica"
2012-12-24,8.55589962005615,8.58990001678467,8.54022026062012,8.55589962005615,0,8.55589962005615,"SouthAfrica"
2012-12-25,8.56128025054932,8.575119972229,8.55671977996826,8.56130027770996,0,8.56130027770996,"SouthAfrica"
2012-12-26,8.58080005645752,8.58990001678467,8.54047966003418,8.58059978485107,0,8.58059978485107,"SouthAfrica"
2012-12-27,8.56280040740967,8.58609962463379,8.47780990600586,8.56569957733154,0,8.56569957733154,"SouthAfrica"
2012-12-28,8.47659969329834,8.51830005645752,8.46819972991943,8.47679996490479,0,8.47679996490479,"SouthAfrica"
2012-12-31,8.47150039672852,8.50570011138916,8.45899963378906,8.47089958190918,0,8.47089958190918,"SouthAfrica"
2013-01-01,8.44429016113281,8.44431018829346,8.39780044555664,8.39780044555664,0,8.39780044555664,"SouthAfrica"
2013-01-02,8.45170021057129,8.51930046081543,8.41259956359863,8.44970035552979,0,8.44970035552979,"SouthAfrica"
2013-01-03,8.4778995513916,8.59383010864258,8.4677095413208,8.47809982299805,0,8.47809982299805,"SouthAfrica"
2013-01-04,8.58780002593994,8.66670036315918,8.57748985290527,8.58769989013672,0,8.58769989013672,"SouthAfrica"
2013-01-07,8.55539989471436,8.61349964141846,8.54481983184814,8.55539989471436,0,8.55539989471436,"SouthAfrica"
2013-01-08,8.56480026245117,8.60079956054688,8.55134010314941,8.5605001449585,0,8.5605001449585,"SouthAfrica"
2013-01-09,8.57279968261719,8.60342025756836,8.55920028686523,8.57359981536865,0,8.57359981536865,"SouthAfrica"
2013-01-10,8.5999002456665,8.65260028839111,8.56239986419678,8.5890998840332,0,8.5890998840332,"SouthAfrica"
2013-01-11,8.65659999847412,8.75230026245117,8.65499973297119,8.65610027313232,0,8.65610027313232,"SouthAfrica"
2013-01-14,8.73192024230957,8.73729991912842,8.68179988861084,8.7322998046875,0,8.7322998046875,"SouthAfrica"
2013-01-15,8.7007999420166,8.8129997253418,8.68220043182373,8.7007999420166,0,8.7007999420166,"SouthAfrica"
2013-01-16,8.80480003356934,8.87652015686035,8.78369998931885,8.80282020568848,0,8.80282020568848,"SouthAfrica"
2013-01-17,8.80220031738281,8.82122039794922,8.75430011749268,8.80220031738281,0,8.80220031738281,"SouthAfrica"
2013-01-18,8.8080997467041,8.91522979736328,8.79088973999023,8.81280040740967,0,8.81280040740967,"SouthAfrica"
2013-01-21,8.87670040130615,8.89272022247314,8.85649967193604,8.87662029266357,0,8.87662029266357,"SouthAfrica"
2013-01-22,8.85589981079102,8.86312007904053,8.80550003051758,8.85610008239746,0,8.85610008239746,"SouthAfrica"
2013-01-23,8.84020042419434,9.0416202545166,8.83080005645752,8.84360027313232,0,8.84360027313232,"SouthAfrica"
2013-01-24,9.06410026550293,9.08370018005371,9.01910018920898,9.06260013580322,0,9.06260013580322,"SouthAfrica"
2013-01-25,9.0657901763916,9.08059978485107,8.95310020446777,9.06540012359619,0,9.06540012359619,"SouthAfrica"
2013-01-28,8.93290042877197,9.14132022857666,8.93142032623291,8.94320011138916,0,8.94320011138916,"SouthAfrica"
2013-01-29,9.09430027008057,9.12269973754883,9.02350044250488,9.0944995880127,0,9.0944995880127,"SouthAfrica"
2013-01-30,9.0095796585083,9.0805196762085,9.00242042541504,9.02079963684082,0,9.02079963684082,"SouthAfrica"
2013-01-31,9.01869964599609,9.06799983978271,8.91829967498779,9.01869964599609,0,9.01869964599609,"SouthAfrica"
2013-02-01,8.95810031890869,8.99349975585938,8.85822010040283,8.95810031890869,0,8.95810031890869,"SouthAfrica"
2013-02-04,8.85270023345947,8.95205974578857,8.8351001739502,8.85270023345947,0,8.85270023345947,"SouthAfrica"
2013-02-05,8.91119956970215,8.94641971588135,8.84099960327148,8.91119956970215,0,8.91119956970215,"SouthAfrica"
2013-02-06,8.82030010223389,8.93610000610352,8.81319999694824,8.82009983062744,0,8.82009983062744,"SouthAfrica"
2013-02-07,8.90089988708496,8.91650009155273,8.86340045928955,8.90069961547852,0,8.90069961547852,"SouthAfrica"
2013-02-08,8.91211986541748,8.94299983978271,8.86999988555908,8.91110038757324,0,8.91110038757324,"SouthAfrica"
2013-02-11,8.87209987640381,8.93362045288086,8.86460018157959,8.87209987640381,0,8.87209987640381,"SouthAfrica"
2013-02-12,8.90740013122559,8.9880199432373,8.90340995788574,8.90791988372803,0,8.90791988372803,"SouthAfrica"
2013-02-13,8.90347957611084,8.91959953308105,8.83380031585693,8.90509986877441,0,8.90509986877441,"SouthAfrica"
2013-02-14,8.85910034179688,8.91652011871338,8.81632041931152,8.85919952392578,0,8.85919952392578,"SouthAfrica"
2013-02-15,8.77620029449463,8.83722019195557,8.77410984039307,8.77719974517822,0,8.77719974517822,"SouthAfrica"
2013-02-18,8.859299659729,8.88891983032227,8.81739044189453,8.859299659729,0,8.859299659729,"SouthAfrica"
2013-02-19,8.88300037384033,8.94521999359131,8.86787986755371,8.88560009002686,0,8.88560009002686,"SouthAfrica"
2013-02-20,8.85210037231445,8.88331985473633,8.82680034637451,8.85210037231445,0,8.85210037231445,"SouthAfrica"
2013-02-21,8.90620040893555,8.95672035217285,8.87080001831055,8.90299987792969,0,8.90299987792969,"SouthAfrica"
2013-02-22,8.89159965515137,8.90250015258789,8.8484001159668,8.88959980010986,0,8.88959980010986,"SouthAfrica"
2013-02-25,8.88469982147217,8.89649963378906,8.80350017547607,8.88449954986572,0,8.88449954986572,"SouthAfrica"
2013-02-26,8.82870006561279,8.86771965026855,8.77820014953613,8.82460021972656,0,8.82460021972656,"SouthAfrica"
2013-02-27,8.82129955291748,8.89072036743164,8.81610012054443,8.83290004730225,0,8.83290004730225,"SouthAfrica"
2013-02-28,8.83230018615723,8.99201965332031,8.82619953155518,8.83191967010498,0,8.83191967010498,"SouthAfrica"
2013-03-01,9.02740001678467,9.10851955413818,8.99470043182373,9.02731990814209,0,9.02731990814209,"SouthAfrica"
2013-03-04,9.09319972991943,9.11480045318604,9.0623197555542,9.09570026397705,0,9.09570026397705,"SouthAfrica"
2013-03-05,9.07419967651367,9.11200046539307,9.02770042419434,9.0742998123169,0,9.0742998123169,"SouthAfrica"
2013-03-06,9.03439998626709,9.09494018554688,9.0067195892334,9.03450012207031,0,9.03450012207031,"SouthAfrica"
2013-03-07,9.11629962921143,9.18400001525879,9.08899974822998,9.11629962921143,0,9.11629962921143,"SouthAfrica"
2013-03-08,9.13860034942627,9.16541957855225,9.0738000869751,9.1387996673584,0,9.1387996673584,"SouthAfrica"
2013-03-11,9.0866003036499,9.17109966278076,9.08191013336182,9.0866003036499,0,9.0866003036499,"SouthAfrica"
2013-03-12,9.10569953918457,9.20462036132812,9.09560012817383,9.10569953918457,0,9.10569953918457,"SouthAfrica"
2013-03-13,9.1633996963501,9.26490020751953,9.12829971313477,9.16009998321533,0,9.16009998321533,"SouthAfrica"
2013-03-14,9.25290012359619,9.28791999816895,9.17700004577637,9.2548999786377,0,9.2548999786377,"SouthAfrica"
2013-03-15,9.16259956359863,9.20250034332275,9.14321041107178,9.16259956359863,0,9.16259956359863,"SouthAfrica"
2013-03-18,9.21360015869141,9.25162029266357,9.15180015563965,9.21510028839111,0,9.21510028839111,"SouthAfrica"
2013-03-19,9.1653003692627,9.27449989318848,9.16440010070801,9.16627979278564,0,9.16627979278564,"SouthAfrica"
2013-03-20,9.27110004425049,9.31229972839355,9.21329975128174,9.27120018005371,0,9.27120018005371,"SouthAfrica"
2013-03-21,9.32409954071045,9.35840034484863,9.28260040283203,9.32851982116699,0,9.32851982116699,"SouthAfrica"
2013-03-22,9.30570030212402,9.35807037353516,9.2883996963501,9.3056001663208,0,9.3056001663208,"SouthAfrica"
2013-03-25,9.30150032043457,9.31101989746094,9.22449970245361,9.30130004882812,0,9.30130004882812,"SouthAfrica"
2013-03-26,9.28699970245361,9.29022026062012,9.23250007629395,9.28909969329834,0,9.28909969329834,"SouthAfrica"
2013-03-27,9.24180030822754,9.30280017852783,9.24180030822754,9.25059986114502,0,9.25059986114502,"SouthAfrica"
2013-03-28,9.26391983032227,9.26768016815186,9.17310047149658,9.26200008392334,0,9.26200008392334,"SouthAfrica"
2013-03-29,9.22719955444336,9.24987030029297,9.20530033111572,9.22776985168457,0,9.22776985168457,"SouthAfrica"
2013-03-31,9.22719955444336,9.25940036773682,9.17259979248047,9.22519969940186,0,9.22519969940186,"SouthAfrica"
2013-04-01,9.1855001449585,9.2316198348999,9.17000007629395,9.18702030181885,0,9.18702030181885,"SouthAfrica"
2013-04-02,9.23830032348633,9.25512027740479,9.20020008087158,9.23991012573242,0,9.23991012573242,"SouthAfrica"
2013-04-03,9.2182502746582,9.27400016784668,9.1653003692627,9.21739959716797,0,9.21739959716797,"SouthAfrica"
2013-04-04,9.16590023040771,9.19600009918213,9.07100009918213,9.16590023040771,0,9.16590023040771,"SouthAfrica"
2013-04-07,9.10340023040771,9.11110019683838,9.00030040740967,9.10359954833984,0,9.10359954833984,"SouthAfrica"
2013-04-08,8.9616003036499,8.99919986724854,8.90680027008057,8.9665699005127,0,8.9665699005127,"SouthAfrica"
2013-04-09,8.91609954833984,8.95083999633789,8.8818998336792,8.91740036010742,0,8.91740036010742,"SouthAfrica"
2013-04-10,8.90180015563965,8.93311977386475,8.85649967193604,8.89980030059814,0,8.89980030059814,"SouthAfrica"
2013-04-11,8.89750003814697,8.973219871521,8.89080047607422,8.89820003509521,0,8.89820003509521,"SouthAfrica"
2013-04-14,8.9488000869751,9.14610004425049,8.93671989440918,8.94950008392334,0,8.94950008392334,"SouthAfrica"
2013-04-15,9.19791984558105,9.23270034790039,9.1201000213623,9.19752025604248,0,9.19752025604248,"SouthAfrica"
2013-04-16,9.11670017242432,9.1932201385498,9.10400009155273,9.11680030822754,0,9.11680030822754,"SouthAfrica"
2013-04-17,9.16989994049072,9.20880031585693,9.1274995803833,9.17240047454834,0,9.17240047454834,"SouthAfrica"
2013-04-18,9.16740036010742,9.22941970825195,9.13411045074463,9.17520046234131,0,9.17520046234131,"SouthAfrica"
2013-04-21,9.21601963043213,9.30700016021729,9.19939994812012,9.21490001678467,0,9.21490001678467,"SouthAfrica"
2013-04-22,9.22420024871826,9.30451965332031,9.2056999206543,9.22630023956299,0,9.22630023956299,"SouthAfrica"
2013-04-23,9.21269989013672,9.22690010070801,9.16110038757324,9.21269989013672,0,9.21269989013672,"SouthAfrica"
2013-04-24,9.12380027770996,9.13689041137695,9.0511999130249,9.12360000610352,0,9.12360000610352,"SouthAfrica"
2013-04-25,9.07400035858154,9.16407012939453,9.06019973754883,9.07750034332275,0,9.07750034332275,"SouthAfrica"
2013-04-28,9.09992027282715,9.10569953918457,8.94470024108887,9.10050010681152,0,9.10050010681152,"SouthAfrica"
2013-04-29,8.97939968109131,9.03709983825684,8.94620037078857,8.98219966888428,0,8.98219966888428,"SouthAfrica"
2013-04-30,8.97150039672852,9.05412006378174,8.9399003982544,8.97142028808594,0,8.97142028808594,"SouthAfrica"
2013-05-01,9.03610038757324,9.0600004196167,8.9556999206543,9.03159999847412,0,9.03159999847412,"SouthAfrica"
2013-05-02,8.9375,8.9758996963501,8.9000997543335,8.93680000305176,0,8.93680000305176,"SouthAfrica"
2013-05-05,8.91191959381104,9.02330017089844,8.90859985351562,8.9124002456665,0,8.9124002456665,"SouthAfrica"
2013-05-06,8.97799968719482,9.0623197555542,8.9778995513916,8.98015975952148,0,8.98015975952148,"SouthAfrica"
2013-05-07,9.02610015869141,9.08043003082275,9.00090026855469,9.02519989013672,0,9.02519989013672,"SouthAfrica"
2013-05-08,9.00520038604736,9.01611995697021,8.96049976348877,9.00520038604736,0,9.00520038604736,"SouthAfrica"
2013-05-09,9.0219202041626,9.14060020446777,9.01089954376221,9.01959991455078,0,9.01959991455078,"SouthAfrica"
2013-05-12,9.11579990386963,9.15172958374023,9.07219982147217,9.11579990386963,0,9.11579990386963,"SouthAfrica"
2013-05-13,9.15250015258789,9.23091983795166,9.1190996170044,9.15120029449463,0,9.15120029449463,"SouthAfrica"
2013-05-14,9.22799968719482,9.32231998443604,9.21352005004883,9.22799968719482,0,9.22799968719482,"SouthAfrica"
2013-05-15,9.2495002746582,9.38160037994385,9.23779964447021,9.25179958343506,0,9.25179958343506,"SouthAfrica"
2013-05-16,9.30879974365234,9.43982028961182,9.30817985534668,9.3100004196167,0,9.3100004196167,"SouthAfrica"
2013-05-19,9.40672016143799,9.48451995849609,9.38129997253418,9.40540027618408,0,9.40540027618408,"SouthAfrica"
2013-05-20,9.43169975280762,9.60439968109131,9.41959953308105,9.4326000213623,0,9.4326000213623,"SouthAfrica"
2013-05-21,9.54619979858398,9.58920001983643,9.42687034606934,9.54549980163574,0,9.54549980163574,"SouthAfrica"
2013-05-22,9.57279968261719,9.68402004241943,9.51369953155518,9.57483959197998,0,9.57483959197998,"SouthAfrica"
2013-05-23,9.53849983215332,9.59142017364502,9.51210021972656,9.54333019256592,0,9.54333019256592,"SouthAfrica"
2013-05-26,9.58320045471191,9.62582015991211,9.57699966430664,9.5844202041626,0,9.5844202041626,"SouthAfrica"
2013-05-27,9.60120010375977,9.78491973876953,9.59860038757324,9.60410022735596,0,9.60410022735596,"SouthAfrica"
2013-05-28,9.79006958007812,9.85389041900635,9.76410007476807,9.78950023651123,0,9.78950023651123,"SouthAfrica"
2013-05-29,9.81369972229004,10.0830001831055,9.7750997543335,9.81470012664795,0,9.81470012664795,"SouthAfrica"
2013-05-30,10.0214996337891,10.279899597168,10.0151996612549,10.0226001739502,0,10.0226001739502,"SouthAfrica"
2013-06-02,10.0566501617432,10.0843000411987,9.83349990844727,10.0488996505737,0,10.0488996505737,"SouthAfrica"
2013-06-03,9.82013034820557,9.85671043395996,9.65939998626709,9.82293033599854,0,9.82293033599854,"SouthAfrica"
2013-06-04,9.80799961090088,10.036919593811,9.78390026092529,9.80811023712158,0,9.80811023712158,"SouthAfrica"
2013-06-05,10.0049200057983,10.0829496383667,9.8632001876831,10.005129814148,0,10.005129814148,"SouthAfrica"
2013-06-06,9.87370014190674,10.0506801605225,9.85420036315918,9.87300968170166,0,9.87300968170166,"SouthAfrica"
2013-06-09,10.0545997619629,10.2385501861572,10.0426998138428,10.0538997650146,0,10.0538997650146,"SouthAfrica"
2013-06-10,10.1695995330811,10.3565797805786,10.0534000396729,10.1695003509521,0,10.1695003509521,"SouthAfrica"
2013-06-11,10.0611000061035,10.2029304504395,9.92749977111816,10.06130027771,0,10.06130027771,"SouthAfrica"
2013-06-12,10.073260307312,10.1351003646851,9.87360000610352,10.0731000900269,0,10.0731000900269,"SouthAfrica"
2013-06-13,9.83092021942139,9.9847297668457,9.82633018493652,9.83080005645752,0,9.83080005645752,"SouthAfrica"
2013-06-16,9.95419979095459,9.97620010375977,9.84819984436035,9.95409965515137,0,9.95409965515137,"SouthAfrica"
2013-06-17,9.95069980621338,10.0625495910645,9.94709968566895,9.95409965515137,0,9.95409965515137,"SouthAfrica"
2013-06-18,9.99989986419678,10.0236501693726,9.91012954711914,9.99989986419678,0,9.99989986419678,"SouthAfrica"
2013-06-19,10.1853199005127,10.3243503570557,10.1646003723145,10.1853199005127,0,10.1853199005127,"SouthAfrica"
2013-06-20,10.2145004272461,10.2459001541138,10.1414203643799,10.2144002914429,0,10.2144002914429,"SouthAfrica"
2013-06-23,10.2195196151733,10.2910995483398,10.0641002655029,10.2110996246338,0,10.2110996246338,"SouthAfrica"
2013-06-24,10.0635995864868,10.1035499572754,9.92749977111816,10.0669202804565,0,10.0669202804565,"SouthAfrica"
2013-06-25,10.1011800765991,10.1426200866699,10.0241003036499,10.0998001098633,0,10.0998001098633,"SouthAfrica"
2013-06-26,10.0886001586914,10.099419593811,9.90804958343506,10.0882196426392,0,10.0882196426392,"SouthAfrica"
2013-06-27,9.93379974365234,10.0363998413086,9.87397003173828,9.93192958831787,0,9.93192958831787,"SouthAfrica"
2013-06-30,9.88842010498047,9.93889999389648,9.84619998931885,9.88842010498047,0,9.88842010498047,"SouthAfrica"
2013-07-01,9.90721988677979,9.95215034484863,9.86660003662109,9.90752029418945,0,9.90752029418945,"SouthAfrica"
2013-07-02,9.98497009277344,10.1021995544434,9.97410011291504,9.98486995697021,0,9.98486995697021,"SouthAfrica"
2013-07-03,10.0699996948242,10.0894002914429,9.97809982299805,10.069899559021,0,10.069899559021,"SouthAfrica"
2013-07-04,10.0214004516602,10.2281875610352,9.98392009735107,10.0218000411987,0,10.0218000411987,"SouthAfrica"
2013-07-07,10.1721696853638,10.29541015625,10.1541004180908,10.1721696853638,0,10.1721696853638,"SouthAfrica"
2013-07-08,10.1561698913574,10.1684303283691,10.0216102600098,10.1499004364014,0,10.1499004364014,"SouthAfrica"
2013-07-09,10.0282402038574,10.0783004760742,9.96129989624023,10.0289697647095,0,10.0289697647095,"SouthAfrica"
2013-07-10,9.87341976165771,10.0074996948242,9.8568000793457,9.87419986724854,0,9.87419986724854,"SouthAfrica"
2013-07-11,9.95549964904785,10.0542497634888,9.94499969482422,9.95600032806396,0,9.95600032806396,"SouthAfrica"
2013-07-14,9.97056007385254,9.98149967193604,9.89290046691895,9.96492004394531,0,9.96492004394531,"SouthAfrica"
2013-07-15,9.8730001449585,9.96404075622559,9.77070045471191,9.87290000915527,0,9.87290000915527,"SouthAfrica"
2013-07-16,9.84327030181885,9.95207023620605,9.80490016937256,9.84570026397705,0,9.84570026397705,"SouthAfrica"
2013-07-17,9.81180000305176,9.94099998474121,9.80440044403076,9.81509971618652,0,9.81509971618652,"SouthAfrica"
2013-07-18,9.921799659729,9.92821979522705,9.83670043945312,9.92199993133545,0,9.92199993133545,"SouthAfrica"
2013-07-21,9.85519981384277,9.85519981384277,9.78170013427734,9.85410022735596,0,9.85410022735596,"SouthAfrica"
2013-07-22,9.80249977111816,9.84869003295898,9.72029972076416,9.80846977233887,0,9.80846977233887,"SouthAfrica"
2013-07-23,9.67749977111816,9.75732040405273,9.61260032653809,9.67189979553223,0,9.67189979553223,"SouthAfrica"
2013-07-24,9.7625904083252,9.83530044555664,9.73752021789551,9.7677001953125,0,9.7677001953125,"SouthAfrica"
2013-07-25,9.70256996154785,9.81180000305176,9.67870044708252,9.70639991760254,0,9.70639991760254,"SouthAfrica"
2013-07-28,9.75771999359131,9.84039974212646,9.74892044067383,9.75349998474121,0,9.75349998474121,"SouthAfrica"
2013-07-29,9.79790019989014,9.88399982452393,9.7923002243042,9.7995195388794,0,9.7995195388794,"SouthAfrica"
2013-07-30,9.80270004272461,9.94565963745117,9.79253005981445,9.79372024536133,0,9.79372024536133,"SouthAfrica"
2013-07-31,9.84891986846924,9.98406028747559,9.84780025482178,9.84889984130859,0,9.84889984130859,"SouthAfrica"
2013-08-01,9.9704999923706,10.035400390625,9.8572998046875,9.96969985961914,0,9.96969985961914,"SouthAfrica"
2013-08-04,9.82950019836426,9.8723201751709,9.79300022125244,9.83092021942139,0,9.83092021942139,"SouthAfrica"
2013-08-05,9.83059978485107,9.92938995361328,9.8192195892334,9.82861995697021,0,9.82861995697021,"SouthAfrica"
2013-08-06,9.93272018432617,9.95771980285645,9.87944030761719,9.93305015563965,0,9.93305015563965,"SouthAfrica"
2013-08-07,9.92870044708252,9.9526195526123,9.80959987640381,9.92770004272461,0,9.92770004272461,"SouthAfrica"
2013-08-08,9.82479953765869,9.84142017364502,9.72620010375977,9.82460021972656,0,9.82460021972656,"SouthAfrica"
2013-08-11,9.80846977233887,9.88632011413574,9.77490043640137,9.81112003326416,0,9.81112003326416,"SouthAfrica"
2013-08-12,9.88111972808838,9.99151992797852,9.85999965667725,9.87559986114502,0,9.87559986114502,"SouthAfrica"
2013-08-13,9.96924018859863,10.011420249939,9.92450046539307,9.96302032470703,0,9.96302032470703,"SouthAfrica"
2013-08-14,9.95615005493164,10.0502004623413,9.89000034332275,9.9576997756958,0,9.9576997756958,"SouthAfrica"
2013-08-15,9.9670000076294,10.0364999771118,9.96280002593994,9.96909999847412,0,9.96909999847412,"SouthAfrica"
2013-08-18,10.0619497299194,10.204400062561,10.0348196029663,10.060299873352,0,10.060299873352,"SouthAfrica"
2013-08-19,10.1937999725342,10.2249097824097,10.0902996063232,10.1867198944092,0,10.1867198944092,"SouthAfrica"
2013-08-20,10.1473999023438,10.2707004547119,10.14501953125,10.1485996246338,0,10.1485996246338,"SouthAfrica"
2013-08-21,10.354100227356,10.43630027771,10.2704000473022,10.3543996810913,0,10.3543996810913,"SouthAfrica"
2013-08-22,10.2459201812744,10.2804203033447,10.1684999465942,10.2481203079224,0,10.2481203079224,"SouthAfrica"
2013-08-25,10.2455596923828,10.3166198730469,10.2005996704102,10.2409000396729,0,10.2409000396729,"SouthAfrica"
2013-08-26,10.3147401809692,10.4355201721191,10.3123998641968,10.3123998641968,0,10.3123998641968,"SouthAfrica"
2013-08-27,10.3908004760742,10.5004196166992,10.3094997406006,10.3908004760742,0,10.3908004760742,"SouthAfrica"
2013-08-28,10.3094997406006,10.3591995239258,10.2714996337891,10.3091897964478,0,10.3091897964478,"SouthAfrica"
2013-08-29,10.3310699462891,10.345100402832,10.2099199295044,10.3317003250122,0,10.3317003250122,"SouthAfrica"
2013-09-01,10.2400197982788,10.2673997879028,10.1534404754639,10.2400197982788,0,10.2400197982788,"SouthAfrica"
2013-09-02,10.2538003921509,10.3429203033447,10.2433004379272,10.2557201385498,0,10.2557201385498,"SouthAfrica"
2013-09-03,10.3236198425293,10.3437204360962,10.2095003128052,10.3228197097778,0,10.3228197097778,"SouthAfrica"
2013-09-04,10.2353200912476,10.3094997406006,10.1881999969482,10.2354898452759,0,10.2354898452759,"SouthAfrica"
2013-09-05,10.2005195617676,10.2299003601074,10.0029001235962,10.203800201416,0,10.203800201416,"SouthAfrica"
2013-09-08,10.0212001800537,10.0409002304077,9.96039962768555,10.0254201889038,0,10.0254201889038,"SouthAfrica"
2013-09-09,9.9541597366333,10.048020362854,9.94089984893799,9.95001983642578,0,9.95001983642578,"SouthAfrica"
2013-09-10,9.98122024536133,10.0326995849609,9.88990020751953,9.98050022125244,0,9.98050022125244,"SouthAfrica"
2013-09-11,9.86662006378174,9.94900035858154,9.86200046539307,9.86250019073486,0,9.86250019073486,"SouthAfrica"
2013-09-12,9.95971965789795,9.98952007293701,9.91860008239746,9.95880031585693,0,9.95880031585693,"SouthAfrica"
2013-09-15,9.86279964447021,9.87732028961182,9.74050045013428,9.86382007598877,0,9.86382007598877,"SouthAfrica"
2013-09-16,9.80597019195557,9.85550022125244,9.79399967193604,9.80420017242432,0,9.80420017242432,"SouthAfrica"
2013-09-17,9.79979991912842,9.8454999923706,9.79341983795166,9.79996013641357,0,9.79996013641357,"SouthAfrica"
2013-09-18,9.57649993896484,9.70049953460693,9.54469966888428,9.57880020141602,0,9.57880020141602,"SouthAfrica"
2013-09-19,9.69147968292236,9.89531993865967,9.66650009155273,9.68741989135742,0,9.68741989135742,"SouthAfrica"
2013-09-22,9.87611961364746,9.89599990844727,9.81169986724854,9.87370014190674,0,9.87370014190674,"SouthAfrica"
2013-09-23,9.82540035247803,9.8945198059082,9.81744956970215,9.82600021362305,0,9.82600021362305,"SouthAfrica"
2013-09-24,9.86340045928955,9.94581985473633,9.82470035552979,9.86672019958496,0,9.86672019958496,"SouthAfrica"
2013-09-25,9.97579956054688,10.0238199234009,9.93910026550293,9.97412014007568,0,9.97412014007568,"SouthAfrica"
2013-09-26,9.9862003326416,10.1653003692627,9.96809959411621,9.9860200881958,0,9.9860200881958,"SouthAfrica"
2013-09-29,10.1250696182251,10.1535997390747,10.0223503112793,10.1195001602173,0,10.1195001602173,"SouthAfrica"
2013-09-30,10.02476978302,10.0946197509766,9.95740032196045,10.0253896713257,0,10.0253896713257,"SouthAfrica"
2013-10-01,10.1121997833252,10.1484003067017,10.0297002792358,10.1110000610352,0,10.1110000610352,"SouthAfrica"
2013-10-02,10.0030002593994,10.093020439148,9.9827995300293,10.0048198699951,0,10.0048198699951,"SouthAfrica"
2013-10-03,10.0149002075195,10.0614004135132,9.97679996490479,10.0288000106812,0,10.0288000106812,"SouthAfrica"
2013-10-06,9.9862003326416,10.0452003479004,9.96551990509033,9.98929977416992,0,9.98929977416992,"SouthAfrica"
2013-10-07,NA,NA,NA,NA,NA,NA,"SouthAfrica"
2013-10-08,9.95639991760254,10.0132999420166,9.94610023498535,9.95932006835938,0,9.95932006835938,"SouthAfrica"
2013-10-09,9.9527997970581,9.9911003112793,9.8818998336792,9.95318031311035,0,9.95318031311035,"SouthAfrica"
2013-10-10,9.89980030059814,9.93809986114502,9.86470031738281,9.90221977233887,0,9.90221977233887,"SouthAfrica"
2013-10-13,9.90882015228271,9.96621990203857,9.88525009155273,9.91137027740479,0,9.91137027740479,"SouthAfrica"
2013-10-14,9.91079998016357,9.97292041778564,9.87129974365234,9.90939998626709,0,9.90939998626709,"SouthAfrica"
2013-10-15,9.95510005950928,9.98190021514893,9.87036991119385,9.96179962158203,0,9.96179962158203,"SouthAfrica"
2013-10-16,9.85709953308105,9.87689971923828,9.80325031280518,9.859299659729,0,9.859299659729,"SouthAfrica"
2013-10-17,9.82289981842041,9.8610200881958,9.74009990692139,9.82170009613037,0,9.82170009613037,"SouthAfrica"
2013-10-20,9.77159976959229,9.84969997406006,9.72000026702881,9.77120018005371,0,9.77120018005371,"SouthAfrica"
2013-10-21,9.83570003509521,9.88560009002686,9.72070026397705,9.83640003204346,0,9.83640003204346,"SouthAfrica"
2013-10-22,9.73408031463623,9.82030010223389,9.72189998626709,9.74190044403076,0,9.74190044403076,"SouthAfrica"
2013-10-23,9.79242038726807,9.79681968688965,9.74250030517578,9.78610038757324,0,9.78610038757324,"SouthAfrica"
2013-10-24,9.74829959869385,9.85072040557861,9.74730014801025,9.74860000610352,0,9.74860000610352,"SouthAfrica"
2013-10-28,9.82009983062744,9.85179996490479,9.777099609375,9.8213996887207,0,9.8213996887207,"SouthAfrica"
2013-10-29,9.82289981842041,9.89472007751465,9.81849956512451,9.82040023803711,0,9.82040023803711,"SouthAfrica"
2013-10-30,9.88259983062744,9.90120029449463,9.8351001739502,9.882399559021,0,9.882399559021,"SouthAfrica"
2013-10-31,9.93879985809326,10.0319995880127,9.92049980163574,9.93879985809326,0,9.93879985809326,"SouthAfrica"
2013-11-01,10.0573997497559,10.1821002960205,10.0155000686646,10.0548000335693,0,10.0548000335693,"SouthAfrica"
2013-11-04,10.1777000427246,10.2117204666138,10.1325998306274,10.1797199249268,0,10.1797199249268,"SouthAfrica"
2013-11-05,10.131799697876,10.2657203674316,10.1185998916626,10.1264200210571,0,10.1264200210571,"SouthAfrica"
2013-11-06,10.2175998687744,10.2789001464844,10.1806201934814,10.2186002731323,0,10.2186002731323,"SouthAfrica"
2013-11-07,10.2484998703003,10.2980003356934,10.2239999771118,10.2560997009277,0,10.2560997009277,"SouthAfrica"
2013-11-08,10.2753000259399,10.4003200531006,10.2246999740601,10.2763996124268,0,10.2763996124268,"SouthAfrica"
2013-11-11,10.3415002822876,10.3765201568604,10.3086996078491,10.3402996063232,0,10.3402996063232,"SouthAfrica"
2013-11-12,10.3804998397827,10.4526796340942,10.3494997024536,10.3788003921509,0,10.3788003921509,"SouthAfrica"
2013-11-13,10.3458003997803,10.3741998672485,10.308500289917,10.3409004211426,0,10.3409004211426,"SouthAfrica"
2013-11-14,10.2744998931885,10.355019569397,10.2509002685547,10.2718000411987,0,10.2718000411987,"SouthAfrica"
2013-11-15,10.2054996490479,10.2332000732422,10.1225996017456,10.2052001953125,0,10.2052001953125,"SouthAfrica"
2013-11-18,10.1552000045776,10.1772203445435,10.0818004608154,10.1534996032715,0,10.1534996032715,"SouthAfrica"
2013-11-19,10.1218004226685,10.1783199310303,10.0859203338623,10.1223201751709,0,10.1223201751709,"SouthAfrica"
2013-11-20,10.1612997055054,10.2228498458862,10.0513401031494,10.1624002456665,0,10.1624002456665,"SouthAfrica"
2013-11-21,10.1450004577637,10.1908197402954,10.1102600097656,10.1468496322632,0,10.1468496322632,"SouthAfrica"
2013-11-22,10.1363000869751,10.1572999954224,10.0721998214722,10.1340999603271,0,10.1340999603271,"SouthAfrica"
2013-11-25,10.0684995651245,10.1050996780396,10.024299621582,10.0677995681763,0,10.0677995681763,"SouthAfrica"
2013-11-26,10.0927000045776,10.1651000976562,10.0718002319336,10.0973501205444,0,10.0973501205444,"SouthAfrica"
2013-11-27,10.1131801605225,10.2360200881958,10.1104001998901,10.1134395599365,0,10.1134395599365,"SouthAfrica"
2013-11-28,10.219539642334,10.2498998641968,10.1829996109009,10.2196998596191,0,10.2196998596191,"SouthAfrica"
2013-11-29,10.194899559021,10.2370500564575,10.1604995727539,10.1922998428345,0,10.1922998428345,"SouthAfrica"
2013-12-02,10.180100440979,10.2846002578735,10.1266002655029,10.1800003051758,0,10.1800003051758,"SouthAfrica"
2013-12-03,10.2699003219604,10.3860998153687,10.2672996520996,10.2698001861572,0,10.2698001861572,"SouthAfrica"
2013-12-04,10.3232002258301,10.4342002868652,10.3199996948242,10.3223495483398,0,10.3223495483398,"SouthAfrica"
2013-12-05,10.4273996353149,10.535400390625,10.4131002426147,10.4282999038696,0,10.4282999038696,"SouthAfrica"
2013-12-06,10.4542999267578,10.5585203170776,10.3038997650146,10.4542999267578,0,10.4542999267578,"SouthAfrica"
2013-12-09,10.3315000534058,10.3561000823975,10.2953996658325,10.3297004699707,0,10.3297004699707,"SouthAfrica"
2013-12-10,10.3622798919678,10.3859996795654,10.2721996307373,10.3619499206543,0,10.3619499206543,"SouthAfrica"
2013-12-11,10.3382196426392,10.4082403182983,10.3169002532959,10.3396797180176,0,10.3396797180176,"SouthAfrica"
2013-12-12,10.3605003356934,10.4398603439331,10.3464002609253,10.3695201873779,0,10.3695201873779,"SouthAfrica"
2013-12-13,10.4022998809814,10.4316997528076,10.2746000289917,10.4024000167847,0,10.4024000167847,"SouthAfrica"
2013-12-16,10.2813396453857,10.3415002822876,10.2795000076294,10.2808704376221,0,10.2808704376221,"SouthAfrica"
2013-12-17,10.2652997970581,10.3731498718262,10.2615003585815,10.2645998001099,0,10.2645998001099,"SouthAfrica"
2013-12-18,10.325400352478,10.3609199523926,10.3100004196167,10.3193302154541,0,10.3193302154541,"SouthAfrica"
2013-12-19,10.3395004272461,10.4323997497559,10.3213996887207,10.3422002792358,0,10.3422002792358,"SouthAfrica"
2013-12-20,10.3760004043579,10.4736995697021,10.3290004730225,10.3763303756714,0,10.3763303756714,"SouthAfrica"
2013-12-23,10.3292999267578,10.3657999038696,10.3002004623413,10.3320999145508,0,10.3320999145508,"SouthAfrica"
2013-12-24,10.3365001678467,10.3626003265381,10.3229999542236,10.331600189209,0,10.331600189209,"SouthAfrica"
2013-12-25,10.3212995529175,10.3308000564575,10.2600002288818,10.3191299438477,0,10.3191299438477,"SouthAfrica"
2013-12-26,10.3249998092651,10.3634996414185,10.3197002410889,10.3247003555298,0,10.3247003555298,"SouthAfrica"
2013-12-27,10.3404998779297,10.4751996994019,10.3235998153687,10.3371000289917,0,10.3371000289917,"SouthAfrica"
2013-12-30,10.5193996429443,10.5411500930786,10.4497003555298,10.5180997848511,0,10.5180997848511,"SouthAfrica"
2013-12-31,10.414999961853,10.565299987793,10.41100025177,10.4157304763794,0,10.4157304763794,"SouthAfrica"
2014-01-01,10.3500003814697,10.3500003814697,10.3500003814697,10.3500003814697,0,10.3500003814697,"SouthAfrica"
2014-01-02,10.4817495346069,10.673620223999,10.469479560852,10.4725999832153,0,10.4725999832153,"SouthAfrica"
2014-01-03,10.6724004745483,10.6745004653931,10.5749998092651,10.6738996505737,0,10.6738996505737,"SouthAfrica"
2014-01-06,10.6588001251221,10.7325000762939,10.6184997558594,10.6577997207642,0,10.6577997207642,"SouthAfrica"
2014-01-07,10.6245803833008,10.6709995269775,10.5920495986938,10.6276998519897,0,10.6276998519897,"SouthAfrica"
2014-01-08,10.6358995437622,10.726300239563,10.6170997619629,10.6345996856689,0,10.6345996856689,"SouthAfrica"
2014-01-09,10.7583999633789,10.8329296112061,10.730899810791,10.7582998275757,0,10.7582998275757,"SouthAfrica"
2014-01-10,10.7889995574951,10.8093004226685,10.6635999679565,10.7895002365112,0,10.7895002365112,"SouthAfrica"
2014-01-13,NA,NA,NA,NA,NA,NA,"SouthAfrica"
2014-01-14,10.8005504608154,10.8892002105713,10.7930002212524,10.8016996383667,0,10.8016996383667,"SouthAfrica"
2014-01-15,10.8206596374512,10.9309997558594,10.8172998428345,10.8204002380371,0,10.8204002380371,"SouthAfrica"
2014-01-16,10.8704996109009,10.9569501876831,10.8508701324463,10.8718004226685,0,10.8718004226685,"SouthAfrica"
2014-01-17,10.8819999694824,10.9123001098633,10.8254995346069,10.8812999725342,0,10.8812999725342,"SouthAfrica"
2014-01-20,10.868200302124,10.8999004364014,10.8142995834351,10.8746995925903,0,10.8746995925903,"SouthAfrica"
2014-01-21,10.8460502624512,10.8760204315186,10.7920999526978,10.8429002761841,0,10.8429002761841,"SouthAfrica"
2014-01-22,10.8297996520996,10.8854999542236,10.8044004440308,10.8287000656128,0,10.8287000656128,"SouthAfrica"
2014-01-23,10.8615999221802,10.9982995986938,10.8596000671387,10.8633003234863,0,10.8633003234863,"SouthAfrica"
2014-01-24,10.9865999221802,11.1901998519897,10.9727001190186,10.9876003265381,0,10.9876003265381,"SouthAfrica"
2014-01-27,11.133279800415,11.2534198760986,11.0729999542236,11.127200126648,0,11.127200126648,"SouthAfrica"
2014-01-28,11.1077003479004,11.1147003173828,11.003999710083,11.108099937439,0,11.108099937439,"SouthAfrica"
2014-01-29,10.9378995895386,11.3667001724243,10.9012002944946,10.9409999847412,0,10.9409999847412,"SouthAfrica"
2014-01-30,11.2887401580811,11.3836002349854,11.1269702911377,11.2875299453735,0,11.2875299453735,"SouthAfrica"
2014-01-31,11.1754198074341,11.335000038147,11.1499996185303,11.1787395477295,0,11.1787395477295,"SouthAfrica"
2014-02-03,11.1168003082275,11.2354001998901,11.0645999908447,11.1147003173828,0,11.1147003173828,"SouthAfrica"
2014-02-04,11.2250003814697,11.2524995803833,11.1084995269775,11.2447996139526,0,11.2447996139526,"SouthAfrica"
2014-02-05,11.0825004577637,11.1759195327759,11.0607004165649,11.0838003158569,0,11.0838003158569,"SouthAfrica"
2014-02-06,11.1131000518799,11.1667003631592,11.002200126648,11.1160001754761,0,11.1160001754761,"SouthAfrica"
2014-02-07,11.0320997238159,11.1131000518799,10.9413003921509,11.0319004058838,0,11.0319004058838,"SouthAfrica"
2014-02-10,11.0577001571655,11.1611003875732,11.0357999801636,11.0586004257202,0,11.0586004257202,"SouthAfrica"
2014-02-11,11.1175003051758,11.1639795303345,10.9659204483032,11.1169996261597,0,11.1169996261597,"SouthAfrica"
2014-02-12,10.9610004425049,11.0327997207642,10.9260997772217,10.9636096954346,0,10.9636096954346,"SouthAfrica"
2014-02-13,10.9946002960205,11.1173000335693,10.9844999313354,10.996319770813,0,10.996319770813,"SouthAfrica"
2014-02-14,10.9793996810913,11.020299911499,10.8528995513916,10.9793996810913,0,10.9793996810913,"SouthAfrica"
2014-02-17,10.8520002365112,10.8796997070312,10.8234996795654,10.8481998443604,0,10.8481998443604,"SouthAfrica"
2014-02-18,10.8252000808716,10.8981199264526,10.8180999755859,10.8247995376587,0,10.8247995376587,"SouthAfrica"
2014-02-19,10.8687000274658,10.9677000045776,10.8591995239258,10.8687696456909,0,10.8687696456909,"SouthAfrica"
2014-02-20,11.0369997024536,11.1044998168945,10.9843997955322,11.0352001190186,0,11.0352001190186,"SouthAfrica"
2014-02-21,11.0038003921509,11.0468997955322,10.930100440979,10.9986200332642,0,10.9986200332642,"SouthAfrica"
2014-02-24,10.9399003982544,10.9907999038696,10.8487997055054,10.9350996017456,0,10.9350996017456,"SouthAfrica"
2014-02-25,10.7981004714966,10.8495998382568,10.7086000442505,10.7983999252319,0,10.7983999252319,"SouthAfrica"
2014-02-26,10.7313995361328,10.8447999954224,10.6870002746582,10.7337198257446,0,10.7337198257446,"SouthAfrica"
2014-02-27,10.840350151062,10.865119934082,10.8379001617432,10.840669631958,0,10.840669631958,"SouthAfrica"
2014-02-28,10.7009000778198,10.7413997650146,10.6533002853394,10.7005996704102,0,10.7005996704102,"SouthAfrica"
2014-03-03,10.8184003829956,10.8246002197266,10.7445001602173,10.8154001235962,0,10.8154001235962,"SouthAfrica"
2014-03-04,10.8866996765137,10.8961200714111,10.7690000534058,10.8847999572754,0,10.8847999572754,"SouthAfrica"
2014-03-05,10.7573003768921,10.7834997177124,10.6934003829956,10.7555904388428,0,10.7555904388428,"SouthAfrica"
2014-03-06,10.6707000732422,10.7143001556396,10.5919704437256,10.6700000762939,0,10.6700000762939,"SouthAfrica"
2014-03-07,10.6125001907349,10.7349004745483,10.6023998260498,10.6084995269775,0,10.6084995269775,"SouthAfrica"
2014-03-10,10.7585496902466,10.7799997329712,10.7128000259399,10.7484998703003,0,10.7484998703003,"SouthAfrica"
2014-03-11,10.7638998031616,10.8214998245239,10.7202997207642,10.7609996795654,0,10.7609996795654,"SouthAfrica"
2014-03-12,10.8453998565674,10.958399772644,10.8282203674316,10.8421001434326,0,10.8421001434326,"SouthAfrica"
2014-03-13,10.8001003265381,10.8051099777222,10.6983995437622,10.8044500350952,0,10.8044500350952,"SouthAfrica"
2014-03-14,10.7723999023438,10.8307199478149,10.7157001495361,10.7687997817993,0,10.7687997817993,"SouthAfrica"
2014-03-17,10.682900428772,10.7467002868652,10.6641998291016,10.6850996017456,0,10.6850996017456,"SouthAfrica"
2014-03-18,10.7458000183105,10.7774000167847,10.7003002166748,10.7461004257202,0,10.7461004257202,"SouthAfrica"
2014-03-19,10.7331495285034,10.7496995925903,10.6772003173828,10.7327604293823,0,10.7327604293823,"SouthAfrica"
2014-03-20,10.8694000244141,10.9757995605469,10.8323001861572,10.8670997619629,0,10.8670997619629,"SouthAfrica"
2014-03-21,10.8865203857422,10.9329500198364,10.8251304626465,10.889760017395,0,10.889760017395,"SouthAfrica"
2014-03-24,10.8829202651978,10.9013996124268,10.8190002441406,10.879599571228,0,10.879599571228,"SouthAfrica"
2014-03-25,10.8235998153687,10.8389701843262,10.7497997283936,10.8261003494263,0,10.8261003494263,"SouthAfrica"
2014-03-26,10.7295999526978,10.7653999328613,10.6639003753662,10.7271995544434,0,10.7271995544434,"SouthAfrica"
2014-03-27,10.6850996017456,10.7293195724487,10.5686197280884,10.684229850769,0,10.684229850769,"SouthAfrica"
2014-03-28,10.5755996704102,10.6290998458862,10.5607995986938,10.5794200897217,0,10.5794200897217,"SouthAfrica"
2014-03-30,10.5853004455566,10.614520072937,10.5113000869751,10.5895004272461,0,10.5895004272461,"SouthAfrica"
2014-03-31,10.5346002578735,10.615119934082,10.5138998031616,10.5315999984741,0,10.5315999984741,"SouthAfrica"
2014-04-01,10.5743503570557,10.6377000808716,10.5715999603271,10.5746002197266,0,10.5746002197266,"SouthAfrica"
2014-04-02,10.6000995635986,10.6820001602173,10.5965995788574,10.6001996994019,0,10.6001996994019,"SouthAfrica"
2014-04-03,10.6211004257202,10.6624803543091,10.5003004074097,10.6211004257202,0,10.6211004257202,"SouthAfrica"
2014-04-06,10.5304002761841,10.5719995498657,10.5062999725342,10.5302000045776,0,10.5302000045776,"SouthAfrica"
2014-04-07,10.5124998092651,10.5178604125977,10.4187002182007,10.5127000808716,0,10.5127000808716,"SouthAfrica"
2014-04-08,10.4650201797485,10.4899196624756,10.4169998168945,10.4631004333496,0,10.4631004333496,"SouthAfrica"
2014-04-09,10.3999795913696,10.4204998016357,10.3600997924805,10.3996601104736,0,10.3996601104736,"SouthAfrica"
2014-04-10,10.463399887085,10.532320022583,10.4317998886108,10.463399887085,0,10.463399887085,"SouthAfrica"
2014-04-13,10.5080995559692,10.568920135498,10.4010000228882,10.5099000930786,0,10.5099000930786,"SouthAfrica"
2014-04-14,10.5124998092651,10.5729999542236,10.4913997650146,10.5133304595947,0,10.5133304595947,"SouthAfrica"
2014-04-15,10.5549001693726,10.5806999206543,10.5121002197266,10.5509004592896,0,10.5509004592896,"SouthAfrica"
2014-04-16,10.543399810791,10.5541200637817,10.4694995880127,10.5390996932983,0,10.5390996932983,"SouthAfrica"
2014-04-17,10.4876298904419,10.4991302490234,10.4703998565674,10.4869003295898,0,10.4869003295898,"SouthAfrica"
2014-04-20,10.4825000762939,10.4991998672485,10.4700002670288,10.4878997802734,0,10.4878997802734,"SouthAfrica"
2014-04-21,10.4911003112793,10.5672197341919,10.4700002670288,10.4912996292114,0,10.4912996292114,"SouthAfrica"
2014-04-22,10.5368003845215,10.625,10.5329999923706,10.5371999740601,0,10.5371999740601,"SouthAfrica"
2014-04-23,10.5820999145508,10.6561002731323,10.5483999252319,10.5818700790405,0,10.5818700790405,"SouthAfrica"
2014-04-24,10.6185998916626,10.6597003936768,10.6145000457764,10.6181898117065,0,10.6181898117065,"SouthAfrica"
2014-04-27,10.6576995849609,10.6681995391846,10.6042995452881,10.657600402832,0,10.657600402832,"SouthAfrica"
2014-04-28,10.6153602600098,10.6304597854614,10.5344200134277,10.6148996353149,0,10.6148996353149,"SouthAfrica"
2014-04-29,10.549599647522,10.576000213623,10.5122995376587,10.5496997833252,0,10.5496997833252,"SouthAfrica"
2014-04-30,10.5104904174805,10.527099609375,10.4756002426147,10.506199836731,0,10.506199836731,"SouthAfrica"
2014-05-01,10.4879999160767,10.568920135498,10.4462995529175,10.4799003601074,0,10.4799003601074,"SouthAfrica"
2014-05-04,10.4582004547119,10.5325002670288,10.4447002410889,10.4547996520996,0,10.4547996520996,"SouthAfrica"
2014-05-05,10.5352001190186,10.536600112915,10.4905004501343,10.536060333252,0,10.536060333252,"SouthAfrica"
2014-05-06,10.4911003112793,10.5314998626709,10.4553003311157,10.4897003173828,0,10.4897003173828,"SouthAfrica"
2014-05-07,10.4488000869751,10.4696102142334,10.3193998336792,10.4497995376587,0,10.4497995376587,"SouthAfrica"
2014-05-08,10.3395004272461,10.3887195587158,10.3264999389648,10.3364000320435,0,10.3364000320435,"SouthAfrica"
2014-05-11,10.3496904373169,10.3795003890991,10.3320999145508,10.3465995788574,0,10.3465995788574,"SouthAfrica"
2014-05-12,10.3565397262573,10.3725996017456,10.2705001831055,10.3526000976562,0,10.3526000976562,"SouthAfrica"
2014-05-13,10.3120002746582,10.3537998199463,10.2728004455566,10.3115997314453,0,10.3115997314453,"SouthAfrica"
2014-05-14,10.2982997894287,10.435299873352,10.2964000701904,10.2975997924805,0,10.2975997924805,"SouthAfrica"
2014-05-15,10.4022703170776,10.4237003326416,10.3435001373291,10.3978004455566,0,10.3978004455566,"SouthAfrica"
2014-05-18,10.3418998718262,10.4386196136475,10.3339996337891,10.3402996063232,0,10.3402996063232,"SouthAfrica"
2014-05-19,10.354100227356,10.4746198654175,10.3528003692627,10.3576002120972,0,10.3576002120972,"SouthAfrica"
2014-05-20,10.4448003768921,10.4743995666504,10.3835000991821,10.4409999847412,0,10.4409999847412,"SouthAfrica"
2014-05-21,10.379599571228,10.3922996520996,10.3191003799438,10.3801603317261,0,10.3801603317261,"SouthAfrica"
2014-05-22,10.33899974823,10.3741998672485,10.2861003875732,10.341739654541,0,10.341739654541,"SouthAfrica"
2014-05-25,10.3140001296997,10.3597002029419,10.3092002868652,10.3092002868652,0,10.3092002868652,"SouthAfrica"
2014-05-26,10.3442001342773,10.4720001220703,10.3340997695923,10.3467998504639,0,10.3467998504639,"SouthAfrica"
2014-05-27,10.4483995437622,10.5188999176025,10.446849822998,10.4474000930786,0,10.4474000930786,"SouthAfrica"
2014-05-28,10.4569997787476,10.503999710083,10.3838996887207,10.4601001739502,0,10.4601001739502,"SouthAfrica"
2014-05-29,10.4120998382568,10.5903701782227,10.4097995758057,10.4119997024536,0,10.4119997024536,"SouthAfrica"
2014-06-01,10.56369972229,10.6913995742798,10.5496997833252,10.563380241394,0,10.563380241394,"SouthAfrica"
2014-06-02,10.6761999130249,10.7470998764038,10.6308002471924,10.6824998855591,0,10.6824998855591,"SouthAfrica"
2014-06-03,10.770899772644,10.8007001876831,10.7118997573853,10.7673997879028,0,10.7673997879028,"SouthAfrica"
2014-06-04,10.7545003890991,10.7602996826172,10.621600151062,10.7545003890991,0,10.7545003890991,"SouthAfrica"
2014-06-05,10.6885004043579,10.710599899292,10.5606002807617,10.6850996017456,0,10.6850996017456,"SouthAfrica"
2014-06-08,10.5739002227783,10.6376104354858,10.5534000396729,10.5858001708984,0,10.5858001708984,"SouthAfrica"
2014-06-09,10.6402997970581,10.7391004562378,10.6224002838135,10.6378002166748,0,10.6378002166748,"SouthAfrica"
2014-06-10,10.7056503295898,10.7889995574951,10.6873998641968,10.7048997879028,0,10.7048997879028,"SouthAfrica"
2014-06-11,10.7390403747559,10.7643995285034,10.6582202911377,10.7424001693726,0,10.7424001693726,"SouthAfrica"
2014-06-12,10.684100151062,10.8064002990723,10.6733999252319,10.6941699981689,0,10.6941699981689,"SouthAfrica"
2014-06-15,10.6915998458862,10.7652196884155,10.6866998672485,10.6934003829956,0,10.6934003829956,"SouthAfrica"
2014-06-16,10.737850189209,10.8438997268677,10.716799736023,10.7335996627808,0,10.7335996627808,"SouthAfrica"
2014-06-17,10.831919670105,10.8577003479004,10.7209997177124,10.8326997756958,0,10.8326997756958,"SouthAfrica"
2014-06-18,10.679949760437,10.7061996459961,10.6084995269775,10.6797800064087,0,10.6797800064087,"SouthAfrica"
2014-06-19,10.7496500015259,10.755729675293,10.6709003448486,10.7501697540283,0,10.7501697540283,"SouthAfrica"
2014-06-22,10.6646995544434,10.6756000518799,10.5558004379272,10.6681995391846,0,10.6681995391846,"SouthAfrica"
2014-06-23,10.589599609375,10.5993003845215,10.5272998809814,10.589599609375,0,10.589599609375,"SouthAfrica"
2014-06-24,10.6274003982544,10.6521196365356,10.5458002090454,10.6269998550415,0,10.6269998550415,"SouthAfrica"
2014-06-25,10.5871000289917,10.6778001785278,10.5623998641968,10.5871000289917,0,10.5871000289917,"SouthAfrica"
2014-06-26,10.6345996856689,10.6431102752686,10.5803003311157,10.6345996856689,0,10.6345996856689,"SouthAfrica"
2014-06-29,10.5906000137329,10.6406002044678,10.5707998275757,10.5884199142456,0,10.5884199142456,"SouthAfrica"
2014-06-30,10.6326999664307,10.6854000091553,10.6111001968384,10.6305999755859,0,10.6305999755859,"SouthAfrica"
2014-07-01,10.6628799438477,10.7607002258301,10.6532001495361,10.6575002670288,0,10.6575002670288,"SouthAfrica"
2014-07-02,10.7535200119019,10.8440999984741,10.7379999160767,10.752799987793,0,10.752799987793,"SouthAfrica"
2014-07-03,10.747579574585,10.7621002197266,10.7144002914429,10.7474403381348,0,10.7474403381348,"SouthAfrica"
2014-07-06,10.7490997314453,10.822699546814,10.7490997314453,10.7490997314453,0,10.7490997314453,"SouthAfrica"
2014-07-07,10.7646999359131,10.7786903381348,10.6736001968384,10.7667999267578,0,10.7667999267578,"SouthAfrica"
2014-07-08,10.6751003265381,10.7149000167847,10.6535997390747,10.6703996658325,0,10.6703996658325,"SouthAfrica"
2014-07-09,10.6687498092651,10.7494201660156,10.6578998565674,10.6653995513916,0,10.6653995513916,"SouthAfrica"
2014-07-10,10.6930999755859,10.7378997802734,10.6894998550415,10.6916999816895,0,10.6916999816895,"SouthAfrica"
2014-07-13,10.7070999145508,10.7487201690674,10.6736001968384,10.7070999145508,0,10.7070999145508,"SouthAfrica"
2014-07-14,10.680100440979,10.7249002456665,10.6353702545166,10.6782999038696,0,10.6782999038696,"SouthAfrica"
2014-07-15,10.7096004486084,10.7294797897339,10.6599998474121,10.7161102294922,0,10.7161102294922,"SouthAfrica"
2014-07-16,10.6821098327637,10.7262001037598,10.6449699401855,10.682149887085,0,10.682149887085,"SouthAfrica"
2014-07-17,10.7410297393799,10.7410297393799,10.6412000656128,10.7409400939941,0,10.7409400939941,"SouthAfrica"
2014-07-20,10.6538000106812,10.6618995666504,10.6028003692627,10.6549997329712,0,10.6549997329712,"SouthAfrica"
2014-07-21,10.6082000732422,10.6372995376587,10.5600004196167,10.608889579773,0,10.608889579773,"SouthAfrica"
2014-07-22,10.5732002258301,10.5753297805786,10.4948997497559,10.5731000900269,0,10.5731000900269,"SouthAfrica"
2014-07-23,10.5226202011108,10.5417995452881,10.4662199020386,10.5173997879028,0,10.5173997879028,"SouthAfrica"
2014-07-24,10.5222997665405,10.5466003417969,10.486499786377,10.5232000350952,0,10.5232000350952,"SouthAfrica"
2014-07-27,10.5117998123169,10.582799911499,10.4812002182007,10.5094995498657,0,10.5094995498657,"SouthAfrica"
2014-07-28,10.5559997558594,10.6260204315186,10.5549001693726,10.5632095336914,0,10.5632095336914,"SouthAfrica"
2014-07-29,10.6128997802734,10.6923999786377,10.5764999389648,10.6098003387451,0,10.6098003387451,"SouthAfrica"
2014-07-30,10.6779003143311,10.7342195510864,10.6625003814697,10.6720199584961,0,10.6720199584961,"SouthAfrica"
2014-07-31,10.6997003555298,10.7662200927734,10.6329002380371,10.7011003494263,0,10.7011003494263,"SouthAfrica"
2014-08-03,10.6654996871948,10.706600189209,10.6352996826172,10.6661996841431,0,10.6661996841431,"SouthAfrica"
2014-08-04,10.6526803970337,10.7610998153687,10.6225004196167,10.6487998962402,0,10.6487998962402,"SouthAfrica"
2014-08-05,10.7531204223633,10.8198003768921,10.7241697311401,10.750940322876,0,10.750940322876,"SouthAfrica"
2014-08-06,10.7055997848511,10.7678203582764,10.6871700286865,10.710599899292,0,10.710599899292,"SouthAfrica"
2014-08-07,10.7487001419067,10.8301000595093,10.6668996810913,10.7503004074097,0,10.7503004074097,"SouthAfrica"
2014-08-10,10.6552000045776,10.7157001495361,10.6284999847412,10.654899597168,0,10.654899597168,"SouthAfrica"
2014-08-11,10.6265897750854,10.6756000518799,10.6160001754761,10.6255502700806,0,10.6255502700806,"SouthAfrica"
2014-08-12,10.6288995742798,10.6401996612549,10.56369972229,10.6288995742798,0,10.6288995742798,"SouthAfrica"
2014-08-13,10.5740995407104,10.5967998504639,10.523699760437,10.5740995407104,0,10.5740995407104,"SouthAfrica"
2014-08-14,10.5454196929932,10.6239700317383,10.5305004119873,10.5464000701904,0,10.5464000701904,"SouthAfrica"
2014-08-17,10.5804195404053,10.6329002380371,10.565899848938,10.5804195404053,0,10.5804195404053,"SouthAfrica"
2014-08-18,10.6024198532104,10.6440000534058,10.5931997299194,10.6002998352051,0,10.6002998352051,"SouthAfrica"
2014-08-19,10.6386995315552,10.7083702087402,10.637900352478,10.6399202346802,0,10.6399202346802,"SouthAfrica"
2014-08-20,10.7334203720093,10.7486000061035,10.6574201583862,10.7346000671387,0,10.7346000671387,"SouthAfrica"
2014-08-21,10.6888999938965,10.7322998046875,10.6740999221802,10.6871004104614,0,10.6871004104614,"SouthAfrica"
2014-08-24,10.7158002853394,10.7241201400757,10.6849002838135,10.7181901931763,0,10.7181901931763,"SouthAfrica"
2014-08-25,10.7116003036499,10.7152996063232,10.6653995513916,10.7133197784424,0,10.7133197784424,"SouthAfrica"
2014-08-26,10.6732997894287,10.6850996017456,10.6161003112793,10.6782999038696,0,10.6782999038696,"SouthAfrica"
2014-08-27,10.6054000854492,10.6808004379272,10.5989999771118,10.6068000793457,0,10.6068000793457,"SouthAfrica"
2014-08-28,10.6211996078491,10.6636199951172,10.5882797241211,10.620400428772,0,10.620400428772,"SouthAfrica"
2014-08-31,10.6506004333496,10.6829996109009,10.6446104049683,10.6512002944946,0,10.6512002944946,"SouthAfrica"
2014-09-01,10.6750001907349,10.7463998794556,10.663800239563,10.6674203872681,0,10.6674203872681,"SouthAfrica"
2014-09-02,10.7343997955322,10.7446203231812,10.6694002151489,10.7392997741699,0,10.7392997741699,"SouthAfrica"
2014-09-03,10.6779003143311,10.7081003189087,10.6014003753662,10.6718997955322,0,10.6718997955322,"SouthAfrica"
2014-09-04,10.7315998077393,10.7552995681763,10.6630001068115,10.7305002212524,0,10.7305002212524,"SouthAfrica"
2014-09-07,10.6972999572754,10.7898998260498,10.689700126648,10.6948003768921,0,10.6948003768921,"SouthAfrica"
2014-09-08,10.808500289917,10.946120262146,10.7946996688843,10.8090000152588,0,10.8090000152588,"SouthAfrica"
2014-09-09,10.9083003997803,11.0104198455811,10.8978004455566,10.9077997207642,0,10.9077997207642,"SouthAfrica"
2014-09-10,10.9309997558594,10.9925003051758,10.9027996063232,10.9348001480103,0,10.9348001480103,"SouthAfrica"
2014-09-11,10.9601001739502,11.0283699035645,10.9499998092651,10.9622001647949,0,10.9622001647949,"SouthAfrica"
2014-09-14,11.0299997329712,11.0719995498657,10.9699001312256,11.0295000076294,0,11.0295000076294,"SouthAfrica"
2014-09-15,10.9624996185303,11,10.8694200515747,10.9619998931885,0,10.9619998931885,"SouthAfrica"
2014-09-16,10.9062995910645,10.9721002578735,10.894100189209,10.9074201583862,0,10.9074201583862,"SouthAfrica"
2014-09-17,11.0297002792358,11.0961198806763,10.972900390625,11.0313997268677,0,11.0313997268677,"SouthAfrica"
2014-09-18,11.0727100372314,11.1063003540039,10.9873199462891,11.0744199752808,0,11.0744199752808,"SouthAfrica"
2014-09-21,11.0580997467041,11.1709003448486,11.043399810791,11.0578002929688,0,11.0578002929688,"SouthAfrica"
2014-09-22,11.1715803146362,11.1727199554443,11.081600189209,11.1712999343872,0,11.1712999343872,"SouthAfrica"
2014-09-23,11.1534004211426,11.167799949646,11.1066999435425,11.1531200408936,0,11.1531200408936,"SouthAfrica"
2014-09-24,11.1328001022339,11.22350025177,11.1299200057983,11.1304197311401,0,11.1304197311401,"SouthAfrica"
2014-09-25,11.1814203262329,11.2554998397827,11.1569995880127,11.1810998916626,0,11.1810998916626,"SouthAfrica"
2014-09-28,11.2208995819092,11.3105001449585,11.2054996490479,11.2180004119873,0,11.2180004119873,"SouthAfrica"
2014-09-29,11.2673997879028,11.3423004150391,11.2320003509521,11.269419670105,0,11.269419670105,"SouthAfrica"
2014-09-30,11.283200263977,11.3536996841431,11.2348003387451,11.2812995910645,0,11.2812995910645,"SouthAfrica"
2014-10-01,11.2589101791382,11.2601299285889,11.1639995574951,11.2589101791382,0,11.2589101791382,"SouthAfrica"
2014-10-02,11.187310218811,11.3762197494507,11.1823997497559,11.1862001419067,0,11.1862001419067,"SouthAfrica"
2014-10-05,11.3514995574951,11.351900100708,11.2272996902466,11.3515996932983,0,11.3515996932983,"SouthAfrica"
2014-10-06,11.2133598327637,11.2569999694824,11.1617002487183,11.2146501541138,0,11.2146501541138,"SouthAfrica"
2014-10-07,11.1919002532959,11.242600440979,11.1635999679565,11.1906995773315,0,11.1906995773315,"SouthAfrica"
2014-10-08,11.0396995544434,11.0846996307373,10.9610004425049,11.0497198104858,0,11.0497198104858,"SouthAfrica"
2014-10-09,11.0661001205444,11.1424999237061,11.0446996688843,11.0638198852539,0,11.0638198852539,"SouthAfrica"
2014-10-12,11.1023998260498,11.1118001937866,11.0111999511719,11.0989999771118,0,11.0989999771118,"SouthAfrica"
2014-10-13,11.032919883728,11.1221704483032,11.0136995315552,11.0176000595093,0,11.0176000595093,"SouthAfrica"
2014-10-14,11.0675001144409,11.0953998565674,10.9784002304077,11.0696001052856,0,11.0696001052856,"SouthAfrica"
2014-10-15,11.0684900283813,11.1907997131348,11.0567998886108,11.0682401657104,0,11.0682401657104,"SouthAfrica"
2014-10-16,11.0805997848511,11.1334199905396,11.0583000183105,11.0808000564575,0,11.0808000564575,"SouthAfrica"
2014-10-19,11.0871000289917,11.0996999740601,11.0148000717163,11.0854196548462,0,11.0854196548462,"SouthAfrica"
2014-10-20,11.0237998962402,11.0382099151611,10.9591999053955,11.0251998901367,0,11.0251998901367,"SouthAfrica"
2014-10-21,11.0377597808838,11.0430002212524,10.9837999343872,11.0376996994019,0,11.0376996994019,"SouthAfrica"
2014-10-22,11.0053997039795,11.0205001831055,10.9223003387451,11.0049200057983,0,11.0049200057983,"SouthAfrica"
2014-10-23,10.9750003814697,10.9968099594116,10.9231996536255,10.9716997146606,0,10.9716997146606,"SouthAfrica"
2014-10-27,10.9413003921509,10.9890203475952,10.9199199676514,10.9418001174927,0,10.9418001174927,"SouthAfrica"
2014-10-28,10.9513998031616,10.9548997879028,10.8399200439453,10.9511995315552,0,10.9511995315552,"SouthAfrica"
2014-10-29,10.8458995819092,10.8767004013062,10.8247003555298,10.8459997177124,0,10.8459997177124,"SouthAfrica"
2014-10-30,10.9503002166748,10.9945602416992,10.8625001907349,10.9495496749878,0,10.9495496749878,"SouthAfrica"
2014-10-31,10.8687000274658,11.0492000579834,10.8292999267578,10.8687400817871,0,10.8687400817871,"SouthAfrica"
2014-11-03,11.0389003753662,11.0865001678467,11.0079002380371,11.045599937439,0,11.045599937439,"SouthAfrica"
2014-11-04,11.0659999847412,11.0750999450684,11.0206699371338,11.0659999847412,0,11.0659999847412,"SouthAfrica"
2014-11-05,11.0377197265625,11.1771001815796,11.0321998596191,11.0387201309204,0,11.0387201309204,"SouthAfrica"
2014-11-06,11.1386003494263,11.1896200180054,11.1113395690918,11.1386003494263,0,11.1386003494263,"SouthAfrica"
2014-11-07,11.2540998458862,11.3559799194336,11.2221202850342,11.255350112915,0,11.255350112915,"SouthAfrica"
2014-11-10,11.2321996688843,11.2474203109741,11.1611995697021,11.2322998046875,0,11.2322998046875,"SouthAfrica"
2014-11-11,11.2612495422363,11.3247003555298,11.2441701889038,11.2620000839233,0,11.2620000839233,"SouthAfrica"
2014-11-12,11.2161502838135,11.2500400543213,11.1598997116089,11.2152004241943,0,11.2152004241943,"SouthAfrica"
2014-11-13,11.1968898773193,11.2382001876831,11.1585998535156,11.1972703933716,0,11.1972703933716,"SouthAfrica"
2014-11-14,11.2152996063232,11.2421197891235,11.1189002990723,11.2112998962402,0,11.2112998962402,"SouthAfrica"
2014-11-17,11.0847997665405,11.1360197067261,11.0558996200562,11.0832996368408,0,11.0832996368408,"SouthAfrica"
2014-11-18,11.1162996292114,11.1213998794556,10.9975996017456,11.120120048523,0,11.120120048523,"SouthAfrica"
2014-11-19,11.0256996154785,11.0747995376587,10.9974002838135,11.0242004394531,0,11.0242004394531,"SouthAfrica"
2014-11-20,11.0525999069214,11.087420463562,10.9392995834351,11.0532503128052,0,11.0532503128052,"SouthAfrica"
2014-11-21,10.9571199417114,10.9897003173828,10.9029998779297,10.9545001983643,0,10.9545001983643,"SouthAfrica"
2014-11-24,10.9508695602417,11.0292196273804,10.9243001937866,10.950400352478,0,10.950400352478,"SouthAfrica"
2014-11-25,11.0195503234863,11.0616998672485,10.940899848938,11.020170211792,0,11.020170211792,"SouthAfrica"
2014-11-26,10.9468202590942,11.016900062561,10.9405002593994,10.9471502304077,0,10.9471502304077,"SouthAfrica"
2014-11-27,10.952449798584,10.9752998352051,10.9277000427246,10.9494400024414,0,10.9494400024414,"SouthAfrica"
2014-11-28,10.9737701416016,11.0546998977661,10.9711999893188,10.9722995758057,0,10.9722995758057,"SouthAfrica"
2014-12-01,11.0904197692871,11.1482000350952,10.9717998504639,11.0908803939819,0,11.0908803939819,"SouthAfrica"
2014-12-02,10.9981298446655,11.1268301010132,10.9849996566772,11.000940322876,0,11.000940322876,"SouthAfrica"
2014-12-03,11.121600151062,11.2351999282837,11.0987997055054,11.1199102401733,0,11.1199102401733,"SouthAfrica"
2014-12-04,11.2149000167847,11.2427196502686,11.1547002792358,11.2143001556396,0,11.2143001556396,"SouthAfrica"
2014-12-05,11.1980800628662,11.3782997131348,11.1883001327515,11.1979198455811,0,11.1979198455811,"SouthAfrica"
2014-12-08,11.3695001602173,11.5658197402954,11.331000328064,11.3696002960205,0,11.3696002960205,"SouthAfrica"
2014-12-09,11.5297698974609,11.5703001022339,11.3928003311157,11.529899597168,0,11.529899597168,"SouthAfrica"
2014-12-10,11.4350595474243,11.5939998626709,11.4181995391846,11.4278001785278,0,11.4278001785278,"SouthAfrica"
2014-12-11,11.5346202850342,11.6512002944946,11.4753904342651,11.5337696075439,0,11.5337696075439,"SouthAfrica"
2014-12-12,11.6220197677612,11.719820022583,11.5841999053955,11.6225204467773,0,11.6225204467773,"SouthAfrica"
2014-12-15,11.5564002990723,11.7211198806763,11.5349998474121,11.5606899261475,0,11.5606899261475,"SouthAfrica"
2014-12-16,11.6985998153687,11.7698202133179,11.5797004699707,11.6972999572754,0,11.6972999572754,"SouthAfrica"
2014-12-17,11.6489896774292,11.74880027771,11.6163997650146,11.6489200592041,0,11.6489200592041,"SouthAfrica"
2014-12-18,11.6318998336792,11.6433696746826,11.4877996444702,11.6328001022339,0,11.6328001022339,"SouthAfrica"
2014-12-19,11.5495595932007,11.6511001586914,11.5233001708984,11.5496196746826,0,11.5496196746826,"SouthAfrica"
2014-12-22,11.5698003768921,11.6093997955322,11.5325002670288,11.5707197189331,0,11.5707197189331,"SouthAfrica"
2014-12-23,11.5619297027588,11.6465997695923,11.5567998886108,11.5623197555542,0,11.5623197555542,"SouthAfrica"
2014-12-24,11.6368598937988,11.699049949646,11.5450000762939,11.6395101547241,0,11.6395101547241,"SouthAfrica"
2014-12-25,11.6099700927734,11.6445999145508,11.4499998092651,11.6034202575684,0,11.6034202575684,"SouthAfrica"
2014-12-26,11.5956497192383,11.6349201202393,11.5724000930786,11.5921001434326,0,11.5921001434326,"SouthAfrica"
2014-12-29,11.5825700759888,11.6301097869873,11.5775995254517,11.5807504653931,0,11.5807504653931,"SouthAfrica"
2014-12-30,11.6146802902222,11.6445198059082,11.5502004623413,11.61439037323,0,11.61439037323,"SouthAfrica"
2014-12-31,11.5577001571655,11.5923004150391,11.5361995697021,11.5577001571655,0,11.5577001571655,"SouthAfrica"
2015-01-01,11.4499998092651,11.4499998092651,11.4499998092651,11.4499998092651,0,11.4499998092651,"SouthAfrica"
2015-01-02,11.5583000183105,11.7257995605469,11.5557899475098,11.5534000396729,0,11.5534000396729,"SouthAfrica"
2015-01-05,11.7277002334595,11.7497997283936,11.6716003417969,11.7277002334595,0,11.7277002334595,"SouthAfrica"
2015-01-06,11.7009000778198,11.7739000320435,11.6625995635986,11.6953001022339,0,11.6953001022339,"SouthAfrica"
2015-01-07,11.7204103469849,11.740719795227,11.6820001602173,11.7200002670288,0,11.7200002670288,"SouthAfrica"
2015-01-08,11.6873998641968,11.711799621582,11.5866003036499,11.6875,0,11.6875,"SouthAfrica"
2015-01-09,11.5706996917725,11.6215000152588,11.4846000671387,11.5757503509521,0,11.5757503509521,"SouthAfrica"
2015-01-12,11.480899810791,11.5389003753662,11.4681997299194,11.4744997024536,0,11.4744997024536,"SouthAfrica"
2015-01-13,11.5124998092651,11.5285997390747,11.4730997085571,11.5201997756958,0,11.5201997756958,"SouthAfrica"
2015-01-14,11.4939002990723,11.6143999099731,11.4259004592896,11.493800163269,0,11.493800163269,"SouthAfrica"
2015-01-15,11.4382095336914,11.5510396957397,11.4123001098633,11.4395704269409,0,11.4395704269409,"SouthAfrica"
2015-01-16,11.539529800415,11.6069002151489,11.5094003677368,11.5416202545166,0,11.5416202545166,"SouthAfrica"
2015-01-19,11.5374002456665,11.6597995758057,11.5286998748779,11.529899597168,0,11.529899597168,"SouthAfrica"
2015-01-20,11.6256198883057,11.6827297210693,11.5902004241943,11.6254901885986,0,11.6254901885986,"SouthAfrica"
2015-01-21,11.5843000411987,11.6052303314209,11.4777202606201,11.5855798721313,0,11.5855798721313,"SouthAfrica"
2015-01-22,11.5113000869751,11.5545196533203,11.3808002471924,11.5043001174927,0,11.5043001174927,"SouthAfrica"
2015-01-23,11.4013795852661,11.4750995635986,11.3734998703003,11.398699760437,0,11.398699760437,"SouthAfrica"
2015-01-26,11.4355001449585,11.4884004592896,11.3908004760742,11.4333200454712,0,11.4333200454712,"SouthAfrica"
2015-01-27,11.4498996734619,11.6068201065063,11.4381999969482,11.4521999359131,0,11.4521999359131,"SouthAfrica"
2015-01-28,11.572699546814,11.5945796966553,11.5026998519897,11.5721998214722,0,11.5721998214722,"SouthAfrica"
2015-01-29,11.5733299255371,11.6653995513916,11.510350227356,11.569899559021,0,11.569899559021,"SouthAfrica"
2015-01-30,11.540599822998,11.6527996063232,11.520299911499,11.5410995483398,0,11.5410995483398,"SouthAfrica"
2015-02-02,11.6275997161865,11.6337003707886,11.5128002166748,11.625280380249,0,11.625280380249,"SouthAfrica"
2015-02-03,11.502200126648,11.545129776001,11.395899772644,11.5018997192383,0,11.5018997192383,"SouthAfrica"
2015-02-04,11.3785495758057,11.4619998931885,11.3677997589111,11.37380027771,0,11.37380027771,"SouthAfrica"
2015-02-05,11.4803695678711,11.488169670105,11.2578001022339,11.4767999649048,0,11.4767999649048,"SouthAfrica"
2015-02-06,11.2871198654175,11.4959297180176,11.2786998748779,11.2881202697754,0,11.2881202697754,"SouthAfrica"
2015-02-09,11.4998998641968,11.6039800643921,11.4847002029419,11.4982995986938,0,11.4982995986938,"SouthAfrica"
2015-02-10,11.5748796463013,11.7171001434326,11.5502996444702,11.5746002197266,0,11.5746002197266,"SouthAfrica"
2015-02-11,11.6799001693726,11.8899803161621,11.6597995758057,11.6796102523804,0,11.6796102523804,"SouthAfrica"
2015-02-12,11.7980003356934,11.8730001449585,11.726900100708,11.7974004745483,0,11.7974004745483,"SouthAfrica"
2015-02-13,11.7012901306152,11.7767000198364,11.6518001556396,11.7042303085327,0,11.7042303085327,"SouthAfrica"
2015-02-16,11.6431999206543,11.667799949646,11.6126003265381,11.6448001861572,0,11.6448001861572,"SouthAfrica"
2015-02-17,11.6357002258301,11.6846799850464,11.5810403823853,11.6342000961304,0,11.6342000961304,"SouthAfrica"
2015-02-18,11.6708002090454,11.7317800521851,11.6510000228882,11.6715297698975,0,11.6715297698975,"SouthAfrica"
2015-02-19,11.5888595581055,11.6867303848267,11.5467796325684,11.5887002944946,0,11.5887002944946,"SouthAfrica"
2015-02-20,11.6673002243042,11.6812000274658,11.6140003204346,11.6674003601074,0,11.6674003601074,"SouthAfrica"
2015-02-23,11.6159000396729,11.7448797225952,11.611590385437,11.6159000396729,0,11.6159000396729,"SouthAfrica"
2015-02-24,11.626950263977,11.6649904251099,11.5078001022339,11.6259002685547,0,11.6259002685547,"SouthAfrica"
2015-02-25,11.491849899292,11.5201997756958,11.4093999862671,11.4917497634888,0,11.4917497634888,"SouthAfrica"
2015-02-26,11.448169708252,11.5367002487183,11.358699798584,11.4462003707886,0,11.4462003707886,"SouthAfrica"
2015-02-27,11.5290002822876,11.6909999847412,11.4970998764038,11.5297002792358,0,11.5297002792358,"SouthAfrica"
2015-03-02,11.6815996170044,11.750340461731,11.6585998535156,11.6836996078491,0,11.6836996078491,"SouthAfrica"
2015-03-03,11.7699003219604,11.8113603591919,11.706000328064,11.7699003219604,0,11.7699003219604,"SouthAfrica"
2015-03-04,11.742600440979,11.8527002334595,11.7360000610352,11.7432203292847,0,11.7432203292847,"SouthAfrica"
2015-03-05,11.7836999893188,11.8308401107788,11.7307395935059,11.7843103408813,0,11.7843103408813,"SouthAfrica"
2015-03-06,11.8360996246338,12.094479560852,11.7615003585815,11.8334999084473,0,11.8334999084473,"SouthAfrica"
2015-03-09,12.0195999145508,12.1274003982544,12.0069999694824,12.0150003433228,0,12.0150003433228,"SouthAfrica"
2015-03-10,12.1078996658325,12.3514995574951,12.1056995391846,12.1103000640869,0,12.1103000640869,"SouthAfrica"
2015-03-11,12.34850025177,12.3791799545288,12.2447004318237,12.3510999679565,0,12.3510999679565,"SouthAfrica"
2015-03-12,12.2419996261597,12.294750213623,12.1489496231079,12.2540798187256,0,12.2540798187256,"SouthAfrica"
2015-03-13,12.2607002258301,12.5196599960327,12.2580995559692,12.2642002105713,0,12.2642002105713,"SouthAfrica"
2015-03-16,12.4492998123169,12.4596004486084,12.3741998672485,12.4427003860474,0,12.4427003860474,"SouthAfrica"
2015-03-17,12.4029998779297,12.4193296432495,12.3503999710083,12.4027004241943,0,12.4027004241943,"SouthAfrica"
2015-03-18,12.3512001037598,12.3944797515869,12.3087997436523,12.3500299453735,0,12.3500299453735,"SouthAfrica"
2015-03-19,12.0886898040771,12.3496103286743,12.0320997238159,12.0882196426392,0,12.0882196426392,"SouthAfrica"
2015-03-20,12.2915000915527,12.3017997741699,12.0382499694824,12.2912197113037,0,12.2912197113037,"SouthAfrica"
2015-03-23,12.0296001434326,12.1344299316406,11.9022998809814,12.0300998687744,0,12.0300998687744,"SouthAfrica"
2015-03-24,11.9041404724121,11.9513502120972,11.7960996627808,11.9063997268677,0,11.9063997268677,"SouthAfrica"
2015-03-25,11.8151998519897,11.861499786377,11.75767993927,11.8151998519897,0,11.8151998519897,"SouthAfrica"
2015-03-26,11.8424997329712,11.9728298187256,11.832799911499,11.8409996032715,0,11.8409996032715,"SouthAfrica"
2015-03-27,11.9745998382568,12.0392999649048,11.9565801620483,11.9750995635986,0,11.9750995635986,"SouthAfrica"
2015-03-29,12.0375003814697,12.1628503799438,12.0104999542236,12.0396795272827,0,12.0396795272827,"SouthAfrica"
2015-03-30,12.1346197128296,12.226900100708,12.1054401397705,12.1352996826172,0,12.1352996826172,"SouthAfrica"
2015-03-31,12.1316003799438,12.1422996520996,11.9598999023438,12.1316003799438,0,12.1316003799438,"SouthAfrica"
2015-04-01,11.9819002151489,12.038800239563,11.9198999404907,11.986180305481,0,11.986180305481,"SouthAfrica"
2015-04-02,11.9367904663086,11.9708099365234,11.7479000091553,11.9343900680542,0,11.9343900680542,"SouthAfrica"
2015-04-05,11.757399559021,11.7968797683716,11.6911001205444,11.7534704208374,0,11.7534704208374,"SouthAfrica"
2015-04-06,11.8032999038696,11.8835000991821,11.7723999023438,11.8044996261597,0,11.8044996261597,"SouthAfrica"
2015-04-07,11.8876495361328,11.8876495361328,11.7707996368408,11.8802003860474,0,11.8802003860474,"SouthAfrica"
2015-04-08,11.815899848938,11.9295797348022,11.7750101089478,11.8140001296997,0,11.8140001296997,"SouthAfrica"
2015-04-09,11.9393997192383,12.0544996261597,11.918399810791,11.9396800994873,0,11.9396800994873,"SouthAfrica"
2015-04-12,11.986499786377,12.1861000061035,11.97523021698,11.976490020752,0,11.976490020752,"SouthAfrica"
2015-04-13,12.1252298355103,12.1569995880127,11.9483003616333,12.1256999969482,0,12.1256999969482,"SouthAfrica"
2015-04-14,12.0069999694824,12.2021999359131,11.9899997711182,12.007960319519,0,12.007960319519,"SouthAfrica"
2015-04-15,12.0581998825073,12.0872001647949,11.9661502838135,12.0504999160767,0,12.0504999160767,"SouthAfrica"
2015-04-16,11.9415998458862,12.0902004241943,11.8743000030518,11.9455995559692,0,11.9455995559692,"SouthAfrica"
2015-04-19,12.045729637146,12.1449003219604,11.9806995391846,12.0466003417969,0,12.0466003417969,"SouthAfrica"
2015-04-20,12.1365404129028,12.1902799606323,12.0766000747681,12.1358003616333,0,12.1358003616333,"SouthAfrica"
2015-04-21,12.1127996444702,12.2413997650146,12.0690002441406,12.1149797439575,0,12.1149797439575,"SouthAfrica"
2015-04-22,12.216799736023,12.2985000610352,12.1702995300293,12.2164001464844,0,12.2164001464844,"SouthAfrica"
2015-04-23,12.1499004364014,12.2341995239258,12.0996999740601,12.1497001647949,0,12.1497001647949,"SouthAfrica"
2015-04-26,12.1124000549316,12.1372003555298,11.9744997024536,12.1124296188354,0,12.1124296188354,"SouthAfrica"
2015-04-27,11.9930000305176,12.029899597168,11.8079996109009,11.9912004470825,0,11.9912004470825,"SouthAfrica"
2015-04-28,11.8684902191162,11.8945999145508,11.7056999206543,11.8669004440308,0,11.8669004440308,"SouthAfrica"
2015-04-29,11.8009996414185,11.9668998718262,11.7554998397827,11.8043003082275,0,11.8043003082275,"SouthAfrica"
2015-04-30,11.8870000839233,12.0706996917725,11.8591995239258,11.8870000839233,0,11.8870000839233,"SouthAfrica"
2015-05-03,12.0459003448486,12.0678195953369,12.0156803131104,12.0451097488403,0,12.0451097488403,"SouthAfrica"
2015-05-04,12.0585403442383,12.0696001052856,11.9420003890991,12.0587196350098,0,12.0587196350098,"SouthAfrica"
2015-05-05,11.9798002243042,12.0621004104614,11.9140996932983,11.9778995513916,0,11.9778995513916,"SouthAfrica"
2015-05-06,12.002200126648,12.1196002960205,11.9174995422363,12.007399559021,0,12.007399559021,"SouthAfrica"
2015-05-07,12.025899887085,12.0675897598267,11.9041004180908,12.0248003005981,0,12.0248003005981,"SouthAfrica"
2015-05-10,11.9357795715332,12.0897798538208,11.9060001373291,11.9353799819946,0,11.9353799819946,"SouthAfrica"
2015-05-11,12.0814895629883,12.1446199417114,12.041600227356,12.0796203613281,0,12.0796203613281,"SouthAfrica"
2015-05-12,12.0384998321533,12.0544900894165,11.8399801254272,12.0370998382568,0,12.0370998382568,"SouthAfrica"
2015-05-13,11.8871002197266,11.9233999252319,11.7771997451782,11.885199546814,0,11.885199546814,"SouthAfrica"
2015-05-14,11.7974004745483,11.8808002471924,11.7580995559692,11.7984895706177,0,11.7984895706177,"SouthAfrica"
2015-05-17,11.7848901748657,11.882399559021,11.7747898101807,11.7818002700806,0,11.7818002700806,"SouthAfrica"
2015-05-18,11.8818998336792,11.9368896484375,11.8247995376587,11.881199836731,0,11.881199836731,"SouthAfrica"
2015-05-19,11.8931999206543,11.9685001373291,11.8506002426147,11.8934001922607,0,11.8934001922607,"SouthAfrica"
2015-05-20,11.8487901687622,11.8686895370483,11.737380027771,11.8483896255493,0,11.8483896255493,"SouthAfrica"
2015-05-21,11.8433303833008,11.8748903274536,11.7677001953125,11.8409595489502,0,11.8409595489502,"SouthAfrica"
2015-05-24,11.9046802520752,11.9739999771118,11.8930902481079,11.9048795700073,0,11.9048795700073,"SouthAfrica"
2015-05-25,11.9316997528076,12.0789098739624,11.9316997528076,11.9365196228027,0,11.9365196228027,"SouthAfrica"
2015-05-26,12.0662002563477,12.1620903015137,12.0247001647949,12.0683002471924,0,12.0683002471924,"SouthAfrica"
2015-05-27,12.0331001281738,12.1990699768066,12.011679649353,12.023699760437,0,12.023699760437,"SouthAfrica"
2015-05-28,12.1275796890259,12.1747903823853,12.1131000518799,12.1275796890259,0,12.1275796890259,"SouthAfrica"
2015-05-31,12.139479637146,12.2860898971558,12.1350002288818,12.1393003463745,0,12.1393003463745,"SouthAfrica"
2015-06-01,12.2670402526855,12.3411903381348,12.1899003982544,12.2675800323486,0,12.2675800323486,"SouthAfrica"
2015-06-02,12.1826000213623,12.3143997192383,12.1801996231079,12.1840801239014,0,12.1840801239014,"SouthAfrica"
2015-06-03,12.3008604049683,12.3983001708984,12.2982997894287,12.3012800216675,0,12.3012800216675,"SouthAfrica"
2015-06-04,12.3716897964478,12.6223697662354,12.3712997436523,12.3724899291992,0,12.3724899291992,"SouthAfrica"
2015-06-07,12.6009902954102,12.6330900192261,12.5297002792358,12.6009397506714,0,12.6009397506714,"SouthAfrica"
2015-06-08,12.4761896133423,12.5488395690918,12.3934001922607,12.4762897491455,0,12.4762897491455,"SouthAfrica"
2015-06-09,12.4224100112915,12.472279548645,12.2922897338867,12.4221897125244,0,12.4221897125244,"SouthAfrica"
2015-06-10,12.3397998809814,12.4721202850342,12.3128995895386,12.3433904647827,0,12.3433904647827,"SouthAfrica"
2015-06-11,12.3307695388794,12.4591398239136,12.3284997940063,12.3326902389526,0,12.3326902389526,"SouthAfrica"
2015-06-14,12.4091901779175,12.4496402740479,12.383339881897,12.4266796112061,0,12.4266796112061,"SouthAfrica"
2015-06-15,12.4050998687744,12.4687004089355,12.3602304458618,12.4030704498291,0,12.4030704498291,"SouthAfrica"
2015-06-16,12.3698501586914,12.4478902816772,12.369649887085,12.369649887085,0,12.369649887085,"SouthAfrica"
2015-06-17,12.2848596572876,12.2972097396851,12.1414003372192,12.2826404571533,0,12.2826404571533,"SouthAfrica"
2015-06-18,12.2461395263672,12.2765998840332,12.1454000473022,12.2448997497559,0,12.2448997497559,"SouthAfrica"
2015-06-21,12.1470804214478,12.1883401870728,12.0824003219604,12.1469802856445,0,12.1469802856445,"SouthAfrica"
2015-06-22,12.1016902923584,12.2427701950073,12.1009902954102,12.1003904342651,0,12.1003904342651,"SouthAfrica"
2015-06-23,12.1576900482178,12.2014198303223,12.1128997802734,12.1563901901245,0,12.1563901901245,"SouthAfrica"
2015-06-24,12.15159034729,12.1549396514893,12.0549602508545,12.15159034729,0,12.15159034729,"SouthAfrica"
2015-06-25,12.0978498458862,12.2371997833252,12.0904998779297,12.0973901748657,0,12.0973901748657,"SouthAfrica"
2015-06-28,12.3166999816895,12.3456897735596,12.2307796478271,12.317099571228,0,12.317099571228,"SouthAfrica"
2015-06-29,12.2515001296997,12.2776098251343,12.1198101043701,12.2514896392822,0,12.2514896392822,"SouthAfrica"
2015-06-30,12.1357002258301,12.2558898925781,12.1357002258301,12.1581401824951,0,12.1581401824951,"SouthAfrica"
2015-07-01,12.2504901885986,12.3551998138428,12.2337999343872,12.2480001449585,0,12.2480001449585,"SouthAfrica"
2015-07-02,12.2525396347046,12.3172798156738,12.2462997436523,12.2514896392822,0,12.2514896392822,"SouthAfrica"
2015-07-05,12.3779802322388,12.4559497833252,12.330530166626,12.3765802383423,0,12.3765802383423,"SouthAfrica"
2015-07-06,12.3848104476929,12.536600112915,12.3680095672607,12.3873596191406,0,12.3873596191406,"SouthAfrica"
2015-07-07,12.4323997497559,12.5765895843506,12.4321002960205,12.435489654541,0,12.435489654541,"SouthAfrica"
2015-07-08,12.571120262146,12.5834798812866,12.4407997131348,12.5711297988892,0,12.5711297988892,"SouthAfrica"
2015-07-09,12.4895296096802,12.4902896881104,12.3708000183105,12.4889402389526,0,12.4889402389526,"SouthAfrica"
2015-07-12,12.463620185852,12.5115003585815,12.3865995407104,12.4641103744507,0,12.4641103744507,"SouthAfrica"
2015-07-13,12.4570798873901,12.4716997146606,12.3291997909546,12.4550399780273,0,12.4550399780273,"SouthAfrica"
2015-07-14,12.330189704895,12.4613800048828,12.3121995925903,12.330189704895,0,12.330189704895,"SouthAfrica"
2015-07-15,12.4098501205444,12.4435997009277,12.3477001190186,12.4058704376221,0,12.4058704376221,"SouthAfrica"
2015-07-16,12.3898696899414,12.3977203369141,12.3007202148438,12.3898696899414,0,12.3898696899414,"SouthAfrica"
2015-07-19,12.3624897003174,12.4729795455933,12.3521995544434,12.3605804443359,0,12.3605804443359,"SouthAfrica"
2015-07-20,12.4306001663208,12.4605302810669,12.3273696899414,12.430700302124,0,12.430700302124,"SouthAfrica"
2015-07-21,12.3238697052002,12.4076995849609,12.310299873352,12.323769569397,0,12.323769569397,"SouthAfrica"
2015-07-22,12.3963003158569,12.4844398498535,12.3816003799438,12.3952703475952,0,12.3952703475952,"SouthAfrica"
2015-07-23,12.4370498657227,12.6701002120972,12.4305000305176,12.4381999969482,0,12.4381999969482,"SouthAfrica"
2015-07-26,12.60964012146,12.6892499923706,12.5699996948242,12.6094999313354,0,12.6094999313354,"SouthAfrica"
2015-07-27,12.6234703063965,12.6396398544312,12.5212697982788,12.6234703063965,0,12.6234703063965,"SouthAfrica"
2015-07-28,12.5524301528931,12.5972604751587,12.4912004470825,12.5541296005249,0,12.5541296005249,"SouthAfrica"
2015-07-29,12.5523099899292,12.7526998519897,12.552209854126,12.5479803085327,0,12.5479803085327,"SouthAfrica"
2015-07-30,12.6873998641968,12.7686796188354,12.5802001953125,12.6926202774048,0,12.6926202774048,"SouthAfrica"
2015-08-02,12.6866302490234,12.7443704605103,12.661600112915,12.6852102279663,0,12.6852102279663,"SouthAfrica"
2015-08-03,12.6831998825073,12.6935501098633,12.6208000183105,12.6827898025513,0,12.6827898025513,"SouthAfrica"
2015-08-04,12.734299659729,12.8246898651123,12.7143096923828,12.7350997924805,0,12.7350997924805,"SouthAfrica"
2015-08-05,12.7728004455566,12.783200263977,12.7252998352051,12.773380279541,0,12.773380279541,"SouthAfrica"
2015-08-06,12.7088804244995,12.7808303833008,12.5972995758057,12.7066202163696,0,12.7066202163696,"SouthAfrica"
2015-08-09,12.6407699584961,12.7444000244141,12.6259002685547,12.6394996643066,0,12.6394996643066,"SouthAfrica"
2015-08-10,12.6448402404785,12.8221302032471,12.638500213623,12.6576299667358,0,12.6576299667358,"SouthAfrica"
2015-08-11,12.7778701782227,12.8696298599243,12.7152900695801,12.7763004302979,0,12.7763004302979,"SouthAfrica"
2015-08-12,12.7479000091553,12.831600189209,12.7178001403809,12.7496299743652,0,12.7496299743652,"SouthAfrica"
2015-08-13,12.7888402938843,12.8814296722412,12.7621002197266,12.7888402938843,0,12.7888402938843,"SouthAfrica"
2015-08-16,12.8174800872803,12.9207000732422,12.8115997314453,12.8178300857544,0,12.8178300857544,"SouthAfrica"
2015-08-17,12.8935604095459,12.9669198989868,12.8803997039795,12.8936100006104,0,12.8936100006104,"SouthAfrica"
2015-08-18,12.8942499160767,12.9722003936768,12.8503999710083,12.8949003219604,0,12.8949003219604,"SouthAfrica"
2015-08-19,12.8922004699707,13.0014896392822,12.8299999237061,12.8737001419067,0,12.8737001419067,"SouthAfrica"
2015-08-20,12.932430267334,12.9794998168945,12.8850002288818,12.9321804046631,0,12.9321804046631,"SouthAfrica"
2015-08-23,13.4231796264648,13.4630002975464,13.1021995544434,13.4203796386719,0,13.4203796386719,"SouthAfrica"
2015-08-24,13.2274904251099,13.2274904251099,12.9803800582886,13.2252998352051,0,13.2252998352051,"SouthAfrica"
2015-08-25,13.1800003051758,13.1906499862671,13.0395002365112,13.1802997589111,0,13.1802997589111,"SouthAfrica"
2015-08-26,13.0799598693848,13.1404695510864,12.9948997497559,13.079930305481,0,13.079930305481,"SouthAfrica"
2015-08-27,13.1297798156738,13.3347501754761,13.1091203689575,13.1273002624512,0,13.1273002624512,"SouthAfrica"
2015-08-30,13.2947998046875,13.3618001937866,13.2295999526978,13.2966499328613,0,13.2966499328613,"SouthAfrica"
2015-08-31,13.2660102844238,13.4046001434326,13.2264995574951,13.2660703659058,0,13.2660703659058,"SouthAfrica"
2015-09-01,13.4161500930786,13.5072002410889,13.382399559021,13.4154796600342,0,13.4154796600342,"SouthAfrica"
2015-09-02,13.4129695892334,13.6377000808716,13.3884000778198,13.4129695892334,0,13.4129695892334,"SouthAfrica"
2015-09-03,13.5694999694824,13.8493003845215,13.5310001373291,13.5728797912598,0,13.5728797912598,"SouthAfrica"
2015-09-06,13.8884801864624,14.0114002227783,13.851900100708,13.8884801864624,0,13.8884801864624,"SouthAfrica"
2015-09-07,13.9434795379639,13.9810104370117,13.7248001098633,13.9429798126221,0,13.9429798126221,"SouthAfrica"
2015-09-08,13.6911497116089,13.7246799468994,13.5325002670288,13.6877002716064,0,13.6877002716064,"SouthAfrica"
2015-09-09,13.8894996643066,13.9616298675537,13.6345100402832,13.8902797698975,0,13.8902797698975,"SouthAfrica"
2015-09-10,13.6213903427124,13.6922302246094,13.5349998474121,13.6184997558594,0,13.6184997558594,"SouthAfrica"
2015-09-13,13.5356798171997,13.616189956665,13.4965000152588,13.5357799530029,0,13.5357799530029,"SouthAfrica"
2015-09-14,13.4798803329468,13.5452899932861,13.4072799682617,13.4811697006226,0,13.4811697006226,"SouthAfrica"
2015-09-15,13.4591999053955,13.4889802932739,13.2645998001099,13.4584999084473,0,13.4584999084473,"SouthAfrica"
2015-09-16,13.2668800354004,13.402379989624,13.2634000778198,13.2648000717163,0,13.2648000717163,"SouthAfrica"
2015-09-17,13.2821798324585,13.3328800201416,13.168999671936,13.2802801132202,0,13.2802801132202,"SouthAfrica"
2015-09-20,13.2934303283691,13.4934797286987,13.2639999389648,13.2925300598145,0,13.2925300598145,"SouthAfrica"
2015-09-21,13.4650802612305,13.7406797409058,13.4144802093506,13.4622001647949,0,13.4622001647949,"SouthAfrica"
2015-09-22,13.6778297424316,13.8408498764038,13.6315002441406,13.6796197891235,0,13.6796197891235,"SouthAfrica"
2015-09-23,13.865969657898,14.0782699584961,13.8410701751709,13.8678798675537,0,13.8678798675537,"SouthAfrica"
2015-09-24,13.8738298416138,13.9355001449585,13.7236995697021,13.8699998855591,0,13.8699998855591,"SouthAfrica"
2015-09-27,13.8618803024292,14.062029838562,13.7999000549316,13.8618803024292,0,13.8618803024292,"SouthAfrica"
2015-09-28,14.056619644165,14.1533002853394,13.8877801895142,14.0573997497559,0,14.0573997497559,"SouthAfrica"
2015-09-29,13.968279838562,13.968279838562,13.7904996871948,13.9683799743652,0,13.9683799743652,"SouthAfrica"
2015-09-30,13.8249702453613,13.8699798583984,13.7189998626709,13.825779914856,0,13.825779914856,"SouthAfrica"
2015-10-01,13.9188804626465,14.0162897109985,13.7504796981812,13.9192800521851,0,13.9192800521851,"SouthAfrica"
2015-10-04,13.7509803771973,13.7728700637817,13.5267601013184,13.7433795928955,0,13.7433795928955,"SouthAfrica"
2015-10-05,13.6199798583984,13.7086296081543,13.5170001983643,13.6184797286987,0,13.6184797286987,"SouthAfrica"
2015-10-06,13.5191898345947,13.5337800979614,13.33899974823,13.5168304443359,0,13.5168304443359,"SouthAfrica"
2015-10-07,13.4713001251221,13.5268001556396,13.3712997436523,13.4669303894043,0,13.4669303894043,"SouthAfrica"
2015-10-08,13.2962999343872,13.3732795715332,13.2354001998901,13.2991800308228,0,13.2991800308228,"SouthAfrica"
2015-10-11,13.3452997207642,13.3705997467041,13.2508001327515,13.3464202880859,0,13.3464202880859,"SouthAfrica"
2015-10-12,13.3290796279907,13.4983997344971,13.3011999130249,13.329779624939,0,13.329779624939,"SouthAfrica"
2015-10-13,13.5420999526978,13.5481796264648,13.3008003234863,13.5333404541016,0,13.5333404541016,"SouthAfrica"
2015-10-14,13.2079000473022,13.2203798294067,13.0488004684448,13.2105798721313,0,13.2105798721313,"SouthAfrica"
2015-10-15,13.03600025177,13.1599798202515,13.0349998474121,13.0414896011353,0,13.0414896011353,"SouthAfrica"
2015-10-18,13.0836296081543,13.2914800643921,13.0128498077393,13.0836400985718,0,13.0836400985718,"SouthAfrica"
2015-10-19,13.287579536438,13.2933197021484,13.1740999221802,13.2861995697021,0,13.2861995697021,"SouthAfrica"
2015-10-20,13.2813997268677,13.5351495742798,13.2674798965454,13.2814903259277,0,13.2814903259277,"SouthAfrica"
2015-10-21,13.5141801834106,13.5955495834351,13.3879995346069,13.5147199630737,0,13.5147199630737,"SouthAfrica"
2015-10-22,13.419150352478,13.6969804763794,13.3135004043579,13.4206495285034,0,13.4206495285034,"SouthAfrica"
2015-10-26,13.6098003387451,13.6846303939819,13.5621795654297,13.6103000640869,0,13.6103000640869,"SouthAfrica"
2015-10-27,13.6266002655029,13.7556896209717,13.6134996414185,13.6260404586792,0,13.6260404586792,"SouthAfrica"
2015-10-28,13.6764001846313,13.6943798065186,13.5208797454834,13.6901302337646,0,13.6901302337646,"SouthAfrica"
2015-10-29,13.7200803756714,13.8758001327515,13.6851997375488,13.7181997299194,0,13.7181997299194,"SouthAfrica"
2015-10-30,13.8863000869751,13.8873796463013,13.7640495300293,13.8863000869751,0,13.8863000869751,"SouthAfrica"
2015-11-02,13.7868795394897,13.835280418396,13.7236995697021,13.7842998504639,0,13.7842998504639,"SouthAfrica"
2015-11-03,13.7871198654175,13.9242897033691,13.7292003631592,13.7867803573608,0,13.7867803573608,"SouthAfrica"
2015-11-04,13.7586803436279,13.9535799026489,13.7230997085571,13.7586803436279,0,13.7586803436279,"SouthAfrica"
2015-11-05,13.9418001174927,13.9929800033569,13.8605003356934,13.9418001174927,0,13.9418001174927,"SouthAfrica"
2015-11-06,13.880669593811,14.1944799423218,13.8800802230835,13.880669593811,0,13.880669593811,"SouthAfrica"
2015-11-09,14.1417999267578,14.3283004760742,14.1409997940063,14.1417999267578,0,14.1417999267578,"SouthAfrica"
2015-11-10,14.2914600372314,14.3781003952026,14.2363996505737,14.2919502258301,0,14.2919502258301,"SouthAfrica"
2015-11-11,14.2463998794556,14.2662801742554,14.1501998901367,14.2479295730591,0,14.2479295730591,"SouthAfrica"
2015-11-12,14.1494998931885,14.3355798721313,14.0749797821045,14.1494998931885,0,14.1494998931885,"SouthAfrica"
2015-11-13,14.2980804443359,14.4220600128174,14.2714996337891,14.2983798980713,0,14.2983798980713,"SouthAfrica"
2015-11-16,14.3817701339722,14.4355602264404,14.3334999084473,14.3816699981689,0,14.3816699981689,"SouthAfrica"
2015-11-17,14.3292903900146,14.3862495422363,14.2048997879028,14.3291397094727,0,14.3291397094727,"SouthAfrica"
2015-11-18,14.2741003036499,14.3162403106689,14.1569595336914,14.2695798873901,0,14.2695798873901,"SouthAfrica"
2015-11-19,14.161600112915,14.2121095657349,13.9998998641968,14.1618995666504,0,14.1618995666504,"SouthAfrica"
2015-11-20,14.0130796432495,14.0393800735474,13.8882999420166,14.0104999542236,0,14.0104999542236,"SouthAfrica"
2015-11-23,13.9554500579834,14.0735998153687,13.9527797698975,13.9747800827026,0,13.9747800827026,"SouthAfrica"
2015-11-24,14.0783100128174,14.1552000045776,13.9665002822876,14.0792198181152,0,14.0792198181152,"SouthAfrica"
2015-11-25,14.023380279541,14.1611995697021,13.9844999313354,14.0112495422363,0,14.0112495422363,"SouthAfrica"
2015-11-26,14.1229801177979,14.2817802429199,14.1005001068115,14.1229801177979,0,14.1229801177979,"SouthAfrica"
2015-11-27,14.2802801132202,14.3943796157837,14.246000289917,14.2804803848267,0,14.2804803848267,"SouthAfrica"
2015-11-30,14.3732204437256,14.4572601318359,14.3522996902466,14.3752002716064,0,14.3752002716064,"SouthAfrica"
2015-12-01,14.4244804382324,14.4908895492554,14.3622999191284,14.4209995269775,0,14.4209995269775,"SouthAfrica"
2015-12-02,14.4469995498657,14.450779914856,14.311900138855,14.4424800872803,0,14.4424800872803,"SouthAfrica"
2015-12-03,14.3484001159668,14.3900804519653,14.2480001449585,14.3484001159668,0,14.3484001159668,"SouthAfrica"
2015-12-04,14.3516798019409,14.4675798416138,14.2695999145508,14.3487997055054,0,14.3487997055054,"SouthAfrica"
2015-12-07,14.3230495452881,14.5626802444458,14.3199996948242,14.3244104385376,0,14.3244104385376,"SouthAfrica"
2015-12-08,14.5073003768921,14.6918296813965,14.4903001785278,14.5084295272827,0,14.5084295272827,"SouthAfrica"
2015-12-09,14.5965003967285,14.6462497711182,14.5043001174927,14.5961999893188,0,14.5961999893188,"SouthAfrica"
2015-12-10,14.8833703994751,15.3326797485352,14.8538303375244,14.8807201385498,0,14.8807201385498,"SouthAfrica"
2015-12-11,15.395299911499,16.0209999084473,15.3599996566772,15.3976001739502,0,15.3976001739502,"SouthAfrica"
2015-12-14,15.3492002487183,15.4954996109009,15.0158996582031,15.3464803695679,0,15.3464803695679,"SouthAfrica"
2015-12-15,15.0941896438599,15.1575002670288,14.8549995422363,15.092080116272,0,15.092080116272,"SouthAfrica"
2015-12-16,14.8965797424316,15.0700597763062,14.8509998321533,14.8965797424316,0,14.8965797424316,"SouthAfrica"
2015-12-17,14.9751996994019,15.2652101516724,14.8481998443604,14.9736003875732,0,14.9736003875732,"SouthAfrica"
2015-12-18,15.2015800476074,15.2273797988892,14.9910001754761,15.2015800476074,0,15.2015800476074,"SouthAfrica"
2015-12-21,15.0843801498413,15.0982999801636,14.8575000762939,15.0844802856445,0,15.0844802856445,"SouthAfrica"
2015-12-22,15.0818796157837,15.2028799057007,15.0447998046875,15.0819797515869,0,15.0819797515869,"SouthAfrica"
2015-12-23,15.1554002761841,15.276120185852,15.1274995803833,15.1596298217773,0,15.1596298217773,"SouthAfrica"
2015-12-24,15.2040996551514,15.2817001342773,15.140700340271,15.2103595733643,0,15.2103595733643,"SouthAfrica"
2015-12-25,15.2217903137207,15.2648000717163,15.1505002975464,15.2488698959351,0,15.2488698959351,"SouthAfrica"
2015-12-28,15.234299659729,15.3222799301147,15.2160997390747,15.2412395477295,0,15.2412395477295,"SouthAfrica"
2015-12-29,15.2688703536987,15.3182096481323,15.2414999008179,15.2694396972656,0,15.2694396972656,"SouthAfrica"
2015-12-30,15.2820301055908,15.5625896453857,15.2735004425049,15.2820301055908,0,15.2820301055908,"SouthAfrica"
2015-12-31,15.5348997116089,15.650520324707,15.316499710083,15.5347995758057,0,15.5347995758057,"SouthAfrica"
2016-01-01,15.460000038147,15.460000038147,15.460000038147,15.460000038147,0,15.460000038147,"SouthAfrica"
2016-01-04,15.4606399536133,15.6504697799683,15.3830003738403,15.4606399536133,0,15.4606399536133,"SouthAfrica"
2016-01-05,15.5229997634888,15.6858797073364,15.504599571228,15.5229997634888,0,15.5229997634888,"SouthAfrica"
2016-01-06,15.6319999694824,15.8627500534058,15.628399848938,15.6376495361328,0,15.6376495361328,"SouthAfrica"
2016-01-07,15.8576803207397,16.1978797912598,15.7504997253418,15.8578796386719,0,15.8578796386719,"SouthAfrica"
2016-01-08,16.0621795654297,16.200080871582,15.9251003265381,16.0586795806885,0,16.0586795806885,"SouthAfrica"
2016-01-11,16.8135795593262,16.8359603881836,16.4733009338379,16.8171997070312,0,16.8171997070312,"SouthAfrica"
2016-01-12,16.8498706817627,16.9444999694824,16.4396991729736,16.8492393493652,0,16.8492393493652,"SouthAfrica"
2016-01-13,16.6275997161865,16.6392993927002,16.3584003448486,16.6254997253418,0,16.6254997253418,"SouthAfrica"
2016-01-14,16.5709991455078,16.6752109527588,16.3549995422363,16.5709991455078,0,16.5709991455078,"SouthAfrica"
2016-01-15,16.4206790924072,16.7829208374023,16.3505001068115,16.4206790924072,0,16.4206790924072,"SouthAfrica"
2016-01-18,16.8703708648682,16.8703708648682,16.6445007324219,16.8703708648682,0,16.8703708648682,"SouthAfrica"
2016-01-19,16.83909034729,16.8465805053711,16.5702991485596,16.83909034729,0,16.83909034729,"SouthAfrica"
2016-01-20,16.7336807250977,16.9531993865967,16.7073993682861,16.7342700958252,0,16.7342700958252,"SouthAfrica"
2016-01-21,16.7099990844727,16.8670997619629,16.5732707977295,16.7099990844727,0,16.7099990844727,"SouthAfrica"
2016-01-22,16.5213794708252,16.6297702789307,16.3928508758545,16.5209102630615,0,16.5209102630615,"SouthAfrica"
2016-01-25,16.4180793762207,16.535400390625,16.3840007781982,16.4069805145264,0,16.4069805145264,"SouthAfrica"
2016-01-26,16.5410003662109,16.6488990783691,16.3549995422363,16.5363903045654,0,16.5363903045654,"SouthAfrica"
2016-01-27,16.3545093536377,16.4643993377686,16.317699432373,16.3555603027344,0,16.3555603027344,"SouthAfrica"
2016-01-28,16.4399795532227,16.4494800567627,16.1594009399414,16.4385795593262,0,16.4385795593262,"SouthAfrica"
2016-01-29,16.174430847168,16.2088794708252,15.9044799804688,16.1669998168945,0,16.1669998168945,"SouthAfrica"
2016-02-01,15.8591403961182,16.0964794158936,15.8558797836304,15.8612804412842,0,15.8612804412842,"SouthAfrica"
2016-02-02,15.9204902648926,16.1730003356934,15.9005002975464,15.9200801849365,0,15.9200801849365,"SouthAfrica"
2016-02-03,16.306999206543,16.4076805114746,16.1260509490967,16.2856998443604,0,16.2856998443604,"SouthAfrica"
2016-02-04,15.9321699142456,16.0286998748779,15.7543001174927,15.9322900772095,0,15.9322900772095,"SouthAfrica"
2016-02-05,15.8472499847412,15.9917802810669,15.8086795806885,15.8428497314453,0,15.8428497314453,"SouthAfrica"
2016-02-08,16.0068092346191,16.2195701599121,15.6005001068115,16.0064907073975,0,16.0064907073975,"SouthAfrica"
2016-02-09,16.1161994934082,16.2696990966797,15.9716997146606,16.1159706115723,0,16.1159706115723,"SouthAfrica"
2016-02-10,16.0466594696045,16.079870223999,15.7664003372192,16.0453205108643,0,16.0453205108643,"SouthAfrica"
2016-02-11,15.9004602432251,16.0434799194336,15.6512002944946,15.9003496170044,0,15.9003496170044,"SouthAfrica"
2016-02-12,15.8172798156738,15.9544801712036,15.7270002365112,15.8242998123169,0,15.8242998123169,"SouthAfrica"
2016-02-15,15.8660802841187,15.884880065918,15.7323904037476,15.8660802841187,0,15.8660802841187,"SouthAfrica"
2016-02-16,15.7139196395874,15.8120403289795,15.6958999633789,15.7141799926758,0,15.7141799926758,"SouthAfrica"
2016-02-17,15.7704801559448,15.8663997650146,15.499400138855,15.7728004455566,0,15.7728004455566,"SouthAfrica"
2016-02-18,15.4586000442505,15.514479637146,15.2482004165649,15.4597997665405,0,15.4597997665405,"SouthAfrica"
2016-02-19,15.410059928894,15.5083999633789,15.3385000228882,15.3800001144409,0,15.3800001144409,"SouthAfrica"
2016-02-22,15.3795003890991,15.4335603713989,15.187689781189,15.3775997161865,0,15.3775997161865,"SouthAfrica"
2016-02-23,15.182689666748,15.2896499633789,15.0603799819946,15.1833600997925,0,15.1833600997925,"SouthAfrica"
2016-02-24,15.2272996902466,15.713680267334,15.2030000686646,15.229100227356,0,15.229100227356,"SouthAfrica"
2016-02-25,15.5969800949097,15.7525997161865,15.5084295272827,15.5969800949097,0,15.5969800949097,"SouthAfrica"
2016-02-26,15.5655899047852,16.1054801940918,15.5176000595093,15.5851802825928,0,15.5851802825928,"SouthAfrica"
2016-02-29,16.1571407318115,16.2058792114258,15.7742004394531,16.1600399017334,0,16.1600399017334,"SouthAfrica"
2016-03-01,15.8377504348755,15.8844003677368,15.6284999847412,15.8402795791626,0,15.8402795791626,"SouthAfrica"
2016-03-02,15.567629814148,15.7389802932739,15.5305004119873,15.569860458374,0,15.569860458374,"SouthAfrica"
2016-03-03,15.546480178833,15.7249698638916,15.5172700881958,15.5497303009033,0,15.5497303009033,"SouthAfrica"
2016-03-04,15.5854997634888,15.6803398132324,15.37380027771,15.5881004333496,0,15.5881004333496,"SouthAfrica"
2016-03-07,15.3149795532227,15.4144802093506,15.2469997406006,15.303150177002,0,15.303150177002,"SouthAfrica"
2016-03-08,15.2415800094604,15.4626798629761,15.2415800094604,15.2415800094604,0,15.2415800094604,"SouthAfrica"
2016-03-09,15.4203796386719,15.4919004440308,15.2509002685547,15.4203796386719,0,15.4203796386719,"SouthAfrica"
2016-03-10,15.2004995346069,15.3939800262451,15.0200004577637,15.2103004455566,0,15.2103004455566,"SouthAfrica"
2016-03-11,15.3634195327759,15.3732204437256,15.1478004455566,15.3634195327759,0,15.3634195327759,"SouthAfrica"
2016-03-14,15.2258996963501,15.5823001861572,15.1590003967285,15.2261800765991,0,15.2261800765991,"SouthAfrica"
2016-03-15,15.522629737854,16.0324001312256,15.5155000686646,15.5224304199219,0,15.5224304199219,"SouthAfrica"
2016-03-16,15.9591798782349,16.2399806976318,15.9350996017456,15.957799911499,0,15.957799911499,"SouthAfrica"
2016-03-17,15.6773796081543,15.7424802780151,15.1745004653931,15.6774797439575,0,15.6774797439575,"SouthAfrica"
2016-03-18,15.163800239563,15.3968601226807,15.1396999359131,15.1689796447754,0,15.1689796447754,"SouthAfrica"
2016-03-21,15.2790002822876,15.4120998382568,15.1459999084473,15.2793598175049,0,15.2793598175049,"SouthAfrica"
2016-03-22,15.2195796966553,15.3741998672485,15.1723003387451,15.2233695983887,0,15.2233695983887,"SouthAfrica"
2016-03-23,15.1940803527832,15.389479637146,15.1709995269775,15.1940803527832,0,15.1940803527832,"SouthAfrica"
2016-03-24,15.3399801254272,15.5725803375244,15.335599899292,15.3390998840332,0,15.3390998840332,"SouthAfrica"
2016-03-25,15.4284400939941,15.4910802841187,15.3900003433228,15.435079574585,0,15.435079574585,"SouthAfrica"
2016-03-27,15.4531803131104,15.6078796386719,15.3900003433228,15.4234504699707,0,15.4234504699707,"SouthAfrica"
2016-03-28,15.4199895858765,15.5503196716309,15.3606996536255,15.4375495910645,0,15.4375495910645,"SouthAfrica"
2016-03-29,15.2006902694702,15.2160797119141,14.809700012207,15.2005796432495,0,15.2005796432495,"SouthAfrica"
2016-03-30,14.9127998352051,14.9629001617432,14.660400390625,14.9095001220703,0,14.9095001220703,"SouthAfrica"
2016-03-31,14.6395797729492,14.940770149231,14.6395797729492,14.6341896057129,0,14.6341896057129,"SouthAfrica"
2016-04-03,14.6915998458862,14.8058004379272,14.6314001083374,14.6915998458862,0,14.6915998458862,"SouthAfrica"
2016-04-04,14.7285003662109,15.0812196731567,14.7285003662109,14.7709999084473,0,14.7709999084473,"SouthAfrica"
2016-04-05,15.0825004577637,15.2882099151611,14.9863004684448,15.0834503173828,0,15.0834503173828,"SouthAfrica"
2016-04-06,15.0826997756958,15.2789497375488,14.9949998855591,15.0791702270508,0,15.0791702270508,"SouthAfrica"
2016-04-07,15.2473001480103,15.2482995986938,14.9118003845215,15.2449798583984,0,15.2449798583984,"SouthAfrica"
2016-04-10,14.9320802688599,14.9851999282837,14.6261196136475,14.9219303131104,0,14.9219303131104,"SouthAfrica"
2016-04-11,14.7548198699951,14.7734003067017,14.6260995864868,14.7546701431274,0,14.7546701431274,"SouthAfrica"
2016-04-12,14.7018804550171,14.7883796691895,14.5307998657227,14.7015495300293,0,14.7015495300293,"SouthAfrica"
2016-04-13,14.5308704376221,14.7143697738647,14.4471797943115,14.5242004394531,0,14.5242004394531,"SouthAfrica"
2016-04-14,14.5481796264648,14.6440896987915,14.4654998779297,14.541600227356,0,14.541600227356,"SouthAfrica"
2016-04-17,14.6940002441406,14.7433099746704,14.4590997695923,14.6825895309448,0,14.6825895309448,"SouthAfrica"
2016-04-18,14.4572200775146,14.47047996521,14.1926002502441,14.4573497772217,0,14.4573497772217,"SouthAfrica"
2016-04-19,14.2874298095703,14.369179725647,14.1629800796509,14.2871799468994,0,14.2871799468994,"SouthAfrica"
2016-04-20,14.2102003097534,14.3516798019409,14.1541004180908,14.1999998092651,0,14.1999998092651,"SouthAfrica"
2016-04-21,14.3126802444458,14.4350900650024,14.2543802261353,14.3127002716064,0,14.3127002716064,"SouthAfrica"
2016-04-24,14.3740797042847,14.5473804473877,14.3719997406006,14.3777503967285,0,14.3777503967285,"SouthAfrica"
2016-04-25,14.4339799880981,14.5215997695923,14.3527002334595,14.4338798522949,0,14.4338798522949,"SouthAfrica"
2016-04-26,14.3690004348755,14.5481004714966,14.3454999923706,14.3790702819824,0,14.3790702819824,"SouthAfrica"
2016-04-27,14.3530902862549,14.5484800338745,14.2388000488281,14.3540000915527,0,14.3540000915527,"SouthAfrica"
2016-04-28,14.2854795455933,14.2871599197388,14.1138000488281,14.2857599258423,0,14.2857599258423,"SouthAfrica"
2016-05-01,14.1769895553589,14.3365802764893,14.1704998016357,14.1768598556519,0,14.1768598556519,"SouthAfrica"
2016-05-02,14.2615804672241,14.6276702880859,14.2103004455566,14.2559995651245,0,14.2559995651245,"SouthAfrica"
2016-05-03,14.636679649353,14.937219619751,14.5834999084473,14.6361799240112,0,14.6361799240112,"SouthAfrica"
2016-05-04,14.9305000305176,15.1489400863647,14.7574996948242,14.9470796585083,0,14.9470796585083,"SouthAfrica"
2016-05-05,14.9469995498657,15.1565799713135,14.8273000717163,14.9476699829102,0,14.9476699829102,"SouthAfrica"
2016-05-08,14.819299697876,15.2009000778198,14.746000289917,14.8190002441406,0,14.8190002441406,"SouthAfrica"
2016-05-09,15.1409797668457,15.3675899505615,15.0574998855591,15.1381902694702,0,15.1381902694702,"SouthAfrica"
2016-05-10,15.0916996002197,15.2995901107788,15.0046997070312,15.0930995941162,0,15.0930995941162,"SouthAfrica"
2016-05-11,15.0171604156494,15.1469802856445,14.8984804153442,15.0114097595215,0,15.0114097595215,"SouthAfrica"
2016-05-12,15.0349998474121,15.3536701202393,14.9525003433228,15.0378303527832,0,15.0378303527832,"SouthAfrica"
2016-05-15,15.4660797119141,15.7358999252319,15.372730255127,15.457989692688,0,15.457989692688,"SouthAfrica"
2016-05-16,15.6390800476074,15.6927795410156,15.4912004470825,15.639479637146,0,15.639479637146,"SouthAfrica"
2016-05-17,15.6133804321289,15.8947095870972,15.6133804321289,15.6139802932739,0,15.6139802932739,"SouthAfrica"
2016-05-18,15.8634996414185,15.9718799591064,15.7452802658081,15.8631801605225,0,15.8631801605225,"SouthAfrica"
2016-05-19,15.7897996902466,15.8206396102905,15.6287002563477,15.7895002365112,0,15.7895002365112,"SouthAfrica"
2016-05-22,15.6153001785278,15.7786798477173,15.5231800079346,15.6195001602173,0,15.6195001602173,"SouthAfrica"
2016-05-23,15.7188301086426,15.8503799438477,15.6084995269775,15.7202501296997,0,15.7202501296997,"SouthAfrica"
2016-05-24,15.6486797332764,15.774299621582,15.4863996505737,15.6500797271729,0,15.6500797271729,"SouthAfrica"
2016-05-25,15.6504001617432,15.693380355835,15.4970102310181,15.6524696350098,0,15.6524696350098,"SouthAfrica"
2016-05-26,15.5223302841187,15.6760501861572,15.5050296783447,15.5176801681519,0,15.5176801681519,"SouthAfrica"
2016-05-29,15.7020998001099,15.8627796173096,15.7020998001099,15.7020998001099,0,15.7020998001099,"SouthAfrica"
2016-05-30,15.8048801422119,15.8620004653931,15.661660194397,15.8037204742432,0,15.8037204742432,"SouthAfrica"
2016-05-31,15.7115097045898,15.7332897186279,15.5378999710083,15.7116603851318,0,15.7116603851318,"SouthAfrica"
2016-06-01,15.5829000473022,15.6609001159668,15.5193796157837,15.5813302993774,0,15.5813302993774,"SouthAfrica"
2016-06-02,15.555609703064,15.6100997924805,15.083399772644,15.5559997558594,0,15.5559997558594,"SouthAfrica"
2016-06-05,15.1160697937012,15.1923904418945,14.8983001708984,15.114990234375,0,15.114990234375,"SouthAfrica"
2016-06-06,14.8942003250122,14.9470796585083,14.7952003479004,14.8889999389648,0,14.8889999389648,"SouthAfrica"
2016-06-07,14.9202604293823,14.9782600402832,14.6493997573853,14.9180402755737,0,14.9180402755737,"SouthAfrica"
2016-06-08,14.7315702438354,14.8871698379517,14.7255802154541,14.7316598892212,0,14.7316598892212,"SouthAfrica"
2016-06-09,14.8093004226685,15.1366701126099,14.8039999008179,14.8085403442383,0,14.8085403442383,"SouthAfrica"
2016-06-12,15.228569984436,15.2510299682617,14.9951801300049,15.226149559021,0,15.226149559021,"SouthAfrica"
2016-06-13,15.1539297103882,15.3905801773071,15.1204996109009,15.1244802474976,0,15.1244802474976,"SouthAfrica"
2016-06-14,15.3338804244995,15.3527498245239,15.2009000778198,15.3338003158569,0,15.3338003158569,"SouthAfrica"
2016-06-15,15.1741695404053,15.5353803634644,15.1632604598999,15.170880317688,0,15.170880317688,"SouthAfrica"
2016-06-16,15.3220996856689,15.3319797515869,15.1548004150391,15.3200902938843,0,15.3200902938843,"SouthAfrica"
2016-06-19,15.0358800888062,15.0444803237915,14.7772998809814,15.0358800888062,0,15.0358800888062,"SouthAfrica"
2016-06-20,14.825779914856,14.8353004455566,14.6183004379272,14.8236799240112,0,14.8236799240112,"SouthAfrica"
2016-06-21,14.7503499984741,14.7710800170898,14.6085996627808,14.7500801086426,0,14.7500801086426,"SouthAfrica"
2016-06-22,14.5698795318604,14.611180305481,14.372200012207,14.5659799575806,0,14.5659799575806,"SouthAfrica"
2016-06-23,14.5482501983643,15.648980140686,14.5104999542236,14.5493803024292,0,14.5493803024292,"SouthAfrica"
2016-06-26,15.2068300247192,15.560170173645,15.056300163269,15.2019195556641,0,15.2019195556641,"SouthAfrica"
2016-06-27,15.3929300308228,15.4136400222778,15.1110000610352,15.3932504653931,0,15.3932504653931,"SouthAfrica"
2016-06-28,15.1476001739502,15.1981496810913,14.7972002029419,15.1438798904419,0,15.1438798904419,"SouthAfrica"
2016-06-29,14.7750797271729,14.9699897766113,14.6077003479004,14.7712497711182,0,14.7712497711182,"SouthAfrica"
2016-06-30,14.7372999191284,14.783450126648,14.484299659729,14.7355003356934,0,14.7355003356934,"SouthAfrica"
2016-07-03,14.5909004211426,14.5909004211426,14.4540996551514,14.5908803939819,0,14.5908803939819,"SouthAfrica"
2016-07-04,14.5748796463013,14.8495397567749,14.5676002502441,14.5747499465942,0,14.5747499465942,"SouthAfrica"
2016-07-05,14.764479637146,14.9506301879883,14.7405004501343,14.764479637146,0,14.764479637146,"SouthAfrica"
2016-07-06,14.7497797012329,14.7826499938965,14.5934000015259,14.7200002670288,0,14.7200002670288,"SouthAfrica"
2016-07-07,14.7604999542236,14.7718801498413,14.5434999465942,14.7688903808594,0,14.7688903808594,"SouthAfrica"
2016-07-10,14.546950340271,14.6587600708008,14.4031000137329,14.5486497879028,0,14.5486497879028,"SouthAfrica"
2016-07-11,14.4477796554565,14.4661798477173,14.2763299942017,14.4462795257568,0,14.4462795257568,"SouthAfrica"
2016-07-12,14.3356800079346,14.4770498275757,14.2971000671387,14.3412504196167,0,14.3412504196167,"SouthAfrica"
2016-07-13,14.4628496170044,14.4920797348022,14.1797304153442,14.4765396118164,0,14.4765396118164,"SouthAfrica"
2016-07-14,14.2611503601074,14.368049621582,14.21399974823,14.257080078125,0,14.257080078125,"SouthAfrica"
2016-07-17,14.3987102508545,14.4081802368164,14.2434997558594,14.3988800048828,0,14.3988800048828,"SouthAfrica"
2016-07-18,14.2373504638672,14.454400062561,14.228099822998,14.2369499206543,0,14.2369499206543,"SouthAfrica"
2016-07-19,14.3311500549316,14.3706998825073,14.2427997589111,14.3314504623413,0,14.3314504623413,"SouthAfrica"
2016-07-20,14.3003797531128,14.3498802185059,14.1702995300293,14.289999961853,0,14.289999961853,"SouthAfrica"
2016-07-21,14.2208099365234,14.3731803894043,14.1646003723145,14.2207498550415,0,14.2207498550415,"SouthAfrica"
2016-07-24,14.3024597167969,14.4212999343872,14.2638998031616,14.2883701324463,0,14.2883701324463,"SouthAfrica"
2016-07-25,14.3585500717163,14.4633903503418,14.2517004013062,14.3584699630737,0,14.3584699630737,"SouthAfrica"
2016-07-26,14.3341798782349,14.3788499832153,14.2569999694824,14.3317499160767,0,14.3317499160767,"SouthAfrica"
2016-07-27,14.2045001983643,14.2771997451782,14.1623001098633,14.2076797485352,0,14.2076797485352,"SouthAfrica"
2016-07-28,14.1300001144409,14.1874704360962,13.8325996398926,14.1338996887207,0,14.1338996887207,"SouthAfrica"
2016-07-31,13.8950500488281,13.9556503295898,13.77649974823,13.8936500549316,0,13.8936500549316,"SouthAfrica"
2016-08-01,13.9200496673584,14.0103998184204,13.8884601593018,13.9222497940063,0,13.9222497940063,"SouthAfrica"
2016-08-02,14.0070896148682,14.0668497085571,13.9427995681763,14.0070896148682,0,14.0070896148682,"SouthAfrica"
2016-08-03,13.9055004119873,13.9559497833252,13.6630001068115,13.9055004119873,0,13.9055004119873,"SouthAfrica"
2016-08-04,13.6915798187256,13.8370599746704,13.6304998397827,13.6915798187256,0,13.6915798187256,"SouthAfrica"
2016-08-07,13.7446804046631,13.7446804046631,13.6135997772217,13.7518901824951,0,13.7518901824951,"SouthAfrica"
2016-08-08,13.5880002975464,13.6503801345825,13.4063997268677,13.5874996185303,0,13.5874996185303,"SouthAfrica"
2016-08-09,13.4020004272461,13.4343795776367,13.1955003738403,13.4268198013306,0,13.4268198013306,"SouthAfrica"
2016-08-10,13.2429504394531,13.3772897720337,13.2402896881104,13.2401695251465,0,13.2401695251465,"SouthAfrica"
2016-08-11,13.3952503204346,13.5098495483398,13.3224802017212,13.3936996459961,0,13.3936996459961,"SouthAfrica"
2016-08-14,13.4485502243042,13.4843997955322,13.2447996139526,13.4469995498657,0,13.4469995498657,"SouthAfrica"
2016-08-15,13.2987499237061,13.3804798126221,13.1983995437622,13.2880001068115,0,13.2880001068115,"SouthAfrica"
2016-08-16,13.4112796783447,13.5149002075195,13.3568000793457,13.4089002609253,0,13.4089002609253,"SouthAfrica"
2016-08-17,13.3624000549316,13.3800497055054,13.2398996353149,13.3624000549316,0,13.3624000549316,"SouthAfrica"
2016-08-18,13.3423595428467,13.5451602935791,13.3423595428467,13.3535003662109,0,13.3535003662109,"SouthAfrica"
2016-08-21,13.4805002212524,13.6461200714111,13.4805002212524,13.483699798584,0,13.483699798584,"SouthAfrica"
2016-08-22,13.5640001296997,13.8017797470093,13.4194002151489,13.5607995986938,0,13.5607995986938,"SouthAfrica"
2016-08-23,13.8868503570557,14.2698001861572,13.8760004043579,13.8867502212524,0,13.8867502212524,"SouthAfrica"
2016-08-24,14.1561002731323,14.3114995956421,13.9579000473022,14.1550998687744,0,14.1550998687744,"SouthAfrica"
2016-08-25,14.1885004043579,14.219820022583,13.9670000076294,14.1918001174927,0,14.1918001174927,"SouthAfrica"
2016-08-28,14.2853403091431,14.5396699905396,14.2840995788574,14.2917995452881,0,14.2917995452881,"SouthAfrica"
2016-08-29,14.3948001861572,14.5301303863525,14.3462800979614,14.395899772644,0,14.395899772644,"SouthAfrica"
2016-08-30,14.4756002426147,14.7393102645874,14.3991003036499,14.4694995880127,0,14.4694995880127,"SouthAfrica"
2016-08-31,14.6803998947144,14.7478799819946,14.5902996063232,14.6793003082275,0,14.6793003082275,"SouthAfrica"
2016-09-01,14.5767002105713,14.6818799972534,14.3622798919678,14.5761995315552,0,14.5761995315552,"SouthAfrica"
2016-09-04,14.4730100631714,14.4881896972656,14.3221998214722,14.4752101898193,0,14.4752101898193,"SouthAfrica"
2016-09-05,14.3784999847412,14.3991804122925,13.9963998794556,14.3793001174927,0,14.3793001174927,"SouthAfrica"
2016-09-06,13.9920101165771,14.0697898864746,13.9024000167847,13.9905700683594,0,13.9905700683594,"SouthAfrica"
2016-09-07,13.9998998641968,14.1221103668213,13.8261995315552,13.9963998794556,0,13.9963998794556,"SouthAfrica"
2016-09-08,14.106499671936,14.4514999389648,14.1009998321533,14.1170501708984,0,14.1170501708984,"SouthAfrica"
2016-09-11,14.3795795440674,14.5824499130249,14.3654003143311,14.3789796829224,0,14.3789796829224,"SouthAfrica"
2016-09-12,14.2462797164917,14.4918804168701,14.2222003936768,14.2446804046631,0,14.2446804046631,"SouthAfrica"
2016-09-13,14.4308595657349,14.4509496688843,14.2301301956177,14.4308595657349,0,14.4308595657349,"SouthAfrica"
2016-09-14,14.3031997680664,14.3879499435425,14.1069097518921,14.3069200515747,0,14.3069200515747,"SouthAfrica"
2016-09-15,14.1683502197266,14.3131999969482,14.0975999832153,14.1919002532959,0,14.1919002532959,"SouthAfrica"
2016-09-18,14.1809797286987,14.1885795593262,13.9834003448486,14.1956996917725,0,14.1956996917725,"SouthAfrica"
2016-09-19,13.9980001449585,14.0064496994019,13.8351001739502,13.9973001480103,0,13.9973001480103,"SouthAfrica"
2016-09-20,13.8933000564575,13.9393301010132,13.6625995635986,13.8942003250122,0,13.8942003250122,"SouthAfrica"
2016-09-21,13.576000213623,13.6393699645996,13.3795795440674,13.5771999359131,0,13.5771999359131,"SouthAfrica"
2016-09-22,13.6153497695923,13.7224998474121,13.5298004150391,13.613450050354,0,13.613450050354,"SouthAfrica"
2016-09-25,13.7493801116943,13.7775497436523,13.6177997589111,13.7490701675415,0,13.7490701675415,"SouthAfrica"
2016-09-26,13.7011499404907,13.7308797836304,13.4670000076294,13.6962795257568,0,13.6962795257568,"SouthAfrica"
2016-09-27,13.4418001174927,13.6905498504639,13.3853998184204,13.440299987793,0,13.440299987793,"SouthAfrica"
2016-09-28,13.6368999481201,13.8999795913696,13.5817003250122,13.6232004165649,0,13.6232004165649,"SouthAfrica"
2016-09-29,13.9165802001953,14.0599002838135,13.7051000595093,13.9181003570557,0,13.9181003570557,"SouthAfrica"
2016-10-02,13.7468700408936,13.7616701126099,13.5492000579834,13.7368001937866,0,13.7368001937866,"SouthAfrica"
2016-10-03,13.5999002456665,13.7493000030518,13.5623998641968,13.5966997146606,0,13.5966997146606,"SouthAfrica"
2016-10-04,13.8199996948242,13.8335800170898,13.6927003860474,13.8203001022339,0,13.8203001022339,"SouthAfrica"
2016-10-05,13.7156000137329,13.9219598770142,13.7062997817993,13.7212800979614,0,13.7212800979614,"SouthAfrica"
2016-10-06,13.8859901428223,13.9968004226685,13.7290802001953,13.8833799362183,0,13.8833799362183,"SouthAfrica"
2016-10-09,13.7892799377441,13.8658599853516,13.7327995300293,13.7842998504639,0,13.7842998504639,"SouthAfrica"
2016-10-10,13.782600402832,14.383620262146,13.782600402832,13.7767000198364,0,13.7767000198364,"SouthAfrica"
2016-10-11,14.3334999084473,14.4936304092407,14.0271997451782,14.3337001800537,0,14.3337001800537,"SouthAfrica"
2016-10-12,14.2293996810913,14.3912601470947,14.2024202346802,14.2284002304077,0,14.2284002304077,"SouthAfrica"
2016-10-13,14.2594404220581,14.3095798492432,14.0752000808716,14.2497997283936,0,14.2497997283936,"SouthAfrica"
2016-10-16,14.2919998168945,14.3655195236206,14.1241998672485,14.2950000762939,0,14.2950000762939,"SouthAfrica"
2016-10-17,14.1415996551514,14.1437797546387,13.8648996353149,14.1280002593994,0,14.1280002593994,"SouthAfrica"
2016-10-18,13.8680000305176,13.9489002227783,13.838399887085,13.8666000366211,0,13.8666000366211,"SouthAfrica"
2016-10-19,13.819299697876,13.9730796813965,13.819299697876,13.8184003829956,0,13.8184003829956,"SouthAfrica"
2016-10-20,13.9333000183105,14.0761299133301,13.8851003646851,13.9328002929688,0,13.9328002929688,"SouthAfrica"
2016-10-23,13.9307804107666,14.0115995407104,13.8339996337891,13.9306802749634,0,13.9306802749634,"SouthAfrica"
2016-10-24,13.9076995849609,13.9287099838257,13.7578001022339,13.9065704345703,0,13.9065704345703,"SouthAfrica"
2016-10-25,13.7487001419067,13.9394998550415,13.6855001449585,13.7458000183105,0,13.7458000183105,"SouthAfrica"
2016-10-26,13.8665800094604,13.9794797897339,13.8009996414185,13.8724002838135,0,13.8724002838135,"SouthAfrica"
2016-10-27,13.8505601882935,13.9475698471069,13.8024997711182,13.8446998596191,0,13.8446998596191,"SouthAfrica"
2016-10-31,13.7769002914429,13.7957496643066,13.4618997573853,13.7765998840332,0,13.7765998840332,"SouthAfrica"
2016-11-01,13.4631004333496,13.5961303710938,13.4602003097534,13.4619998931885,0,13.4619998931885,"SouthAfrica"
2016-11-02,13.6029500961304,13.6715803146362,13.3086004257202,13.6121397018433,0,13.6121397018433,"SouthAfrica"
2016-11-03,13.4503002166748,13.5325803756714,13.3664999008179,13.4441995620728,0,13.4441995620728,"SouthAfrica"
2016-11-04,13.427300453186,13.6325101852417,13.4249000549316,13.4314002990723,0,13.4314002990723,"SouthAfrica"
2016-11-07,13.51243019104,13.5857801437378,13.3817796707153,13.5283002853394,0,13.5283002853394,"SouthAfrica"
2016-11-08,13.3768997192383,13.4388799667358,13.305700302124,13.3752002716064,0,13.3752002716064,"SouthAfrica"
2016-11-09,13.2235403060913,13.8171796798706,13.1881504058838,13.2312097549438,0,13.2312097549438,"SouthAfrica"
2016-11-10,13.4776000976562,14.1127004623413,13.3191003799438,13.4785003662109,0,13.4785003662109,"SouthAfrica"
2016-11-11,14.0817804336548,14.4497804641724,13.9545001983643,14.0694999694824,0,14.0694999694824,"SouthAfrica"
2016-11-14,14.2377004623413,14.5073003768921,14.2173795700073,14.2392997741699,0,14.2392997741699,"SouthAfrica"
2016-11-15,14.4000997543335,14.4196796417236,14.0979995727539,14.4018001556396,0,14.4018001556396,"SouthAfrica"
2016-11-16,14.1599998474121,14.3801097869873,14.1099004745483,14.1614999771118,0,14.1614999771118,"SouthAfrica"
2016-11-17,14.2789001464844,14.3649797439575,14.2004995346069,14.2805004119873,0,14.2805004119873,"SouthAfrica"
2016-11-18,14.4240798950195,14.6464796066284,14.3240003585815,14.4244499206543,0,14.4244499206543,"SouthAfrica"
2016-11-21,14.4162998199463,14.4813804626465,14.160400390625,14.4233999252319,0,14.4233999252319,"SouthAfrica"
2016-11-22,14.2139701843262,14.237099647522,14.003399848938,14.2089004516602,0,14.2089004516602,"SouthAfrica"
2016-11-23,14.0611000061035,14.2902498245239,14.0071001052856,14.0623798370361,0,14.0623798370361,"SouthAfrica"
2016-11-24,14.1087703704834,14.2448797225952,14.0776996612549,14.1267004013062,0,14.1267004013062,"SouthAfrica"
2016-11-25,14.1379995346069,14.2047500610352,14.0319995880127,14.1379995346069,0,14.1379995346069,"SouthAfrica"
2016-11-28,14.0146999359131,14.0387802124023,13.7204999923706,14.0229797363281,0,14.0229797363281,"SouthAfrica"
2016-11-29,13.7222003936768,14.0770797729492,13.6993999481201,13.7241802215576,0,13.7241802215576,"SouthAfrica"
2016-11-30,13.8687000274658,14.0449199676514,13.8299999237061,13.8725996017456,0,13.8725996017456,"SouthAfrica"
2016-12-01,14.0897998809814,14.1436796188354,13.9251003265381,14.0893802642822,0,14.0893802642822,"SouthAfrica"
2016-12-02,14.0929002761841,14.1597700119019,13.9118995666504,14.091799736023,0,14.091799736023,"SouthAfrica"
2016-12-05,13.8843002319336,13.939829826355,13.7723999023438,13.9077796936035,0,13.9077796936035,"SouthAfrica"
2016-12-06,13.7091102600098,13.773380279541,13.5736999511719,13.7091102600098,0,13.7091102600098,"SouthAfrica"
2016-12-07,13.6378002166748,13.6841201782227,13.4839000701904,13.6344995498657,0,13.6344995498657,"SouthAfrica"
2016-12-08,13.4603900909424,13.8094797134399,13.4474000930786,13.458869934082,0,13.458869934082,"SouthAfrica"
2016-12-09,13.640700340271,13.8219804763794,13.6240396499634,13.6409797668457,0,13.6409797668457,"SouthAfrica"
2016-12-12,13.8065004348755,13.889479637146,13.6042003631592,13.8069000244141,0,13.8069000244141,"SouthAfrica"
2016-12-13,13.6010999679565,13.7611303329468,13.5326995849609,13.6000995635986,0,13.6000995635986,"SouthAfrica"
2016-12-14,13.5839796066284,13.6918001174927,13.5790004730225,13.5809001922607,0,13.5809001922607,"SouthAfrica"
2016-12-15,13.949390411377,14.165280342102,13.9267997741699,13.9524898529053,0,13.9524898529053,"SouthAfrica"
2016-12-16,13.9674797058105,14.1257801055908,13.8865995407104,13.9575004577637,0,13.9575004577637,"SouthAfrica"
2016-12-19,13.9822797775269,14.1426801681519,13.9341802597046,14.0050001144409,0,14.0050001144409,"SouthAfrica"
2016-12-20,14.1231002807617,14.1634798049927,14.0121002197266,14.1307802200317,0,14.1307802200317,"SouthAfrica"
2016-12-21,13.9185800552368,14.0086002349854,13.9025001525879,13.9183797836304,0,13.9183797836304,"SouthAfrica"
2016-12-22,13.9675998687744,14.0825004577637,13.921199798584,13.9666996002197,0,13.9666996002197,"SouthAfrica"
2016-12-23,14.0307998657227,14.0642099380493,13.9340000152588,14.0317001342773,0,14.0317001342773,"SouthAfrica"
2016-12-26,14.0186004638672,14.0295000076294,13.8731498718262,14.0276002883911,0,14.0276002883911,"SouthAfrica"
2016-12-27,13.9930000305176,14.011079788208,13.8836002349854,13.993800163269,0,13.993800163269,"SouthAfrica"
2016-12-28,13.9200000762939,13.9342002868652,13.8278999328613,13.9163999557495,0,13.9163999557495,"SouthAfrica"
2016-12-29,13.8549995422363,13.8549995422363,13.6393995285034,13.8545999526978,0,13.8545999526978,"SouthAfrica"
2016-12-30,13.5799999237061,13.7794799804688,13.542799949646,13.5742998123169,0,13.5742998123169,"SouthAfrica"
2017-01-02,13.7356901168823,13.7512798309326,13.6499996185303,13.7356901168823,0,13.7356901168823,"SouthAfrica"
2017-01-03,13.7103004455566,13.8270998001099,13.6750001907349,13.7103996276855,0,13.7103996276855,"SouthAfrica"
2017-01-04,13.7890996932983,13.8035802841187,13.5803003311157,13.7965898513794,0,13.7965898513794,"SouthAfrica"
2017-01-05,13.5993299484253,13.7371797561646,13.480899810791,13.5973997116089,0,13.5973997116089,"SouthAfrica"
2017-01-06,13.5714998245239,13.7197704315186,13.5574998855591,13.5714998245239,0,13.5714998245239,"SouthAfrica"
2017-01-09,13.7451000213623,13.7918796539307,13.6476001739502,13.7448997497559,0,13.7448997497559,"SouthAfrica"
2017-01-10,13.645899772644,13.7138004302979,13.5825004577637,13.6444997787476,0,13.6444997787476,"SouthAfrica"
2017-01-11,13.7278995513916,13.9616603851318,13.641900062561,13.726900100708,0,13.726900100708,"SouthAfrica"
2017-01-12,13.7156000137329,13.7608804702759,13.408200263977,13.7181997299194,0,13.7181997299194,"SouthAfrica"
2017-01-13,13.5213003158569,13.589879989624,13.4468002319336,13.5229997634888,0,13.5229997634888,"SouthAfrica"
2017-01-16,13.5185804367065,13.6936302185059,13.507399559021,13.5261497497559,0,13.5261497497559,"SouthAfrica"
2017-01-17,13.6680002212524,13.6753997802734,13.4000997543335,13.6629800796509,0,13.6629800796509,"SouthAfrica"
2017-01-18,13.4539203643799,13.6013097763062,13.4399995803833,13.4543600082397,0,13.4543600082397,"SouthAfrica"
2017-01-19,13.62619972229,13.6716804504395,13.5254001617432,13.6175003051758,0,13.6175003051758,"SouthAfrica"
2017-01-20,13.5417003631592,13.6373796463013,13.4952001571655,13.5419998168945,0,13.5419998168945,"SouthAfrica"
2017-01-23,13.6040000915527,13.6040000915527,13.4663000106812,13.6068897247314,0,13.6068897247314,"SouthAfrica"
2017-01-24,13.4635400772095,13.4843797683716,13.2910995483398,13.4539003372192,0,13.4539003372192,"SouthAfrica"
2017-01-25,13.3709497451782,13.3915796279907,13.2242002487183,13.3618698120117,0,13.3618698120117,"SouthAfrica"
2017-01-26,13.2293701171875,13.3758401870728,13.1871004104614,13.2307996749878,0,13.2307996749878,"SouthAfrica"
2017-01-27,13.3360996246338,13.5946798324585,13.3226003646851,13.339469909668,0,13.339469909668,"SouthAfrica"
2017-01-30,13.4709997177124,13.6812801361084,13.417200088501,13.4681701660156,0,13.4681701660156,"SouthAfrica"
2017-01-31,13.5057802200317,13.591480255127,13.3514795303345,13.5080795288086,0,13.5080795288086,"SouthAfrica"
2017-02-01,13.4661703109741,13.5254096984863,13.3829002380371,13.4673595428467,0,13.4673595428467,"SouthAfrica"
2017-02-02,13.4560899734497,13.4592304229736,13.3140001296997,13.4565000534058,0,13.4565000534058,"SouthAfrica"
2017-02-03,13.3857803344727,13.4552803039551,13.2025995254517,13.3733997344971,0,13.3733997344971,"SouthAfrica"
2017-02-06,13.260199546814,13.4114799499512,13.2224998474121,13.2538995742798,0,13.2538995742798,"SouthAfrica"
2017-02-07,13.3002996444702,13.4621295928955,13.2607402801514,13.2826204299927,0,13.2826204299927,"SouthAfrica"
2017-02-08,13.4340696334839,13.5168304443359,13.3849000930786,13.4267997741699,0,13.4267997741699,"SouthAfrica"
2017-02-09,13.4062004089355,13.4818000793457,13.3467998504639,13.4069004058838,0,13.4069004058838,"SouthAfrica"
2017-02-10,13.4040803909302,13.4387798309326,13.2950000762939,13.4181900024414,0,13.4181900024414,"SouthAfrica"
2017-02-13,13.3567895889282,13.3987798690796,13.2692003250122,13.3688802719116,0,13.3688802719116,"SouthAfrica"
2017-02-14,13.3122797012329,13.3242797851562,13.065299987793,13.3151998519897,0,13.3151998519897,"SouthAfrica"
2017-02-15,13.0832395553589,13.1468801498413,12.9743003845215,13.0766000747681,0,13.0766000747681,"SouthAfrica"
2017-02-16,12.9090795516968,13.038649559021,12.898099899292,12.9006996154785,0,12.9006996154785,"SouthAfrica"
2017-02-17,13.0181503295898,13.1527500152588,12.9540004730225,13.0087995529175,0,13.0087995529175,"SouthAfrica"
2017-02-20,13.0648002624512,13.1758804321289,13.030779838562,13.0658302307129,0,13.0658302307129,"SouthAfrica"
2017-02-21,13.0524797439575,13.1835803985596,13.038800239563,13.0524797439575,0,13.0524797439575,"SouthAfrica"
2017-02-22,13.1395998001099,13.1745500564575,13.0443000793457,13.144419670105,0,13.144419670105,"SouthAfrica"
2017-02-23,12.9973802566528,13.0204801559448,12.7921895980835,12.9980096817017,0,12.9980096817017,"SouthAfrica"
2017-02-24,12.8566999435425,12.9867496490479,12.852499961853,12.8535003662109,0,12.8535003662109,"SouthAfrica"
2017-02-27,12.9442796707153,12.988579750061,12.8659000396729,12.9235000610352,0,12.9235000610352,"SouthAfrica"
2017-02-28,13.0006999969482,13.0962495803833,12.9416999816895,12.9917001724243,0,12.9917001724243,"SouthAfrica"
2017-03-01,13.1229000091553,13.1486797332764,13.0247001647949,13.1229000091553,0,13.1229000091553,"SouthAfrica"
2017-03-02,13.0139503479004,13.1220502853394,12.977499961853,13.0087995529175,0,13.0087995529175,"SouthAfrica"
2017-03-03,13.1517200469971,13.1725597381592,13.0336799621582,13.1431999206543,0,13.1431999206543,"SouthAfrica"
2017-03-06,13.0093002319336,13.0683097839355,12.9238004684448,12.9989004135132,0,12.9989004135132,"SouthAfrica"
2017-03-07,13.0043001174927,13.0248804092407,12.9232997894287,13.0038003921509,0,13.0038003921509,"SouthAfrica"
2017-03-08,12.9582004547119,13.1132097244263,12.9312000274658,12.9570999145508,0,12.9570999145508,"SouthAfrica"
2017-03-09,13.1403799057007,13.3113803863525,13.1229000091553,13.1403799057007,0,13.1403799057007,"SouthAfrica"
2017-03-10,13.3064002990723,13.3296003341675,13.1303195953369,13.3138999938965,0,13.3138999938965,"SouthAfrica"
2017-03-13,13.1954002380371,13.1960802078247,13.0638999938965,13.1954402923584,0,13.1954402923584,"SouthAfrica"
2017-03-14,13.1155996322632,13.2370004653931,13.0968999862671,13.1228799819946,0,13.1228799819946,"SouthAfrica"
2017-03-15,13.1471700668335,13.1550798416138,13.0066003799438,13.1396999359131,0,13.1396999359131,"SouthAfrica"
2017-03-16,12.7957801818848,12.8631801605225,12.6781997680664,12.8093996047974,0,12.8093996047974,"SouthAfrica"
2017-03-17,12.7578001022339,12.7925500869751,12.7166996002197,12.757399559021,0,12.757399559021,"SouthAfrica"
2017-03-20,12.6963796615601,12.7323398590088,12.6211996078491,12.6989498138428,0,12.6989498138428,"SouthAfrica"
2017-03-21,12.6394195556641,12.6978998184204,12.5132999420166,12.6380195617676,0,12.6380195617676,"SouthAfrica"
2017-03-22,12.6752996444702,12.7285499572754,12.5431995391846,12.6718997955322,0,12.6718997955322,"SouthAfrica"
2017-03-23,12.5516595840454,12.591609954834,12.4687995910645,12.5593700408936,0,12.5593700408936,"SouthAfrica"
2017-03-24,12.4632501602173,12.5107803344727,12.4216995239258,12.4555997848511,0,12.4555997848511,"SouthAfrica"
2017-03-26,12.4053001403809,12.8213701248169,12.2981004714966,12.3989601135254,0,12.3989601135254,"SouthAfrica"
2017-03-27,12.7370004653931,13.0879802703857,12.727499961853,12.7389001846313,0,12.7389001846313,"SouthAfrica"
2017-03-28,12.9710998535156,13.1466999053955,12.8971996307373,12.9765796661377,0,12.9765796661377,"SouthAfrica"
2017-03-29,13.0437002182007,13.0959901809692,12.7813997268677,13.0408000946045,0,13.0408000946045,"SouthAfrica"
2017-03-30,13.4411897659302,13.615180015564,13.2665996551514,13.4326000213623,0,13.4326000213623,"SouthAfrica"
2017-04-02,13.3907699584961,13.7004804611206,13.3531999588013,13.3556900024414,0,13.3556900024414,"SouthAfrica"
2017-04-03,13.6906003952026,13.9280004501343,13.4916000366211,13.6906995773315,0,13.6906995773315,"SouthAfrica"
2017-04-04,13.5940704345703,13.8568897247314,13.4677295684814,13.601300239563,0,13.601300239563,"SouthAfrica"
2017-04-05,13.7805795669556,13.8731002807617,13.7137002944946,13.7800798416138,0,13.7800798416138,"SouthAfrica"
2017-04-06,13.7314195632935,13.8361797332764,13.6940202713013,13.771900177002,0,13.771900177002,"SouthAfrica"
2017-04-09,13.7797698974609,13.9425802230835,13.7679004669189,13.7576999664307,0,13.7576999664307,"SouthAfrica"
2017-04-10,13.9125003814697,13.9415798187256,13.7597999572754,13.9137001037598,0,13.9137001037598,"SouthAfrica"
2017-04-11,13.7845001220703,13.8197803497314,13.5795001983643,13.8051500320435,0,13.8051500320435,"SouthAfrica"
2017-04-12,13.4584999084473,13.5789804458618,13.391900062561,13.461799621582,0,13.461799621582,"SouthAfrica"
2017-04-13,13.4075803756714,13.473690032959,13.3775997161865,13.438099861145,0,13.438099861145,"SouthAfrica"
2017-04-16,13.3928804397583,13.4400196075439,13.2881002426147,13.3926801681519,0,13.3926801681519,"SouthAfrica"
2017-04-17,13.2917003631592,13.416919708252,13.236499786377,13.2919998168945,0,13.2919998168945,"SouthAfrica"
2017-04-18,13.270299911499,13.3751201629639,13.2538995742798,13.263279914856,0,13.263279914856,"SouthAfrica"
2017-04-19,13.2672996520996,13.2895002365112,13.1065998077393,13.2650995254517,0,13.2650995254517,"SouthAfrica"
2017-04-20,13.1394300460815,13.1892795562744,13.1140003204346,13.1314001083374,0,13.1314001083374,"SouthAfrica"
2017-04-23,12.9849996566772,13.0374002456665,12.8712997436523,12.980899810791,0,12.980899810791,"SouthAfrica"
2017-04-24,13.0215997695923,13.1036701202393,12.9652996063232,13.0194997787476,0,13.0194997787476,"SouthAfrica"
2017-04-25,13.057900428772,13.3108797073364,13.0466995239258,13.0706796646118,0,13.0706796646118,"SouthAfrica"
2017-04-26,13.2502899169922,13.3844699859619,13.1618995666504,13.2474203109741,0,13.2474203109741,"SouthAfrica"
2017-04-27,13.3340997695923,13.3838996887207,13.2291803359985,13.33899974823,0,13.33899974823,"SouthAfrica"
2017-04-30,13.3471803665161,13.3793802261353,13.279299736023,13.3338003158569,0,13.3338003158569,"SouthAfrica"
2017-05-01,13.388279914856,13.3896398544312,13.2555999755859,13.3858003616333,0,13.3858003616333,"SouthAfrica"
2017-05-02,13.3380002975464,13.4178800582886,13.3016996383667,13.3378000259399,0,13.3378000259399,"SouthAfrica"
2017-05-03,13.4293003082275,13.6171798706055,13.4121999740601,13.4328002929688,0,13.4328002929688,"SouthAfrica"
2017-05-04,13.6437997817993,13.7059497833252,13.4617004394531,13.6324996948242,0,13.6324996948242,"SouthAfrica"
2017-05-07,13.450779914856,13.6096801757812,13.4207000732422,13.4510803222656,0,13.4510803222656,"SouthAfrica"
2017-05-08,13.6035003662109,13.7011003494263,13.5565996170044,13.6070203781128,0,13.6070203781128,"SouthAfrica"
2017-05-09,13.6183004379272,13.6232995986938,13.4187002182007,13.6215000152588,0,13.6215000152588,"SouthAfrica"
2017-05-10,13.500789642334,13.5211801528931,13.3030004501343,13.4883003234863,0,13.4883003234863,"SouthAfrica"
2017-05-11,13.3575000762939,13.475700378418,13.3043003082275,13.3557996749878,0,13.3557996749878,"SouthAfrica"
2017-05-14,13.3666000366211,13.3741102218628,13.1450996398926,13.3668003082275,0,13.3668003082275,"SouthAfrica"
2017-05-15,13.1688995361328,13.1862001419067,13.065899848938,13.1680002212524,0,13.1680002212524,"SouthAfrica"
2017-05-16,13.0678701400757,13.2185897827148,13.042799949646,13.0706996917725,0,13.0706996917725,"SouthAfrica"
2017-05-17,13.2424001693726,13.5820398330688,13.2052001953125,13.2572002410889,0,13.2572002410889,"SouthAfrica"
2017-05-18,13.40149974823,13.4219999313354,13.2067003250122,13.4092502593994,0,13.4092502593994,"SouthAfrica"
2017-05-21,13.2023000717163,13.2711095809937,13.1314001083374,13.2011003494263,0,13.2011003494263,"SouthAfrica"
2017-05-22,13.2392797470093,13.3093996047974,13.018500328064,13.233699798584,0,13.233699798584,"SouthAfrica"
2017-05-23,13.0921602249146,13.1556997299194,12.9123001098633,13.0920000076294,0,13.0920000076294,"SouthAfrica"
2017-05-24,12.8912000656128,12.9334201812744,12.8341999053955,12.8896999359131,0,12.8896999359131,"SouthAfrica"
2017-05-25,12.9146995544434,12.9790000915527,12.8121004104614,12.9160995483398,0,12.9160995483398,"SouthAfrica"
2017-05-28,12.8220701217651,13.0075702667236,12.8046998977661,12.8199100494385,0,12.8199100494385,"SouthAfrica"
2017-05-29,12.9807996749878,13.1581697463989,12.9723997116089,12.9914398193359,0,12.9914398193359,"SouthAfrica"
2017-05-30,13.1060495376587,13.1997804641724,13.0548000335693,13.110179901123,0,13.110179901123,"SouthAfrica"
2017-05-31,13.0753002166748,13.1398696899414,12.9288997650146,13.0754995346069,0,13.0754995346069,"SouthAfrica"
2017-06-01,12.8814001083374,12.9582195281982,12.7610998153687,12.8873901367188,0,12.8873901367188,"SouthAfrica"
2017-06-04,12.8203001022339,12.8476800918579,12.6687002182007,12.8140001296997,0,12.8140001296997,"SouthAfrica"
2017-06-05,12.6881999969482,12.8867197036743,12.6815996170044,12.6905298233032,0,12.6905298233032,"SouthAfrica"
2017-06-06,12.8106899261475,12.884539604187,12.7788000106812,12.8090000152588,0,12.8090000152588,"SouthAfrica"
2017-06-07,12.8195896148682,12.9316301345825,12.7838001251221,12.8156995773315,0,12.8156995773315,"SouthAfrica"
2017-06-08,12.9191703796387,12.9548997879028,12.8388996124268,12.9171695709229,0,12.9171695709229,"SouthAfrica"
2017-06-11,12.9027004241943,12.9119997024536,12.7762002944946,12.9111204147339,0,12.9111204147339,"SouthAfrica"
2017-06-12,12.8184003829956,12.826379776001,12.7398996353149,12.819860458374,0,12.819860458374,"SouthAfrica"
2017-06-13,12.7722797393799,12.7784795761108,12.5767002105713,12.7730398178101,0,12.7730398178101,"SouthAfrica"
2017-06-14,12.6292200088501,12.8936996459961,12.6065998077393,12.627610206604,0,12.627610206604,"SouthAfrica"
2017-06-15,12.8712997436523,12.9134902954102,12.7925996780396,12.8685998916626,0,12.8685998916626,"SouthAfrica"
2017-06-18,12.7996101379395,13.0519199371338,12.7530002593994,12.7930097579956,0,12.7930097579956,"SouthAfrica"
2017-06-19,12.9768295288086,13.0999803543091,12.9210996627808,12.9775695800781,0,12.9775695800781,"SouthAfrica"
2017-06-20,13.0587997436523,13.1308603286743,12.9919996261597,13.058500289917,0,13.058500289917,"SouthAfrica"
2017-06-21,13.0586996078491,13.0761995315552,12.9401998519897,13.0586996078491,0,13.0586996078491,"SouthAfrica"
2017-06-22,12.9623003005981,13.0065402984619,12.8950996398926,12.9623003005981,0,12.9623003005981,"SouthAfrica"
2017-06-25,12.9111003875732,12.936149597168,12.8173999786377,12.9118003845215,0,12.9118003845215,"SouthAfrica"
2017-06-26,12.8555002212524,12.9895801544189,12.8008003234863,12.8653001785278,0,12.8653001785278,"SouthAfrica"
2017-06-27,13.0094995498657,13.0735998153687,12.9252004623413,13.0091104507446,0,13.0091104507446,"SouthAfrica"
2017-06-28,12.9257001876831,13.037859916687,12.8689002990723,12.9256000518799,0,12.9256000518799,"SouthAfrica"
2017-06-29,12.9826002120972,13.135760307312,12.9757995605469,12.986499786377,0,12.986499786377,"SouthAfrica"
2017-07-02,13.0497999191284,13.2449598312378,13.0367002487183,13.0495004653931,0,13.0495004653931,"SouthAfrica"
2017-07-03,13.1943998336792,13.2700796127319,13.1518001556396,13.1948003768921,0,13.1948003768921,"SouthAfrica"
2017-07-04,13.1833000183105,13.4928703308105,13.1421003341675,13.1831998825073,0,13.1831998825073,"SouthAfrica"
2017-07-05,13.388500213623,13.5041198730469,13.3362998962402,13.3856000900269,0,13.3856000900269,"SouthAfrica"
2017-07-06,13.4096002578735,13.5227899551392,13.3090200424194,13.4095001220703,0,13.4095001220703,"SouthAfrica"
2017-07-09,13.3759002685547,13.4698801040649,13.2896995544434,13.3768997192383,0,13.3768997192383,"SouthAfrica"
2017-07-10,NA,NA,NA,NA,NA,NA,"SouthAfrica"
2017-07-11,13.5335998535156,13.5626802444458,13.2231998443604,13.5335998535156,0,13.5335998535156,"SouthAfrica"
2017-07-12,13.2444000244141,13.272970199585,13.1374998092651,13.2431001663208,0,13.2431001663208,"SouthAfrica"
2017-07-13,13.214280128479,13.2164602279663,12.9869003295898,13.1999998092651,0,13.1999998092651,"SouthAfrica"
2017-07-16,13.0199003219604,13.048999786377,12.8816003799438,13.0206003189087,0,13.0206003189087,"SouthAfrica"
2017-07-17,12.9420003890991,12.9644899368286,12.87619972229,12.9415998458862,0,12.9415998458862,"SouthAfrica"
2017-07-18,12.9003000259399,12.9633197784424,12.8760995864868,12.9028902053833,0,12.9028902053833,"SouthAfrica"
2017-07-19,12.9306001663208,13.0653696060181,12.9025001525879,12.928279876709,0,12.928279876709,"SouthAfrica"
2017-07-20,13.0195999145508,13.0434799194336,12.8559999465942,13.0201997756958,0,13.0201997756958,"SouthAfrica"
2017-07-23,12.9007997512817,13.005880355835,12.8695001602173,12.9123001098633,0,12.9123001098633,"SouthAfrica"
2017-07-24,12.9621496200562,13.0408201217651,12.9071998596191,12.9518995285034,0,12.9518995285034,"SouthAfrica"
2017-07-25,13.0645999908447,13.0856504440308,13.0089998245239,13.0649003982544,0,13.0649003982544,"SouthAfrica"
2017-07-26,12.8933000564575,13.0408802032471,12.8487997055054,12.8930997848511,0,12.8930997848511,"SouthAfrica"
2017-07-27,13,13.0654096603394,12.9697999954224,13.0002899169922,0,13.0002899169922,"SouthAfrica"
2017-07-30,12.9877004623413,13.2415199279785,12.9783000946045,12.9890003204346,0,12.9890003204346,"SouthAfrica"
2017-07-31,13.1735801696777,13.3009004592896,13.1465997695923,13.1613998413086,0,13.1613998413086,"SouthAfrica"
2017-08-01,13.2429103851318,13.3148803710938,13.2033996582031,13.2485599517822,0,13.2485599517822,"SouthAfrica"
2017-08-02,13.2136001586914,13.405460357666,13.2014999389648,13.2136001586914,0,13.2136001586914,"SouthAfrica"
2017-08-03,13.3795299530029,13.4816799163818,13.3101997375488,13.3676996231079,0,13.3676996231079,"SouthAfrica"
2017-08-06,13.3999004364014,13.4481801986694,13.1901998519897,13.4011001586914,0,13.4011001586914,"SouthAfrica"
2017-08-07,13.217399597168,13.2625598907471,13.1026000976562,13.2173700332642,0,13.2173700332642,"SouthAfrica"
2017-08-08,13.3524398803711,13.5307998657227,13.3420000076294,13.3561000823975,0,13.3561000823975,"SouthAfrica"
2017-08-09,13.4310398101807,13.4700803756714,13.3009004592896,13.4259004592896,0,13.4259004592896,"SouthAfrica"
2017-08-10,13.4368000030518,13.5117998123169,13.4047002792358,13.447979927063,0,13.447979927063,"SouthAfrica"
2017-08-13,13.4312000274658,13.4408903121948,13.252200126648,13.4314002990723,0,13.4314002990723,"SouthAfrica"
2017-08-14,13.2958297729492,13.4104795455933,13.2728996276855,13.2929000854492,0,13.2929000854492,"SouthAfrica"
2017-08-15,13.3073997497559,13.3296804428101,13.1851997375488,13.3073997497559,0,13.3073997497559,"SouthAfrica"
2017-08-16,13.1674995422363,13.2365503311157,13.1178998947144,13.1688995361328,0,13.1688995361328,"SouthAfrica"
2017-08-17,13.2483196258545,13.2924499511719,13.1485996246338,13.2847900390625,0,13.2847900390625,"SouthAfrica"
2017-08-20,13.1554002761841,13.2465801239014,13.138500213623,13.1593999862671,0,13.1593999862671,"SouthAfrica"
2017-08-21,13.1499996185303,13.2323799133301,13.1248998641968,13.1493997573853,0,13.1493997573853,"SouthAfrica"
2017-08-22,13.2005996704102,13.2750396728516,13.1791000366211,13.2046003341675,0,13.2046003341675,"SouthAfrica"
2017-08-23,13.1389999389648,13.2328996658325,13.1359996795654,13.1478004455566,0,13.1478004455566,"SouthAfrica"
2017-08-24,13.1906003952026,13.2117795944214,13.0186004638672,13.1962604522705,0,13.1962604522705,"SouthAfrica"
2017-08-27,13.0062999725342,13.0783796310425,12.9969997406006,13.0010004043579,0,13.0010004043579,"SouthAfrica"
2017-08-28,13.0739002227783,13.1183004379272,12.9371004104614,13.0741500854492,0,13.0741500854492,"SouthAfrica"
2017-08-29,12.9968004226685,13.0953302383423,12.9525003433228,12.9891004562378,0,12.9891004562378,"SouthAfrica"
2017-08-30,13.0193500518799,13.0749797821045,12.9790000915527,13.0065002441406,0,13.0065002441406,"SouthAfrica"
2017-08-31,12.9878997802734,13.0216703414917,12.8464002609253,12.9858999252319,0,12.9858999252319,"SouthAfrica"
2017-09-03,12.9344997406006,12.9826803207397,12.9026002883911,12.9424495697021,0,12.9424495697021,"SouthAfrica"
2017-09-04,12.9462995529175,12.9831695556641,12.8487997055054,12.9354000091553,0,12.9354000091553,"SouthAfrica"
2017-09-05,12.9012002944946,12.9433603286743,12.7628002166748,12.9011001586914,0,12.9011001586914,"SouthAfrica"
2017-09-06,12.801079750061,12.8652000427246,12.760199546814,12.788200378418,0,12.788200378418,"SouthAfrica"
2017-09-07,12.8056602478027,12.9441499710083,12.7529001235962,12.7984199523926,0,12.7984199523926,"SouthAfrica"
2017-09-10,12.908200263977,12.9598798751831,12.8606004714966,12.9029998779297,0,12.9029998779297,"SouthAfrica"
2017-09-11,12.9474496841431,13.0401000976562,12.872799873352,12.9642400741577,0,12.9642400741577,"SouthAfrica"
2017-09-12,12.9773797988892,13.177300453186,12.9609003067017,12.9773797988892,0,12.9773797988892,"SouthAfrica"
2017-09-13,13.1549501419067,13.2424602508545,13.1040000915527,13.1408996582031,0,13.1408996582031,"SouthAfrica"
2017-09-14,13.1146001815796,13.2152996063232,13.0994997024536,13.1164999008179,0,13.1164999008179,"SouthAfrica"
2017-09-17,13.1628198623657,13.2945098876953,13.1174001693726,13.1510000228882,0,13.1510000228882,"SouthAfrica"
2017-09-18,13.2931900024414,13.3442001342773,13.2541999816895,13.2846002578735,0,13.2846002578735,"SouthAfrica"
2017-09-19,13.3294200897217,13.3294200897217,13.2142000198364,13.3244800567627,0,13.3244800567627,"SouthAfrica"
2017-09-20,13.3185997009277,13.396900177002,13.2473001480103,13.3194999694824,0,13.3194999694824,"SouthAfrica"
2017-09-21,13.2852001190186,13.2984199523926,13.1527004241943,13.2839803695679,0,13.2839803695679,"SouthAfrica"
2017-09-24,13.2387504577637,13.3494997024536,13.224100112915,13.2343997955322,0,13.2343997955322,"SouthAfrica"
2017-09-25,13.3243999481201,13.4021797180176,13.2585000991821,13.3250999450684,0,13.3250999450684,"SouthAfrica"
2017-09-26,13.3692798614502,13.5964002609253,13.3452997207642,13.3591003417969,0,13.3591003417969,"SouthAfrica"
2017-09-27,13.5733995437622,13.6974000930786,13.4907999038696,13.5739002227783,0,13.5739002227783,"SouthAfrica"
2017-09-28,13.4952001571655,13.5558004379272,13.4148998260498,13.5101003646851,0,13.5101003646851,"SouthAfrica"
2017-10-01,13.5480003356934,13.6567001342773,13.5466003417969,13.5473003387451,0,13.5473003387451,"SouthAfrica"
2017-10-02,13.5936803817749,13.7667398452759,13.568699836731,13.5820999145508,0,13.5820999145508,"SouthAfrica"
2017-10-03,13.641900062561,13.6455001831055,13.533200263977,13.6421003341675,0,13.6421003341675,"SouthAfrica"
2017-10-04,13.5698003768921,13.6610698699951,13.5600996017456,13.5656003952026,0,13.5656003952026,"SouthAfrica"
2017-10-05,13.6583204269409,13.8102798461914,13.6450004577637,13.6641397476196,0,13.6641397476196,"SouthAfrica"
2017-10-08,13.757399559021,13.8569002151489,13.6900997161865,13.756199836731,0,13.756199836731,"SouthAfrica"
2017-10-09,13.789999961853,13.8032503128052,13.6050996780396,13.7904996871948,0,13.7904996871948,"SouthAfrica"
2017-10-10,13.683500289917,13.6996803283691,13.5094003677368,13.6838998794556,0,13.6838998794556,"SouthAfrica"
2017-10-11,13.522780418396,13.5413799285889,13.4330997467041,13.5122995376587,0,13.5122995376587,"SouthAfrica"
2017-10-12,13.4741802215576,13.4873695373535,13.2529001235962,13.4638004302979,0,13.4638004302979,"SouthAfrica"
2017-10-15,13.2702102661133,13.3475999832153,13.2497997283936,13.2636003494263,0,13.2636003494263,"SouthAfrica"
2017-10-16,13.3173999786377,13.4673004150391,13.2887802124023,13.3278799057007,0,13.3278799057007,"SouthAfrica"
2017-10-17,13.3912000656128,13.5771903991699,13.3743000030518,13.3809003829956,0,13.3809003829956,"SouthAfrica"
2017-10-18,13.5542001724243,13.5804996490479,13.4967002868652,13.5539999008179,0,13.5539999008179,"SouthAfrica"
2017-10-19,13.5031995773315,13.7422800064087,13.4913997650146,13.503999710083,0,13.503999710083,"SouthAfrica"
2017-10-22,13.6795997619629,13.7661695480347,13.637900352478,13.6919002532959,0,13.6919002532959,"SouthAfrica"
2017-10-23,13.6958503723145,13.7705097198486,13.6624002456665,13.6870002746582,0,13.6870002746582,"SouthAfrica"
2017-10-24,13.7431898117065,14.0994997024536,13.7075996398926,13.7384996414185,0,13.7384996414185,"SouthAfrica"
2017-10-25,14.0739002227783,14.2875003814697,14.0158004760742,14.0726003646851,0,14.0726003646851,"SouthAfrica"
2017-10-26,14.2251996994019,14.3507795333862,14.0965995788574,14.2372798919678,0,14.2372798919678,"SouthAfrica"
2017-10-30,14.0996198654175,14.1374998092651,14.0110998153687,14.0995197296143,0,14.0995197296143,"SouthAfrica"
2017-10-31,14.0338001251221,14.1764802932739,14.0009002685547,14.0460996627808,0,14.0460996627808,"SouthAfrica"
2017-11-01,14.1180000305176,14.1640996932983,14.0318002700806,14.1192998886108,0,14.1192998886108,"SouthAfrica"
2017-11-02,14.0522003173828,14.0629997253418,13.894100189209,14.052300453186,0,14.052300453186,"SouthAfrica"
2017-11-03,13.9723997116089,14.253399848938,13.9615001678467,13.9720001220703,0,13.9720001220703,"SouthAfrica"
2017-11-06,14.1929998397827,14.2760496139526,14.1409997940063,14.1927003860474,0,14.1927003860474,"SouthAfrica"
2017-11-07,14.0927000045776,14.2446203231812,14.081000328064,14.1025896072388,0,14.1025896072388,"SouthAfrica"
2017-11-08,14.2175998687744,14.2430801391602,14.099100112915,14.2086000442505,0,14.2086000442505,"SouthAfrica"
2017-11-09,14.148229598999,14.2945003509521,14.0951995849609,14.1479396820068,0,14.1479396820068,"SouthAfrica"
2017-11-10,14.2483901977539,14.4100503921509,14.2382001876831,14.2481498718262,0,14.2481498718262,"SouthAfrica"
2017-11-13,14.3823003768921,14.5707998275757,14.3371000289917,14.3819999694824,0,14.3819999694824,"SouthAfrica"
2017-11-14,14.4570999145508,14.5148801803589,14.3352003097534,14.4579000473022,0,14.4579000473022,"SouthAfrica"
2017-11-15,14.3605003356934,14.4191198348999,14.3036003112793,14.3601999282837,0,14.3601999282837,"SouthAfrica"
2017-11-16,NA,NA,NA,NA,NA,NA,"SouthAfrica"
2017-11-17,14.1379995346069,14.2317199707031,13.9483003616333,14.1382999420166,0,14.1382999420166,"SouthAfrica"
2017-11-20,13.993200302124,14.0817003250122,13.9743003845215,13.993200302124,0,13.993200302124,"SouthAfrica"
2017-11-21,14.0459003448486,14.1422004699707,13.9549999237061,14.0350999832153,0,14.0350999832153,"SouthAfrica"
2017-11-22,13.9719200134277,13.9934196472168,13.8220996856689,13.9638996124268,0,13.9638996124268,"SouthAfrica"
2017-11-23,13.8247995376587,13.9168796539307,13.815899848938,13.8177995681763,0,13.8177995681763,"SouthAfrica"
2017-11-24,13.8857803344727,14.0376195907593,13.831600189209,13.8720998764038,0,13.8720998764038,"SouthAfrica"
2017-11-27,14.0262002944946,14.1079196929932,13.6676998138428,14.0496196746826,0,14.0496196746826,"SouthAfrica"
2017-11-28,13.7539701461792,13.8002004623413,13.5539999008179,13.7490901947021,0,13.7490901947021,"SouthAfrica"
2017-11-29,13.6512002944946,13.7399797439575,13.5714998245239,13.6638202667236,0,13.6638202667236,"SouthAfrica"
2017-11-30,13.6520004272461,13.7202701568604,13.5511999130249,13.6488304138184,0,13.6488304138184,"SouthAfrica"
2017-12-01,13.7124004364014,13.791919708252,13.6420001983643,13.7124996185303,0,13.7124996185303,"SouthAfrica"
2017-12-04,13.763279914856,13.8020000457764,13.5501003265381,13.7496004104614,0,13.7496004104614,"SouthAfrica"
2017-12-05,13.5258197784424,13.5671195983887,13.4377002716064,13.5174999237061,0,13.5174999237061,"SouthAfrica"
2017-12-06,13.4388999938965,13.5842800140381,13.4377002716064,13.4478797912598,0,13.4478797912598,"SouthAfrica"
2017-12-07,13.5320701599121,13.6829996109009,13.5100002288818,13.5215997695923,0,13.5215997695923,"SouthAfrica"
2017-12-08,13.7194004058838,13.7544803619385,13.5476503372192,13.7194995880127,0,13.7194995880127,"SouthAfrica"
2017-12-11,13.6539402008057,13.6821203231812,13.5474004745483,13.6642999649048,0,13.6642999649048,"SouthAfrica"
2017-12-12,13.5949001312256,13.7159595489502,13.5609998703003,13.5995998382568,0,13.5995998382568,"SouthAfrica"
2017-12-13,13.6576995849609,13.6709003448486,13.4586000442505,13.6584997177124,0,13.6584997177124,"SouthAfrica"
2017-12-14,13.4527997970581,13.5273704528809,13.3718996047974,13.461199760437,0,13.461199760437,"SouthAfrica"
2017-12-15,13.4869003295898,13.5076198577881,13.1624002456665,13.4876003265381,0,13.4876003265381,"SouthAfrica"
2017-12-18,13.0642795562744,13.1336498260498,12.5227003097534,13.0853996276855,0,13.0853996276855,"SouthAfrica"
2017-12-19,12.7216501235962,12.8577499389648,12.6990003585815,12.7283201217651,0,12.7283201217651,"SouthAfrica"
2017-12-20,12.7274703979492,12.7941198348999,12.5780000686646,12.7240695953369,0,12.7240695953369,"SouthAfrica"
2017-12-21,12.7197999954224,12.7742795944214,12.6552000045776,12.7302598953247,0,12.7302598953247,"SouthAfrica"
2017-12-22,12.7511196136475,12.7717199325562,12.5734996795654,12.746000289917,0,12.746000289917,"SouthAfrica"
2017-12-25,12.5916004180908,12.622200012207,12.5412998199463,12.5921001434326,0,12.5921001434326,"SouthAfrica"
2017-12-26,12.5806999206543,12.5999298095703,12.4863004684448,12.5916004180908,0,12.5916004180908,"SouthAfrica"
2017-12-27,12.4870004653931,12.5046195983887,12.2803001403809,12.4875001907349,0,12.4875001907349,"SouthAfrica"
2017-12-28,12.252799987793,12.3823204040527,12.2323999404907,12.2524003982544,0,12.2524003982544,"SouthAfrica"
2017-12-29,12.3957004547119,12.4068202972412,12.2686004638672,12.3955001831055,0,12.3955001831055,"SouthAfrica"
2018-01-01,12.3573999404907,12.3573999404907,12.3568000793457,12.3199901580811,0,12.3199901580811,"SouthAfrica"
2018-01-02,12.3871002197266,12.4642200469971,12.2513999938965,12.3870000839233,0,12.3870000839233,"SouthAfrica"
2018-01-03,12.4329996109009,12.4982500076294,12.31369972229,12.4356203079224,0,12.4356203079224,"SouthAfrica"
2018-01-04,12.3610496520996,12.3970203399658,12.2306003570557,12.3610000610352,0,12.3610000610352,"SouthAfrica"
2018-01-05,12.2882995605469,12.3978996276855,12.2622995376587,12.2871999740601,0,12.2871999740601,"SouthAfrica"
2018-01-08,12.2986001968384,12.4636697769165,12.2806997299194,12.295539855957,0,12.295539855957,"SouthAfrica"
2018-01-09,12.3734998703003,12.4573698043823,12.2873001098633,12.3724002838135,0,12.3724002838135,"SouthAfrica"
2018-01-10,12.3318004608154,12.5395803451538,12.3241996765137,12.3315000534058,0,12.3315000534058,"SouthAfrica"
2018-01-11,12.421199798584,12.4961795806885,12.3945999145508,12.418999671936,0,12.418999671936,"SouthAfrica"
2018-01-12,12.3675003051758,12.458399772644,12.3477001190186,12.3783903121948,0,12.3783903121948,"SouthAfrica"
2018-01-15,12.369179725647,12.3872003555298,12.256799697876,12.3686199188232,0,12.3686199188232,"SouthAfrica"
2018-01-16,12.2876996994019,12.3562698364258,12.1930999755859,12.2873001098633,0,12.2873001098633,"SouthAfrica"
2018-01-17,12.2545204162598,12.34255027771,12.2122001647949,12.254340171814,0,12.254340171814,"SouthAfrica"
2018-01-18,12.3059997558594,12.3395099639893,12.102499961853,12.3057804107666,0,12.3057804107666,"SouthAfrica"
2018-01-19,12.1267995834351,12.2416000366211,12.0544004440308,12.1140003204346,0,12.1140003204346,"SouthAfrica"
2018-01-22,12.0747995376587,12.1491804122925,12.0102996826172,12.0754995346069,0,12.0754995346069,"SouthAfrica"
2018-01-23,12.0418996810913,12.1545095443726,12.0317001342773,12.0420999526978,0,12.0420999526978,"SouthAfrica"
2018-01-24,12.0214996337891,12.0439796447754,11.8992004394531,12.0250997543335,0,12.0250997543335,"SouthAfrica"
2018-01-25,11.8726997375488,11.9380798339844,11.7999000549316,11.8736000061035,0,11.8736000061035,"SouthAfrica"
2018-01-26,11.9163999557495,11.9334802627563,11.8037004470825,11.9084997177124,0,11.9084997177124,"SouthAfrica"
2018-01-29,11.8521995544434,12.0161895751953,11.8439998626709,11.851900100708,0,11.851900100708,"SouthAfrica"
2018-01-30,11.9383001327515,12.0447597503662,11.8643999099731,11.9364995956421,0,11.9364995956421,"SouthAfrica"
2018-01-31,11.961799621582,11.9834699630737,11.8093004226685,11.9610996246338,0,11.9610996246338,"SouthAfrica"
2018-02-01,11.8505897521973,11.9452600479126,11.8268995285034,11.838399887085,0,11.838399887085,"SouthAfrica"
2018-02-02,11.8372001647949,12.0855197906494,11.8364000320435,11.836199760437,0,11.836199760437,"SouthAfrica"
2018-02-05,12.0472002029419,12.0805397033691,11.9771995544434,12.06077003479,0,12.06077003479,"SouthAfrica"
2018-02-06,12.1042995452881,12.1776599884033,12.0094995498657,12.1049003601074,0,12.1049003601074,"SouthAfrica"
2018-02-07,11.930100440979,11.9790000915527,11.8674001693726,11.9287996292114,0,11.9287996292114,"SouthAfrica"
2018-02-08,12.0472002029419,12.1558399200439,12.0123996734619,12.0601797103882,0,12.0601797103882,"SouthAfrica"
2018-02-09,12.1470003128052,12.1555004119873,12.0095996856689,12.1449699401855,0,12.1449699401855,"SouthAfrica"
2018-02-12,12.0205202102661,12.022159576416,11.8788995742798,12.0205202102661,0,12.0205202102661,"SouthAfrica"
2018-02-13,11.9073600769043,11.9925699234009,11.8639001846313,11.8927001953125,0,11.8927001953125,"SouthAfrica"
2018-02-14,11.963080406189,11.963080406189,11.7147998809814,11.9591999053955,0,11.9591999053955,"SouthAfrica"
2018-02-15,11.7054004669189,11.7411699295044,11.5907001495361,11.7165002822876,0,11.7165002822876,"SouthAfrica"
2018-02-16,11.6157999038696,11.6850996017456,11.5465002059937,11.617600440979,0,11.617600440979,"SouthAfrica"
2018-02-19,11.6172199249268,11.6960000991821,11.5993995666504,11.6150999069214,0,11.6150999069214,"SouthAfrica"
2018-02-20,11.6728200912476,11.7684297561646,11.6548004150391,11.6731796264648,0,11.6731796264648,"SouthAfrica"
2018-02-21,11.7180995941162,11.7765197753906,11.6127004623413,11.7174997329712,0,11.7174997329712,"SouthAfrica"
2018-02-22,11.6623001098633,11.7336597442627,11.6219997406006,11.6617002487183,0,11.6617002487183,"SouthAfrica"
2018-02-23,11.6629495620728,11.6876201629639,11.5319995880127,11.6506004333496,0,11.6506004333496,"SouthAfrica"
2018-02-26,11.5655698776245,11.6413803100586,11.4970998764038,11.5672903060913,0,11.5672903060913,"SouthAfrica"
2018-02-27,11.5570001602173,11.7679195404053,11.5359001159668,11.5637998580933,0,11.5637998580933,"SouthAfrica"
2018-02-28,11.6981000900269,11.8046598434448,11.6690998077393,11.6992998123169,0,11.6992998123169,"SouthAfrica"
2018-03-01,11.7756996154785,11.9371204376221,11.7709999084473,11.7760000228882,0,11.7760000228882,"SouthAfrica"
2018-03-02,11.8562202453613,12.0140104293823,11.8191995620728,11.8459997177124,0,11.8459997177124,"SouthAfrica"
2018-03-05,11.9115200042725,12.0209999084473,11.8233995437622,11.9174499511719,0,11.9174499511719,"SouthAfrica"
2018-03-06,11.8300504684448,11.8483200073242,11.7019996643066,11.8322200775146,0,11.8322200775146,"SouthAfrica"
2018-03-07,11.8104696273804,11.9207000732422,11.7741003036499,11.8447999954224,0,11.8447999954224,"SouthAfrica"
2018-03-08,11.8382797241211,11.9413995742798,11.8175001144409,11.8383903503418,0,11.8383903503418,"SouthAfrica"
2018-03-09,11.9079704284668,11.9259996414185,11.7718000411987,11.9076499938965,0,11.9076499938965,"SouthAfrica"
2018-03-12,11.8162097930908,11.8696002960205,11.769100189209,11.8102197647095,0,11.8102197647095,"SouthAfrica"
2018-03-13,11.8226699829102,11.8556003570557,11.7381000518799,11.8090000152588,0,11.8090000152588,"SouthAfrica"
2018-03-14,11.8114900588989,11.819899559021,11.7332000732422,11.7791996002197,0,11.7791996002197,"SouthAfrica"
2018-03-15,11.7608995437622,11.8824996948242,11.7520999908447,11.7627000808716,0,11.7627000808716,"SouthAfrica"
2018-03-16,11.8956899642944,11.9904499053955,11.8671998977661,11.8971004486084,0,11.8971004486084,"SouthAfrica"
2018-03-19,11.9795999526978,12.1015996932983,11.9582996368408,11.9767799377441,0,11.9767799377441,"SouthAfrica"
2018-03-20,12.019700050354,12.0356302261353,11.9200000762939,12.0080995559692,0,12.0080995559692,"SouthAfrica"
2018-03-21,11.96875,12.0236701965332,11.8718996047974,11.9496002197266,0,11.9496002197266,"SouthAfrica"
2018-03-22,11.8166999816895,11.8985004425049,11.760199546814,11.8224697113037,0,11.8224697113037,"SouthAfrica"
2018-03-23,11.8768997192383,11.8768997192383,11.7315998077393,11.8774003982544,0,11.8774003982544,"SouthAfrica"
2018-03-25,11.7058200836182,11.7058200836182,11.5989999771118,11.6955003738403,0,11.6955003738403,"SouthAfrica"
2018-03-26,11.6374998092651,11.6912002563477,11.6124000549316,11.6365995407104,0,11.6365995407104,"SouthAfrica"
2018-03-27,11.6454801559448,11.7964000701904,11.6275997161865,11.6446800231934,0,11.6446800231934,"SouthAfrica"
2018-03-28,11.7694101333618,11.8931999206543,11.7372999191284,11.7681999206543,0,11.7681999206543,"SouthAfrica"
2018-03-29,11.8266000747681,11.8359603881836,11.7992000579834,11.8310804367065,0,11.8310804367065,"SouthAfrica"
2018-04-01,11.8296298980713,11.8724002838135,11.7826995849609,11.8341798782349,0,11.8341798782349,"SouthAfrica"
2018-04-02,11.8523597717285,11.8675003051758,11.7847003936768,11.8519601821899,0,11.8519601821899,"SouthAfrica"
2018-04-03,11.8161001205444,11.9351997375488,11.7834997177124,11.8165998458862,0,11.8165998458862,"SouthAfrica"
2018-04-04,11.8709096908569,11.9846601486206,11.8601999282837,11.8621997833252,0,11.8621997833252,"SouthAfrica"
2018-04-05,11.981499671936,12.0909996032715,11.958399772644,11.9884796142578,0,11.9884796142578,"SouthAfrica"
2018-04-08,12.0264596939087,12.1545000076294,11.958399772644,12.0245599746704,0,12.0245599746704,"SouthAfrica"
2018-04-09,12.0839796066284,12.1331996917725,12.0240001678467,12.0878295898438,0,12.0878295898438,"SouthAfrica"
2018-04-10,12.0315999984741,12.1163997650146,11.9706201553345,12.02649974823,0,12.02649974823,"SouthAfrica"
2018-04-11,11.9541301727295,12.0206003189087,11.9284000396729,11.9432001113892,0,11.9432001113892,"SouthAfrica"
2018-04-12,12.0520696640015,12.0911998748779,12.0010995864868,12.0417003631592,0,12.0417003631592,"SouthAfrica"
2018-04-15,12.076000213623,12.1010503768921,12.0333003997803,12.0785102844238,0,12.0785102844238,"SouthAfrica"
2018-04-16,12.0342998504639,12.0508003234863,11.9636001586914,12.0329999923706,0,12.0329999923706,"SouthAfrica"
2018-04-17,11.9813003540039,12.0420999526978,11.9090003967285,11.9812002182007,0,11.9812002182007,"SouthAfrica"
2018-04-18,11.9123001098633,11.9845304489136,11.9038000106812,11.9241800308228,0,11.9241800308228,"SouthAfrica"
2018-04-19,11.9513998031616,12.1039304733276,11.950400352478,11.9668998718262,0,11.9668998718262,"SouthAfrica"
2018-04-22,12.0819997787476,12.3269596099854,12.0699996948242,12.0916996002197,0,12.0916996002197,"SouthAfrica"
2018-04-23,12.3358001708984,12.3954801559448,12.2496995925903,12.3372001647949,0,12.3372001647949,"SouthAfrica"
2018-04-24,12.3324003219604,12.5241603851318,12.3162002563477,12.3134002685547,0,12.3134002685547,"SouthAfrica"
2018-04-25,12.4475898742676,12.4573602676392,12.3411998748779,12.4310998916626,0,12.4310998916626,"SouthAfrica"
2018-04-26,12.37380027771,12.4388999938965,12.3205995559692,12.3766002655029,0,12.3766002655029,"SouthAfrica"
2018-04-29,12.3201999664307,12.4865703582764,12.2800998687744,12.318699836731,0,12.318699836731,"SouthAfrica"
2018-04-30,12.4316997528076,12.6735000610352,12.4265003204346,12.4429702758789,0,12.4429702758789,"SouthAfrica"
2018-05-01,12.6617002487183,12.7096796035767,12.5380001068115,12.6604995727539,0,12.6604995727539,"SouthAfrica"
2018-05-02,12.6535997390747,12.7294998168945,12.5565996170044,12.6898002624512,0,12.6898002624512,"SouthAfrica"
2018-05-03,12.5874996185303,12.6783599853516,12.5198001861572,12.5875997543335,0,12.5875997543335,"SouthAfrica"
2018-05-06,12.4995002746582,12.5854997634888,12.4700002670288,12.4970998764038,0,12.4970998764038,"SouthAfrica"
2018-05-07,12.5298004150391,12.6607999801636,12.486499786377,12.5299701690674,0,12.5299701690674,"SouthAfrica"
2018-05-08,12.5902996063232,12.7179002761841,12.5409002304077,12.5774202346802,0,12.5774202346802,"SouthAfrica"
2018-05-09,12.5645999908447,12.5838804244995,12.3066997528076,12.553560256958,0,12.553560256958,"SouthAfrica"
2018-05-10,12.2952003479004,12.3621997833252,12.1812000274658,12.3068103790283,0,12.3068103790283,"SouthAfrica"
2018-05-13,12.2544097900391,12.3022003173828,12.1718997955322,12.2454996109009,0,12.2454996109009,"SouthAfrica"
2018-05-14,12.3281297683716,12.6445999145508,12.3115997314453,12.315299987793,0,12.315299987793,"SouthAfrica"
2018-05-15,12.5731000900269,12.6120004653931,12.3850002288818,12.5704898834229,0,12.5704898834229,"SouthAfrica"
2018-05-16,12.4265003204346,12.5890998840332,12.3938999176025,12.428750038147,0,12.428750038147,"SouthAfrica"
2018-05-17,12.600700378418,12.8108997344971,12.5059003829956,12.6061201095581,0,12.6061201095581,"SouthAfrica"
2018-05-20,12.7559003829956,12.8911600112915,12.6957197189331,12.7506999969482,0,12.7506999969482,"SouthAfrica"
2018-05-21,12.6692495346069,12.6763000488281,12.4916000366211,12.6690196990967,0,12.6690196990967,"SouthAfrica"
2018-05-22,12.5606002807617,12.7009000778198,12.5111999511719,12.5569000244141,0,12.5569000244141,"SouthAfrica"
2018-05-23,12.4558000564575,12.5411500930786,12.3819999694824,12.454400062561,0,12.454400062561,"SouthAfrica"
2018-05-24,12.4140996932983,12.536600112915,12.4102001190186,12.4153995513916,0,12.4153995513916,"SouthAfrica"
2018-05-27,12.4715003967285,12.5080003738403,12.4126996994019,12.4744997024536,0,12.4744997024536,"SouthAfrica"
2018-05-28,12.4419002532959,12.6837196350098,12.4344997406006,12.4517602920532,0,12.4517602920532,"SouthAfrica"
2018-05-29,12.6787996292114,12.7339000701904,12.513500213623,12.6898803710938,0,12.6898803710938,"SouthAfrica"
2018-05-30,12.5251502990723,12.6950998306274,12.4517002105713,12.5179004669189,0,12.5179004669189,"SouthAfrica"
2018-05-31,12.6881999969482,12.7357797622681,12.587329864502,12.700719833374,0,12.700719833374,"SouthAfrica"
2018-06-03,12.664400100708,12.6725301742554,12.5111999511719,12.6681003570557,0,12.6681003570557,"SouthAfrica"
2018-06-04,12.5525999069214,12.8235998153687,12.5260000228882,12.5673503875732,0,12.5673503875732,"SouthAfrica"
2018-06-05,12.7335996627808,12.8731002807617,12.6606998443604,12.7473201751709,0,12.7473201751709,"SouthAfrica"
2018-06-06,12.7013998031616,12.9827003479004,12.6708002090454,12.7005996704102,0,12.7005996704102,"SouthAfrica"
2018-06-07,12.9760303497314,13.2791500091553,12.9305000305176,12.9654998779297,0,12.9654998779297,"SouthAfrica"
2018-06-10,13.0545997619629,13.1700801849365,12.9905004501343,13.0564002990723,0,13.0564002990723,"SouthAfrica"
2018-06-11,13.1590995788574,13.2520399093628,13.1265001296997,13.1461000442505,0,13.1461000442505,"SouthAfrica"
2018-06-12,13.2992000579834,13.3936996459961,13.1998996734619,13.2929000854492,0,13.2929000854492,"SouthAfrica"
2018-06-13,13.3022003173828,13.3370800018311,13.1038503646851,13.3073301315308,0,13.3073301315308,"SouthAfrica"
2018-06-14,13.4357995986938,13.4946002960205,13.351900100708,13.4371004104614,0,13.4371004104614,"SouthAfrica"
2018-06-17,13.4141998291016,13.71399974823,13.3816003799438,13.4135999679565,0,13.4135999679565,"SouthAfrica"
2018-06-18,13.6623802185059,13.9062900543213,13.6421003341675,13.6487998962402,0,13.6487998962402,"SouthAfrica"
2018-06-19,13.7315502166748,13.7626600265503,13.5551996231079,13.7343101501465,0,13.7343101501465,"SouthAfrica"
2018-06-20,13.6400499343872,13.7787799835205,13.555700302124,13.6563396453857,0,13.6563396453857,"SouthAfrica"
2018-06-21,13.5808801651001,13.5837001800537,13.423999786377,13.5819797515869,0,13.5819797515869,"SouthAfrica"
2018-06-24,13.4039001464844,13.6262998580933,13.4039001464844,13.404580116272,0,13.404580116272,"SouthAfrica"
2018-06-25,13.530779838562,13.6123895645142,13.4722995758057,13.5111999511719,0,13.5111999511719,"SouthAfrica"
2018-06-26,13.5156002044678,13.8418998718262,13.5083999633789,13.515700340271,0,13.515700340271,"SouthAfrica"
2018-06-27,13.8627004623413,13.9912004470825,13.7624998092651,13.8492002487183,0,13.8492002487183,"SouthAfrica"
2018-06-28,13.7723598480225,13.8359203338623,13.6674995422363,13.7671003341675,0,13.7671003341675,"SouthAfrica"
2018-07-01,13.7082996368408,13.9114799499512,13.6990995407104,13.7090997695923,0,13.7090997695923,"SouthAfrica"
2018-07-02,13.8240995407104,13.887149810791,13.6550998687744,13.8275003433228,0,13.8275003433228,"SouthAfrica"
2018-07-03,13.6640996932983,13.7384996414185,13.5998001098633,13.6773796081543,0,13.6773796081543,"SouthAfrica"
2018-07-04,13.681300163269,13.7260999679565,13.5209999084473,13.6688995361328,0,13.6688995361328,"SouthAfrica"
2018-07-05,13.5267000198364,13.620400428772,13.4590997695923,13.5311002731323,0,13.5311002731323,"SouthAfrica"
2018-07-08,13.4671497344971,13.4748601913452,13.2994003295898,13.4462003707886,0,13.4462003707886,"SouthAfrica"
2018-07-09,13.3976001739502,13.5107002258301,13.3165998458862,13.3978004455566,0,13.3978004455566,"SouthAfrica"
2018-07-10,13.3614101409912,13.5290002822876,13.3482999801636,13.3697004318237,0,13.3697004318237,"SouthAfrica"
2018-07-11,13.5462999343872,13.5588798522949,13.2279996871948,13.5471000671387,0,13.5471000671387,"SouthAfrica"
2018-07-12,13.3177795410156,13.393500328064,13.2194995880127,13.3041000366211,0,13.3041000366211,"SouthAfrica"
2018-07-15,13.2513999938965,13.2738304138184,13.1569004058838,13.2506999969482,0,13.2506999969482,"SouthAfrica"
2018-07-16,13.2140598297119,13.2916803359985,13.1731996536255,13.2115802764893,0,13.2115802764893,"SouthAfrica"
2018-07-17,13.2777500152588,13.3669996261597,13.2416000366211,13.2698001861572,0,13.2698001861572,"SouthAfrica"
2018-07-18,13.2620000839233,13.5500602722168,13.2467002868652,13.2678499221802,0,13.2678499221802,"SouthAfrica"
2018-07-19,13.5289001464844,13.6147499084473,13.3957004547119,13.5361700057983,0,13.5361700057983,"SouthAfrica"
2018-07-22,13.3934297561646,13.5707597732544,13.3822002410889,13.3828001022339,0,13.3828001022339,"SouthAfrica"
2018-07-23,13.4482002258301,13.5177898406982,13.2777004241943,13.4483995437622,0,13.4483995437622,"SouthAfrica"
2018-07-24,13.2679996490479,13.3156795501709,13.1330003738403,13.268500328064,0,13.268500328064,"SouthAfrica"
2018-07-25,13.0959997177124,13.2513999938965,13.0885000228882,13.0974998474121,0,13.0974998474121,"SouthAfrica"
2018-07-26,13.2321996688843,13.276180267334,13.1273002624512,13.2327003479004,0,13.2327003479004,"SouthAfrica"
2018-07-29,13.1750001907349,13.2192001342773,13.1217002868652,13.1750001907349,0,13.1750001907349,"SouthAfrica"
2018-07-30,13.1402902603149,13.1880302429199,13.0691995620728,13.1552696228027,0,13.1552696228027,"SouthAfrica"
2018-07-31,13.2340002059937,13.3745803833008,13.1653003692627,13.2328996658325,0,13.2328996658325,"SouthAfrica"
2018-08-01,13.2033996582031,13.4965000152588,13.1989002227783,13.2143802642822,0,13.2143802642822,"SouthAfrica"
2018-08-02,13.4430599212646,13.5025997161865,13.2589998245239,13.4324998855591,0,13.4324998855591,"SouthAfrica"
2018-08-05,13.3298997879028,13.459400177002,13.2999000549316,13.3390798568726,0,13.3390798568726,"SouthAfrica"
2018-08-06,13.4357004165649,13.45339012146,13.2679004669189,13.4303998947144,0,13.4303998947144,"SouthAfrica"
2018-08-07,13.3215503692627,13.4753904342651,13.2602996826172,13.3157997131348,0,13.3157997131348,"SouthAfrica"
2018-08-08,13.4010000228882,13.6729001998901,13.3549003601074,13.393500328064,0,13.393500328064,"SouthAfrica"
2018-08-09,13.6859998703003,14.1403999328613,13.648099899292,13.6848001480103,0,13.6848001480103,"SouthAfrica"
2018-08-12,14.2346000671387,15.2550001144409,14.206000328064,14.2376499176025,0,14.2376499176025,"SouthAfrica"
2018-08-13,14.3978796005249,14.4359998703003,14.0207996368408,14.3774995803833,0,14.3774995803833,"SouthAfrica"
2018-08-14,14.2676000595093,14.7361001968384,14.1628503799438,14.2681999206543,0,14.2681999206543,"SouthAfrica"
2018-08-15,14.5819997787476,14.6267795562744,14.3190202713013,14.5915603637695,0,14.5915603637695,"SouthAfrica"
2018-08-16,14.7110004425049,15.0136804580688,14.6076002120972,14.7108001708984,0,14.7108001708984,"SouthAfrica"
2018-08-19,14.7433996200562,14.7532300949097,14.4484996795654,14.7427997589111,0,14.7427997589111,"SouthAfrica"
2018-08-20,14.5032997131348,14.5165004730225,14.3140001296997,14.5008001327515,0,14.5008001327515,"SouthAfrica"
2018-08-21,14.3860998153687,14.4422998428345,14.1667995452881,14.3843002319336,0,14.3843002319336,"SouthAfrica"
2018-08-22,14.1653003692627,14.434100151062,14.163200378418,14.1591997146606,0,14.1591997146606,"SouthAfrica"
2018-08-23,14.3935899734497,14.4281997680664,14.1740999221802,14.3835000991821,0,14.3835000991821,"SouthAfrica"
2018-08-26,14.2278003692627,14.3438997268677,14.1021995544434,14.2418003082275,0,14.2418003082275,"SouthAfrica"
2018-08-27,14.1592998504639,14.2377996444702,13.9695997238159,14.1592998504639,0,14.1592998504639,"SouthAfrica"
2018-08-28,14.1941995620728,14.4968996047974,14.189700126648,14.1927995681763,0,14.1927995681763,"SouthAfrica"
2018-08-29,14.3381996154785,14.777250289917,14.3374996185303,14.3377304077148,0,14.3377304077148,"SouthAfrica"
2018-08-30,14.6913003921509,14.789719581604,14.6212997436523,14.6983804702759,0,14.6983804702759,"SouthAfrica"
2018-09-02,14.713399887085,14.9326801300049,14.6445999145508,14.7152500152588,0,14.7152500152588,"SouthAfrica"
2018-09-03,14.8516998291016,15.3635997772217,14.8494300842285,14.8500003814697,0,14.8500003814697,"SouthAfrica"
2018-09-04,15.3191003799438,15.6789999008179,15.243800163269,15.318699836731,0,15.318699836731,"SouthAfrica"
2018-09-05,15.3942203521729,15.532039642334,15.2480001449585,15.4011001586914,0,15.4011001586914,"SouthAfrica"
2018-09-06,15.3106002807617,15.3509302139282,15.0637998580933,15.3115997314453,0,15.3115997314453,"SouthAfrica"
2018-09-09,15.2581996917725,15.3121500015259,15.1098003387451,15.25,0,15.25,"SouthAfrica"
2018-09-10,15.1883001327515,15.2182998657227,15.0030002593994,15.1881999969482,0,15.1881999969482,"SouthAfrica"
2018-09-11,15.0573797225952,15.1699495315552,14.9153003692627,15.0586996078491,0,15.0586996078491,"SouthAfrica"
2018-09-12,14.9468297958374,14.9640998840332,14.6129999160767,14.9426002502441,0,14.9426002502441,"SouthAfrica"
2018-09-13,14.7673997879028,14.9280395507812,14.6528997421265,14.7655000686646,0,14.7655000686646,"SouthAfrica"
2018-09-16,14.9469299316406,15.0509004592896,14.8577003479004,14.934700012207,0,14.934700012207,"SouthAfrica"
2018-09-17,14.9729499816895,14.9775495529175,14.806300163269,14.9679403305054,0,14.9679403305054,"SouthAfrica"
2018-09-18,14.8570995330811,14.9003801345825,14.6101999282837,14.8587999343872,0,14.8587999343872,"SouthAfrica"
2018-09-19,14.6392002105713,14.6725301742554,14.3741598129272,14.6374998092651,0,14.6374998092651,"SouthAfrica"
2018-09-20,14.2980003356934,14.4320001602173,14.1809997558594,14.2979001998901,0,14.2979001998901,"SouthAfrica"
2018-09-23,14.3399000167847,14.419150352478,14.1929998397827,14.3401002883911,0,14.3401002883911,"SouthAfrica"
2018-09-24,14.3528003692627,14.439700126648,14.3142004013062,14.3555002212524,0,14.3555002212524,"SouthAfrica"
2018-09-25,14.3334999084473,14.3765001296997,14.1520004272461,14.3306999206543,0,14.3306999206543,"SouthAfrica"
2018-09-26,14.1327104568481,14.2257604598999,14.0026302337646,14.1326303482056,0,14.1326303482056,"SouthAfrica"
2018-09-27,14.104700088501,14.2586002349854,14.0815000534058,14.1042995452881,0,14.1042995452881,"SouthAfrica"
2018-09-30,14.1021003723145,14.2202701568604,14.0538997650146,14.1015996932983,0,14.1015996932983,"SouthAfrica"
2018-10-01,14.2101001739502,14.4409999847412,14.2000999450684,14.2074003219604,0,14.2074003219604,"SouthAfrica"
2018-10-02,14.3473997116089,14.4525003433228,14.2853002548218,14.3484601974487,0,14.3484601974487,"SouthAfrica"
2018-10-03,14.6395998001099,14.8073997497559,14.6116504669189,14.6295003890991,0,14.6295003890991,"SouthAfrica"
2018-10-04,14.8419904708862,14.8705396652222,14.6697998046875,14.8302001953125,0,14.8302001953125,"SouthAfrica"
2018-10-07,14.7981004714966,14.9792995452881,14.7414999008179,14.8114004135132,0,14.8114004135132,"SouthAfrica"
2018-10-08,14.8467998504639,15.0548896789551,14.6431999206543,14.8447999954224,0,14.8447999954224,"SouthAfrica"
2018-10-09,14.5515003204346,14.6866998672485,14.5159997940063,14.5649995803833,0,14.5649995803833,"SouthAfrica"
2018-10-10,14.7594995498657,14.7702903747559,14.5190000534058,14.754599571228,0,14.754599571228,"SouthAfrica"
2018-10-11,14.5792999267578,14.5954999923706,14.4117002487183,14.5796003341675,0,14.5796003341675,"SouthAfrica"
2018-10-14,14.527099609375,14.5569696426392,14.3273000717163,14.5271997451782,0,14.5271997451782,"SouthAfrica"
2018-10-15,14.3296604156494,14.3962802886963,14.1440000534058,14.3324003219604,0,14.3324003219604,"SouthAfrica"
2018-10-16,14.1703901290894,14.2777004241943,14.1218996047974,14.1747703552246,0,14.1747703552246,"SouthAfrica"
2018-10-17,14.2390003204346,14.4022998809814,14.1676998138428,14.2406997680664,0,14.2406997680664,"SouthAfrica"
2018-10-18,14.4254999160767,14.4630603790283,14.315299987793,14.4275999069214,0,14.4275999069214,"SouthAfrica"
2018-10-21,14.3879995346069,14.4224996566772,14.2530002593994,14.413800239563,0,14.413800239563,"SouthAfrica"
2018-10-22,14.3143997192383,14.4357004165649,14.3143997192383,14.321849822998,0,14.321849822998,"SouthAfrica"
2018-10-23,14.2166996002197,14.5220003128052,14.135199546814,14.2187004089355,0,14.2187004089355,"SouthAfrica"
2018-10-24,14.5555000305176,14.6372995376587,14.453800201416,14.5483999252319,0,14.5483999252319,"SouthAfrica"
2018-10-25,14.6007995605469,14.7490997314453,14.5509004592896,14.6058597564697,0,14.6058597564697,"SouthAfrica"
2018-10-29,14.5581998825073,14.6086597442627,14.4160003662109,14.5629997253418,0,14.5629997253418,"SouthAfrica"
2018-10-30,14.6891002655029,14.6998996734619,14.5556001663208,14.6974000930786,0,14.6974000930786,"SouthAfrica"
2018-10-31,14.6070003509521,14.8500995635986,14.5944995880127,14.5950002670288,0,14.5950002670288,"SouthAfrica"
2018-11-01,14.7506999969482,14.7750902175903,14.4529104232788,14.7550001144409,0,14.7550001144409,"SouthAfrica"
2018-11-02,14.4061002731323,14.4570198059082,14.2132997512817,14.3983001708984,0,14.3983001708984,"SouthAfrica"
2018-11-05,14.2803497314453,14.4075002670288,14.1642999649048,14.2613000869751,0,14.2613000869751,"SouthAfrica"
2018-11-06,14.1394996643066,14.277099609375,14.1384000778198,14.1387996673584,0,14.1387996673584,"SouthAfrica"
2018-11-07,14.0968999862671,14.1854295730591,13.8810997009277,14.0973997116089,0,14.0973997116089,"SouthAfrica"
2018-11-08,13.9085998535156,14.0868997573853,13.8978004455566,13.9105997085571,0,13.9105997085571,"SouthAfrica"
2018-11-09,14.1155099868774,14.3594999313354,14.1016998291016,14.1158399581909,0,14.1158399581909,"SouthAfrica"
2018-11-12,14.3347997665405,14.4604997634888,14.2678003311157,14.3348999023438,0,14.3348999023438,"SouthAfrica"
2018-11-13,14.4488000869751,14.5608997344971,14.339599609375,14.4526996612549,0,14.4526996612549,"SouthAfrica"
2018-11-14,14.4188995361328,14.4415998458862,14.2673997879028,14.4222002029419,0,14.4222002029419,"SouthAfrica"
2018-11-15,14.3573303222656,14.3745002746582,14.1974000930786,14.3577899932861,0,14.3577899932861,"SouthAfrica"
2018-11-16,14.1905002593994,14.2474002838135,14.0073003768921,14.1899003982544,0,14.1899003982544,"SouthAfrica"
2018-11-19,13.9714002609253,14.064920425415,13.9168996810913,13.9717998504639,0,13.9717998504639,"SouthAfrica"
2018-11-20,14.0110998153687,14.1602001190186,13.9829998016357,14.0146799087524,0,14.0146799087524,"SouthAfrica"
2018-11-21,14.0914001464844,14.1230001449585,13.8357000350952,14.0914001464844,0,14.0914001464844,"SouthAfrica"
2018-11-22,13.9179000854492,13.9596996307373,13.7178001403809,13.9244003295898,0,13.9244003295898,"SouthAfrica"
2018-11-23,13.7335996627808,13.9038400650024,13.7335996627808,13.7312002182007,0,13.7312002182007,"SouthAfrica"
2018-11-26,13.8381004333496,13.9083595275879,13.7161998748779,13.8453197479248,0,13.8453197479248,"SouthAfrica"
2018-11-27,13.9055995941162,13.981499671936,13.7798004150391,13.9055004119873,0,13.9055004119873,"SouthAfrica"
2018-11-28,13.9105997085571,13.9844999313354,13.8786001205444,13.9088001251221,0,13.9088001251221,"SouthAfrica"
2018-11-29,13.7787599563599,13.7827796936035,13.6010999679565,13.7662000656128,0,13.7662000656128,"SouthAfrica"
2018-11-30,13.6531000137329,13.8737001419067,13.6280002593994,13.6531000137329,0,13.6531000137329,"SouthAfrica"
2018-12-03,13.7292499542236,13.7538995742798,13.5768995285034,13.7172002792358,0,13.7172002792358,"SouthAfrica"
2018-12-04,13.6865997314453,13.750599861145,13.5322999954224,13.6837997436523,0,13.6837997436523,"SouthAfrica"
2018-12-05,13.8242998123169,13.8743000030518,13.7272996902466,13.8246002197266,0,13.8246002197266,"SouthAfrica"
2018-12-06,13.8437995910645,14.2041997909546,13.8359003067017,13.8311996459961,0,13.8311996459961,"SouthAfrica"
2018-12-07,14.0468502044678,14.1761999130249,13.9280004501343,14.0389003753662,0,14.0389003753662,"SouthAfrica"
2018-12-10,14.1879901885986,14.4730396270752,14.082200050354,14.1763000488281,0,14.1763000488281,"SouthAfrica"
2018-12-11,14.3521003723145,14.4603996276855,14.2451000213623,14.3515996932983,0,14.3515996932983,"SouthAfrica"
2018-12-12,14.3210000991821,14.3528003692627,14.0413999557495,14.3175001144409,0,14.3175001144409,"SouthAfrica"
2018-12-13,14.0986995697021,14.2281999588013,14.0347003936768,14.0959997177124,0,14.0959997177124,"SouthAfrica"
2018-12-14,14.1701002120972,14.453800201416,14.1680002212524,14.1729001998901,0,14.1729001998901,"SouthAfrica"
2018-12-17,14.3746995925903,14.4265003204346,14.2831001281738,14.3751001358032,0,14.3751001358032,"SouthAfrica"
2018-12-18,14.3753004074097,14.3922500610352,14.2384996414185,14.3800001144409,0,14.3800001144409,"SouthAfrica"
2018-12-19,14.3248996734619,14.3313302993774,14.1066999435425,14.3330497741699,0,14.3330497741699,"SouthAfrica"
2018-12-20,14.3566999435425,14.3957996368408,14.1715002059937,14.3619003295898,0,14.3619003295898,"SouthAfrica"
2018-12-21,14.3763999938965,14.4965000152588,14.2859001159668,14.37975025177,0,14.37975025177,"SouthAfrica"
2018-12-24,14.6163902282715,14.6451997756958,14.4547996520996,14.6318998336792,0,14.6318998336792,"SouthAfrica"
2018-12-25,14.5697002410889,14.628999710083,14.4607000350952,14.5094995498657,0,14.5094995498657,"SouthAfrica"
2018-12-26,14.6049003601074,14.621600151062,14.4686002731323,14.581000328064,0,14.581000328064,"SouthAfrica"
2018-12-27,14.5017004013062,14.5642995834351,14.4354000091553,14.4997997283936,0,14.4997997283936,"SouthAfrica"
2018-12-28,14.4561004638672,14.5160102844238,14.3395500183105,14.493200302124,0,14.493200302124,"SouthAfrica"
2018-12-31,14.4231996536255,14.4427003860474,14.3415002822876,14.4153003692627,0,14.4153003692627,"SouthAfrica"
2019-01-01,14.1258001327515,14.3470001220703,14.1258001327515,14.1258001327515,0,14.1258001327515,"SouthAfrica"
2019-01-02,14.3603000640869,14.5305995941162,14.3009996414185,14.3876495361328,0,14.3876495361328,"SouthAfrica"
2019-01-03,14.5565996170044,14.5749197006226,14.2869997024536,14.5583000183105,0,14.5583000183105,"SouthAfrica"
2019-01-04,14.3073997497559,14.3204002380371,13.958399772644,14.3090000152588,0,14.3090000152588,"SouthAfrica"
2019-01-07,13.9738397598267,13.9854001998901,13.8341999053955,13.9806995391846,0,13.9806995391846,"SouthAfrica"
2019-01-08,13.8640003204346,14.0464000701904,13.8618001937866,13.8606996536255,0,13.8606996536255,"SouthAfrica"
2019-01-09,13.9278001785278,14.0149002075195,13.8515996932983,13.9462995529175,0,13.9462995529175,"SouthAfrica"
2019-01-10,13.8353004455566,13.9467000961304,13.8079996109009,13.8438997268677,0,13.8438997268677,"SouthAfrica"
2019-01-11,13.8445997238159,13.8895998001099,13.7679996490479,13.8545598983765,0,13.8545598983765,"SouthAfrica"
2019-01-14,13.8578996658325,13.9547996520996,13.7541999816895,13.8566999435425,0,13.8566999435425,"SouthAfrica"
2019-01-15,13.7452001571655,13.8365001678467,13.7375001907349,13.7627000808716,0,13.7627000808716,"SouthAfrica"
2019-01-16,13.7192001342773,13.7537498474121,13.6422004699707,13.7201995849609,0,13.7201995849609,"SouthAfrica"
2019-01-17,13.6773996353149,13.8234996795654,13.6570997238159,13.6789999008179,0,13.6789999008179,"SouthAfrica"
2019-01-18,13.7170000076294,13.8341798782349,13.6799001693726,13.7103996276855,0,13.7103996276855,"SouthAfrica"
2019-01-21,13.8416500091553,13.9041996002197,13.8050003051758,13.8190002441406,0,13.8190002441406,"SouthAfrica"
2019-01-22,13.8217401504517,13.9463996887207,13.8092002868652,13.8098001480103,0,13.8098001480103,"SouthAfrica"
2019-01-23,13.9548997879028,13.9624996185303,13.8078002929688,13.954400062561,0,13.954400062561,"SouthAfrica"
2019-01-24,13.8072996139526,13.8504600524902,13.6658000946045,13.8077001571655,0,13.8077001571655,"SouthAfrica"
2019-01-25,13.7142000198364,13.7425003051758,13.5770998001099,13.7081003189087,0,13.7081003189087,"SouthAfrica"
2019-01-28,13.6038999557495,13.713399887085,13.576000213623,13.6036396026611,0,13.6036396026611,"SouthAfrica"
2019-01-29,13.6549997329712,13.7202997207642,13.5746002197266,13.6572504043579,0,13.6572504043579,"SouthAfrica"
2019-01-30,13.6103296279907,13.6381502151489,13.5564002990723,13.6079998016357,0,13.6079998016357,"SouthAfrica"
2019-01-31,13.3269996643066,13.3816003799438,13.2228002548218,13.3278999328613,0,13.3278999328613,"SouthAfrica"
2019-02-01,13.2490997314453,13.371600151062,13.2382001876831,13.24880027771,0,13.24880027771,"SouthAfrica"
2019-02-04,13.3149995803833,13.4168996810913,13.3108997344971,13.315299987793,0,13.315299987793,"SouthAfrica"
2019-02-05,13.4097003936768,13.436900138855,13.3283996582031,13.4102001190186,0,13.4102001190186,"SouthAfrica"
2019-02-06,13.3649997711182,13.5361795425415,13.358699798584,13.3649997711182,0,13.3649997711182,"SouthAfrica"
2019-02-07,13.5255002975464,13.6704998016357,13.5148000717163,13.5280303955078,0,13.5280303955078,"SouthAfrica"
2019-02-08,13.6129102706909,13.6919002532959,13.5768995285034,13.6085996627808,0,13.6085996627808,"SouthAfrica"
2019-02-11,13.6083002090454,13.8212003707886,13.5696001052856,13.6077995300293,0,13.6077995300293,"SouthAfrica"
2019-02-12,13.7841997146606,13.8380002975464,13.727499961853,13.7817001342773,0,13.7817001342773,"SouthAfrica"
2019-02-13,13.7587795257568,13.9941997528076,13.6969003677368,13.7503004074097,0,13.7503004074097,"SouthAfrica"
2019-02-14,14.0403995513916,14.2641096115112,13.9592599868774,14.0395202636719,0,14.0395202636719,"SouthAfrica"
2019-02-15,14.1117000579834,14.1974000930786,14.0356998443604,14.1148996353149,0,14.1148996353149,"SouthAfrica"
2019-02-18,14.0804901123047,14.1527500152588,14.0256996154785,14.0801000595093,0,14.0801000595093,"SouthAfrica"
2019-02-19,14.0818004608154,14.1988000869751,14.0704002380371,14.0740003585815,0,14.0740003585815,"SouthAfrica"
2019-02-20,14.0297002792358,14.3669004440308,13.9318504333496,14.0303001403809,0,14.0303001403809,"SouthAfrica"
2019-02-21,14.0095996856689,14.0514001846313,13.8652000427246,14.0087003707886,0,14.0087003707886,"SouthAfrica"
2019-02-22,14.0102996826172,14.0497999191284,13.9497995376587,14.0107002258301,0,14.0107002258301,"SouthAfrica"
2019-02-25,13.9580602645874,13.9830503463745,13.7978000640869,13.9539699554443,0,13.9539699554443,"SouthAfrica"
2019-02-26,13.8317003250122,13.8875999450684,13.8104000091553,13.8163995742798,0,13.8163995742798,"SouthAfrica"
2019-02-27,13.8271999359131,13.9680995941162,13.81130027771,13.828049659729,0,13.828049659729,"SouthAfrica"
2019-02-28,13.9174995422363,14.083459854126,13.9120998382568,13.916600227356,0,13.916600227356,"SouthAfrica"
2019-03-01,14.0579996109009,14.2305002212524,14.0543003082275,14.0592002868652,0,14.0592002868652,"SouthAfrica"
2019-03-04,14.1733999252319,14.2795000076294,14.1316995620728,14.1735000610352,0,14.1735000610352,"SouthAfrica"
2019-03-05,14.2011499404907,14.2225303649902,14.1120004653931,14.1875,0,14.1875,"SouthAfrica"
2019-03-06,14.1662998199463,14.2409000396729,14.1521997451782,14.1660995483398,0,14.1660995483398,"SouthAfrica"
2019-03-07,14.2621002197266,14.5193996429443,14.1969995498657,14.2560997009277,0,14.2560997009277,"SouthAfrica"
2019-03-08,14.4944000244141,14.5780000686646,14.3854999542236,14.5009803771973,0,14.5009803771973,"SouthAfrica"
2019-03-11,14.4222402572632,14.4524898529053,14.3241996765137,14.411600112915,0,14.411600112915,"SouthAfrica"
2019-03-12,14.3141002655029,14.3371000289917,14.2199001312256,14.2974004745483,0,14.2974004745483,"SouthAfrica"
2019-03-13,14.3488702774048,14.4131002426147,14.2838001251221,14.3487997055054,0,14.3487997055054,"SouthAfrica"
2019-03-14,14.4185104370117,14.5077495574951,14.4076995849609,14.4078998565674,0,14.4078998565674,"SouthAfrica"
2019-03-15,14.5129995346069,14.5261001586914,14.3832998275757,14.5123996734619,0,14.5123996734619,"SouthAfrica"
2019-03-18,14.4209995269775,14.4756002426147,14.3481998443604,14.4212999343872,0,14.4212999343872,"SouthAfrica"
2019-03-19,14.4209003448486,14.4734001159668,14.3333501815796,14.4285001754761,0,14.4285001754761,"SouthAfrica"
2019-03-20,14.5010004043579,14.5343999862671,14.3529996871948,14.5006198883057,0,14.5006198883057,"SouthAfrica"
2019-03-21,14.2250003814697,14.262149810791,14.1384000778198,14.2216997146606,0,14.2216997146606,"SouthAfrica"
2019-03-22,14.2086000442505,14.4923000335693,14.1786499023438,14.1993999481201,0,14.1993999481201,"SouthAfrica"
2019-03-25,14.4781999588013,14.5338001251221,14.2739000320435,14.4713001251221,0,14.4713001251221,"SouthAfrica"
2019-03-26,14.3009004592896,14.4449996948242,14.2798004150391,14.3003997802734,0,14.3003997802734,"SouthAfrica"
2019-03-27,14.41100025177,14.6637001037598,14.400899887085,14.4070997238159,0,14.4070997238159,"SouthAfrica"
2019-03-28,14.5987997055054,14.745400428772,14.5832004547119,14.599100112915,0,14.599100112915,"SouthAfrica"
2019-03-29,14.5909004211426,14.6079998016357,14.4222497940063,14.5846004486084,0,14.5846004486084,"SouthAfrica"
2019-03-31,14.3355503082275,14.3897495269775,14.149299621582,14.3270998001099,0,14.3270998001099,"SouthAfrica"
2019-04-01,14.1799001693726,14.2828998565674,14.0662002563477,14.1767997741699,0,14.1767997741699,"SouthAfrica"
2019-04-02,14.2123403549194,14.2145004272461,14.0984001159668,14.2025995254517,0,14.2025995254517,"SouthAfrica"
2019-04-03,14.1213998794556,14.2203502655029,14.0824403762817,14.1256999969482,0,14.1256999969482,"SouthAfrica"
2019-04-04,14.1115999221802,14.1442003250122,14.0121002197266,14.1043996810913,0,14.1043996810913,"SouthAfrica"
2019-04-07,14.0858001708984,14.1731996536255,14.063099861145,14.0961999893188,0,14.0961999893188,"SouthAfrica"
2019-04-08,14.1075000762939,14.1301097869873,14.0016002655029,14.1177997589111,0,14.1177997589111,"SouthAfrica"
2019-04-09,14.075400352478,14.0888996124268,13.8973999023438,14.0753002166748,0,14.0753002166748,"SouthAfrica"
2019-04-10,13.8920001983643,14.0430002212524,13.8643999099731,13.8937997817993,0,13.8937997817993,"SouthAfrica"
2019-04-11,14.0093002319336,14.0845003128052,13.9097003936768,14.0078001022339,0,14.0078001022339,"SouthAfrica"
2019-04-14,13.9533004760742,14.0276002883911,13.8962001800537,13.9525003433228,0,13.9525003433228,"SouthAfrica"
2019-04-15,14.0339002609253,14.1143999099731,14.0059995651245,14.035400390625,0,14.035400390625,"SouthAfrica"
2019-04-16,14.0205001831055,14.0386896133423,13.9111995697021,14.0188999176025,0,14.0188999176025,"SouthAfrica"
2019-04-17,13.9625997543335,14.1173000335693,13.9614000320435,13.9624004364014,0,13.9624004364014,"SouthAfrica"
2019-04-18,14.0409002304077,14.0752000808716,14.0314998626709,14.0389003753662,0,14.0389003753662,"SouthAfrica"
2019-04-21,14.0747003555298,14.1764297485352,14.0425996780396,14.0747003555298,0,14.0747003555298,"SouthAfrica"
2019-04-22,14.1510000228882,14.3340997695923,14.1344995498657,14.1500997543335,0,14.1500997543335,"SouthAfrica"
2019-04-23,14.2565002441406,14.4236001968384,14.2503004074097,14.2531995773315,0,14.2531995773315,"SouthAfrica"
2019-04-24,14.4381999969482,14.5509004592896,14.3836002349854,14.4379997253418,0,14.4379997253418,"SouthAfrica"
2019-04-25,14.413200378418,14.4652004241943,14.2704000473022,14.4075002670288,0,14.4075002670288,"SouthAfrica"
2019-04-28,14.3597002029419,14.3679895401001,14.2881002426147,14.3526000976562,0,14.3526000976562,"SouthAfrica"
2019-04-29,14.3056001663208,14.3854999542236,14.2618999481201,14.3074998855591,0,14.3074998855591,"SouthAfrica"
2019-04-30,14.2870998382568,14.3809995651245,14.2572002410889,14.2890996932983,0,14.2890996932983,"SouthAfrica"
2019-05-01,14.4406995773315,14.5635004043579,14.398699760437,14.4350996017456,0,14.4350996017456,"SouthAfrica"
2019-05-02,14.5226001739502,14.5824003219604,14.3467998504639,14.5158004760742,0,14.5158004760742,"SouthAfrica"
2019-05-05,14.4476003646851,14.533200263977,14.4399003982544,14.4514904022217,0,14.4514904022217,"SouthAfrica"
2019-05-06,14.4533996582031,14.4865999221802,14.3825998306274,14.4525003433228,0,14.4525003433228,"SouthAfrica"
2019-05-07,14.4302997589111,14.4392004013062,14.2948999404907,14.4274997711182,0,14.4274997711182,"SouthAfrica"
2019-05-08,14.3583002090454,14.4635000228882,14.3049802780151,14.3683004379272,0,14.3683004379272,"SouthAfrica"
2019-05-09,14.3409004211426,14.3760004043579,14.1676998138428,14.3313999176025,0,14.3313999176025,"SouthAfrica"
2019-05-12,14.1951999664307,14.3754997253418,14.1816997528076,14.1948003768921,0,14.1948003768921,"SouthAfrica"
2019-05-13,14.3201999664307,14.3444995880127,14.1838998794556,14.3229999542236,0,14.3229999542236,"SouthAfrica"
2019-05-14,14.2440004348755,14.2941999435425,14.168399810791,14.2388000488281,0,14.2388000488281,"SouthAfrica"
2019-05-15,14.2138996124268,14.2650995254517,14.1204996109009,14.2046003341675,0,14.2046003341675,"SouthAfrica"
2019-05-16,14.2785997390747,14.4343004226685,14.2692003250122,14.2800197601318,0,14.2800197601318,"SouthAfrica"
2019-05-19,14.4214000701904,14.4214000701904,14.3369998931885,14.4198999404907,0,14.4198999404907,"SouthAfrica"
2019-05-20,14.3624000549316,14.4826002120972,14.3486003875732,14.3731698989868,0,14.3731698989868,"SouthAfrica"
2019-05-21,NA,NA,NA,NA,NA,NA,"SouthAfrica"
2019-05-22,14.3591995239258,14.5310001373291,14.3478002548218,14.3597002029419,0,14.3597002029419,"SouthAfrica"
2019-05-23,14.4891004562378,14.4940795898438,14.3753004074097,14.4860401153564,0,14.4860401153564,"SouthAfrica"
2019-05-26,14.4184999465942,14.4750499725342,14.372799873352,14.4182996749878,0,14.4182996749878,"SouthAfrica"
2019-05-27,14.4272003173828,14.7362003326416,14.4070997238159,14.4274997711182,0,14.4274997711182,"SouthAfrica"
2019-05-28,14.6961402893066,14.8889303207397,14.6830997467041,14.6988000869751,0,14.6988000869751,"SouthAfrica"
2019-05-29,14.6297998428345,14.7054004669189,14.572699546814,14.6290998458862,0,14.6290998458862,"SouthAfrica"
2019-05-30,14.7843999862671,14.8429002761841,14.5390996932983,14.7690000534058,0,14.7690000534058,"SouthAfrica"
2019-06-02,14.6008996963501,14.6097002029419,14.4435997009277,14.5996999740601,0,14.5996999740601,"SouthAfrica"
2019-06-03,14.4661998748779,14.7409000396729,14.3902997970581,14.4461002349854,0,14.4461002349854,"SouthAfrica"
2019-06-04,14.6341199874878,14.9031000137329,14.6112003326416,14.6273002624512,0,14.6273002624512,"SouthAfrica"
2019-06-05,14.8442001342773,15.003999710083,14.8320999145508,14.8352003097534,0,14.8352003097534,"SouthAfrica"
2019-06-06,15.0131998062134,15.1589002609253,14.895299911499,15.0037002563477,0,15.0037002563477,"SouthAfrica"
2019-06-09,14.9204196929932,14.9798898696899,14.753999710083,14.9184999465942,0,14.9184999465942,"SouthAfrica"
2019-06-10,14.8086004257202,14.815899848938,14.6468000411987,14.807900428772,0,14.807900428772,"SouthAfrica"
2019-06-11,14.654299736023,14.8516998291016,14.6185998916626,14.6532001495361,0,14.6532001495361,"SouthAfrica"
2019-06-12,14.870120048523,14.9285001754761,14.8114004135132,14.8613996505737,0,14.8613996505737,"SouthAfrica"
2019-06-13,14.856650352478,14.8759002685547,14.7421998977661,14.8561096191406,0,14.8561096191406,"SouthAfrica"
2019-06-16,14.7911996841431,14.8229999542236,14.7576999664307,14.7910003662109,0,14.7910003662109,"SouthAfrica"
2019-06-17,14.7971000671387,14.8170700073242,14.4790000915527,14.7959995269775,0,14.7959995269775,"SouthAfrica"
2019-06-18,14.5108995437622,14.5756397247314,14.4589996337891,14.5104999542236,0,14.5104999542236,"SouthAfrica"
2019-06-19,14.3378295898438,14.3421001434326,14.1890001296997,14.3221998214722,0,14.3221998214722,"SouthAfrica"
2019-06-20,14.3375997543335,14.4370002746582,14.2943000793457,14.3339004516602,0,14.3339004516602,"SouthAfrica"
2019-06-23,14.3139495849609,14.3949003219604,14.2262001037598,14.3142795562744,0,14.3142795562744,"SouthAfrica"
2019-06-24,14.3617296218872,14.3696002960205,14.2616996765137,14.3534002304077,0,14.3534002304077,"SouthAfrica"
2019-06-25,14.3236999511719,14.3684997558594,14.2102003097534,14.3252000808716,0,14.3252000808716,"SouthAfrica"
2019-06-26,14.2202997207642,14.2615003585815,14.1180000305176,14.220100402832,0,14.220100402832,"SouthAfrica"
2019-06-27,14.1661996841431,14.1923999786377,14.095700263977,14.1578998565674,0,14.1578998565674,"SouthAfrica"
2019-06-30,14.0666999816895,14.1716003417969,14.0288000106812,14.0704002380371,0,14.0704002380371,"SouthAfrica"
2019-07-01,14.139289855957,14.2082996368408,14.0704002380371,14.1293001174927,0,14.1293001174927,"SouthAfrica"
2019-07-02,14.0769996643066,14.1473999023438,14.0571002960205,14.0742998123169,0,14.0742998123169,"SouthAfrica"
2019-07-03,14.039400100708,14.0789003372192,13.9533004760742,14.0529003143311,0,14.0529003143311,"SouthAfrica"
2019-07-04,14.0502595901489,14.2716999053955,14.0081996917725,14.0384702682495,0,14.0384702682495,"SouthAfrica"
2019-07-07,14.1925001144409,14.2318496704102,14.0964002609253,14.1951999664307,0,14.1951999664307,"SouthAfrica"
2019-07-08,14.1798000335693,14.2566995620728,14.1218996047974,14.1794996261597,0,14.1794996261597,"SouthAfrica"
2019-07-09,14.1843996047974,14.2284002304077,14.0263004302979,14.1808004379272,0,14.1808004379272,"SouthAfrica"
2019-07-10,13.97350025177,13.9867000579834,13.8537998199463,13.9745998382568,0,13.9745998382568,"SouthAfrica"
2019-07-11,13.9582996368408,14.0396995544434,13.8843002319336,13.9525995254517,0,13.9525995254517,"SouthAfrica"
2019-07-14,13.9588003158569,13.9737997055054,13.8420000076294,13.957799911499,0,13.957799911499,"SouthAfrica"
2019-07-15,13.8896999359131,13.9405002593994,13.8242998123169,13.9006395339966,0,13.9006395339966,"SouthAfrica"
2019-07-16,13.940899848938,13.9969997406006,13.9287996292114,13.9413003921509,0,13.9413003921509,"SouthAfrica"
2019-07-17,13.9944000244141,14.038800239563,13.8629999160767,13.9967002868652,0,13.9967002868652,"SouthAfrica"
2019-07-18,13.860520362854,13.9474000930786,13.8039999008179,13.8627004623413,0,13.8627004623413,"SouthAfrica"
2019-07-21,13.9135999679565,13.9687995910645,13.8210000991821,13.9124002456665,0,13.9124002456665,"SouthAfrica"
2019-07-22,13.8535995483398,13.9453201293945,13.8439998626709,13.853099822998,0,13.853099822998,"SouthAfrica"
2019-07-23,13.9237003326416,13.9457998275757,13.8472003936768,13.9237003326416,0,13.9237003326416,"SouthAfrica"
2019-07-24,13.875,14.0802001953125,13.851900100708,13.8669004440308,0,13.8669004440308,"SouthAfrica"
2019-07-25,14.0745000839233,14.2902002334595,14.0594997406006,14.0784997940063,0,14.0784997940063,"SouthAfrica"
2019-07-28,14.2530603408813,14.3151998519897,14.1645498275757,14.2423000335693,0,14.2423000335693,"SouthAfrica"
2019-07-29,14.163200378418,14.2344999313354,14.129599571228,14.1628398895264,0,14.1628398895264,"SouthAfrica"
2019-07-30,14.1953802108765,14.2384004592896,14.1342000961304,14.1787900924683,0,14.1787900924683,"SouthAfrica"
2019-07-31,14.3413000106812,14.5598001480103,14.3285999298096,14.3305997848511,0,14.3305997848511,"SouthAfrica"
2019-08-01,14.6168298721313,14.7575998306274,14.5707998275757,14.6048002243042,0,14.6048002243042,"SouthAfrica"
2019-08-04,14.7384996414185,14.954400062561,14.7242002487183,14.7277002334595,0,14.7277002334595,"SouthAfrica"
2019-08-05,14.9433002471924,14.9946002960205,14.7530002593994,14.9458999633789,0,14.9458999633789,"SouthAfrica"
2019-08-06,14.9278001785278,15.1712999343872,14.8190002441406,14.9272003173828,0,14.9272003173828,"SouthAfrica"
2019-08-07,15.0413999557495,15.1861000061035,14.9511003494263,15.0485000610352,0,15.0485000610352,"SouthAfrica"
2019-08-08,15.0367002487183,15.2926998138428,14.9979000091553,15.0387001037598,0,15.0387001037598,"SouthAfrica"
2019-08-11,15.2748003005981,15.4562702178955,15.2065000534058,15.2749996185303,0,15.2749996185303,"SouthAfrica"
2019-08-12,15.286600112915,15.3943996429443,15.0855503082275,15.2871999740601,0,15.2871999740601,"SouthAfrica"
2019-08-13,15.1316003799438,15.4253997802734,15.0951995849609,15.1326999664307,0,15.1326999664307,"SouthAfrica"
2019-08-14,15.4135303497314,15.4151000976562,15.2025499343872,15.4052000045776,0,15.4052000045776,"SouthAfrica"
2019-08-15,15.2545003890991,15.2762002944946,15.1472997665405,15.2459001541138,0,15.2459001541138,"SouthAfrica"
2019-08-18,15.2864999771118,15.4384498596191,15.2023000717163,15.2853002548218,0,15.2853002548218,"SouthAfrica"
2019-08-19,15.4518995285034,15.4643497467041,15.3170003890991,15.4471998214722,0,15.4471998214722,"SouthAfrica"
2019-08-20,15.3556995391846,15.3624000549316,15.1464004516602,15.3486995697021,0,15.3486995697021,"SouthAfrica"
2019-08-21,15.1850996017456,15.2616996765137,15.1300001144409,15.1838998794556,0,15.1838998794556,"SouthAfrica"
2019-08-22,15.2149000167847,15.2608003616333,15.0796003341675,15.2143001556396,0,15.2143001556396,"SouthAfrica"
2019-08-25,15.3461999893188,15.3732004165649,15.1851997375488,15.3461198806763,0,15.3461198806763,"SouthAfrica"
2019-08-26,15.2693996429443,15.3535003662109,15.2290000915527,15.2680997848511,0,15.2680997848511,"SouthAfrica"
2019-08-27,15.3179998397827,15.4301996231079,15.2411003112793,15.3197002410889,0,15.3197002410889,"SouthAfrica"
2019-08-28,15.3868999481201,15.4792995452881,15.2467002868652,15.3965997695923,0,15.3965997695923,"SouthAfrica"
2019-08-29,15.3222999572754,15.3414001464844,15.1569995880127,15.3116998672485,0,15.3116998672485,"SouthAfrica"
2019-09-01,15.2208003997803,15.2366895675659,15.1176996231079,15.2202997207642,0,15.2202997207642,"SouthAfrica"
2019-09-02,15.233099937439,15.2861995697021,15.0819997787476,15.2341995239258,0,15.2341995239258,"SouthAfrica"
2019-09-03,15.1044998168945,15.1044998168945,14.7809000015259,15.1014995574951,0,15.1014995574951,"SouthAfrica"
2019-09-04,14.7948999404907,14.8706998825073,14.7253999710083,14.7943000793457,0,14.7943000793457,"SouthAfrica"
2019-09-05,14.8611001968384,14.8911800384521,14.7095003128052,14.8638000488281,0,14.8638000488281,"SouthAfrica"
2019-09-08,14.7877998352051,14.8112001419067,14.6581001281738,14.7896003723145,0,14.7896003723145,"SouthAfrica"
2019-09-09,14.7565002441406,14.7789001464844,14.6449003219604,14.7580003738403,0,14.7580003738403,"SouthAfrica"
2019-09-10,14.6561002731323,14.7616500854492,14.5956001281738,14.6550998687744,0,14.6550998687744,"SouthAfrica"
2019-09-11,14.6738901138306,14.6828002929688,14.5443000793457,14.6760997772217,0,14.6760997772217,"SouthAfrica"
2019-09-12,14.5871000289917,14.602499961853,14.4904003143311,14.5876998901367,0,14.5876998901367,"SouthAfrica"
2019-09-15,14.6224002838135,14.7082004547119,14.5822296142578,14.6220998764038,0,14.6220998764038,"SouthAfrica"
2019-09-16,14.652099609375,14.8304996490479,14.6490001678467,14.6541996002197,0,14.6541996002197,"SouthAfrica"
2019-09-17,14.6935997009277,14.7062997817993,14.5930004119873,14.6925001144409,0,14.6925001144409,"SouthAfrica"
2019-09-18,14.6801996231079,14.7266998291016,14.599100112915,14.6765003204346,0,14.6765003204346,"SouthAfrica"
2019-09-19,14.8074998855591,14.9523000717163,14.7175998687744,14.8023996353149,0,14.8023996353149,"SouthAfrica"
2019-09-22,14.9163999557495,14.9619998931885,14.8267002105713,14.9063997268677,0,14.9063997268677,"SouthAfrica"
2019-09-23,14.8871002197266,14.9391002655029,14.8269996643066,14.881799697876,0,14.881799697876,"SouthAfrica"
2019-09-24,14.8515996932983,15.061149597168,14.8465995788574,14.8516998291016,0,14.8516998291016,"SouthAfrica"
2019-09-25,14.9833002090454,15.0797996520996,14.9280004501343,14.9822998046875,0,14.9822998046875,"SouthAfrica"
2019-09-26,15.0284004211426,15.1794996261597,15.0107002258301,15.0180997848511,0,15.0180997848511,"SouthAfrica"
2019-09-29,15.1320104598999,15.2143001556396,15.1141004562378,15.1217002868652,0,15.1217002868652,"SouthAfrica"
2019-09-30,15.1421804428101,15.3600997924805,15.1194000244141,15.1369800567627,0,15.1369800567627,"SouthAfrica"
2019-10-01,15.3219003677368,15.3938999176025,15.1990995407104,15.3222999572754,0,15.3222999572754,"SouthAfrica"
2019-10-02,15.2688999176025,15.2913999557495,15.1113996505737,15.266900062561,0,15.266900062561,"SouthAfrica"
2019-10-03,15.1203002929688,15.1858997344971,15.0170001983643,15.120400428772,0,15.120400428772,"SouthAfrica"
2019-10-06,15.0669002532959,15.1740598678589,15.0177001953125,15.0670003890991,0,15.0670003890991,"SouthAfrica"
2019-10-07,15.1690998077393,15.2938499450684,15.0768995285034,15.1673002243042,0,15.1673002243042,"SouthAfrica"
2019-10-08,15.2683000564575,15.2877998352051,15.1236000061035,15.2736501693726,0,15.2736501693726,"SouthAfrica"
2019-10-09,15.2000999450684,15.2172803878784,15.0062999725342,15.2012996673584,0,15.2012996673584,"SouthAfrica"
2019-10-10,15.0143003463745,15.0317497253418,14.733099937439,15.0164003372192,0,15.0164003372192,"SouthAfrica"
2019-10-13,14.7733001708984,14.8608903884888,14.7150001525879,14.7728996276855,0,14.7728996276855,"SouthAfrica"
2019-10-14,14.8148698806763,14.9018497467041,14.752200126648,14.8041000366211,0,14.8041000366211,"SouthAfrica"
2019-10-15,14.8691997528076,15.0392999649048,14.8607997894287,14.8689002990723,0,14.8689002990723,"SouthAfrica"
2019-10-16,14.9287004470825,14.9575004577637,14.756199836731,14.9288997650146,0,14.9288997650146,"SouthAfrica"
2019-10-17,14.8180999755859,14.8492298126221,14.7315998077393,14.8189001083374,0,14.8189001083374,"SouthAfrica"
2019-10-20,14.7679500579834,14.8004999160767,14.7236995697021,14.7523002624512,0,14.7523002624512,"SouthAfrica"
2019-10-21,14.7545003890991,14.7681999206543,14.5913000106812,14.7545003890991,0,14.7545003890991,"SouthAfrica"
2019-10-22,14.5780000686646,14.7029495239258,14.5749998092651,14.5777997970581,0,14.5777997970581,"SouthAfrica"
2019-10-23,14.6421298980713,14.6651000976562,14.5778999328613,14.6391897201538,0,14.6391897201538,"SouthAfrica"
2019-10-24,14.6824598312378,14.6982002258301,14.5565004348755,14.6765003204346,0,14.6765003204346,"SouthAfrica"
2019-10-28,14.6099004745483,14.6301498413086,14.5093002319336,14.6197996139526,0,14.6197996139526,"SouthAfrica"
2019-10-29,14.5649995803833,14.7069501876831,14.5183000564575,14.5650997161865,0,14.5650997161865,"SouthAfrica"
2019-10-30,14.6110000610352,15.0686502456665,14.5916996002197,14.6199998855591,0,14.6199998855591,"SouthAfrica"
2019-10-31,14.9816999435425,15.1806001663208,14.9366998672485,14.9709997177124,0,14.9709997177124,"SouthAfrica"
2019-11-01,15.1000003814697,15.1533203125,14.9856796264648,15.0934000015259,0,15.0934000015259,"SouthAfrica"
2019-11-04,14.8410997390747,14.8620700836182,14.7243003845215,14.8403997421265,0,14.8403997421265,"SouthAfrica"
2019-11-05,14.7777996063232,14.8229999542236,14.6745004653931,14.7687997817993,0,14.7687997817993,"SouthAfrica"
2019-11-06,14.742600440979,14.8654003143311,14.7146997451782,14.7468004226685,0,14.7468004226685,"SouthAfrica"
2019-11-07,14.8128004074097,14.8419303894043,14.7020998001099,14.8049001693726,0,14.8049001693726,"SouthAfrica"
2019-11-08,14.7152996063232,14.8599004745483,14.707799911499,14.7150001525879,0,14.7150001525879,"SouthAfrica"
2019-11-11,14.8523998260498,14.9588003158569,14.8369998931885,14.8534603118896,0,14.8534603118896,"SouthAfrica"
2019-11-12,14.8844995498657,14.9300003051758,14.7973003387451,14.8824996948242,0,14.8824996948242,"SouthAfrica"
2019-11-13,14.927490234375,15.000599861145,14.8973999023438,14.9263000488281,0,14.9263000488281,"SouthAfrica"
2019-11-14,14.9093999862671,14.9662504196167,14.7782497406006,14.8985004425049,0,14.8985004425049,"SouthAfrica"
2019-11-15,14.8090000152588,14.8256702423096,14.6559000015259,14.820050239563,0,14.820050239563,"SouthAfrica"
2019-11-18,14.7091503143311,14.8242998123169,14.6709899902344,14.7072095870972,0,14.7072095870972,"SouthAfrica"
2019-11-19,14.7783002853394,14.8310699462891,14.7037000656128,14.8073997497559,0,14.8073997497559,"SouthAfrica"
2019-11-20,14.756799697876,14.856650352478,14.7343997955322,14.7559995651245,0,14.7559995651245,"SouthAfrica"
2019-11-21,14.7885503768921,14.7927503585815,14.6414003372192,14.7829999923706,0,14.7829999923706,"SouthAfrica"
2019-11-22,14.6712999343872,14.722749710083,14.5862998962402,14.6731004714966,0,14.6731004714966,"SouthAfrica"
2019-11-25,14.7093000411987,14.791600227356,14.6445999145508,14.6993999481201,0,14.6993999481201,"SouthAfrica"
2019-11-26,14.7637395858765,14.8476696014404,14.734299659729,14.7573003768921,0,14.7573003768921,"SouthAfrica"
2019-11-27,14.7898998260498,14.8283596038818,14.6840000152588,14.7791996002197,0,14.7791996002197,"SouthAfrica"
2019-11-28,14.7699003219604,14.7880001068115,14.7189998626709,14.7594003677368,0,14.7594003677368,"SouthAfrica"
2019-11-29,14.7025995254517,14.7560997009277,14.6078996658325,14.7006998062134,0,14.7006998062134,"SouthAfrica"
2019-12-02,14.6422700881958,14.7121000289917,14.5474996566772,14.6487703323364,0,14.6487703323364,"SouthAfrica"
2019-12-03,14.533200263977,14.6934995651245,14.5132398605347,14.5460901260376,0,14.5460901260376,"SouthAfrica"
2019-12-04,14.6197004318237,14.6547002792358,14.4961004257202,14.6325998306274,0,14.6325998306274,"SouthAfrica"
2019-12-05,14.5773000717163,14.6911497116089,14.5462999343872,14.5803003311157,0,14.5803003311157,"SouthAfrica"
2019-12-06,14.6260004043579,14.6700000762939,14.5740003585815,14.6248998641968,0,14.6248998641968,"SouthAfrica"
2019-12-09,14.611310005188,14.6894998550415,14.564700126648,14.6112899780273,0,14.6112899780273,"SouthAfrica"
2019-12-10,14.6665000915527,14.8645000457764,14.614800453186,14.6667003631592,0,14.6667003631592,"SouthAfrica"
2019-12-11,14.7742004394531,14.8126001358032,14.6969003677368,14.7740697860718,0,14.7740697860718,"SouthAfrica"
2019-12-12,14.6634998321533,14.6997003555298,14.4934997558594,14.6761999130249,0,14.6761999130249,"SouthAfrica"
2019-12-13,14.4134998321533,14.5466995239258,14.3612003326416,14.4126996994019,0,14.4126996994019,"SouthAfrica"
2019-12-16,14.5253000259399,14.5256996154785,14.3622999191284,14.523099899292,0,14.523099899292,"SouthAfrica"
2019-12-17,14.3776302337646,14.4366998672485,14.3374004364014,14.3783397674561,0,14.3783397674561,"SouthAfrica"
2019-12-18,14.3942003250122,14.4511499404907,14.2576999664307,14.3873300552368,0,14.3873300552368,"SouthAfrica"
2019-12-19,14.2948999404907,14.355299949646,14.2023000717163,14.2949895858765,0,14.2949895858765,"SouthAfrica"
2019-12-20,14.2233800888062,14.265700340271,14.1522998809814,14.2138996124268,0,14.2138996124268,"SouthAfrica"
2019-12-23,14.2678899765015,14.2716999053955,14.1735000610352,14.2615003585815,0,14.2615003585815,"SouthAfrica"
2019-12-24,14.2111396789551,14.2381496429443,14.1084003448486,14.1990995407104,0,14.1990995407104,"SouthAfrica"
2019-12-25,14.1497001647949,14.167670249939,13.0530996322632,14.149510383606,0,14.149510383606,"SouthAfrica"
2019-12-26,14.1471004486084,14.1741504669189,14.1206998825073,14.1508502960205,0,14.1508502960205,"SouthAfrica"
2019-12-27,14.1268997192383,14.1383104324341,13.9780902862549,14.1311702728271,0,14.1311702728271,"SouthAfrica"
2019-12-30,14.0513000488281,14.1034002304077,13.9505996704102,14.0508899688721,0,14.0508899688721,"SouthAfrica"
2019-12-31,14.0982999801636,14.1265897750854,13.972149848938,14.0985898971558,0,14.0985898971558,"SouthAfrica"
2020-01-01,13.9959001541138,13.9991998672485,13.5212001800537,13.9959001541138,0,13.9959001541138,"SouthAfrica"
2020-01-02,13.9951000213623,14.1314001083374,13.9193000793457,14.0029201507568,0,14.0029201507568,"SouthAfrica"
2020-01-03,14.0886001586914,14.3649997711182,14.0729999542236,14.0780000686646,0,14.0780000686646,"SouthAfrica"
2020-01-06,14.3205003738403,14.3663997650146,14.2000999450684,14.3182497024536,0,14.3182497024536,"SouthAfrica"
2020-01-07,14.2018003463745,14.3376998901367,14.1259002685547,14.2026996612549,0,14.2026996612549,"SouthAfrica"
2020-01-08,14.3619003295898,14.4433002471924,14.1592998504639,14.3551998138428,0,14.3551998138428,"SouthAfrica"
2020-01-09,14.1660995483398,14.2281999588013,14.0923004150391,14.1564903259277,0,14.1564903259277,"SouthAfrica"
2020-01-10,14.2129001617432,14.293399810791,14.164400100708,14.2129001617432,0,14.2129001617432,"SouthAfrica"
2020-01-13,14.3219203948975,14.4703998565674,14.2904996871948,14.3301496505737,0,14.3301496505737,"SouthAfrica"
2020-01-14,14.380820274353,14.4905996322632,14.3475999832153,14.378399848938,0,14.378399848938,"SouthAfrica"
2020-01-15,14.4007997512817,14.4309997558594,14.3254995346069,14.3996000289917,0,14.3996000289917,"SouthAfrica"
2020-01-16,14.3783102035522,14.4391002655029,14.3436002731323,14.3787002563477,0,14.3787002563477,"SouthAfrica"
2020-01-17,14.4100999832153,14.4903001785278,14.3458995819092,14.4017696380615,0,14.4017696380615,"SouthAfrica"
2020-01-20,14.4766502380371,14.5682001113892,14.4231996536255,14.4774904251099,0,14.4774904251099,"SouthAfrica"
2020-01-21,14.4940795898438,14.5944004058838,14.4476003646851,14.4918003082275,0,14.4918003082275,"SouthAfrica"
2020-01-22,14.4939002990723,14.5003995895386,14.3168001174927,14.4819002151489,0,14.4819002151489,"SouthAfrica"
2020-01-23,14.3378000259399,14.4382696151733,14.2617998123169,14.3290004730225,0,14.3290004730225,"SouthAfrica"
2020-01-24,14.3689002990723,14.4531002044678,14.2992000579834,14.3676996231079,0,14.3676996231079,"SouthAfrica"
2020-01-27,14.4491100311279,14.6504697799683,14.3939695358276,14.4493598937988,0,14.4493598937988,"SouthAfrica"
2020-01-28,14.5785999298096,14.7047996520996,14.5277996063232,14.5803003311157,0,14.5803003311157,"SouthAfrica"
2020-01-29,14.5417003631592,14.6294803619385,14.4984703063965,14.542799949646,0,14.542799949646,"SouthAfrica"
2020-01-30,14.5931997299194,14.8193998336792,14.5902996063232,14.5916996002197,0,14.5916996002197,"SouthAfrica"
2020-01-31,14.7547998428345,14.999719619751,14.7277002334595,14.7402000427246,0,14.7402000427246,"SouthAfrica"
2020-02-03,14.9970397949219,15.003399848938,14.8304004669189,14.9974098205566,0,14.9974098205566,"SouthAfrica"
2020-02-04,14.8759002685547,14.8865900039673,14.7137002944946,14.8663997650146,0,14.8663997650146,"SouthAfrica"
2020-02-05,14.7665004730225,14.833550453186,14.665379524231,14.7674903869629,0,14.7674903869629,"SouthAfrica"
2020-02-06,14.7487001419067,14.9216995239258,14.6972703933716,14.7419996261597,0,14.7419996261597,"SouthAfrica"
2020-02-07,14.9015998840332,15.111499786377,14.8641996383667,14.9033298492432,0,14.9033298492432,"SouthAfrica"
2020-02-10,15.0749998092651,15.092679977417,14.9652996063232,15.0710000991821,0,15.0710000991821,"SouthAfrica"
2020-02-11,14.9551000595093,14.9766998291016,14.799599647522,14.9534997940063,0,14.9534997940063,"SouthAfrica"
2020-02-12,14.8030195236206,14.8878002166748,14.7299995422363,14.791600227356,0,14.791600227356,"SouthAfrica"
2020-02-13,14.870400428772,14.9619998931885,14.8214998245239,14.8655004501343,0,14.8655004501343,"SouthAfrica"
2020-02-14,14.9289999008179,14.9502201080322,14.8205995559692,14.9049596786499,0,14.9049596786499,"SouthAfrica"
2020-02-17,14.8847999572754,15.0160999298096,14.8341999053955,14.8814001083374,0,14.8814001083374,"SouthAfrica"
2020-02-18,14.9755096435547,15.082799911499,14.9596996307373,14.975700378418,0,14.975700378418,"SouthAfrica"
2020-02-19,15.0006999969482,15.010290145874,14.9111003875732,15.0016002655029,0,15.0016002655029,"SouthAfrica"
2020-02-20,14.9760999679565,15.1669397354126,14.9684000015259,14.9822998046875,0,14.9822998046875,"SouthAfrica"
2020-02-21,15.1073999404907,15.1824502944946,14.9356002807617,15.1139001846313,0,15.1139001846313,"SouthAfrica"
2020-02-24,15.0733003616333,15.1814002990723,15.0261001586914,15.0599899291992,0,15.0599899291992,"SouthAfrica"
2020-02-25,15.1288995742798,15.2410001754761,15.0438995361328,15.1134004592896,0,15.1134004592896,"SouthAfrica"
2020-02-26,15.2164001464844,15.3369998931885,15.0523996353149,15.2149801254272,0,15.2149801254272,"SouthAfrica"
2020-02-27,15.2680997848511,15.4831600189209,15.2257995605469,15.2700004577637,0,15.2700004577637,"SouthAfrica"
2020-02-28,15.4738998413086,15.7390003204346,15.4664297103882,15.4700002670288,0,15.4700002670288,"SouthAfrica"
2020-03-02,15.7597999572754,15.7641496658325,15.458399772644,15.7583999633789,0,15.7583999633789,"SouthAfrica"
2020-03-03,15.3936700820923,15.6178998947144,15.2138004302979,15.3949003219604,0,15.3949003219604,"SouthAfrica"
2020-03-04,15.3992004394531,15.4196996688843,15.2160997390747,15.3993997573853,0,15.3993997573853,"SouthAfrica"
2020-03-05,15.2531995773315,15.5800504684448,15.2298002243042,15.2545003890991,0,15.2545003890991,"SouthAfrica"
2020-03-06,15.5780401229858,15.7645998001099,15.5357999801636,15.5860004425049,0,15.5860004425049,"SouthAfrica"
2020-03-09,16.023099899292,16.8455009460449,14.7180995941162,16.0649299621582,0,16.0649299621582,"SouthAfrica"
2020-03-10,16.0499992370605,16.1009998321533,14.8739995956421,16.0510101318359,0,16.0510101318359,"SouthAfrica"
2020-03-11,15.9514999389648,16.167350769043,15.4348001480103,15.9456996917725,0,15.9456996917725,"SouthAfrica"
2020-03-12,16.2455997467041,16.5323009490967,15.8570003509521,16.2483997344971,0,16.2483997344971,"SouthAfrica"
2020-03-13,16.5631008148193,16.600700378418,16.0251998901367,16.5618000030518,0,16.5618000030518,"SouthAfrica"
2020-03-16,16.2733001708984,16.7329006195068,15.6951999664307,16.2471599578857,0,16.2471599578857,"SouthAfrica"
2020-03-17,16.5974998474121,16.7273006439209,16.050500869751,16.5984992980957,0,16.5984992980957,"SouthAfrica"
2020-03-18,16.5464897155762,17.101390838623,15.8056001663208,16.524299621582,0,16.524299621582,"SouthAfrica"
2020-03-19,17.0811004638672,17.5200004577637,15.9441003799438,17.092529296875,0,17.092529296875,"SouthAfrica"
2020-03-20,17.3812198638916,17.5376091003418,16.1529006958008,17.3419895172119,0,17.3419895172119,"SouthAfrica"
2020-03-23,17.6724491119385,17.8778991699219,17.0556907653809,17.6724491119385,0,17.6724491119385,"SouthAfrica"
2020-03-24,17.7544002532959,17.7707996368408,17.4041004180908,17.755199432373,0,17.755199432373,"SouthAfrica"
2020-03-25,17.5268497467041,17.6059799194336,17.261999130249,17.4951000213623,0,17.4951000213623,"SouthAfrica"
2020-03-26,17.2751998901367,17.6007995605469,17.2320003509521,17.2763996124268,0,17.2763996124268,"SouthAfrica"
2020-03-27,17.2980003356934,17.6436004638672,17.260799407959,17.2994003295898,0,17.2994003295898,"SouthAfrica"
2020-03-29,17.8959503173828,18.0126991271973,17.6965007781982,17.9018402099609,0,17.9018402099609,"SouthAfrica"
2020-03-30,17.9220008850098,18.0296993255615,17.710599899292,17.9209003448486,0,17.9209003448486,"SouthAfrica"
2020-03-31,17.8206996917725,18.1364994049072,17.7112998962402,17.7423000335693,0,17.7423000335693,"SouthAfrica"
2020-04-01,18.2439002990723,18.6471996307373,18.0216007232666,18.1294002532959,0,18.1294002532959,"SouthAfrica"
2020-04-02,18.4724006652832,19.011100769043,18.4120998382568,18.4719009399414,0,18.4719009399414,"SouthAfrica"
2020-04-05,19.2481002807617,19.3511295318604,18.6525001525879,19.2486000061035,0,19.2486000061035,"SouthAfrica"
2020-04-06,18.6619892120361,18.7110900878906,18.0930995941162,18.5868606567383,0,18.5868606567383,"SouthAfrica"
2020-04-07,18.2360000610352,18.4373207092285,18.1233005523682,18.2318992614746,0,18.2318992614746,"SouthAfrica"
2020-04-08,18.1996002197266,18.256139755249,17.8372001647949,18.2005004882812,0,18.2005004882812,"SouthAfrica"
2020-04-09,17.8959007263184,18.0564403533936,17.8959007263184,18.031099319458,0,18.031099319458,"SouthAfrica"
2020-04-12,18.0170993804932,18.1774997711182,17.9173908233643,18.0270404815674,0,18.0270404815674,"SouthAfrica"
2020-04-13,18.1173000335693,18.4143009185791,17.8509006500244,18.0967998504639,0,18.0967998504639,"SouthAfrica"
2020-04-14,18.2940006256104,18.8106002807617,18.261999130249,18.2903003692627,0,18.2903003692627,"SouthAfrica"
2020-04-15,18.6640701293945,18.7205600738525,18.4923000335693,18.6562004089355,0,18.6562004089355,"SouthAfrica"
2020-04-16,18.6658992767334,18.9237499237061,18.6044998168945,18.6620597839355,0,18.6620597839355,"SouthAfrica"
2020-04-19,18.8041706085205,18.9372005462646,18.6893005371094,18.7987995147705,0,18.7987995147705,"SouthAfrica"
2020-04-20,18.7688999176025,19.0988998413086,18.7511005401611,18.774299621582,0,18.774299621582,"SouthAfrica"
2020-04-21,18.9733009338379,19.0545406341553,18.715799331665,18.9561996459961,0,18.9561996459961,"SouthAfrica"
2020-04-22,18.9841003417969,19.1701393127441,18.8736991882324,18.9846096038818,0,18.9846096038818,"SouthAfrica"
2020-04-23,19.05419921875,19.1643505096436,18.8355808258057,19.1018009185791,0,19.1018009185791,"SouthAfrica"
2020-04-26,19.0290699005127,19.0342998504639,18.7520008087158,19.020299911499,0,19.020299911499,"SouthAfrica"
2020-04-27,18.805700302124,18.8666000366211,18.5520305633545,18.8014698028564,0,18.8014698028564,"SouthAfrica"
2020-04-28,18.5872001647949,18.5920696258545,18.2509498596191,18.588399887085,0,18.588399887085,"SouthAfrica"
2020-04-29,18.142520904541,18.4751892089844,18.0132007598877,18.1448993682861,0,18.1448993682861,"SouthAfrica"
2020-04-30,18.5204200744629,18.8766994476318,18.4671993255615,18.5344696044922,0,18.5344696044922,"SouthAfrica"
2020-05-03,18.9046497344971,18.9395198822021,18.5928993225098,18.9142093658447,0,18.9142093658447,"SouthAfrica"
2020-05-04,18.4540996551514,18.5026092529297,18.2668991088867,18.4545001983643,0,18.4545001983643,"SouthAfrica"
2020-05-05,18.4547004699707,18.8265991210938,18.3393001556396,18.4722003936768,0,18.4722003936768,"SouthAfrica"
2020-05-06,18.761100769043,18.7775192260742,18.5116996765137,18.8118801116943,0,18.8118801116943,"SouthAfrica"
2020-05-07,18.5200996398926,18.575439453125,18.293399810791,18.521900177002,0,18.521900177002,"SouthAfrica"
2020-05-10,18.3232097625732,18.4570693969727,18.2134990692139,18.3201999664307,0,18.3201999664307,"SouthAfrica"
2020-05-11,18.3990802764893,18.5167598724365,18.1721000671387,18.4018001556396,0,18.4018001556396,"SouthAfrica"
2020-05-12,18.3994007110596,18.547399520874,18.2453994750977,18.4067001342773,0,18.4067001342773,"SouthAfrica"
2020-05-13,18.4617004394531,18.7517108917236,18.452299118042,18.4675006866455,0,18.4675006866455,"SouthAfrica"
2020-05-14,18.3976001739502,18.6044597625732,18.3346996307373,18.4230003356934,0,18.4230003356934,"SouthAfrica"
2020-05-17,18.5655002593994,18.5765991210938,18.3384990692139,18.5671005249023,0,18.5671005249023,"SouthAfrica"
2020-05-18,18.3381996154785,18.3713798522949,18.1615009307861,18.3360004425049,0,18.3360004425049,"SouthAfrica"
2020-05-19,18.3281593322754,18.3490104675293,17.9235992431641,18.3227005004883,0,18.3227005004883,"SouthAfrica"
2020-05-20,17.9158992767334,18.0410194396973,17.5158996582031,17.9173908233643,0,17.9173908233643,"SouthAfrica"
2020-05-21,17.5764598846436,17.8706607818604,17.5307006835938,17.5713005065918,0,17.5713005065918,"SouthAfrica"
2020-05-24,17.5583000183105,17.7226390838623,17.5235996246338,17.5578994750977,0,17.5578994750977,"SouthAfrica"
2020-05-25,17.6294994354248,17.6386795043945,17.3187999725342,17.6352005004883,0,17.6352005004883,"SouthAfrica"
2020-05-26,17.3885707855225,17.5277805328369,17.3465003967285,17.3808002471924,0,17.3808002471924,"SouthAfrica"
2020-05-27,17.3488998413086,17.4713001251221,17.2833003997803,17.3411197662354,0,17.3411197662354,"SouthAfrica"
2020-05-28,17.4699001312256,17.6537990570068,17.4134998321533,17.4773006439209,0,17.4773006439209,"SouthAfrica"
2020-05-31,17.5657005310059,17.5754795074463,17.3076000213623,17.5634994506836,0,17.5634994506836,"SouthAfrica"
2020-06-01,17.364200592041,17.4703693389893,17.0863990783691,17.3825607299805,0,17.3825607299805,"SouthAfrica"
2020-06-02,17.1418991088867,17.1535797119141,16.8782005310059,17.1514892578125,0,17.1514892578125,"SouthAfrica"
2020-06-03,16.8838996887207,17.0641994476318,16.8370990753174,16.8953990936279,0,16.8953990936279,"SouthAfrica"
2020-06-04,16.87619972229,16.9228496551514,16.7082004547119,16.8752002716064,0,16.8752002716064,"SouthAfrica"
2020-06-07,16.7614498138428,16.8710594177246,16.7122001647949,16.7509994506836,0,16.7509994506836,"SouthAfrica"
2020-06-08,16.6364994049072,16.8966007232666,16.6212005615234,16.6506004333496,0,16.6506004333496,"SouthAfrica"
2020-06-09,16.5872001647949,16.659200668335,16.5114994049072,16.5835990905762,0,16.5835990905762,"SouthAfrica"
2020-06-10,16.5034999847412,17.1278095245361,16.487699508667,16.4915008544922,0,16.4915008544922,"SouthAfrica"
2020-06-11,17.1732006072998,17.2940502166748,16.9137001037598,17.1998291015625,0,17.1998291015625,"SouthAfrica"
2020-06-14,17.1695003509521,17.3295001983643,17.1184005737305,17.1733493804932,0,17.1733493804932,"SouthAfrica"
2020-06-15,17.0874195098877,17.2613201141357,16.8951091766357,17.089750289917,0,17.089750289917,"SouthAfrica"
2020-06-16,17.1546001434326,17.2777996063232,17.0764007568359,17.1660003662109,0,17.1660003662109,"SouthAfrica"
2020-06-17,17.1261005401611,17.5035305023193,17.1254005432129,17.1810207366943,0,17.1810207366943,"SouthAfrica"
2020-06-18,17.3645992279053,17.4797496795654,17.2688007354736,17.3703994750977,0,17.3703994750977,"SouthAfrica"
2020-06-21,17.3848991394043,17.4272003173828,17.2404003143311,17.386100769043,0,17.386100769043,"SouthAfrica"
2020-06-22,17.2595996856689,17.4713497161865,17.1758003234863,17.2558002471924,0,17.2558002471924,"SouthAfrica"
2020-06-23,17.1952095031738,17.4234008789062,17.1191005706787,17.1867008209229,0,17.1867008209229,"SouthAfrica"
2020-06-24,17.3829002380371,17.5241508483887,17.2264003753662,17.3924999237061,0,17.3924999237061,"SouthAfrica"
2020-06-25,17.1263008117676,17.3643207550049,17.0948009490967,17.1273002624512,0,17.1273002624512,"SouthAfrica"
2020-06-28,17.2921905517578,17.3369007110596,17.1784000396729,17.298900604248,0,17.298900604248,"SouthAfrica"
2020-06-29,17.2420997619629,17.4059600830078,17.2213001251221,17.2192001342773,0,17.2192001342773,"SouthAfrica"
2020-06-30,17.3293991088867,17.3719997406006,17.0421009063721,17.3419208526611,0,17.3419208526611,"SouthAfrica"
2020-07-01,17.0354995727539,17.0599193572998,16.8295993804932,17.0393009185791,0,17.0393009185791,"SouthAfrica"
2020-07-02,16.9841003417969,17.1037006378174,16.9069004058838,16.9552993774414,0,16.9552993774414,"SouthAfrica"
2020-07-05,17.0453701019287,17.0644397735596,16.8850002288818,17.0416698455811,0,17.0416698455811,"SouthAfrica"
2020-07-06,16.951099395752,17.1798000335693,16.8988990783691,16.9796504974365,0,16.9796504974365,"SouthAfrica"
2020-07-07,17.1639995574951,17.2025508880615,16.9543991088867,17.1621494293213,0,17.1621494293213,"SouthAfrica"
2020-07-08,16.9195995330811,16.9629497528076,16.786600112915,16.9016990661621,0,16.9016990661621,"SouthAfrica"
2020-07-09,16.8108997344971,16.9650096893311,16.7366008758545,16.8249702453613,0,16.8249702453613,"SouthAfrica"
2020-07-12,16.7940006256104,16.8131008148193,16.6575603485107,16.8074493408203,0,16.8074493408203,"SouthAfrica"
2020-07-13,16.8026008605957,16.8822002410889,16.7322006225586,16.7858009338379,0,16.7858009338379,"SouthAfrica"
2020-07-14,16.6819000244141,16.7134494781494,16.5006999969482,16.683500289917,0,16.683500289917,"SouthAfrica"
2020-07-15,16.5510997772217,16.7180194854736,16.5510997772217,16.5727996826172,0,16.5727996826172,"SouthAfrica"
2020-07-16,16.7366409301758,16.7537994384766,16.6273994445801,16.7259998321533,0,16.7259998321533,"SouthAfrica"
2020-07-19,16.6736297607422,16.7564296722412,16.6378993988037,16.6602993011475,0,16.6602993011475,"SouthAfrica"
2020-07-20,16.5916004180908,16.6368503570557,16.4316005706787,16.6169300079346,0,16.6169300079346,"SouthAfrica"
2020-07-21,16.3756999969482,16.5181999206543,16.345100402832,16.3838996887207,0,16.3838996887207,"SouthAfrica"
2020-07-22,16.4754505157471,16.681999206543,16.3964004516602,16.4797496795654,0,16.4797496795654,"SouthAfrica"
2020-07-23,16.6117000579834,16.7896995544434,16.5842990875244,16.6341991424561,0,16.6341991424561,"SouthAfrica"
2020-07-26,16.6569995880127,16.6688899993896,16.3815002441406,16.6623001098633,0,16.6623001098633,"SouthAfrica"
2020-07-27,16.3861999511719,16.5990009307861,16.3360996246338,16.3883991241455,0,16.3883991241455,"SouthAfrica"
2020-07-28,16.4867000579834,16.5569496154785,16.3798999786377,16.4708995819092,0,16.4708995819092,"SouthAfrica"
2020-07-29,16.5109004974365,16.9400997161865,16.5109004974365,16.5481796264648,0,16.5481796264648,"SouthAfrica"
2020-07-30,16.7095508575439,17.0637092590332,16.6609001159668,16.7250995635986,0,16.7250995635986,"SouthAfrica"
2020-08-02,17.0336093902588,17.3398990631104,16.2763004302979,17.0223808288574,0,17.0223808288574,"SouthAfrica"
2020-08-03,17.1972999572754,17.5198993682861,17.1079006195068,17.1860008239746,0,17.1860008239746,"SouthAfrica"
2020-08-04,17.3321990966797,17.3770503997803,17.1676502227783,17.3523693084717,0,17.3523693084717,"SouthAfrica"
2020-08-05,17.2693004608154,17.6610794067383,17.2138996124268,17.3241996765137,0,17.3241996765137,"SouthAfrica"
2020-08-06,17.4157009124756,17.6575794219971,17.4057693481445,17.417200088501,0,17.417200088501,"SouthAfrica"
2020-08-09,17.6690692901611,17.7756004333496,17.5715007781982,17.668550491333,0,17.668550491333,"SouthAfrica"
2020-08-10,17.6978492736816,17.7301006317139,17.4724998474121,17.6569004058838,0,17.6569004058838,"SouthAfrica"
2020-08-11,17.4815006256104,17.5712795257568,17.3419990539551,17.4913005828857,0,17.4913005828857,"SouthAfrica"
2020-08-12,17.4573593139648,17.4962997436523,17.353099822998,17.451099395752,0,17.451099395752,"SouthAfrica"
2020-08-13,17.4241504669189,17.4916000366211,17.3249492645264,17.4081993103027,0,17.4081993103027,"SouthAfrica"
2020-08-16,17.3527698516846,17.4869003295898,17.3073997497559,17.362699508667,0,17.362699508667,"SouthAfrica"
2020-08-17,17.5044898986816,17.5308208465576,17.284200668335,17.4995002746582,0,17.4995002746582,"SouthAfrica"
2020-08-18,17.2966003417969,17.3390197753906,17.1117000579834,17.3074703216553,0,17.3074703216553,"SouthAfrica"
2020-08-19,17.2542991638184,17.3426990509033,17.1770992279053,17.2500991821289,0,17.2500991821289,"SouthAfrica"
2020-08-20,17.2098999023438,17.3120307922363,17.0974998474121,17.2437496185303,0,17.2437496185303,"SouthAfrica"
2020-08-23,17.1256999969482,17.1439399719238,16.8922004699707,17.1401996612549,0,17.1401996612549,"SouthAfrica"
2020-08-24,16.9535999298096,16.9708995819092,16.7152004241943,16.9593505859375,0,16.9593505859375,"SouthAfrica"
2020-08-25,16.7945003509521,16.9786605834961,16.7441005706787,16.8163108825684,0,16.8163108825684,"SouthAfrica"
2020-08-26,16.8385105133057,17.0758991241455,16.7852993011475,16.8533000946045,0,16.8533000946045,"SouthAfrica"
2020-08-27,17.0394992828369,17.0489501953125,16.5508995056152,17.0335998535156,0,17.0335998535156,"SouthAfrica"
2020-08-30,16.5568008422852,16.9733009338379,16.5153007507324,16.5708599090576,0,16.5708599090576,"SouthAfrica"
2020-08-31,16.9312992095947,16.9396991729736,16.5576000213623,16.9472198486328,0,16.9472198486328,"SouthAfrica"
2020-09-01,16.6123008728027,16.9197998046875,16.5688991546631,16.6281700134277,0,16.6281700134277,"SouthAfrica"
2020-09-02,16.7984008789062,16.8843002319336,16.6550998687744,16.8052005767822,0,16.8052005767822,"SouthAfrica"
2020-09-03,16.761100769043,16.8115997314453,16.5426998138428,16.7507991790771,0,16.7507991790771,"SouthAfrica"
2020-09-06,16.6084003448486,16.763500213623,16.551700592041,16.6209297180176,0,16.6209297180176,"SouthAfrica"
2020-09-07,16.6821002960205,16.9943008422852,16.6741008758545,16.7015991210938,0,16.7015991210938,"SouthAfrica"
2020-09-08,16.9748992919922,16.9994697570801,16.5862998962402,16.9566993713379,0,16.9566993713379,"SouthAfrica"
2020-09-09,16.614990234375,16.8826999664307,16.5762004852295,16.5837001800537,0,16.5837001800537,"SouthAfrica"
2020-09-10,16.8615207672119,16.8801498413086,16.7066993713379,16.8383007049561,0,16.8383007049561,"SouthAfrica"
2020-09-13,16.7027606964111,16.7341403961182,16.5969009399414,16.7025508880615,0,16.7025508880615,"SouthAfrica"
2020-09-14,16.6518993377686,16.6888198852539,16.4022998809814,16.6469993591309,0,16.6469993591309,"SouthAfrica"
2020-09-15,16.4484996795654,16.4696502685547,16.2546405792236,16.4116992950439,0,16.4116992950439,"SouthAfrica"
2020-09-16,16.2863006591797,16.4318504333496,16.1835994720459,16.2646999359131,0,16.2646999359131,"SouthAfrica"
2020-09-17,16.1672992706299,16.2671508789062,16.0706005096436,16.1301002502441,0,16.1301002502441,"SouthAfrica"
2020-09-20,16.2766990661621,16.9248008728027,16.2103900909424,16.2854900360107,0,16.2854900360107,"SouthAfrica"
2020-09-21,16.7790393829346,16.9528007507324,16.5601005554199,16.7598991394043,0,16.7598991394043,"SouthAfrica"
2020-09-22,16.7014007568359,17.0953006744385,16.6984004974365,16.7654304504395,0,16.7654304504395,"SouthAfrica"
2020-09-23,17.0645008087158,17.2049007415771,16.9428997039795,17.0646991729736,0,17.0646991729736,"SouthAfrica"
2020-09-24,16.9258003234863,17.2376499176025,16.7921009063721,16.9002990722656,0,16.9002990722656,"SouthAfrica"
2020-09-27,17.1203994750977,17.2119998931885,16.9738998413086,17.1105003356934,0,17.1105003356934,"SouthAfrica"
2020-09-28,16.9932994842529,17.1989002227783,16.9022006988525,16.9967002868652,0,16.9967002868652,"SouthAfrica"
2020-09-29,16.9304695129395,17.0157508850098,16.6443996429443,16.9269790649414,0,16.9269790649414,"SouthAfrica"
2020-09-30,16.7221698760986,16.7573699951172,16.547399520874,16.7308006286621,0,16.7308006286621,"SouthAfrica"
2020-10-01,16.4475994110107,16.7774200439453,16.4272994995117,16.4489994049072,0,16.4489994049072,"SouthAfrica"
2020-10-04,16.4594097137451,16.5970001220703,16.3516998291016,16.4589996337891,0,16.4589996337891,"SouthAfrica"
2020-10-05,16.5471000671387,16.673999786377,16.4521999359131,16.5482997894287,0,16.5482997894287,"SouthAfrica"
2020-10-06,16.6849002838135,16.7206001281738,16.5375003814697,16.6882991790771,0,16.6882991790771,"SouthAfrica"
2020-10-07,16.5957107543945,16.6674995422363,16.5480995178223,16.6148109436035,0,16.6148109436035,"SouthAfrica"
2020-10-08,16.5457000732422,16.5769004821777,16.3978996276855,16.575590133667,0,16.575590133667,"SouthAfrica"
2020-10-11,16.5012893676758,16.5736503601074,16.4341106414795,16.49049949646,0,16.49049949646,"SouthAfrica"
2020-10-12,16.4752998352051,16.5814094543457,16.438570022583,16.4925003051758,0,16.4925003051758,"SouthAfrica"
2020-10-13,16.4267997741699,16.5778198242188,16.398099899292,16.4622001647949,0,16.4622001647949,"SouthAfrica"
2020-10-14,16.5284099578857,16.713249206543,16.4762992858887,16.5290908813477,0,16.5290908813477,"SouthAfrica"
2020-10-15,16.6019992828369,16.6712894439697,16.4918003082275,16.5625,0,16.5625,"SouthAfrica"
2020-10-18,16.5172290802002,16.5415706634521,16.4090003967285,16.5065994262695,0,16.5065994262695,"SouthAfrica"
2020-10-19,16.5156402587891,16.5692806243896,16.4372997283936,16.5121994018555,0,16.5121994018555,"SouthAfrica"
2020-10-20,16.4626007080078,16.4676990509033,16.2506008148193,16.4486103057861,0,16.4486103057861,"SouthAfrica"
2020-10-21,16.3059005737305,16.391149520874,16.1965007781982,16.3375797271729,0,16.3375797271729,"SouthAfrica"
2020-10-22,16.1791000366211,16.2824001312256,16.1539001464844,16.1784992218018,0,16.1784992218018,"SouthAfrica"
2020-10-26,16.2203693389893,16.3218994140625,16.1429004669189,16.2186107635498,0,16.2186107635498,"SouthAfrica"
2020-10-27,16.1895999908447,16.2408199310303,16.0781002044678,16.1795997619629,0,16.1795997619629,"SouthAfrica"
2020-10-28,16.1819000244141,16.492000579834,16.1665992736816,16.1860008239746,0,16.1860008239746,"SouthAfrica"
2020-10-29,16.3722496032715,16.4801998138428,16.2546005249023,16.3491992950439,0,16.3491992950439,"SouthAfrica"
2020-10-30,16.3320007324219,16.4503002166748,16.2157096862793,16.3586006164551,0,16.3586006164551,"SouthAfrica"
2020-11-02,16.2700500488281,16.326099395752,16.1784000396729,16.2728500366211,0,16.2728500366211,"SouthAfrica"
2020-11-03,16.1865005493164,16.222749710083,15.9967002868652,16.1756000518799,0,16.1756000518799,"SouthAfrica"
2020-11-04,15.828200340271,16.409049987793,15.8009996414185,16.0091991424561,0,16.0091991424561,"SouthAfrica"
2020-11-05,15.77649974823,15.9760799407959,15.7391996383667,15.864049911499,0,15.864049911499,"SouthAfrica"
2020-11-06,15.6752996444702,15.7996997833252,15.6470003128052,15.6738996505737,0,15.6738996505737,"SouthAfrica"
2020-11-09,15.5850496292114,15.6197004318237,15.2092199325562,15.5920000076294,0,15.5920000076294,"SouthAfrica"
2020-11-10,15.3655996322632,15.6937999725342,15.3620004653931,15.3671998977661,0,15.3671998977661,"SouthAfrica"
2020-11-11,15.5956001281738,15.720100402832,15.5119104385376,15.5893297195435,0,15.5893297195435,"SouthAfrica"
2020-11-12,15.6048002243042,15.7301502227783,15.5249996185303,15.6256504058838,0,15.6256504058838,"SouthAfrica"
2020-11-13,15.6397495269775,15.6799001693726,15.5246000289917,15.6402997970581,0,15.6402997970581,"SouthAfrica"
2020-11-16,15.4991502761841,15.5115003585815,15.3099002838135,15.5014495849609,0,15.5014495849609,"SouthAfrica"
2020-11-17,15.3009004592896,15.4354000091553,15.2770004272461,15.2870903015137,0,15.2870903015137,"SouthAfrica"
2020-11-18,15.3697299957275,15.4766798019409,15.290599822998,15.3318004608154,0,15.3318004608154,"SouthAfrica"
2020-11-19,15.4567499160767,15.5741996765137,15.4333000183105,15.4517402648926,0,15.4517402648926,"SouthAfrica"
2020-11-20,15.4254703521729,15.450400352478,15.2800998687744,15.4294996261597,0,15.4294996261597,"SouthAfrica"
2020-11-23,15.424690246582,15.4607000350952,15.2518997192383,15.4259796142578,0,15.4259796142578,"SouthAfrica"
2020-11-24,15.3591995239258,15.3984298706055,15.203800201416,15.3579998016357,0,15.3579998016357,"SouthAfrica"
2020-11-25,15.1803998947144,15.2839002609253,15.1305999755859,15.1773996353149,0,15.1773996353149,"SouthAfrica"
2020-11-26,15.1327896118164,15.2367095947266,15.0752000808716,15.118579864502,0,15.118579864502,"SouthAfrica"
2020-11-27,15.2086000442505,15.3360004425049,15.1428003311157,15.2089996337891,0,15.2089996337891,"SouthAfrica"
2020-11-30,15.2366504669189,15.4776000976562,15.1930999755859,15.2355499267578,0,15.2355499267578,"SouthAfrica"
2020-12-01,15.418999671936,15.4403400421143,15.2063999176025,15.43630027771,0,15.43630027771,"SouthAfrica"
2020-12-02,15.2374496459961,15.4239301681519,15.2079000473022,15.2432498931885,0,15.2432498931885,"SouthAfrica"
2020-12-03,15.262809753418,15.3632001876831,15.1345996856689,15.2760000228882,0,15.2760000228882,"SouthAfrica"
2020-12-04,15.1610403060913,15.2299995422363,15.1170997619629,15.1674404144287,0,15.1674404144287,"SouthAfrica"
2020-12-07,15.2096500396729,15.2883996963501,15.0864000320435,15.2066497802734,0,15.2066497802734,"SouthAfrica"
2020-12-08,15.1477003097534,15.1927995681763,14.9904699325562,15.1449203491211,0,15.1449203491211,"SouthAfrica"
2020-12-09,14.9697999954224,15.0013198852539,14.867600440979,14.9701995849609,0,14.9701995849609,"SouthAfrica"
2020-12-10,14.9646501541138,15.0937995910645,14.9106998443604,14.9623403549194,0,14.9623403549194,"SouthAfrica"
2020-12-11,15.0226497650146,15.167200088501,14.9812002182007,14.9569997787476,0,14.9569997787476,"SouthAfrica"
2020-12-14,15.0538997650146,15.0906000137329,14.965539932251,15.0424003601074,0,15.0424003601074,"SouthAfrica"
2020-12-15,15.028039932251,15.0611400604248,14.8741998672485,15.0019998550415,0,15.0019998550415,"SouthAfrica"
2020-12-16,14.8814697265625,14.9145498275757,14.8066997528076,14.8824996948242,0,14.8824996948242,"SouthAfrica"
2020-12-17,14.8037996292114,14.8203001022339,14.6541004180908,14.8169002532959,0,14.8169002532959,"SouthAfrica"
2020-12-18,14.6385402679443,14.7114896774292,14.5083999633789,14.629599571228,0,14.629599571228,"SouthAfrica"
2020-12-21,14.717869758606,14.9050998687744,14.5666599273682,14.7164297103882,0,14.7164297103882,"SouthAfrica"
2020-12-22,14.5910997390747,14.6814203262329,14.5532999038696,14.6000003814697,0,14.6000003814697,"SouthAfrica"
2020-12-23,14.6534004211426,14.7008104324341,14.5474004745483,14.6780700683594,0,14.6780700683594,"SouthAfrica"
2020-12-24,14.5900001525879,14.6707000732422,14.5534000396729,14.5927200317383,0,14.5927200317383,"SouthAfrica"
2020-12-25,14.4514904022217,14.6362495422363,14.3589496612549,14.5352001190186,0,14.5352001190186,"SouthAfrica"
2020-12-28,14.6139898300171,14.6496000289917,14.5008001327515,14.6099004745483,0,14.6099004745483,"SouthAfrica"
2020-12-29,14.6367702484131,14.7180004119873,14.5381002426147,14.6229095458984,0,14.6229095458984,"SouthAfrica"
2020-12-30,14.6906003952026,14.7166700363159,14.5669002532959,14.7159004211426,0,14.7159004211426,"SouthAfrica"
2020-12-31,14.6224298477173,14.7112998962402,14.5626001358032,14.641300201416,0,14.641300201416,"SouthAfrica"
2021-01-01,14.4812002182007,14.5904998779297,14.3733901977539,14.4812002182007,0,14.4812002182007,"SouthAfrica"
2021-01-04,14.6623201370239,14.7423000335693,14.496000289917,14.6498498916626,0,14.6498498916626,"SouthAfrica"
2021-01-05,14.711199760437,15.0550003051758,14.6096000671387,14.6753997802734,0,14.6753997802734,"SouthAfrica"
2021-01-06,14.9624004364014,15.131799697876,14.8747997283936,14.9503002166748,0,14.9503002166748,"SouthAfrica"
2021-01-07,15.0347003936768,15.4612998962402,14.9888000488281,15.0307903289795,0,15.0307903289795,"SouthAfrica"
2021-01-08,15.4221000671387,15.4794902801514,15.1983995437622,15.418999671936,0,15.418999671936,"SouthAfrica"
2021-01-11,15.3161497116089,15.6490001678467,15.3058500289917,15.3044500350952,0,15.3044500350952,"SouthAfrica"
2021-01-12,15.5128002166748,15.6066703796387,15.3224296569824,15.509220123291,0,15.509220123291,"SouthAfrica"
2021-01-13,15.1878995895386,15.322380065918,15.1618995666504,15.1922998428345,0,15.1922998428345,"SouthAfrica"
2021-01-14,15.2544403076172,15.2898502349854,15.0961999893188,15.2452201843262,0,15.2452201843262,"SouthAfrica"
2021-01-15,15.0916500091553,15.2953996658325,15.0228996276855,15.0829000473022,0,15.0829000473022,"SouthAfrica"
2021-01-18,15.2465400695801,15.3749799728394,15.1577997207642,15.2250499725342,0,15.2250499725342,"SouthAfrica"
2021-01-19,15.1599702835083,15.1606798171997,14.9216203689575,15.1364002227783,0,15.1364002227783,"SouthAfrica"
2021-01-20,14.9883003234863,14.9954996109009,14.8501996994019,14.9883499145508,0,14.9883499145508,"SouthAfrica"
2021-01-21,14.8619003295898,14.9115200042725,14.7536001205444,14.8825397491455,0,14.8825397491455,"SouthAfrica"
2021-01-22,14.9329996109009,15.1343698501587,14.8956003189087,14.9452695846558,0,14.9452695846558,"SouthAfrica"
2021-01-25,15.1314897537231,15.2694997787476,15.0475997924805,15.1332502365112,0,15.1332502365112,"SouthAfrica"
2021-01-26,15.2135000228882,15.3669004440308,15.0341997146606,15.2144002914429,0,15.2144002914429,"SouthAfrica"
2021-01-27,15.0398101806641,15.2985401153564,15.0159997940063,15.0423603057861,0,15.0423603057861,"SouthAfrica"
2021-01-28,15.2583999633789,15.3690500259399,15.0798997879028,15.2622003555298,0,15.2622003555298,"SouthAfrica"
2021-01-29,15.186900138855,15.2837800979614,14.9518003463745,15.1885004043579,0,15.1885004043579,"SouthAfrica"
2021-02-01,15.178469657898,15.178469657898,14.9601001739502,15.1730003356934,0,15.1730003356934,"SouthAfrica"
2021-02-02,15.015700340271,15.0683698654175,14.8921003341675,15.0573997497559,0,15.0573997497559,"SouthAfrica"
2021-02-03,14.9559202194214,15.019100189209,14.8809604644775,14.910400390625,0,14.910400390625,"SouthAfrica"
2021-02-04,14.9434003829956,15.1199998855591,14.9033899307251,14.8910999298096,0,14.8910999298096,"SouthAfrica"
2021-02-05,14.9731998443604,15.0303297042847,14.8700704574585,14.9941301345825,0,14.9941301345825,"SouthAfrica"
2021-02-08,14.9196901321411,15.0024995803833,14.8025999069214,14.9176502227783,0,14.9176502227783,"SouthAfrica"
2021-02-09,14.8588399887085,14.8658399581909,14.7415504455566,14.8639602661133,0,14.8639602661133,"SouthAfrica"
2021-02-10,14.7197799682617,14.7376699447632,14.6391000747681,14.6984996795654,0,14.6984996795654,"SouthAfrica"
2021-02-11,14.7423896789551,14.7621002197266,14.5972995758057,14.7509002685547,0,14.7509002685547,"SouthAfrica"
2021-02-12,14.6110000610352,14.6927995681763,14.5131998062134,14.6111001968384,0,14.6111001968384,"SouthAfrica"
2021-02-15,14.5443496704102,14.5446500778198,14.4088001251221,14.5434503555298,0,14.5434503555298,"SouthAfrica"
2021-02-16,14.4338998794556,14.7011003494263,14.3793897628784,14.4345998764038,0,14.4345998764038,"SouthAfrica"
2021-02-17,14.6574001312256,14.8155002593994,14.6391000747681,14.6675996780396,0,14.6675996780396,"SouthAfrica"
2021-02-18,14.5607995986938,14.7138996124268,14.5027103424072,14.5606002807617,0,14.5606002807617,"SouthAfrica"
2021-02-19,14.5173997879028,14.6910600662231,14.5165996551514,14.5869998931885,0,14.5869998931885,"SouthAfrica"
2021-02-22,14.6593999862671,14.9182996749878,14.6372900009155,14.6570501327515,0,14.6570501327515,"SouthAfrica"
2021-02-23,14.6505002975464,14.7437000274658,14.476900100708,14.6621999740601,0,14.6621999740601,"SouthAfrica"
2021-02-24,14.5539999008179,14.6541204452515,14.3914003372192,14.5527400970459,0,14.5527400970459,"SouthAfrica"
2021-02-25,14.4884996414185,14.8902997970581,14.4469003677368,14.4815998077393,0,14.4815998077393,"SouthAfrica"
2021-02-26,15.0179195404053,15.1830997467041,14.8044996261597,14.9981002807617,0,14.9981002807617,"SouthAfrica"
2021-03-01,15.0324401855469,15.1232004165649,14.8950004577637,15.0394802093506,0,15.0394802093506,"SouthAfrica"
2021-03-02,14.972900390625,15.1091995239258,14.9517002105713,14.9617004394531,0,14.9617004394531,"SouthAfrica"
2021-03-03,14.9225997924805,15.0316400527954,14.8452997207642,14.9228000640869,0,14.9228000640869,"SouthAfrica"
2021-03-04,15.0942802429199,15.1322002410889,14.9895000457764,15.061900138855,0,15.061900138855,"SouthAfrica"
2021-03-05,15.2803001403809,15.431300163269,15.2175998687744,15.2793998718262,0,15.2793998718262,"SouthAfrica"
2021-03-08,15.3283996582031,15.5600299835205,15.2988004684448,15.3114500045776,0,15.3114500045776,"SouthAfrica"
2021-03-09,15.5278997421265,15.5452003479004,15.2821502685547,15.5246000289917,0,15.5246000289917,"SouthAfrica"
2021-03-10,15.2878303527832,15.3664598464966,15.1015996932983,15.2819900512695,0,15.2819900512695,"SouthAfrica"
2021-03-11,15.0629997253418,15.0958299636841,14.8277397155762,15.065899848938,0,15.065899848938,"SouthAfrica"
2021-03-12,14.802300453186,15.0317602157593,14.7959003448486,14.8030996322632,0,14.8030996322632,"SouthAfrica"
2021-03-15,14.9397602081299,15.0240001678467,14.8211002349854,14.935299873352,0,14.935299873352,"SouthAfrica"
2021-03-16,14.8323001861572,14.943510055542,14.7723999023438,14.8548002243042,0,14.8548002243042,"SouthAfrica"
2021-03-17,14.8369998931885,14.9691600799561,14.8261003494263,14.8603000640869,0,14.8603000640869,"SouthAfrica"
2021-03-18,14.6065998077393,14.7952003479004,14.5900096893311,14.6056003570557,0,14.6056003570557,"SouthAfrica"
2021-03-19,14.7132997512817,14.8083200454712,14.6464099884033,14.7283096313477,0,14.7283096313477,"SouthAfrica"
2021-03-22,14.8143901824951,14.9003095626831,14.6718997955322,14.8116302490234,0,14.8116302490234,"SouthAfrica"
2021-03-23,14.7047004699707,14.9392499923706,14.6933097839355,14.7025003433228,0,14.7025003433228,"SouthAfrica"
2021-03-24,14.8769998550415,14.933629989624,14.7418003082275,14.881199836731,0,14.881199836731,"SouthAfrica"
2021-03-25,14.943639755249,15.0831003189087,14.855959892273,14.9503602981567,0,14.9503602981567,"SouthAfrica"
2021-03-26,14.9895000457764,15.0957803726196,14.9198999404907,14.995719909668,0,14.995719909668,"SouthAfrica"
2021-03-28,14.9757699966431,15.0653800964355,14.868800163269,14.9719495773315,0,14.9719495773315,"SouthAfrica"
2021-03-29,14.891900062561,14.9907999038696,14.8484001159668,14.9107303619385,0,14.9107303619385,"SouthAfrica"
2021-03-30,14.8988599777222,14.958869934082,14.7195997238159,14.901180267334,0,14.901180267334,"SouthAfrica"
2021-03-31,14.7781000137329,14.8400402069092,14.6183996200562,14.7791996002197,0,14.7791996002197,"SouthAfrica"
2021-04-01,14.601900100708,14.6613702774048,14.5715999603271,14.6139001846313,0,14.6139001846313,"SouthAfrica"
2021-04-04,14.6408004760742,14.6908597946167,14.5115003585815,14.6176900863647,0,14.6176900863647,"SouthAfrica"
2021-04-05,14.552960395813,14.6093902587891,14.476300239563,14.5460796356201,0,14.5460796356201,"SouthAfrica"
2021-04-06,14.472900390625,14.5781002044678,14.4615001678467,14.5123996734619,0,14.5123996734619,"SouthAfrica"
2021-04-07,14.5614995956421,14.576189994812,14.4427995681763,14.5390996932983,0,14.5390996932983,"SouthAfrica"
2021-04-08,14.517370223999,14.6215295791626,14.4758996963501,14.5168199539185,0,14.5168199539185,"SouthAfrica"
2021-04-11,14.5880699157715,14.6653003692627,14.5500001907349,14.5763101577759,0,14.5763101577759,"SouthAfrica"
2021-04-12,14.5637998580933,14.6812496185303,14.4962997436523,14.559100151062,0,14.559100151062,"SouthAfrica"
2021-04-13,14.5022802352905,14.5296001434326,14.3732004165649,14.4930000305176,0,14.4930000305176,"SouthAfrica"
2021-04-14,14.3647003173828,14.4322996139526,14.1503000259399,14.3868999481201,0,14.3868999481201,"SouthAfrica"
2021-04-15,14.1618204116821,14.3412599563599,14.1377000808716,14.1434001922607,0,14.1434001922607,"SouthAfrica"
2021-04-18,14.3043699264526,14.3129997253418,14.1599998474121,14.3022203445435,0,14.3022203445435,"SouthAfrica"
2021-04-19,14.2101001739502,14.3205995559692,14.1603002548218,14.2082004547119,0,14.2082004547119,"SouthAfrica"
2021-04-20,14.2713003158569,14.3346004486084,14.213399887085,14.2854995727539,0,14.2854995727539,"SouthAfrica"
2021-04-21,14.2190999984741,14.3145999908447,14.1947002410889,14.2174997329712,0,14.2174997329712,"SouthAfrica"
2021-04-22,14.3079500198364,14.3145999908447,14.2238998413086,14.3092803955078,0,14.3092803955078,"SouthAfrica"
2021-04-25,14.2712097167969,14.2848997116089,14.2147998809814,14.2728900909424,0,14.2728900909424,"SouthAfrica"
2021-04-26,14.249400138855,14.3795900344849,14.2391004562378,14.2716798782349,0,14.2716798782349,"SouthAfrica"
2021-04-27,14.3697395324707,14.4288997650146,14.2628002166748,14.3686895370483,0,14.3686895370483,"SouthAfrica"
2021-04-28,14.2276496887207,14.3577003479004,14.1478595733643,14.2040996551514,0,14.2040996551514,"SouthAfrica"
2021-04-29,14.2693004608154,14.5070199966431,14.2651996612549,14.2818002700806,0,14.2818002700806,"SouthAfrica"
2021-05-02,14.4653997421265,14.5148496627808,14.3545999526978,14.4586000442505,0,14.4586000442505,"SouthAfrica"
2021-05-03,14.3945598602295,14.5377502441406,14.3703002929688,14.3977003097534,0,14.3977003097534,"SouthAfrica"
2021-05-04,14.4204998016357,14.4899196624756,14.3528003692627,14.4622001647949,0,14.4622001647949,"SouthAfrica"
2021-05-05,14.3284997940063,14.3720998764038,14.1956996917725,14.3445901870728,0,14.3445901870728,"SouthAfrica"
2021-05-06,14.1848402023315,14.2610998153687,14.0451002120972,14.1864900588989,0,14.1864900588989,"SouthAfrica"
2021-05-09,14.0543804168701,14.0859003067017,13.9596996307373,14.0552997589111,0,14.0552997589111,"SouthAfrica"
2021-05-10,14.0001001358032,14.0761098861694,13.9372997283936,14.0380296707153,0,14.0380296707153,"SouthAfrica"
2021-05-11,13.970700263977,14.0823497772217,13.9499998092651,13.9736003875732,0,13.9736003875732,"SouthAfrica"
2021-05-12,14.0994997024536,14.1932697296143,14.0549001693726,14.1155996322632,0,14.1155996322632,"SouthAfrica"
2021-05-13,14.142560005188,14.1751003265381,14.0193996429443,14.1293096542358,0,14.1293096542358,"SouthAfrica"
2021-05-16,14.1321697235107,14.1817998886108,14.0886001586914,14.1254396438599,0,14.1254396438599,"SouthAfrica"
2021-05-17,14.0944004058838,14.1006002426147,13.9638996124268,14.0926103591919,0,14.0926103591919,"SouthAfrica"
2021-05-18,14.0074501037598,14.074649810791,13.9615001678467,14.0075197219849,0,14.0075197219849,"SouthAfrica"
2021-05-19,14.095950126648,14.1121997833252,13.9581003189087,14.101300239563,0,14.101300239563,"SouthAfrica"
2021-05-20,13.9816198348999,14.0039100646973,13.8840999603271,13.977970123291,0,13.977970123291,"SouthAfrica"
2021-05-23,13.9574003219604,14.0226497650146,13.8984003067017,13.9564504623413,0,13.9564504623413,"SouthAfrica"
2021-05-24,13.9145002365112,13.926830291748,13.8042001724243,13.9141998291016,0,13.9141998291016,"SouthAfrica"
2021-05-25,13.8608198165894,13.8608999252319,13.7482995986938,13.8390998840332,0,13.8390998840332,"SouthAfrica"
2021-05-26,13.750599861145,13.7893600463867,13.667799949646,13.7607898712158,0,13.7607898712158,"SouthAfrica"
2021-05-27,13.7590503692627,13.868709564209,13.7329998016357,13.7564601898193,0,13.7564601898193,"SouthAfrica"
2021-05-30,13.7686996459961,13.796669960022,13.7093000411987,13.768500328064,0,13.768500328064,"SouthAfrica"
2021-05-31,13.7063999176025,13.7945003509521,13.6771802902222,13.7073001861572,0,13.7073001861572,"SouthAfrica"
2021-06-01,13.7574501037598,13.8101997375488,13.5520000457764,13.7572298049927,0,13.7572298049927,"SouthAfrica"
2021-06-02,13.5143098831177,13.648099899292,13.4911003112793,13.5148696899414,0,13.5148696899414,"SouthAfrica"
2021-06-03,13.6070995330811,13.6838998794556,13.4411001205444,13.6210803985596,0,13.6210803985596,"SouthAfrica"
2021-06-06,13.4076995849609,13.5343999862671,13.4010000228882,13.4179401397705,0,13.4179401397705,"SouthAfrica"
2021-06-07,13.516900062561,13.602219581604,13.4826002120972,13.5286598205566,0,13.5286598205566,"SouthAfrica"
2021-06-08,13.5697498321533,13.6809501647949,13.5125999450684,13.5695104598999,0,13.5695104598999,"SouthAfrica"
2021-06-09,13.7104997634888,13.7588796615601,13.5691003799438,13.7322902679443,0,13.7322902679443,"SouthAfrica"
2021-06-10,13.5912303924561,13.7431898117065,13.5115995407104,13.5932998657227,0,13.5932998657227,"SouthAfrica"
2021-06-13,13.7152004241943,13.7996997833252,13.6932001113892,13.7069997787476,0,13.7069997787476,"SouthAfrica"
2021-06-14,13.7649202346802,13.8488903045654,13.6971998214722,13.7650804519653,0,13.7650804519653,"SouthAfrica"
2021-06-15,13.7593002319336,13.7782001495361,13.6774997711182,13.7601003646851,0,13.7601003646851,"SouthAfrica"
2021-06-16,14.0062398910522,14.1563997268677,13.9323997497559,13.9827003479004,0,13.9827003479004,"SouthAfrica"
2021-06-17,14.0954704284668,14.3261499404907,14.0488004684448,14.0979995727539,0,14.0979995727539,"SouthAfrica"
2021-06-20,14.3249998092651,14.3951902389526,14.2142000198364,14.3353996276855,0,14.3353996276855,"SouthAfrica"
2021-06-21,14.2216701507568,14.3823003768921,14.2070903778076,14.2145004272461,0,14.2145004272461,"SouthAfrica"
2021-06-22,14.2592401504517,14.2831497192383,14.1406002044678,14.2580299377441,0,14.2580299377441,"SouthAfrica"
2021-06-23,14.2073602676392,14.279299736023,14.1512002944946,14.2096004486084,0,14.2096004486084,"SouthAfrica"
2021-06-24,14.1933002471924,14.2006998062134,14.0122003555298,14.1893396377563,0,14.1893396377563,"SouthAfrica"
2021-06-27,14.138500213623,14.2747001647949,14.1209402084351,14.1521396636963,0,14.1521396636963,"SouthAfrica"
2021-06-28,14.2470397949219,14.3703002929688,14.2369804382324,14.2474002838135,0,14.2474002838135,"SouthAfrica"
2021-06-29,14.3167200088501,14.3400001525879,14.2025003433228,14.342399597168,0,14.342399597168,"SouthAfrica"
2021-06-30,14.2413902282715,14.4734001159668,14.2301998138428,14.231499671936,0,14.231499671936,"SouthAfrica"
2021-07-01,14.422550201416,14.5131797790527,14.2609195709229,14.4241304397583,0,14.4241304397583,"SouthAfrica"
2021-07-04,14.2025804519653,14.2789297103882,14.1904001235962,14.2005300521851,0,14.2005300521851,"SouthAfrica"
2021-07-05,14.2231998443604,14.3865404129028,14.1583995819092,14.2406997680664,0,14.2406997680664,"SouthAfrica"
2021-07-06,14.3583002090454,14.4089002609253,14.247670173645,14.3370304107666,0,14.3370304107666,"SouthAfrica"
2021-07-07,14.3225297927856,14.4370002746582,14.2795400619507,14.280179977417,0,14.280179977417,"SouthAfrica"
2021-07-08,14.2988996505737,14.3418998718262,14.2090797424316,14.2625398635864,0,14.2625398635864,"SouthAfrica"
2021-07-11,14.226770401001,14.4997997283936,14.2220001220703,14.2267799377441,0,14.2267799377441,"SouthAfrica"
2021-07-12,14.377799987793,14.6692304611206,14.3107995986938,14.3655195236206,0,14.3655195236206,"SouthAfrica"
2021-07-13,14.7065000534058,14.7822504043579,14.5369997024536,14.7052202224731,0,14.7052202224731,"SouthAfrica"
2021-07-14,14.4771995544434,14.5837802886963,14.4399003982544,14.441499710083,0,14.441499710083,"SouthAfrica"
2021-07-15,14.539400100708,14.5657997131348,14.3348999023438,14.5356397628784,0,14.5356397628784,"SouthAfrica"
2021-07-18,14.3710298538208,14.5313701629639,14.3693103790283,14.3894996643066,0,14.3894996643066,"SouthAfrica"
2021-07-19,14.52952003479,14.6747999191284,14.4972095489502,14.5306797027588,0,14.5306797027588,"SouthAfrica"
2021-07-20,14.6143999099731,14.730899810791,14.5427303314209,14.5915699005127,0,14.5915699005127,"SouthAfrica"
2021-07-21,14.5749101638794,14.7489004135132,14.5069999694824,14.5744895935059,0,14.5744895935059,"SouthAfrica"
2021-07-22,14.6985998153687,14.8190298080444,14.6524896621704,14.6976003646851,0,14.6976003646851,"SouthAfrica"
2021-07-25,14.8020000457764,14.9896602630615,14.7628002166748,14.7934303283691,0,14.7934303283691,"SouthAfrica"
2021-07-26,14.7467002868652,14.9534997940063,14.7335500717163,14.7465200424194,0,14.7465200424194,"SouthAfrica"
2021-07-27,14.7544498443604,14.8540802001953,14.7392997741699,14.7580995559692,0,14.7580995559692,"SouthAfrica"
2021-07-28,14.6958999633789,14.7491998672485,14.539400100708,14.7194004058838,0,14.7194004058838,"SouthAfrica"
2021-07-29,14.5146503448486,14.6510400772095,14.5138998031616,14.5167999267578,0,14.5167999267578,"SouthAfrica"
2021-08-01,14.5736999511719,14.6480798721313,14.3724002838135,14.5986003875732,0,14.5986003875732,"SouthAfrica"
2021-08-02,14.4513998031616,14.4555397033691,14.3018999099731,14.4555997848511,0,14.4555997848511,"SouthAfrica"
2021-08-03,14.3023996353149,14.4101896286011,14.2150001525879,14.3036003112793,0,14.3036003112793,"SouthAfrica"
2021-08-04,14.3484001159668,14.4373798370361,14.3173999786377,14.327730178833,0,14.327730178833,"SouthAfrica"
2021-08-05,14.4789304733276,14.6885995864868,14.4420003890991,14.4764204025269,0,14.4764204025269,"SouthAfrica"
2021-08-08,14.6563997268677,14.7673902511597,14.567099571228,14.6409101486206,0,14.6409101486206,"SouthAfrica"
2021-08-09,14.7490501403809,14.8417797088623,14.710000038147,14.7690000534058,0,14.7690000534058,"SouthAfrica"
2021-08-10,14.767749786377,14.8977003097534,14.6310997009277,14.7678499221802,0,14.7678499221802,"SouthAfrica"
2021-08-11,14.622799873352,14.7950000762939,14.6053199768066,14.6091995239258,0,14.6091995239258,"SouthAfrica"
2021-08-12,14.7447700500488,14.8730001449585,14.6831998825073,14.7597999572754,0,14.7597999572754,"SouthAfrica"
2021-08-15,14.6696996688843,14.7952995300293,14.6604995727539,14.6714000701904,0,14.6714000701904,"SouthAfrica"
2021-08-16,14.8072004318237,14.9855899810791,14.7869596481323,14.8086004257202,0,14.8086004257202,"SouthAfrica"
2021-08-17,14.9028997421265,14.9946899414062,14.8106002807617,14.873049736023,0,14.873049736023,"SouthAfrica"
2021-08-18,14.9044504165649,15.2178001403809,14.888500213623,14.9338502883911,0,14.9338502883911,"SouthAfrica"
2021-08-19,15.1923599243164,15.3873996734619,15.1689500808716,15.1956996917725,0,15.1956996917725,"SouthAfrica"
2021-08-22,15.3065004348755,15.3095998764038,15.1316003799438,15.2883501052856,0,15.2883501052856,"SouthAfrica"
2021-08-23,15.1424503326416,15.1593503952026,14.9743499755859,15.1178998947144,0,15.1178998947144,"SouthAfrica"
2021-08-24,14.9792995452881,15.0360498428345,14.8940000534058,14.9793996810913,0,14.9793996810913,"SouthAfrica"
2021-08-25,14.9190502166748,15.000599861145,14.8713998794556,14.9212503433228,0,14.9212503433228,"SouthAfrica"
2021-08-26,14.9130001068115,14.9391202926636,14.7264003753662,14.8929004669189,0,14.8929004669189,"SouthAfrica"
2021-08-29,14.7153997421265,14.7413501739502,14.5799999237061,14.7056999206543,0,14.7056999206543,"SouthAfrica"
2021-08-30,14.6415395736694,14.6703996658325,14.4434003829956,14.6237497329712,0,14.6237497329712,"SouthAfrica"
2021-08-31,14.5087995529175,14.5305004119873,14.3654899597168,14.4884300231934,0,14.4884300231934,"SouthAfrica"
2021-09-01,14.3534498214722,14.4705600738525,14.3042001724243,14.3673496246338,0,14.3673496246338,"SouthAfrica"
2021-09-02,14.4308004379272,14.4813003540039,14.2480001449585,14.4308004379272,0,14.4308004379272,"SouthAfrica"
2021-09-05,14.275899887085,14.3604402542114,14.2158002853394,14.2962999343872,0,14.2962999343872,"SouthAfrica"
2021-09-06,14.2047500610352,14.3505001068115,14.1957197189331,14.2194004058838,0,14.2194004058838,"SouthAfrica"
2021-09-07,14.2841997146606,14.3603801727295,14.2166004180908,14.2653999328613,0,14.2653999328613,"SouthAfrica"
2021-09-08,14.1722002029419,14.2386999130249,14.0880002975464,14.1558504104614,0,14.1558504104614,"SouthAfrica"
2021-09-09,14.1569004058838,14.2112798690796,14.0586996078491,14.1899003982544,0,14.1899003982544,"SouthAfrica"
2021-09-12,14.164999961853,14.2443103790283,14.118200302124,14.164999961853,0,14.164999961853,"SouthAfrica"
2021-09-13,14.1338996887207,14.3087902069092,14.1066303253174,14.1094999313354,0,14.1094999313354,"SouthAfrica"
2021-09-14,14.2938299179077,14.4663000106812,14.2367000579834,14.3233995437622,0,14.3233995437622,"SouthAfrica"
2021-09-15,14.3633298873901,14.6220998764038,14.3371801376343,14.3633003234863,0,14.3633003234863,"SouthAfrica"
2021-09-16,14.5751895904541,14.7637901306152,14.5248003005981,14.5745496749878,0,14.5745496749878,"SouthAfrica"
2021-09-19,14.7683000564575,14.8559999465942,14.7288303375244,14.7400503158569,0,14.7400503158569,"SouthAfrica"
2021-09-20,14.7547998428345,14.890700340271,14.6511001586914,14.7552003860474,0,14.7552003860474,"SouthAfrica"
2021-09-21,14.8275003433228,14.862509727478,14.7058000564575,14.8454999923706,0,14.8454999923706,"SouthAfrica"
2021-09-22,14.7626104354858,14.8109998703003,14.5732297897339,14.7714996337891,0,14.7714996337891,"SouthAfrica"
2021-09-23,14.7295904159546,15.0311002731323,14.7118101119995,14.7339000701904,0,14.7339000701904,"SouthAfrica"
2021-09-26,14.940299987793,15.09255027771,14.8590002059937,14.9178104400635,0,14.9178104400635,"SouthAfrica"
2021-09-27,14.938099861145,15.14684009552,14.9064998626709,14.9215803146362,0,14.9215803146362,"SouthAfrica"
2021-09-28,15.0932998657227,15.1906003952026,14.9664001464844,15.0908002853394,0,15.0908002853394,"SouthAfrica"
2021-09-29,15.1415004730225,15.2461500167847,14.9811601638794,15.1433000564575,0,15.1433000564575,"SouthAfrica"
2021-09-30,15.0482501983643,15.1353101730347,14.8437004089355,15.0717000961304,0,15.0717000961304,"SouthAfrica"
2021-10-03,14.8219995498657,15.0598001480103,14.8150997161865,14.8447999954224,0,14.8447999954224,"SouthAfrica"
2021-10-04,15.0166997909546,15.0994701385498,14.9521703720093,15.0282001495361,0,15.0282001495361,"SouthAfrica"
2021-10-05,14.9852504730225,15.1926002502441,14.9604396820068,14.9858198165894,0,14.9858198165894,"SouthAfrica"
2021-10-06,14.9412002563477,15.0226001739502,14.8185997009277,14.9450998306274,0,14.9450998306274,"SouthAfrica"
2021-10-07,14.9115495681763,14.9980001449585,14.7872495651245,14.9373998641968,0,14.9373998641968,"SouthAfrica"
2021-10-10,14.9064998626709,15.0024995803833,14.8872995376587,14.9026002883911,0,14.9026002883911,"SouthAfrica"
2021-10-11,15.0493001937866,15.0725002288818,14.9126996994019,15.0523996353149,0,15.0523996353149,"SouthAfrica"
2021-10-12,14.9421997070312,14.9589996337891,14.7912998199463,14.9561004638672,0,14.9561004638672,"SouthAfrica"
2021-10-13,14.7786998748779,14.8282499313354,14.7011003494263,14.7688999176025,0,14.7688999176025,"SouthAfrica"
2021-10-14,14.7627000808716,14.7831001281738,14.6084995269775,14.7602996826172,0,14.7602996826172,"SouthAfrica"
2021-10-17,14.5992002487183,14.795599937439,14.5797500610352,14.5791997909546,0,14.5791997909546,"SouthAfrica"
2021-10-18,14.6662998199463,14.6735000610352,14.506199836731,14.6645002365112,0,14.6645002365112,"SouthAfrica"
2021-10-19,14.4976997375488,14.5680999755859,14.3888998031616,14.4852104187012,0,14.4852104187012,"SouthAfrica"
2021-10-20,14.3992004394531,14.6014995574951,14.3514499664307,14.3771200180054,0,14.3771200180054,"SouthAfrica"
2021-10-21,14.6620998382568,14.8374004364014,14.5544004440308,14.6472997665405,0,14.6472997665405,"SouthAfrica"
2021-10-24,14.81130027771,14.8801002502441,14.6923999786377,14.8125,0,14.8125,"SouthAfrica"
2021-10-25,14.6686697006226,14.8610696792603,14.6510200500488,14.6950998306274,0,14.6950998306274,"SouthAfrica"
2021-10-26,14.8179998397827,15.0419998168945,14.7938995361328,14.8106803894043,0,14.8106803894043,"SouthAfrica"
2021-10-27,15.035719871521,15.1747398376465,15.0286703109741,15.0562000274658,0,15.0562000274658,"SouthAfrica"
2021-10-28,15.067099571228,15.3240995407104,15.067099571228,15.1089601516724,0,15.1089601516724,"SouthAfrica"
2021-11-01,15.1876497268677,15.4154500961304,15.1876497268677,15.1912498474121,0,15.1912498474121,"SouthAfrica"
2021-11-02,15.3945398330688,15.486499786377,15.3444995880127,15.3961095809937,0,15.3961095809937,"SouthAfrica"
2021-11-03,15.3945398330688,15.4881496429443,15.3290195465088,15.413200378418,0,15.413200378418,"SouthAfrica"
2021-11-04,15.2250003814697,15.3406000137329,15.1433696746826,15.2131004333496,0,15.2131004333496,"SouthAfrica"
2021-11-05,15.1782503128052,15.3055696487427,15.0694999694824,15.1996002197266,0,15.1996002197266,"SouthAfrica"
2021-11-08,15.0242004394531,15.0725002288818,14.9046001434326,15.0227603912354,0,15.0227603912354,"SouthAfrica"
2021-11-09,14.9076995849609,15.095700263977,14.8614501953125,14.9064998626709,0,14.9064998626709,"SouthAfrica"
2021-11-10,15.0402002334595,15.3652095794678,15.0015001296997,15.0052995681763,0,15.0052995681763,"SouthAfrica"
2021-11-11,15.4178495407104,15.4756603240967,15.1828002929688,15.4176998138428,0,15.4176998138428,"SouthAfrica"
2021-11-12,15.2757997512817,15.3327102661133,15.2230997085571,15.2943000793457,0,15.2943000793457,"SouthAfrica"
2021-11-15,15.2965002059937,15.3360004425049,15.1476001739502,15.2990999221802,0,15.2990999221802,"SouthAfrica"
2021-11-16,15.2093000411987,15.5485496520996,15.1530504226685,15.2025995254517,0,15.2025995254517,"SouthAfrica"
2021-11-17,15.5048999786377,15.5712404251099,15.4425001144409,15.477499961853,0,15.477499961853,"SouthAfrica"
2021-11-18,15.4498996734619,15.7538003921509,15.4147396087646,15.475700378418,0,15.475700378418,"SouthAfrica"
2021-11-19,15.6349000930786,15.7798004150391,15.5355701446533,15.6308002471924,0,15.6308002471924,"SouthAfrica"
2021-11-22,15.6977996826172,15.829400062561,15.6746997833252,15.6946001052856,0,15.6946001052856,"SouthAfrica"
2021-11-23,15.8198099136353,15.9319696426392,15.7479000091553,15.8429002761841,0,15.8429002761841,"SouthAfrica"
2021-11-24,15.8366003036499,15.9718999862671,15.7903003692627,15.8210401535034,0,15.8210401535034,"SouthAfrica"
2021-11-25,15.8461198806763,15.9195203781128,15.8081998825073,15.8478002548218,0,15.8478002548218,"SouthAfrica"
2021-11-26,16.1184005737305,16.3591003417969,16.0583801269531,16.1189994812012,0,16.1189994812012,"SouthAfrica"
2021-11-29,16.0989208221436,16.2269992828369,16.0379505157471,16.0993995666504,0,16.0993995666504,"SouthAfrica"
2021-11-30,16.1231002807617,16.2245998382568,15.8797397613525,16.103120803833,0,16.103120803833,"SouthAfrica"
2021-12-01,15.8632802963257,15.918999671936,15.7361001968384,15.8600101470947,0,15.8600101470947,"SouthAfrica"
2021-12-02,15.988109588623,16.0412006378174,15.7700004577637,16.0137996673584,0,16.0137996673584,"SouthAfrica"
2021-12-03,15.8927001953125,16.1430492401123,15.8060998916626,15.9148998260498,0,15.9148998260498,"SouthAfrica"
2021-12-06,16.0242195129395,16.0611991882324,15.8297004699707,16.0249996185303,0,16.0249996185303,"SouthAfrica"
2021-12-07,15.8703603744507,16.03005027771,15.8277902603149,15.8971004486084,0,15.8971004486084,"SouthAfrica"
2021-12-08,15.8052997589111,15.858790397644,15.6672601699829,15.8362998962402,0,15.8362998962402,"SouthAfrica"
2021-12-09,15.7025003433228,16.0013999938965,15.6692800521851,15.6657495498657,0,15.6657495498657,"SouthAfrica"
2021-12-10,15.9361000061035,16.0830001831055,15.8661003112793,15.93630027771,0,15.93630027771,"SouthAfrica"
2021-12-13,15.9250001907349,16.0607395172119,15.8569002151489,15.9499597549438,0,15.9499597549438,"SouthAfrica"
2021-12-14,15.9871997833252,16.1439990997314,15.9750499725342,15.9970998764038,0,15.9970998764038,"SouthAfrica"
2021-12-15,16.0802001953125,16.236400604248,16.0338897705078,16.0764999389648,0,16.0764999389648,"SouthAfrica"
2021-12-16,15.9624996185303,16.0300998687744,15.8908996582031,15.9624996185303,0,15.9624996185303,"SouthAfrica"
2021-12-17,15.8957996368408,15.9602499008179,15.8007497787476,15.9245004653931,0,15.9245004653931,"SouthAfrica"
2021-12-20,15.8950004577637,15.9545602798462,15.7260999679565,15.9045000076294,0,15.9045000076294,"SouthAfrica"
2021-12-21,15.7438802719116,15.8902997970581,15.720700263977,15.7437000274658,0,15.7437000274658,"SouthAfrica"
2021-12-22,15.8113498687744,15.9126501083374,15.7994003295898,15.8287000656128,0,15.8287000656128,"SouthAfrica"
2021-12-23,15.6762504577637,15.8109302520752,15.6127996444702,15.7047004699707,0,15.7047004699707,"SouthAfrica"
2021-12-24,15.6126003265381,15.6672496795654,15.479700088501,15.6218700408936,0,15.6218700408936,"SouthAfrica"
2021-12-27,15.536600112915,15.5649995803833,15.4870004653931,15.519700050354,0,15.519700050354,"SouthAfrica"
2021-12-28,15.4931001663208,15.8299198150635,15.4931001663208,15.5254001617432,0,15.5254001617432,"SouthAfrica"
2021-12-29,15.745400428772,15.9684295654297,15.6824998855591,15.7315797805786,0,15.7315797805786,"SouthAfrica"
2021-12-30,15.9256000518799,16.0191993713379,15.8697004318237,15.9097499847412,0,15.9097499847412,"SouthAfrica"
2021-12-31,15.8965997695923,15.9908304214478,15.8646001815796,15.8891000747681,0,15.8891000747681,"SouthAfrica"
2022-01-03,15.9306001663208,15.9728002548218,15.7695999145508,15.9299001693726,0,15.9299001693726,"SouthAfrica"
2022-01-04,15.8629999160767,16.0715007781982,15.7735004425049,15.861499786377,0,15.861499786377,"SouthAfrica"
2022-01-05,15.9996204376221,16.0551300048828,15.7131004333496,15.999119758606,0,15.999119758606,"SouthAfrica"
2022-01-06,15.8562002182007,15.9801197052002,15.6660995483398,15.8506298065186,0,15.8506298065186,"SouthAfrica"
2022-01-07,15.6927003860474,15.7815504074097,15.5525999069214,15.6972999572754,0,15.6972999572754,"SouthAfrica"
2022-01-10,15.5489196777344,15.735369682312,15.5354499816895,15.5473299026489,0,15.5473299026489,"SouthAfrica"
2022-01-11,15.6595001220703,15.6911497116089,15.5016002655029,15.6592998504639,0,15.6592998504639,"SouthAfrica"
2022-01-12,15.5052995681763,15.5515699386597,15.3134002685547,15.4884796142578,0,15.4884796142578,"SouthAfrica"
2022-01-13,15.269100189209,15.4420003890991,15.2323303222656,15.2796697616577,0,15.2796697616577,"SouthAfrica"
2022-01-14,15.395899772644,15.4412899017334,15.2602996826172,15.3945999145508,0,15.3945999145508,"SouthAfrica"
2022-01-17,15.3150196075439,15.4492998123169,15.3150196075439,15.3187503814697,0,15.3187503814697,"SouthAfrica"
2022-01-18,15.3639097213745,15.5116500854492,15.33899974823,15.3296003341675,0,15.3296003341675,"SouthAfrica"
2022-01-19,15.4895000457764,15.5303001403809,15.2678003311157,15.487099647522,0,15.487099647522,"SouthAfrica"
2022-01-20,15.2859497070312,15.3407497406006,15.0965995788574,15.2973899841309,0,15.2973899841309,"SouthAfrica"
2022-01-21,15.2305002212524,15.2615003585815,15.0565004348755,15.2157001495361,0,15.2157001495361,"SouthAfrica"
2022-01-24,15.0572204589844,15.3605899810791,15.0535001754761,15.0620603561401,0,15.0620603561401,"SouthAfrica"
2022-01-25,15.228099822998,15.3594903945923,15.2097597122192,15.2299995422363,0,15.2299995422363,"SouthAfrica"
2022-01-26,15.2375001907349,15.2714700698853,15.1113996505737,15.2375001907349,0,15.2375001907349,"SouthAfrica"
2022-01-27,15.2885799407959,15.4629898071289,15.2149000167847,15.2927198410034,0,15.2927198410034,"SouthAfrica"
2022-01-28,15.430139541626,15.6990003585815,15.3828001022339,15.4306602478027,0,15.4306602478027,"SouthAfrica"
2022-01-31,15.5755500793457,15.6026496887207,15.3902997970581,15.5822696685791,0,15.5822696685791,"SouthAfrica"
2022-02-01,15.3489503860474,15.4139003753662,15.193699836731,15.34202003479,0,15.34202003479,"SouthAfrica"
2022-02-02,15.2349996566772,15.3924999237061,15.1913003921509,15.2349996566772,0,15.2349996566772,"SouthAfrica"
2022-02-03,15.3079299926758,15.3923997879028,15.2486200332642,15.3066101074219,0,15.3066101074219,"SouthAfrica"
2022-02-04,15.2508001327515,15.5270004272461,15.1898002624512,15.2315502166748,0,15.2315502166748,"SouthAfrica"
2022-02-07,15.4227895736694,15.5479698181152,15.3821001052856,15.4153003692627,0,15.4153003692627,"SouthAfrica"
2022-02-08,15.4759502410889,15.5821504592896,15.3475999832153,15.4858999252319,0,15.4858999252319,"SouthAfrica"
2022-02-09,15.3199996948242,15.3864297866821,15.2231998443604,15.3211498260498,0,15.3211498260498,"SouthAfrica"
2022-02-10,15.1700496673584,15.2533102035522,14.983099937439,15.2055997848511,0,15.2055997848511,"SouthAfrica"
2022-02-11,15.1302404403687,15.2382001876831,15.0560998916626,15.1549997329712,0,15.1549997329712,"SouthAfrica"
2022-02-14,15.1888103485107,15.2734003067017,15.0974998474121,15.2027797698975,0,15.2027797698975,"SouthAfrica"
2022-02-15,15.0775003433228,15.2410497665405,14.9876003265381,15.0775699615479,0,15.0775699615479,"SouthAfrica"
2022-02-16,15.0667495727539,15.1459398269653,15.0176000595093,15.092399597168,0,15.092399597168,"SouthAfrica"
2022-02-17,14.9782600402832,15.0878295898438,14.91100025177,15.00119972229,0,15.00119972229,"SouthAfrica"
2022-02-18,14.9738502502441,15.1510400772095,14.9243001937866,14.9963998794556,0,14.9963998794556,"SouthAfrica"
2022-02-21,15.1052503585815,15.1983003616333,15.0160999298096,15.110179901123,0,15.110179901123,"SouthAfrica"
2022-02-22,15.1229496002197,15.2267999649048,15.017749786377,15.1374998092651,0,15.1374998092651,"SouthAfrica"
2022-02-23,15.0625,15.1007995605469,14.9757995605469,15.0578002929688,0,15.0578002929688,"SouthAfrica"
2022-02-24,15.1125001907349,15.5230398178101,15.0913000106812,15.0935001373291,0,15.0935001373291,"SouthAfrica"
2022-02-25,15.3531999588013,15.3677997589111,15.1169996261597,15.3341503143311,0,15.3341503143311,"SouthAfrica"
2022-02-28,15.3528099060059,15.4888000488281,15.2749004364014,15.3528099060059,0,15.3528099060059,"SouthAfrica"
2022-03-01,15.368200302124,15.433690071106,15.2534999847412,15.3261995315552,0,15.3261995315552,"SouthAfrica"
2022-03-02,15.3887996673584,15.5574998855591,15.2825002670288,15.3959999084473,0,15.3959999084473,"SouthAfrica"
2022-03-03,15.2919502258301,15.3757495880127,15.1589097976685,15.2902002334595,0,15.2902002334595,"SouthAfrica"
2022-03-04,15.1686000823975,15.4911699295044,15.1640701293945,15.1682300567627,0,15.1682300567627,"SouthAfrica"
2022-03-07,15.2961101531982,15.4628095626831,15.2497901916504,15.2979001998901,0,15.2979001998901,"SouthAfrica"
2022-03-08,15.3365001678467,15.3944501876831,15.2469396591187,15.3366003036499,0,15.3366003036499,"SouthAfrica"
2022-03-09,15.2721004486084,15.2925996780396,14.9749002456665,15.2721004486084,0,15.2721004486084,"SouthAfrica"
2022-03-10,14.9839000701904,15.1604700088501,14.9813003540039,15.0096998214722,0,15.0096998214722,"SouthAfrica"
2022-03-11,15.0339002609253,15.1177501678467,14.9687004089355,15.0225801467896,0,15.0225801467896,"SouthAfrica"
2022-03-14,15,15.1317195892334,14.9881896972656,15,0,15,"SouthAfrica"
2022-03-15,15.0928497314453,15.1738996505737,15.0565996170044,15.0929498672485,0,15.0929498672485,"SouthAfrica"
2022-03-16,15.0864000320435,15.1288003921509,14.9638204574585,15.0874004364014,0,15.0874004364014,"SouthAfrica"
2022-03-17,14.8819198608398,14.9760704040527,14.8720903396606,14.9062004089355,0,14.9062004089355,"SouthAfrica"
2022-03-18,14.8826999664307,15.0279998779297,14.8784999847412,14.9043998718262,0,14.9043998718262,"SouthAfrica"
2022-03-21,14.9258003234863,15.0148000717163,14.8642997741699,14.9224300384521,0,14.9224300384521,"SouthAfrica"
2022-03-22,14.9201002120972,14.9862699508667,14.785249710083,14.8987503051758,0,14.8987503051758,"SouthAfrica"
2022-03-23,14.8023996353149,14.8311901092529,14.7246999740601,14.8039999008179,0,14.8039999008179,"SouthAfrica"
2022-03-24,14.7277002334595,14.789999961853,14.5094003677368,14.7306003570557,0,14.7306003570557,"SouthAfrica"
2022-03-25,14.5018997192383,14.6117000579834,14.4659996032715,14.4856796264648,0,14.4856796264648,"SouthAfrica"
2022-03-27,14.5535898208618,14.729100227356,14.5036001205444,14.5535898208618,0,14.5535898208618,"SouthAfrica"
2022-03-28,14.6504001617432,14.7177000045776,14.5182695388794,14.6504001617432,0,14.6504001617432,"SouthAfrica"
2022-03-29,14.5029001235962,14.5346002578735,14.4280004501343,14.5029001235962,0,14.5029001235962,"SouthAfrica"
2022-03-30,14.4821996688843,14.6386995315552,14.3926000595093,14.4821996688843,0,14.4821996688843,"SouthAfrica"
2022-03-31,14.5953998565674,14.7005996704102,14.5349998474121,14.5953998565674,0,14.5953998565674,"SouthAfrica"
2022-04-03,14.6501998901367,14.6538696289062,14.5532999038696,14.6501998901367,0,14.6501998901367,"SouthAfrica"
2022-04-04,14.5741996765137,14.6500997543335,14.5016002655029,14.5741996765137,0,14.5741996765137,"SouthAfrica"
2022-04-05,14.6716003417969,14.7415504455566,14.6022500991821,14.6716003417969,0,14.6716003417969,"SouthAfrica"
2022-04-06,14.6772003173828,14.8086996078491,14.6309995651245,14.6772003173828,0,14.6772003173828,"SouthAfrica"
2022-04-07,14.7222003936768,14.7670001983643,14.6345996856689,14.7222003936768,0,14.7222003936768,"SouthAfrica"
2022-04-10,14.6353998184204,14.6874904632568,14.56130027771,14.6353998184204,0,14.6353998184204,"SouthAfrica"
2022-04-11,14.5518598556519,14.5974502563477,14.4467000961304,14.5518598556519,0,14.5518598556519,"SouthAfrica"
2022-04-12,14.5143899917603,14.5859603881836,14.433500289917,14.5143899917603,0,14.5143899917603,"SouthAfrica"
2022-04-13,14.5312995910645,14.7404499053955,14.4821996688843,14.5312995910645,0,14.5312995910645,"SouthAfrica"
2022-04-14,14.6386995315552,14.6857995986938,14.5693998336792,14.6386995315552,0,14.6386995315552,"SouthAfrica"
2022-04-17,14.622200012207,14.7229499816895,14.541600227356,14.622200012207,0,14.622200012207,"SouthAfrica"
2022-04-18,14.6540002822876,14.9736003875732,14.6372995376587,14.6540002822876,0,14.6540002822876,"SouthAfrica"
2022-04-19,14.9602003097534,15.0939598083496,14.9055995941162,14.9602003097534,0,14.9602003097534,"SouthAfrica"
2022-04-20,15.0246000289917,15.4197597503662,14.9914999008179,15.0246000289917,0,15.0246000289917,"SouthAfrica"
2022-04-21,15.3591203689575,15.6723299026489,15.3454999923706,15.3591203689575,0,15.3591203689575,"SouthAfrica"
2022-04-24,15.5695400238037,15.7910995483398,15.5907001495361,15.5695400238037,0,15.5695400238037,"SouthAfrica"
2022-04-25,15.6731004714966,15.8355798721313,15.6170997619629,15.6731004714966,0,15.6731004714966,"SouthAfrica"
2022-04-26,15.824649810791,15.9850702285767,15.7658996582031,15.824649810791,0,15.824649810791,"SouthAfrica"
2022-04-27,15.8636598587036,16.128999710083,15.7546796798706,15.8636598587036,0,15.8636598587036,"SouthAfrica"
2022-04-28,15.9825000762939,16.013650894165,15.727499961853,15.9825000762939,0,15.9825000762939,"SouthAfrica"
2022-05-01,15.7940998077393,16.1922798156738,15.7509498596191,15.7940998077393,0,15.7940998077393,"SouthAfrica"
2022-05-02,16.1075992584229,16.1427993774414,15.7598495483398,16.1075992584229,0,16.1075992584229,"SouthAfrica"
2022-05-03,15.7332401275635,15.8632497787476,15.7070999145508,15.7332401275635,0,15.7332401275635,"SouthAfrica"
2022-05-04,15.4687995910645,16.0675506591797,15.4128999710083,15.4687995910645,0,15.4687995910645,"SouthAfrica"
2022-05-05,15.9795999526978,16.169900894165,15.8986501693726,15.9795999526978,0,15.9795999526978,"SouthAfrica"
2022-05-08,16.0615005493164,16.2670993804932,16.0550994873047,16.0615005493164,0,16.0615005493164,"SouthAfrica"
2022-05-09,16.2222003936768,16.2621402740479,16.051399230957,16.2222003936768,0,16.2222003936768,"SouthAfrica"
2022-05-10,16.1188697814941,16.1853408813477,15.9736995697021,16.1188697814941,0,16.1188697814941,"SouthAfrica"
2022-05-11,16.0783996582031,16.261360168457,16.0296993255615,16.0783996582031,0,16.0783996582031,"SouthAfrica"
2022-05-12,16.0562000274658,16.2868995666504,15.9610004425049,16.0562000274658,0,16.0562000274658,"SouthAfrica"
2022-05-15,16.1499195098877,16.3118991851807,16.089599609375,16.1499195098877,0,16.1499195098877,"SouthAfrica"
2022-05-16,16.1221103668213,16.1527404785156,15.8971996307373,16.1221103668213,0,16.1221103668213,"SouthAfrica"
2022-05-17,15.9023303985596,15.9997997283936,15.8591003417969,15.9023303985596,0,15.9023303985596,"SouthAfrica"
2022-05-18,16.0674991607666,16.080099105835,15.7658996582031,16.0674991607666,0,16.0674991607666,"SouthAfrica"
2022-05-19,15.8320999145508,15.8992004394531,15.7833003997803,15.8320999145508,0,15.8320999145508,"SouthAfrica"
2022-05-22,15.834059715271,15.8689002990723,15.6334295272827,15.834059715271,0,15.834059715271,"SouthAfrica"
2022-05-23,15.7763004302979,15.8487501144409,15.6211004257202,15.7763004302979,0,15.7763004302979,"SouthAfrica"
2022-05-24,15.6220502853394,15.7525997161865,15.5620498657227,15.6220502853394,0,15.6220502853394,"SouthAfrica"
2022-05-25,15.7166004180908,15.8560304641724,15.6513004302979,15.7166004180908,0,15.7166004180908,"SouthAfrica"
2022-05-26,15.6749696731567,15.7372198104858,15.5285997390747,15.6749696731567,0,15.6749696731567,"SouthAfrica"
2022-05-29,15.5649995803833,15.6029100418091,15.443699836731,15.5649995803833,0,15.5649995803833,"SouthAfrica"
2022-05-30,15.4767999649048,15.6814002990723,15.4497003555298,15.4767999649048,0,15.4767999649048,"SouthAfrica"
2022-05-31,15.5955095291138,15.7000799179077,15.4748001098633,15.5955095291138,0,15.5955095291138,"SouthAfrica"
2022-06-01,15.5932998657227,15.6246795654297,15.4495000839233,15.5932998657227,0,15.5932998657227,"SouthAfrica"
2022-06-02,15.4483995437622,15.5632095336914,15.377799987793,15.4483995437622,0,15.4483995437622,"SouthAfrica"
2022-06-05,15.5361003875732,15.5446996688843,15.2878999710083,15.5361003875732,0,15.5361003875732,"SouthAfrica"
2022-06-06,15.4216995239258,15.5424900054932,15.3245000839233,15.4216995239258,0,15.4216995239258,"SouthAfrica"
2022-06-07,15.3642797470093,15.4365797042847,15.2465000152588,15.3642797470093,0,15.3642797470093,"SouthAfrica"
2022-06-08,15.2776002883911,15.4207496643066,15.1674003601074,15.2776002883911,0,15.2776002883911,"SouthAfrica"
2022-06-09,15.4744997024536,15.8665504455566,15.3956003189087,15.4744997024536,0,15.4744997024536,"SouthAfrica"
2022-06-12,15.8582801818848,16.1806907653809,15.8668003082275,15.8582801818848,0,15.8582801818848,"SouthAfrica"
2022-06-13,16.1128997802734,16.1495800018311,15.9654102325439,16.1128997802734,0,16.1128997802734,"SouthAfrica"
2022-06-14,16.0149993896484,16.0835399627686,15.9207000732422,16.0149993896484,0,16.0149993896484,"SouthAfrica"
2022-06-15,15.7392997741699,16.0979995727539,15.7103004455566,15.7392997741699,0,15.7392997741699,"SouthAfrica"
2022-06-16,15.9961996078491,16.0477905273438,15.8579998016357,15.9961996078491,0,15.9961996078491,"SouthAfrica"
2022-06-19,15.9766502380371,16.0858001708984,15.9395999908447,15.9766502380371,0,15.9766502380371,"SouthAfrica"
2022-06-20,16.0235996246338,16.0529804229736,15.8212003707886,16.0235996246338,0,16.0235996246338,"SouthAfrica"
2022-06-21,15.9145603179932,16.0434494018555,15.850700378418,15.9145603179932,0,15.9145603179932,"SouthAfrica"
2022-06-22,15.8996095657349,16.0487995147705,15.8990001678467,15.8996095657349,0,15.8996095657349,"SouthAfrica"
2022-06-23,15.9354095458984,15.9760999679565,15.7581996917725,15.9354095458984,0,15.9354095458984,"SouthAfrica"
2022-06-26,15.7649002075195,15.9242000579834,15.7579002380371,15.7649002075195,0,15.7649002075195,"SouthAfrica"
2022-06-27,15.8273000717163,16.0753993988037,15.8071002960205,15.8273000717163,0,15.8273000717163,"SouthAfrica"
2022-06-28,16.0634002685547,16.2921009063721,16.0002002716064,16.0634002685547,0,16.0634002685547,"SouthAfrica"
2022-06-29,16.2087001800537,16.4687004089355,16.1711006164551,16.2087001800537,0,16.2087001800537,"SouthAfrica"
2022-06-30,16.2557392120361,16.4911994934082,16.2537994384766,16.2557392120361,0,16.2557392120361,"SouthAfrica"
2022-07-03,16.3118495941162,16.3617305755615,16.2222003936768,16.3957996368408,0,16.3957996368408,"SouthAfrica"
2022-07-04,16.3314990997314,16.6021404266357,16.2203807830811,16.3314990997314,0,16.3314990997314,"SouthAfrica"
2022-07-05,16.5333499908447,16.8528003692627,16.4748992919922,16.5333499908447,0,16.5333499908447,"SouthAfrica"
2022-07-06,16.7642993927002,16.8543701171875,16.6891002655029,16.7642993927002,0,16.7642993927002,"SouthAfrica"
2022-07-07,16.6861095428467,16.9619998931885,16.6459007263184,16.6861095428467,0,16.6861095428467,"SouthAfrica"
2022-07-10,16.8128299713135,17.109899520874,16.8166007995605,16.8128299713135,0,16.8128299713135,"SouthAfrica"
2022-07-11,17.0734996795654,17.1813507080078,16.9398994445801,17.0734996795654,0,17.0734996795654,"SouthAfrica"
2022-07-12,17.017240524292,17.1596908569336,16.8656997680664,17.017240524292,0,17.017240524292,"SouthAfrica"
2022-07-13,16.9452991485596,17.2993106842041,16.8922996520996,16.9452991485596,0,16.9452991485596,"SouthAfrica"
2022-07-14,17.1217994689941,17.2779006958008,17.0429496765137,17.1217994689941,0,17.1217994689941,"SouthAfrica"
2022-07-17,17.0450000762939,17.1725902557373,16.9728908538818,17.0450000762939,0,17.0450000762939,"SouthAfrica"
2022-07-18,17.0907497406006,17.1488399505615,16.9409008026123,17.0907497406006,0,17.0907497406006,"SouthAfrica"
2022-07-19,17.0725002288818,17.1828994750977,17.0237998962402,17.0725002288818,0,17.0725002288818,"SouthAfrica"
2022-07-20,17.1233005523682,17.2537994384766,16.9906997680664,17.1233005523682,0,17.1233005523682,"SouthAfrica"
2022-07-21,17.035400390625,17.0844993591309,16.7868003845215,17.035400390625,0,17.035400390625,"SouthAfrica"
2022-07-24,16.7880992889404,16.8844699859619,16.7042007446289,16.7880992889404,0,16.7880992889404,"SouthAfrica"
2022-07-25,16.7793006896973,16.9703102111816,16.6791000366211,16.7793006896973,0,16.7793006896973,"SouthAfrica"
2022-07-26,16.8584003448486,16.926139831543,16.7954998016357,16.8584003448486,0,16.8584003448486,"SouthAfrica"
2022-07-27,16.6669998168945,16.8229999542236,16.547399520874,16.6669998168945,0,16.6669998168945,"SouthAfrica"
2022-07-28,16.5261993408203,16.6724796295166,16.3897495269775,16.5261993408203,0,16.5261993408203,"SouthAfrica"
2022-07-31,16.6050395965576,16.6662998199463,16.4140796661377,16.6050395965576,0,16.6050395965576,"SouthAfrica"
2022-08-01,16.4761505126953,16.6623001098633,16.4347991943359,16.4761505126953,0,16.4761505126953,"SouthAfrica"
2022-08-02,16.8060493469238,16.913200378418,16.6324005126953,16.8060493469238,0,16.8060493469238,"SouthAfrica"
2022-08-03,16.7397003173828,16.8188991546631,16.664400100708,16.7397003173828,0,16.7397003173828,"SouthAfrica"
2022-08-04,16.5755500793457,16.8575992584229,16.5401000976562,16.5755500793457,0,16.5755500793457,"SouthAfrica"
2022-08-07,16.7726001739502,16.7928600311279,16.5636005401611,16.7726001739502,0,16.7726001739502,"SouthAfrica"
2022-08-08,16.6254005432129,16.6604995727539,16.5454998016357,16.6254005432129,0,16.6254005432129,"SouthAfrica"
2022-08-09,16.566499710083,16.6265506744385,16.1161003112793,16.566499710083,0,16.566499710083,"SouthAfrica"
2022-08-10,16.171760559082,16.2569999694824,16.1096992492676,16.171760559082,0,16.171760559082,"SouthAfrica"
2022-08-11,16.2367992401123,16.2994003295898,16.1530990600586,16.2367992401123,0,16.2367992401123,"SouthAfrica"
2022-08-14,16.1805992126465,16.4250392913818,16.175500869751,16.235200881958,0,16.235200881958,"SouthAfrica"
2022-08-15,16.4211101531982,16.5028705596924,16.3901996612549,16.4211101531982,0,16.4211101531982,"SouthAfrica"
2022-08-16,16.3652000427246,16.6840991973877,16.3332996368408,16.3652000427246,0,16.3652000427246,"SouthAfrica"
2022-08-17,16.6450004577637,16.8414001464844,16.6207008361816,16.6450004577637,0,16.6450004577637,"SouthAfrica"
2022-08-18,16.8528995513916,17.0272006988525,16.8374996185303,16.8528995513916,0,16.8528995513916,"SouthAfrica"
2022-08-21,17.0074100494385,17.0908298492432,16.9663696289062,17.0074100494385,0,17.0074100494385,"SouthAfrica"
2022-08-22,16.9891109466553,17.1280193328857,16.9087009429932,16.9891109466553,0,16.9891109466553,"SouthAfrica"
2022-08-23,16.9598407745361,17.06369972229,16.9058990478516,16.9598407745361,0,16.9598407745361,"SouthAfrica"
2022-08-24,16.9102001190186,16.9462890625,16.7418994903564,16.9102001190186,0,16.9102001190186,"SouthAfrica"
2022-08-25,16.7085704803467,16.8670997619629,16.7112998962402,16.7085704803467,0,16.7085704803467,"SouthAfrica"
2022-08-28,16.9112491607666,17.005989074707,16.7786998748779,16.9112491607666,0,16.9112491607666,"SouthAfrica"
2022-08-29,16.8096408843994,16.9727993011475,16.7451000213623,16.8096408843994,0,16.8096408843994,"SouthAfrica"
2022-08-30,16.957799911499,17.08717918396,16.8586292266846,16.957799911499,0,16.957799911499,"SouthAfrica"
2022-08-31,17.1052093505859,17.3049297332764,17.0883007049561,17.1052093505859,0,17.1052093505859,"SouthAfrica"
2022-09-01,17.2518997192383,17.3456993103027,17.172700881958,17.2518997192383,0,17.2518997192383,"SouthAfrica"
2022-09-04,17.3008995056152,17.4180393218994,17.1464996337891,17.3008995056152,0,17.3008995056152,"SouthAfrica"
2022-09-05,17.1622009277344,17.3313007354736,17.0179004669189,17.1622009277344,0,17.1622009277344,"SouthAfrica"
2022-09-06,17.2766208648682,17.4615001678467,17.2628002166748,17.2766208648682,0,17.2766208648682,"SouthAfrica"
2022-09-07,17.2380199432373,17.5020008087158,17.2196502685547,17.2380199432373,0,17.2380199432373,"SouthAfrica"
2022-09-08,17.49169921875,17.4962501525879,17.2147998809814,17.49169921875,0,17.49169921875,"SouthAfrica"
2022-09-11,17.2430000305176,17.3101005554199,17.0408992767334,17.2430000305176,0,17.2430000305176,"SouthAfrica"
2022-09-12,17.0795803070068,17.3924999237061,16.9923000335693,17.0795803070068,0,17.0795803070068,"SouthAfrica"
2022-09-13,17.3918991088867,17.4929599761963,17.3591995239258,17.3918991088867,0,17.3918991088867,"SouthAfrica"
2022-09-14,17.4733009338379,17.5713500976562,17.4283008575439,17.4733009338379,0,17.4733009338379,"SouthAfrica"
2022-09-15,17.5639991760254,17.7115001678467,17.5368995666504,17.5639991760254,0,17.5639991760254,"SouthAfrica"
2022-09-18,17.6095294952393,17.7835006713867,17.5846996307373,17.6095294952393,0,17.6095294952393,"SouthAfrica"
2022-09-19,17.6259994506836,17.8056507110596,17.5900993347168,17.6259994506836,0,17.6259994506836,"SouthAfrica"
2022-09-20,17.6881008148193,17.7779998779297,17.6210994720459,17.6881008148193,0,17.6881008148193,"SouthAfrica"
2022-09-21,17.7147998809814,17.791410446167,17.4444999694824,17.7147998809814,0,17.7147998809814,"SouthAfrica"
2022-09-22,17.5594902038574,17.9549999237061,17.5289001464844,17.5594902038574,0,17.5594902038574,"SouthAfrica"
2022-09-25,17.9370002746582,18.1087398529053,17.9053001403809,17.9370002746582,0,17.9370002746582,"SouthAfrica"
2022-09-26,18.0620994567871,18.0645999908447,17.8358001708984,18.0620994567871,0,18.0620994567871,"SouthAfrica"
2022-09-27,17.9827003479004,18.2119998931885,17.8589096069336,17.9827003479004,0,17.9827003479004,"SouthAfrica"
2022-09-28,17.8546009063721,18.0984992980957,17.8071994781494,17.8546009063721,0,17.8546009063721,"SouthAfrica"
2022-09-29,17.9655895233154,18.0776996612549,17.8706703186035,17.9655895233154,0,17.9655895233154,"SouthAfrica"
2022-10-02,18.0524997711182,18.1058006286621,17.8201999664307,18.0524997711182,0,18.0524997711182,"SouthAfrica"
2022-10-03,17.6312999725342,17.8546009063721,17.6095008850098,17.6312999725342,0,17.6312999725342,"SouthAfrica"
2022-10-04,17.6278991699219,17.8868503570557,16.9626998901367,17.6278991699219,0,17.6278991699219,"SouthAfrica"
2022-10-05,17.7895698547363,18.0006294250488,17.6343002319336,17.7895698547363,0,17.7895698547363,"SouthAfrica"
2022-10-06,17.9612007141113,18.1531505584717,17.9344997406006,17.9612007141113,0,17.9612007141113,"SouthAfrica"
2022-10-09,18.0949993133545,18.2332000732422,18.0051002502441,18.0949993133545,0,18.0949993133545,"SouthAfrica"
2022-10-10,18.0818996429443,18.1792507171631,18.0035991668701,18.0818996429443,0,18.0818996429443,"SouthAfrica"
2022-10-11,18.1399993896484,18.2954006195068,18.0851001739502,18.1399993896484,0,18.1399993896484,"SouthAfrica"
2022-10-12,18.2754001617432,18.558219909668,18.1602993011475,18.2754001617432,0,18.2754001617432,"SouthAfrica"
2022-10-13,18.2264995574951,18.308500289917,18.0237007141113,18.2264995574951,0,18.2264995574951,"SouthAfrica"
2022-10-16,18.2346000671387,18.3176002502441,17.988899230957,18.2346000671387,0,18.2346000671387,"SouthAfrica"
2022-10-17,18.0561008453369,18.1832008361816,17.930700302124,18.0561008453369,0,18.0561008453369,"SouthAfrica"
2022-10-18,18.0620994567871,18.2829399108887,18.0251693725586,18.0620994567871,0,18.0620994567871,"SouthAfrica"
2022-10-19,18.1968994140625,18.3719100952148,18.0000896453857,18.1968994140625,0,18.1968994140625,"SouthAfrica"
2022-10-20,18.2971000671387,18.5259990692139,18.1045207977295,18.2971000671387,0,18.2971000671387,"SouthAfrica"
2022-10-23,18.0347003936768,18.4499492645264,18.0358009338379,18.0347003936768,0,18.0347003936768,"SouthAfrica"
2022-10-24,18.395299911499,18.4979991912842,18.1800003051758,18.395299911499,0,18.395299911499,"SouthAfrica"
2022-10-25,18.1846008300781,18.2443809509277,17.9030990600586,18.1846008300781,0,18.1846008300781,"SouthAfrica"
2022-10-26,17.9092998504639,18.0960006713867,17.8311996459961,17.9092998504639,0,17.9092998504639,"SouthAfrica"
2022-10-27,17.9356994628906,18.1748008728027,17.8582992553711,17.9356994628906,0,17.9356994628906,"SouthAfrica"
2022-10-31,18.1149997711182,18.392749786377,18.0949993133545,18.1149997711182,0,18.1149997711182,"SouthAfrica"
2022-11-01,18.3027000427246,18.3535594940186,18.0555992126465,18.3027000427246,0,18.3027000427246,"SouthAfrica"
2022-11-02,18.2087993621826,18.2208995819092,17.9727001190186,18.2087993621826,0,18.2087993621826,"SouthAfrica"
2022-11-03,18.230899810791,18.5205707550049,18.1770000457764,18.230899810791,0,18.230899810791,"SouthAfrica"
2022-11-04,18.374849319458,18.3936004638672,17.9477996826172,18.374849319458,0,18.374849319458,"SouthAfrica"
2022-11-07,17.9703502655029,18.0527992248535,17.6770000457764,17.9703502655029,0,17.9703502655029,"SouthAfrica"
2022-11-08,17.7105007171631,17.8637008666992,17.613410949707,17.7105007171631,0,17.7105007171631,"SouthAfrica"
2022-11-09,17.7007007598877,17.8531093597412,17.6474990844727,17.7007007598877,0,17.7007007598877,"SouthAfrica"
2022-11-10,17.7502994537354,17.832950592041,17.409200668335,17.7502994537354,0,17.7502994537354,"SouthAfrica"
2022-11-11,17.3409004211426,17.4507007598877,17.2089900970459,17.3409004211426,0,17.3409004211426,"SouthAfrica"
2022-11-14,17.2448997497559,17.3708000183105,17.0341300964355,17.2448997497559,0,17.2448997497559,"SouthAfrica"
2022-11-15,17.2870998382568,17.3332996368408,17.1158008575439,17.2870998382568,0,17.2870998382568,"SouthAfrica"
2022-11-16,17.2905006408691,17.4090995788574,17.1340999603271,17.2905006408691,0,17.2905006408691,"SouthAfrica"
2022-11-17,17.2346992492676,17.5522003173828,17.1895008087158,17.2346992492676,0,17.2346992492676,"SouthAfrica"
2022-11-18,17.3118991851807,17.4118003845215,17.216890335083,17.3118991851807,0,17.3118991851807,"SouthAfrica"
2022-11-21,17.1951503753662,17.4592990875244,17.1949996948242,17.1951503753662,0,17.1951503753662,"SouthAfrica"
2022-11-22,17.3241004943848,17.3521003723145,17.2371006011963,17.3241004943848,0,17.3241004943848,"SouthAfrica"
2022-11-23,17.2465000152588,17.2658004760742,16.9808292388916,17.2465000152588,0,17.2465000152588,"SouthAfrica"
2022-11-24,16.9687995910645,17.0466003417969,16.8736000061035,16.9687995910645,0,16.9687995910645,"SouthAfrica"
2022-11-25,17.0005893707275,17.1787700653076,16.9235000610352,17.0005893707275,0,17.0005893707275,"SouthAfrica"
2022-11-28,17.0976009368896,17.1826992034912,17.0594005584717,17.0762996673584,0,17.0762996673584,"SouthAfrica"
2022-11-29,17.1270008087158,17.184440612793,16.931209564209,17.1270008087158,0,17.1270008087158,"SouthAfrica"
2022-11-30,16.9680500030518,17.033130645752,16.8949508666992,16.9680500030518,0,16.9680500030518,"SouthAfrica"
2022-12-01,17.1096992492676,17.9545001983643,16.9389991760254,17.1096992492676,0,17.1096992492676,"SouthAfrica"
2022-12-02,17.524829864502,17.6240005493164,17.07200050354,17.524829864502,0,17.524829864502,"SouthAfrica"
2022-12-05,17.2898006439209,17.4664897918701,17.1492900848389,17.2898006439209,0,17.2898006439209,"SouthAfrica"
2022-12-06,17.4432907104492,17.4950294494629,17.2588996887207,17.4432907104492,0,17.4432907104492,"SouthAfrica"
2022-12-07,17.315299987793,17.4067001342773,17.0622501373291,17.315299987793,0,17.315299987793,"SouthAfrica"
2022-12-08,17.1525897979736,17.2261390686035,17.0877990722656,17.1525897979736,0,17.1525897979736,"SouthAfrica"
2022-12-09,17.1571006774902,17.3808994293213,17.0459804534912,17.1571006774902,0,17.1571006774902,"SouthAfrica"
2022-12-12,17.3208999633789,17.6355991363525,17.2374000549316,17.3208999633789,0,17.3208999633789,"SouthAfrica"
2022-12-13,17.5655002593994,17.7498397827148,17.2129001617432,17.5655002593994,0,17.5655002593994,"SouthAfrica"
2022-12-14,17.233699798584,17.3386001586914,17.0632991790771,17.233699798584,0,17.233699798584,"SouthAfrica"
2022-12-15,17.1590900421143,17.4894008636475,17.1361293792725,17.1590900421143,0,17.1590900421143,"SouthAfrica"
2022-12-16,17.4990005493164,17.7187194824219,17.3921298980713,17.4990005493164,0,17.4990005493164,"SouthAfrica"
2022-12-19,17.5722007751465,17.6891994476318,17.1935806274414,17.5722007751465,0,17.5722007751465,"SouthAfrica"
2022-12-20,17.3327007293701,17.4325294494629,17.1844997406006,17.3327007293701,0,17.3327007293701,"SouthAfrica"
2022-12-21,17.3078002929688,17.3556003570557,17.130500793457,17.3078002929688,0,17.3078002929688,"SouthAfrica"
2022-12-22,17.1797008514404,17.2089004516602,16.968599319458,17.1797008514404,0,17.1797008514404,"SouthAfrica"
2022-12-23,17.1200008392334,17.1697292327881,16.9496002197266,17.1200008392334,0,17.1200008392334,"SouthAfrica"
2022-12-26,16.9594993591309,17.0436992645264,16.7112007141113,16.9594993591309,0,16.9594993591309,"SouthAfrica"
2022-12-27,17.0204906463623,17.3138103485107,16.8875999450684,17.0204906463623,0,17.0204906463623,"SouthAfrica"
2022-12-28,17.1935005187988,17.2823009490967,17.0948009490967,17.1935005187988,0,17.1935005187988,"SouthAfrica"
2022-12-29,17.0450992584229,17.1266002655029,16.8719005584717,17.0450992584229,0,17.0450992584229,"SouthAfrica"
2022-12-30,16.9206008911133,17.030179977417,16.889799118042,16.9206008911133,0,16.9206008911133,"SouthAfrica"
2023-01-02,16.8999996185303,17.0371494293213,16.8544006347656,16.8999996185303,0,16.8999996185303,"SouthAfrica"
2023-01-03,16.8851890563965,17.1406803131104,16.8775005340576,16.8851890563965,0,16.8851890563965,"SouthAfrica"
2023-01-04,17.011999130249,17.0195007324219,16.7850799560547,17.011999130249,0,17.011999130249,"SouthAfrica"
2023-01-05,16.8704891204834,17.2936000823975,16.8351097106934,16.8704891204834,0,16.8704891204834,"SouthAfrica"
2023-01-06,17.150899887085,17.4137001037598,17.082799911499,17.150899887085,0,17.150899887085,"SouthAfrica"
2023-01-09,17.0900001525879,17.1105995178223,16.8796997070312,17.0900001525879,0,17.0900001525879,"SouthAfrica"
2023-01-10,16.9169998168945,17.1307697296143,16.7849998474121,16.9169998168945,0,16.9169998168945,"SouthAfrica"
2023-01-11,16.7922992706299,17.0620994567871,16.7930107116699,16.7922992706299,0,16.7922992706299,"SouthAfrica"
2023-01-12,16.8972797393799,16.9640598297119,16.6826992034912,16.8972797393799,0,16.8972797393799,"SouthAfrica"
2023-01-13,16.7097702026367,16.9215297698975,16.6660003662109,16.7097702026367,0,16.7097702026367,"SouthAfrica"
2023-01-16,16.7800006866455,17.1184005737305,16.3539009094238,16.7800006866455,0,16.7800006866455,"SouthAfrica"
2023-01-17,17.043270111084,17.1681003570557,16.949800491333,17.043270111084,0,17.043270111084,"SouthAfrica"
2023-01-18,17.0522003173828,17.0956001281738,16.8215007781982,17.0522003173828,0,17.0522003173828,"SouthAfrica"
2023-01-19,17.1112003326416,17.3707695007324,17.0769195556641,17.1112003326416,0,17.1112003326416,"SouthAfrica"
2023-01-20,17.2821998596191,17.3472900390625,17.1098003387451,17.2821998596191,0,17.2821998596191,"SouthAfrica"
2023-01-23,17.0874996185303,17.2196006774902,16.9514007568359,17.0874996185303,0,17.0874996185303,"SouthAfrica"
2023-01-24,17.1481895446777,17.3082809448242,17.1419296264648,17.1481895446777,0,17.1481895446777,"SouthAfrica"
2023-01-25,17.0054893493652,17.2548999786377,17.0042991638184,17.0054893493652,0,17.0054893493652,"SouthAfrica"
2023-01-26,17.1107902526855,17.2511005401611,17.0116996765137,17.1107902526855,0,17.1107902526855,"SouthAfrica"
2023-01-27,17.1585006713867,17.276050567627,17.1324996948242,17.1585006713867,0,17.1585006713867,"SouthAfrica"
2023-01-30,17.1895999908447,17.3875007629395,17.1529006958008,17.1895999908447,0,17.1895999908447,"SouthAfrica"
2023-01-31,17.3787002563477,17.4863395690918,17.3500003814697,17.3787002563477,0,17.3787002563477,"SouthAfrica"
2023-02-01,17.4113998413086,17.426700592041,17.156099319458,17.4113998413086,0,17.4113998413086,"SouthAfrica"
2023-02-02,16.9974994659424,17.1159992218018,16.9221000671387,16.9974994659424,0,16.9974994659424,"SouthAfrica"
2023-02-03,17.0690002441406,17.4781494140625,16.9265003204346,17.0690002441406,0,17.0690002441406,"SouthAfrica"
2023-02-06,17.4321002960205,17.7024002075195,17.423999786377,17.4321002960205,0,17.4321002960205,"SouthAfrica"
2023-02-07,17.6544990539551,17.6861991882324,17.5499000549316,17.6544990539551,0,17.6544990539551,"SouthAfrica"
2023-02-08,17.5137004852295,17.8199291229248,17.4744300842285,17.5137004852295,0,17.5137004852295,"SouthAfrica"
2023-02-09,17.7195491790771,17.7628993988037,17.5870494842529,17.7195491790771,0,17.7195491790771,"SouthAfrica"
2023-02-10,17.7406005859375,17.9512004852295,17.7097492218018,17.7406005859375,0,17.7406005859375,"SouthAfrica"
2023-02-13,17.93630027771,18.0804500579834,17.820499420166,17.9211006164551,0,17.9211006164551,"SouthAfrica"
2023-02-14,17.8104000091553,17.9369792938232,17.6604995727539,17.8104000091553,0,17.8104000091553,"SouthAfrica"
2023-02-15,17.860330581665,18.0806999206543,17.7859992980957,17.860330581665,0,17.860330581665,"SouthAfrica"
2023-02-16,18.019739151001,18.224100112915,17.8031005859375,18.019739151001,0,18.019739151001,"SouthAfrica"
2023-02-17,18.1222991943359,18.2904300689697,17.9939002990723,18.1222991943359,0,18.1222991943359,"SouthAfrica"
2023-02-20,18.0384998321533,18.1463108062744,17.9903392791748,18.0384998321533,0,18.0384998321533,"SouthAfrica"
2023-02-21,18.0505790710449,18.3099098205566,18.0529003143311,18.0505790710449,0,18.0505790710449,"SouthAfrica"
2023-02-22,18.2402992248535,18.38330078125,18.118200302124,18.2402992248535,0,18.2402992248535,"SouthAfrica"
2023-02-23,18.2047004699707,18.3681507110596,18.1065006256104,18.2047004699707,0,18.2047004699707,"SouthAfrica"
2023-02-24,18.202299118042,18.4827995300293,18.1826496124268,18.202299118042,0,18.202299118042,"SouthAfrica"
2023-02-27,18.3875007629395,18.484899520874,18.3295993804932,18.3875007629395,0,18.3875007629395,"SouthAfrica"
2023-02-28,18.3802299499512,18.5132007598877,18.2660999298096,18.3802299499512,0,18.3802299499512,"SouthAfrica"
2023-03-01,18.3134994506836,18.3696899414062,18.0940093994141,18.3134994506836,0,18.3134994506836,"SouthAfrica"
2023-03-02,18.0965003967285,18.2553997039795,18.0810508728027,18.0965003967285,0,18.0965003967285,"SouthAfrica"
2023-03-03,18.1664009094238,18.213939666748,18.073299407959,18.1664009094238,0,18.1664009094238,"SouthAfrica"
2023-03-06,18.1175003051758,18.2539005279541,18.1125507354736,18.1175003051758,0,18.1175003051758,"SouthAfrica"
2023-03-07,18.1702003479004,18.5732803344727,18.1343002319336,18.1702003479004,0,18.1702003479004,"SouthAfrica"
2023-03-08,18.3882999420166,18.7136497497559,18.4179992675781,18.3882999420166,0,18.3882999420166,"SouthAfrica"
2023-03-09,18.5219993591309,18.6662998199463,18.5158996582031,18.5219993591309,0,18.5219993591309,"SouthAfrica"
2023-03-10,18.5608005523682,18.5601005554199,18.1900005340576,18.5608005523682,0,18.5608005523682,"SouthAfrica"
2023-03-13,18.1972007751465,18.2992000579834,18.0900993347168,18.1972007751465,0,18.1972007751465,"SouthAfrica"
2023-03-14,18.1839008331299,18.3269996643066,18.042200088501,18.1839008331299,0,18.1839008331299,"SouthAfrica"
2023-03-15,18.1056995391846,18.4510097503662,18.0842990875244,18.1056995391846,0,18.1056995391846,"SouthAfrica"
2023-03-16,18.3647994995117,18.441499710083,18.2724094390869,18.3647994995117,0,18.3647994995117,"SouthAfrica"
2023-03-17,18.3384990692139,18.4319190979004,18.2252998352051,18.3384990692139,0,18.3384990692139,"SouthAfrica"
2023-03-20,18.3628997802734,18.5955009460449,18.3295993804932,18.4671001434326,0,18.4671001434326,"SouthAfrica"
2023-03-21,18.4963397979736,18.608190536499,18.4578990936279,18.4963397979736,0,18.4963397979736,"SouthAfrica"
2023-03-22,18.5125694274902,18.5621891021729,18.3096008300781,18.5125694274902,0,18.5125694274902,"SouthAfrica"
2023-03-23,18.2112007141113,18.2233505249023,18.0123996734619,18.2112007141113,0,18.2112007141113,"SouthAfrica"
2023-03-24,18.0661506652832,18.2870998382568,18.0548992156982,18.0661506652832,0,18.0661506652832,"SouthAfrica"
2023-03-26,18.146900177002,18.3477993011475,18.1396999359131,18.146900177002,0,18.146900177002,"SouthAfrica"
2023-03-27,18.2861995697021,18.3146991729736,18.1371002197266,18.2861995697021,0,18.2861995697021,"SouthAfrica"
2023-03-28,18.1434993743896,18.2005805969238,18.056999206543,18.1434993743896,0,18.1434993743896,"SouthAfrica"
2023-03-29,18.0859107971191,18.143030166626,17.7495002746582,18.0859107971191,0,18.0859107971191,"SouthAfrica"
2023-03-30,17.7399005889893,17.8680000305176,17.6938991546631,17.7399005889893,0,17.7399005889893,"SouthAfrica"
2023-04-02,17.8062496185303,17.9524002075195,17.7405700683594,17.8062496185303,0,17.8062496185303,"SouthAfrica"
2023-04-03,17.7957992553711,17.9740009307861,17.7465000152588,17.7957992553711,0,17.7957992553711,"SouthAfrica"
2023-04-04,17.8838500976562,18.0191993713379,17.8460998535156,17.8838500976562,0,17.8838500976562,"SouthAfrica"
2023-04-05,18.0629005432129,18.315559387207,18.0522994995117,18.0629005432129,0,18.0629005432129,"SouthAfrica"
2023-04-06,18.0823097229004,18.2915992736816,18.1336994171143,18.0823097229004,0,18.0823097229004,"SouthAfrica"
2023-04-09,18.2278995513916,18.5296096801758,18.2120990753174,18.1942005157471,0,18.1942005157471,"SouthAfrica"
2023-04-10,18.4829006195068,18.5034008026123,18.24880027771,18.4829006195068,0,18.4829006195068,"SouthAfrica"
2023-04-11,18.3362503051758,18.4520702362061,18.2462997436523,18.3362503051758,0,18.3362503051758,"SouthAfrica"
2023-04-12,18.4240894317627,18.4248008728027,18.0541000366211,18.4240894317627,0,18.4240894317627,"SouthAfrica"
2023-04-13,18.0347995758057,18.1534996032715,17.9766998291016,18.0347995758057,0,18.0347995758057,"SouthAfrica"
2023-04-16,18.0955009460449,18.3290004730225,18.0184993743896,18.0955009460449,0,18.0955009460449,"SouthAfrica"
2023-04-17,18.2914009094238,18.3230991363525,18.1291999816895,18.2914009094238,0,18.2914009094238,"SouthAfrica"
2023-04-18,18.1585006713867,18.3181495666504,18.0719699859619,18.1585006713867,0,18.1585006713867,"SouthAfrica"
2023-04-19,18.1662006378174,18.2029209136963,17.9913101196289,18.1662006378174,0,18.1662006378174,"SouthAfrica"
2023-04-20,17.8894004821777,18.1575508117676,17.8799991607666,17.8894004821777,0,17.8894004821777,"SouthAfrica"
2023-04-23,18.0771007537842,18.1991004943848,18.0324993133545,18.0771007537842,0,18.0771007537842,"SouthAfrica"
2023-04-24,18.1396007537842,18.3978004455566,18.1040992736816,18.1396007537842,0,18.1396007537842,"SouthAfrica"
2023-04-25,18.3174591064453,18.4524993896484,18.2108993530273,18.3174591064453,0,18.3174591064453,"SouthAfrica"
2023-04-26,18.3548393249512,18.388599395752,18.2084999084473,18.3548393249512,0,18.3548393249512,"SouthAfrica"
2023-04-27,18.2688503265381,18.4264602661133,18.2339000701904,18.2688503265381,0,18.2688503265381,"SouthAfrica"
2023-04-30,18.281400680542,18.3917598724365,18.2548999786377,18.281400680542,0,18.281400680542,"SouthAfrica"
2023-05-01,18.3556003570557,18.5037994384766,18.3269996643066,18.3556003570557,0,18.3556003570557,"SouthAfrica"
2023-05-02,18.4631900787354,18.4748992919922,18.2378005981445,18.4631900787354,0,18.4631900787354,"SouthAfrica"
2023-05-03,18.2722797393799,18.3438205718994,18.1690006256104,18.2722797393799,0,18.2722797393799,"SouthAfrica"
2023-05-04,18.2807998657227,18.4769802093506,18.1860008239746,18.2807998657227,0,18.2807998657227,"SouthAfrica"
2023-05-07,18.385950088501,18.4147891998291,18.2726001739502,18.385950088501,0,18.385950088501,"SouthAfrica"
2023-05-08,18.2828502655029,18.6212005615234,18.3093109130859,18.2828502655029,0,18.2828502655029,"SouthAfrica"
2023-05-09,18.5961494445801,18.9032497406006,18.6045894622803,18.5961494445801,0,18.5961494445801,"SouthAfrica"
2023-05-10,18.8484001159668,19.317699432373,18.8148002624512,18.8484001159668,0,18.8484001159668,"SouthAfrica"
2023-05-11,19.1704998016357,19.5097007751465,18.8882007598877,19.1704998016357,0,19.1704998016357,"SouthAfrica"
2023-05-14,19.1557998657227,19.1848907470703,18.9927005767822,19.1557998657227,0,19.1557998657227,"SouthAfrica"
2023-05-15,18.9969005584717,19.1606101989746,18.9871997833252,18.9969005584717,0,18.9969005584717,"SouthAfrica"
2023-05-16,19.0496006011963,19.3735408782959,19.046199798584,19.0496006011963,0,19.0496006011963,"SouthAfrica"
2023-05-17,19.2332992553711,19.4886894226074,19.2478008270264,19.2332992553711,0,19.2332992553711,"SouthAfrica"
2023-05-18,19.3038501739502,19.5196495056152,19.2404003143311,19.3038501739502,0,19.3038501739502,"SouthAfrica"
2023-05-21,19.4120006561279,19.4980201721191,19.2017002105713,19.4120006561279,0,19.4120006561279,"SouthAfrica"
2023-05-22,19.2485008239746,19.3134994506836,19.1634006500244,19.2485008239746,0,19.2485008239746,"SouthAfrica"
2023-05-23,19.1667995452881,19.3050708770752,19.1245002746582,19.1667995452881,0,19.1667995452881,"SouthAfrica"
2023-05-24,19.2271003723145,19.7772006988525,19.2196006774902,19.2271003723145,0,19.2271003723145,"SouthAfrica"
2023-05-25,19.7744998931885,19.8087005615234,19.5340003967285,19.7744998931885,0,19.7744998931885,"SouthAfrica"
2023-05-28,19.6448097229004,19.7310009002686,19.6082000732422,19.6448097229004,0,19.6448097229004,"SouthAfrica"
2023-05-29,19.6299896240234,19.863899230957,19.6319999694824,19.6299896240234,0,19.6299896240234,"SouthAfrica"
2023-05-30,19.6529102325439,19.8446006774902,19.658899307251,19.6529102325439,0,19.6529102325439,"SouthAfrica"
2023-05-31,19.6949501037598,19.9127502441406,19.5722999572754,19.6949501037598,0,19.6949501037598,"SouthAfrica"
2023-06-01,19.6109008789062,19.6527996063232,19.3962001800537,19.6109008789062,0,19.6109008789062,"SouthAfrica"
2023-06-04,19.5160007476807,19.5593299865723,19.2290306091309,19.5160007476807,0,19.5160007476807,"SouthAfrica"
2023-06-05,19.2411994934082,19.335750579834,19.1736602783203,19.2411994934082,0,19.2411994934082,"SouthAfrica"
2023-06-06,19.1688003540039,19.2997398376465,18.970100402832,19.1688003540039,0,19.1688003540039,"SouthAfrica"
2023-06-07,19.0674495697021,19.1022605895996,18.7975997924805,19.0674495697021,0,19.0674495697021,"SouthAfrica"
2023-06-08,18.8221492767334,18.8994998931885,18.6919002532959,18.8221492767334,0,18.8221492767334,"SouthAfrica"
2023-06-11,18.6818504333496,18.7481002807617,18.5091400146484,18.6818504333496,0,18.6818504333496,"SouthAfrica"
2023-06-12,18.5459804534912,18.6704006195068,18.2576007843018,18.5459804534912,0,18.5459804534912,"SouthAfrica"
2023-06-13,18.6002006530762,18.650520324707,18.2383995056152,18.6002006530762,0,18.6002006530762,"SouthAfrica"
2023-06-14,18.3006000518799,18.4671001434326,18.2367000579834,18.3006000518799,0,18.3006000518799,"SouthAfrica"
2023-06-15,18.1940498352051,18.2630996704102,18.1165008544922,18.1940498352051,0,18.1940498352051,"SouthAfrica"
2023-06-18,18.1996002197266,18.2693004608154,18.12380027771,18.1996002197266,0,18.1996002197266,"SouthAfrica"
2023-06-19,18.1478290557861,18.4575996398926,18.1263999938965,18.1478290557861,0,18.1478290557861,"SouthAfrica"
2023-06-20,18.3689002990723,18.4489002227783,18.3111991882324,18.3689002990723,0,18.3689002990723,"SouthAfrica"
2023-06-21,18.2878704071045,18.5275993347168,18.3026008605957,18.2878704071045,0,18.2878704071045,"SouthAfrica"
2023-06-22,18.4950008392334,18.7681999206543,18.4972705841064,18.4950008392334,0,18.4950008392334,"SouthAfrica"
2023-06-25,18.7320003509521,18.7437992095947,18.5424995422363,18.7320003509521,0,18.7320003509521,"SouthAfrica"
2023-06-26,18.6457004547119,18.6592597961426,18.4200000762939,18.6457004547119,0,18.6457004547119,"SouthAfrica"
2023-06-27,18.50830078125,18.7425003051758,18.5030994415283,18.50830078125,0,18.50830078125,"SouthAfrica"
2023-06-28,18.62380027771,18.8770008087158,18.6266994476318,18.62380027771,0,18.62380027771,"SouthAfrica"
2023-06-29,18.7495002746582,19.0362606048584,18.6849002838135,18.7495002746582,0,18.7495002746582,"SouthAfrica"
2023-07-02,18.827600479126,18.86669921875,18.6509990692139,18.8262996673584,0,18.8262996673584,"SouthAfrica"
2023-07-03,18.7362995147705,18.7828197479248,18.5984992980957,18.7362995147705,0,18.7362995147705,"SouthAfrica"
2023-07-04,18.6312999725342,18.8171997070312,18.6287994384766,18.6312999725342,0,18.6312999725342,"SouthAfrica"
2023-07-05,18.7584991455078,19.1406002044678,18.7412204742432,18.7584991455078,0,18.7584991455078,"SouthAfrica"
2023-07-06,19.0848999023438,19.1471996307373,18.8050003051758,19.0848999023438,0,19.0848999023438,"SouthAfrica"
2023-07-09,18.8209991455078,18.9531497955322,18.7472991943359,18.806999206543,0,18.806999206543,"SouthAfrica"
2023-07-10,18.7698993682861,18.800350189209,18.5182399749756,18.7698993682861,0,18.7698993682861,"SouthAfrica"
2023-07-11,18.4482002258301,18.5160503387451,18.1553993225098,18.4482002258301,0,18.4482002258301,"SouthAfrica"
2023-07-12,18.1226997375488,18.1791000366211,17.9071006774902,18.1226997375488,0,18.1226997375488,"SouthAfrica"
2023-07-13,17.9123001098633,18.1688499450684,17.8950004577637,17.9123001098633,0,17.9123001098633,"SouthAfrica"
2023-07-16,18.0802097320557,18.1916007995605,17.9871006011963,18.0788993835449,0,18.0788993835449,"SouthAfrica"
2023-07-17,18.0202007293701,18.035400390625,17.8020992279053,18.0202007293701,0,18.0202007293701,"SouthAfrica"
2023-07-18,17.8645000457764,17.9736995697021,17.8173198699951,17.8645000457764,0,17.8645000457764,"SouthAfrica"
2023-07-19,17.8336696624756,17.97825050354,17.7262001037598,17.8336696624756,0,17.8336696624756,"SouthAfrica"
2023-07-20,17.9099102020264,18.0629501342773,17.8481006622314,17.9099102020264,0,17.9099102020264,"SouthAfrica"
2023-07-23,17.9400997161865,18.0426406860352,17.7247009277344,17.9400997161865,0,17.9400997161865,"SouthAfrica"
2023-07-24,17.7251300811768,17.7448291778564,17.5202503204346,17.7251300811768,0,17.7251300811768,"SouthAfrica"
2023-07-25,17.5205001831055,17.7187900543213,17.5328006744385,17.5205001831055,0,17.5205001831055,"SouthAfrica"
2023-07-26,17.6100997924805,17.7409992218018,17.419849395752,17.6100997924805,0,17.6100997924805,"SouthAfrica"
2023-07-27,17.7890491485596,17.9668006896973,17.531099319458,17.7890491485596,0,17.7890491485596,"SouthAfrica"
2023-07-30,17.5979995727539,17.8152198791504,17.5039005279541,17.5979995727539,0,17.5979995727539,"SouthAfrica"
2023-07-31,17.8551998138428,18.2723999023438,17.8456993103027,17.8551998138428,0,17.8551998138428,"SouthAfrica"
2023-08-01,18.2401905059814,18.5759506225586,18.243200302124,18.2401905059814,0,18.2401905059814,"SouthAfrica"
2023-08-02,18.442699432373,18.7723999023438,18.3924007415771,18.442699432373,0,18.442699432373,"SouthAfrica"
2023-08-03,18.6389999389648,18.7439994812012,18.3757991790771,18.6389999389648,0,18.6389999389648,"SouthAfrica"
2023-08-06,18.4388008117676,18.7422294616699,18.425199508667,18.4388008117676,0,18.4388008117676,"SouthAfrica"
2023-08-07,18.6968002319336,18.9990005493164,18.6091003417969,18.6968002319336,0,18.6968002319336,"SouthAfrica"
2023-08-08,18.9074993133545,19.0804004669189,18.828800201416,18.9074993133545,0,18.9074993133545,"SouthAfrica"
2023-08-09,18.9514198303223,19.0018997192383,18.6625003814697,18.9514198303223,0,18.9514198303223,"SouthAfrica"
2023-08-10,18.8199005126953,18.9501991271973,18.7947998046875,18.8199005126953,0,18.8199005126953,"SouthAfrica"
2023-08-13,18.9232006072998,19.1606006622314,18.9146003723145,18.9232006072998,0,18.9232006072998,"SouthAfrica"
2023-08-14,19.0648994445801,19.2922992706299,18.9969005584717,19.0648994445801,0,19.0648994445801,"SouthAfrica"
2023-08-15,19.1376991271973,19.1984004974365,18.998929977417,19.1376991271973,0,19.1376991271973,"SouthAfrica"
2023-08-16,19.1744899749756,19.2453002929688,18.9531002044678,19.1744899749756,0,19.1744899749756,"SouthAfrica"
2023-08-17,19.051399230957,19.1536998748779,18.9206008911133,19.051399230957,0,19.051399230957,"SouthAfrica"
2023-08-20,18.9671993255615,19.0704898834229,18.934700012207,18.9671993255615,0,18.9671993255615,"SouthAfrica"
2023-08-21,18.9400005340576,18.9910297393799,18.7163505554199,18.9400005340576,0,18.9400005340576,"SouthAfrica"
2023-08-22,18.7699508666992,18.7998504638672,18.418399810791,18.7699508666992,0,18.7699508666992,"SouthAfrica"
2023-08-23,18.4540996551514,18.7924404144287,18.4489994049072,18.4540996551514,0,18.4540996551514,"SouthAfrica"
2023-08-24,18.7906303405762,18.8812007904053,18.5368499755859,18.7906303405762,0,18.7906303405762,"SouthAfrica"
2023-08-27,18.5821990966797,18.7421493530273,18.5254993438721,18.6182994842529,0,18.6182994842529,"SouthAfrica"
2023-08-28,18.5877990722656,18.6639709472656,18.4270000457764,18.5543003082275,0,18.5543003082275,"SouthAfrica"
2023-08-29,18.448299407959,18.6193809509277,18.4682006835938,18.448299407959,0,18.448299407959,"SouthAfrica"
2023-08-30,18.6939105987549,18.9355697631836,18.6513900756836,18.6939105987549,0,18.6939105987549,"SouthAfrica"
2023-08-31,18.8310508728027,18.8913993835449,18.6294002532959,18.8310508728027,0,18.8310508728027,"SouthAfrica"
2023-09-03,18.7969493865967,19.0732002258301,18.7317008972168,18.7969493865967,0,18.7969493865967,"SouthAfrica"
2023-09-04,19.0981006622314,19.2781505584717,19.1023998260498,19.0981006622314,0,19.0981006622314,"SouthAfrica"
2023-09-05,19.1177997589111,19.3292999267578,19.0902004241943,19.1177997589111,0,19.1177997589111,"SouthAfrica"
2023-09-06,19.2021999359131,19.2667007446289,19.1096000671387,19.2021999359131,0,19.2021999359131,"SouthAfrica"
2023-09-07,19.1308002471924,19.1762008666992,19.0235290527344,19.1308002471924,0,19.1308002471924,"SouthAfrica"
2023-09-10,19.0641994476318,19.1123008728027,18.8236999511719,19.0641994476318,0,19.0641994476318,"SouthAfrica"
2023-09-11,18.8414993286133,19.0384998321533,18.8421993255615,18.8414993286133,0,18.8414993286133,"SouthAfrica"
2023-09-12,18.9231090545654,18.9622993469238,18.74880027771,18.9231090545654,0,18.9231090545654,"SouthAfrica"
2023-09-13,18.8076095581055,18.9990100860596,18.7492008209229,18.8076095581055,0,18.8076095581055,"SouthAfrica"
2023-09-14,19.0267200469971,19.1045303344727,18.9451007843018,19.0267200469971,0,19.0267200469971,"SouthAfrica"
2023-09-17,18.9769802093506,19.0872001647949,18.9286994934082,18.9769802093506,0,18.9769802093506,"SouthAfrica"
2023-09-18,19.0056991577148,19.0467491149902,18.9097003936768,19.0056991577148,0,19.0056991577148,"SouthAfrica"
2023-09-19,18.9050006866455,18.9825706481934,18.7311992645264,18.9050006866455,0,18.9050006866455,"SouthAfrica"
2023-09-20,18.8504009246826,19.0244197845459,18.8011493682861,18.8504009246826,0,18.8504009246826,"SouthAfrica"
2023-09-21,18.9503993988037,18.9656295776367,18.695499420166,18.9503993988037,0,18.9503993988037,"SouthAfrica"
2023-09-24,18.7409992218018,18.8482494354248,18.7012004852295,18.7409992218018,0,18.7409992218018,"SouthAfrica"
2023-09-25,18.766300201416,19.0582008361816,18.7523994445801,18.766300201416,0,18.766300201416,"SouthAfrica"
2023-09-26,19.0611000061035,19.2113304138184,19.0240497589111,19.0611000061035,0,19.0611000061035,"SouthAfrica"
2023-09-27,19.1984004974365,19.2551002502441,18.970100402832,19.1984004974365,0,19.1984004974365,"SouthAfrica"
2023-09-28,18.9726696014404,19.0174198150635,18.7587509155273,18.9726696014404,0,18.9726696014404,"SouthAfrica"
2023-10-01,18.8791999816895,19.1968898773193,18.857400894165,18.8791999816895,0,18.8791999816895,"SouthAfrica"
2023-10-02,19.2119998931885,19.3756504058838,19.2042999267578,19.2119998931885,0,19.2119998931885,"SouthAfrica"
2023-10-03,19.2980995178223,19.4302005767822,19.1701107025146,19.2980995178223,0,19.2980995178223,"SouthAfrica"
2023-10-04,19.3195991516113,19.6362991333008,19.261999130249,19.3195991516113,0,19.3195991516113,"SouthAfrica"
2023-10-05,19.5072994232178,19.6348304748535,19.2521991729736,19.5072994232178,0,19.5072994232178,"SouthAfrica"
2023-10-08,19.3566703796387,19.4416999816895,19.283670425415,19.3566703796387,0,19.3566703796387,"SouthAfrica"
2023-10-09,19.1389007568359,19.3568000793457,19.0093002319336,19.1389007568359,0,19.1389007568359,"SouthAfrica"
2023-10-10,19.0002994537354,19.0643005371094,18.7879009246826,19.0002994537354,0,19.0002994537354,"SouthAfrica"
2023-10-11,18.8097896575928,19.0016002655029,18.7644004821777,18.8097896575928,0,18.8097896575928,"SouthAfrica"
2023-10-12,19.0116004943848,19.0375003814697,18.8379001617432,19.0116004943848,0,19.0116004943848,"SouthAfrica"
2023-10-15,18.9717502593994,18.9986000061035,18.7677993774414,18.9717502593994,0,18.9717502593994,"SouthAfrica"
2023-10-16,18.7747592926025,18.9141998291016,18.7083606719971,18.7747592926025,0,18.7747592926025,"SouthAfrica"
2023-10-17,18.7938995361328,19.0741500854492,18.6937694549561,18.7938995361328,0,18.7938995361328,"SouthAfrica"
2023-10-18,18.9717502593994,19.1527996063232,18.9382991790771,18.9717502593994,0,18.9717502593994,"SouthAfrica"
2023-10-19,19.0014991760254,19.1450004577637,18.9162006378174,19.0014991760254,0,19.0014991760254,"SouthAfrica"
2023-10-22,18.9705009460449,19.1389598846436,18.8997497558594,18.9705009460449,0,18.9705009460449,"SouthAfrica"
2023-10-23,18.9511203765869,19.1324596405029,18.8430004119873,18.9511203765869,0,18.9511203765869,"SouthAfrica"
2023-10-24,19.0098991394043,19.1928005218506,18.9798793792725,19.0098991394043,0,19.0098991394043,"SouthAfrica"
2023-10-25,19.1270008087158,19.2691993713379,18.9465007781982,19.1270008087158,0,19.1270008087158,"SouthAfrica"
2023-10-26,18.9326992034912,18.9627990722656,18.7427005767822,18.9326992034912,0,18.9326992034912,"SouthAfrica"
2023-10-30,18.76535987854,18.8514003753662,18.74049949646,18.76535987854,0,18.76535987854,"SouthAfrica"
2023-10-31,18.8346996307373,18.9402198791504,18.6543006896973,18.8346996307373,0,18.8346996307373,"SouthAfrica"
2023-11-01,18.6177997589111,18.744800567627,18.538200378418,18.6177997589111,0,18.6177997589111,"SouthAfrica"
2023-11-02,18.4472999572754,18.5237007141113,18.3120994567871,18.4472999572754,0,18.4472999572754,"SouthAfrica"
2023-11-03,18.402099609375,18.4706001281738,18.2171001434326,18.402099609375,0,18.402099609375,"SouthAfrica"
2023-11-06,18.2628993988037,18.3577003479004,18.1613006591797,18.2628993988037,0,18.2628993988037,"SouthAfrica"
2023-11-07,18.2901000976562,18.4281196594238,18.278600692749,18.2901000976562,0,18.2901000976562,"SouthAfrica"
2023-11-08,18.3334999084473,18.5386009216309,18.2991008758545,18.3334999084473,0,18.3334999084473,"SouthAfrica"
2023-11-09,18.4818992614746,18.6527996063232,18.4342002868652,18.4818992614746,0,18.4818992614746,"SouthAfrica"
2023-11-10,18.6536998748779,18.7986698150635,18.6204490661621,18.6536998748779,0,18.6536998748779,"SouthAfrica"
2023-11-13,18.7264308929443,18.8008995056152,18.6436004638672,18.7264308929443,0,18.7264308929443,"SouthAfrica"
2023-11-14,18.6744003295898,18.7774200439453,18.3062000274658,18.6744003295898,0,18.6744003295898,"SouthAfrica"
2023-11-15,18.2215099334717,18.2639007568359,18.0949993133545,18.2215099334717,0,18.2215099334717,"SouthAfrica"
2023-11-16,18.1791000366211,18.4193992614746,18.1445007324219,18.1791000366211,0,18.1791000366211,"SouthAfrica"
2023-11-17,18.3647994995117,18.4302997589111,18.2497997283936,18.3647994995117,0,18.3647994995117,"SouthAfrica"
2023-11-20,18.3335990905762,18.448600769043,18.2238006591797,18.3335990905762,0,18.3335990905762,"SouthAfrica"
2023-11-21,18.3237895965576,18.5737495422363,18.2586994171143,18.3237895965576,0,18.3237895965576,"SouthAfrica"
2023-11-22,18.6073398590088,18.8731994628906,18.5482997894287,18.6073398590088,0,18.6073398590088,"SouthAfrica"
2023-11-23,18.8705902099609,18.8766994476318,18.6996994018555,18.8705902099609,0,18.8705902099609,"SouthAfrica"
2023-11-24,18.8064308166504,18.9535999298096,18.7537994384766,18.8064308166504,0,18.8064308166504,"SouthAfrica"
2023-11-27,18.7828903198242,18.8437995910645,18.6184997558594,18.7828903198242,0,18.7828903198242,"SouthAfrica"
2023-11-28,18.6429004669189,18.7523994445801,18.582799911499,18.6429004669189,0,18.6429004669189,"SouthAfrica"
2023-11-29,18.5727996826172,18.691499710083,18.4596996307373,18.5727996826172,0,18.5727996826172,"SouthAfrica"
2023-11-30,18.7292995452881,18.9641990661621,18.6686000823975,18.7292995452881,0,18.7292995452881,"SouthAfrica"
2023-12-01,18.8385696411133,18.8752994537354,18.599100112915,18.8385696411133,0,18.8385696411133,"SouthAfrica"
2023-12-04,18.588399887085,18.8507995605469,18.5846691131592,18.588399887085,0,18.588399887085,"SouthAfrica"
2023-12-05,18.7971706390381,19.020299911499,18.7425994873047,18.7971706390381,0,18.7971706390381,"SouthAfrica"
2023-12-06,18.9489994049072,18.994800567627,18.8101005554199,18.9489994049072,0,18.9489994049072,"SouthAfrica"
2023-12-07,18.9605598449707,18.9884204864502,18.7252998352051,18.9605598449707,0,18.9605598449707,"SouthAfrica"
2023-12-08,18.8059005737305,18.9801807403564,18.7275009155273,18.8059005737305,0,18.8059005737305,"SouthAfrica"
2023-12-11,18.9039897918701,19.137300491333,18.8875999450684,18.9039897918701,0,18.9039897918701,"SouthAfrica"
2023-12-12,19.0725002288818,19.0827007293701,18.8404998779297,19.0725002288818,0,19.0725002288818,"SouthAfrica"
2023-12-13,18.9242992401123,19.0977001190186,18.7362995147705,18.9242992401123,0,18.9242992401123,"SouthAfrica"
2023-12-14,18.6524295806885,18.7075004577637,18.281099319458,18.6524295806885,0,18.6524295806885,"SouthAfrica"
2023-12-15,18.3127994537354,18.4169998168945,18.1009998321533,18.3127994537354,0,18.3127994537354,"SouthAfrica"
2023-12-18,18.2867908477783,18.6590995788574,18.2415504455566,18.2867908477783,0,18.2867908477783,"SouthAfrica"
2023-12-19,18.5779991149902,18.6128005981445,18.3138008117676,18.5769996643066,0,18.5769996643066,"SouthAfrica"
2023-12-20,18.3250999450684,18.3967990875244,18.2222995758057,18.3250999450684,0,18.3250999450684,"SouthAfrica"
2023-12-21,18.2523498535156,18.3913497924805,18.2052001953125,18.2523498535156,0,18.2523498535156,"SouthAfrica"
2023-12-22,18.3400001525879,18.5287990570068,18.2390003204346,18.163200378418,0,18.163200378418,"SouthAfrica"
2023-12-25,18.4666004180908,18.4906997680664,17.9719009399414,18.4666004180908,0,18.4666004180908,"SouthAfrica"
2023-12-26,18.4461994171143,18.7353000640869,18.4064998626709,18.4461994171143,0,18.4461994171143,"SouthAfrica"
2023-12-27,18.6490001678467,18.6688709259033,18.3285007476807,18.6490001678467,0,18.6490001678467,"SouthAfrica"
2023-12-28,18.3480796813965,18.6022205352783,18.2978000640869,18.3480796813965,0,18.3480796813965,"SouthAfrica"
2023-12-29,18.5673007965088,18.5890007019043,18.265100479126,18.5673007965088,0,18.5673007965088,"SouthAfrica"
2024-01-01,18.2695999145508,18.3465995788574,18.268970489502,18.2695999145508,0,18.2695999145508,"SouthAfrica"
2024-01-02,18.3003997802734,18.5893993377686,18.2248992919922,18.3003997802734,0,18.3003997802734,"SouthAfrica"
2024-01-03,18.5555896759033,18.8296298980713,18.5110702514648,18.5555896759033,0,18.5555896759033,"SouthAfrica"
2024-01-04,18.6742992401123,18.7600002288818,18.5988998413086,18.6742992401123,0,18.6742992401123,"SouthAfrica"
2024-01-05,18.6868991851807,18.9496994018555,18.5889797210693,18.6868991851807,0,18.6868991851807,"SouthAfrica"
2024-01-08,18.6702899932861,18.8036994934082,18.5536994934082,18.6702899932861,0,18.6702899932861,"SouthAfrica"
2024-01-09,18.5641994476318,18.7168807983398,18.5226993560791,18.5641994476318,0,18.5641994476318,"SouthAfrica"
2024-01-10,18.6387805938721,18.7493991851807,18.5928497314453,18.6387805938721,0,18.6387805938721,"SouthAfrica"
2024-01-11,18.6317596435547,18.7311992645264,18.5702209472656,18.6317596435547,0,18.6317596435547,"SouthAfrica"
2024-01-12,18.6450996398926,18.68869972229,18.5317001342773,18.6450996398926,0,18.6450996398926,"SouthAfrica"
2024-01-15,18.6065807342529,18.7089996337891,18.5956401824951,18.6065807342529,0,18.6065807342529,"SouthAfrica"
2024-01-16,18.6490993499756,18.9853992462158,18.6888999938965,18.6490993499756,0,18.6490993499756,"SouthAfrica"
2024-01-17,18.9590892791748,19.1839199066162,18.929500579834,18.9590892791748,0,18.9590892791748,"SouthAfrica"
2024-01-18,19.0792007446289,19.0556392669678,18.8728008270264,19.0792007446289,0,19.0792007446289,"SouthAfrica"
2024-01-19,18.9211006164551,19.0792999267578,18.8892993927002,18.9211006164551,0,18.9211006164551,"SouthAfrica"
2024-01-22,19.0098991394043,19.2009906768799,18.9918994903564,19.0088996887207,0,19.0088996887207,"SouthAfrica"
2024-01-23,19.1933002471924,19.2062397003174,18.9827003479004,19.1933002471924,0,19.1933002471924,"SouthAfrica"
2024-01-24,18.913200378418,19.0568695068359,18.7908000946045,18.913200378418,0,18.913200378418,"SouthAfrica"
2024-01-25,18.8779792785645,18.9416999816895,18.8020000457764,18.8779792785645,0,18.8779792785645,"SouthAfrica"
2024-01-26,18.8803997039795,18.948299407959,18.7233009338379,18.8803997039795,0,18.8803997039795,"SouthAfrica"
2024-01-29,18.7570304870605,18.8269004821777,18.7327995300293,18.7570304870605,0,18.7570304870605,"SouthAfrica"
2024-01-30,18.7784996032715,18.9115009307861,18.7757892608643,18.7784996032715,0,18.7784996032715,"SouthAfrica"
2024-01-31,18.7793006896973,18.8446006774902,18.5818996429443,18.7793006896973,0,18.7793006896973,"SouthAfrica"
2024-02-01,18.6135196685791,18.7738990783691,18.5598106384277,18.6135196685791,0,18.6135196685791,"SouthAfrica"
2024-02-02,18.565299987793,18.9258995056152,18.5254001617432,18.565299987793,0,18.565299987793,"SouthAfrica"
2024-02-05,18.8823204040527,19.1044998168945,18.8603000640869,18.8823204040527,0,18.8823204040527,"SouthAfrica"
2024-02-06,19.048900604248,19.0772495269775,18.8486003875732,19.048900604248,0,19.048900604248,"SouthAfrica"
2024-02-07,18.8176002502441,18.9393005371094,18.769100189209,18.8176002502441,0,18.8176002502441,"SouthAfrica"
2024-02-08,18.8987007141113,19.00119972229,18.8372001647949,18.8987007141113,0,18.8987007141113,"SouthAfrica"
2024-02-09,18.9664001464844,19.05299949646,18.9067001342773,18.9664001464844,0,18.9664001464844,"SouthAfrica"
2024-02-12,18.9760494232178,19.0584201812744,18.9246997833252,18.9760494232178,0,18.9760494232178,"SouthAfrica"
2024-02-13,18.8985996246338,19.1298007965088,18.7875995635986,18.8985996246338,0,18.8985996246338,"SouthAfrica"
2024-02-14,19.0765991210938,19.1874008178711,18.9729995727539,19.0765991210938,0,19.0765991210938,"SouthAfrica"
2024-02-15,19.0285606384277,19.0717105865479,18.926399230957,19.0285606384277,0,19.0285606384277,"SouthAfrica"
2024-02-16,18.9395294189453,18.9812602996826,18.8477993011475,18.9395294189453,0,18.9395294189453,"SouthAfrica"
2024-02-19,18.8241405487061,19.0002994537354,18.8241405487061,18.8251094818115,0,18.8251094818115,"SouthAfrica"
2024-02-20,18.9393100738525,19.0741500854492,18.7896995544434,18.9393100738525,0,18.9393100738525,"SouthAfrica"
2024-02-21,18.9064998626709,18.9381999969482,18.7537994384766,18.9064998626709,0,18.9064998626709,"SouthAfrica"
2024-02-22,18.8961296081543,19.1816997528076,18.8136005401611,18.8961296081543,0,18.8961296081543,"SouthAfrica"
2024-02-23,19.1478004455566,19.379430770874,19.0888996124268,19.1478004455566,0,19.1478004455566,"SouthAfrica"
2024-02-26,19.298849105835,19.3558006286621,19.2455997467041,19.3057994842529,0,19.3057994842529,"SouthAfrica"
2024-02-27,19.2126007080078,19.318790435791,19.0625991821289,19.2126007080078,0,19.2126007080078,"SouthAfrica"
2024-02-28,19.0694007873535,19.3153991699219,19.0345001220703,19.0694007873535,0,19.0694007873535,"SouthAfrica"
2024-02-29,19.2530994415283,19.3190994262695,19.1462001800537,19.2530994415283,0,19.2530994415283,"SouthAfrica"
2024-03-01,19.180419921875,19.2423801422119,19.0098991394043,19.180419921875,0,19.180419921875,"SouthAfrica"
2024-03-04,19.0769996643066,19.1166000366211,18.9958992004395,19.0769996643066,0,19.0769996643066,"SouthAfrica"
2024-03-05,19.0303001403809,19.0916004180908,18.8938007354736,19.0303001403809,0,19.0303001403809,"SouthAfrica"
2024-03-06,18.9407005310059,18.9931201934814,18.7791996002197,18.9407005310059,0,18.9407005310059,"SouthAfrica"
2024-03-07,18.7754001617432,18.8668994903564,18.6686992645264,18.7754001617432,0,18.7754001617432,"SouthAfrica"
2024-03-08,18.6639003753662,18.7544803619385,18.5842990875244,18.6639003753662,0,18.6639003753662,"SouthAfrica"
2024-03-11,18.7978591918945,18.7987003326416,18.6203002929688,18.7978591918945,0,18.7978591918945,"SouthAfrica"
2024-03-12,18.6527004241943,18.761100769043,18.5387992858887,18.6527004241943,0,18.6527004241943,"SouthAfrica"
2024-03-13,18.6504993438721,18.7312202453613,18.5571002960205,18.6504993438721,0,18.6504993438721,"SouthAfrica"
2024-03-14,18.5536994934082,18.7863998413086,18.5244998931885,18.5536994934082,0,18.5536994934082,"SouthAfrica"
2024-03-15,18.7306003570557,18.7766990661621,18.6287002563477,18.7306003570557,0,18.7306003570557,"SouthAfrica"
2024-03-18,18.7497806549072,18.9955005645752,18.7341403961182,18.7497806549072,0,18.7497806549072,"SouthAfrica"
2024-03-19,18.9433002471924,19.0268802642822,18.8908004760742,18.9433002471924,0,18.9433002471924,"SouthAfrica"
2024-03-20,18.9087905883789,18.962869644165,18.7747993469238,18.9087905883789,0,18.9087905883789,"SouthAfrica"
2024-03-21,18.6723003387451,18.8680000305176,18.6383991241455,18.6723003387451,0,18.6723003387451,"SouthAfrica"
2024-03-22,18.8190994262695,19.0608100891113,18.7859992980957,18.8190994262695,0,18.8190994262695,"SouthAfrica"
2024-03-25,18.985200881958,19.0308990478516,18.8511009216309,18.985200881958,0,18.985200881958,"SouthAfrica"
2024-03-26,18.8857002258301,18.9974994659424,18.8262996673584,18.8857002258301,0,18.8857002258301,"SouthAfrica"
2024-03-27,18.9603996276855,18.9997997283936,18.8638000488281,18.9603996276855,0,18.9603996276855,"SouthAfrica"
2024-03-28,18.9244899749756,19.0995903015137,18.8913993835449,18.9244899749756,0,18.9244899749756,"SouthAfrica"
2024-03-29,18.8966999053955,18.934700012207,18.8201007843018,18.8966999053955,0,18.8966999053955,"SouthAfrica"
2024-03-31,18.8483009338379,19.0209197998047,18.7787990570068,18.8483009338379,0,18.8483009338379,"SouthAfrica"
2024-04-01,18.9446506500244,18.9549007415771,18.7549991607666,18.9446506500244,0,18.9446506500244,"SouthAfrica"
2024-04-02,18.7579002380371,18.8549003601074,18.6630001068115,18.7579002380371,0,18.7579002380371,"SouthAfrica"
2024-04-03,18.6525001525879,18.7118396759033,18.5620002746582,18.6525001525879,0,18.6525001525879,"SouthAfrica"
2024-04-04,18.6768093109131,18.7626991271973,18.5750999450684,18.6768093109131,0,18.6768093109131,"SouthAfrica"
2024-04-07,18.7121601104736,18.7426795959473,18.5272006988525,18.7121601104736,0,18.7121601104736,"SouthAfrica"
2024-04-08,18.6308994293213,18.642240524292,18.4123992919922,18.6308994293213,0,18.6308994293213,"SouthAfrica"
2024-04-09,18.4284000396729,18.7947998046875,18.4150009155273,18.4284000396729,0,18.4284000396729,"SouthAfrica"
2024-04-10,18.7773990631104,18.8434791564941,18.6923007965088,18.7773990631104,0,18.7773990631104,"SouthAfrica"
2024-04-11,18.7098007202148,18.9741992950439,18.6450004577637,18.7098007202148,0,18.7098007202148,"SouthAfrica"
2024-04-14,18.8407001495361,19.0484008789062,18.7835006713867,18.8577995300293,0,18.8577995300293,"SouthAfrica"
2024-04-15,18.9705200195312,19.106330871582,18.9491996765137,18.9705200195312,0,18.9705200195312,"SouthAfrica"
2024-04-16,19.0058002471924,19.1009998321533,18.9161891937256,19.0058002471924,0,19.0058002471924,"SouthAfrica"
2024-04-17,18.980899810791,19.1811008453369,18.7479000091553,18.980899810791,0,18.980899810791,"SouthAfrica"
2024-04-18,19.1374492645264,19.3787403106689,19.0832996368408,19.1374492645264,0,19.1374492645264,"SouthAfrica"
2024-04-21,19.1273002624512,19.1956996917725,18.9461994171143,19.1215991973877,0,19.1215991973877,"SouthAfrica"
2024-04-22,19.1800403594971,19.2636203765869,19.0928993225098,19.1800403594971,0,19.1800403594971,"SouthAfrica"
2024-04-23,19.0932998657227,19.2604007720947,19.069299697876,19.0932998657227,0,19.0932998657227,"SouthAfrica"
2024-04-24,19.2178001403809,19.2298698425293,18.9266204833984,19.2178001403809,0,19.2178001403809,"SouthAfrica"
2024-04-25,19.0193004608154,19.089750289917,18.7239608764648,19.0193004608154,0,19.0193004608154,"SouthAfrica"
2024-04-28,18.7975006103516,18.8214492797852,18.5112991333008,18.7975006103516,0,18.7975006103516,"SouthAfrica"
2024-04-29,18.6303100585938,18.8435001373291,18.6044998168945,18.6303100585938,0,18.6303100585938,"SouthAfrica"
2024-04-30,18.7780990600586,18.8019008636475,18.5876998901367,18.7780990600586,0,18.7780990600586,"SouthAfrica"
2024-05-01,18.5436992645264,18.6910991668701,18.4808006286621,18.5436992645264,0,18.5436992645264,"SouthAfrica"
2024-05-02,18.5404796600342,18.5979995727539,18.3763008117676,18.5404796600342,0,18.5404796600342,"SouthAfrica"
2024-05-05,18.5333003997803,18.5435905456543,18.36549949646,18.5333003997803,0,18.5333003997803,"SouthAfrica"
2024-05-06,18.4727001190186,18.5568904876709,18.4237003326416,18.4727001190186,0,18.4727001190186,"SouthAfrica"
2024-05-07,18.4957008361816,18.6709003448486,18.480489730835,18.4957008361816,0,18.4957008361816,"SouthAfrica"
2024-05-08,18.565559387207,18.6068000793457,18.4274005889893,18.565559387207,0,18.565559387207,"SouthAfrica"
2024-05-09,18.4515495300293,18.5002708435059,18.3759994506836,18.4515495300293,0,18.4515495300293,"SouthAfrica"
2024-05-12,18.4123001098633,18.4460697174072,18.2896003723145,18.4123001098633,0,18.4123001098633,"SouthAfrica"
2024-05-13,18.341760635376,18.4724998474121,18.3239002227783,18.341760635376,0,18.341760635376,"SouthAfrica"
2024-05-14,18.3791007995605,18.4101905822754,18.2700996398926,18.3791007995605,0,18.3791007995605,"SouthAfrica"
2024-05-15,18.2493991851807,18.307149887085,18.175500869751,18.2493991851807,0,18.2493991851807,"SouthAfrica"
2024-05-16,18.1630992889404,18.2908000946045,18.1326007843018,18.1630992889404,0,18.1630992889404,"SouthAfrica"
2024-05-19,18.152099609375,18.2893009185791,18.104700088501,18.152099609375,0,18.152099609375,"SouthAfrica"
2024-05-20,18.1501007080078,18.2332000732422,18.0251808166504,18.1501007080078,0,18.1501007080078,"SouthAfrica"
2024-05-21,18.0503997802734,18.2479000091553,18.023099899292,18.0503997802734,0,18.0503997802734,"SouthAfrica"
2024-05-22,18.2768993377686,18.4643993377686,18.2362003326416,18.2768993377686,0,18.2768993377686,"SouthAfrica"
2024-05-23,18.463399887085,18.4960994720459,18.3540000915527,18.463399887085,0,18.463399887085,"SouthAfrica"
2024-05-26,18.4149398803711,18.4636993408203,18.3232002258301,18.4149398803711,0,18.4149398803711,"SouthAfrica"
2024-05-27,18.3013000488281,18.4267997741699,18.2628002166748,18.3013000488281,0,18.3013000488281,"SouthAfrica"
2024-05-28,18.2717399597168,18.4130001068115,18.2122001647949,18.2717399597168,0,18.2717399597168,"SouthAfrica"
2024-05-29,18.4214992523193,18.7586002349854,18.3924999237061,18.4214992523193,0,18.4214992523193,"SouthAfrica"
2024-05-30,18.7063007354736,18.8931999206543,18.6515998840332,18.7063007354736,0,18.7063007354736,"SouthAfrica"
2024-06-02,18.7671508789062,18.8733005523682,18.4873008728027,18.7671508789062,0,18.7671508789062,"SouthAfrica"
2024-06-03,18.5160999298096,18.7615699768066,18.476900100708,18.5160999298096,0,18.5160999298096,"SouthAfrica"
2024-06-04,18.7118091583252,18.9771003723145,18.6630992889404,18.7118091583252,0,18.7118091583252,"SouthAfrica"
2024-06-05,18.9344902038574,18.9995002746582,18.8677997589111,18.9344902038574,0,18.9344902038574,"SouthAfrica"
2024-06-06,18.9540405273438,18.9603900909424,18.7168006896973,18.9540405273438,0,18.9540405273438,"SouthAfrica"
2024-06-09,18.8861999511719,18.9207000732422,18.6868000030518,18.8861999511719,0,18.8861999511719,"SouthAfrica"
2024-06-10,18.7219009399414,18.7688007354736,18.5573997497559,18.7219009399414,0,18.7219009399414,"SouthAfrica"
2024-06-11,18.5419006347656,18.6507301330566,18.3617992401123,18.5419006347656,0,18.5419006347656,"SouthAfrica"
2024-06-12,18.3613605499268,18.4696006774902,18.3166007995605,18.3613605499268,0,18.3613605499268,"SouthAfrica"
2024-06-13,18.4151306152344,18.494499206543,18.3033008575439,18.4151306152344,0,18.4151306152344,"SouthAfrica"
2024-06-16,18.3451194763184,18.3985004425049,18.199089050293,18.3388996124268,0,18.3388996124268,"SouthAfrica"
2024-06-17,18.2294502258301,18.2832508087158,18.0494003295898,18.2294502258301,0,18.2294502258301,"SouthAfrica"
2024-06-18,18.0228996276855,18.0378398895264,17.9125995635986,18.0228996276855,0,18.0228996276855,"SouthAfrica"
2024-06-19,17.9185009002686,18.173999786377,17.9088001251221,17.9185009002686,0,17.9185009002686,"SouthAfrica"
2024-06-20,17.970890045166,18.0095996856689,17.8581008911133,17.970890045166,0,17.970890045166,"SouthAfrica"
2024-06-23,17.9948997497559,18.2332000732422,17.970890045166,17.9948997497559,0,17.9948997497559,"SouthAfrica"
2024-06-24,18.0938396453857,18.2658004760742,18.0471992492676,18.0938396453857,0,18.0938396453857,"SouthAfrica"
2024-06-25,18.2378597259521,18.3430995941162,18.1245002746582,18.2378597259521,0,18.2378597259521,"SouthAfrica"
2024-06-26,18.1473007202148,18.4743003845215,18.1189994812012,18.1473007202148,0,18.1473007202148,"SouthAfrica"
2024-06-27,18.4339008331299,18.5224990844727,18.1231002807617,18.4339008331299,0,18.4339008331299,"SouthAfrica"
2024-06-30,18.0412006378174,18.3122100830078,17.9353008270264,18.0412006378174,0,18.0412006378174,"SouthAfrica"
2024-07-01,18.3525009155273,18.6493892669678,18.3476009368896,18.3525009155273,0,18.3525009155273,"SouthAfrica"
2024-07-02,18.589599609375,18.6193294525146,18.3026008605957,18.589599609375,0,18.589599609375,"SouthAfrica"
2024-07-03,18.4055004119873,18.4524002075195,18.2329006195068,18.4055004119873,0,18.4055004119873,"SouthAfrica"
2024-07-04,18.2566204071045,18.3089008331299,18.1583003997803,18.2566204071045,0,18.2566204071045,"SouthAfrica"
2024-07-07,18.1505107879639,18.2252006530762,18.0703792572021,18.226900100708,0,18.226900100708,"SouthAfrica"
2024-07-08,18.0881996154785,18.2121696472168,18.0634994506836,18.0881996154785,0,18.0881996154785,"SouthAfrica"
2024-07-09,18.1399002075195,18.1536102294922,18.0398006439209,18.1399002075195,0,18.1399002075195,"SouthAfrica"
2024-07-10,18.0977592468262,18.1291999816895,17.9389991760254,18.0977592468262,0,18.0977592468262,"SouthAfrica"
2024-07-11,17.9764995574951,18.0179004669189,17.7098999023438,17.9764995574951,0,17.9764995574951,"SouthAfrica"
2024-07-14,17.9575996398926,18.2735996246338,17.9333992004395,17.9850006103516,0,17.9850006103516,"SouthAfrica"
2024-07-15,18.198299407959,18.2766494750977,18.0515995025635,18.198299407959,0,18.198299407959,"SouthAfrica"
2024-07-16,18.024299621582,18.2590999603271,18.0160999298096,18.024299621582,0,18.024299621582,"SouthAfrica"
2024-07-17,18.1177997589111,18.2402992248535,18.1168994903564,18.1177997589111,0,18.1177997589111,"SouthAfrica"
2024-07-18,18.2362003326416,18.3677997589111,18.2397994995117,18.2362003326416,0,18.2362003326416,"SouthAfrica"
2024-07-21,18.1898994445801,18.3234996795654,18.1893997192383,18.1898994445801,0,18.1898994445801,"SouthAfrica"
2024-07-22,18.2346992492676,18.4736003875732,18.2157001495361,18.2346992492676,0,18.2346992492676,"SouthAfrica"
2024-07-23,18.3894996643066,18.4281005859375,18.25830078125,18.3894996643066,0,18.3894996643066,"SouthAfrica"
2024-07-24,18.3483009338379,18.5244007110596,18.3101005554199,18.3483009338379,0,18.3483009338379,"SouthAfrica"
2024-07-25,18.3437194824219,18.3559303283691,18.2173004150391,18.3437194824219,0,18.3437194824219,"SouthAfrica"
2024-07-28,18.2705993652344,18.5212001800537,18.2359008789062,18.2705993652344,0,18.2705993652344,"SouthAfrica"
2024-07-29,18.3302001953125,18.4652309417725,18.2870006561279,18.3302001953125,0,18.3302001953125,"SouthAfrica"
2024-07-30,18.3047790527344,18.3334007263184,18.1657009124756,18.3047790527344,0,18.3047790527344,"SouthAfrica"
2024-07-31,18.1959991455078,18.2699298858643,18.1044006347656,18.1959991455078,0,18.1959991455078,"SouthAfrica"
2024-08-01,18.2821998596191,18.3115005493164,18.1270008087158,18.2821998596191,0,18.2821998596191,"SouthAfrica"
2024-08-04,18.3425903320312,18.6730995178223,18.2705993652344,18.3425903320312,0,18.3425903320312,"SouthAfrica"
2024-08-05,18.4643993377686,18.5841007232666,18.3917999267578,18.4643993377686,0,18.4643993377686,"SouthAfrica"
2024-08-06,18.4877700805664,18.4982299804688,18.2728004455566,18.4877700805664,0,18.4877700805664,"SouthAfrica"
2024-08-07,18.3913402557373,18.4420700073242,18.3022994995117,18.3913402557373,0,18.3913402557373,"SouthAfrica"
2024-08-08,18.3416900634766,18.3733596801758,18.2663993835449,18.3416900634766,0,18.3416900634766,"SouthAfrica"
2024-08-11,18.2945003509521,18.3104305267334,18.1679992675781,18.2945003509521,0,18.2945003509521,"SouthAfrica"
2024-08-12,18.2423000335693,18.2604007720947,18.1145992279053,18.2423000335693,0,18.2423000335693,"SouthAfrica"
2024-08-13,18.0690994262695,18.1403999328613,18.0137004852295,18.0690994262695,0,18.0690994262695,"SouthAfrica"
2024-08-14,18.0482997894287,18.0948009490967,17.9715003967285,18.0482997894287,0,18.0482997894287,"SouthAfrica"
2024-08-15,17.971700668335,18.0097904205322,17.8490009307861,17.971700668335,0,17.971700668335,"SouthAfrica"
2024-08-18,17.8498401641846,17.8807392120361,17.6993999481201,17.8498401641846,0,17.8498401641846,"SouthAfrica"
2024-08-19,17.7068996429443,17.8736000061035,17.6676998138428,17.7068996429443,0,17.7068996429443,"SouthAfrica"
2024-08-20,17.7940006256104,17.9461002349854,17.7497997283936,17.7940006256104,0,17.7940006256104,"SouthAfrica"
2024-08-21,17.8197002410889,18.0552997589111,17.786600112915,17.8197002410889,0,17.8197002410889,"SouthAfrica"
2024-08-22,18.0035095214844,18.0123996734619,17.6972999572754,18.0035095214844,0,18.0035095214844,"SouthAfrica"
2024-08-25,17.7402992248535,17.8293991088867,17.6844997406006,17.7402992248535,0,17.7402992248535,"SouthAfrica"
2024-08-26,17.6966991424561,17.8024005889893,17.675500869751,17.6966991424561,0,17.6966991424561,"SouthAfrica"
2024-08-27,17.7117900848389,17.8432006835938,17.6784992218018,17.7117900848389,0,17.7117900848389,"SouthAfrica"
2024-08-28,17.8261795043945,17.826150894165,17.6625995635986,17.8261795043945,0,17.8261795043945,"SouthAfrica"
2024-08-29,17.7273006439209,17.8019008636475,17.5960998535156,17.7273006439209,0,17.7273006439209,"SouthAfrica"
2024-09-01,17.838020324707,17.9281997680664,17.7954998016357,17.8216991424561,0,17.8216991424561,"SouthAfrica"
2024-09-02,17.794900894165,18.0030002593994,17.7875003814697,17.794900894165,0,17.794900894165,"SouthAfrica"
2024-09-03,17.9388999938965,18.0202007293701,17.8013000488281,17.9388999938965,0,17.9388999938965,"SouthAfrica"
2024-09-04,17.8682308197021,17.8794002532959,17.6884002685547,17.8682308197021,0,17.8682308197021,"SouthAfrica"
2024-09-05,17.6926307678223,17.8779792785645,17.6187000274658,17.6926307678223,0,17.6926307678223,"SouthAfrica"
2024-09-08,17.8195991516113,17.9545993804932,17.7870998382568,17.8195991516113,0,17.8195991516113,"SouthAfrica"
2024-09-09,17.863000869751,17.9599990844727,17.8109703063965,17.863000869751,0,17.863000869751,"SouthAfrica"
2024-09-10,17.9372005462646,17.9699993133545,17.8290004730225,17.9372005462646,0,17.9372005462646,"SouthAfrica"
2024-09-11,17.8941993713379,18.0114994049072,17.8348999023438,17.8941993713379,0,17.8941993713379,"SouthAfrica"
2024-09-12,17.7388000488281,17.7998008728027,17.5821990966797,17.7388000488281,0,17.7388000488281,"SouthAfrica"
2024-09-15,17.7256603240967,17.7333698272705,17.6243000030518,17.7256603240967,0,17.7256603240967,"SouthAfrica"
2024-09-16,17.6079998016357,17.6705493927002,17.5858001708984,17.6079998016357,0,17.6079998016357,"SouthAfrica"
2024-09-17,17.5785999298096,17.5952301025391,17.4776992797852,17.5785999298096,0,17.5785999298096,"SouthAfrica"
2024-09-18,17.528299331665,17.6117897033691,17.385799407959,17.528299331665,0,17.528299331665,"SouthAfrica"
2024-09-19,17.5004997253418,17.591100692749,17.4498996734619,17.5004997253418,0,17.5004997253418,"SouthAfrica"
2024-09-22,17.3906497955322,17.4712009429932,17.2793006896973,17.3906497955322,0,17.3906497955322,"SouthAfrica"
2024-09-23,17.324800491333,17.3602504730225,17.2465000152588,17.324800491333,0,17.324800491333,"SouthAfrica"
2024-09-24,17.2294998168945,17.3563995361328,17.121000289917,17.2294998168945,0,17.2294998168945,"SouthAfrica"
2024-09-25,17.2644004821777,17.3107299804688,17.1296005249023,17.2644004821777,0,17.2644004821777,"SouthAfrica"
2024-09-26,17.175500869751,17.2422904968262,17.0587005615234,17.175500869751,0,17.175500869751,"SouthAfrica"
2024-09-29,17.0876007080078,17.2754993438721,17.0289001464844,17.0876007080078,0,17.0876007080078,"SouthAfrica"
2024-09-30,17.2805500030518,17.4057998657227,17.1998996734619,17.2805500030518,0,17.2805500030518,"SouthAfrica"
2024-10-01,17.403600692749,17.4601001739502,17.3001003265381,17.403600692749,0,17.403600692749,"SouthAfrica"
2024-10-02,17.3428001403809,17.5513000488281,17.2768001556396,17.3428001403809,0,17.3428001403809,"SouthAfrica"
2024-10-03,17.4839000701904,17.5967998504639,17.4174003601074,17.4839000701904,0,17.4839000701904,"SouthAfrica"
2024-10-06,17.4733009338379,17.4852504730225,17.2710990905762,17.4733009338379,0,17.4733009338379,"SouthAfrica"
2024-10-07,17.3731002807617,17.5951995849609,17.3434104919434,17.3731002807617,0,17.3731002807617,"SouthAfrica"
2024-10-08,17.5790596008301,17.6730003356934,17.5207996368408,17.5790596008301,0,17.5790596008301,"SouthAfrica"
2024-10-09,17.6399993896484,17.653299331665,17.5128002166748,17.6399993896484,0,17.6399993896484,"SouthAfrica"
2024-10-10,17.5163593292236,17.5201892852783,17.3591995239258,17.5163593292236,0,17.5163593292236,"SouthAfrica"
2024-10-13,17.4585609436035,17.5881500244141,17.3980007171631,17.4585609436035,0,17.4585609436035,"SouthAfrica"
2024-10-14,17.5426006317139,17.6632995605469,17.5224990844727,17.5426006317139,0,17.5426006317139,"SouthAfrica"
2024-10-15,17.6422004699707,17.6600608825684,17.5379009246826,17.6422004699707,0,17.6422004699707,"SouthAfrica"
2024-10-16,17.6333999633789,17.7881393432617,17.5888996124268,17.6333999633789,0,17.6333999633789,"SouthAfrica"
2024-10-17,17.6459007263184,17.6802997589111,17.5305995941162,17.6459007263184,0,17.6459007263184,"SouthAfrica"
2024-10-20,17.5792007446289,17.6576995849609,17.5629005432129,17.5792007446289,0,17.5792007446289,"SouthAfrica"
2024-10-21,17.5997009277344,17.628999710083,17.4964008331299,17.5997009277344,0,17.5997009277344,"SouthAfrica"
2024-10-22,17.5237998962402,17.8666000366211,17.4790992736816,17.5237998962402,0,17.5237998962402,"SouthAfrica"
2024-10-23,17.7761993408203,17.8150997161865,17.6340999603271,17.7761993408203,0,17.7761993408203,"SouthAfrica"
2024-10-24,17.6543998718262,17.7108993530273,17.5846290588379,17.6543998718262,0,17.6543998718262,"SouthAfrica"
2024-10-28,17.6555309295654,17.7651996612549,17.6145992279053,17.6555309295654,0,17.6555309295654,"SouthAfrica"
2024-10-29,17.6920299530029,17.7460994720459,17.6420993804932,17.6920299530029,0,17.6920299530029,"SouthAfrica"
2024-10-30,17.6480007171631,17.7558994293213,17.5370006561279,17.6480007171631,0,17.6480007171631,"SouthAfrica"
2024-10-31,17.6452903747559,17.7577991485596,17.6146106719971,17.6452903747559,0,17.6452903747559,"SouthAfrica"
2024-11-01,17.5956993103027,17.6671009063721,17.519100189209,17.5956993103027,0,17.5956993103027,"SouthAfrica"
2024-11-04,17.5639991760254,17.5776290893555,17.4883995056152,17.5639991760254,0,17.5639991760254,"SouthAfrica"
2024-11-05,17.4300003051758,17.4474296569824,17.4066009521484,17.5023994445801,0,17.5023994445801,"SouthAfrica"
2024-11-06,17.3696994781494,17.8131294250488,17.3561992645264,17.3696994781494,0,17.3696994781494,"SouthAfrica"
2024-11-07,17.6657009124756,17.6875991821289,17.271900177002,17.6657009124756,0,17.6657009124756,"SouthAfrica"
2024-11-08,17.2825508117676,17.5848007202148,17.2844200134277,17.2825508117676,0,17.2825508117676,"SouthAfrica"
2024-11-11,17.6136493682861,17.9881000518799,17.5470008850098,17.6136493682861,0,17.6136493682861,"SouthAfrica"
2024-11-12,17.9083995819092,18.1728000640869,17.8477001190186,17.9083995819092,0,17.9083995819092,"SouthAfrica"
2024-11-13,18.1011009216309,18.2495994567871,17.9328994750977,18.1011009216309,0,18.1011009216309,"SouthAfrica"
2024-11-14,18.2252998352051,18.3894996643066,18.1637001037598,18.2252998352051,0,18.2252998352051,"SouthAfrica"
2024-11-15,14.860369682312,18.3061008453369,14.860369682312,14.860369682312,0,14.860369682312,"SouthAfrica"
2024-11-18,18.1751003265381,18.2183990478516,17.9591999053955,18.1665496826172,0,18.1665496826172,"SouthAfrica"
2024-11-19,17.9381008148193,18.1622009277344,17.8892593383789,17.9381008148193,0,17.9381008148193,"SouthAfrica"
2024-11-20,18.0263996124268,18.176399230957,18.0137996673584,18.0263996124268,0,18.0263996124268,"SouthAfrica"
2024-11-21,18.1089000701904,18.1790008544922,17.9726009368896,18.1089000701904,0,18.1089000701904,"SouthAfrica"
2024-11-22,18.0972995758057,18.1362991333008,18.0126991271973,18.0972995758057,0,18.0972995758057,"SouthAfrica"
2024-11-25,17.9971294403076,18.1122894287109,17.9837398529053,17.9971294403076,0,17.9971294403076,"SouthAfrica"
2024-11-26,17.9846992492676,18.2240009307861,18.0524997711182,17.9846992492676,0,17.9846992492676,"SouthAfrica"
2024-11-27,18.1798992156982,18.233699798584,18.0678997039795,18.1798992156982,0,18.1798992156982,"SouthAfrica"
2024-11-28,18.171199798584,18.2637996673584,18.0830001831055,18.171199798584,0,18.171199798584,"SouthAfrica"
2024-11-29,18.0806999206543,18.0965003967285,18.0151996612549,18.0806999206543,0,18.0806999206543,"SouthAfrica"
2024-12-02,18.1000900268555,18.2369003295898,18.0823993682861,18.0915203094482,0,18.0915203094482,"SouthAfrica"
2024-12-03,18.1284008026123,18.1893997192383,18.0513000488281,18.1284008026123,0,18.1284008026123,"SouthAfrica"
2024-12-04,18.0983009338379,18.1844005584717,18.0788993835449,18.0983009338379,0,18.0983009338379,"SouthAfrica"
2024-12-05,18.1548805236816,18.1756992340088,18.0069999694824,18.1548805236816,0,18.1548805236816,"SouthAfrica"
2024-12-06,18.0086994171143,18.0685901641846,17.9522495269775,18.0086994171143,0,18.0086994171143,"SouthAfrica"
2024-12-09,18.0020999908447,18.0512008666992,17.7327995300293,18.0020999908447,0,18.0020999908447,"SouthAfrica"
2024-12-10,17.7740306854248,17.9004993438721,17.7677001953125,17.7740306854248,0,17.7740306854248,"SouthAfrica"
2024-12-11,17.8013000488281,17.896089553833,17.6737995147705,17.8013000488281,0,17.8013000488281,"SouthAfrica"
2024-12-12,17.6861000061035,17.8010005950928,17.6124000549316,17.6861000061035,0,17.6861000061035,"SouthAfrica"
2024-12-13,17.7744007110596,17.9416599273682,17.7623996734619,17.7744007110596,0,17.7744007110596,"SouthAfrica"
2024-12-16,17.8222808837891,17.9202003479004,17.8197994232178,17.8222808837891,0,17.8222808837891,"SouthAfrica"
2024-12-17,17.8370990753174,18.1657009124756,17.823299407959,17.8370990753174,0,17.8370990753174,"SouthAfrica"
2024-12-18,18.0797004699707,18.1007804870605,18.0146999359131,18.0797004699707,0,18.0797004699707,"SouthAfrica"
2024-12-19,18.32200050354,18.4272003173828,18.2133007049561,18.32200050354,0,18.32200050354,"SouthAfrica"
2024-12-20,18.3915996551514,18.4283008575439,18.2825698852539,18.3915996551514,0,18.3915996551514,"SouthAfrica"
2024-12-23,18.2711505889893,18.6047992706299,18.25950050354,18.2711505889893,0,18.2711505889893,"SouthAfrica"
2024-12-24,18.5353107452393,18.7052001953125,18.4981994628906,18.5353107452393,0,18.5353107452393,"SouthAfrica"
2024-12-25,18.6784896850586,18.8105697631836,17.6478004455566,18.6784896850586,0,18.6784896850586,"SouthAfrica"
2024-12-26,18.6881999969482,18.8875007629395,18.426399230957,18.6881999969482,0,18.6881999969482,"SouthAfrica"
2024-12-27,18.8358001708984,18.867000579834,18.6121006011963,18.8358001708984,0,18.8358001708984,"SouthAfrica"
2024-12-30,18.6544990539551,18.8211994171143,18.6187992095947,18.6544990539551,0,18.6544990539551,"SouthAfrica"
2024-12-31,18.7649002075195,18.8989791870117,18.6961002349854,18.7649002075195,0,18.7649002075195,"SouthAfrica"
