"date","TNX.Open","TNX.High","TNX.Low","TNX.Close","TNX.Volume","TNX.Adjusted"
2010-01-04,3.85899996757507,3.85899996757507,3.80800008773804,3.84100008010864,0,3.84100008010864
2010-01-05,3.78999996185303,3.79999995231628,3.74900007247925,3.75500011444092,0,3.75500011444092
2010-01-06,3.77099990844727,3.83699989318848,3.76099991798401,3.80800008773804,0,3.80800008773804
2010-01-07,3.84500002861023,3.85899996757507,3.79999995231628,3.82200002670288,0,3.82200002670288
2010-01-08,3.84299993515015,3.8510000705719,3.77500009536743,3.80800008773804,0,3.80800008773804
2010-01-11,3.81599998474121,3.83599996566772,3.7960000038147,3.81800007820129,0,3.81800007820129
2010-01-12,3.75200009346008,3.75200009346008,3.70700001716614,3.71900010108948,0,3.71900010108948
2010-01-13,3.74200010299683,3.79500007629395,3.72099995613098,3.78299999237061,0,3.78299999237061
2010-01-14,3.77500009536743,3.77500009536743,3.70900011062622,3.73399996757507,0,3.73399996757507
2010-01-15,3.69799995422363,3.71499991416931,3.65700006484985,3.67600011825562,0,3.67600011825562
2010-01-19,3.69199991226196,3.72900009155273,3.69000005722046,3.70700001716614,0,3.70700001716614
2010-01-20,3.67499995231628,3.67499995231628,3.63599991798401,3.65899991989136,0,3.65899991989136
2010-01-21,3.67799997329712,3.68199992179871,3.59500002861023,3.61100006103516,0,3.61100006103516
2010-01-22,3.59800004959106,3.63199996948242,3.59400010108948,3.59800004959106,0,3.59800004959106
2010-01-25,3.63800001144409,3.65199995040894,3.61100006103516,3.63000011444092,0,3.63000011444092
2010-01-26,3.58400011062622,3.63800001144409,3.57800006866455,3.63000011444092,0,3.63000011444092
2010-01-27,3.63000011444092,3.65599989891052,3.57599997520447,3.64400005340576,0,3.64400005340576
2010-01-28,3.67700004577637,3.68499994277954,3.63599991798401,3.65799999237061,0,3.65799999237061
2010-01-29,3.66199994087219,3.6949999332428,3.60199999809265,3.60899996757507,0,3.60899996757507
2010-02-01,3.63299989700317,3.66799998283386,3.61700010299683,3.65400004386902,0,3.65400004386902
2010-02-02,3.65000009536743,3.65599989891052,3.63299989700317,3.63499999046326,0,3.63499999046326
2010-02-03,3.67899990081787,3.70900011062622,3.66599988937378,3.70300006866455,0,3.70300006866455
2010-02-04,3.68300008773804,3.68300008773804,3.59400010108948,3.60999989509583,0,3.60999989509583
2010-02-05,3.58500003814697,3.64499998092651,3.53699994087219,3.5460000038147,0,3.5460000038147
2010-02-08,3.57699990272522,3.60199999809265,3.57100009918213,3.59200000762939,0,3.59200000762939
2010-02-09,3.60999989509583,3.6470000743866,3.57500004768372,3.63299989700317,0,3.63299989700317
2010-02-10,3.61999988555908,3.71099996566772,3.61800003051758,3.69400000572205,0,3.69400000572205
2010-02-11,3.71399998664856,3.76300001144409,3.6949999332428,3.73300004005432,0,3.73300004005432
2010-02-12,3.70199990272522,3.71000003814697,3.66799998283386,3.69300007820129,0,3.69300007820129
2010-02-16,3.71600008010864,3.72499990463257,3.65700006484985,3.66400003433228,0,3.66400003433228
2010-02-17,3.68700003623962,3.75699996948242,3.68099999427795,3.74200010299683,0,3.74200010299683
2010-02-18,3.72300004959106,3.8199999332428,3.71000003814697,3.80299997329712,0,3.80299997329712
2010-02-19,3.80100011825562,3.82800006866455,3.77500009536743,3.78200006484985,0,3.78200006484985
2010-02-22,3.78999996185303,3.80299997329712,3.77800011634827,3.79900002479553,0,3.79900002479553
2010-02-23,3.77600002288818,3.77999997138977,3.68499994277954,3.69099998474121,0,3.69099998474121
2010-02-24,3.71000003814697,3.71399998664856,3.65899991989136,3.6949999332428,0,3.6949999332428
2010-02-25,3.66300010681152,3.66300010681152,3.62899994850159,3.64199995994568,0,3.64199995994568
2010-02-26,3.62899994850159,3.63599991798401,3.58500003814697,3.59500002861023,0,3.59500002861023
2010-03-01,3.61700010299683,3.63100004196167,3.59500002861023,3.60599994659424,0,3.60599994659424
2010-03-02,3.64000010490417,3.65300011634827,3.60800004005432,3.61400008201599,0,3.61400008201599
2010-03-03,3.61500000953674,3.65499997138977,3.61500000953674,3.625,0,3.625
2010-03-04,3.62700009346008,3.65300011634827,3.59299993515015,3.60599994659424,0,3.60599994659424
2010-03-05,3.625,3.70199990272522,3.62100005149841,3.68199992179871,0,3.68199992179871
2010-03-08,3.71799993515015,3.73099994659424,3.70199990272522,3.70799994468689,0,3.70799994468689
2010-03-09,3.68899989128113,3.72300004959106,3.6800000667572,3.70099997520447,0,3.70099997520447
2010-03-10,3.72099995613098,3.74799990653992,3.71799993515015,3.72000002861023,0,3.72000002861023
2010-03-11,3.74200010299683,3.75200009346008,3.70600008964539,3.72000002861023,0,3.72000002861023
2010-03-12,3.75,3.77900004386902,3.68499994277954,3.71000003814697,0,3.71000003814697
2010-03-15,3.6949999332428,3.73099994659424,3.6949999332428,3.7039999961853,0,3.7039999961853
2010-03-16,3.71199989318848,3.71199989318848,3.64599990844727,3.65300011634827,0,3.65300011634827
2010-03-17,3.64000010490417,3.65899991989136,3.62899994850159,3.64199995994568,0,3.64199995994568
2010-03-18,3.63199996948242,3.6800000667572,3.61899995803833,3.67199993133545,0,3.67199993133545
2010-03-19,3.68499994277954,3.71000003814697,3.6489999294281,3.68700003623962,0,3.68700003623962
2010-03-22,3.68899989128113,3.6949999332428,3.65700006484985,3.66300010681152,0,3.66300010681152
2010-03-23,3.66100001335144,3.6800000667572,3.65300011634827,3.6800000667572,0,3.6800000667572
2010-03-24,3.72399997711182,3.85199999809265,3.72399997711182,3.8289999961853,0,3.8289999961853
2010-03-25,3.83699989318848,3.9300000667572,3.83299994468689,3.90100002288818,0,3.90100002288818
2010-03-26,3.88199996948242,3.8989999294281,3.84699988365173,3.85500001907349,0,3.85500001907349
2010-03-29,3.87400007247925,3.88599991798401,3.84699988365173,3.86400008201599,0,3.86400008201599
2010-03-30,3.85999989509583,3.90100002288818,3.85999989509583,3.86800003051758,0,3.86800003051758
2010-03-31,3.8199999332428,3.8529999256134,3.81800007820129,3.83299994468689,0,3.83299994468689
2010-04-01,3.85899996757507,3.88800001144409,3.84299993515015,3.85899996757507,0,3.85899996757507
2010-04-05,3.96399998664856,4.01300001144409,3.94700002670288,3.99399995803833,0,3.99399995803833
2010-04-06,3.95199990272522,3.98000001907349,3.93700003623962,3.96799993515015,0,3.96799993515015
2010-04-07,3.94700002670288,3.96799993515015,3.85899996757507,3.86299991607666,0,3.86299991607666
2010-04-08,3.85700011253357,3.89800000190735,3.83800005912781,3.89599990844727,0,3.89599990844727
2010-04-09,3.90000009536743,3.92700004577637,3.875,3.88800001144409,0,3.88800001144409
2010-04-12,3.90199995040894,3.90400004386902,3.82999992370605,3.84599995613098,0,3.84599995613098
2010-04-13,3.83800005912781,3.83999991416931,3.80100011825562,3.81100010871887,0,3.81100010871887
2010-04-14,3.83599996566772,3.86100006103516,3.80299997329712,3.85500001907349,0,3.85500001907349
2010-04-15,3.85500001907349,3.89000010490417,3.82599997520447,3.84800004959106,0,3.84800004959106
2010-04-16,3.81900000572205,3.83999991416931,3.7590000629425,3.76999998092651,0,3.76999998092651
2010-04-19,3.7720000743866,3.80699992179871,3.76799988746643,3.80699992179871,0,3.80699992179871
2010-04-20,3.81900000572205,3.82299995422363,3.79699993133545,3.8050000667572,0,3.8050000667572
2010-04-21,3.78999996185303,3.79200005531311,3.73600006103516,3.73799991607666,0,3.73799991607666
2010-04-22,3.73600006103516,3.7720000743866,3.71300005912781,3.7720000743866,0,3.7720000743866
2010-04-23,3.80299997329712,3.83299994468689,3.80100011825562,3.81699991226196,0,3.81699991226196
2010-04-26,3.7960000038147,3.82299995422363,3.77999997138977,3.81500005722046,0,3.81500005722046
2010-04-27,3.77800011634827,3.77800011634827,3.67600011825562,3.69000005722046,0,3.69000005722046
2010-04-28,3.7279999256134,3.77600002288818,3.71499991416931,3.77300000190735,0,3.77300000190735
2010-04-29,3.77600002288818,3.77999997138977,3.7260000705719,3.7279999256134,0,3.7279999256134
2010-04-30,3.74600005149841,3.75300002098083,3.65499997138977,3.66300010681152,0,3.66300010681152
2010-05-03,3.6949999332428,3.71300005912781,3.68799996376038,3.70499992370605,0,3.70499992370605
2010-05-04,3.6489999294281,3.65100002288818,3.60500001907349,3.61299991607666,0,3.61299991607666
2010-05-05,3.55200004577637,3.5789999961853,3.48799991607666,3.54999995231628,0,3.54999995231628
2010-05-06,3.57500004768372,3.57699990272522,3.26600003242493,3.39800000190735,0,3.39800000190735
2010-05-07,3.46700000762939,3.51200008392334,3.29699993133545,3.42899990081787,0,3.42899990081787
2010-05-10,3.57500004768372,3.58599996566772,3.51600003242493,3.53900003433228,0,3.53900003433228
2010-05-11,3.49499988555908,3.57699990272522,3.48799991607666,3.53500008583069,0,3.53500008583069
2010-05-12,3.56500005722046,3.57500004768372,3.53500008583069,3.56699991226196,0,3.56699991226196
2010-05-13,3.57299995422363,3.60700011253357,3.5239999294281,3.56399989128113,0,3.56399989128113
2010-05-14,3.50200009346008,3.5090000629425,3.41300010681152,3.44199991226196,0,3.44199991226196
2010-05-17,3.45499992370605,3.47199988365173,3.39599990844727,3.47199988365173,0,3.47199988365173
2010-05-18,3.48699998855591,3.49799990653992,3.37199997901917,3.37599992752075,0,3.37599992752075
2010-05-19,3.37400007247925,3.39599990844727,3.31100010871887,3.35899996757507,0,3.35899996757507
2010-05-20,3.29299998283386,3.29299998283386,3.19799995422363,3.26399993896484,0,3.26399993896484
2010-05-21,3.16199994087219,3.24200010299683,3.10400009155273,3.20000004768372,0,3.20000004768372
2010-05-24,3.18700003623962,3.23200011253357,3.17199993133545,3.22699999809265,0,3.22699999809265
2010-05-25,3.14199995994568,3.16899991035461,3.09800004959106,3.15799999237061,0,3.15799999237061
2010-05-26,3.24699997901917,3.26699995994568,3.20300006866455,3.21799993515015,0,3.21799993515015
2010-05-27,3.27800011634827,3.3510000705719,3.25999999046326,3.33800005912781,0,3.33800005912781
2010-05-28,3.33500003814697,3.34200000762939,3.29399991035461,3.30100011825562,0,3.30100011825562
2010-06-01,3.2590000629425,3.30699992179871,3.2260000705719,3.2960000038147,0,3.2960000038147
2010-06-02,3.28699994087219,3.34200000762939,3.25500011444092,3.33400011062622,0,3.33400011062622
2010-06-03,3.40300011634827,3.42499995231628,3.33999991416931,3.37899994850159,0,3.37899994850159
2010-06-04,3.33800005912781,3.33800005912781,3.1949999332428,3.1949999332428,0,3.1949999332428
2010-06-07,3.2279999256134,3.24200010299683,3.17499995231628,3.18400001525879,0,3.18400001525879
2010-06-08,3.1800000667572,3.1949999332428,3.15100002288818,3.16799998283386,0,3.16799998283386
2010-06-09,3.21300005912781,3.24200010299683,3.18600010871887,3.18700003623962,0,3.18700003623962
2010-06-10,3.21099996566772,3.31900000572205,3.20600008964539,3.31900000572205,0,3.31900000572205
2010-06-11,3.30299997329712,3.30299997329712,3.21600008010864,3.21600008010864,0,3.21600008010864
2010-06-14,3.29500007629395,3.32999992370605,3.26399993896484,3.27500009536743,0,3.27500009536743
2010-06-15,3.25999999046326,3.32299995422363,3.24499988555908,3.30999994277954,0,3.30999994277954
2010-06-16,3.26699995994568,3.30200004577637,3.23799991607666,3.28200006484985,0,3.28200006484985
2010-06-17,3.27300000190735,3.27500009536743,3.1800000667572,3.19000005722046,0,3.19000005722046
2010-06-18,3.20700001716614,3.23200011253357,3.19199991226196,3.22300004959106,0,3.22300004959106
2010-06-21,3.29699993133545,3.30800008773804,3.23399996757507,3.24300003051758,0,3.24300003051758
2010-06-22,3.21199989318848,3.2409999370575,3.16300010681152,3.16599988937378,0,3.16599988937378
2010-06-23,3.18300008773804,3.18499994277954,3.09200000762939,3.11500000953674,0,3.11500000953674
2010-06-24,3.07200002670288,3.14299988746643,3.06800007820129,3.12299990653992,0,3.12299990653992
2010-06-25,3.13299989700317,3.16799998283386,3.08100008964539,3.11299991607666,0,3.11299991607666
2010-06-28,3.08999991416931,3.10199999809265,3.02999997138977,3.03200006484985,0,3.03200006484985
2010-06-29,2.99399995803833,3.00099992752075,2.95600008964539,2.96700000762939,0,2.96700000762939
2010-06-30,2.9539999961853,2.98799991607666,2.94700002670288,2.95099997520447,0,2.95099997520447
2010-07-01,2.92899990081787,2.9449999332428,2.88299989700317,2.92700004577637,0,2.92700004577637
2010-07-02,2.9449999332428,2.99000000953674,2.90899991989136,2.97900009155273,0,2.97900009155273
2010-07-06,2.97000002861023,2.99300003051758,2.92899990081787,2.93199992179871,0,2.93199992179871
2010-07-07,2.92300009727478,2.98000001907349,2.9210000038147,2.98000001907349,0,2.98000001907349
2010-07-08,3,3.05100011825562,3,3.01999998092651,0,3.01999998092651
2010-07-09,3.03800010681152,3.06100010871887,3.02300000190735,3.05599999427795,0,3.05599999427795
2010-07-12,3.04299998283386,3.05399990081787,3.01399993896484,3.0460000038147,0,3.0460000038147
2010-07-13,3.0699999332428,3.12400007247925,3.0699999332428,3.11400008201599,0,3.11400008201599
2010-07-14,3.10400009155273,3.11500000953674,3.03900003433228,3.04999995231628,0,3.04999995231628
2010-07-15,3.06599998474121,3.08400011062622,2.96499991416931,2.9779999256134,0,2.9779999256134
2010-07-16,2.98399996757507,3.00799989700317,2.91799998283386,2.93899989128113,0,2.93899989128113
2010-07-19,2.95000004768372,2.96600008010864,2.9300000667572,2.96399998664856,0,2.96399998664856
2010-07-20,2.91799998283386,2.9539999961853,2.89599990844727,2.93199992179871,0,2.93199992179871
2010-07-21,2.95700001716614,2.96600008010864,2.89100003242493,2.89199995994568,0,2.89199995994568
2010-07-22,2.91400003433228,2.94799995422363,2.90300011634827,2.93199992179871,0,2.93199992179871
2010-07-23,2.97399997711182,3,2.93099999427795,2.99399995803833,0,2.99399995803833
2010-07-26,2.98900008201599,3.03399991989136,2.98300004005432,2.99399995803833,0,2.99399995803833
2010-07-27,3.04099988937378,3.05399990081787,3.02099990844727,3.04699993133545,0,3.04699993133545
2010-07-28,3.03600001335144,3.06100010871887,2.99600005149841,3.00099992752075,0,3.00099992752075
2010-07-29,2.99699997901917,3.03399991989136,2.96300005912781,2.99900007247925,0,2.99900007247925
2010-07-30,2.95700001716614,2.95700001716614,2.90300011634827,2.90700006484985,0,2.90700006484985
2010-08-02,2.93400001525879,2.96399998664856,2.93400001525879,2.96300005912781,0,2.96300005912781
2010-08-03,2.91000008583069,2.93899989128113,2.89400005340576,2.91400003433228,0,2.91400003433228
2010-08-04,2.89800000190735,2.95499992370605,2.88700008392334,2.95199990272522,0,2.95199990272522
2010-08-05,2.95099997520447,2.95499992370605,2.89599990844727,2.91499996185303,0,2.91499996185303
2010-08-06,2.91100001335144,2.92000007629395,2.81699991226196,2.82399988174438,0,2.82399988174438
2010-08-09,2.81500005722046,2.83999991416931,2.81500005722046,2.82200002670288,0,2.82200002670288
2010-08-10,2.81100010871887,2.83899998664856,2.74499988555908,2.78099989891052,0,2.78099989891052
2010-08-11,2.72900009155273,2.73399996757507,2.68300008773804,2.68499994277954,0,2.68499994277954
2010-08-12,2.72900009155273,2.75399994850159,2.69099998474121,2.73499989509583,0,2.73499989509583
2010-08-13,2.71300005912781,2.72699999809265,2.68600010871887,2.68799996376038,0,2.68799996376038
2010-08-16,2.61999988555908,2.62700009346008,2.57200002670288,2.57500004768372,0,2.57500004768372
2010-08-17,2.59999990463257,2.65899991989136,2.59800004959106,2.64499998092651,0,2.64499998092651
2010-08-18,2.60400009155273,2.64299988746643,2.57999992370605,2.64100003242493,0,2.64100003242493
2010-08-19,2.66599988937378,2.66799998283386,2.55699992179871,2.5789999961853,0,2.5789999961853
2010-08-20,2.55200004577637,2.62100005149841,2.54699993133545,2.61199998855591,0,2.61199998855591
2010-08-23,2.62899994850159,2.63700008392334,2.60199999809265,2.60700011253357,0,2.60700011253357
2010-08-24,2.52500009536743,2.5460000038147,2.46900010108948,2.49900007247925,0,2.49900007247925
2010-08-25,2.46000003814697,2.54299998283386,2.41899991035461,2.53800010681152,0,2.53800010681152
2010-08-26,2.50600004196167,2.55399990081787,2.49699997901917,2.49900007247925,0,2.49900007247925
2010-08-27,2.50200009346008,2.66400003433228,2.4909999370575,2.65199995040894,0,2.65199995040894
2010-08-30,2.59599995613098,2.60500001907349,2.53200006484985,2.54500007629395,0,2.54500007629395
2010-08-31,2.50399994850159,2.51300001144409,2.46799993515015,2.47699999809265,0,2.47699999809265
2010-09-01,2.4909999370575,2.62700009346008,2.4909999370575,2.58200001716614,0,2.58200001716614
2010-09-02,2.59100008010864,2.63899993896484,2.58599996566772,2.62800002098083,0,2.62800002098083
2010-09-03,2.65199995040894,2.76799988746643,2.65000009536743,2.70600008964539,0,2.70600008964539
2010-09-07,2.65000009536743,2.65400004386902,2.60899996757507,2.60899996757507,0,2.60899996757507
2010-09-08,2.6340000629425,2.68099999427795,2.625,2.65400004386902,0,2.65400004386902
2010-09-09,2.67899990081787,2.76200008392334,2.67700004577637,2.76099991798401,0,2.76099991798401
2010-09-10,2.77900004386902,2.82299995422363,2.77699995040894,2.79500007629395,0,2.79500007629395
2010-09-13,2.82699990272522,2.82699990272522,2.7409999370575,2.7409999370575,0,2.7409999370575
2010-09-14,2.7260000705719,2.75200009346008,2.66499996185303,2.66599988937378,0,2.66599988937378
2010-09-15,2.72300004959106,2.73200011253357,2.66100001335144,2.72300004959106,0,2.72300004959106
2010-09-16,2.70099997520447,2.79399991035461,2.69199991226196,2.7590000629425,0,2.7590000629425
2010-09-17,2.72399997711182,2.7590000629425,2.6949999332428,2.74600005149841,0,2.74600005149841
2010-09-20,2.73200011253357,2.75200009346008,2.70300006866455,2.70600008964539,0,2.70600008964539
2010-09-21,2.67899990081787,2.71000003814697,2.58699989318848,2.59400010108948,0,2.59400010108948
2010-09-22,2.53699994087219,2.56699991226196,2.50500011444092,2.54800009727478,0,2.54800009727478
2010-09-23,2.53099989891052,2.56900000572205,2.48200011253357,2.5550000667572,0,2.5550000667572
2010-09-24,2.56900000572205,2.6159999370575,2.56500005722046,2.61199998855591,0,2.61199998855591
2010-09-27,2.55100011825562,2.56699991226196,2.50999999046326,2.51699995994568,0,2.51699995994568
2010-09-28,2.53999996185303,2.54200005531311,2.44899988174438,2.45600008964539,0,2.45600008964539
2010-09-29,2.48099994659424,2.51200008392334,2.45300006866455,2.50600004196167,0,2.50600004196167
2010-09-30,2.4760000705719,2.6010000705719,2.47099995613098,2.51699995994568,0,2.51699995994568
2010-10-01,2.5460000038147,2.57399988174438,2.50399994850159,2.52600002288818,0,2.52600002288818
2010-10-04,2.48799991607666,2.50799989700317,2.47399997711182,2.47900009155273,0,2.47900009155273
2010-10-05,2.46300005912781,2.49499988555908,2.4539999961853,2.47399997711182,0,2.47399997711182
2010-10-06,2.40499997138977,2.40599989891052,2.35899996757507,2.3989999294281,0,2.3989999294281
2010-10-07,2.41000008583069,2.41700005531311,2.37299990653992,2.39599990844727,0,2.39599990844727
2010-10-08,2.41300010681152,2.43099999427795,2.33400011062622,2.38100004196167,0,2.38100004196167
2010-10-11,NA,NA,NA,NA,NA,NA
2010-10-12,2.35500001907349,2.42199993133545,2.3529999256134,2.42199993133545,0,2.42199993133545
2010-10-13,2.45600008964539,2.49000000953674,2.42600011825562,2.43099999427795,0,2.43099999427795
2010-10-14,2.44300007820129,2.5090000629425,2.42199993133545,2.49499988555908,0,2.49499988555908
2010-10-15,2.47000002861023,2.59400010108948,2.4539999961853,2.57599997520447,0,2.57599997520447
2010-10-18,2.53099989891052,2.53399991989136,2.48799991607666,2.4909999370575,0,2.4909999370575
2010-10-19,2.53399991989136,2.56100010871887,2.45700001716614,2.47499990463257,0,2.47499990463257
2010-10-20,2.48600006103516,2.51799988746643,2.4539999961853,2.47000002861023,0,2.47000002861023
2010-10-21,2.48399996757507,2.54299998283386,2.48399996757507,2.53099989891052,0,2.53099989891052
2010-10-22,2.56900000572205,2.58699989318848,2.54699993133545,2.56299996376038,0,2.56299996376038
2010-10-25,2.53099989891052,2.56699991226196,2.49699997901917,2.55399990081787,0,2.55399990081787
2010-10-26,2.59599995613098,2.6470000743866,2.59599995613098,2.63599991798401,0,2.63599991798401
2010-10-27,2.70499992370605,2.72000002861023,2.66700005531311,2.71199989318848,0,2.71199989318848
2010-10-28,2.68099999427795,2.71199989318848,2.64299988746643,2.66100001335144,0,2.66100001335144
2010-10-29,2.65000009536743,2.66300010681152,2.60999989509583,2.61199998855591,0,2.61199998855591
2010-11-01,2.58800005912781,2.64100003242493,2.55900001525879,2.62800002098083,0,2.62800002098083
2010-11-02,2.60700011253357,2.6159999370575,2.58699989318848,2.59400010108948,0,2.59400010108948
2010-11-03,2.62700009346008,2.65400004386902,2.52699995040894,2.61899995803833,0,2.61899995803833
2010-11-04,2.54699993133545,2.54999995231628,2.46000003814697,2.48399996757507,0,2.48399996757507
2010-11-05,2.51399993896484,2.58999991416931,2.48699998855591,2.53600001335144,0,2.53600001335144
2010-11-08,2.54299998283386,2.56699991226196,2.51399993896484,2.56299996376038,0,2.56299996376038
2010-11-09,2.55399990081787,2.66499996185303,2.53399991989136,2.65899991989136,0,2.65899991989136
2010-11-10,2.71499991416931,2.78299999237061,2.64800000190735,2.64800000190735,0,2.64800000190735
2010-11-11,2.64800000190735,2.64800000190735,2.64800000190735,2.64800000190735,0,2.64800000190735
2010-11-12,2.67199993133545,2.77600002288818,2.66599988937378,2.75600004196167,0,2.75600004196167
2010-11-15,2.89100003242493,2.91100001335144,2.81299996376038,2.91100001335144,0,2.91100001335144
2010-11-16,2.91899991035461,2.96300005912781,2.84500002861023,2.84699988365173,0,2.84699988365173
2010-11-17,2.85999989509583,2.87800002098083,2.80200004577637,2.86400008201599,0,2.86400008201599
2010-11-18,2.92300009727478,2.96000003814697,2.8989999294281,2.90199995040894,0,2.90199995040894
2010-11-19,2.88100004196167,2.91000008583069,2.86800003051758,2.875,0,2.875
2010-11-22,2.83999991416931,2.84800004959106,2.79800009727478,2.81299996376038,0,2.81299996376038
2010-11-23,2.74699997901917,2.78699994087219,2.7279999256134,2.76200008392334,0,2.76200008392334
2010-11-24,2.80800008773804,2.9300000667572,2.80800008773804,2.91400003433228,0,2.91400003433228
2010-11-26,2.86400008201599,2.89599990844727,2.84100008010864,2.86400008201599,0,2.86400008201599
2010-11-29,2.83699989318848,2.85500001907349,2.81100010871887,2.82200002670288,0,2.82200002670288
2010-11-30,2.77300000190735,2.80599999427795,2.75099992752075,2.79699993133545,0,2.79699993133545
2010-12-01,2.90300011634827,2.98300004005432,2.89000010490417,2.96399998664856,0,2.96399998664856
2010-12-02,3.0239999294281,3.0239999294281,2.94199991226196,3,0,3
2010-12-03,3.03299999237061,3.06200003623962,2.90300011634827,3.01699995994568,0,3.01699995994568
2010-12-06,2.96499991416931,2.98099994659424,2.93700003623962,2.94099998474121,0,2.94099998474121
2010-12-07,3.02600002288818,3.17700004577637,3.01900005340576,3.16499996185303,0,3.16499996185303
2010-12-08,3.22099995613098,3.32999992370605,3.17300009727478,3.23600006103516,0,3.23600006103516
2010-12-09,3.24600005149841,3.27800011634827,3.17899990081787,3.22300004959106,0,3.22300004959106
2010-12-10,3.23499989509583,3.29800009727478,3.23300004005432,3.2960000038147,0,3.2960000038147
2010-12-13,3.3659999370575,3.37100005149841,3.25,3.28299999237061,0,3.28299999237061
2010-12-14,3.31500005722046,3.46700000762939,3.29999995231628,3.45499992370605,0,3.45499992370605
2010-12-15,3.40700006484985,3.56299996376038,3.3970000743866,3.51999998092651,0,3.51999998092651
2010-12-16,3.51399993896484,3.56599998474121,3.45900011062622,3.47699999809265,0,3.47699999809265
2010-12-17,3.38599991798401,3.42300009727478,3.32800006866455,3.32999992370605,0,3.32999992370605
2010-12-20,3.28800010681152,3.37100005149841,3.24900007247925,3.34899997711182,0,3.34899997711182
2010-12-21,3.31900000572205,3.38100004196167,3.30100011825562,3.32599997520447,0,3.32599997520447
2010-12-22,3.32999992370605,3.36500000953674,3.30299997329712,3.34599995613098,0,3.34599995613098
2010-12-23,3.37899994850159,3.40700006484985,3.35400009155273,3.39299988746643,0,3.39299988746643
2010-12-27,3.42400002479553,3.42799997329712,3.34899997711182,3.3510000705719,0,3.3510000705719
2010-12-28,3.34100008010864,3.48699998855591,3.32599997520447,3.48099994659424,0,3.48099994659424
2010-12-29,3.48399996757507,3.49300003051758,3.33699989318848,3.34100008010864,0,3.34100008010864
2010-12-30,3.3840000629425,3.4210000038147,3.35500001907349,3.36899995803833,0,3.36899995803833
2010-12-31,3.32399988174438,3.36299991607666,3.28200006484985,3.3050000667572,0,3.3050000667572
2011-01-03,3.37700009346008,3.42000007629395,3.31299996376038,3.34200000762939,0,3.34200000762939
2011-01-04,3.33800005912781,3.36199998855591,3.30200004577637,3.34599995613098,0,3.34599995613098
2011-01-05,3.38100004196167,3.49699997901917,3.37899994850159,3.48300004005432,0,3.48300004005432
2011-01-06,3.44199991226196,3.46000003814697,3.39299988746643,3.41899991035461,0,3.41899991035461
2011-01-07,3.43499994277954,3.46399998664856,3.29699993133545,3.32800006866455,0,3.32800006866455
2011-01-10,3.31399989128113,3.32800006866455,3.27699995040894,3.30399990081787,0,3.30399990081787
2011-01-11,3.30999994277954,3.37100005149841,3.29299998283386,3.34100008010864,0,3.34100008010864
2011-01-12,3.40000009536743,3.41799998283386,3.34800004959106,3.35500001907349,0,3.35500001907349
2011-01-13,3.36700010299683,3.38899993896484,3.29699993133545,3.30100011825562,0,3.30100011825562
2011-01-14,3.32699990272522,3.33500003814697,3.25500011444092,3.33299994468689,0,3.33299994468689
2011-01-18,3.28800010681152,3.41300010681152,3.28099989891052,3.36400008201599,0,3.36400008201599
2011-01-19,3.34899997711182,3.38800001144409,3.32699990272522,3.33699989318848,0,3.33699989318848
2011-01-20,3.35899996757507,3.47399997711182,3.35899996757507,3.45900011062622,0,3.45900011062622
2011-01-21,3.43199992179871,3.47099995613098,3.41000008583069,3.41599988937378,0,3.41599988937378
2011-01-24,3.41400003433228,3.43199992179871,3.38100004196167,3.40799999237061,0,3.40799999237061
2011-01-25,3.37100005149841,3.42000007629395,3.30900001525879,3.31900000572205,0,3.31900000572205
2011-01-26,3.37899994850159,3.44199991226196,3.36199998855591,3.42799997329712,0,3.42799997329712
2011-01-27,3.46199989318848,3.46199989318848,3.37899994850159,3.38499999046326,0,3.38499999046326
2011-01-28,3.4210000038147,3.45300006866455,3.30999994277954,3.3289999961853,0,3.3289999961853
2011-01-31,3.35700011253357,3.40400004386902,3.3289999961853,3.37800002098083,0,3.37800002098083
2011-02-01,3.42799997329712,3.46900010108948,3.41799998283386,3.44300007820129,0,3.44300007820129
2011-02-02,3.40599989891052,3.50699996948242,3.39800000190735,3.48900008201599,0,3.48900008201599
2011-02-03,3.51099991798401,3.55100011825562,3.4909999370575,3.54099988937378,0,3.54099988937378
2011-02-04,3.56500005722046,3.66599988937378,3.52999997138977,3.65199995040894,0,3.65199995040894
2011-02-07,3.67000007629395,3.69199991226196,3.64000010490417,3.64400005340576,0,3.64400005340576
2011-02-08,3.64199995994568,3.73499989509583,3.64000010490417,3.72499990463257,0,3.72499990463257
2011-02-09,3.71099996566772,3.74399995803833,3.62599992752075,3.64199995994568,0,3.64199995994568
2011-02-10,3.66799998283386,3.72099995613098,3.65499997138977,3.70799994468689,0,3.70799994468689
2011-02-11,3.65700006484985,3.67000007629395,3.60800004005432,3.64599990844727,0,3.64599990844727
2011-02-14,3.64599990844727,3.66400003433228,3.6010000705719,3.61400008201599,0,3.61400008201599
2011-02-15,3.65300011634827,3.66100001335144,3.6010000705719,3.6159999370575,0,3.6159999370575
2011-02-16,3.59299993515015,3.65100002288818,3.57599997520447,3.62100005149841,0,3.62100005149841
2011-02-17,3.59899997711182,3.61400008201599,3.54999995231628,3.57399988174438,0,3.57399988174438
2011-02-18,3.60999989509583,3.63199996948242,3.57999992370605,3.58899998664856,0,3.58899998664856
2011-02-22,3.52800011634827,3.54399991035461,3.45700001716614,3.46099996566772,0,3.46099996566772
2011-02-23,3.48300004005432,3.49200010299683,3.43099999427795,3.48699998855591,0,3.48699998855591
2011-02-24,3.43300008773804,3.46300005912781,3.41499996185303,3.43799996376038,0,3.43799996376038
2011-02-25,3.46600008010864,3.46799993515015,3.41799998283386,3.42499995231628,0,3.42499995231628
2011-02-28,3.42499995231628,3.42700004577637,3.40300011634827,3.41400003433228,0,3.41400003433228
2011-03-01,3.46399998664856,3.49000000953674,3.40700006484985,3.41400003433228,0,3.41400003433228
2011-03-02,3.43400001525879,3.46600008010864,3.40700006484985,3.46399998664856,0,3.46399998664856
2011-03-03,3.48300004005432,3.57399988174438,3.48300004005432,3.57200002670288,0,3.57200002670288
2011-03-04,3.57999992370605,3.59500002861023,3.47900009155273,3.49200010299683,0,3.49200010299683
2011-03-07,3.52699995040894,3.55200004577637,3.46900010108948,3.49699997901917,0,3.49699997901917
2011-03-08,3.50500011444092,3.5550000667572,3.49200010299683,3.54399991035461,0,3.54399991035461
2011-03-09,3.53500008583069,3.53999996185303,3.44899988174438,3.46900010108948,0,3.46900010108948
2011-03-10,3.47900009155273,3.47900009155273,3.38199996948242,3.39299988746643,0,3.39299988746643
2011-03-11,3.38000011444092,3.41400003433228,3.34899997711182,3.39299988746643,0,3.39299988746643
2011-03-14,3.38800001144409,3.38800001144409,3.33100008964539,3.34699988365173,0,3.34699988365173
2011-03-15,3.23499989509583,3.32500004768372,3.23000001907349,3.32299995422363,0,3.32299995422363
2011-03-16,3.30100011825562,3.30699992179871,3.14100003242493,3.21199989318848,0,3.21199989318848
2011-03-17,3.24600005149841,3.28999996185303,3.2279999256134,3.24799990653992,0,3.24799990653992
2011-03-18,3.25099992752075,3.32500004768372,3.24399995803833,3.27699995040894,0,3.27699995040894
2011-03-21,3.30599999427795,3.36700010299683,3.29699993133545,3.32299995422363,0,3.32299995422363
2011-03-22,3.34800004959106,3.36100006103516,3.32999992370605,3.33200001716614,0,3.33200001716614
2011-03-23,3.29500007629395,3.35199999809265,3.27999997138977,3.34800004959106,0,3.34800004959106
2011-03-24,3.38100004196167,3.40400004386902,3.35899996757507,3.40400004386902,0,3.40400004386902
2011-03-25,3.38899993896484,3.46099996566772,3.38299989700317,3.44400000572205,0,3.44400000572205
2011-03-28,3.46700000762939,3.48000001907349,3.43099999427795,3.44799995422363,0,3.44799995422363
2011-03-29,3.4539999961853,3.50200009346008,3.42899990081787,3.4909999370575,0,3.4909999370575
2011-03-30,3.48699998855591,3.48900008201599,3.45000004768372,3.45499992370605,0,3.45499992370605
2011-03-31,3.42899990081787,3.48200011253357,3.40300011634827,3.4539999961853,0,3.4539999961853
2011-04-01,3.49799990653992,3.52600002288818,3.44799995422363,3.45099997520447,0,3.45099997520447
2011-04-04,3.44000005722046,3.44199991226196,3.40300011634827,3.43099999427795,0,3.43099999427795
2011-04-05,3.41400003433228,3.5,3.3989999294281,3.48699998855591,0,3.48699998855591
2011-04-06,3.49600005149841,3.54900002479553,3.49600005149841,3.54500007629395,0,3.54500007629395
2011-04-07,3.57200002670288,3.57699990272522,3.52300000190735,3.5550000667572,0,3.5550000667572
2011-04-08,3.59800004959106,3.61899995803833,3.56800007820129,3.5699999332428,0,3.5699999332428
2011-04-11,3.59599995613098,3.60199999809265,3.55800008773804,3.5699999332428,0,3.5699999332428
2011-04-12,3.53200006484985,3.53900003433228,3.47499990463257,3.5,0,3.5
2011-04-13,3.5220000743866,3.54500007629395,3.46000003814697,3.46600008010864,0,3.46600008010864
2011-04-14,3.44400000572205,3.5,3.4210000038147,3.48499989509583,0,3.48499989509583
2011-04-15,3.46799993515015,3.46799993515015,3.3989999294281,3.41000008583069,0,3.41000008583069
2011-04-18,3.37400007247925,3.45499992370605,3.36299991607666,3.37100005149841,0,3.37100005149841
2011-04-19,3.39499998092651,3.39800000190735,3.34800004959106,3.35599994659424,0,3.35599994659424
2011-04-20,3.40199995040894,3.40199995040894,3.37400007247925,3.40000009536743,0,3.40000009536743
2011-04-21,3.39299988746643,3.40199995040894,3.36999988555908,3.40000009536743,0,3.40000009536743
2011-04-25,3.38499999046326,3.39599990844727,3.36100006103516,3.36299991607666,0,3.36299991607666
2011-04-26,3.36299991607666,3.36500000953674,3.31399989128113,3.3199999332428,0,3.3199999332428
2011-04-27,3.3510000705719,3.39100003242493,3.33800005912781,3.36800003051758,0,3.36800003051758
2011-04-28,3.3289999961853,3.34599995613098,3.29800009727478,3.31200003623962,0,3.31200003623962
2011-04-29,3.29900002479553,3.33299994468689,3.28600001335144,3.2960000038147,0,3.2960000038147
2011-05-02,3.31200003623962,3.31200003623962,3.26399993896484,3.28600001335144,0,3.28600001335144
2011-05-03,3.26399993896484,3.28399991989136,3.24900007247925,3.25500011444092,0,3.25500011444092
2011-05-04,3.26200008392334,3.26900005340576,3.20900011062622,3.22300004959106,0,3.22300004959106
2011-05-05,3.19199991226196,3.19899988174438,3.16400003433228,3.16799998283386,0,3.16799998283386
2011-05-06,3.17499995231628,3.23900008201599,3.12800002098083,3.15700006484985,0,3.15700006484985
2011-05-09,3.17499995231628,3.18099999427795,3.13499999046326,3.14199995994568,0,3.14199995994568
2011-05-10,3.16199994087219,3.19899988174438,3.16000008583069,3.1949999332428,0,3.1949999332428
2011-05-11,3.22099995613098,3.22399997711182,3.15300011634827,3.15700006484985,0,3.15700006484985
2011-05-12,3.17799997329712,3.24799990653992,3.16899991035461,3.23000001907349,0,3.23000001907349
2011-05-13,3.2260000705719,3.23000001907349,3.13199996948242,3.18700003623962,0,3.18700003623962
2011-05-16,3.16899991035461,3.19899988174438,3.1470000743866,3.1489999294281,0,3.1489999294281
2011-05-17,3.1470000743866,3.1489999294281,3.09800004959106,3.12100005149841,0,3.12100005149841
2011-05-18,3.09800004959106,3.17799997329712,3.09800004959106,3.1710000038147,0,3.1710000038147
2011-05-19,3.1949999332428,3.2409999370575,3.16899991035461,3.1710000038147,0,3.1710000038147
2011-05-20,3.16000008583069,3.18899989128113,3.1470000743866,3.15199995040894,0,3.15199995040894
2011-05-23,3.09699988365173,3.14100003242493,3.09400010108948,3.1340000629425,0,3.1340000629425
2011-05-24,3.15400004386902,3.16199994087219,3.11400008201599,3.12299990653992,0,3.12299990653992
2011-05-25,3.1159999370575,3.14000010490417,3.09899997711182,3.12899994850159,0,3.12899994850159
2011-05-26,3.1470000743866,3.1470000743866,3.06100010871887,3.06100010871887,0,3.06100010871887
2011-05-27,3.08599996566772,3.1010000705719,3.0550000667572,3.06399989128113,0,3.06399989128113
2011-05-31,3.08599996566772,3.09899997711182,3.04099988937378,3.04999995231628,0,3.04999995231628
2011-06-01,3.01500010490417,3.0239999294281,2.95199990272522,2.96600008010864,0,2.96600008010864
2011-06-02,2.96600008010864,3.03299999237061,2.96600008010864,3.02999997138977,0,3.02999997138977
2011-06-03,3.0239999294281,3.0239999294281,2.94799995422363,2.99699997901917,0,2.99699997901917
2011-06-06,3.00200009346008,3.04099988937378,3,3.00200009346008,0,3.00200009346008
2011-06-07,3.03299999237061,3.0550000667572,3.0090000629425,3.01099991798401,0,3.01099991798401
2011-06-08,2.97099995613098,2.98000001907349,2.93300008773804,2.96199989318848,0,2.96199989318848
2011-06-09,2.9300000667572,3.01999998092651,2.91899991035461,2.99799990653992,0,2.99799990653992
2011-06-10,2.97300004959106,2.98000001907349,2.93700003623962,2.97099995613098,0,2.97099995613098
2011-06-13,2.99300003051758,3.01300001144409,2.94899988174438,2.9909999370575,0,2.9909999370575
2011-06-14,3.01500010490417,3.1029999256134,3.00699996948242,3.09899997711182,0,3.09899997711182
2011-06-15,3.0789999961853,3.09500002861023,2.96399998664856,2.97300004959106,0,2.97300004959106
2011-06-16,2.8970000743866,2.96499991416931,2.89299988746643,2.90899991989136,0,2.90899991989136
2011-06-17,2.97399997711182,2.9779999256134,2.92700004577637,2.94400000572205,0,2.94400000572205
2011-06-20,2.90000009536743,2.9779999256134,2.89800000190735,2.96300005912781,0,2.96300005912781
2011-06-21,2.98000001907349,3,2.9539999961853,2.98499989509583,0,2.98499989509583
2011-06-22,2.95600008964539,2.99399995803833,2.94000005722046,2.99300003051758,0,2.99300003051758
2011-06-23,2.94199991226196,2.94199991226196,2.88700008392334,2.90899991989136,0,2.90899991989136
2011-06-24,2.90700006484985,2.93600010871887,2.84699988365173,2.87100005149841,0,2.87100005149841
2011-06-27,2.88000011444092,2.93199992179871,2.85500001907349,2.92700004577637,0,2.92700004577637
2011-06-28,2.93400001525879,3.0550000667572,2.9300000667572,3.04500007629395,0,3.04500007629395
2011-06-29,3.07299995422363,3.13199996948242,3.0550000667572,3.10800004005432,0,3.10800004005432
2011-06-30,3.09500002861023,3.21600008010864,3.08800005912781,3.15799999237061,0,3.15799999237061
2011-07-01,3.1470000743866,3.22300004959106,3.14000010490417,3.19700002670288,0,3.19700002670288
2011-07-05,3.15100002288818,3.15799999237061,3.11899995803833,3.13599991798401,0,3.13599991798401
2011-07-06,3.08400011062622,3.11899995803833,3.07299995422363,3.09500002861023,0,3.09500002861023
2011-07-07,3.16199994087219,3.17499995231628,3.14100003242493,3.1489999294281,0,3.1489999294281
2011-07-08,3.16899991035461,3.18099999427795,3.00799989700317,3.01600003242493,0,3.01600003242493
2011-07-11,2.94799995422363,2.97499990463257,2.91300010681152,2.91700005531311,0,2.91700005531311
2011-07-12,2.8970000743866,2.93700003623962,2.875,2.90799999237061,0,2.90799999237061
2011-07-13,2.93700003623962,2.95199990272522,2.89000010490417,2.89100003242493,0,2.89100003242493
2011-07-14,2.91000008583069,2.94600009918213,2.89000010490417,2.94400000572205,0,2.94400000572205
2011-07-15,2.95300006866455,2.98399996757507,2.8989999294281,2.90799999237061,0,2.90799999237061
2011-07-18,2.87700009346008,2.93099999427795,2.875,2.90899991989136,0,2.90899991989136
2011-07-19,2.94799995422363,2.95900011062622,2.87800002098083,2.89100003242493,0,2.89100003242493
2011-07-20,2.91499996185303,2.94199991226196,2.8970000743866,2.93300008773804,0,2.93300008773804
2011-07-21,2.96199989318848,3.03600001335144,2.95300006866455,3.00999999046326,0,3.00999999046326
2011-07-22,2.99000000953674,2.9909999370575,2.96199989318848,2.96399998664856,0,2.96399998664856
2011-07-25,3.00399994850159,3.03200006484985,2.94199991226196,3.00399994850159,0,3.00399994850159
2011-07-26,3.02500009536743,3.02600002288818,2.94000005722046,2.95099997520447,0,2.95099997520447
2011-07-27,2.95799994468689,3.00999999046326,2.9449999332428,2.98000001907349,0,2.98000001907349
2011-07-28,2.96199989318848,2.96600008010864,2.93300008773804,2.95099997520447,0,2.95099997520447
2011-07-29,2.92000007629395,2.92000007629395,2.8050000667572,2.8050000667572,0,2.8050000667572
2011-08-01,2.79200005531311,2.82100009918213,2.71900010108948,2.74000000953674,0,2.74000000953674
2011-08-02,2.68600010871887,2.72399997711182,2.60400009155273,2.62400007247925,0,2.62400007247925
2011-08-03,2.60899996757507,2.63299989700317,2.5460000038147,2.59899997711182,0,2.59899997711182
2011-08-04,2.57599997520447,2.60199999809265,2.45600008964539,2.45799994468689,0,2.45799994468689
2011-08-05,2.45700001716614,2.58100008964539,2.42799997329712,2.55800008773804,0,2.55800008773804
2011-08-08,2.49699997901917,2.50300002098083,2.32800006866455,2.33899998664856,0,2.33899998664856
2011-08-09,2.39400005340576,2.40599989891052,2.17300009727478,2.18199992179871,0,2.18199992179871
2011-08-10,2.21300005912781,2.21600008010864,2.09200000762939,2.13700008392334,0,2.13700008392334
2011-08-11,2.13499999046326,2.35999989509583,2.13000011444092,2.33599996566772,0,2.33599996566772
2011-08-12,2.28299999237061,2.31299996376038,2.22300004959106,2.23699998855591,0,2.23699998855591
2011-08-15,2.26900005340576,2.28999996185303,2.23499989509583,2.28500008583069,0,2.28500008583069
2011-08-16,2.26699995994568,2.30100011825562,2.20000004768372,2.21399998664856,0,2.21399998664856
2011-08-17,2.24399995803833,2.25999999046326,2.16000008583069,2.16499996185303,0,2.16499996185303
2011-08-18,2.09899997711182,2.11100006103516,1.97800004482269,2.08299994468689,0,2.08299994468689
2011-08-19,2.10899996757507,2.12299990653992,2.06900000572205,2.07100009918213,0,2.07100009918213
2011-08-22,2.11500000953674,2.1340000629425,2.08299994468689,2.08800005912781,0,2.08800005912781
2011-08-23,2.16000008583069,2.16199994087219,2.06399989128113,2.13700008392334,0,2.13700008392334
2011-08-24,2.14599990844727,2.26600003242493,2.13899993896484,2.25999999046326,0,2.25999999046326
2011-08-25,2.29399991035461,2.29399991035461,2.21099996566772,2.22199988365173,0,2.22199988365173
2011-08-26,2.19300007820129,2.22000002861023,2.12100005149841,2.18799996376038,0,2.18799996376038
2011-08-29,2.22499990463257,2.2960000038147,2.22499990463257,2.27099990844727,0,2.27099990844727
2011-08-30,2.20000004768372,2.20600008964539,2.15799999237061,2.17600011825562,0,2.17600011825562
2011-08-31,2.16499996185303,2.22300004959106,2.13899993896484,2.21799993515015,0,2.21799993515015
2011-09-01,2.20199990272522,2.27800011634827,2.14400005340576,2.14599990844727,0,2.14599990844727
2011-09-02,2.12299990653992,2.16400003433228,1.99600005149841,1.99600005149841,0,1.99600005149841
2011-09-06,1.94799995422363,1.9889999628067,1.92900002002716,1.97899997234344,0,1.97899997234344
2011-09-07,2.01900005340576,2.05999994277954,2.00500011444092,2.03600001335144,0,2.03600001335144
2011-09-08,1.99100005626678,2.03900003433228,1.97699999809265,1.98599994182587,0,1.98599994182587
2011-09-09,2.01300001144409,2.01799988746643,1.89600002765656,1.91499996185303,0,1.91499996185303
2011-09-12,1.89600002765656,1.94900000095367,1.89600002765656,1.92999994754791,0,1.92999994754791
2011-09-13,1.94599997997284,2.00600004196167,1.94099998474121,1.99399995803833,0,1.99399995803833
2011-09-14,2.02500009536743,2.03200006484985,1.96300005912781,2.01099991798401,0,2.01099991798401
2011-09-15,2.03399991989136,2.11800003051758,2.03099989891052,2.08500003814697,0,2.08500003814697
2011-09-16,2.08599996566772,2.11800003051758,2.05999994277954,2.07599997520447,0,2.07599997520447
2011-09-19,1.99199998378754,1.99199998378754,1.92799997329712,1.94000005722046,0,1.94000005722046
2011-09-20,1.97000002861023,1.99199998378754,1.93499994277954,1.94700002670288,0,1.94700002670288
2011-09-21,1.93299996852875,1.95700001716614,1.85599994659424,1.875,0,1.875
2011-09-22,1.75899994373322,1.79299998283386,1.69900000095367,1.7150000333786,0,1.7150000333786
2011-09-23,1.69700002670288,1.81599998474121,1.69599997997284,1.80799996852875,0,1.80799996852875
2011-09-26,1.84899997711182,1.90900003910065,1.83299994468689,1.90400004386902,0,1.90400004386902
2011-09-27,1.97500002384186,2.01600003242493,1.95500004291534,2.01600003242493,0,2.01600003242493
2011-09-28,1.97599995136261,2.06500005722046,1.97300004959106,2.00200009346008,0,2.00200009346008
2011-09-29,1.97099995613098,2.02800011634827,1.95200002193451,1.95700001716614,0,1.95700001716614
2011-09-30,1.95000004768372,1.95500004291534,1.89300000667572,1.92400002479553,0,1.92400002479553
2011-10-03,1.88300001621246,1.89100003242493,1.77600002288818,1.7849999666214,0,1.7849999666214
2011-10-04,1.73500001430511,1.8400000333786,1.71700000762939,1.78100001811981,0,1.78100001811981
2011-10-05,1.8639999628067,1.91199994087219,1.84300005435944,1.90499997138977,0,1.90499997138977
2011-10-06,1.91999995708466,1.98599994182587,1.91499996185303,1.98599994182587,0,1.98599994182587
2011-10-07,2.01399993896484,2.11800003051758,2.00699996948242,2.06800007820129,0,2.06800007820129
2011-10-10,2.07599997520447,2.07599997520447,2.07599997520447,2.07599997520447,0,2.07599997520447
2011-10-11,2.14800000190735,2.1800000667572,2.1340000629425,2.16000008583069,0,2.16000008583069
2011-10-12,2.2260000705719,2.26900005340576,2.19000005722046,2.2260000705719,0,2.2260000705719
2011-10-13,2.19799995422363,2.20300006866455,2.12299990653992,2.16899991035461,0,2.16899991035461
2011-10-14,2.23499989509583,2.26399993896484,2.21199989318848,2.23200011253357,0,2.23200011253357
2011-10-17,2.23300004005432,2.24399995803833,2.15100002288818,2.15499997138977,0,2.15499997138977
2011-10-18,2.10400009155273,2.16599988937378,2.10400009155273,2.15100002288818,0,2.15100002288818
2011-10-19,2.19099998474121,2.22499990463257,2.1340000629425,2.15899991989136,0,2.15899991989136
2011-10-20,2.17300009727478,2.20700001716614,2.11400008201599,2.1800000667572,0,2.1800000667572
2011-10-21,2.20700001716614,2.23900008201599,2.1800000667572,2.20300006866455,0,2.20300006866455
2011-10-24,2.18199992179871,2.23900008201599,2.17499995231628,2.23399996757507,0,2.23399996757507
2011-10-25,2.25,2.25699996948242,2.11400008201599,2.12800002098083,0,2.12800002098083
2011-10-26,2.14100003242493,2.21399998664856,2.11199998855591,2.20300006866455,0,2.20300006866455
2011-10-27,2.29699993133545,2.40700006484985,2.27099990844727,2.39499998092651,0,2.39499998092651
2011-10-28,2.36899995803833,2.37299990653992,2.29299998283386,2.30599999427795,0,2.30599999427795
2011-10-31,2.23600006103516,2.23699998855591,2.17499995231628,2.17499995231628,0,2.17499995231628
2011-11-01,2.02900004386902,2.04699993133545,1.9559999704361,2.00099992752075,0,2.00099992752075
2011-11-02,2.04999995231628,2.06299996376038,1.99100005626678,2.00600004196167,0,2.00600004196167
2011-11-03,2.04500007629395,2.07999992370605,2.01699995994568,2.06599998474121,0,2.06599998474121
2011-11-04,2.08400011062622,2.13700008392334,2.0239999294281,2.04999995231628,0,2.04999995231628
2011-11-07,2.03399991989136,2.05599999427795,1.96099996566772,1.99399995803833,0,1.99399995803833
2011-11-08,2.04699993133545,2.06800007820129,1.99899995326996,2.06500005722046,0,2.06500005722046
2011-11-09,1.98699998855591,2.01200008392334,1.92900002002716,1.95500004291534,0,1.95500004291534
2011-11-10,2.02900004386902,2.10800004005432,2.01200008392334,2.05599999427795,0,2.05599999427795
2011-11-11,2.05599999427795,2.05599999427795,2.05599999427795,2.05599999427795,0,2.05599999427795
2011-11-14,2.09699988365173,2.09699988365173,2.02600002288818,2.04299998283386,0,2.04299998283386
2011-11-15,2.00999999046326,2.07299995422363,1.99500000476837,2.05699992179871,0,2.05699992179871
2011-11-16,2.03800010681152,2.05200004577637,2.00699996948242,2.0239999294281,0,2.0239999294281
2011-11-17,1.98599994182587,2.03999996185303,1.93799996376038,1.95799994468689,0,1.95799994468689
2011-11-18,2.00500011444092,2.03600001335144,1.98399996757507,2.01200008392334,0,2.01200008392334
2011-11-21,1.95700001716614,1.97399997711182,1.942999958992,1.96200001239777,0,1.96200001239777
2011-11-22,1.95799994468689,1.98800003528595,1.93599998950958,1.93900001049042,0,1.93900001049042
2011-11-23,1.92400002479553,1.96399998664856,1.87899994850159,1.87899994850159,0,1.87899994850159
2011-11-25,1.91999995708466,1.96899998188019,1.91299998760223,1.96700000762939,0,1.96700000762939
2011-11-28,2.06399989128113,2.07999992370605,1.95099997520447,1.95799994468689,0,1.95799994468689
2011-11-29,1.99500000476837,2.04699993133545,1.9650000333786,1.99600005149841,0,1.99600005149841
2011-11-30,2.05900001525879,2.10700011253357,2.04500007629395,2.06800007820129,0,2.06800007820129
2011-12-01,2.12800002098083,2.14000010490417,2.07200002670288,2.11700010299683,0,2.11700010299683
2011-12-02,2.13100004196167,2.15599989891052,2.03800010681152,2.04200005531311,0,2.04200005531311
2011-12-05,2.08200001716614,2.10999989509583,2.04200005531311,2.05399990081787,0,2.05399990081787
2011-12-06,2.06800007820129,2.09599995613098,2.05399990081787,2.09299993515015,0,2.09299993515015
2011-12-07,2.07299995422363,2.08699989318848,2.01399993896484,2.01699995994568,0,2.01699995994568
2011-12-08,2.05900001525879,2.09599995613098,1.97200000286102,1.97200000286102,0,1.97200000286102
2011-12-09,1.99600005149841,2.05900001525879,1.97200000286102,2.05200004577637,0,2.05200004577637
2011-12-12,2.02800011634827,2.02999997138977,1.9889999628067,2.0090000629425,0,2.0090000629425
2011-12-13,2.04399991035461,2.05900001525879,1.94900000095367,1.96200001239777,0,1.96200001239777
2011-12-14,1.96300005912781,1.97000002861023,1.89800000190735,1.90100002288818,0,1.90100002288818
2011-12-15,1.90299999713898,1.94200003147125,1.89600002765656,1.91299998760223,0,1.91299998760223
2011-12-16,1.92499995231628,1.92499995231628,1.83500003814697,1.85399997234344,0,1.85399997234344
2011-12-19,1.85800004005432,1.87800002098083,1.80099999904633,1.81299996376038,0,1.81299996376038
2011-12-20,1.84700000286102,1.92900002002716,1.84700000286102,1.92499995231628,0,1.92499995231628
2011-12-21,1.90799999237061,1.97899997234344,1.89699995517731,1.96700000762939,0,1.96700000762939
2011-12-22,1.9559999704361,1.9650000333786,1.91999995708466,1.95099997520447,0,1.95099997520447
2011-12-23,1.97200000286102,2.03699994087219,1.95799994468689,2.02999997138977,0,2.02999997138977
2011-12-27,2.02999997138977,2.03099989891052,2.00200009346008,2.0090000629425,0,2.0090000629425
2011-12-28,2.00699996948242,2.0090000629425,1.90799999237061,1.90799999237061,0,1.90799999237061
2011-12-29,1.91400003433228,1.94099998474121,1.88499999046326,1.89699995517731,0,1.89699995517731
2011-12-30,1.90400004386902,1.90400004386902,1.85699999332428,1.87100005149841,0,1.87100005149841
2012-01-03,1.95099997520447,1.9650000333786,1.91400003433228,1.96000003814697,0,1.96000003814697
2012-01-04,1.93700003623962,2.01200008392334,1.93299996852875,1.99500000476837,0,1.99500000476837
2012-01-05,1.99100005626678,2.02099990844727,1.94400000572205,1.99300003051758,0,1.99300003051758
2012-01-06,2.00300002098083,2.04399991035461,1.94599997997284,1.96099996566772,0,1.96099996566772
2012-01-09,1.97500002384186,1.98599994182587,1.9190000295639,1.96000003814697,0,1.96000003814697
2012-01-10,1.9889999628067,2.0090000629425,1.95299994945526,1.97200000286102,0,1.97200000286102
2012-01-11,1.95099997520447,1.95099997520447,1.89800000190735,1.90400004386902,0,1.90400004386902
2012-01-12,1.9190000295639,1.94200003147125,1.89199995994568,1.93299996852875,0,1.93299996852875
2012-01-13,1.90499997138977,1.90499997138977,1.83599996566772,1.85300004482269,0,1.85300004482269
2012-01-17,1.89999997615814,1.90499997138977,1.84599995613098,1.85000002384186,0,1.85000002384186
2012-01-18,1.85699999332428,1.90400004386902,1.83599996566772,1.89699995517731,0,1.89699995517731
2012-01-19,1.92599999904633,1.99800002574921,1.91700005531311,1.97200000286102,0,1.97200000286102
2012-01-20,1.99300003051758,2.03299999237061,1.98399996757507,2.02800011634827,0,2.02800011634827
2012-01-23,2.05999994277954,2.09400010108948,2.0460000038147,2.06699991226196,0,2.06699991226196
2012-01-24,2.04900002479553,2.08500003814697,2.03699994087219,2.06399989128113,0,2.06399989128113
2012-01-25,2.04900002479553,2.06900000572205,1.91700005531311,2.00699996948242,0,2.00699996948242
2012-01-26,1.95799994468689,1.97899997234344,1.92299997806549,1.93099999427795,0,1.93099999427795
2012-01-27,1.96300005912781,1.97000002861023,1.88800001144409,1.89800000190735,0,1.89800000190735
2012-01-30,1.84200000762939,1.84899997711182,1.81400001049042,1.83700001239777,0,1.83700001239777
2012-01-31,1.85099995136261,1.85599994659424,1.79700005054474,1.79900002479553,0,1.79900002479553
2012-02-01,1.807000041008,1.85300004482269,1.79999995231628,1.84599995613098,0,1.84599995613098
2012-02-02,1.81900000572205,1.84899997711182,1.81299996376038,1.82500004768372,0,1.82500004768372
2012-02-03,1.81599998474121,1.9559999704361,1.81200003623962,1.94900000095367,0,1.94900000095367
2012-02-06,1.92400002479553,1.94500005245209,1.8860000371933,1.90100002288818,0,1.90100002288818
2012-02-07,1.91400003433228,1.99100005626678,1.91400003433228,1.96599996089935,0,1.96599996089935
2012-02-08,1.99800002574921,2,1.96099996566772,1.97500002384186,0,1.97500002384186
2012-02-09,2.03099989891052,2.07999992370605,2.02800011634827,2.04699993133545,0,2.04699993133545
2012-02-10,1.98099994659424,1.99500000476837,1.95500004291534,1.96899998188019,0,1.96899998188019
2012-02-13,2,2.01600003242493,1.95899999141693,1.99000000953674,0,1.99000000953674
2012-02-14,1.96899998188019,1.97099995613098,1.91700005531311,1.92400002479553,0,1.92400002479553
2012-02-15,1.93400001525879,1.94500005245209,1.89999997615814,1.93099999427795,0,1.93099999427795
2012-02-16,1.9190000295639,2.01600003242493,1.91700005531311,1.99300003051758,0,1.99300003051758
2012-02-17,2.02999997138977,2.03800010681152,2.00699996948242,2.00999999046326,0,2.00999999046326
2012-02-21,2.02300000190735,2.07999992370605,2.02099990844727,2.04500007629395,0,2.04500007629395
2012-02-22,2.05399990081787,2.05399990081787,1.99800002574921,2.00500011444092,0,2.00500011444092
2012-02-23,2.03800010681152,2.04500007629395,1.97399997711182,1.98399996757507,0,1.98399996757507
2012-02-24,1.98599994182587,1.99100005626678,1.96899998188019,1.97699999809265,0,1.97699999809265
2012-02-27,1.93900001049042,1.94099998474121,1.91199994087219,1.92200005054474,0,1.92200005054474
2012-02-28,1.92599999904633,1.93400001525879,1.89600002765656,1.92900002002716,0,1.92900002002716
2012-02-29,1.9190000295639,2.0090000629425,1.91700005531311,1.97699999809265,0,1.97699999809265
2012-03-01,2.03299999237061,2.06399989128113,2.01900005340576,2.03699994087219,0,2.03699994087219
2012-03-02,2.00699996948242,2.01399993896484,1.97000002861023,1.98599994182587,0,1.98599994182587
2012-03-05,1.99300003051758,2.00699996948242,1.97000002861023,2.00500011444092,0,2.00500011444092
2012-03-06,1.97699999809265,1.97699999809265,1.93099999427795,1.94400000572205,0,1.94400000572205
2012-03-07,1.95000004768372,1.98399996757507,1.95000004768372,1.97200000286102,0,1.97200000286102
2012-03-08,2,2.0239999294281,1.97899997234344,2.01399993896484,0,2.01399993896484
2012-03-09,2.01900005340576,2.05900001525879,2.01900005340576,2.03800010681152,0,2.03800010681152
2012-03-12,2.00300002098083,2.03299999237061,1.9889999628067,2.03099989891052,0,2.03099989891052
2012-03-13,2.05200004577637,2.11899995803833,2.05200004577637,2.10700011253357,0,2.10700011253357
2012-03-14,2.18700003623962,2.28999996185303,2.16899991035461,2.2739999294281,0,2.2739999294281
2012-03-15,2.33200001716614,2.33699989318848,2.25300002098083,2.28099989891052,0,2.28099989891052
2012-03-16,2.33200001716614,2.36299991607666,2.29200005531311,2.29800009727478,0,2.29800009727478
2012-03-19,2.27099990844727,2.39000010490417,2.26699995994568,2.37899994850159,0,2.37899994850159
2012-03-20,2.33400011062622,2.3970000743866,2.33200001716614,2.37199997901917,0,2.37199997901917
2012-03-21,2.34500002861023,2.34699988365173,2.28299999237061,2.29399991035461,0,2.29399991035461
2012-03-22,2.25799989700317,2.29399991035461,2.24900007247925,2.27500009536743,0,2.27500009536743
2012-03-23,2.25300002098083,2.25999999046326,2.21000003814697,2.23699998855591,0,2.23699998855591
2012-03-26,2.26900005340576,2.28699994087219,2.2409999370575,2.24399995803833,0,2.24399995803833
2012-03-27,2.23200011253357,2.23699998855591,2.18199992179871,2.18700003623962,0,2.18700003623962
2012-03-28,2.21199989318848,2.22499990463257,2.15899991989136,2.19600009918213,0,2.19600009918213
2012-03-29,2.19300007820129,2.19799995422363,2.14800000190735,2.15899991989136,0,2.15899991989136
2012-03-30,2.15199995040894,2.23699998855591,2.14100003242493,2.21600008010864,0,2.21600008010864
2012-04-02,2.20000004768372,2.20700001716614,2.16199994087219,2.19300007820129,0,2.19300007820129
2012-04-03,2.16100001335144,2.28399991989136,2.15000009536743,2.28399991989136,0,2.28399991989136
2012-04-04,2.2590000629425,2.26300001144409,2.22699999809265,2.24300003051758,0,2.24300003051758
2012-04-05,2.17499995231628,2.20900011062622,2.14000010490417,2.17499995231628,0,2.17499995231628
2012-04-09,2.03200006484985,2.04399991035461,2.01900005340576,2.03699994087219,0,2.03699994087219
2012-04-10,2.04699993133545,2.04699993133545,1.9650000333786,1.98800003528595,0,1.98800003528595
2012-04-11,2.02600002288818,2.04699993133545,2.01699995994568,2.02800011634827,0,2.02800011634827
2012-04-12,2.03699994087219,2.06299996376038,2.01200008392334,2.04900002479553,0,2.04900002479553
2012-04-13,2.01399993896484,2.02600002288818,1.98099994659424,1.99800002574921,0,1.99800002574921
2012-04-16,1.97000002861023,1.99800002574921,1.94599997997284,1.97399997711182,0,1.97399997711182
2012-04-17,2.00200009346008,2.01600003242493,1.99100005626678,2.0090000629425,0,2.0090000629425
2012-04-18,1.98800003528595,1.99100005626678,1.97200000286102,1.98199999332428,0,1.98199999332428
2012-04-19,1.97699999809265,1.97899997234344,1.94900000095367,1.95200002193451,0,1.95200002193451
2012-04-20,1.99500000476837,1.99600005149841,1.96300005912781,1.97000002861023,0,1.97000002861023
2012-04-23,1.92299997806549,1.93700003623962,1.9099999666214,1.93299996852875,0,1.93299996852875
2012-04-24,1.9539999961853,1.96300005912781,1.93700003623962,1.96099996566772,0,1.96099996566772
2012-04-25,1.98800003528595,2.03699994087219,1.96599996089935,1.98399996757507,0,1.98399996757507
2012-04-26,1.9539999961853,1.96800005435944,1.92999994754791,1.95899999141693,0,1.95899999141693
2012-04-27,1.95099997520447,1.95799994468689,1.92599999904633,1.93299996852875,0,1.93299996852875
2012-04-30,1.9190000295639,1.92400002479553,1.90699994564056,1.91499996185303,0,1.91499996185303
2012-05-01,1.9190000295639,1.96099996566772,1.89999997615814,1.9559999704361,0,1.9559999704361
2012-05-02,1.9099999666214,1.93799996376038,1.89999997615814,1.92200005054474,0,1.92200005054474
2012-05-03,1.92400002479553,1.9559999704361,1.91499996185303,1.92400002479553,0,1.92400002479553
2012-05-04,1.93599998950958,1.9539999961853,1.87300002574921,1.87999999523163,0,1.87999999523163
2012-05-07,1.87300002574921,1.88199996948242,1.85899996757507,1.87699997425079,0,1.87699997425079
2012-05-08,1.85399997234344,1.86099994182587,1.81599998474121,1.83700001239777,0,1.83700001239777
2012-05-09,1.79999995231628,1.84500002861023,1.79299998283386,1.83500003814697,0,1.83500003814697
2012-05-10,1.89499998092651,1.9210000038147,1.88300001621246,1.88399994373322,0,1.88399994373322
2012-05-11,1.85099995136261,1.86199998855591,1.83800005912781,1.84099996089935,0,1.84099996089935
2012-05-14,1.78100001811981,1.79799997806549,1.76699995994568,1.78799998760223,0,1.78799998760223
2012-05-15,1.79299998283386,1.80999994277954,1.76699995994568,1.77699995040894,0,1.77699995040894
2012-05-16,1.80999994277954,1.81900000572205,1.75199997425079,1.76499998569489,0,1.76499998569489
2012-05-17,1.77100002765656,1.77600002288818,1.70200002193451,1.70200002193451,0,1.70200002193451
2012-05-18,1.71800005435944,1.74300003051758,1.70000004768372,1.70200002193451,0,1.70200002193451
2012-05-21,1.73500001430511,1.74699997901917,1.72300004959106,1.73500001430511,0,1.73500001430511
2012-05-22,1.79299998283386,1.80499994754791,1.78100001811981,1.79299998283386,0,1.79299998283386
2012-05-23,1.74300003051758,1.74500000476837,1.70700001716614,1.72099995613098,0,1.72099995613098
2012-05-24,1.75300002098083,1.77699995040894,1.75,1.75899994373322,0,1.75899994373322
2012-05-25,1.76199996471405,1.76400005817413,1.74000000953674,1.74500000476837,0,1.74500000476837
2012-05-29,1.72599995136261,1.74000000953674,1.70700001716614,1.73099994659424,0,1.73099994659424
2012-05-30,1.68799996376038,1.68799996376038,1.61899995803833,1.625,0,1.625
2012-05-31,1.61699998378754,1.61699998378754,1.53299999237061,1.5809999704361,0,1.5809999704361
2012-06-01,1.52100002765656,1.52600002288818,1.44000005722046,1.46700000762939,0,1.46700000762939
2012-06-04,1.5,1.53199994564056,1.48699998855591,1.52699995040894,0,1.52699995040894
2012-06-05,1.54700005054474,1.57400000095367,1.53199994564056,1.55599999427795,0,1.55599999427795
2012-06-06,1.5900000333786,1.6710000038147,1.55400002002716,1.65100002288818,0,1.65100002288818
2012-06-07,1.67499995231628,1.68499994277954,1.63199996948242,1.65400004386902,0,1.65400004386902
2012-06-08,1.56599998474121,1.63999998569489,1.56200003623962,1.63699996471405,0,1.63699996471405
2012-06-11,1.63399994373322,1.65699994564056,1.58299994468689,1.60000002384186,0,1.60000002384186
2012-06-12,1.61000001430511,1.66799998283386,1.61000001430511,1.66100001335144,0,1.66100001335144
2012-06-13,1.67999994754791,1.68599998950958,1.59599995613098,1.59899997711182,0,1.59899997711182
2012-06-14,1.61099994182587,1.64499998092651,1.59099996089935,1.61099994182587,0,1.61099994182587
2012-06-15,1.59899997711182,1.60599994659424,1.56400001049042,1.58700001239777,0,1.58700001239777
2012-06-18,1.56700003147125,1.59899997711182,1.55999994277954,1.58399999141693,0,1.58399999141693
2012-06-19,1.58200001716614,1.63999998569489,1.57700002193451,1.62000000476837,0,1.62000000476837
2012-06-20,1.64499998092651,1.68299996852875,1.60099995136261,1.64199995994568,0,1.64199995994568
2012-06-21,1.63499999046326,1.64900004863739,1.59599995613098,1.61800003051758,0,1.61800003051758
2012-06-22,1.64300000667572,1.67599999904633,1.63999998569489,1.67200005054474,0,1.67200005054474
2012-06-25,1.625,1.62800002098083,1.60399997234344,1.60800004005432,0,1.60800004005432
2012-06-26,1.61300003528595,1.65199995040894,1.61099994182587,1.62800002098083,0,1.62800002098083
2012-06-27,1.63300001621246,1.64999997615814,1.6139999628067,1.62100005149841,0,1.62100005149841
2012-06-28,1.59500002861023,1.59899997711182,1.567999958992,1.57700002193451,0,1.57700002193451
2012-06-29,1.64300000667572,1.67599999904633,1.63499999046326,1.65900003910065,0,1.65900003910065
2012-07-02,1.64300000667572,1.64300000667572,1.55599999427795,1.58000004291534,0,1.58000004291534
2012-07-03,1.58800005912781,1.6360000371933,1.58700001239777,1.63100004196167,0,1.63100004196167
2012-07-05,1.62399995326996,1.62399995326996,1.58299994468689,1.59700000286102,0,1.59700000286102
2012-07-06,1.58800005912781,1.5900000333786,1.53699994087219,1.5440000295639,0,1.5440000295639
2012-07-09,1.52400004863739,1.53900003433228,1.50699996948242,1.51300001144409,0,1.51300001144409
2012-07-10,1.52499997615814,1.52699995040894,1.49800002574921,1.49800002574921,0,1.49800002574921
2012-07-11,1.50800001621246,1.51499998569489,1.45200002193451,1.49800002574921,0,1.49800002574921
2012-07-12,1.49100005626678,1.50100004673004,1.47800004482269,1.47899997234344,0,1.47899997234344
2012-07-13,1.48300004005432,1.51600003242493,1.48300004005432,1.49899995326996,0,1.49899995326996
2012-07-16,1.47699999809265,1.47699999809265,1.44200003147125,1.46399998664856,0,1.46399998664856
2012-07-17,1.4889999628067,1.50800001621246,1.46899998188019,1.50100004673004,0,1.50100004673004
2012-07-18,1.48099994659424,1.49100005626678,1.47200000286102,1.47899997234344,0,1.47899997234344
2012-07-19,1.51300001144409,1.52300000190735,1.48699998855591,1.51499998569489,0,1.51499998569489
2012-07-20,1.47399997711182,1.47699999809265,1.44700002670288,1.46000003814697,0,1.46000003814697
2012-07-23,1.40400004386902,1.442999958992,1.40400004386902,1.43499994277954,0,1.43499994277954
2012-07-24,1.44000005722046,1.4650000333786,1.39400005340576,1.40400004386902,0,1.40400004386902
2012-07-25,1.42799997329712,1.43299996852875,1.39699995517731,1.40600001811981,0,1.40600001811981
2012-07-26,1.42599999904633,1.44500005245209,1.41600000858307,1.42799997329712,0,1.42799997329712
2012-07-27,1.47099995613098,1.58899998664856,1.47000002861023,1.55499994754791,0,1.55499994754791
2012-07-30,1.54100000858307,1.54499995708466,1.50399994850159,1.50399994850159,0,1.50399994850159
2012-07-31,1.47800004482269,1.52100002765656,1.46599996089935,1.49199998378754,0,1.49199998378754
2012-08-01,1.49199998378754,1.53900003433228,1.47599995136261,1.53900003433228,0,1.53900003433228
2012-08-02,1.5460000038147,1.57500004768372,1.44900000095367,1.47800004482269,0,1.47800004482269
2012-08-03,1.51199996471405,1.59200000762939,1.51199996471405,1.57700002193451,0,1.57700002193451
2012-08-06,1.55799996852875,1.55799996852875,1.52999997138977,1.55799996852875,0,1.55799996852875
2012-08-07,1.59599995613098,1.64199995994568,1.59599995613098,1.62800002098083,0,1.62800002098083
2012-08-08,1.62100005149841,1.65600001811981,1.60800004005432,1.63999998569489,0,1.63999998569489
2012-08-09,1.692999958992,1.72899997234344,1.67599999904633,1.68799996376038,0,1.68799996376038
2012-08-10,1.64499998092651,1.65900003910065,1.62999999523163,1.64900004863739,0,1.64900004863739
2012-08-13,1.66100001335144,1.6690000295639,1.62999999523163,1.65400004386902,0,1.65400004386902
2012-08-14,1.68499994277954,1.73099994659424,1.68099999427795,1.72599995136261,0,1.72599995136261
2012-08-15,1.77699995040894,1.81200003623962,1.75,1.80499994754791,0,1.80499994754791
2012-08-16,1.81200003623962,1.86099994182587,1.78600001335144,1.83599996566772,0,1.83599996566772
2012-08-17,1.82299995422363,1.82599997520447,1.79700005054474,1.81599998474121,0,1.81599998474121
2012-08-20,1.83500003814697,1.83700001239777,1.79499995708466,1.81400001049042,0,1.81400001049042
2012-08-21,1.83700001239777,1.86300003528595,1.80400002002716,1.80499994754791,0,1.80499994754791
2012-08-22,1.76900005340576,1.76900005340576,1.71000003814697,1.71899998188019,0,1.71899998188019
2012-08-23,1.70200002193451,1.70899999141693,1.65900003910065,1.66600000858307,0,1.66600000858307
2012-08-24,1.64900004863739,1.68299996852875,1.63199996948242,1.67799997329712,0,1.67799997329712
2012-08-27,1.67799997329712,1.67799997329712,1.64400005340576,1.64900004863739,0,1.64900004863739
2012-08-28,1.63499999046326,1.64400005340576,1.61500000953674,1.62999999523163,0,1.62999999523163
2012-08-29,1.63999998569489,1.67499995231628,1.63699996471405,1.65400004386902,0,1.65400004386902
2012-08-30,1.64199995994568,1.64199995994568,1.61000001430511,1.62000000476837,0,1.62000000476837
2012-08-31,1.64400005340576,1.64900004863739,1.56200003623962,1.56200003623962,0,1.56200003623962
2012-09-04,1.56500005722046,1.58899998664856,1.54799997806549,1.5809999704361,0,1.5809999704361
2012-09-05,1.57200002670288,1.59800004959106,1.56900000572205,1.59399998188019,0,1.59399998188019
2012-09-06,1.64400005340576,1.682000041008,1.63399994373322,1.67299997806549,0,1.67299997806549
2012-09-07,1.72599995136261,1.73300004005432,1.58899998664856,1.66100001335144,0,1.66100001335144
2012-09-10,1.67999994754791,1.69000005722046,1.65900003910065,1.68299996852875,0,1.68299996852875
2012-09-11,1.67599999904633,1.7039999961853,1.66999995708466,1.69500005245209,0,1.69500005245209
2012-09-12,1.73300004005432,1.77300000190735,1.73199999332428,1.76499998569489,0,1.76499998569489
2012-09-13,1.73500001430511,1.83599996566772,1.71399998664856,1.75600004196167,0,1.75600004196167
2012-09-14,1.82599997520447,1.89199995994568,1.7960000038147,1.87000000476837,0,1.87000000476837
2012-09-17,1.84700000286102,1.8639999628067,1.82099997997284,1.83800005912781,0,1.83800005912781
2012-09-18,1.79999995231628,1.81200003623962,1.77999997138977,1.81200003623962,0,1.81200003623962
2012-09-19,1.79100000858307,1.80099999904633,1.76499998569489,1.78199994564056,0,1.78199994564056
2012-09-20,1.74399995803833,1.78600001335144,1.72300004959106,1.77699995040894,0,1.77699995040894
2012-09-21,1.78199994564056,1.79299998283386,1.75100004673004,1.75999999046326,0,1.75999999046326
2012-09-24,1.72500002384186,1.73199999332428,1.7059999704361,1.71800005435944,0,1.71800005435944
2012-09-25,1.69900000095367,1.73399996757507,1.682000041008,1.682000041008,0,1.682000041008
2012-09-26,1.63900005817413,1.64699995517731,1.61500000953674,1.61800003051758,0,1.61800003051758
2012-09-27,1.63999998569489,1.65799999237061,1.62100005149841,1.63999998569489,0,1.63999998569489
2012-09-28,1.61800003051758,1.65100002288818,1.59899997711182,1.63699996471405,0,1.63699996471405
2012-10-01,1.62000000476837,1.64900004863739,1.61300003528595,1.625,0,1.625
2012-10-02,1.64699995517731,1.64900004863739,1.61099994182587,1.61500000953674,0,1.61500000953674
2012-10-03,1.62100005149841,1.63999998569489,1.61300003528595,1.62300002574921,0,1.62300002574921
2012-10-04,1.63999998569489,1.66499996185303,1.62800002098083,1.66499996185303,0,1.66499996185303
2012-10-05,1.67999994754791,1.74100005626678,1.67799997329712,1.73199999332428,0,1.73199999332428
2012-10-08,1.74600005149841,1.74600005149841,1.74600005149841,1.74600005149841,0,1.74600005149841
2012-10-09,1.72000002861023,1.72899997234344,1.69200003147125,1.72000002861023,0,1.72000002861023
2012-10-10,1.74600005149841,1.75,1.67900002002716,1.69099998474121,0,1.69099998474121
2012-10-11,1.69799995422363,1.73199999332428,1.67200005054474,1.67499995231628,0,1.67499995231628
2012-10-12,1.67900002002716,1.67900002002716,1.63399994373322,1.66299998760223,0,1.66299998760223
2012-10-15,1.67700004577637,1.68900001049042,1.65100002288818,1.66299998760223,0,1.66299998760223
2012-10-16,1.69599997997284,1.72599995136261,1.69599997997284,1.72000002861023,0,1.72000002861023
2012-10-17,1.75499999523163,1.81099998950958,1.75499999523163,1.81099998950958,0,1.81099998950958
2012-10-18,1.80999994277954,1.82599997520447,1.78299999237061,1.82599997520447,0,1.82599997520447
2012-10-19,1.79900002479553,1.81900000572205,1.7610000371933,1.76800000667572,0,1.76800000667572
2012-10-22,1.80299997329712,1.81500005722046,1.78400003910065,1.79799997806549,0,1.79799997806549
2012-10-23,1.77499997615814,1.77499997615814,1.75,1.76400005817413,0,1.76400005817413
2012-10-24,1.77799999713898,1.79200005531311,1.76300001144409,1.77499997615814,0,1.77499997615814
2012-10-25,1.83800005912781,1.85199999809265,1.79799997806549,1.82799994945526,0,1.82799994945526
2012-10-26,1.78199994564056,1.7960000038147,1.74899995326996,1.75,0,1.75
2012-10-31,1.73300004005432,1.73500001430511,1.68599998950958,1.68599998950958,0,1.68599998950958
2012-11-01,1.7150000333786,1.73800003528595,1.70500004291534,1.7150000333786,0,1.7150000333786
2012-11-02,1.71899998188019,1.77900004386902,1.71700000762939,1.72599995136261,0,1.72599995136261
2012-11-05,1.69099998474121,1.69500005245209,1.67400002479553,1.68400001525879,0,1.68400001525879
2012-11-06,1.70299994945526,1.74899995326996,1.69099998474121,1.74199998378754,0,1.74199998378754
2012-11-07,1.64100003242493,1.65100002288818,1.61800003051758,1.63199996948242,0,1.63199996948242
2012-11-08,1.67599999904633,1.69700002670288,1.61699998378754,1.63199996948242,0,1.63199996948242
2012-11-09,1.59300005435944,1.64199995994568,1.58899998664856,1.61300003528595,0,1.61300003528595
2012-11-12,1.61099994182587,1.61099994182587,1.61099994182587,1.61099994182587,0,1.61099994182587
2012-11-13,1.60099995136261,1.60800004005432,1.5789999961853,1.58899998664856,0,1.58899998664856
2012-11-14,1.61500000953674,1.62999999523163,1.58599996566772,1.58899998664856,0,1.58899998664856
2012-11-15,1.61000001430511,1.61300003528595,1.57200002670288,1.58899998664856,0,1.58899998664856
2012-11-16,1.58800005912781,1.59899997711182,1.55599999427795,1.57400000095367,0,1.57400000095367
2012-11-19,1.61099994182587,1.62699997425079,1.60599994659424,1.61099994182587,0,1.61099994182587
2012-11-20,1.62300002574921,1.66100001335144,1.61800003051758,1.65600001811981,0,1.65600001811981
2012-11-21,1.67599999904633,1.69500005245209,1.6710000038147,1.68700003623962,0,1.68700003623962
2012-11-23,1.67599999904633,1.69500005245209,1.67499995231628,1.692999958992,0,1.692999958992
2012-11-26,1.66299998760223,1.66600000858307,1.63999998569489,1.66400003433228,0,1.66400003433228
2012-11-27,1.65900003910065,1.67499995231628,1.63900005817413,1.64499998092651,0,1.64499998092651
2012-11-28,1.61500000953674,1.62800002098083,1.60099995136261,1.61699998378754,0,1.61699998378754
2012-11-29,1.64199995994568,1.64400005340576,1.61099994182587,1.62000000476837,0,1.62000000476837
2012-11-30,1.60500001907349,1.62300002574921,1.59599995613098,1.60599994659424,0,1.60599994659424
2012-12-03,1.64400005340576,1.65600001811981,1.625,1.62800002098083,0,1.62800002098083
2012-12-04,1.62999999523163,1.62999999523163,1.59899997711182,1.60800004005432,0,1.60800004005432
2012-12-05,1.59800004959106,1.60300004482269,1.57500004768372,1.59099996089935,0,1.59099996089935
2012-12-06,1.5809999704361,1.58200001716614,1.56400001049042,1.5809999704361,0,1.5809999704361
2012-12-07,1.57700002193451,1.63300001621246,1.57200002670288,1.62699997425079,0,1.62699997425079
2012-12-10,1.61000001430511,1.62699997425079,1.59899997711182,1.61600005626678,0,1.61600005626678
2012-12-11,1.63999998569489,1.65900003910065,1.63999998569489,1.64900004863739,0,1.64900004863739
2012-12-12,1.65600001811981,1.7039999961853,1.63499999046326,1.69700002670288,0,1.69700002670288
2012-12-13,1.70200002193451,1.74399995803833,1.70200002193451,1.72800004482269,0,1.72800004482269
2012-12-14,1.72800004482269,1.72800004482269,1.69500005245209,1.70799994468689,0,1.70799994468689
2012-12-17,1.7059999704361,1.76300001144409,1.7059999704361,1.76300001144409,0,1.76300001144409
2012-12-18,1.78400003910065,1.84700000286102,1.77199995517731,1.82700002193451,0,1.82700002193451
2012-12-19,1.81900000572205,1.82400000095367,1.77499997615814,1.79999995231628,0,1.79999995231628
2012-12-20,1.79100000858307,1.807000041008,1.76999998092651,1.79999995231628,0,1.79999995231628
2012-12-21,1.75999999046326,1.75999999046326,1.73699998855591,1.75399994850159,0,1.75399994850159
2012-12-24,1.76699995994568,1.77900004386902,1.76699995994568,1.77400004863739,0,1.77400004863739
2012-12-26,1.77900004386902,1.77900004386902,1.74600005149841,1.75800001621246,0,1.75800001621246
2012-12-27,1.76499998569489,1.77199995517731,1.70200002193451,1.7150000333786,0,1.7150000333786
2012-12-28,1.7059999704361,1.72300004959106,1.69900000095367,1.71099996566772,0,1.71099996566772
2012-12-31,1.69599997997284,1.76499998569489,1.69400000572205,1.75600004196167,0,1.75600004196167
2013-01-02,1.84200000762939,1.86000001430511,1.82500004768372,1.83899998664856,0,1.83899998664856
2013-01-03,1.84399998188019,1.91100001335144,1.83500003814697,1.89900004863739,0,1.89900004863739
2013-01-04,1.95200002193451,1.9650000333786,1.91100001335144,1.91499996185303,0,1.91499996185303
2013-01-07,1.90400004386902,1.91700005531311,1.89199995994568,1.90299999713898,0,1.90299999713898
2013-01-08,1.89400005340576,1.89400005340576,1.8639999628067,1.87100005149841,0,1.87100005149841
2013-01-09,1.87100005149841,1.87600004673004,1.84599995613098,1.85199999809265,0,1.85199999809265
2013-01-10,1.88900005817413,1.90799999237061,1.875,1.89400005340576,0,1.89400005340576
2013-01-11,1.89100003242493,1.92999994754791,1.86800003051758,1.875,0,1.875
2013-01-14,1.83599996566772,1.8639999628067,1.83399999141693,1.85699999332428,0,1.85699999332428
2013-01-15,1.82200002670288,1.83299994468689,1.81099998950958,1.8309999704361,0,1.8309999704361
2013-01-16,1.83599996566772,1.83599996566772,1.80299997329712,1.82400000095367,0,1.82400000095367
2013-01-17,1.83800005912781,1.89100003242493,1.83800005912781,1.875,0,1.875
2013-01-18,1.86600005626678,1.86600005626678,1.83500003814697,1.84300005435944,0,1.84300005435944
2013-01-22,1.86500000953674,1.87399995326996,1.8289999961853,1.83500003814697,0,1.83500003814697
2013-01-23,1.84200000762939,1.84200000762939,1.81299996376038,1.83299994468689,0,1.83299994468689
2013-01-24,1.81200003623962,1.87000000476837,1.81200003623962,1.84399998188019,0,1.84399998188019
2013-01-25,1.91700005531311,1.95000004768372,1.90400004386902,1.94700002670288,0,1.94700002670288
2013-01-28,1.95799994468689,2.00600004196167,1.95799994468689,1.97399997711182,0,1.97399997711182
2013-01-29,1.96099996566772,1.99899995326996,1.94900000095367,1.98800003528595,0,1.98800003528595
2013-01-30,2.00999999046326,2.03699994087219,1.97399997711182,2.00600004196167,0,2.00600004196167
2013-01-31,1.97399997711182,2.00600004196167,1.97099995613098,1.98500001430511,0,1.98500001430511
2013-02-01,2.00999999046326,2.03600001335144,1.92599999904633,2.00999999046326,0,2.00999999046326
2013-02-04,2.00300002098083,2.00699996948242,1.95099997520447,1.97300004959106,0,1.97300004959106
2013-02-05,2.00699996948242,2.01999998092651,2,2.01600003242493,0,2.01600003242493
2013-02-06,1.97800004482269,1.99600005149841,1.96200001239777,1.96800005435944,0,1.96800005435944
2013-02-07,1.98000001907349,1.98000001907349,1.93700003623962,1.95099997520447,0,1.95099997520447
2013-02-08,1.93900001049042,1.99100005626678,1.93599998950958,1.9539999961853,0,1.9539999961853
2013-02-11,1.96599996089935,1.96599996089935,1.94500005245209,1.94599997997284,0,1.94599997997284
2013-02-12,1.97200000286102,1.98599994182587,1.96300005912781,1.98199999332428,0,1.98199999332428
2013-02-13,2.01099991798401,2.03299999237061,1.99899995326996,2.01900005340576,0,2.01900005340576
2013-02-14,2.03500008583069,2.05399990081787,1.99500000476837,2,0,2
2013-02-15,2,2.03699994087219,2,2.00699996948242,0,2.00699996948242
2013-02-19,2.00699996948242,2.02800011634827,1.98800003528595,2.02600002288818,0,2.02600002288818
2013-02-20,2.03500008583069,2.05200004577637,2.0090000629425,2.02099990844727,0,2.02099990844727
2013-02-21,1.99300003051758,1.99300003051758,1.95700001716614,1.97599995136261,0,1.97599995136261
2013-02-22,1.98099994659424,1.98800003528595,1.95799994468689,1.96700000762939,0,1.96700000762939
2013-02-25,1.97899997234344,2.00200009346008,1.87399995326996,1.89499998092651,0,1.89499998092651
2013-02-26,1.8639999628067,1.89499998092651,1.84300005435944,1.87899994850159,0,1.87899994850159
2013-02-27,1.86000001430511,1.90299999713898,1.84300005435944,1.90299999713898,0,1.90299999713898
2013-02-28,1.87600004673004,1.90699994564056,1.87199997901917,1.88800001144409,0,1.88800001144409
2013-03-01,1.85000002384186,1.86899995803833,1.84099996089935,1.85300004482269,0,1.85300004482269
2013-03-04,1.83899998664856,1.87899994850159,1.83899998664856,1.87699997425079,0,1.87699997425079
2013-03-05,1.89900004863739,1.9099999666214,1.8860000371933,1.89400005340576,0,1.89400005340576
2013-03-06,1.932000041008,1.94400000572205,1.9190000295639,1.93799996376038,0,1.93799996376038
2013-03-07,1.93900001049042,1.99500000476837,1.93900001049042,1.99100005626678,0,1.99100005626678
2013-03-08,2.01200008392334,2.08599996566772,2.00300002098083,2.05599999427795,0,2.05599999427795
2013-03-11,2.04399991035461,2.06299996376038,2.04200005531311,2.05599999427795,0,2.05599999427795
2013-03-12,2.03800010681152,2.03999996185303,2.01200008392334,2.02300000190735,0,2.02300000190735
2013-03-13,2.00699996948242,2.05200004577637,2.00500011444092,2.02099990844727,0,2.02099990844727
2013-03-14,2.05399990081787,2.06800007820129,2.01900005340576,2.03299999237061,0,2.03299999237061
2013-03-15,2.03500008583069,2.04200005531311,1.99100005626678,1.99600005149841,0,1.99600005149841
2013-03-18,1.99300003051758,1.99300003051758,1.94099998474121,1.9559999704361,0,1.9559999704361
2013-03-19,1.94400000572205,1.94799995422363,1.89199995994568,1.90799999237061,0,1.90799999237061
2013-03-20,1.94099998474121,1.95299994945526,1.92900002002716,1.93700003623962,0,1.93700003623962
2013-03-21,1.94900000095367,1.95799994468689,1.92200005054474,1.932000041008,0,1.932000041008
2013-03-22,1.91299998760223,1.94400000572205,1.91100001335144,1.91499996185303,0,1.91499996185303
2013-03-25,1.96700000762939,1.97200000286102,1.89499998092651,1.91499996185303,0,1.91499996185303
2013-03-26,1.92999994754791,1.94400000572205,1.90100002288818,1.90600001811981,0,1.90600001811981
2013-03-27,1.85699999332428,1.86899995803833,1.83299994468689,1.85099995136261,0,1.85099995136261
2013-03-28,1.8639999628067,1.86800003051758,1.84300005435944,1.85199999809265,0,1.85199999809265
2013-04-01,1.88499999046326,1.88800001144409,1.8309999704361,1.8400000333786,0,1.8400000333786
2013-04-02,1.83500003814697,1.86800003051758,1.83500003814697,1.86099994182587,0,1.86099994182587
2013-04-03,1.85699999332428,1.85699999332428,1.79700005054474,1.81200003623962,0,1.81200003623962
2013-04-04,1.79499995708466,1.79499995708466,1.75699996948242,1.75899994373322,0,1.75899994373322
2013-04-05,1.75,1.75699996948242,1.67700004577637,1.69400000572205,0,1.69400000572205
2013-04-08,1.72300004959106,1.73199999332428,1.70799994468689,1.73199999332428,0,1.73199999332428
2013-04-09,1.75,1.75199997425079,1.72300004959106,1.74699997901917,0,1.74699997901917
2013-04-10,1.76699995994568,1.80499994754791,1.76600003242493,1.80499994754791,0,1.80499994754791
2013-04-11,1.79799997806549,1.80499994754791,1.78100001811981,1.79100000858307,0,1.79100000858307
2013-04-12,1.75699996948242,1.75999999046326,1.71899998188019,1.72099995613098,0,1.72099995613098
2013-04-15,1.70899999141693,1.72800004482269,1.69799995422363,1.70200002193451,0,1.70200002193451
2013-04-16,1.72800004482269,1.73399996757507,1.70899999141693,1.71899998188019,0,1.71899998188019
2013-04-17,1.70700001716614,1.72200000286102,1.67299997806549,1.7039999961853,0,1.7039999961853
2013-04-18,1.71200001239777,1.71200001239777,1.67900002002716,1.68499994277954,0,1.68499994277954
2013-04-19,1.70000004768372,1.71200001239777,1.69099998474121,1.70299994945526,0,1.70299994945526
2013-04-22,1.7150000333786,1.7150000333786,1.68099999427795,1.69799995422363,0,1.69799995422363
2013-04-23,1.67400002479553,1.70799994468689,1.64300000667572,1.69799995422363,0,1.69799995422363
2013-04-24,1.71200001239777,1.71300005912781,1.692999958992,1.69799995422363,0,1.69799995422363
2013-04-25,1.71000003814697,1.72699999809265,1.71000003814697,1.71099996566772,0,1.71099996566772
2013-04-26,1.68900001049042,1.68900001049042,1.66199994087219,1.66299998760223,0,1.66299998760223
2013-04-29,1.66299998760223,1.66799998283386,1.65100002288818,1.66799998283386,0,1.66799998283386
2013-04-30,1.65100002288818,1.67900002002716,1.63800001144409,1.67499995231628,0,1.67499995231628
2013-05-01,1.65799999237061,1.65799999237061,1.6139999628067,1.63900005817413,0,1.63900005817413
2013-05-02,1.64300000667572,1.66499996185303,1.62399995326996,1.63100004196167,0,1.63100004196167
2013-05-03,1.62699997425079,1.75199997425079,1.62699997425079,1.75199997425079,0,1.75199997425079
2013-05-06,1.74699997901917,1.77600002288818,1.73800003528595,1.77100002765656,0,1.77100002765656
2013-05-07,1.77600002288818,1.78999996185303,1.77300000190735,1.78299999237061,0,1.78299999237061
2013-05-08,1.78999996185303,1.79200005531311,1.75,1.75999999046326,0,1.75999999046326
2013-05-09,1.78199994564056,1.81700003147125,1.77600002288818,1.81299996376038,0,1.81299996376038
2013-05-10,1.84800004959106,1.92799997329712,1.83800005912781,1.89999997615814,0,1.89999997615814
2013-05-13,1.91199994087219,1.94200003147125,1.91199994087219,1.92299997806549,0,1.92299997806549
2013-05-14,1.90699994564056,1.96399998664856,1.89499998092651,1.95200002193451,0,1.95200002193451
2013-05-15,1.9559999704361,1.97500002384186,1.9210000038147,1.942999958992,0,1.942999958992
2013-05-16,1.94900000095367,1.95799994468689,1.85800004005432,1.86500000953674,0,1.86500000953674
2013-05-17,1.88100004196167,1.9559999704361,1.88100004196167,1.94900000095367,0,1.94900000095367
2013-05-20,1.93499994277954,1.97500002384186,1.9190000295639,1.9650000333786,0,1.9650000333786
2013-05-21,1.96099996566772,1.99800002574921,1.92499995231628,1.94400000572205,0,1.94400000572205
2013-05-22,1.92799997329712,2.04200005531311,1.88800001144409,2.02600002288818,0,2.02600002288818
2013-05-23,2.01200008392334,2.05100011825562,1.98199999332428,2.02300000190735,0,2.02300000190735
2013-05-24,2.01099991798401,2.02999997138977,1.98099994659424,2.01099991798401,0,2.01099991798401
2013-05-28,2.04200005531311,2.13700008392334,2.04099988937378,2.13499999046326,0,2.13499999046326
2013-05-29,2.1470000743866,2.16700005531311,2.12100005149841,2.12400007247925,0,2.12400007247925
2013-05-30,2.1470000743866,2.15799999237061,2.09400010108948,2.12400007247925,0,2.12400007247925
2013-05-31,2.09200000762939,2.21099996566772,2.08400011062622,2.16400003433228,0,2.16400003433228
2013-06-03,2.16799998283386,2.16899991035461,2.08599996566772,2.1340000629425,0,2.1340000629425
2013-06-04,2.13499999046326,2.16400003433228,2.11899995803833,2.13700008392334,0,2.13700008392334
2013-06-05,2.10700011253357,2.12800002098083,2.08400011062622,2.09999990463257,0,2.09999990463257
2013-06-06,2.08200001716614,2.12700009346008,1.99899995326996,2.07500004768372,0,2.07500004768372
2013-06-07,2.09299993515015,2.17000007629395,2.04699993133545,2.16100001335144,0,2.16100001335144
2013-06-10,2.18600010871887,2.23099994659424,2.17499995231628,2.21499991416931,0,2.21499991416931
2013-06-11,2.26900005340576,2.26900005340576,2.17400002479553,2.1949999332428,0,2.1949999332428
2013-06-12,2.19000005722046,2.23000001907349,2.16700005531311,2.23000001907349,0,2.23000001907349
2013-06-13,2.23000001907349,2.23000001907349,2.16499996185303,2.17400002479553,0,2.17400002479553
2013-06-14,2.12199997901917,2.1470000743866,2.09899997711182,2.12599992752075,0,2.12599992752075
2013-06-17,2.11700010299683,2.17499995231628,2.11500000953674,2.1710000038147,0,2.1710000038147
2013-06-18,2.19799995422363,2.21799993515015,2.1710000038147,2.18199992179871,0,2.18199992179871
2013-06-19,2.17499995231628,2.3289999961853,2.16700005531311,2.31100010871887,0,2.31100010871887
2013-06-20,2.41700005531311,2.44700002670288,2.36199998855591,2.41899991035461,0,2.41899991035461
2013-06-21,2.39199995994568,2.51399993896484,2.38499999046326,2.51399993896484,0,2.51399993896484
2013-06-24,2.65300011634827,2.65700006484985,2.51799988746643,2.54800009727478,0,2.54800009727478
2013-06-25,2.5,2.60800004005432,2.5,2.58899998664856,0,2.58899998664856
2013-06-26,2.56699991226196,2.58200001716614,2.50699996948242,2.53900003433228,0,2.53900003433228
2013-06-27,2.49799990653992,2.5220000743866,2.46600008010864,2.48300004005432,0,2.48300004005432
2013-06-28,2.49699997901917,2.55100011825562,2.4779999256134,2.4779999256134,0,2.4779999256134
2013-07-01,2.52099990844727,2.53299999237061,2.47300004959106,2.49000000953674,0,2.49000000953674
2013-07-02,2.47699999809265,2.49499988555908,2.46000003814697,2.46900010108948,0,2.46900010108948
2013-07-03,2.47900009155273,2.50099992752075,2.45099997520447,2.50099992752075,0,2.50099992752075
2013-07-05,2.56900000572205,2.72499990463257,2.55100011825562,2.71499991416931,0,2.71499991416931
2013-07-08,2.72300004959106,2.72300004959106,2.64299988746643,2.64499998092651,0,2.64499998092651
2013-07-09,2.63599991798401,2.65100002288818,2.61700010299683,2.63000011444092,0,2.63000011444092
2013-07-10,2.625,2.69099998474121,2.62299990653992,2.6800000667572,0,2.6800000667572
2013-07-11,2.58699989318848,2.61400008201599,2.56599998474121,2.57399988174438,0,2.57399988174438
2013-07-12,2.54099988937378,2.60500001907349,2.51999998092651,2.6010000705719,0,2.6010000705719
2013-07-15,2.63499999046326,2.63700008392334,2.54299998283386,2.55599999427795,0,2.55599999427795
2013-07-16,2.52099990844727,2.54999995231628,2.52099990844727,2.53200006484985,0,2.53200006484985
2013-07-17,2.54299998283386,2.55399990081787,2.46099996566772,2.4909999370575,0,2.4909999370575
2013-07-18,2.48200011253357,2.54200005531311,2.48000001907349,2.53399991989136,0,2.53399991989136
2013-07-19,2.53500008583069,2.53500008583069,2.48399996757507,2.4909999370575,0,2.4909999370575
2013-07-22,2.47499990463257,2.49399995803833,2.46499991416931,2.48799991607666,0,2.48799991607666
2013-07-23,2.5220000743866,2.53299999237061,2.49600005149841,2.51600003242493,0,2.51600003242493
2013-07-24,2.55599999427795,2.62599992752075,2.55399990081787,2.58800005912781,0,2.58800005912781
2013-07-25,2.59999990463257,2.6340000629425,2.58800005912781,2.60700011253357,0,2.60700011253357
2013-07-26,2.58100008964539,2.58100008964539,2.54500007629395,2.56100010871887,0,2.56100010871887
2013-07-29,2.56299996376038,2.60400009155273,2.56299996376038,2.58500003814697,0,2.58500003814697
2013-07-30,2.59100008010864,2.60800004005432,2.57200002670288,2.6029999256134,0,2.6029999256134
2013-07-31,2.65599989891052,2.70199990272522,2.58999991416931,2.59299993515015,0,2.59299993515015
2013-08-01,2.6010000705719,2.72300004959106,2.59899997711182,2.72300004959106,0,2.72300004959106
2013-08-02,2.73699998855591,2.73699998855591,2.59800004959106,2.60199999809265,0,2.60199999809265
2013-08-05,2.61700010299683,2.66100001335144,2.61700010299683,2.64000010490417,0,2.64000010490417
2013-08-06,2.63499999046326,2.66499996185303,2.63299989700317,2.64199995994568,0,2.64199995994568
2013-08-07,2.64199995994568,2.64199995994568,2.58699989318848,2.59999990463257,0,2.59999990463257
2013-08-08,2.59899997711182,2.61199998855591,2.57500004768372,2.58699989318848,0,2.58699989318848
2013-08-09,2.58699989318848,2.61100006103516,2.57699990272522,2.57999992370605,0,2.57999992370605
2013-08-12,2.59100008010864,2.60700011253357,2.55200004577637,2.60500001907349,0,2.60500001907349
2013-08-13,2.66700005531311,2.7279999256134,2.66700005531311,2.71499991416931,0,2.71499991416931
2013-08-14,2.71900010108948,2.72099995613098,2.69700002670288,2.71199989318848,0,2.71199989318848
2013-08-15,2.75500011444092,2.82100009918213,2.73499989509583,2.75500011444092,0,2.75500011444092
2013-08-16,2.79900002479553,2.86400008201599,2.76699995994568,2.8289999961853,0,2.8289999961853
2013-08-19,2.84599995613098,2.8989999294281,2.83599996566772,2.8840000629425,0,2.8840000629425
2013-08-20,2.81100010871887,2.83800005912781,2.81100010871887,2.81399989128113,0,2.81399989128113
2013-08-21,2.81800007820129,2.8840000629425,2.81100010871887,2.85500001907349,0,2.85500001907349
2013-08-22,2.91599988937378,2.92000007629395,2.87299990653992,2.90100002288818,0,2.90100002288818
2013-08-23,2.91000008583069,2.91599988937378,2.80399990081787,2.81800007820129,0,2.81800007820129
2013-08-26,2.82399988174438,2.8289999961853,2.78399991989136,2.8050000667572,0,2.8050000667572
2013-08-27,2.76300001144409,2.76500010490417,2.70700001716614,2.72099995613098,0,2.72099995613098
2013-08-28,2.75099992752075,2.79500007629395,2.74499988555908,2.78200006484985,0,2.78200006484985
2013-08-29,2.79800009727478,2.82999992370605,2.74300003051758,2.75099992752075,0,2.75099992752075
2013-08-30,2.76900005340576,2.78399991989136,2.74399995803833,2.74900007247925,0,2.74900007247925
2013-09-03,2.83699989318848,2.91100001335144,2.83200001716614,2.84800004959106,0,2.84800004959106
2013-09-04,2.87400007247925,2.90799999237061,2.84899997711182,2.8970000743866,0,2.8970000743866
2013-09-05,2.89800000190735,2.98399996757507,2.89800000190735,2.97900009155273,0,2.97900009155273
2013-09-06,2.95700001716614,2.97199988365173,2.86400008201599,2.93799996376038,0,2.93799996376038
2013-09-09,2.90499997138977,2.91199994087219,2.875,2.8970000743866,0,2.8970000743866
2013-09-10,2.94899988174438,2.96600008010864,2.92499995231628,2.95900011062622,0,2.95900011062622
2013-09-11,2.94000005722046,2.96799993515015,2.90799999237061,2.92000007629395,0,2.92000007629395
2013-09-12,2.89400005340576,2.91199994087219,2.86199998855591,2.90700006484985,0,2.90700006484985
2013-09-13,2.92000007629395,2.92000007629395,2.87899994850159,2.89800000190735,0,2.89800000190735
2013-09-16,2.80900001525879,2.875,2.77699995040894,2.87400007247925,0,2.87400007247925
2013-09-17,2.84899997711182,2.87400007247925,2.83100008964539,2.8529999256134,0,2.8529999256134
2013-09-18,2.85500001907349,2.89800000190735,2.70199990272522,2.70799994468689,0,2.70799994468689
2013-09-19,2.69700002670288,2.75200009346008,2.69300007820129,2.74799990653992,0,2.74799990653992
2013-09-20,2.7739999294281,2.7739999294281,2.71700000762939,2.73200011253357,0,2.73200011253357
2013-09-23,2.73900008201599,2.73900008201599,2.69899988174438,2.71399998664856,0,2.71399998664856
2013-09-24,2.69199991226196,2.6949999332428,2.64400005340576,2.65300011634827,0,2.65300011634827
2013-09-25,2.65700006484985,2.66599988937378,2.61400008201599,2.61400008201599,0,2.61400008201599
2013-09-26,2.63700008392334,2.65899991989136,2.6340000629425,2.64299988746643,0,2.64299988746643
2013-09-27,2.6340000629425,2.64100003242493,2.60400009155273,2.61899995803833,0,2.61899995803833
2013-09-30,2.60599994659424,2.64400005340576,2.59899997711182,2.61500000953674,0,2.61500000953674
2013-10-01,2.64599990844727,2.65000009536743,2.62100005149841,2.64599990844727,0,2.64599990844727
2013-10-02,2.61400008201599,2.62800002098083,2.59400010108948,2.62599992752075,0,2.62599992752075
2013-10-03,2.63499999046326,2.63899993896484,2.58100008964539,2.60599994659424,0,2.60599994659424
2013-10-04,2.62299990653992,2.65799999237061,2.61899995803833,2.65199995040894,0,2.65199995040894
2013-10-07,2.62100005149841,2.6340000629425,2.60700011253357,2.6340000629425,0,2.6340000629425
2013-10-08,2.65400004386902,2.65899991989136,2.6159999370575,2.63599991798401,0,2.63599991798401
2013-10-09,2.63800001144409,2.67400002479553,2.63599991798401,2.65000009536743,0,2.65000009536743
2013-10-10,2.70300006866455,2.72199988365173,2.68499994277954,2.68499994277954,0,2.68499994277954
2013-10-11,2.68300008773804,2.68300008773804,2.64499998092651,2.68199992179871,0,2.68199992179871
2013-10-14,2.69099998474121,2.69099998474121,2.69099998474121,2.69099998474121,0,2.69099998474121
2013-10-15,2.71700000762939,2.73300004005432,2.69300007820129,2.72000002861023,0,2.72000002861023
2013-10-16,2.73699998855591,2.75699996948242,2.66700005531311,2.6710000038147,0,2.6710000038147
2013-10-17,2.62700009346008,2.63100004196167,2.58100008964539,2.58699989318848,0,2.58699989318848
2013-10-18,2.57399988174438,2.59599995613098,2.56500005722046,2.58899998664856,0,2.58899998664856
2013-10-21,2.6010000705719,2.61999988555908,2.58899998664856,2.60899996757507,0,2.60899996757507
2013-10-22,2.58299994468689,2.58699989318848,2.51200008392334,2.51200008392334,0,2.51200008392334
2013-10-23,2.49300003051758,2.5090000629425,2.47099995613098,2.48499989509583,0,2.48499989509583
2013-10-24,2.48499989509583,2.5220000743866,2.47399997711182,2.5220000743866,0,2.5220000743866
2013-10-25,2.51799988746643,2.51999998092651,2.49600005149841,2.50300002098083,0,2.50300002098083
2013-10-28,2.51200008392334,2.5220000743866,2.5,2.51200008392334,0,2.51200008392334
2013-10-29,2.51799988746643,2.53600001335144,2.50500011444092,2.50699996948242,0,2.50699996948242
2013-10-30,2.4909999370575,2.54900002479553,2.47300004959106,2.52699995040894,0,2.52699995040894
2013-10-31,2.51799988746643,2.57100009918213,2.50200009346008,2.54200005531311,0,2.54200005531311
2013-11-01,2.58899998664856,2.62899994850159,2.57200002670288,2.61999988555908,0,2.61999988555908
2013-11-04,2.60700011253357,2.60700011253357,2.58899998664856,2.60199999809265,0,2.60199999809265
2013-11-05,2.61800003051758,2.67700004577637,2.61800003051758,2.66199994087219,0,2.66199994087219
2013-11-06,2.66000008583069,2.66000008583069,2.63100004196167,2.64000010490417,0,2.64000010490417
2013-11-07,2.6159999370575,2.64599990844727,2.59599995613098,2.61299991607666,0,2.61299991607666
2013-11-08,2.61800003051758,2.76300001144409,2.61800003051758,2.74600005149841,0,2.74600005149841
2013-11-11,2.75099992752075,2.75099992752075,2.75099992752075,2.75099992752075,0,2.75099992752075
2013-11-12,2.76300001144409,2.78099989891052,2.75300002098083,2.76799988746643,0,2.76799988746643
2013-11-13,2.74200010299683,2.74200010299683,2.72000002861023,2.72499990463257,0,2.72499990463257
2013-11-14,2.72300004959106,2.73900008201599,2.68600010871887,2.70199990272522,0,2.70199990272522
2013-11-15,2.7279999256134,2.73200011253357,2.69300007820129,2.70900011062622,0,2.70900011062622
2013-11-18,2.70300006866455,2.70499992370605,2.66899991035461,2.67799997329712,0,2.67799997329712
2013-11-19,2.68700003623962,2.71600008010864,2.6800000667572,2.71199989318848,0,2.71199989318848
2013-11-20,2.72300004959106,2.79500007629395,2.68700003623962,2.79200005531311,0,2.79200005531311
2013-11-21,2.79900002479553,2.83899998664856,2.77699995040894,2.78399991989136,0,2.78399991989136
2013-11-22,2.77500009536743,2.78200006484985,2.74600005149841,2.75200009346008,0,2.75200009346008
2013-11-25,2.75500011444092,2.76600003242493,2.7279999256134,2.7409999370575,0,2.7409999370575
2013-11-26,2.71199989318848,2.73399996757507,2.69400000572205,2.69600009918213,0,2.69600009918213
2013-11-27,2.72099995613098,2.76999998092651,2.71000003814697,2.73600006103516,0,2.73600006103516
2013-11-29,2.74600005149841,2.76799988746643,2.73600006103516,2.7409999370575,0,2.7409999370575
2013-12-02,2.78099989891052,2.80999994277954,2.76799988746643,2.80100011825562,0,2.80100011825562
2013-12-03,2.77699995040894,2.78399991989136,2.7590000629425,2.77500009536743,0,2.77500009536743
2013-12-04,2.82800006866455,2.85199999809265,2.82399988174438,2.84100008010864,0,2.84100008010864
2013-12-05,2.84100008010864,2.87299990653992,2.84100008010864,2.86199998855591,0,2.86199998855591
2013-12-06,2.86800003051758,2.93199992179871,2.84100008010864,2.88299989700317,0,2.88299989700317
2013-12-09,2.84599995613098,2.85700011253357,2.83500003814697,2.85700011253357,0,2.85700011253357
2013-12-10,2.81900000572205,2.82200002670288,2.79200005531311,2.79699993133545,0,2.79699993133545
2013-12-11,2.81699991226196,2.84599995613098,2.80599999427795,2.84400010108948,0,2.84400010108948
2013-12-12,2.85899996757507,2.88800001144409,2.8529999256134,2.87700009346008,0,2.87700009346008
2013-12-13,2.86999988555908,2.87899994850159,2.85400009155273,2.86800003051758,0,2.86800003051758
2013-12-16,2.84800004959106,2.88700008392334,2.83899998664856,2.87700009346008,0,2.87700009346008
2013-12-17,2.87599992752075,2.88700008392334,2.83899998664856,2.84299993515015,0,2.84299993515015
2013-12-18,2.86100006103516,2.92899990081787,2.82399988174438,2.88499999046326,0,2.88499999046326
2013-12-19,2.88299989700317,2.95099997520447,2.88299989700317,2.92499995231628,0,2.92499995231628
2013-12-20,2.94600009918213,2.96600008010864,2.88000011444092,2.88700008392334,0,2.88700008392334
2013-12-23,2.91599988937378,2.93300008773804,2.89599990844727,2.92899990081787,0,2.92899990081787
2013-12-24,2.94199991226196,2.98499989509583,2.94199991226196,2.98300004005432,0,2.98300004005432
2013-12-26,2.98099994659424,3,2.98099994659424,2.99000000953674,0,2.99000000953674
2013-12-27,3.01900005340576,3.01900005340576,2.98099994659424,3.00600004196167,0,3.00600004196167
2013-12-30,2.9909999370575,2.9909999370575,2.96700000762939,2.9760000705719,0,2.9760000705719
2013-12-31,2.98499989509583,3.03600001335144,2.98300004005432,3.02600002288818,0,3.02600002288818
2014-01-02,3.02800011634827,3.03399991989136,2.9779999256134,2.98499989509583,0,2.98499989509583
2014-01-03,2.99799990653992,3.01200008392334,2.97099995613098,2.99499988555908,0,2.99499988555908
2014-01-06,2.9760000705719,2.98399996757507,2.94600009918213,2.96099996566772,0,2.96099996566772
2014-01-07,2.95600008964539,2.96499991416931,2.93700003623962,2.93700003623962,0,2.93700003623962
2014-01-08,2.98399996757507,3.00999999046326,2.9760000705719,2.99300003051758,0,2.99300003051758
2014-01-09,2.98600006103516,3.00099992752075,2.96300005912781,2.96300005912781,0,2.96300005912781
2014-01-10,2.95600008964539,2.96900010108948,2.85800004005432,2.85999989509583,0,2.85999989509583
2014-01-13,2.85400009155273,2.86500000953674,2.81900000572205,2.82699990272522,0,2.82699990272522
2014-01-14,2.84699988365173,2.875,2.83999991416931,2.86899995803833,0,2.86899995803833
2014-01-15,2.86400008201599,2.91199994087219,2.85999989509583,2.8840000629425,0,2.8840000629425
2014-01-16,2.88000011444092,2.88000011444092,2.83800005912781,2.84299993515015,0,2.84299993515015
2014-01-17,2.83400011062622,2.85999989509583,2.82699990272522,2.82699990272522,0,2.82699990272522
2014-01-21,2.84299993515015,2.84500002861023,2.81900000572205,2.82500004768372,0,2.82500004768372
2014-01-22,2.84899997711182,2.85999989509583,2.83599996566772,2.85999989509583,0,2.85999989509583
2014-01-23,2.83800005912781,2.83800005912781,2.7590000629425,2.77300000190735,0,2.77300000190735
2014-01-24,2.73699998855591,2.76099991798401,2.71700000762939,2.73499989509583,0,2.73499989509583
2014-01-27,2.75,2.76600003242493,2.72199988365173,2.76600003242493,0,2.76600003242493
2014-01-28,2.77900004386902,2.78099989891052,2.73900008201599,2.74600005149841,0,2.74600005149841
2014-01-29,2.75500011444092,2.76099991798401,2.67300009727478,2.67499995231628,0,2.67499995231628
2014-01-30,2.69899988174438,2.7260000705719,2.69099998474121,2.69300007820129,0,2.69300007820129
2014-01-31,2.64800000190735,2.67499995231628,2.64599990844727,2.66799998283386,0,2.66799998283386
2014-02-03,2.67700004577637,2.67700004577637,2.5789999961853,2.58100008964539,0,2.58100008964539
2014-02-04,2.61100006103516,2.63499999046326,2.60800004005432,2.62400007247925,0,2.62400007247925
2014-02-05,2.60800004005432,2.67300009727478,2.59899997711182,2.66700005531311,0,2.66700005531311
2014-02-06,2.67700004577637,2.70900011062622,2.6710000038147,2.70199990272522,0,2.70199990272522
2014-02-07,2.72199988365173,2.7260000705719,2.63299989700317,2.67499995231628,0,2.67499995231628
2014-02-10,2.67300009727478,2.6949999332428,2.66700005531311,2.67799997329712,0,2.67799997329712
2014-02-11,2.68700003623962,2.73300004005432,2.68199992179871,2.71900010108948,0,2.71900010108948
2014-02-12,2.74200010299683,2.77699995040894,2.73699998855591,2.76300001144409,0,2.76300001144409
2014-02-13,2.76099991798401,2.76099991798401,2.72699999809265,2.73600006103516,0,2.73600006103516
2014-02-14,2.73000001907349,2.75500011444092,2.73000001907349,2.74600005149841,0,2.74600005149841
2014-02-18,2.73000001907349,2.73900008201599,2.69600009918213,2.71099996566772,0,2.71099996566772
2014-02-19,2.68199992179871,2.73900008201599,2.67499995231628,2.73399996757507,0,2.73399996757507
2014-02-20,2.73600006103516,2.77300000190735,2.72499990463257,2.75399994850159,0,2.75399994850159
2014-02-21,2.76600003242493,2.78099989891052,2.73200011253357,2.73399996757507,0,2.73399996757507
2014-02-24,2.7409999370575,2.76300001144409,2.73000001907349,2.75,0,2.75
2014-02-25,2.74600005149841,2.74600005149841,2.70000004768372,2.70099997520447,0,2.70099997520447
2014-02-26,2.71000003814697,2.71700000762939,2.66400003433228,2.67300009727478,0,2.67300009727478
2014-02-27,2.64800000190735,2.66000008583069,2.63899993896484,2.64199995994568,0,2.64199995994568
2014-02-28,2.64000010490417,2.69799995422363,2.64000010490417,2.65799999237061,0,2.65799999237061
2014-03-03,2.61199998855591,2.63499999046326,2.59599995613098,2.60700011253357,0,2.60700011253357
2014-03-04,2.6470000743866,2.69199991226196,2.64000010490417,2.69099998474121,0,2.69099998474121
2014-03-05,2.70000004768372,2.71900010108948,2.6800000667572,2.69799995422363,0,2.69799995422363
2014-03-06,2.72099995613098,2.74799990653992,2.71700000762939,2.73699998855591,0,2.73699998855591
2014-03-07,2.72499990463257,2.82100009918213,2.72099995613098,2.78999996185303,0,2.78999996185303
2014-03-10,2.80200004577637,2.80200004577637,2.77500009536743,2.78399991989136,0,2.78399991989136
2014-03-11,2.78600001335144,2.79900002479553,2.76300001144409,2.76600003242493,0,2.76600003242493
2014-03-12,2.75200009346008,2.75200009346008,2.71399998664856,2.7260000705719,0,2.7260000705719
2014-03-13,2.73200011253357,2.75500011444092,2.65100002288818,2.65300011634827,0,2.65300011634827
2014-03-14,2.62599992752075,2.66700005531311,2.60999989509583,2.64499998092651,0,2.64499998092651
2014-03-17,2.67199993133545,2.69899988174438,2.65799999237061,2.69899988174438,0,2.69899988174438
2014-03-18,2.69000005722046,2.70099997520447,2.67199993133545,2.68099999427795,0,2.68099999427795
2014-03-19,2.68300008773804,2.7720000743866,2.68099999427795,2.7720000743866,0,2.7720000743866
2014-03-20,2.78099989891052,2.79299998283386,2.76300001144409,2.77500009536743,0,2.77500009536743
2014-03-21,2.76399993896484,2.78399991989136,2.74399995803833,2.75,0,2.75
2014-03-24,2.76999998092651,2.77699995040894,2.72099995613098,2.73300004005432,0,2.73300004005432
2014-03-25,2.74600005149841,2.76300001144409,2.7260000705719,2.73499989509583,0,2.73499989509583
2014-03-26,2.75500011444092,2.76300001144409,2.69600009918213,2.70099997520447,0,2.70099997520447
2014-03-27,2.70300006866455,2.71399998664856,2.65899991989136,2.67199993133545,0,2.67199993133545
2014-03-28,2.68799996376038,2.73300004005432,2.68300008773804,2.71199989318848,0,2.71199989318848
2014-03-31,2.74399995803833,2.76799988746643,2.72300004959106,2.72300004959106,0,2.72300004959106
2014-04-01,2.74300003051758,2.76600003242493,2.74300003051758,2.7590000629425,0,2.7590000629425
2014-04-02,2.77900004386902,2.80800008773804,2.77500009536743,2.80299997329712,0,2.80299997329712
2014-04-03,2.79900002479553,2.80599999427795,2.77699995040894,2.78999996185303,0,2.78999996185303
2014-04-04,2.79500007629395,2.80100011825562,2.72099995613098,2.7260000705719,0,2.7260000705719
2014-04-07,2.7260000705719,2.7279999256134,2.68300008773804,2.6949999332428,0,2.6949999332428
2014-04-08,2.71700000762939,2.72099995613098,2.67499995231628,2.68099999427795,0,2.68099999427795
2014-04-09,2.70600008964539,2.72300004959106,2.67400002479553,2.68400001525879,0,2.68400001525879
2014-04-10,2.66599988937378,2.68600010871887,2.61400008201599,2.62800002098083,0,2.62800002098083
2014-04-11,2.60800004005432,2.63499999046326,2.60700011253357,2.61899995803833,0,2.61899995803833
2014-04-14,2.63700008392334,2.65499997138977,2.62800002098083,2.63899993896484,0,2.63899993896484
2014-04-15,2.65499997138977,2.66300010681152,2.59599995613098,2.62800002098083,0,2.62800002098083
2014-04-16,2.64800000190735,2.66100001335144,2.63499999046326,2.63700008392334,0,2.63700008392334
2014-04-17,2.65199995040894,2.7279999256134,2.64400005340576,2.72099995613098,0,2.72099995613098
2014-04-21,2.72199988365173,2.72199988365173,2.68799996376038,2.72099995613098,0,2.72099995613098
2014-04-22,2.7260000705719,2.74799990653992,2.71700000762939,2.7260000705719,0,2.7260000705719
2014-04-23,2.69700002670288,2.70600008964539,2.67700004577637,2.68600010871887,0,2.68600010871887
2014-04-24,2.71499991416931,2.73300004005432,2.68400001525879,2.68799996376038,0,2.68799996376038
2014-04-25,2.66599988937378,2.67899990081787,2.64400005340576,2.66599988937378,0,2.66599988937378
2014-04-28,2.68199992179871,2.71000003814697,2.66799998283386,2.67700004577637,0,2.67700004577637
2014-04-29,2.71499991416931,2.73099994659424,2.69099998474121,2.6949999332428,0,2.6949999332428
2014-04-30,2.71099996566772,2.71099996566772,2.64800000190735,2.64800000190735,0,2.64800000190735
2014-05-01,2.66000008583069,2.66199994087219,2.59299993515015,2.60599994659424,0,2.60599994659424
2014-05-02,2.62400007247925,2.70000004768372,2.57399988174438,2.59100008010864,0,2.59100008010864
2014-05-05,2.57500004768372,2.61299991607666,2.57200002670288,2.61100006103516,0,2.61100006103516
2014-05-06,2.60999989509583,2.61100006103516,2.58599996566772,2.59500002861023,0,2.59500002861023
2014-05-07,2.61100006103516,2.61700010299683,2.57699990272522,2.58999991416931,0,2.58999991416931
2014-05-08,2.61800003051758,2.63100004196167,2.57999992370605,2.60199999809265,0,2.60199999809265
2014-05-09,2.59500002861023,2.63599991798401,2.59500002861023,2.62299990653992,0,2.62299990653992
2014-05-12,2.64499998092651,2.66300010681152,2.63800001144409,2.65599989891052,0,2.65599989891052
2014-05-13,2.65599989891052,2.65799999237061,2.61100006103516,2.61800003051758,0,2.61800003051758
2014-05-14,2.57100009918213,2.58599996566772,2.52500009536743,2.54299998283386,0,2.54299998283386
2014-05-15,2.54099988937378,2.56100010871887,2.47300004959106,2.50200009346008,0,2.50200009346008
2014-05-16,2.49600005149841,2.52099990844727,2.49300003051758,2.51799988746643,0,2.51799988746643
2014-05-19,2.51999998092651,2.53900003433228,2.49499988555908,2.53600001335144,0,2.53600001335144
2014-05-20,2.54800009727478,2.55399990081787,2.50200009346008,2.5090000629425,0,2.5090000629425
2014-05-21,2.52999997138977,2.55900001525879,2.52999997138977,2.53699994087219,0,2.53699994087219
2014-05-22,2.55399990081787,2.56200003623962,2.53399991989136,2.5550000667572,0,2.5550000667572
2014-05-23,2.54299998283386,2.54500007629395,2.51799988746643,2.53600001335144,0,2.53600001335144
2014-05-27,2.53600001335144,2.55399990081787,2.51399993896484,2.51799988746643,0,2.51799988746643
2014-05-28,2.49799990653992,2.49799990653992,2.43400001525879,2.43799996376038,0,2.43799996376038
2014-05-29,2.43600010871887,2.45700001716614,2.40199995040894,2.44700002670288,0,2.44700002670288
2014-05-30,2.46600008010864,2.4909999370575,2.45199990272522,2.45700001716614,0,2.45700001716614
2014-06-02,2.5,2.54099988937378,2.48699998855591,2.53399991989136,0,2.53399991989136
2014-06-03,2.54999995231628,2.59500002861023,2.54500007629395,2.59299993515015,0,2.59299993515015
2014-06-04,2.57999992370605,2.61500000953674,2.56800007820129,2.60599994659424,0,2.60599994659424
2014-06-05,2.60199999809265,2.64599990844727,2.57299995422363,2.58400011062622,0,2.58400011062622
2014-06-06,2.57699990272522,2.60199999809265,2.52999997138977,2.59699988365173,0,2.59699988365173
2014-06-09,2.61500000953674,2.62800002098083,2.60199999809265,2.61299991607666,0,2.61299991607666
2014-06-10,2.63100004196167,2.65100002288818,2.62400007247925,2.63499999046326,0,2.63499999046326
2014-06-11,2.63499999046326,2.6470000743866,2.61299991607666,2.64000010490417,0,2.64000010490417
2014-06-12,2.65100002288818,2.65499997138977,2.5789999961853,2.58599996566772,0,2.58599996566772
2014-06-13,2.61299991607666,2.64400005340576,2.58800005912781,2.60400009155273,0,2.60400009155273
2014-06-16,2.58100008964539,2.61299991607666,2.58100008964539,2.59699988365173,0,2.59699988365173
2014-06-17,2.59500002861023,2.65499997138977,2.58999991416931,2.65499997138977,0,2.65499997138977
2014-06-18,2.65000009536743,2.65499997138977,2.58999991416931,2.61299991607666,0,2.61299991607666
2014-06-19,2.58599996566772,2.64599990844727,2.56399989128113,2.62199997901917,0,2.62199997901917
2014-06-20,2.64100003242493,2.65899991989136,2.61700010299683,2.62400007247925,0,2.62400007247925
2014-06-23,2.59899997711182,2.62400007247925,2.58999991416931,2.62299990653992,0,2.62299990653992
2014-06-24,2.60999989509583,2.61899995803833,2.5789999961853,2.58599996566772,0,2.58599996566772
2014-06-25,2.57200002670288,2.57200002670288,2.52900004386902,2.55900001525879,0,2.55900001525879
2014-06-26,2.56299996376038,2.56500005722046,2.51600003242493,2.52500009536743,0,2.52500009536743
2014-06-27,2.52099990844727,2.53600001335144,2.50699996948242,2.53200006484985,0,2.53200006484985
2014-06-30,2.51999998092651,2.54699993133545,2.51399993896484,2.51600003242493,0,2.51600003242493
2014-07-01,2.54999995231628,2.5699999332428,2.54500007629395,2.56299996376038,0,2.56299996376038
2014-07-02,2.58800005912781,2.63000011444092,2.58500003814697,2.62800002098083,0,2.62800002098083
2014-07-03,2.62700009346008,2.69199991226196,2.625,2.64800000190735,0,2.64800000190735
2014-07-07,2.63199996948242,2.63599991798401,2.60800004005432,2.61700010299683,0,2.61700010299683
2014-07-08,2.59699988365173,2.59699988365173,2.55599999427795,2.56500005722046,0,2.56500005722046
2014-07-09,2.57800006866455,2.6010000705719,2.54299998283386,2.54699993133545,0,2.54699993133545
2014-07-10,2.50300002098083,2.54099988937378,2.49399995803833,2.53200006484985,0,2.53200006484985
2014-07-11,2.52300000190735,2.52900004386902,2.50500011444092,2.51999998092651,0,2.51999998092651
2014-07-14,2.52900004386902,2.54999995231628,2.52900004386902,2.54900002479553,0,2.54900002479553
2014-07-15,2.54699993133545,2.5699999332428,2.51999998092651,2.54900002479553,0,2.54900002479553
2014-07-16,2.55399990081787,2.56699991226196,2.52999997138977,2.53800010681152,0,2.53800010681152
2014-07-17,2.51600003242493,2.51799988746643,2.46700000762939,2.47499990463257,0,2.47499990463257
2014-07-18,2.46399998664856,2.5,2.46000003814697,2.48399996757507,0,2.48399996757507
2014-07-21,2.48499989509583,2.48499989509583,2.44799995422363,2.47399997711182,0,2.47399997711182
2014-07-22,2.49600005149841,2.50200009346008,2.46000003814697,2.46600008010864,0,2.46600008010864
2014-07-23,2.46199989318848,2.46600008010864,2.44899988174438,2.46399998664856,0,2.46399998664856
2014-07-24,2.49300003051758,2.5220000743866,2.4909999370575,2.5090000629425,0,2.5090000629425
2014-07-25,2.50500011444092,2.50699996948242,2.46600008010864,2.46900010108948,0,2.46900010108948
2014-07-28,2.48000001907349,2.49600005149841,2.46600008010864,2.4909999370575,0,2.4909999370575
2014-07-29,2.4779999256134,2.48699998855591,2.45099997520447,2.46199989318848,0,2.46199989318848
2014-07-30,2.47099995613098,2.56699991226196,2.46700000762939,2.55399990081787,0,2.55399990081787
2014-07-31,2.56900000572205,2.61400008201599,2.54200005531311,2.55599999427795,0,2.55599999427795
2014-08-01,2.58200001716614,2.59100008010864,2.48200011253357,2.50500011444092,0,2.50500011444092
2014-08-04,2.49399995803833,2.49600005149841,2.47099995613098,2.4909999370575,0,2.4909999370575
2014-08-05,2.49399995803833,2.52500009536743,2.47300004959106,2.48300004005432,0,2.48300004005432
2014-08-06,2.44199991226196,2.47399997711182,2.29999995231628,2.47399997711182,0,2.47399997711182
2014-08-07,2.46499991416931,2.48200011253357,2.42400002479553,2.42400002479553,0,2.42400002479553
2014-08-08,2.39499998092651,2.42600011825562,2.36999988555908,2.41499996185303,0,2.41499996185303
2014-08-11,2.44000005722046,2.44000005722046,2.41100001335144,2.42000007629395,0,2.42000007629395
2014-08-12,2.43099999427795,2.44700002670288,2.41499996185303,2.44199991226196,0,2.44199991226196
2014-08-13,2.46000003814697,2.46000003814697,2.40799999237061,2.41300010681152,0,2.41300010681152
2014-08-14,2.41400003433228,2.42499995231628,2.39100003242493,2.40000009536743,0,2.40000009536743
2014-08-15,2.38700008392334,2.39800000190735,2.3050000667572,2.34500002861023,0,2.34500002861023
2014-08-18,2.3659999370575,2.39400005340576,2.36299991607666,2.38700008392334,0,2.38700008392334
2014-08-19,2.36299991607666,2.40700006484985,2.36100006103516,2.40499997138977,0,2.40499997138977
2014-08-20,2.41199994087219,2.44400000572205,2.40100002288818,2.42600011825562,0,2.42600011825562
2014-08-21,2.44199991226196,2.44199991226196,2.39800000190735,2.40700006484985,0,2.40700006484985
2014-08-22,2.39400005340576,2.44400000572205,2.39100003242493,2.40300011634827,0,2.40300011634827
2014-08-25,2.38599991798401,2.41000008583069,2.38599991798401,2.38700008392334,0,2.38700008392334
2014-08-26,2.38700008392334,2.40000009536743,2.36800003051758,2.39100003242493,0,2.39100003242493
2014-08-27,2.36800003051758,2.38899993896484,2.35899996757507,2.36100006103516,0,2.36100006103516
2014-08-28,2.34100008010864,2.34999990463257,2.32200002670288,2.33400011062622,0,2.33400011062622
2014-08-29,2.34500002861023,2.35400009155273,2.32500004768372,2.34299993515015,0,2.34299993515015
2014-09-02,2.39299988746643,2.41899991035461,2.39100003242493,2.41899991035461,0,2.41899991035461
2014-09-03,2.45499992370605,2.45700001716614,2.40899991989136,2.41000008583069,0,2.41000008583069
2014-09-04,2.40000009536743,2.45700001716614,2.38199996948242,2.44799995422363,0,2.44799995422363
2014-09-05,2.46799993515015,2.48699998855591,2.38899993896484,2.46099996566772,0,2.46099996566772
2014-09-08,2.43700003623962,2.48000001907349,2.4210000038147,2.46900010108948,0,2.46900010108948
2014-09-09,2.5,2.50699996948242,2.48200011253357,2.5,0,2.5
2014-09-10,2.52900004386902,2.54099988937378,2.5220000743866,2.53399991989136,0,2.53399991989136
2014-09-11,2.51999998092651,2.53800010681152,2.50699996948242,2.53099989891052,0,2.53099989891052
2014-09-12,2.57599997520447,2.6159999370575,2.57599997520447,2.61400008201599,0,2.61400008201599
2014-09-15,2.60500001907349,2.60899996757507,2.58200001716614,2.59100008010864,0,2.59100008010864
2014-09-16,2.55599999427795,2.58899998664856,2.55299997329712,2.58899998664856,0,2.58899998664856
2014-09-17,2.57800006866455,2.6159999370575,2.55100011825562,2.59999990463257,0,2.59999990463257
2014-09-18,2.625,2.64199995994568,2.6159999370575,2.62899994850159,0,2.62899994850159
2014-09-19,2.61100006103516,2.62899994850159,2.58200001716614,2.58699989318848,0,2.58699989318848
2014-09-22,2.56200003623962,2.57800006866455,2.54699993133545,2.56599998474121,0,2.56599998474121
2014-09-23,2.54900002479553,2.55599999427795,2.53299999237061,2.53500008583069,0,2.53500008583069
2014-09-24,2.53800010681152,2.56900000572205,2.52699995040894,2.56900000572205,0,2.56900000572205
2014-09-25,2.54399991035461,2.5460000038147,2.50399994850159,2.51099991798401,0,2.51099991798401
2014-09-26,2.50200009346008,2.54900002479553,2.49699997901917,2.53500008583069,0,2.53500008583069
2014-09-29,2.49900007247925,2.50099992752075,2.47900009155273,2.4909999370575,0,2.4909999370575
2014-09-30,2.50399994850159,2.51099991798401,2.48399996757507,2.50799989700317,0,2.50799989700317
2014-10-01,2.47499990463257,2.47499990463257,2.40300011634827,2.40300011634827,0,2.40300011634827
2014-10-02,2.40899991989136,2.43899989128113,2.38599991798401,2.43799996376038,0,2.43799996376038
2014-10-03,2.44099998474121,2.48399996757507,2.43600010871887,2.44700002670288,0,2.44700002670288
2014-10-06,2.4300000667572,2.45000004768372,2.40400004386902,2.42499995231628,0,2.42499995231628
2014-10-07,2.41799998283386,2.41799998283386,2.34299993515015,2.34999990463257,0,2.34999990463257
2014-10-08,2.36400008201599,2.38599991798401,2.32800006866455,2.32999992370605,0,2.32999992370605
2014-10-09,2.28900003433228,2.33899998664856,2.28900003433228,2.32699990272522,0,2.32699990272522
2014-10-10,2.30399990081787,2.32299995422363,2.29800009727478,2.30699992179871,0,2.30699992179871
2014-10-13,2.28600001335144,2.28600001335144,2.28600001335144,2.28600001335144,0,2.28600001335144
2014-10-14,2.19000005722046,2.23600006103516,2.19000005722046,2.20600008964539,0,2.20600008964539
2014-10-15,2.16199994087219,2.16899991035461,1.86800003051758,2.08999991416931,0,2.08999991416931
2014-10-16,2.05599999427795,2.1800000667572,2.02300000190735,2.15300011634827,0,2.15300011634827
2014-10-17,2.17199993133545,2.22900009155273,2.1710000038147,2.19899988174438,0,2.19899988174438
2014-10-20,2.19000005722046,2.20199990272522,2.16000008583069,2.18099999427795,0,2.18099999427795
2014-10-21,2.21099996566772,2.22499990463257,2.1949999332428,2.20799994468689,0,2.20799994468689
2014-10-22,2.20900011062622,2.25,2.20000004768372,2.22900009155273,0,2.22900009155273
2014-10-23,2.24600005149841,2.29999995231628,2.2409999370575,2.27500009536743,0,2.27500009536743
2014-10-24,2.24300003051758,2.27600002288818,2.22900009155273,2.27300000190735,0,2.27300000190735
2014-10-27,2.26200008392334,2.26799988746643,2.24300003051758,2.25699996948242,0,2.25699996948242
2014-10-28,2.28399991989136,2.2960000038147,2.25500011444092,2.28399991989136,0,2.28399991989136
2014-10-29,2.29099988937378,2.35999989509583,2.28900003433228,2.32299995422363,0,2.32299995422363
2014-10-30,2.31200003623962,2.32299995422363,2.27999997138977,2.3050000667572,0,2.3050000667572
2014-10-31,2.33200001716614,2.34999990463257,2.31699991226196,2.33500003814697,0,2.33500003814697
2014-11-03,2.32500004768372,2.3840000629425,2.32100009918213,2.34800004959106,0,2.34800004959106
2014-11-04,2.31900000572205,2.34800004959106,2.30299997329712,2.34200000762939,0,2.34200000762939
2014-11-05,2.3659999370575,2.36899995803833,2.33699989318848,2.34999990463257,0,2.34999990463257
2014-11-06,2.33500003814697,2.38199996948242,2.33500003814697,2.375,0,2.375
2014-11-07,2.38899993896484,2.40700006484985,2.30800008773804,2.31200003623962,0,2.31200003623962
2014-11-10,2.29399991035461,2.35999989509583,2.29399991035461,2.35899996757507,0,2.35899996757507
2014-11-11,2.35999989509583,2.35999989509583,2.35999989509583,2.35999989509583,0,2.35999989509583
2014-11-12,2.32599997520447,2.37100005149841,2.31900000572205,2.35899996757507,0,2.35899996757507
2014-11-13,2.35400009155273,2.36999988555908,2.33999991416931,2.34699988365173,0,2.34699988365173
2014-11-14,2.35400009155273,2.37700009346008,2.31500005722046,2.3199999332428,0,2.3199999332428
2014-11-17,2.29200005531311,2.34699988365173,2.28999996185303,2.33999991416931,0,2.33999991416931
2014-11-18,2.32800006866455,2.33800005912781,2.30800008773804,2.32200002670288,0,2.32200002670288
2014-11-19,2.33999991416931,2.36299991607666,2.32100009918213,2.3510000705719,0,2.3510000705719
2014-11-20,2.32599997520447,2.3510000705719,2.30299997329712,2.33500003814697,0,2.33500003814697
2014-11-21,2.33999991416931,2.34500002861023,2.31500005722046,2.31500005722046,0,2.31500005722046
2014-11-24,2.33100008964539,2.33800005912781,2.30299997329712,2.30999994277954,0,2.30999994277954
2014-11-25,2.30100011825562,2.31699991226196,2.25999999046326,2.25999999046326,0,2.25999999046326
2014-11-26,2.25200009346008,2.25300002098083,2.22900009155273,2.23399996757507,0,2.23399996757507
2014-11-28,2.20900011062622,2.21799993515015,2.19400000572205,2.19400000572205,0,2.19400000572205
2014-12-01,2.15700006484985,2.21799993515015,2.15499997138977,2.21799993515015,0,2.21799993515015
2014-12-02,2.24600005149841,2.28900003433228,2.24300003051758,2.28500008583069,0,2.28500008583069
2014-12-03,2.29099988937378,2.30699992179871,2.27800011634827,2.28699994087219,0,2.28699994087219
2014-12-04,2.27999997138977,2.29800009727478,2.25300002098083,2.25699996948242,0,2.25699996948242
2014-12-05,2.25200009346008,2.33100008964539,2.25200009346008,2.30699992179871,0,2.30699992179871
2014-12-08,2.30999994277954,2.30999994277954,2.24300003051758,2.25699996948242,0,2.25699996948242
2014-12-09,2.23900008201599,2.23900008201599,2.18700003623962,2.22000002861023,0,2.22000002861023
2014-12-10,2.20799994468689,2.22699999809265,2.16899991035461,2.16899991035461,0,2.16899991035461
2014-12-11,2.14599990844727,2.21600008010864,2.14599990844727,2.17799997329712,0,2.17799997329712
2014-12-12,2.1159999370575,2.14599990844727,2.08299994468689,2.1029999256134,0,2.1029999256134
2014-12-15,2.13100004196167,2.13599991798401,2.07999992370605,2.1159999370575,0,2.1159999370575
2014-12-16,2.04699993133545,2.10400009155273,2.04500007629395,2.07100009918213,0,2.07100009918213
2014-12-17,2.09699988365173,2.14800000190735,2.06599998474121,2.14800000190735,0,2.14800000190735
2014-12-18,2.17600011825562,2.22499990463257,2.1710000038147,2.2039999961853,0,2.2039999961853
2014-12-19,2.20900011062622,2.20900011062622,2.16700005531311,2.17600011825562,0,2.17600011825562
2014-12-22,2.18499994277954,2.18799996376038,2.15499997138977,2.16199994087219,0,2.16199994087219
2014-12-23,2.17199993133545,2.26099991798401,2.17199993133545,2.25699996948242,0,2.25699996948242
2014-12-24,2.28399991989136,2.30100011825562,2.26099991798401,2.26399993896484,0,2.26399993896484
2014-12-26,2.24300003051758,2.26600003242493,2.23600006103516,2.25,0,2.25
2014-12-29,2.22300004959106,2.22900009155273,2.1949999332428,2.20700001716614,0,2.20700001716614
2014-12-30,2.19000005722046,2.19199991226196,2.16700005531311,2.19000005722046,0,2.19000005722046
2014-12-31,2.17700004577637,2.19000005722046,2.16899991035461,2.17000007629395,0,2.17000007629395
2015-01-02,2.19700002670288,2.21300005912781,2.10199999809265,2.12299990653992,0,2.12299990653992
2015-01-05,2.10199999809265,2.10899996757507,2.03699994087219,2.03900003433228,0,2.03900003433228
2015-01-06,1.96800005435944,1.99699997901917,1.88900005817413,1.96300005912781,0,1.96300005912781
2015-01-07,1.97500002384186,2.00799989700317,1.93799996376038,1.9539999961853,0,1.9539999961853
2015-01-08,2.00399994850159,2.02999997138977,1.98800003528595,2.01600003242493,0,2.01600003242493
2015-01-09,1.99699997901917,2.02099990844727,1.942999958992,1.97099995613098,0,1.97099995613098
2015-01-12,1.96399998664856,1.96599996089935,1.90199995040894,1.91199994087219,0,1.91199994087219
2015-01-13,1.87600004673004,1.94500005245209,1.87600004673004,1.88999998569489,0,1.88999998569489
2015-01-14,1.86600005626678,1.86600005626678,1.78400003910065,1.83700001239777,0,1.83700001239777
2015-01-15,1.81299996376038,1.85199999809265,1.75600004196167,1.77499997615814,0,1.77499997615814
2015-01-16,1.7150000333786,1.8309999704361,1.70000004768372,1.81500005722046,0,1.81500005722046
2015-01-20,1.82700002193451,1.82700002193451,1.7610000371933,1.807000041008,0,1.807000041008
2015-01-21,1.79799997806549,1.86300003528595,1.77300000190735,1.85300004482269,0,1.85300004482269
2015-01-22,1.93900001049042,1.95299994945526,1.81200003623962,1.89600002765656,0,1.89600002765656
2015-01-23,1.82000005245209,1.84700000286102,1.80099999904633,1.81700003147125,0,1.81700003147125
2015-01-26,1.80400002002716,1.84200000762939,1.7960000038147,1.82799994945526,0,1.82799994945526
2015-01-27,1.7940000295639,1.83000004291534,1.75,1.82500004768372,0,1.82500004768372
2015-01-28,1.82299995422363,1.82799994945526,1.72099995613098,1.72399997711182,0,1.72399997711182
2015-01-29,1.74600005149841,1.7849999666214,1.73800003528595,1.75100004673004,0,1.75100004673004
2015-01-30,1.70200002193451,1.70700001716614,1.65100002288818,1.67499995231628,0,1.67499995231628
2015-02-02,1.67400002479553,1.71200001239777,1.65400004386902,1.67299997806549,0,1.67299997806549
2015-02-03,1.71700000762939,1.7849999666214,1.71700000762939,1.77999997138977,0,1.77999997138977
2015-02-04,1.82099997997284,1.84599995613098,1.78299999237061,1.79700005054474,0,1.79700005054474
2015-02-05,1.79999995231628,1.8289999961853,1.78799998760223,1.81500005722046,0,1.81500005722046
2015-02-06,1.817999958992,1.95299994945526,1.80499994754791,1.93799996376038,0,1.93799996376038
2015-02-09,1.92200005054474,1.95000004768372,1.90299999713898,1.94799995422363,0,1.94799995422363
2015-02-10,2.01399993896484,2.01600003242493,1.96899998188019,1.99100005626678,0,1.99100005626678
2015-02-11,1.98300004005432,2.02500009536743,1.97000002861023,1.98800003528595,0,1.98800003528595
2015-02-12,2.03299999237061,2.03999996185303,1.95899999141693,1.98599994182587,0,1.98599994182587
2015-02-13,2.00699996948242,2.02600002288818,1.99500000476837,2.02099990844727,0,2.02099990844727
2015-02-17,2.02800011634827,2.15199995040894,2.01600003242493,2.14499998092651,0,2.14499998092651
2015-02-18,2.13299989700317,2.13599991798401,2.04299998283386,2.06599998474121,0,2.06599998474121
2015-02-19,2.09200000762939,2.12199997901917,2.05900001525879,2.11299991607666,0,2.11299991607666
2015-02-20,2.07800006866455,2.14199995994568,2.04500007629395,2.13299989700317,0,2.13299989700317
2015-02-23,2.11199998855591,2.11199998855591,2.05599999427795,2.05900001525879,0,2.05900001525879
2015-02-24,2.07500004768372,2.10800004005432,1.97699999809265,1.98800003528595,0,1.98800003528595
2015-02-25,1.97200000286102,2,1.96200001239777,1.96899998188019,0,1.96899998188019
2015-02-26,1.93900001049042,2.02099990844727,1.93099999427795,2.01600003242493,0,2.01600003242493
2015-02-27,2.0239999294281,2.04900002479553,2,2.00200009346008,0,2.00200009346008
2015-03-02,2.01399993896484,2.08599996566772,2.00500011444092,2.08400011062622,0,2.08400011062622
2015-03-03,2.09999990463257,2.12400007247925,2.07699990272522,2.12199997901917,0,2.12199997901917
2015-03-04,2.12800002098083,2.13100004196167,2.11199998855591,2.12299990653992,0,2.12299990653992
2015-03-05,2.13499999046326,2.1470000743866,2.09599995613098,2.11199998855591,0,2.11199998855591
2015-03-06,2.10999989509583,2.2590000629425,2.10500001907349,2.24000000953674,0,2.24000000953674
2015-03-09,2.21499991416931,2.21799993515015,2.19199991226196,2.1949999332428,0,2.1949999332428
2015-03-10,2.15799999237061,2.16000008583069,2.11700010299683,2.12599992752075,0,2.12599992752075
2015-03-11,2.15100002288818,2.16000008583069,2.09800004959106,2.10899996757507,0,2.10899996757507
2015-03-12,2.08800005912781,2.12299990653992,2.04200005531311,2.09599995613098,0,2.09599995613098
2015-03-13,2.10700011253357,2.13299989700317,2.08599996566772,2.11199998855591,0,2.11199998855591
2015-03-16,2.09299993515015,2.10500001907349,2.06500005722046,2.09800004959106,0,2.09800004959106
2015-03-17,2.05100011825562,2.07200002670288,2.03800010681152,2.05800008773804,0,2.05800008773804
2015-03-18,2.02600002288818,2.05399990081787,1.94400000572205,1.95099997520447,0,1.95099997520447
2015-03-19,1.93700003623962,1.9889999628067,1.92499995231628,1.97699999809265,0,1.97699999809265
2015-03-20,1.9559999704361,1.95799994468689,1.92700004577637,1.92999994754791,0,1.92999994754791
2015-03-23,1.91600000858307,1.93900001049042,1.90900003910065,1.91499996185303,0,1.91499996185303
2015-03-24,1.90299999713898,1.91999995708466,1.87000000476837,1.87800002098083,0,1.87800002098083
2015-03-25,1.8639999628067,1.92299997806549,1.85199999809265,1.91999995708466,0,1.91999995708466
2015-03-26,1.92499995231628,2.0090000629425,1.92200005054474,2.00699996948242,0,2.00699996948242
2015-03-27,1.98399996757507,1.98599994182587,1.94400000572205,1.94799995422363,0,1.94799995422363
2015-03-30,1.9650000333786,1.97399997711182,1.94099998474121,1.96300005912781,0,1.96300005912781
2015-03-31,1.93900001049042,1.96800005435944,1.92799997329712,1.93400001525879,0,1.93400001525879
2015-04-01,1.89199995994568,1.89699995517731,1.85199999809265,1.86800003051758,0,1.86800003051758
2015-04-02,1.85699999332428,1.90900003910065,1.85500001907349,1.90400004386902,0,1.90400004386902
2015-04-06,1.84500002861023,1.91100001335144,1.84300005435944,1.90400004386902,0,1.90400004386902
2015-04-07,1.91299998760223,1.92799997329712,1.88699996471405,1.89300000667572,0,1.89300000667572
2015-04-08,1.89199995994568,1.92499995231628,1.88100004196167,1.89499998092651,0,1.89499998092651
2015-04-09,1.87999999523163,1.9650000333786,1.87800002098083,1.95799994468689,0,1.95799994468689
2015-04-10,1.94200003147125,1.9559999704361,1.9190000295639,1.95099997520447,0,1.95099997520447
2015-04-13,1.97200000286102,1.97200000286102,1.93299996852875,1.93900001049042,0,1.93900001049042
2015-04-14,1.91799998283386,1.92499995231628,1.85500001907349,1.90400004386902,0,1.90400004386902
2015-04-15,1.91400003433228,1.91799998283386,1.87199997901917,1.89999997615814,0,1.89999997615814
2015-04-16,1.88100004196167,1.92599999904633,1.87100005149841,1.87800002098083,0,1.87800002098083
2015-04-17,1.85800004005432,1.91100001335144,1.84500002861023,1.85000002384186,0,1.85000002384186
2015-04-20,1.88100004196167,1.90199995040894,1.85300004482269,1.89499998092651,0,1.89499998092651
2015-04-21,1.86899995803833,1.9190000295639,1.86500000953674,1.91600000858307,0,1.91600000858307
2015-04-22,1.90499997138977,1.98099994659424,1.89100003242493,1.97200000286102,0,1.97200000286102
2015-04-23,1.96800005435944,1.9889999628067,1.94400000572205,1.94700002670288,0,1.94700002670288
2015-04-24,1.9559999704361,1.95899999141693,1.90699994564056,1.91700005531311,0,1.91700005531311
2015-04-27,1.93299996852875,1.94900000095367,1.90699994564056,1.92400002479553,0,1.92400002479553
2015-04-28,1.92799997329712,1.9889999628067,1.92599999904633,1.97300004959106,0,1.97300004959106
2015-04-29,2.02600002288818,2.08100008964539,1.99500000476837,2.03500008583069,0,2.03500008583069
2015-04-30,2.03399991989136,2.10999989509583,2.02999997138977,2.0460000038147,0,2.0460000038147
2015-05-01,2.06699991226196,2.12400007247925,2.05800008773804,2.11700010299683,0,2.11700010299683
2015-05-04,2.11899995803833,2.14199995994568,2.08699989318848,2.13499999046326,0,2.13499999046326
2015-05-05,2.14199995994568,2.20000004768372,2.11700010299683,2.17600011825562,0,2.17600011825562
2015-05-06,2.19799995422363,2.25200009346008,2.18199992179871,2.24000000953674,0,2.24000000953674
2015-05-07,2.20900011062622,2.24900007247925,2.18400001525879,2.18400001525879,0,2.18400001525879
2015-05-08,2.17799997329712,2.20000004768372,2.1010000705719,2.15000009536743,0,2.15000009536743
2015-05-11,2.17499995231628,2.27800011634827,2.17300009727478,2.2739999294281,0,2.2739999294281
2015-05-12,2.33500003814697,2.33500003814697,2.23399996757507,2.25999999046326,0,2.25999999046326
2015-05-13,2.22699999809265,2.28900003433228,2.18899989128113,2.28200006484985,0,2.28200006484985
2015-05-14,2.25099992752075,2.27800011634827,2.22499990463257,2.23900008201599,0,2.23900008201599
2015-05-15,2.19199991226196,2.21099996566772,2.1340000629425,2.14100003242493,0,2.14100003242493
2015-05-18,2.15599989891052,2.23399996757507,2.15599989891052,2.2279999256134,0,2.2279999256134
2015-05-19,2.21399998664856,2.30100011825562,2.21399998664856,2.26200008392334,0,2.26200008392334
2015-05-20,2.25699996948242,2.28500008583069,2.22900009155273,2.25099992752075,0,2.25099992752075
2015-05-21,2.23000001907349,2.25699996948242,2.18499994277954,2.18499994277954,0,2.18499994277954
2015-05-22,2.1710000038147,2.2409999370575,2.1710000038147,2.21499991416931,0,2.21499991416931
2015-05-26,2.19000005722046,2.21300005912781,2.13199996948242,2.13700008392334,0,2.13700008392334
2015-05-27,2.15499997138977,2.17400002479553,2.13499999046326,2.13499999046326,0,2.13499999046326
2015-05-28,2.12700009346008,2.15300011634827,2.1159999370575,2.13000011444092,0,2.13000011444092
2015-05-29,2.12800002098083,2.1340000629425,2.09200000762939,2.09500002861023,0,2.09500002861023
2015-06-01,2.125,2.19700002670288,2.10599994659424,2.19199991226196,0,2.19199991226196
2015-06-02,2.21300005912781,2.27699995040894,2.21099996566772,2.26600003242493,0,2.26600003242493
2015-06-03,2.29099988937378,2.38800001144409,2.27099990844727,2.3659999370575,0,2.3659999370575
2015-06-04,2.35899996757507,2.36199998855591,2.2960000038147,2.30699992179871,0,2.30699992179871
2015-06-05,2.34999990463257,2.43799996376038,2.34100008010864,2.40199995040894,0,2.40199995040894
2015-06-08,2.3989999294281,2.40199995040894,2.3659999370575,2.38100004196167,0,2.38100004196167
2015-06-09,2.38599991798401,2.44899988174438,2.38599991798401,2.41700005531311,0,2.41700005531311
2015-06-10,2.47699999809265,2.48900008201599,2.45300006866455,2.4779999256134,0,2.4779999256134
2015-06-11,2.46199989318848,2.48399996757507,2.38299989700317,2.38299989700317,0,2.38299989700317
2015-06-12,2.38599991798401,2.40599989891052,2.33400011062622,2.38499999046326,0,2.38499999046326
2015-06-15,2.35199999809265,2.37599992752075,2.31299996376038,2.35800004005432,0,2.35800004005432
2015-06-16,2.32399988174438,2.35599994659424,2.31299996376038,2.31800007820129,0,2.31800007820129
2015-06-17,2.33100008964539,2.40300011634827,2.30599999427795,2.30599999427795,0,2.30599999427795
2015-06-18,2.30399990081787,2.38100004196167,2.28800010681152,2.3510000705719,0,2.3510000705719
2015-06-19,2.31699991226196,2.31699991226196,2.25999999046326,2.26699995994568,0,2.26699995994568
2015-06-22,2.31699991226196,2.36899995803833,2.28500008583069,2.35999989509583,0,2.35999989509583
2015-06-23,2.38899993896484,2.42899990081787,2.36700010299683,2.40899991989136,0,2.40899991989136
2015-06-24,2.38299989700317,2.41400003433228,2.36500000953674,2.37100005149841,0,2.37100005149841
2015-06-25,2.39800000190735,2.42300009727478,2.38199996948242,2.39299988746643,0,2.39299988746643
2015-06-26,2.43400001525879,2.48900008201599,2.43400001525879,2.4760000705719,0,2.4760000705719
2015-06-29,2.36899995803833,2.40899991989136,2.32800006866455,2.33100008964539,0,2.33100008964539
2015-06-30,2.36199998855591,2.37800002098083,2.30999994277954,2.33500003814697,0,2.33500003814697
2015-07-01,2.41799998283386,2.44400000572205,2.3970000743866,2.41799998283386,0,2.41799998283386
2015-07-02,2.45499992370605,2.47000002861023,2.36400008201599,2.39299988746643,0,2.39299988746643
2015-07-06,2.31599998474121,2.34599995613098,2.27600002288818,2.27800011634827,0,2.27800011634827
2015-07-07,2.2260000705719,2.23699998855591,2.18700003623962,2.23099994659424,0,2.23099994659424
2015-07-08,2.22399997711182,2.25099992752075,2.19799995422363,2.20600008964539,0,2.20600008964539
2015-07-09,2.25300002098083,2.30699992179871,2.24600005149841,2.30100011825562,0,2.30100011825562
2015-07-10,2.36500000953674,2.4210000038147,2.36100006103516,2.41700005531311,0,2.41700005531311
2015-07-13,2.43899989128113,2.46099996566772,2.40499997138977,2.4300000667572,0,2.4300000667572
2015-07-14,2.42700004577637,2.43199992179871,2.39000010490417,2.3989999294281,0,2.3989999294281
2015-07-15,2.38700008392334,2.43199992179871,2.34500002861023,2.34999990463257,0,2.34999990463257
2015-07-16,2.37599992752075,2.39599990844727,2.33999991416931,2.35199999809265,0,2.35199999809265
2015-07-17,2.34699988365173,2.37400007247925,2.33599996566772,2.34899997711182,0,2.34899997711182
2015-07-20,2.35199999809265,2.39599990844727,2.35199999809265,2.37199997901917,0,2.37199997901917
2015-07-21,2.40000009536743,2.40300011634827,2.33100008964539,2.33999991416931,0,2.33999991416931
2015-07-22,2.32399988174438,2.33599996566772,2.30200004577637,2.32200002670288,0,2.32200002670288
2015-07-23,2.31100010871887,2.34400010108948,2.27099990844727,2.27699995040894,0,2.27699995040894
2015-07-24,2.27500009536743,2.28600001335144,2.25500011444092,2.27099990844727,0,2.27099990844727
2015-07-27,2.23900008201599,2.24300003051758,2.21000003814697,2.2279999256134,0,2.2279999256134
2015-07-28,2.26099991798401,2.26600003242493,2.2409999370575,2.25,0,2.25
2015-07-29,2.27900004386902,2.29699993133545,2.26300001144409,2.27900004386902,0,2.27900004386902
2015-07-30,2.30900001525879,2.3199999332428,2.25500011444092,2.26799988746643,0,2.26799988746643
2015-07-31,2.2590000629425,2.26099991798401,2.19400000572205,2.20499992370605,0,2.20499992370605
2015-08-03,2.19400000572205,2.20700001716614,2.13899993896484,2.15000009536743,0,2.15000009536743
2015-08-04,2.17300009727478,2.21600008010864,2.16599988937378,2.21099996566772,0,2.21099996566772
2015-08-05,2.22099995613098,2.29299998283386,2.21399998664856,2.26799988746643,0,2.26799988746643
2015-08-06,2.2720000743866,2.27699995040894,2.22000002861023,2.23399996757507,0,2.23399996757507
2015-08-07,2.21799993515015,2.25200009346008,2.16599988937378,2.17499995231628,0,2.17499995231628
2015-08-10,2.20900011062622,2.24300003051758,2.20199990272522,2.23799991607666,0,2.23799991607666
2015-08-11,2.16799998283386,2.17499995231628,2.11400008201599,2.13700008392334,0,2.13700008392334
2015-08-12,2.09999990463257,2.1340000629425,2.08200001716614,2.13000011444092,0,2.13000011444092
2015-08-13,2.16400003433228,2.19600009918213,2.15199995040894,2.18899989128113,0,2.18899989128113
2015-08-14,2.17499995231628,2.22099995613098,2.17300009727478,2.19600009918213,0,2.19600009918213
2015-08-17,2.1800000667572,2.18199992179871,2.14499998092651,2.15000009536743,0,2.15000009536743
2015-08-18,2.16799998283386,2.19799995422363,2.16400003433228,2.19600009918213,0,2.19600009918213
2015-08-19,2.18700003623962,2.23000001907349,2.12899994850159,2.12899994850159,0,2.12899994850159
2015-08-20,2.09899997711182,2.11700010299683,2.07500004768372,2.08400011062622,0,2.08400011062622
2015-08-21,2.06599998474121,2.08500003814697,2.02999997138977,2.05399990081787,0,2.05399990081787
2015-08-24,1.97699999809265,2.04500007629395,1.90499997138977,1.99699997901917,0,1.99699997901917
2015-08-25,2.06299996376038,2.13499999046326,2.04900002479553,2.13299989700317,0,2.13299989700317
2015-08-26,2.12899994850159,2.18099999427795,2.09800004959106,2.17199993133545,0,2.17199993133545
2015-08-27,2.18099999427795,2.20700001716614,2.16100001335144,2.16799998283386,0,2.16799998283386
2015-08-28,2.16499996185303,2.19300007820129,2.12800002098083,2.18600010871887,0,2.18600010871887
2015-08-31,2.16100001335144,2.20700001716614,2.13700008392334,2.20000004768372,0,2.20000004768372
2015-09-01,2.16499996185303,2.1949999332428,2.15100002288818,2.17199993133545,0,2.17199993133545
2015-09-02,2.16000008583069,2.19899988174438,2.15400004386902,2.19300007820129,0,2.19300007820129
2015-09-03,2.17400002479553,2.19700002670288,2.15300011634827,2.16799998283386,0,2.16799998283386
2015-09-04,2.12800002098083,2.16899991035461,2.11400008201599,2.12800002098083,0,2.12800002098083
2015-09-08,2.16199994087219,2.19899988174438,2.16000008583069,2.19400000572205,0,2.19400000572205
2015-09-09,2.21799993515015,2.25399994850159,2.17199993133545,2.18099999427795,0,2.18099999427795
2015-09-10,2.21900010108948,2.23600006103516,2.19000005722046,2.22199988365173,0,2.22199988365173
2015-09-11,2.20300006866455,2.20600008964539,2.17199993133545,2.18300008773804,0,2.18300008773804
2015-09-14,2.16700005531311,2.19600009918213,2.16400003433228,2.1800000667572,0,2.1800000667572
2015-09-15,2.17199993133545,2.28099989891052,2.1710000038147,2.28099989891052,0,2.28099989891052
2015-09-16,2.28099989891052,2.30299997329712,2.26399993896484,2.30299997329712,0,2.30299997329712
2015-09-17,2.28299999237061,2.29399991035461,2.20300006866455,2.21700000762939,0,2.21700000762939
2015-09-18,2.15700006484985,2.17300009727478,2.13000011444092,2.13000011444092,0,2.13000011444092
2015-09-21,2.17499995231628,2.21700000762939,2.16599988937378,2.21399998664856,0,2.21399998664856
2015-09-22,2.1710000038147,2.1710000038147,2.11400008201599,2.125,0,2.125
2015-09-23,2.15100002288818,2.1710000038147,2.13599991798401,2.14400005340576,0,2.14400005340576
2015-09-24,2.11299991607666,2.12700009346008,2.08100008964539,2.11999988555908,0,2.11999988555908
2015-09-25,2.1800000667572,2.19799995422363,2.15700006484985,2.16799998283386,0,2.16799998283386
2015-09-28,2.1340000629425,2.15700006484985,2.09299993515015,2.09500002861023,0,2.09500002861023
2015-09-29,2.11299991607666,2.11400008201599,2.04699993133545,2.05399990081787,0,2.05399990081787
2015-09-30,2.09100008010864,2.09299993515015,2.05299997329712,2.05999994277954,0,2.05999994277954
2015-10-01,2.03900003433228,2.0460000038147,2.00999999046326,2.04200005531311,0,2.04200005531311
2015-10-02,2.04699993133545,2.06500005722046,1.90600001811981,1.9889999628067,0,1.9889999628067
2015-10-05,2.01699995994568,2.05999994277954,2.01200008392334,2.05599999427795,0,2.05599999427795
2015-10-06,2.0460000038147,2.07699990272522,2.02999997138977,2.03500008583069,0,2.03500008583069
2015-10-07,2.06500005722046,2.08599996566772,2.05299997329712,2.06200003623962,0,2.06200003623962
2015-10-08,2.05599999427795,2.11299991607666,2.04900002479553,2.10800004005432,0,2.10800004005432
2015-10-09,2.11800003051758,2.13800001144409,2.08800005912781,2.09899997711182,0,2.09899997711182
2015-10-12,2.08999991416931,2.08999991416931,2.08999991416931,2.08999991416931,0,2.08999991416931
2015-10-13,2.06200003623962,2.07800006866455,2.04399991035461,2.0550000667572,0,2.0550000667572
2015-10-14,2.03999996185303,2.04200005531311,1.97899997234344,1.98099994659424,0,1.98099994659424
2015-10-15,2,2.02800011634827,1.99600005149841,2.02300000190735,0,2.02300000190735
2015-10-16,2.01399993896484,2.03299999237061,2.00500011444092,2.02300000190735,0,2.02300000190735
2015-10-19,2.03999996185303,2.05599999427795,2.02099990844727,2.02800011634827,0,2.02800011634827
2015-10-20,2.0550000667572,2.0789999961853,2.05299997329712,2.07100009918213,0,2.07100009918213
2015-10-21,2.05599999427795,2.05800008773804,2.01799988746643,2.02999997138977,0,2.02999997138977
2015-10-22,2.04099988937378,2.0550000667572,2.00300002098083,2.02500009536743,0,2.02500009536743
2015-10-23,2.07200002670288,2.09699988365173,2.07200002670288,2.08299994468689,0,2.08299994468689
2015-10-26,2.07399988174438,2.07399988174438,2.05100011825562,2.05800008773804,0,2.05800008773804
2015-10-27,2.04099988937378,2.04200005531311,2.0090000629425,2.02800011634827,0,2.02800011634827
2015-10-28,2.03500008583069,2.10599994659424,2.03200006484985,2.09200000762939,0,2.09200000762939
2015-10-29,2.10599994659424,2.1800000667572,2.09599995613098,2.17300009727478,0,2.17300009727478
2015-10-30,2.17300009727478,2.18199992179871,2.14199995994568,2.15100002288818,0,2.15100002288818
2015-11-02,2.17499995231628,2.18899989128113,2.16700005531311,2.18700003623962,0,2.18700003623962
2015-11-03,2.19400000572205,2.22499990463257,2.18899989128113,2.22000002861023,0,2.22000002861023
2015-11-04,2.20900011062622,2.2409999370575,2.19799995422363,2.23000001907349,0,2.23000001907349
2015-11-05,2.24900007247925,2.26099991798401,2.22499990463257,2.24499988555908,0,2.24499988555908
2015-11-06,2.22900009155273,2.34899997711182,2.22900009155273,2.33299994468689,0,2.33299994468689
2015-11-09,2.34400010108948,2.37700009346008,2.33100008964539,2.34200000762939,0,2.34200000762939
2015-11-10,2.32699990272522,2.3529999256134,2.31100010871887,2.32200002670288,0,2.32200002670288
2015-11-11,2.33800005912781,2.33800005912781,2.33800005912781,2.33800005912781,0,2.33800005912781
2015-11-12,2.32599997520447,2.34200000762939,2.29900002479553,2.31900000572205,0,2.31900000572205
2015-11-13,2.3050000667572,2.31200003623962,2.27099990844727,2.27999997138977,0,2.27999997138977
2015-11-16,2.2590000629425,2.27300000190735,2.24300003051758,2.27300000190735,0,2.27300000190735
2015-11-17,2.28500008583069,2.31299996376038,2.25399994850159,2.26099991798401,0,2.26099991798401
2015-11-18,2.28500008583069,2.29900002479553,2.26200008392334,2.26900005340576,0,2.26900005340576
2015-11-19,2.26099991798401,2.26399993896484,2.23200011253357,2.24799990653992,0,2.24799990653992
2015-11-20,2.25,2.26200008392334,2.23099994659424,2.26200008392334,0,2.26200008392334
2015-11-23,2.29399991035461,2.29800009727478,2.23900008201599,2.25,0,2.25
2015-11-24,2.21700000762939,2.25,2.20600008964539,2.24300003051758,0,2.24300003051758
2015-11-25,2.23200011253357,2.24799990653992,2.22399997711182,2.23200011253357,0,2.23200011253357
2015-11-27,2.20799994468689,2.22900009155273,2.20799994468689,2.22499990463257,0,2.22499990463257
2015-11-30,2.23200011253357,2.23399996757507,2.21300005912781,2.21799993515015,0,2.21799993515015
2015-12-01,2.22900009155273,2.23200011253357,2.14499998092651,2.15499997138977,0,2.15499997138977
2015-12-02,2.17300009727478,2.19899988174438,2.16799998283386,2.17799997329712,0,2.17799997329712
2015-12-03,2.20600008964539,2.34699988365173,2.2039999961853,2.32999992370605,0,2.32999992370605
2015-12-04,2.31399989128113,2.35599994659424,2.26099991798401,2.27500009536743,0,2.27500009536743
2015-12-07,2.28399991989136,2.29200005531311,2.2039999961853,2.22499990463257,0,2.22499990463257
2015-12-08,2.20900011062622,2.24300003051758,2.19700002670288,2.23799991607666,0,2.23799991607666
2015-12-09,2.24799990653992,2.27099990844727,2.19700002670288,2.20799994468689,0,2.20799994468689
2015-12-10,2.21600008010864,2.23900008201599,2.20600008964539,2.23900008201599,0,2.23900008201599
2015-12-11,2.20099997520447,2.20600008964539,2.13199996948242,2.13899993896484,0,2.13899993896484
2015-12-14,2.15199995040894,2.23099994659424,2.15199995040894,2.22499990463257,0,2.22499990463257
2015-12-15,2.23900008201599,2.28900003433228,2.23799991607666,2.26799988746643,0,2.26799988746643
2015-12-16,2.28399991989136,2.33200001716614,2.25,2.28699994087219,0,2.28699994087219
2015-12-17,2.25300002098083,2.27500009536743,2.23099994659424,2.23799991607666,0,2.23799991607666
2015-12-18,2.19899988174438,2.21799993515015,2.17799997329712,2.19899988174438,0,2.19899988174438
2015-12-21,2.21099996566772,2.21099996566772,2.17199993133545,2.19700002670288,0,2.19700002670288
2015-12-22,2.20199990272522,2.23900008201599,2.19700002670288,2.23900008201599,0,2.23900008201599
2015-12-23,2.25200009346008,2.27999997138977,2.25,2.26399993896484,0,2.26399993896484
2015-12-24,2.26099991798401,2.26200008392334,2.2409999370575,2.24300003051758,0,2.24300003051758
2015-12-28,2.2409999370575,2.24499988555908,2.21300005912781,2.22499990463257,0,2.22499990463257
2015-12-29,2.25200009346008,2.31599998474121,2.24600005149841,2.30699992179871,0,2.30699992179871
2015-12-30,2.30999994277954,2.32500004768372,2.28699994087219,2.30299997329712,0,2.30299997329712
2015-12-31,2.28399991989136,2.29999995231628,2.26600003242493,2.26900005340576,0,2.26900005340576
2016-01-04,2.23000001907349,2.24499988555908,2.20000004768372,2.24499988555908,0,2.24499988555908
2016-01-05,2.24300003051758,2.26099991798401,2.22499990463257,2.24799990653992,0,2.24799990653992
2016-01-06,2.19099998474121,2.20900011062622,2.17600011825562,2.17700004577637,0,2.17700004577637
2016-01-07,2.16300010681152,2.20000004768372,2.15300011634827,2.15300011634827,0,2.15300011634827
2016-01-08,2.16300010681152,2.21399998664856,2.11899995803833,2.13000011444092,0,2.13000011444092
2016-01-11,2.16000008583069,2.17899990081787,2.14000010490417,2.15799999237061,0,2.15799999237061
2016-01-12,2.1949999332428,2.19799995422363,2.08200001716614,2.10199999809265,0,2.10199999809265
2016-01-13,2.12800002098083,2.13499999046326,2.04200005531311,2.06599998474121,0,2.06599998474121
2016-01-14,2.09299993515015,2.12299990653992,2.05399990081787,2.09800004959106,0,2.09800004959106
2016-01-15,2.02300000190735,2.04200005531311,1.98800003528595,2.03299999237061,0,2.03299999237061
2016-01-19,2.06800007820129,2.06800007820129,2.02099990844727,2.03500008583069,0,2.03500008583069
2016-01-20,1.96899998188019,2,1.93900001049042,1.98399996757507,0,1.98399996757507
2016-01-21,1.97500002384186,2.03500008583069,1.95799994468689,2.01900005340576,0,2.01900005340576
2016-01-22,2.06800007820129,2.08899998664856,2.04699993133545,2.04800009727478,0,2.04800009727478
2016-01-25,2.02900004386902,2.04099988937378,2.01500010490417,2.0220000743866,0,2.0220000743866
2016-01-26,1.99600005149841,2.02699995040894,1.99199998378754,1.99399995803833,0,1.99399995803833
2016-01-27,2.01900005340576,2.05200004577637,1.99800002574921,2.00099992752075,0,2.00099992752075
2016-01-28,2.00500011444092,2.03800010681152,1.97300004959106,1.98500001430511,0,1.98500001430511
2016-01-29,1.92299997806549,1.9559999704361,1.91100001335144,1.93099999427795,0,1.93099999427795
2016-02-01,1.92999994754791,1.96599996089935,1.91700005531311,1.96599996089935,0,1.96599996089935
2016-02-02,1.92299997806549,1.92400002479553,1.86199998855591,1.8639999628067,0,1.8639999628067
2016-02-03,1.87199997901917,1.89600002765656,1.79299998283386,1.88100004196167,0,1.88100004196167
2016-02-04,1.87199997901917,1.89100003242493,1.85000002384186,1.8639999628067,0,1.8639999628067
2016-02-05,1.83700001239777,1.89600002765656,1.82700002193451,1.84800004959106,0,1.84800004959106
2016-02-08,1.79799997806549,1.80999994277954,1.73300004005432,1.73500001430511,0,1.73500001430511
2016-02-09,1.73599994182587,1.75199997425079,1.69900000095367,1.72899997234344,0,1.72899997234344
2016-02-10,1.76199996471405,1.76900005340576,1.70200002193451,1.70500004291534,0,1.70500004291534
2016-02-11,1.56700003147125,1.64900004863739,1.56700003147125,1.64400005340576,0,1.64400005340576
2016-02-12,1.67400002479553,1.75899994373322,1.6710000038147,1.74800002574921,0,1.74800002574921
2016-02-16,1.78600001335144,1.79700005054474,1.75699996948242,1.77799999713898,0,1.77799999713898
2016-02-17,1.80400002002716,1.84700000286102,1.79700005054474,1.81900000572205,0,1.81900000572205
2016-02-18,1.82099997997284,1.83000004291534,1.75499999523163,1.75899994373322,0,1.75899994373322
2016-02-19,1.74500000476837,1.7849999666214,1.72899997234344,1.74800002574921,0,1.74800002574921
2016-02-22,1.77400004863739,1.77600002288818,1.75199997425079,1.76600003242493,0,1.76600003242493
2016-02-23,1.77999997138977,1.81400001049042,1.72599995136261,1.74500000476837,0,1.74500000476837
2016-02-24,1.70500004291534,1.74199998378754,1.64900004863739,1.74199998378754,0,1.74199998378754
2016-02-25,1.74000000953674,1.74500000476837,1.67799997329712,1.69700002670288,0,1.69700002670288
2016-02-26,1.74199998378754,1.78299999237061,1.74000000953674,1.76199996471405,0,1.76199996471405
2016-02-29,1.75199997425079,1.76800000667572,1.73699998855591,1.74000000953674,0,1.74000000953674
2016-03-01,1.74899995326996,1.83700001239777,1.72800004482269,1.83399999141693,0,1.83399999141693
2016-03-02,1.85099995136261,1.87199997901917,1.82799994945526,1.84800004959106,0,1.84800004959106
2016-03-03,1.84800004959106,1.85800004005432,1.81500005722046,1.83000004291534,0,1.83000004291534
2016-03-04,1.83599996566772,1.90199995040894,1.82700002193451,1.88300001621246,0,1.88300001621246
2016-03-07,1.91100001335144,1.91799998283386,1.89699995517731,1.90199995040894,0,1.90199995040894
2016-03-08,1.84599995613098,1.85300004482269,1.80400002002716,1.83200001716614,0,1.83200001716614
2016-03-09,1.88100004196167,1.89699995517731,1.85699999332428,1.89199995994568,0,1.89199995994568
2016-03-10,1.87100005149841,1.95200002193451,1.8639999628067,1.92900002002716,0,1.92900002002716
2016-03-11,1.94500005245209,1.98599994182587,1.92400002479553,1.97699999809265,0,1.97699999809265
2016-03-14,1.97000002861023,1.97000002861023,1.94200003147125,1.96300005912781,0,1.96300005912781
2016-03-15,1.94000005722046,1.97500002384186,1.91499996185303,1.95899999141693,0,1.95899999141693
2016-03-16,1.96099996566772,2.00200009346008,1.91499996185303,1.93799996376038,0,1.93799996376038
2016-03-17,1.8639999628067,1.9099999666214,1.8639999628067,1.90299999713898,0,1.90299999713898
2016-03-18,1.88900005817413,1.89600002765656,1.86600005626678,1.87100005149841,0,1.87100005149841
2016-03-21,1.88699996471405,1.92400002479553,1.88699996471405,1.92299997806549,0,1.92299997806549
2016-03-22,1.89600002765656,1.93900001049042,1.88399994373322,1.93499994277954,0,1.93499994277954
2016-03-23,1.93499994277954,1.93499994277954,1.87199997901917,1.875,0,1.875
2016-03-24,1.87000000476837,1.90199995040894,1.85300004482269,1.89999997615814,0,1.89999997615814
2016-03-28,1.89999997615814,1.90499997138977,1.86300003528595,1.87000000476837,0,1.87000000476837
2016-03-29,1.87199997901917,1.87199997901917,1.81200003623962,1.81400001049042,0,1.81400001049042
2016-03-30,1.82599997520447,1.86000001430511,1.81599998474121,1.83000004291534,0,1.83000004291534
2016-03-31,1.81900000572205,1.83200001716614,1.78299999237061,1.78600001335144,0,1.78600001335144
2016-04-01,1.77799999713898,1.81400001049042,1.76199996471405,1.79200005531311,0,1.79200005531311
2016-04-04,1.76499998569489,1.79200005531311,1.76400005817413,1.77900004386902,0,1.77900004386902
2016-04-05,1.73599994182587,1.7389999628067,1.71700000762939,1.72699999809265,0,1.72699999809265
2016-04-06,1.7389999628067,1.77400004863739,1.73199999332428,1.75499999523163,0,1.75499999523163
2016-04-07,1.73800003528595,1.74300003051758,1.68499994277954,1.69099998474121,0,1.69099998474121
2016-04-08,1.71300005912781,1.73800003528595,1.71300005912781,1.72000002861023,0,1.72000002861023
2016-04-11,1.73599994182587,1.75499999523163,1.71300005912781,1.72399997711182,0,1.72399997711182
2016-04-12,1.75699996948242,1.78299999237061,1.74800002574921,1.78100001811981,0,1.78100001811981
2016-04-13,1.79200005531311,1.79499995708466,1.75699996948242,1.76199996471405,0,1.76199996471405
2016-04-14,1.79499995708466,1.80400002002716,1.77100002765656,1.78100001811981,0,1.78100001811981
2016-04-15,1.77100002765656,1.78199994564056,1.74000000953674,1.75199997425079,0,1.75199997425079
2016-04-18,1.74300003051758,1.78699994087219,1.74100005626678,1.77300000190735,0,1.77300000190735
2016-04-19,1.78900003433228,1.80599999427795,1.77100002765656,1.78299999237061,0,1.78299999237061
2016-04-20,1.77799999713898,1.85399997234344,1.76600003242493,1.85399997234344,0,1.85399997234344
2016-04-21,1.86800003051758,1.88900005817413,1.85899996757507,1.87000000476837,0,1.87000000476837
2016-04-22,1.87199997901917,1.89699995517731,1.86800003051758,1.88800001144409,0,1.88800001144409
2016-04-25,1.86800003051758,1.90699994564056,1.86800003051758,1.90199995040894,0,1.90199995040894
2016-04-26,1.91999995708466,1.94099998474121,1.89999997615814,1.93099999427795,0,1.93099999427795
2016-04-27,1.90900003910065,1.91700005531311,1.85399997234344,1.86000001430511,0,1.86000001430511
2016-04-28,1.84399998188019,1.87199997901917,1.83700001239777,1.83800005912781,0,1.83800005912781
2016-04-29,1.86699998378754,1.87399995326996,1.81900000572205,1.81900000572205,0,1.81900000572205
2016-05-02,1.81599998474121,1.86699998378754,1.81599998474121,1.86500000953674,0,1.86500000953674
2016-05-03,1.817999958992,1.817999958992,1.78199994564056,1.79999995231628,0,1.79999995231628
2016-05-04,1.77900004386902,1.817999958992,1.77499997615814,1.78400003910065,0,1.78400003910065
2016-05-05,1.79999995231628,1.80200004577637,1.74500000476837,1.74699997901917,0,1.74699997901917
2016-05-06,1.74199998378754,1.78600001335144,1.70500004291534,1.77900004386902,0,1.77900004386902
2016-05-09,1.77400004863739,1.77699995040894,1.75300002098083,1.75999999046326,0,1.75999999046326
2016-05-10,1.75800001621246,1.76800000667572,1.74699997901917,1.75999999046326,0,1.75999999046326
2016-05-11,1.76499998569489,1.76499998569489,1.72099995613098,1.73699998855591,0,1.73699998855591
2016-05-12,1.74800002574921,1.76499998569489,1.74100005626678,1.75699996948242,0,1.75699996948242
2016-05-13,1.73099994659424,1.75499999523163,1.70500004291534,1.70500004291534,0,1.70500004291534
2016-05-16,1.72200000286102,1.75499999523163,1.72200000286102,1.75300002098083,0,1.75300002098083
2016-05-17,1.75999999046326,1.77400004863739,1.73599994182587,1.75899994373322,0,1.75899994373322
2016-05-18,1.78100001811981,1.88199996948242,1.77900004386902,1.87999999523163,0,1.87999999523163
2016-05-19,1.86800003051758,1.87999999523163,1.8309999704361,1.84500002861023,0,1.84500002861023
2016-05-20,1.86600005626678,1.86600005626678,1.83700001239777,1.84899997711182,0,1.84899997711182
2016-05-23,1.83299994468689,1.85599994659424,1.82599997520447,1.83800005912781,0,1.83800005912781
2016-05-24,1.84599995613098,1.87999999523163,1.83899998664856,1.85899996757507,0,1.85899996757507
2016-05-25,1.87300002574921,1.875,1.84899997711182,1.87000000476837,0,1.87000000476837
2016-05-26,1.86099994182587,1.86500000953674,1.82099997997284,1.82299995422363,0,1.82299995422363
2016-05-27,1.82700002193451,1.85599994659424,1.82500004768372,1.85099995136261,0,1.85099995136261
2016-05-31,1.87399995326996,1.88999998569489,1.83399999141693,1.83399999141693,0,1.83399999141693
2016-06-01,1.83000004291534,1.84899997711182,1.80599999427795,1.84599995613098,0,1.84599995613098
2016-06-02,1.83899998664856,1.84099996089935,1.79700005054474,1.81099998950958,0,1.81099998950958
2016-06-03,1.7940000295639,1.79700005054474,1.69900000095367,1.7039999961853,0,1.7039999961853
2016-06-06,1.72099995613098,1.74199998378754,1.71300005912781,1.72300004959106,0,1.72300004959106
2016-06-07,1.72599995136261,1.72599995136261,1.7039999961853,1.71300005912781,0,1.71300005912781
2016-06-08,1.71599996089935,1.71599996089935,1.69700002670288,1.7059999704361,0,1.7059999704361
2016-06-09,1.67599999904633,1.68299996852875,1.65900003910065,1.67999994754791,0,1.67999994754791
2016-06-10,1.65799999237061,1.66100001335144,1.62699997425079,1.63900005817413,0,1.63900005817413
2016-06-13,1.63900005817413,1.63999998569489,1.61000001430511,1.61600005626678,0,1.61600005626678
2016-06-14,1.59099996089935,1.61600005626678,1.57400000095367,1.61099994182587,0,1.61099994182587
2016-06-15,1.62999999523163,1.62999999523163,1.57700002193451,1.59599995613098,0,1.59599995613098
2016-06-16,1.56900000572205,1.5809999704361,1.51800000667572,1.56400001049042,0,1.56400001049042
2016-06-17,1.59800004959106,1.62199997901917,1.58200001716614,1.61800003051758,0,1.61800003051758
2016-06-20,1.67299997806549,1.682000041008,1.65600001811981,1.66999995708466,0,1.66999995708466
2016-06-21,1.67999994754791,1.7059999704361,1.66100001335144,1.69700002670288,0,1.69700002670288
2016-06-22,1.70299994945526,1.71099996566772,1.67999994754791,1.68499994277954,0,1.68499994277954
2016-06-23,1.7389999628067,1.74800002574921,1.70799994468689,1.7389999628067,0,1.7389999628067
2016-06-24,1.52600002288818,1.58700001239777,1.52600002288818,1.5789999961853,0,1.5789999961853
2016-06-27,1.47000002861023,1.49000000953674,1.45000004768372,1.46000003814697,0,1.46000003814697
2016-06-28,1.47800004482269,1.48300004005432,1.45000004768372,1.46099996566772,0,1.46099996566772
2016-06-29,1.4650000333786,1.48000001907349,1.4559999704361,1.47699999809265,0,1.47699999809265
2016-06-30,1.50399994850159,1.51199996471405,1.45500004291534,1.48800003528595,0,1.48800003528595
2016-07-01,1.42900002002716,1.47300004959106,1.41400003433228,1.4559999704361,0,1.4559999704361
2016-07-05,1.40199995040894,1.40499997138977,1.35699999332428,1.36699998378754,0,1.36699998378754
2016-07-06,1.33599996566772,1.39499998092651,1.33599996566772,1.38499999046326,0,1.38499999046326
2016-07-07,1.39300000667572,1.42200005054474,1.37000000476837,1.38699996471405,0,1.38699996471405
2016-07-08,1.38999998569489,1.44099998474121,1.36500000953674,1.36600005626678,0,1.36600005626678
2016-07-11,1.40699994564056,1.43400001525879,1.38999998569489,1.43400001525879,0,1.43400001525879
2016-07-12,1.47399997711182,1.53100001811981,1.47099995613098,1.51300001144409,0,1.51300001144409
2016-07-13,1.47599995136261,1.48099994659424,1.45899999141693,1.46800005435944,0,1.46800005435944
2016-07-14,1.51999998092651,1.55099999904633,1.51999998092651,1.53100001811981,0,1.53100001811981
2016-07-15,1.53900003433228,1.60099995136261,1.53600001335144,1.59399998188019,0,1.59399998188019
2016-07-18,1.57700002193451,1.60399997234344,1.55599999427795,1.58700001239777,0,1.58700001239777
2016-07-19,1.55299997329712,1.57500004768372,1.5460000038147,1.55799996852875,0,1.55799996852875
2016-07-20,1.567999958992,1.59599995613098,1.56599998474121,1.58000004291534,0,1.58000004291534
2016-07-21,1.60099995136261,1.62800002098083,1.56299996376038,1.56500005722046,0,1.56500005722046
2016-07-22,1.58500003814697,1.59899997711182,1.5440000295639,1.57000005245209,0,1.57000005245209
2016-07-25,1.58399999141693,1.58399999141693,1.55400002002716,1.57099997997284,0,1.57099997997284
2016-07-26,1.55900001525879,1.58700001239777,1.54900002479553,1.56299996376038,0,1.56299996376038
2016-07-27,1.57000005245209,1.57000005245209,1.5110000371933,1.51499998569489,0,1.51499998569489
2016-07-28,1.52499997615814,1.5349999666214,1.49300003051758,1.5110000371933,0,1.5110000371933
2016-07-29,1.52499997615814,1.52999997138977,1.45799994468689,1.45799994468689,0,1.45799994468689
2016-08-01,1.49399995803833,1.50800001621246,1.47500002384186,1.49600005149841,0,1.49600005149841
2016-08-02,1.55200004577637,1.57099997997284,1.51600003242493,1.53699994087219,0,1.53699994087219
2016-08-03,1.54700005054474,1.57099997997284,1.52999997138977,1.54200005531311,0,1.54200005531311
2016-08-04,1.52100002765656,1.52699995040894,1.48399996757507,1.50300002098083,0,1.50300002098083
2016-08-05,1.49899995326996,1.58700001239777,1.49899995326996,1.58200001716614,0,1.58200001716614
2016-08-08,1.59899997711182,1.61600005626678,1.57500004768372,1.58299994468689,0,1.58299994468689
2016-08-09,1.59399998188019,1.59399998188019,1.53699994087219,1.54499995708466,0,1.54499995708466
2016-08-10,1.53199994564056,1.53999996185303,1.50100004673004,1.50899994373322,0,1.50899994373322
2016-08-11,1.51499998569489,1.57599997520447,1.50300002098083,1.57299995422363,0,1.57299995422363
2016-08-12,1.53699994087219,1.53699994087219,1.48000001907349,1.51499998569489,0,1.51499998569489
2016-08-15,1.51999998092651,1.55599999427795,1.51900005340576,1.55299997329712,0,1.55299997329712
2016-08-16,1.52900004386902,1.58700001239777,1.51499998569489,1.57599997520447,0,1.57599997520447
2016-08-17,1.5809999704361,1.58700001239777,1.53699994087219,1.56099998950958,0,1.56099998950958
2016-08-18,1.54900002479553,1.56599998474121,1.52499997615814,1.53600001335144,0,1.53600001335144
2016-08-19,1.55599999427795,1.59200000762939,1.55599999427795,1.57799994945526,0,1.57799994945526
2016-08-22,1.567999958992,1.57000005245209,1.53600001335144,1.53900003433228,0,1.53900003433228
2016-08-23,1.55599999427795,1.56299996376038,1.52699995040894,1.55299997329712,0,1.55299997329712
2016-08-24,1.54900002479553,1.57000005245209,1.5440000295639,1.55900001525879,0,1.55900001525879
2016-08-25,1.55900001525879,1.58299994468689,1.55400002002716,1.57700002193451,0,1.57700002193451
2016-08-26,1.56599998474121,1.63499999046326,1.53100001811981,1.63499999046326,0,1.63499999046326
2016-08-29,1.61800003051758,1.61800003051758,1.56299996376038,1.56599998474121,0,1.56599998474121
2016-08-30,1.57000005245209,1.58200001716614,1.56099998950958,1.57000005245209,0,1.57000005245209
2016-08-31,1.57500004768372,1.58299994468689,1.55400002002716,1.567999958992,0,1.567999958992
2016-09-01,1.59399998188019,1.61899995803833,1.55599999427795,1.57000005245209,0,1.57000005245209
2016-09-02,1.58200001716614,1.62100005149841,1.5440000295639,1.59599995613098,0,1.59599995613098
2016-09-06,1.60399997234344,1.60800004005432,1.53400003910065,1.54299998283386,0,1.54299998283386
2016-09-07,1.53400003910065,1.5440000295639,1.51900005340576,1.54100000858307,0,1.54100000858307
2016-09-08,1.55099999904633,1.62000000476837,1.55099999904633,1.61600005626678,0,1.61600005626678
2016-09-09,1.65600001811981,1.67799997329712,1.64699995517731,1.67200005054474,0,1.67200005054474
2016-09-12,1.68700003623962,1.69599997997284,1.66100001335144,1.67200005054474,0,1.67200005054474
2016-09-13,1.66299998760223,1.75199997425079,1.66100001335144,1.73399996757507,0,1.73399996757507
2016-09-14,1.71200001239777,1.72200000286102,1.682000041008,1.68900001049042,0,1.68900001049042
2016-09-15,1.682000041008,1.73399996757507,1.66499996185303,1.70299994945526,0,1.70299994945526
2016-09-16,1.66999995708466,1.70299994945526,1.66499996185303,1.70099997520447,0,1.70099997520447
2016-09-19,1.692999958992,1.70500004291534,1.68599998950958,1.69599997997284,0,1.69599997997284
2016-09-20,1.68599998950958,1.692999958992,1.66799998283386,1.68799996376038,0,1.68799996376038
2016-09-21,1.68400001525879,1.72399997711182,1.66199994087219,1.66799998283386,0,1.66799998283386
2016-09-22,1.64800000190735,1.64800000190735,1.60800004005432,1.63199996948242,0,1.63199996948242
2016-09-23,1.61800003051758,1.63199996948242,1.60800004005432,1.61500000953674,0,1.61500000953674
2016-09-26,1.59899997711182,1.60599994659424,1.57400000095367,1.58899998664856,0,1.58899998664856
2016-09-27,1.56200003623962,1.57500004768372,1.5460000038147,1.55599999427795,0,1.55599999427795
2016-09-28,1.57200002670288,1.57200002670288,1.54299998283386,1.56700003147125,0,1.56700003147125
2016-09-29,1.58399999141693,1.60099995136261,1.54299998283386,1.557000041008,0,1.557000041008
2016-09-30,1.54799997806549,1.61500000953674,1.54499995708466,1.60800004005432,0,1.60800004005432
2016-10-03,1.60000002384186,1.62600004673004,1.59599995613098,1.62199997901917,0,1.62199997901917
2016-10-04,1.62399995326996,1.68599998950958,1.61500000953674,1.68299996852875,0,1.68299996852875
2016-10-05,1.68599998950958,1.73000001907349,1.67999994754791,1.71599996089935,0,1.71599996089935
2016-10-06,1.71399998664856,1.74600005149841,1.70899999141693,1.74199998378754,0,1.74199998378754
2016-10-07,1.74100005626678,1.77100002765656,1.71800005435944,1.73599994182587,0,1.73599994182587
2016-10-10,1.72300004959106,1.72300004959106,1.72300004959106,1.72300004959106,0,1.72300004959106
2016-10-11,1.77100002765656,1.78100001811981,1.74500000476837,1.75899994373322,0,1.75899994373322
2016-10-12,1.79900002479553,1.80099999904633,1.77100002765656,1.77799999713898,0,1.77799999713898
2016-10-13,1.75499999523163,1.75999999046326,1.72899997234344,1.73800003528595,0,1.73800003528595
2016-10-14,1.77799999713898,1.7940000295639,1.75199997425079,1.7940000295639,0,1.7940000295639
2016-10-17,1.78900003433228,1.78900003433228,1.75699996948242,1.76600003242493,0,1.76600003242493
2016-10-18,1.76999998092651,1.78699994087219,1.74500000476837,1.74899995326996,0,1.74899995326996
2016-10-19,1.75600004196167,1.76999998092651,1.72899997234344,1.75199997425079,0,1.75199997425079
2016-10-20,1.74899995326996,1.76800000667572,1.72399997711182,1.74699997901917,0,1.74699997901917
2016-10-21,1.75100004673004,1.75800001621246,1.73099994659424,1.74000000953674,0,1.74000000953674
2016-10-24,1.73699998855591,1.77499997615814,1.72599995136261,1.76300001144409,0,1.76300001144409
2016-10-25,1.77400004863739,1.77900004386902,1.74199998378754,1.75800001621246,0,1.75800001621246
2016-10-26,1.78100001811981,1.79700005054474,1.77400004863739,1.78999996185303,0,1.78999996185303
2016-10-27,1.82000005245209,1.87000000476837,1.81500005722046,1.84300005435944,0,1.84300005435944
2016-10-28,1.86500000953674,1.87899994850159,1.83299994468689,1.84500002861023,0,1.84500002861023
2016-10-31,1.8400000333786,1.84300005435944,1.82599997520447,1.83399999141693,0,1.83399999141693
2016-11-01,1.84700000286102,1.87899994850159,1.81099998950958,1.82000005245209,0,1.82000005245209
2016-11-02,1.79900002479553,1.82200002670288,1.77400004863739,1.79900002479553,0,1.79900002479553
2016-11-03,1.81900000572205,1.8289999961853,1.80599999427795,1.81200003623962,0,1.81200003623962
2016-11-04,1.79799997806549,1.82099997997284,1.77100002765656,1.78299999237061,0,1.78299999237061
2016-11-07,1.81700003147125,1.83299994468689,1.81400001049042,1.82799994945526,0,1.82799994945526
2016-11-08,1.82299995422363,1.87399995326996,1.81900000572205,1.86199998855591,0,1.86199998855591
2016-11-09,1.95700001716614,2.08999991416931,1.92799997329712,2.07200002670288,0,2.07200002670288
2016-11-10,2.11700010299683,2.12599992752075,2.06599998474121,2.11700010299683,0,2.11700010299683
2016-11-11,NA,NA,NA,NA,NA,NA
2016-11-14,2.23799991607666,2.26999998092651,2.18899989128113,2.22199988365173,0,2.22199988365173
2016-11-15,2.21499991416931,2.24200010299683,2.20099997520447,2.23799991607666,0,2.23799991607666
2016-11-16,2.27900004386902,2.27900004386902,2.20499992370605,2.22300004959106,0,2.22300004959106
2016-11-17,2.22300004959106,2.28299999237061,2.22300004959106,2.27600002288818,0,2.27600002288818
2016-11-18,2.27999997138977,2.35500001907349,2.26699995994568,2.33500003814697,0,2.33500003814697
2016-11-21,2.31500005722046,2.34100008010864,2.30999994277954,2.33899998664856,0,2.33899998664856
2016-11-22,2.29800009727478,2.32599997520447,2.28699994087219,2.32100009918213,0,2.32100009918213
2016-11-23,2.32100009918213,2.41700005531311,2.32100009918213,2.35700011253357,0,2.35700011253357
2016-11-25,2.37899994850159,2.39199995994568,2.34999990463257,2.37199997901917,0,2.37199997901917
2016-11-28,2.32500004768372,2.34500002861023,2.31399989128113,2.3199999332428,0,2.3199999332428
2016-11-29,2.32699990272522,2.34999990463257,2.29999995231628,2.30200004577637,0,2.30200004577637
2016-11-30,2.35899996757507,2.41000008583069,2.35400009155273,2.36800003051758,0,2.36800003051758
2016-12-01,2.41400003433228,2.49200010299683,2.40300011634827,2.44099998474121,0,2.44099998474121
2016-12-02,2.42700004577637,2.43899989128113,2.37400007247925,2.39000010490417,0,2.39000010490417
2016-12-05,2.42300009727478,2.44899988174438,2.36199998855591,2.38700008392334,0,2.38700008392334
2016-12-06,2.38499999046326,2.40300011634827,2.37800002098083,2.39599990844727,0,2.39599990844727
2016-12-07,2.37100005149841,2.37599992752075,2.34599995613098,2.34699988365173,0,2.34699988365173
2016-12-08,2.39299988746643,2.42499995231628,2.37100005149841,2.38700008392334,0,2.38700008392334
2016-12-09,2.41300010681152,2.4779999256134,2.39800000190735,2.46399998664856,0,2.46399998664856
2016-12-12,2.51200008392334,2.51200008392334,2.46600008010864,2.47900009155273,0,2.47900009155273
2016-12-13,2.44899988174438,2.49499988555908,2.43899989128113,2.48099994659424,0,2.48099994659424
2016-12-14,2.44400000572205,2.52999997138977,2.42400002479553,2.52500009536743,0,2.52500009536743
2016-12-15,2.61899995803833,2.62100005149841,2.56500005722046,2.57999992370605,0,2.57999992370605
2016-12-16,2.56800007820129,2.61899995803833,2.5550000667572,2.59699988365173,0,2.59699988365173
2016-12-19,2.56399989128113,2.5699999332428,2.52900004386902,2.54200005531311,0,2.54200005531311
2016-12-20,2.56599998474121,2.58999991416931,2.55699992179871,2.56800007820129,0,2.56800007820129
2016-12-21,2.56599998474121,2.56800007820129,2.53699994087219,2.5460000038147,0,2.5460000038147
2016-12-22,2.55200004577637,2.57599997520447,2.54399991035461,2.55299997329712,0,2.55299997329712
2016-12-23,2.54099988937378,2.54500007629395,2.52600002288818,2.54299998283386,0,2.54299998283386
2016-12-27,2.55200004577637,2.57599997520447,2.54999995231628,2.56299996376038,0,2.56299996376038
2016-12-28,2.55999994277954,2.56299996376038,2.50300002098083,2.50600004196167,0,2.50600004196167
2016-12-29,2.48600006103516,2.49699997901917,2.46000003814697,2.47699999809265,0,2.47699999809265
2016-12-30,2.47399997711182,2.48300004005432,2.43199992179871,2.44600009918213,0,2.44600009918213
2017-01-03,2.51099991798401,2.51799988746643,2.44799995422363,2.45000004768372,0,2.45000004768372
2017-01-04,2.45600008964539,2.47399997711182,2.43400001525879,2.45199990272522,0,2.45199990272522
2017-01-05,2.43899989128113,2.44300007820129,2.34599995613098,2.36800003051758,0,2.36800003051758
2017-01-06,2.33899998664856,2.42499995231628,2.33899998664856,2.41799998283386,0,2.41799998283386
2017-01-09,2.38700008392334,2.39199995994568,2.36800003051758,2.37599992752075,0,2.37599992752075
2017-01-10,2.39000010490417,2.39199995994568,2.36299991607666,2.37899994850159,0,2.37899994850159
2017-01-11,2.37199997901917,2.39800000190735,2.3289999961853,2.36999988555908,0,2.36999988555908
2017-01-12,2.33599996566772,2.36299991607666,2.30900001525879,2.36100006103516,0,2.36100006103516
2017-01-13,2.33599996566772,2.43099999427795,2.33599996566772,2.38000011444092,0,2.38000011444092
2017-01-17,2.33299994468689,2.35400009155273,2.31299996376038,2.32699990272522,0,2.32699990272522
2017-01-18,2.36199998855591,2.3970000743866,2.35800004005432,2.38899993896484,0,2.38899993896484
2017-01-19,2.43499994277954,2.49600005149841,2.43300008773804,2.45900011062622,0,2.45900011062622
2017-01-20,2.49799990653992,2.51300001144409,2.46000003814697,2.46700000762939,0,2.46700000762939
2017-01-23,2.45799994468689,2.47099995613098,2.38100004196167,2.40300011634827,0,2.40300011634827
2017-01-24,2.43600010871887,2.47300004959106,2.41899991035461,2.47099995613098,0,2.47099995613098
2017-01-25,2.48200011253357,2.53600001335144,2.48200011253357,2.52300000190735,0,2.52300000190735
2017-01-26,2.53800010681152,2.5550000667572,2.50399994850159,2.50799989700317,0,2.50799989700317
2017-01-27,2.52099990844727,2.52500009536743,2.48099994659424,2.48099994659424,0,2.48099994659424
2017-01-30,2.49000000953674,2.49699997901917,2.46600008010864,2.48300004005432,0,2.48300004005432
2017-01-31,2.48499989509583,2.49600005149841,2.43300008773804,2.45099997520447,0,2.45099997520447
2017-02-01,2.48699998855591,2.51600003242493,2.46300005912781,2.47399997711182,0,2.47399997711182
2017-02-02,2.45499992370605,2.47399997711182,2.43300008773804,2.47000002861023,0,2.47000002861023
2017-02-03,2.48300004005432,2.50200009346008,2.42799997329712,2.4909999370575,0,2.4909999370575
2017-02-06,2.42199993133545,2.45799994468689,2.40599989891052,2.41300010681152,0,2.41300010681152
2017-02-07,2.42300009727478,2.44099998474121,2.36700010299683,2.38899993896484,0,2.38899993896484
2017-02-08,2.3659999370575,2.37100005149841,2.32500004768372,2.3510000705719,0,2.3510000705719
2017-02-09,2.35199999809265,2.39800000190735,2.34899997711182,2.39499998092651,0,2.39499998092651
2017-02-10,2.41100001335144,2.43400001525879,2.3970000743866,2.40899991989136,0,2.40899991989136
2017-02-13,2.43600010871887,2.45199990272522,2.42700004577637,2.43400001525879,0,2.43400001525879
2017-02-14,2.44099998474121,2.50200009346008,2.43099999427795,2.47000002861023,0,2.47000002861023
2017-02-15,2.48399996757507,2.5239999294281,2.48300004005432,2.50200009346008,0,2.50200009346008
2017-02-16,2.47499990463257,2.49200010299683,2.43799996376038,2.45000004768372,0,2.45000004768372
2017-02-17,2.40599989891052,2.42899990081787,2.40000009536743,2.42499995231628,0,2.42499995231628
2017-02-21,2.45600008964539,2.46099996566772,2.41300010681152,2.42700004577637,0,2.42700004577637
2017-02-22,2.40799999237061,2.4539999961853,2.39199995994568,2.41799998283386,0,2.41799998283386
2017-02-23,2.3989999294281,2.3989999294281,2.38100004196167,2.38800001144409,0,2.38800001144409
2017-02-24,2.3529999256134,2.3529999256134,2.31399989128113,2.31699991226196,0,2.31699991226196
2017-02-27,2.33100008964539,2.36999988555908,2.3289999961853,2.36899995803833,0,2.36899995803833
2017-02-28,2.35599994659424,2.36899995803833,2.33699989318848,2.35800004005432,0,2.35800004005432
2017-03-01,2.43499994277954,2.47099995613098,2.43499994277954,2.46300005912781,0,2.46300005912781
2017-03-02,2.48200011253357,2.50500011444092,2.46499991416931,2.48900008201599,0,2.48900008201599
2017-03-03,2.49399995803833,2.51999998092651,2.48200011253357,2.49200010299683,0,2.49200010299683
2017-03-06,2.47099995613098,2.50699996948242,2.46399998664856,2.49399995803833,0,2.49399995803833
2017-03-07,2.51099991798401,2.51799988746643,2.50300002098083,2.51099991798401,0,2.51099991798401
2017-03-08,2.56699991226196,2.58299994468689,2.54500007629395,2.55200004577637,0,2.55200004577637
2017-03-09,2.56299996376038,2.60700011253357,2.55800008773804,2.59800004959106,0,2.59800004959106
2017-03-10,2.61299991607666,2.61500000953674,2.57500004768372,2.58200001716614,0,2.58200001716614
2017-03-13,2.57800006866455,2.61500000953674,2.57599997520447,2.60800004005432,0,2.60800004005432
2017-03-14,2.60800004005432,2.61299991607666,2.58800005912781,2.59500002861023,0,2.59500002861023
2017-03-15,2.57699990272522,2.59100008010864,2.50600004196167,2.50799989700317,0,2.50799989700317
2017-03-16,2.5220000743866,2.53800010681152,2.51500010490417,2.5220000743866,0,2.5220000743866
2017-03-17,2.5220000743866,2.53099989891052,2.49000000953674,2.50099992752075,0,2.50099992752075
2017-03-20,2.50399994850159,2.50999999046326,2.47199988365173,2.47300004959106,0,2.47300004959106
2017-03-21,2.49300003051758,2.49900007247925,2.4210000038147,2.43600010871887,0,2.43600010871887
2017-03-22,2.41899991035461,2.4210000038147,2.375,2.39599990844727,0,2.39599990844727
2017-03-23,2.41199994087219,2.43700003623962,2.38700008392334,2.41799998283386,0,2.41799998283386
2017-03-24,2.41599988937378,2.42499995231628,2.39299988746643,2.40000009536743,0,2.40000009536743
2017-03-27,2.35899996757507,2.38199996948242,2.34800004959106,2.37299990653992,0,2.37299990653992
2017-03-28,2.3659999370575,2.42000007629395,2.35700011253357,2.40899991989136,0,2.40899991989136
2017-03-29,2.40300011634827,2.40499997138977,2.37800002098083,2.38599991798401,0,2.38599991798401
2017-03-30,2.38199996948242,2.42000007629395,2.37800002098083,2.41599988937378,0,2.41599988937378
2017-03-31,2.41400003433228,2.42700004577637,2.39499998092651,2.39599990844727,0,2.39599990844727
2017-04-03,2.38000011444092,2.39100003242493,2.33200001716614,2.34999990463257,0,2.34999990463257
2017-04-04,2.32500004768372,2.35899996757507,2.32100009918213,2.34999990463257,0,2.34999990463257
2017-04-05,2.37700009346008,2.3840000629425,2.3529999256134,2.35700011253357,0,2.35700011253357
2017-04-06,2.34800004959106,2.36800003051758,2.32800006866455,2.34299993515015,0,2.34299993515015
2017-04-07,2.31399989128113,2.37299990653992,2.27099990844727,2.37299990653992,0,2.37299990653992
2017-04-10,2.39000010490417,2.39100003242493,2.34599995613098,2.36100006103516,0,2.36100006103516
2017-04-11,2.34299993515015,2.34299993515015,2.29299998283386,2.29800009727478,0,2.29800009727478
2017-04-12,2.29299998283386,2.3050000667572,2.27800011634827,2.2960000038147,0,2.2960000038147
2017-04-13,2.23900008201599,2.27099990844727,2.22000002861023,2.23200011253357,0,2.23200011253357
2017-04-17,2.22000002861023,2.25200009346008,2.21799993515015,2.25200009346008,0,2.25200009346008
2017-04-18,2.22300004959106,2.22699999809265,2.17700004577637,2.17899990081787,0,2.17899990081787
2017-04-19,2.20900011062622,2.22499990463257,2.20000004768372,2.20199990272522,0,2.20199990272522
2017-04-20,2.23600006103516,2.25699996948242,2.22499990463257,2.2409999370575,0,2.2409999370575
2017-04-21,2.23900008201599,2.23900008201599,2.20900011062622,2.23699998855591,0,2.23699998855591
2017-04-24,2.31299996376038,2.31299996376038,2.26600003242493,2.27300000190735,0,2.27300000190735
2017-04-25,2.3050000667572,2.33400011062622,2.2960000038147,2.32699990272522,0,2.32699990272522
2017-04-26,2.33999991416931,2.34999990463257,2.30900001525879,2.31100010871887,0,2.31100010871887
2017-04-27,2.31100010871887,2.32200002670288,2.28200006484985,2.2960000038147,0,2.2960000038147
2017-04-28,2.31299996376038,2.33599996566772,2.28200006484985,2.28200006484985,0,2.28200006484985
2017-05-01,2.29099988937378,2.33800005912781,2.27999997138977,2.32500004768372,0,2.32500004768372
2017-05-02,2.33800005912781,2.33999991416931,2.29299998283386,2.2960000038147,0,2.2960000038147
2017-05-03,2.27900004386902,2.31800007820129,2.27900004386902,2.30900001525879,0,2.30900001525879
2017-05-04,2.34100008010864,2.36899995803833,2.33800005912781,2.35599994659424,0,2.35599994659424
2017-05-05,2.36100006103516,2.38000011444092,2.33800005912781,2.35199999809265,0,2.35199999809265
2017-05-08,2.33299994468689,2.39000010490417,2.33100008964539,2.37599992752075,0,2.37599992752075
2017-05-09,2.38899993896484,2.41599988937378,2.38899993896484,2.40700006484985,0,2.40700006484985
2017-05-10,2.38100004196167,2.41599988937378,2.37100005149841,2.41400003433228,0,2.41400003433228
2017-05-11,2.39400005340576,2.42300009727478,2.39100003242493,2.40000009536743,0,2.40000009536743
2017-05-12,2.37899994850159,2.38000011444092,2.32200002670288,2.33500003814697,0,2.33500003814697
2017-05-15,2.34200000762939,2.34999990463257,2.33299994468689,2.33800005912781,0,2.33800005912781
2017-05-16,2.35400009155273,2.35899996757507,2.30800008773804,2.3289999961853,0,2.3289999961853
2017-05-17,2.28699994087219,2.28699994087219,2.21199989318848,2.21600008010864,0,2.21600008010864
2017-05-18,2.19600009918213,2.23799991607666,2.19099998474121,2.23300004005432,0,2.23300004005432
2017-05-19,2.24699997901917,2.26099991798401,2.23300004005432,2.24499988555908,0,2.24499988555908
2017-05-22,2.24900007247925,2.25600004196167,2.23799991607666,2.25399994850159,0,2.25399994850159
2017-05-23,2.24499988555908,2.28900003433228,2.23499989509583,2.28500008583069,0,2.28500008583069
2017-05-24,2.27600002288818,2.29699993133545,2.25399994850159,2.26600003242493,0,2.26600003242493
2017-05-25,2.24799990653992,2.26900005340576,2.24799990653992,2.25500011444092,0,2.25500011444092
2017-05-26,2.23399996757507,2.25200009346008,2.23099994659424,2.25,0,2.25
2017-05-30,2.23799991607666,2.24799990653992,2.21300005912781,2.21700000762939,0,2.21700000762939
2017-05-31,2.22000002861023,2.22199988365173,2.19600009918213,2.19600009918213,0,2.19600009918213
2017-06-01,2.22900009155273,2.23900008201599,2.21499991416931,2.21700000762939,0,2.21700000762939
2017-06-02,2.20600008964539,2.20799994468689,2.14400005340576,2.15899991989136,0,2.15899991989136
2017-06-05,2.17499995231628,2.18899989128113,2.17000007629395,2.18199992179871,0,2.18199992179871
2017-06-06,2.14199995994568,2.15400004386902,2.13299989700317,2.1470000743866,0,2.1470000743866
2017-06-07,2.15400004386902,2.18300008773804,2.14499998092651,2.17799997329712,0,2.17799997329712
2017-06-08,2.20199990272522,2.21499991416931,2.1800000667572,2.19400000572205,0,2.19400000572205
2017-06-09,2.20900011062622,2.22900009155273,2.19700002670288,2.19899988174438,0,2.19899988174438
2017-06-12,2.21099996566772,2.22300004959106,2.18700003623962,2.21300005912781,0,2.21300005912781
2017-06-13,2.21300005912781,2.22699999809265,2.20000004768372,2.20700001716614,0,2.20700001716614
2017-06-14,2.20000004768372,2.20199990272522,2.1029999256134,2.13800001144409,0,2.13800001144409
2017-06-15,2.15199995040894,2.17199993133545,2.15199995040894,2.16199994087219,0,2.16199994087219
2017-06-16,2.17400002479553,2.17899990081787,2.14400005340576,2.15700006484985,0,2.15700006484985
2017-06-19,2.14599990844727,2.19099998474121,2.14599990844727,2.19000005722046,0,2.19000005722046
2017-06-20,2.17400002479553,2.18300008773804,2.15100002288818,2.15300011634827,0,2.15300011634827
2017-06-21,2.16700005531311,2.17700004577637,2.15100002288818,2.15499997138977,0,2.15499997138977
2017-06-22,2.15799999237061,2.16499996185303,2.13899993896484,2.15300011634827,0,2.15300011634827
2017-06-23,2.15499997138977,2.16700005531311,2.14400005340576,2.14400005340576,0,2.14400005340576
2017-06-26,2.14400005340576,2.1470000743866,2.12100005149841,2.13700008392334,0,2.13700008392334
2017-06-27,2.17000007629395,2.21600008010864,2.16799998283386,2.19799995422363,0,2.19799995422363
2017-06-28,2.20900011062622,2.24000000953674,2.20499992370605,2.22099995613098,0,2.22099995613098
2017-06-29,2.27900004386902,2.29699993133545,2.25799989700317,2.26699995994568,0,2.26699995994568
2017-06-30,2.26500010490417,2.3050000667572,2.26500010490417,2.30200004577637,0,2.30200004577637
2017-07-03,2.30900001525879,2.3529999256134,2.28999996185303,2.34599995613098,0,2.34599995613098
2017-07-05,2.33599996566772,2.35700011253357,2.32299995422363,2.33400011062622,0,2.33400011062622
2017-07-06,2.37299990653992,2.39100003242493,2.36199998855591,2.36999988555908,0,2.36999988555908
2017-07-07,2.38700008392334,2.39599990844727,2.36199998855591,2.39299988746643,0,2.39299988746643
2017-07-10,2.37299990653992,2.38599991798401,2.36400008201599,2.37100005149841,0,2.37100005149841
2017-07-11,2.38700008392334,2.39100003242493,2.35500001907349,2.36199998855591,0,2.36199998855591
2017-07-12,2.35199999809265,2.35199999809265,2.30200004577637,2.32699990272522,0,2.32699990272522
2017-07-13,2.33200001716614,2.3659999370575,2.32800006866455,2.34800004959106,0,2.34800004959106
2017-07-14,2.33599996566772,2.33599996566772,2.27900004386902,2.31900000572205,0,2.31900000572205
2017-07-17,2.3050000667572,2.32999992370605,2.3050000667572,2.30900001525879,0,2.30900001525879
2017-07-18,2.29299998283386,2.29999995231628,2.2590000629425,2.26300001144409,0,2.26300001144409
2017-07-19,2.27099990844727,2.27500009536743,2.25500011444092,2.26799988746643,0,2.26799988746643
2017-07-20,2.25500011444092,2.27099990844727,2.23799991607666,2.26600003242493,0,2.26600003242493
2017-07-21,2.24600005149841,2.25200009346008,2.22499990463257,2.23200011253357,0,2.23200011253357
2017-07-24,2.24499988555908,2.26099991798401,2.2409999370575,2.25399994850159,0,2.25399994850159
2017-07-25,2.27999997138977,2.32800006866455,2.27800011634827,2.32599997520447,0,2.32599997520447
2017-07-26,2.32800006866455,2.33699989318848,2.28200006484985,2.28200006484985,0,2.28200006484985
2017-07-27,2.30699992179871,2.32599997520447,2.29999995231628,2.30999994277954,0,2.30999994277954
2017-07-28,2.32800006866455,2.32800006866455,2.28699994087219,2.28900003433228,0,2.28900003433228
2017-07-31,2.29399991035461,2.3050000667572,2.29099988937378,2.29200005531311,0,2.29200005531311
2017-08-01,2.3050000667572,2.32100009918213,2.25099992752075,2.25099992752075,0,2.25099992752075
2017-08-02,2.27099990844727,2.28399991989136,2.24300003051758,2.26200008392334,0,2.26200008392334
2017-08-03,2.24300003051758,2.25099992752075,2.2279999256134,2.2279999256134,0,2.2279999256134
2017-08-04,2.23200011253357,2.29099988937378,2.23000001907349,2.26699995994568,0,2.26699995994568
2017-08-07,2.27600002288818,2.27600002288818,2.25300002098083,2.25699996948242,0,2.25699996948242
2017-08-08,2.25999999046326,2.29099988937378,2.25300002098083,2.28299999237061,0,2.28299999237061
2017-08-09,2.22499990463257,2.24900007247925,2.21199989318848,2.2409999370575,0,2.2409999370575
2017-08-10,2.2409999370575,2.2409999370575,2.21000003814697,2.21199989318848,0,2.21199989318848
2017-08-11,2.19899988174438,2.22199988365173,2.18199992179871,2.18899989128113,0,2.18899989128113
2017-08-14,2.21900010108948,2.22699999809265,2.20300006866455,2.21900010108948,0,2.21900010108948
2017-08-15,2.26099991798401,2.28299999237061,2.25,2.26600003242493,0,2.26600003242493
2017-08-16,2.27999997138977,2.28200006484985,2.22000002861023,2.2260000705719,0,2.2260000705719
2017-08-17,2.24000000953674,2.24699997901917,2.19799995422363,2.19899988174438,0,2.19899988174438
2017-08-18,2.18400001525879,2.21099996566772,2.16300010681152,2.19400000572205,0,2.19400000572205
2017-08-21,2.17799997329712,2.19700002670288,2.17700004577637,2.1800000667572,0,2.1800000667572
2017-08-22,2.20600008964539,2.21700000762939,2.19700002670288,2.21499991416931,0,2.21499991416931
2017-08-23,2.19600009918213,2.19600009918213,2.1710000038147,2.1710000038147,0,2.1710000038147
2017-08-24,2.18499994277954,2.19400000572205,2.17499995231628,2.19400000572205,0,2.19400000572205
2017-08-25,2.19600009918213,2.20300006866455,2.16199994087219,2.16899991035461,0,2.16899991035461
2017-08-28,2.17600011825562,2.1800000667572,2.15499997138977,2.15899991989136,0,2.15899991989136
2017-08-29,2.11199998855591,2.14100003242493,2.09100008010864,2.13599991798401,0,2.13599991798401
2017-08-30,2.14299988746643,2.15499997138977,2.13299989700317,2.14299988746643,0,2.14299988746643
2017-08-31,2.14299988746643,2.14800000190735,2.12100005149841,2.12100005149841,0,2.12100005149841
2017-09-01,2.12700009346008,2.16700005531311,2.09999990463257,2.15700006484985,0,2.15700006484985
2017-09-05,2.13800001144409,2.13800001144409,2.06699991226196,2.0699999332428,0,2.0699999332428
2017-09-06,2.07500004768372,2.10999989509583,2.05999994277954,2.10800004005432,0,2.10800004005432
2017-09-07,2.08400011062622,2.09400010108948,2.03399991989136,2.06100010871887,0,2.06100010871887
2017-09-08,2.03699994087219,2.07500004768372,2.03699994087219,2.06100010871887,0,2.06100010871887
2017-09-11,2.1029999256134,2.1340000629425,2.09800004959106,2.125,0,2.125
2017-09-12,2.14599990844727,2.1800000667572,2.14299988746643,2.1710000038147,0,2.1710000038147
2017-09-13,2.16700005531311,2.19700002670288,2.16000008583069,2.1949999332428,0,2.1949999332428
2017-09-14,2.20799994468689,2.22499990463257,2.18499994277954,2.19700002670288,0,2.19700002670288
2017-09-15,2.19700002670288,2.21300005912781,2.18300008773804,2.20199990272522,0,2.20199990272522
2017-09-18,2.21499991416931,2.23799991607666,2.21099996566772,2.22900009155273,0,2.22900009155273
2017-09-19,2.22000002861023,2.24499988555908,2.21600008010864,2.24300003051758,0,2.24300003051758
2017-09-20,2.23200011253357,2.28900003433228,2.23000001907349,2.27699995040894,0,2.27699995040894
2017-09-21,2.26099991798401,2.27800011634827,2.24499988555908,2.27800011634827,0,2.27800011634827
2017-09-22,2.25300002098083,2.26600003242493,2.23900008201599,2.26200008392334,0,2.26200008392334
2017-09-25,2.24300003051758,2.25699996948242,2.21499991416931,2.22000002861023,0,2.22000002861023
2017-09-26,2.22499990463257,2.24600005149841,2.22000002861023,2.22900009155273,0,2.22900009155273
2017-09-27,2.28699994087219,2.31599998474121,2.28699994087219,2.30900001525879,0,2.30900001525879
2017-09-28,2.33200001716614,2.34400010108948,2.30699992179871,2.30900001525879,0,2.30900001525879
2017-09-29,2.31200003623962,2.33899998664856,2.2960000038147,2.32599997520447,0,2.32599997520447
2017-10-02,2.34100008010864,2.34400010108948,2.31800007820129,2.33699989318848,0,2.33699989318848
2017-10-03,2.34800004959106,2.36100006103516,2.32699990272522,2.33400011062622,0,2.33400011062622
2017-10-04,2.30900001525879,2.34800004959106,2.30900001525879,2.32999992370605,0,2.32999992370605
2017-10-05,2.32500004768372,2.35899996757507,2.31900000572205,2.34999990463257,0,2.34999990463257
2017-10-06,2.3659999370575,2.40199995040894,2.35400009155273,2.36999988555908,0,2.36999988555908
2017-10-09,2.36100006103516,2.36100006103516,2.36100006103516,2.36100006103516,0,2.36100006103516
2017-10-10,2.35500001907349,2.36400008201599,2.31900000572205,2.34500002861023,0,2.34500002861023
2017-10-11,2.34599995613098,2.35199999809265,2.33200001716614,2.34500002861023,0,2.34500002861023
2017-10-12,2.33400011062622,2.34599995613098,2.31800007820129,2.32299995422363,0,2.32299995422363
2017-10-13,2.3289999961853,2.33200001716614,2.27300000190735,2.27999997138977,0,2.27999997138977
2017-10-16,2.28900003433228,2.31200003623962,2.28699994087219,2.30699992179871,0,2.30699992179871
2017-10-17,2.3050000667572,2.3289999961853,2.29800009727478,2.29800009727478,0,2.29800009727478
2017-10-18,2.33200001716614,2.34999990463257,2.3289999961853,2.33899998664856,0,2.33899998664856
2017-10-19,2.31399989128113,2.3289999961853,2.29800009727478,2.32100009918213,0,2.32100009918213
2017-10-20,2.36500000953674,2.39199995994568,2.36299991607666,2.38100004196167,0,2.38100004196167
2017-10-23,2.38499999046326,2.38800001144409,2.36299991607666,2.37599992752075,0,2.37599992752075
2017-10-24,2.40799999237061,2.41400003433228,2.3970000743866,2.40599989891052,0,2.40599989891052
2017-10-25,2.45000004768372,2.47499990463257,2.4300000667572,2.44400000572205,0,2.44400000572205
2017-10-26,2.42499995231628,2.45700001716614,2.42300009727478,2.45199990272522,0,2.45199990272522
2017-10-27,2.45900011062622,2.47000002861023,2.41899991035461,2.42799997329712,0,2.42799997329712
2017-10-30,2.40499997138977,2.40799999237061,2.36999988555908,2.36999988555908,0,2.36999988555908
2017-10-31,2.36999988555908,2.37899994850159,2.36899995803833,2.37599992752075,0,2.37599992752075
2017-11-01,2.39800000190735,2.40100002288818,2.34899997711182,2.37599992752075,0,2.37599992752075
2017-11-02,2.36299991607666,2.36999988555908,2.33599996566772,2.34699988365173,0,2.34699988365173
2017-11-03,2.3510000705719,2.36100006103516,2.32399988174438,2.34299993515015,0,2.34299993515015
2017-11-06,2.32500004768372,2.33299994468689,2.31500005722046,2.3199999332428,0,2.3199999332428
2017-11-07,2.32699990272522,2.3289999961853,2.30399990081787,2.30699992179871,0,2.30699992179871
2017-11-08,2.31500005722046,2.32699990272522,2.30599999427795,2.32500004768372,0,2.32500004768372
2017-11-09,2.33299994468689,2.34500002861023,2.31500005722046,2.33100008964539,0,2.33100008964539
2017-11-10,2.36800003051758,2.40599989891052,2.3659999370575,2.40000009536743,0,2.40000009536743
2017-11-13,2.38199996948242,2.40400004386902,2.37899994850159,2.40000009536743,0,2.40000009536743
2017-11-14,2.38800001144409,2.40700006484985,2.37400007247925,2.38100004196167,0,2.38100004196167
2017-11-15,2.33500003814697,2.35899996757507,2.31900000572205,2.33500003814697,0,2.33500003814697
2017-11-16,2.35800004005432,2.36100006103516,2.34299993515015,2.36100006103516,0,2.36100006103516
2017-11-17,2.36700010299683,2.37400007247925,2.33599996566772,2.35400009155273,0,2.35400009155273
2017-11-20,2.33599996566772,2.37199997901917,2.33599996566772,2.37199997901917,0,2.37199997901917
2017-11-21,2.35800004005432,2.37400007247925,2.33500003814697,2.36299991607666,0,2.36299991607666
2017-11-22,2.36800003051758,2.37199997901917,2.31900000572205,2.32200002670288,0,2.32200002670288
2017-11-24,2.33699989318848,2.34400010108948,2.3289999961853,2.33999991416931,0,2.33999991416931
2017-11-27,2.33299994468689,2.3510000705719,2.32399988174438,2.32800006866455,0,2.32800006866455
2017-11-28,2.32800006866455,2.34200000762939,2.30999994277954,2.33800005912781,0,2.33800005912781
2017-11-29,2.36299991607666,2.39499998092651,2.36299991607666,2.37599992752075,0,2.37599992752075
2017-11-30,2.39000010490417,2.43700003623962,2.38100004196167,2.41700005531311,0,2.41700005531311
2017-12-01,2.38299989700317,2.42400002479553,2.31500005722046,2.36199998855591,0,2.36199998855591
2017-12-04,2.39599990844727,2.40300011634827,2.37800002098083,2.37899994850159,0,2.37899994850159
2017-12-05,2.39000010490417,2.39599990844727,2.35500001907349,2.35599994659424,0,2.35599994659424
2017-12-06,2.33299994468689,2.33500003814697,2.31399989128113,2.32999992370605,0,2.32999992370605
2017-12-07,2.33899998664856,2.37599992752075,2.32299995422363,2.37599992752075,0,2.37599992752075
2017-12-08,2.38100004196167,2.39199995994568,2.36199998855591,2.38299989700317,0,2.38299989700317
2017-12-11,2.36199998855591,2.38700008392334,2.35800004005432,2.38499999046326,0,2.38499999046326
2017-12-12,2.39199995994568,2.4210000038147,2.39199995994568,2.40300011634827,0,2.40300011634827
2017-12-13,2.42600011825562,2.42600011825562,2.34899997711182,2.34899997711182,0,2.34899997711182
2017-12-14,2.36700010299683,2.38899993896484,2.34400010108948,2.34599995613098,0,2.34599995613098
2017-12-15,2.35800004005432,2.38000011444092,2.3529999256134,2.35500001907349,0,2.35500001907349
2017-12-18,2.37299990653992,2.39800000190735,2.36700010299683,2.39199995994568,0,2.39199995994568
2017-12-19,2.40899991989136,2.47199988365173,2.40700006484985,2.46300005912781,0,2.46300005912781
2017-12-20,2.48300004005432,2.49699997901917,2.47199988365173,2.49699997901917,0,2.49699997901917
2017-12-21,2.48600006103516,2.49900007247925,2.47900009155273,2.48099994659424,0,2.48099994659424
2017-12-22,2.48499989509583,2.49200010299683,2.48099994659424,2.48499989509583,0,2.48499989509583
2017-12-26,2.48799991607666,2.49000000953674,2.45900011062622,2.46700000762939,0,2.46700000762939
2017-12-27,2.46700000762939,2.46700000762939,2.41100001335144,2.41400003433228,0,2.41400003433228
2017-12-28,2.43199992179871,2.44099998474121,2.42000007629395,2.43199992179871,0,2.43199992179871
2017-12-29,2.43400001525879,2.44199991226196,2.40499997138977,2.40499997138977,0,2.40499997138977
2018-01-02,2.43300008773804,2.48000001907349,2.42499995231628,2.46499991416931,0,2.46499991416931
2018-01-03,2.45099997520447,2.46499991416931,2.44000005722046,2.44700002670288,0,2.44700002670288
2018-01-04,2.47300004959106,2.48699998855591,2.44899988174438,2.45300006866455,0,2.45300006866455
2018-01-05,2.46499991416931,2.48000001907349,2.43600010871887,2.4760000705719,0,2.4760000705719
2018-01-08,2.47099995613098,2.48900008201599,2.46199989318848,2.48000001907349,0,2.48000001907349
2018-01-09,2.4909999370575,2.5460000038147,2.48900008201599,2.5460000038147,0,2.5460000038147
2018-01-10,2.58400011062622,2.59500002861023,2.54999995231628,2.54999995231628,0,2.54999995231628
2018-01-11,2.56399989128113,2.5699999332428,2.52600002288818,2.53099989891052,0,2.53099989891052
2018-01-12,2.54800009727478,2.59400010108948,2.5460000038147,2.55200004577637,0,2.55200004577637
2018-01-16,2.53900003433228,2.56299996376038,2.52600002288818,2.54399991035461,0,2.54399991035461
2018-01-17,2.56100010871887,2.58100008964539,2.54099988937378,2.57800006866455,0,2.57800006866455
2018-01-18,2.61299991607666,2.61999988555908,2.59800004959106,2.61100006103516,0,2.61100006103516
2018-01-19,2.62599992752075,2.64599990844727,2.61299991607666,2.63700008392334,0,2.63700008392334
2018-01-22,2.65799999237061,2.66499996185303,2.63199996948242,2.66499996185303,0,2.66499996185303
2018-01-23,2.62800002098083,2.63899993896484,2.61100006103516,2.62400007247925,0,2.62400007247925
2018-01-24,2.65199995040894,2.66300010681152,2.6340000629425,2.65400004386902,0,2.65400004386902
2018-01-25,2.63700008392334,2.67600011825562,2.61899995803833,2.62100005149841,0,2.62100005149841
2018-01-26,2.63599991798401,2.67300009727478,2.63000011444092,2.66199994087219,0,2.66199994087219
2018-01-29,2.72000002861023,2.72499990463257,2.69400000572205,2.69899988174438,0,2.69899988174438
2018-01-30,2.71099996566772,2.73300004005432,2.70099997520447,2.7260000705719,0,2.7260000705719
2018-01-31,2.71300005912781,2.75399994850159,2.69799995422363,2.72000002861023,0,2.72000002861023
2018-02-01,2.74300003051758,2.77600002288818,2.72199988365173,2.77300000190735,0,2.77300000190735
2018-02-02,2.78600001335144,2.85400009155273,2.78600001335144,2.85400009155273,0,2.85400009155273
2018-02-05,2.83400011062622,2.86199998855591,2.79399991035461,2.79399991035461,0,2.79399991035461
2018-02-06,2.73799991607666,2.78699994087219,2.73600006103516,2.76799988746643,0,2.76799988746643
2018-02-07,2.78699994087219,2.8510000705719,2.7720000743866,2.84400010108948,0,2.84400010108948
2018-02-08,2.85700011253357,2.8840000629425,2.80800008773804,2.8510000705719,0,2.8510000705719
2018-02-09,2.83100008964539,2.86199998855591,2.78800010681152,2.8289999961853,0,2.8289999961853
2018-02-12,2.88199996948242,2.88199996948242,2.82800006866455,2.85700011253357,0,2.85700011253357
2018-02-13,2.84400010108948,2.8529999256134,2.83500003814697,2.83999991416931,0,2.83999991416931
2018-02-14,2.81900000572205,2.91300010681152,2.81699991226196,2.91300010681152,0,2.91300010681152
2018-02-15,2.91700005531311,2.92600011825562,2.88199996948242,2.89100003242493,0,2.89100003242493
2018-02-16,2.87700009346008,2.88800001144409,2.84999990463257,2.87700009346008,0,2.87700009346008
2018-02-20,2.90199995040894,2.91499996185303,2.89000010490417,2.89299988746643,0,2.89299988746643
2018-02-21,2.8840000629425,2.94300007820129,2.87700009346008,2.94300007820129,0,2.94300007820129
2018-02-22,2.9210000038147,2.92799997329712,2.90400004386902,2.91700005531311,0,2.91700005531311
2018-02-23,2.8840000629425,2.89299988746643,2.86199998855591,2.87100005149841,0,2.87100005149841
2018-02-26,2.84100008010864,2.86199998855591,2.83100008964539,2.85899996757507,0,2.85899996757507
2018-02-27,2.86999988555908,2.92499995231628,2.84999990463257,2.90799999237061,0,2.90799999237061
2018-02-28,2.88100004196167,2.8970000743866,2.86800003051758,2.86800003051758,0,2.86800003051758
2018-03-01,2.83100008964539,2.86800003051758,2.79500007629395,2.80399990081787,0,2.80399990081787
2018-03-02,2.81699991226196,2.86999988555908,2.81699991226196,2.85700011253357,0,2.85700011253357
2018-03-05,2.84200000762939,2.89499998092651,2.82999992370605,2.88100004196167,0,2.88100004196167
2018-03-06,2.89400005340576,2.8970000743866,2.85700011253357,2.87700009346008,0,2.87700009346008
2018-03-07,2.86400008201599,2.88299989700317,2.84999990463257,2.88299989700317,0,2.88299989700317
2018-03-08,2.88499999046326,2.88800001144409,2.84800004959106,2.8659999370575,0,2.8659999370575
2018-03-09,2.875,2.91400003433228,2.86999988555908,2.89400005340576,0,2.89400005340576
2018-03-12,2.8989999294281,2.90100002288818,2.86999988555908,2.86999988555908,0,2.86999988555908
2018-03-13,2.8659999370575,2.87199997901917,2.82999992370605,2.84800004959106,0,2.84800004959106
2018-03-14,2.84999990463257,2.85700011253357,2.80100011825562,2.81699991226196,0,2.81699991226196
2018-03-15,2.81299996376038,2.83500003814697,2.80800008773804,2.82599997520447,0,2.82599997520447
2018-03-16,2.82299995422363,2.85899996757507,2.82299995422363,2.84800004959106,0,2.84800004959106
2018-03-19,2.87400007247925,2.87899994850159,2.83400011062622,2.84500002861023,0,2.84500002861023
2018-03-20,2.86999988555908,2.88899993896484,2.86999988555908,2.87899994850159,0,2.87899994850159
2018-03-21,2.90300011634827,2.93600010871887,2.86999988555908,2.90700006484985,0,2.90700006484985
2018-03-22,2.84999990463257,2.84999990463257,2.79900002479553,2.83200001716614,0,2.83200001716614
2018-03-23,2.84500002861023,2.85199999809265,2.82500004768372,2.82999992370605,0,2.82999992370605
2018-03-26,2.85400009155273,2.85400009155273,2.81900000572205,2.84299993515015,0,2.84299993515015
2018-03-27,2.84100008010864,2.84100008010864,2.78600001335144,2.78600001335144,0,2.78600001335144
2018-03-28,2.7720000743866,2.78999996185303,2.74399995803833,2.77500009536743,0,2.77500009536743
2018-03-29,2.76799988746643,2.77500009536743,2.73900008201599,2.7409999370575,0,2.7409999370575
2018-04-02,2.76300001144409,2.7739999294281,2.71700000762939,2.73200011253357,0,2.73200011253357
2018-04-03,2.7590000629425,2.78399991989136,2.75300002098083,2.78399991989136,0,2.78399991989136
2018-04-04,2.75699996948242,2.79500007629395,2.74799990653992,2.78800010681152,0,2.78800010681152
2018-04-05,2.81699991226196,2.83400011062622,2.81399989128113,2.83200001716614,0,2.83200001716614
2018-04-06,2.81900000572205,2.81900000572205,2.7739999294281,2.77500009536743,0,2.77500009536743
2018-04-09,2.78999996185303,2.81200003623962,2.78600001335144,2.78600001335144,0,2.78600001335144
2018-04-10,2.79900002479553,2.81200003623962,2.78399991989136,2.79699993133545,0,2.79699993133545
2018-04-11,2.77699995040894,2.79699993133545,2.75500011444092,2.78999996185303,0,2.78999996185303
2018-04-12,2.79200005531311,2.83800005912781,2.79200005531311,2.83400011062622,0,2.83400011062622
2018-04-13,2.83800005912781,2.84899997711182,2.81800007820129,2.8289999961853,0,2.8289999961853
2018-04-16,2.86400008201599,2.86500000953674,2.82999992370605,2.83200001716614,0,2.83200001716614
2018-04-17,2.83800005912781,2.84100008010864,2.81399989128113,2.81399989128113,0,2.81399989128113
2018-04-18,2.83999991416931,2.86700010299683,2.83200001716614,2.86700010299683,0,2.86700010299683
2018-04-19,2.89299988746643,2.93400001525879,2.89299988746643,2.91400003433228,0,2.91400003433228
2018-04-20,2.91700005531311,2.95300006866455,2.91599988937378,2.95099997520447,0,2.95099997520447
2018-04-23,2.97499990463257,2.99000000953674,2.96399998664856,2.97300004959106,0,2.97300004959106
2018-04-24,2.97499990463257,3.00300002098083,2.97499990463257,2.98300004005432,0,2.98300004005432
2018-04-25,3.03200006484985,3.03500008583069,3.00699996948242,3.0239999294281,0,3.0239999294281
2018-04-26,2.99000000953674,3.00300002098083,2.98099994659424,2.99000000953674,0,2.99000000953674
2018-04-27,2.96799993515015,2.98300004005432,2.95499992370605,2.95700001716614,0,2.95700001716614
2018-04-30,2.95499992370605,2.95900011062622,2.93499994277954,2.93600010871887,0,2.93600010871887
2018-05-01,2.96600008010864,2.97900009155273,2.96300005912781,2.9760000705719,0,2.9760000705719
2018-05-02,2.98699998855591,2.98900008201599,2.95700001716614,2.96399998664856,0,2.96399998664856
2018-05-03,2.94199991226196,2.95300006866455,2.92700004577637,2.94600009918213,0,2.94600009918213
2018-05-04,2.93300008773804,2.96499991416931,2.91100001335144,2.94400000572205,0,2.94400000572205
2018-05-07,2.95300006866455,2.95900011062622,2.94600009918213,2.95000004768372,0,2.95000004768372
2018-05-08,2.95499992370605,2.98699998855591,2.95499992370605,2.96900010108948,0,2.96900010108948
2018-05-09,3.00200009346008,3.00999999046326,2.99300003051758,3.00399994850159,0,3.00399994850159
2018-05-10,2.98099994659424,2.98200011253357,2.95099997520447,2.97099995613098,0,2.97099995613098
2018-05-11,2.96199989318848,2.98200011253357,2.95499992370605,2.97099995613098,0,2.97099995613098
2018-05-14,2.99699997901917,2.99699997901917,2.98600006103516,2.99499988555908,0,2.99499988555908
2018-05-15,3.02600002288818,3.09500002861023,3.02300000190735,3.07999992370605,0,3.07999992370605
2018-05-16,3.06100010871887,3.09500002861023,3.05800008773804,3.09500002861023,0,3.09500002861023
2018-05-17,3.10599994659424,3.11500000953674,3.09299993515015,3.10899996757507,0,3.10899996757507
2018-05-18,3.10400009155273,3.10599994659424,3.06500005722046,3.06699991226196,0,3.06699991226196
2018-05-21,3.07599997520447,3.07800006866455,3.05800008773804,3.06500005722046,0,3.06500005722046
2018-05-22,3.07399988174438,3.07800006866455,3.05800008773804,3.06500005722046,0,3.06500005722046
2018-05-23,3.00799989700317,3.02800011634827,3.00300002098083,3.00300002098083,0,3.00300002098083
2018-05-24,2.99399995803833,2.99499988555908,2.95499992370605,2.98099994659424,0,2.98099994659424
2018-05-25,2.95099997520447,2.95099997520447,2.92199993133545,2.93099999427795,0,2.93099999427795
2018-05-29,2.87899994850159,2.89100003242493,2.7590000629425,2.76799988746643,0,2.76799988746643
2018-05-30,2.8659999370575,2.8659999370575,2.82100009918213,2.84200000762939,0,2.84200000762939
2018-05-31,2.8659999370575,2.86999988555908,2.82200002670288,2.82200002670288,0,2.82200002670288
2018-06-01,2.90000009536743,2.92400002479553,2.88000011444092,2.89499998092651,0,2.89499998092651
2018-06-04,2.91100001335144,2.94099998474121,2.90199995040894,2.93700003623962,0,2.93700003623962
2018-06-05,2.91100001335144,2.93099999427795,2.90000009536743,2.91899991035461,0,2.91899991035461
2018-06-06,2.95499992370605,2.98099994659424,2.94799995422363,2.97499990463257,0,2.97499990463257
2018-06-07,2.99000000953674,2.99200010299683,2.8840000629425,2.93300008773804,0,2.93300008773804
2018-06-08,2.92400002479553,2.94199991226196,2.9210000038147,2.93700003623962,0,2.93700003623962
2018-06-11,2.96300005912781,2.97000002861023,2.95199990272522,2.95700001716614,0,2.95700001716614
2018-06-12,2.97000002861023,2.98099994659424,2.95700001716614,2.95700001716614,0,2.95700001716614
2018-06-13,2.95700001716614,3.0090000629425,2.95000004768372,2.97699999809265,0,2.97699999809265
2018-06-14,2.93899989128113,2.96499991416931,2.92799997329712,2.94600009918213,0,2.94600009918213
2018-06-15,2.92600011825562,2.9300000667572,2.88899993896484,2.92400002479553,0,2.92400002479553
2018-06-18,2.90199995040894,2.93300008773804,2.90199995040894,2.92600011825562,0,2.92600011825562
2018-06-19,2.8840000629425,2.89499998092651,2.86800003051758,2.89299988746643,0,2.89299988746643
2018-06-20,2.90000009536743,2.9300000667572,2.8840000629425,2.92799997329712,0,2.92799997329712
2018-06-21,2.92600011825562,2.92600011825562,2.89100003242493,2.8970000743866,0,2.8970000743866
2018-06-22,2.91300010681152,2.92799997329712,2.8970000743866,2.90000009536743,0,2.90000009536743
2018-06-25,2.88199996948242,2.8970000743866,2.8659999370575,2.875,0,2.875
2018-06-26,2.86899995803833,2.89100003242493,2.8659999370575,2.88000011444092,0,2.88000011444092
2018-06-27,2.8659999370575,2.8659999370575,2.82599997520447,2.82699990272522,0,2.82699990272522
2018-06-28,2.82599997520447,2.8529999256134,2.82399988174438,2.84699988365173,0,2.84699988365173
2018-06-29,2.8510000705719,2.8529999256134,2.83299994468689,2.84899997711182,0,2.84899997711182
2018-07-02,2.8289999961853,2.87100005149841,2.8289999961853,2.8659999370575,0,2.8659999370575
2018-07-03,2.88199996948242,2.88199996948242,2.83599996566772,2.83800005912781,0,2.83800005912781
2018-07-05,2.85800004005432,2.86199998855591,2.8199999332428,2.83999991416931,0,2.83999991416931
2018-07-06,2.8289999961853,2.83599996566772,2.81100010871887,2.83100008964539,0,2.83100008964539
2018-07-09,2.86199998855591,2.86199998855591,2.84899997711182,2.85999989509583,0,2.85999989509583
2018-07-10,2.86700010299683,2.875,2.85800004005432,2.87299990653992,0,2.87299990653992
2018-07-11,2.84400010108948,2.8659999370575,2.83800005912781,2.84200000762939,0,2.84200000762939
2018-07-12,2.86400008201599,2.87100005149841,2.84500002861023,2.8529999256134,0,2.8529999256134
2018-07-13,2.84400010108948,2.84500002861023,2.82699990272522,2.83100008964539,0,2.83100008964539
2018-07-16,2.85800004005432,2.87700009346008,2.85500001907349,2.85800004005432,0,2.85800004005432
2018-07-17,2.8510000705719,2.86700010299683,2.84699988365173,2.86400008201599,0,2.86400008201599
2018-07-18,2.8510000705719,2.875,2.84699988365173,2.875,0,2.875
2018-07-19,2.88199996948242,2.88899993896484,2.83400011062622,2.84699988365173,0,2.84699988365173
2018-07-20,2.85500001907349,2.8970000743866,2.84699988365173,2.89499998092651,0,2.89499998092651
2018-07-23,2.88800001144409,2.96499991416931,2.88800001144409,2.96499991416931,0,2.96499991416931
2018-07-24,2.95799994468689,2.97300004959106,2.94700002670288,2.94899988174438,0,2.94899988174438
2018-07-25,2.93899989128113,2.94899988174438,2.92799997329712,2.93600010871887,0,2.93600010871887
2018-07-26,2.96700000762939,2.9760000705719,2.94700002670288,2.97499990463257,0,2.97499990463257
2018-07-27,2.9779999256134,2.98799991607666,2.95099997520447,2.96000003814697,0,2.96000003814697
2018-07-30,2.98600006103516,2.99000000953674,2.96399998664856,2.97499990463257,0,2.97499990463257
2018-07-31,2.9539999961853,2.96900010108948,2.9449999332428,2.96399998664856,0,2.96399998664856
2018-08-01,2.99200010299683,3.01600003242493,2.98600006103516,3.00300002098083,0,3.00300002098083
2018-08-02,2.98399996757507,3.00300002098083,2.98000001907349,2.98600006103516,0,2.98600006103516
2018-08-03,2.97900009155273,2.98399996757507,2.95099997520447,2.95300006866455,0,2.95300006866455
2018-08-06,2.96000003814697,2.96000003814697,2.92499995231628,2.93799996376038,0,2.93799996376038
2018-08-07,2.9539999961853,2.97699999809265,2.9539999961853,2.97300004959106,0,2.97300004959106
2018-08-08,2.97699999809265,2.98600006103516,2.95799994468689,2.97099995613098,0,2.97099995613098
2018-08-09,2.95300006866455,2.95300006866455,2.92899990081787,2.93499994277954,0,2.93499994277954
2018-08-10,2.89000010490417,2.89299988746643,2.8529999256134,2.85700011253357,0,2.85700011253357
2018-08-13,2.86400008201599,2.89000010490417,2.86199998855591,2.87700009346008,0,2.87700009346008
2018-08-14,2.89299988746643,2.89499998092651,2.87700009346008,2.89499998092651,0,2.89499998092651
2018-08-15,2.86999988555908,2.875,2.83699989318848,2.85199999809265,0,2.85199999809265
2018-08-16,2.87299990653992,2.89299988746643,2.85899996757507,2.87100005149841,0,2.87100005149841
2018-08-17,2.85899996757507,2.87700009346008,2.84599995613098,2.87299990653992,0,2.87299990653992
2018-08-20,2.8529999256134,2.8529999256134,2.82100009918213,2.82299995422363,0,2.82299995422363
2018-08-21,2.84400010108948,2.8529999256134,2.83299994468689,2.84400010108948,0,2.84400010108948
2018-08-22,2.81900000572205,2.83500003814697,2.80800008773804,2.82299995422363,0,2.82299995422363
2018-08-23,2.82100009918213,2.82599997520447,2.81399989128113,2.82100009918213,0,2.82100009918213
2018-08-24,2.83200001716614,2.84999990463257,2.81699991226196,2.82599997520447,0,2.82599997520447
2018-08-27,2.82999992370605,2.8510000705719,2.82800006866455,2.84800004959106,0,2.84800004959106
2018-08-28,2.8529999256134,2.88599991798401,2.8529999256134,2.8840000629425,0,2.8840000629425
2018-08-29,2.87299990653992,2.8989999294281,2.87100005149841,2.8840000629425,0,2.8840000629425
2018-08-30,2.87700009346008,2.87899994850159,2.85899996757507,2.85999989509583,0,2.85999989509583
2018-08-31,2.84200000762939,2.85700011253357,2.83100008964539,2.8529999256134,0,2.8529999256134
2018-09-04,2.86899995803833,2.90599989891052,2.86800003051758,2.90199995040894,0,2.90199995040894
2018-09-05,2.88800001144409,2.91700005531311,2.8840000629425,2.90199995040894,0,2.90199995040894
2018-09-06,2.90799999237061,2.91000008583069,2.87100005149841,2.87899994850159,0,2.87899994850159
2018-09-07,2.88899993896484,2.95000004768372,2.88599991798401,2.94199991226196,0,2.94199991226196
2018-09-10,2.94199991226196,2.94799995422363,2.9300000667572,2.93700003623962,0,2.93700003623962
2018-09-11,2.95300006866455,2.98099994659424,2.94799995422363,2.97699999809265,0,2.97699999809265
2018-09-12,2.96600008010864,2.96799993515015,2.95499992370605,2.96300005912781,0,2.96300005912781
2018-09-13,2.98099994659424,2.98300004005432,2.94400000572205,2.96300005912781,0,2.96300005912781
2018-09-14,2.98900008201599,3.00300002098083,2.98099994659424,2.99399995803833,0,2.99399995803833
2018-09-17,3.01999998092651,3.01999998092651,2.98900008201599,3.00099992752075,0,3.00099992752075
2018-09-18,3.00699996948242,3.04800009727478,3.00500011444092,3.04800009727478,0,3.04800009727478
2018-09-19,3.04399991035461,3.09200000762939,3.04399991035461,3.08299994468689,0,3.08299994468689
2018-09-20,3.09200000762939,3.09599995613098,3.05900001525879,3.07800006866455,0,3.07800006866455
2018-09-21,3.06800007820129,3.08299994468689,3.06100010871887,3.06800007820129,0,3.06800007820129
2018-09-24,3.07599997520447,3.09100008010864,3.06500005722046,3.07800006866455,0,3.07800006866455
2018-09-25,3.09800004959106,3.10999989509583,3.09299993515015,3.10199999809265,0,3.10199999809265
2018-09-26,3.08500003814697,3.09100008010864,3.06100010871887,3.06100010871887,0,3.06100010871887
2018-09-27,3.05599999427795,3.07399988174438,3.05399990081787,3.05599999427795,0,3.05599999427795
2018-09-28,3.03099989891052,3.05800008773804,3.02999997138977,3.05599999427795,0,3.05599999427795
2018-10-01,3.08599996566772,3.08599996566772,3.06299996376038,3.07999992370605,0,3.07999992370605
2018-10-02,3.06900000572205,3.07399988174438,3.0460000038147,3.05599999427795,0,3.05599999427795
2018-10-03,3.08599996566772,3.17899990081787,3.07999992370605,3.16100001335144,0,3.16100001335144
2018-10-04,3.20000004768372,3.21000003814697,3.17600011825562,3.19700002670288,0,3.19700002670288
2018-10-05,3.2039999961853,3.24799990653992,3.18899989128113,3.22499990463257,0,3.22499990463257
2018-10-08,3.23300004005432,3.23300004005432,3.23300004005432,3.23300004005432,0,3.23300004005432
2018-10-09,3.23900008201599,3.23900008201599,3.20300006866455,3.20799994468689,0,3.20799994468689
2018-10-10,3.22699999809265,3.24200010299683,3.21199989318848,3.22499990463257,0,3.22499990463257
2018-10-11,3.18899989128113,3.19099998474121,3.12700009346008,3.13299989700317,0,3.13299989700317
2018-10-12,3.16700005531311,3.17300009727478,3.13100004196167,3.14100003242493,0,3.14100003242493
2018-10-15,3.16100001335144,3.16499996185303,3.14299988746643,3.16300010681152,0,3.16300010681152
2018-10-16,3.17300009727478,3.17700004577637,3.15400004386902,3.15599989891052,0,3.15599989891052
2018-10-17,3.15799999237061,3.17899990081787,3.14599990844727,3.17899990081787,0,3.17899990081787
2018-10-18,3.20700001716614,3.21499991416931,3.16000008583069,3.17499995231628,0,3.17499995231628
2018-10-19,3.19400000572205,3.20900011062622,3.18099999427795,3.19799995422363,0,3.19799995422363
2018-10-22,3.19000005722046,3.19799995422363,3.17899990081787,3.19600009918213,0,3.19600009918213
2018-10-23,3.1489999294281,3.16599988937378,3.11100006103516,3.16599988937378,0,3.16599988937378
2018-10-24,3.14499998092651,3.1470000743866,3.11700010299683,3.12400007247925,0,3.12400007247925
2018-10-25,3.14299988746643,3.14499998092651,3.11700010299683,3.13599991798401,0,3.13599991798401
2018-10-26,3.08899998664856,3.10199999809265,3.05900001525879,3.07699990272522,0,3.07699990272522
2018-10-29,3.09400010108948,3.11700010299683,3.08500003814697,3.08699989318848,0,3.08699989318848
2018-10-30,3.11700010299683,3.12299990653992,3.09400010108948,3.10999989509583,0,3.10999989509583
2018-10-31,3.1489999294281,3.16100001335144,3.1340000629425,3.15899991989136,0,3.15899991989136
2018-11-01,3.16400003433228,3.17400002479553,3.13599991798401,3.14400005340576,0,3.14400005340576
2018-11-02,3.15499997138977,3.21600008010864,3.15499997138977,3.21399998664856,0,3.21399998664856
2018-11-05,3.20300006866455,3.20499992370605,3.18600010871887,3.20099997520447,0,3.20099997520447
2018-11-06,3.19300007820129,3.22399997711182,3.19099998474121,3.21399998664856,0,3.21399998664856
2018-11-07,3.20000004768372,3.21499991416931,3.18400001525879,3.21300005912781,0,3.21300005912781
2018-11-08,3.21900010108948,3.23900008201599,3.20600008964539,3.23399996757507,0,3.23399996757507
2018-11-09,3.21300005912781,3.23000001907349,3.1800000667572,3.18899989128113,0,3.18899989128113
2018-11-12,3.18600010871887,3.18600010871887,3.18600010871887,3.18600010871887,0,3.18600010871887
2018-11-13,3.16700005531311,3.16899991035461,3.14299988746643,3.14499998092651,0,3.14499998092651
2018-11-14,3.1470000743866,3.16499996185303,3.09400010108948,3.11999988555908,0,3.11999988555908
2018-11-15,3.1010000705719,3.12899994850159,3.08100008964539,3.11800003051758,0,3.11800003051758
2018-11-16,3.1010000705719,3.1029999256134,3.06800007820129,3.07399988174438,0,3.07399988174438
2018-11-19,3.08500003814697,3.09599995613098,3.05200004577637,3.05699992179871,0,3.05699992179871
2018-11-20,3.04099988937378,3.06100010871887,3.03600001335144,3.04800009727478,0,3.04800009727478
2018-11-21,3.07699990272522,3.08500003814697,3.06100010871887,3.06100010871887,0,3.06100010871887
2018-11-23,3.04999995231628,3.05399990081787,3.03200006484985,3.05399990081787,0,3.05399990081787
2018-11-26,3.06299996376038,3.0789999961853,3.05699992179871,3.07200002670288,0,3.07200002670288
2018-11-27,3.05699992179871,3.07399988174438,3.04399991035461,3.0550000667572,0,3.0550000667572
2018-11-28,3.06599998474121,3.07500004768372,3.04299998283386,3.04399991035461,0,3.04399991035461
2018-11-29,3.01300001144409,3.04399991035461,3.00799989700317,3.03500008583069,0,3.03500008583069
2018-11-30,3.01500010490417,3.0220000743866,3.00799989700317,3.01300001144409,0,3.01300001144409
2018-12-03,3.04099988937378,3.04099988937378,2.98600006103516,2.99200010299683,0,2.99200010299683
2018-12-04,2.96600008010864,2.97000002861023,2.88499999046326,2.92400002479553,0,2.92400002479553
2018-12-06,2.88800001144409,2.8989999294281,2.82599997520447,2.87599992752075,0,2.87599992752075
2018-12-07,2.89499998092651,2.91000008583069,2.84999990463257,2.84999990463257,0,2.84999990463257
2018-12-10,2.86100006103516,2.86800003051758,2.82500004768372,2.85599994659424,0,2.85599994659424
2018-12-11,2.87700009346008,2.88299989700317,2.84699988365173,2.87899994850159,0,2.87899994850159
2018-12-12,2.89299988746643,2.91700005531311,2.89000010490417,2.90599989891052,0,2.90599989891052
2018-12-13,2.91000008583069,2.91899991035461,2.89299988746643,2.91100001335144,0,2.91100001335144
2018-12-14,2.88599991798401,2.90000009536743,2.87700009346008,2.89100003242493,0,2.89100003242493
2018-12-17,2.8840000629425,2.88899993896484,2.85500001907349,2.85700011253357,0,2.85700011253357
2018-12-18,2.83200001716614,2.8529999256134,2.81900000572205,2.82500004768372,0,2.82500004768372
2018-12-19,2.81699991226196,2.86100006103516,2.77600002288818,2.77800011634827,0,2.77800011634827
2018-12-20,2.76500010490417,2.78999996185303,2.74900007247925,2.78900003433228,0,2.78900003433228
2018-12-21,2.78999996185303,2.80299997329712,2.78099989891052,2.79200005531311,0,2.79200005531311
2018-12-24,2.76300001144409,2.77900004386902,2.74900007247925,2.74900007247925,0,2.74900007247925
2018-12-26,2.75099992752075,2.79699993133545,2.73600006103516,2.79699993133545,0,2.79699993133545
2018-12-27,2.76799988746643,2.76799988746643,2.73300004005432,2.74300003051758,0,2.74300003051758
2018-12-28,2.76099991798401,2.76799988746643,2.72699999809265,2.73600006103516,0,2.73600006103516
2018-12-31,2.73200011253357,2.74499988555908,2.67899990081787,2.68600010871887,0,2.68600010871887
2019-01-02,2.65199995040894,2.67899990081787,2.6489999294281,2.66100001335144,0,2.66100001335144
2019-01-03,2.65400004386902,2.65599989891052,2.55399990081787,2.55399990081787,0,2.55399990081787
2019-01-04,2.59899997711182,2.67300009727478,2.59699988365173,2.65899991989136,0,2.65899991989136
2019-01-07,2.6340000629425,2.68700003623962,2.63199996948242,2.68199992179871,0,2.68199992179871
2019-01-08,2.70099997520447,2.71700000762939,2.69600009918213,2.71600008010864,0,2.71600008010864
2019-01-09,2.74799990653992,2.74799990653992,2.71199989318848,2.7279999256134,0,2.7279999256134
2019-01-10,2.70600008964539,2.73300004005432,2.69600009918213,2.73099994659424,0,2.73099994659424
2019-01-11,2.71000003814697,2.71300005912781,2.68099999427795,2.70099997520447,0,2.70099997520447
2019-01-14,2.67199993133545,2.71000003814697,2.67199993133545,2.71000003814697,0,2.71000003814697
2019-01-15,2.69899988174438,2.72199988365173,2.67899990081787,2.71099996566772,0,2.71099996566772
2019-01-16,2.73399996757507,2.74300003051758,2.71700000762939,2.73099994659424,0,2.73099994659424
2019-01-17,2.71099996566772,2.76099991798401,2.70700001716614,2.74900007247925,0,2.74900007247925
2019-01-18,2.76399993896484,2.79900002479553,2.75399994850159,2.78399991989136,0,2.78399991989136
2019-01-22,2.75500011444092,2.7590000629425,2.72699999809265,2.73000001907349,0,2.73000001907349
2019-01-23,2.77300000190735,2.77900004386902,2.73699998855591,2.75500011444092,0,2.75500011444092
2019-01-24,2.71399998664856,2.7260000705719,2.70099997520447,2.71199989318848,0,2.71199989318848
2019-01-25,2.7409999370575,2.7590000629425,2.73200011253357,2.75300002098083,0,2.75300002098083
2019-01-28,2.76200008392334,2.76200008392334,2.7279999256134,2.74399995803833,0,2.74399995803833
2019-01-29,2.73900008201599,2.74799990653992,2.70799994468689,2.71199989318848,0,2.71199989318848
2019-01-30,2.72900009155273,2.73499989509583,2.68799996376038,2.6949999332428,0,2.6949999332428
2019-01-31,2.67400002479553,2.67600011825562,2.62599992752075,2.63499999046326,0,2.63499999046326
2019-02-01,2.63100004196167,2.69700002670288,2.63100004196167,2.69099998474121,0,2.69099998474121
2019-02-04,2.69700002670288,2.73399996757507,2.6949999332428,2.72399997711182,0,2.72399997711182
2019-02-05,2.72900009155273,2.72900009155273,2.68799996376038,2.70199990272522,0,2.70199990272522
2019-02-06,2.69099998474121,2.7039999961853,2.67300009727478,2.70199990272522,0,2.70199990272522
2019-02-07,2.66599988937378,2.67499995231628,2.65199995040894,2.65199995040894,0,2.65199995040894
2019-02-08,2.63899993896484,2.65199995040894,2.625,2.63199996948242,0,2.63199996948242
2019-02-11,2.65199995040894,2.67000007629395,2.64800000190735,2.66100001335144,0,2.66100001335144
2019-02-12,2.68199992179871,2.69099998474121,2.66799998283386,2.68400001525879,0,2.68400001525879
2019-02-13,2.68799996376038,2.71499991416931,2.68799996376038,2.70799994468689,0,2.70799994468689
2019-02-14,2.68600010871887,2.68600010871887,2.64299988746643,2.65700006484985,0,2.65700006484985
2019-02-15,2.66799998283386,2.68799996376038,2.66300010681152,2.66599988937378,0,2.66599988937378
2019-02-19,2.67000007629395,2.67000007629395,2.63599991798401,2.6470000743866,0,2.6470000743866
2019-02-20,2.6340000629425,2.65899991989136,2.63199996948242,2.65400004386902,0,2.65400004386902
2019-02-21,2.67499995231628,2.69700002670288,2.67199993133545,2.68799996376038,0,2.68799996376038
2019-02-22,2.67899990081787,2.67899990081787,2.63800001144409,2.65499997138977,0,2.65499997138977
2019-02-25,2.68099999427795,2.68400001525879,2.66799998283386,2.67300009727478,0,2.67300009727478
2019-02-26,2.65499997138977,2.65700006484985,2.63199996948242,2.63599991798401,0,2.63599991798401
2019-02-27,2.63199996948242,2.69700002670288,2.63199996948242,2.69300007820129,0,2.69300007820129
2019-02-28,2.67000007629395,2.72399997711182,2.66799998283386,2.71099996566772,0,2.71099996566772
2019-03-01,2.73699998855591,2.7590000629425,2.7279999256134,2.75500011444092,0,2.75500011444092
2019-03-04,2.75,2.75300002098083,2.72099995613098,2.72199988365173,0,2.72199988365173
2019-03-05,2.74200010299683,2.75,2.72199988365173,2.72199988365173,0,2.72199988365173
2019-03-06,2.71099996566772,2.71900010108948,2.67899990081787,2.69199991226196,0,2.69199991226196
2019-03-07,2.67899990081787,2.68099999427795,2.63599991798401,2.63599991798401,0,2.63599991798401
2019-03-08,2.6340000629425,2.65199995040894,2.60700011253357,2.625,0,2.625
2019-03-11,2.64499998092651,2.65199995040894,2.63199996948242,2.64299988746643,0,2.64299988746643
2019-03-12,2.65400004386902,2.65599989891052,2.59999990463257,2.60500001907349,0,2.60500001907349
2019-03-13,2.62100005149841,2.62899994850159,2.61100006103516,2.61100006103516,0,2.61100006103516
2019-03-14,2.62700009346008,2.64499998092651,2.61100006103516,2.63000011444092,0,2.63000011444092
2019-03-15,2.62299990653992,2.62299990653992,2.57999992370605,2.59299993515015,0,2.59299993515015
2019-03-18,2.6029999256134,2.61100006103516,2.58899998664856,2.60199999809265,0,2.60199999809265
2019-03-19,2.61100006103516,2.6340000629425,2.59999990463257,2.61400008201599,0,2.61400008201599
2019-03-20,2.59999990463257,2.59999990463257,2.52800011634827,2.53500008583069,0,2.53500008583069
2019-03-21,2.5,2.54399991035461,2.5,2.53699994087219,0,2.53699994087219
2019-03-22,2.47099995613098,2.48200011253357,2.41799998283386,2.45499992370605,0,2.45499992370605
2019-03-25,2.46000003814697,2.46399998664856,2.37700009346008,2.42000007629395,0,2.42000007629395
2019-03-26,2.44799995422363,2.44799995422363,2.40700006484985,2.41400003433228,0,2.41400003433228
2019-03-27,2.37899994850159,2.40499997138977,2.35599994659424,2.37400007247925,0,2.37400007247925
2019-03-28,2.375,2.40499997138977,2.3659999370575,2.38899993896484,0,2.38899993896484
2019-03-29,2.4210000038147,2.43300008773804,2.40300011634827,2.41400003433228,0,2.41400003433228
2019-04-01,2.44199991226196,2.49900007247925,2.42400002479553,2.49699997901917,0,2.49699997901917
2019-04-02,2.47399997711182,2.49200010299683,2.46900010108948,2.48099994659424,0,2.48099994659424
2019-04-03,2.51500010490417,2.5239999294281,2.50300002098083,2.51699995994568,0,2.51699995994568
2019-04-04,2.50799989700317,2.5220000743866,2.50300002098083,2.51200008392334,0,2.51200008392334
2019-04-05,2.53699994087219,2.54399991035461,2.49399995803833,2.50099992752075,0,2.50099992752075
2019-04-08,2.50399994850159,2.51900005340576,2.50099992752075,2.51900005340576,0,2.51900005340576
2019-04-09,2.51699995994568,2.51699995994568,2.48499989509583,2.49900007247925,0,2.49900007247925
2019-04-10,2.50200009346008,2.50999999046326,2.46300005912781,2.47699999809265,0,2.47699999809265
2019-04-11,2.48499989509583,2.50999999046326,2.48499989509583,2.50399994850159,0,2.50399994850159
2019-04-12,2.54200005531311,2.56200003623962,2.53999996185303,2.55999994277954,0,2.55999994277954
2019-04-15,2.56699991226196,2.57399988174438,2.54900002479553,2.55299997329712,0,2.55299997329712
2019-04-16,2.57399988174438,2.59599995613098,2.57100009918213,2.59200000762939,0,2.59200000762939
2019-04-17,2.59899997711182,2.61400008201599,2.58100008964539,2.59200000762939,0,2.59200000762939
2019-04-18,2.56299996376038,2.58299994468689,2.54900002479553,2.55999994277954,0,2.55999994277954
2019-04-22,2.56500005722046,2.59200000762939,2.56500005722046,2.58999991416931,0,2.58999991416931
2019-04-23,2.59200000762939,2.59200000762939,2.56299996376038,2.5699999332428,0,2.5699999332428
2019-04-24,2.53600001335144,2.53800010681152,2.51799988746643,2.5220000743866,0,2.5220000743866
2019-04-25,2.5239999294281,2.54200005531311,2.51600003242493,2.53399991989136,0,2.53399991989136
2019-04-26,2.52699995040894,2.54500007629395,2.49499988555908,2.50500011444092,0,2.50500011444092
2019-04-29,2.50500011444092,2.54099988937378,2.50399994850159,2.53600001335144,0,2.53600001335144
2019-04-30,2.53200006484985,2.54999995231628,2.50399994850159,2.5090000629425,0,2.5090000629425
2019-05-01,2.50399994850159,2.51099991798401,2.45499992370605,2.51099991798401,0,2.51099991798401
2019-05-02,2.51099991798401,2.55800008773804,2.5090000629425,2.55200004577637,0,2.55200004577637
2019-05-03,2.56299996376038,2.57599997520447,2.51600003242493,2.53099989891052,0,2.53099989891052
2019-05-06,2.4909999370575,2.50200009346008,2.48000001907349,2.5,0,2.5
2019-05-07,2.4779999256134,2.48200011253357,2.44600009918213,2.44799995422363,0,2.44799995422363
2019-05-08,2.43899989128113,2.48699998855591,2.4300000667572,2.48200011253357,0,2.48200011253357
2019-05-09,2.44400000572205,2.47099995613098,2.42499995231628,2.45700001716614,0,2.45700001716614
2019-05-10,2.44600009918213,2.46000003814697,2.42600011825562,2.45499992370605,0,2.45499992370605
2019-05-13,2.42300009727478,2.42600011825562,2.38899993896484,2.40499997138977,0,2.40499997138977
2019-05-14,2.41400003433228,2.42799997329712,2.40199995040894,2.41899991035461,0,2.41899991035461
2019-05-15,2.36999988555908,2.39100003242493,2.36100006103516,2.37899994850159,0,2.37899994850159
2019-05-16,2.38199996948242,2.41400003433228,2.38000011444092,2.40499997138977,0,2.40499997138977
2019-05-17,2.36999988555908,2.40899991989136,2.36400008201599,2.39299988746643,0,2.39299988746643
2019-05-20,2.38599991798401,2.41799998283386,2.38000011444092,2.41599988937378,0,2.41599988937378
2019-05-21,2.42799997329712,2.44099998474121,2.41899991035461,2.42600011825562,0,2.42600011825562
2019-05-22,2.41199994087219,2.41400003433228,2.38599991798401,2.39299988746643,0,2.39299988746643
2019-05-23,2.36100006103516,2.36400008201599,2.29399991035461,2.2960000038147,0,2.2960000038147
2019-05-24,2.31500005722046,2.33400011062622,2.30800008773804,2.32399988174438,0,2.32399988174438
2019-05-28,2.29900002479553,2.29900002479553,2.26399993896484,2.26799988746643,0,2.26799988746643
2019-05-29,2.23099994659424,2.24699997901917,2.21000003814697,2.23600006103516,0,2.23600006103516
2019-05-30,2.26099991798401,2.27600002288818,2.2260000705719,2.22699999809265,0,2.22699999809265
2019-05-31,2.16100001335144,2.18400001525879,2.13700008392334,2.14199995994568,0,2.14199995994568
2019-06-03,2.11199998855591,2.13000011444092,2.08100008964539,2.08100008964539,0,2.08100008964539
2019-06-04,2.12599992752075,2.1470000743866,2.10199999809265,2.11899995803833,0,2.11899995803833
2019-06-05,2.09699988365173,2.13000011444092,2.07999992370605,2.12299990653992,0,2.12299990653992
2019-06-06,2.10500001907349,2.13499999046326,2.09200000762939,2.12400007247925,0,2.12400007247925
2019-06-07,2.10500001907349,2.10500001907349,2.05299997329712,2.08400011062622,0,2.08400011062622
2019-06-10,2.13499999046326,2.1470000743866,2.11500000953674,2.14299988746643,0,2.14299988746643
2019-06-11,2.1710000038147,2.17400002479553,2.13800001144409,2.14000010490417,0,2.14000010490417
2019-06-12,2.12199997901917,2.14299988746643,2.10999989509583,2.12700009346008,0,2.12700009346008
2019-06-13,2.11199998855591,2.11999988555908,2.08200001716614,2.09100008010864,0,2.09100008010864
2019-06-14,2.07500004768372,2.10999989509583,2.07500004768372,2.09299993515015,0,2.09299993515015
2019-06-17,2.09400010108948,2.1029999256134,2.0789999961853,2.08599996566772,0,2.08599996566772
2019-06-18,2.03500008583069,2.07500004768372,2.02900004386902,2.05999994277954,0,2.05999994277954
2019-06-19,2.08400011062622,2.09899997711182,2.0220000743866,2.02900004386902,0,2.02900004386902
2019-06-20,1.99399995803833,2.01500010490417,1.97500002384186,2.00099992752075,0,2.00099992752075
2019-06-21,2.02600002288818,2.0699999332428,2.01799988746643,2.06800007820129,0,2.06800007820129
2019-06-24,2.03200006484985,2.04200005531311,2.01399993896484,2.02099990844727,0,2.02099990844727
2019-06-25,2.01200008392334,2.01399993896484,1.98199999332428,1.99399995803833,0,1.99399995803833
2019-06-26,2.01600003242493,2.04900002479553,2.00600004196167,2.04900002479553,0,2.04900002479553
2019-06-27,2.03999996185303,2.04500007629395,2.00399994850159,2.00500011444092,0,2.00500011444092
2019-06-28,2.01200008392334,2.03299999237061,1.99800002574921,2,0,2
2019-07-01,2.02600002288818,2.04800009727478,2.00500011444092,2.03399991989136,0,2.03399991989136
2019-07-02,2.0239999294281,2.0239999294281,1.97399997711182,1.97599995136261,0,1.97599995136261
2019-07-03,1.95500004291534,1.96899998188019,1.942999958992,1.95299994945526,0,1.95299994945526
2019-07-05,1.97000002861023,2.06800007820129,1.9650000333786,2.04800009727478,0,2.04800009727478
2019-07-08,2.02999997138977,2.03600001335144,2.01300001144409,2.03399991989136,0,2.03399991989136
2019-07-09,2.05999994277954,2.06800007820129,2.0460000038147,2.05399990081787,0,2.05399990081787
2019-07-10,2.1010000705719,2.10500001907349,2.04099988937378,2.06100010871887,0,2.06100010871887
2019-07-11,2.06800007820129,2.1340000629425,2.05800008773804,2.11999988555908,0,2.11999988555908
2019-07-12,2.12199997901917,2.14800000190735,2.10500001907349,2.10599994659424,0,2.10599994659424
2019-07-15,2.11299991607666,2.11500000953674,2.08999991416931,2.09200000762939,0,2.09200000762939
2019-07-16,2.09899997711182,2.14299988746643,2.09599995613098,2.12199997901917,0,2.12199997901917
2019-07-17,2.09200000762939,2.09699988365173,2.05699992179871,2.06100010871887,0,2.06100010871887
2019-07-18,2.05900001525879,2.07800006866455,2.03500008583069,2.03800010681152,0,2.03800010681152
2019-07-19,2.04699993133545,2.06399989128113,2.03800010681152,2.04800009727478,0,2.04800009727478
2019-07-22,2.04999995231628,2.04999995231628,2.02699995040894,2.04299998283386,0,2.04299998283386
2019-07-23,2.04800009727478,2.07599997520447,2.04299998283386,2.07399988174438,0,2.07399988174438
2019-07-24,2.05200004577637,2.05999994277954,2.03800010681152,2.04999995231628,0,2.04999995231628
2019-07-25,2.01699995994568,2.09999990463257,2.01200008392334,2.07399988174438,0,2.07399988174438
2019-07-26,2.06900000572205,2.09999990463257,2.06299996376038,2.08100008964539,0,2.08100008964539
2019-07-29,2.05800008773804,2.06699991226196,2.04800009727478,2.0550000667572,0,2.0550000667572
2019-07-30,2.0550000667572,2.07500004768372,2.04099988937378,2.06100010871887,0,2.06100010871887
2019-07-31,2.05100011825562,2.07200002670288,2.0090000629425,2.02099990844727,0,2.02099990844727
2019-08-01,2.02800011634827,2.02800011634827,1.87800002098083,1.89400005340576,0,1.89400005340576
2019-08-02,1.86600005626678,1.90699994564056,1.84200000762939,1.85500001907349,0,1.85500001907349
2019-08-05,1.76199996471405,1.78699994087219,1.72899997234344,1.73500001430511,0,1.73500001430511
2019-08-06,1.75300002098083,1.77199995517731,1.73099994659424,1.7389999628067,0,1.7389999628067
2019-08-07,1.62999999523163,1.68499994277954,1.59500002861023,1.68400001525879,0,1.68400001525879
2019-08-08,1.71899998188019,1.79299998283386,1.70500004291534,1.71599996089935,0,1.71599996089935
2019-08-09,1.71599996089935,1.73399996757507,1.67999994754791,1.73399996757507,0,1.73399996757507
2019-08-12,1.69000005722046,1.69700002670288,1.62800002098083,1.63900005817413,0,1.63900005817413
2019-08-13,1.64499998092651,1.71700000762939,1.63499999046326,1.67999994754791,0,1.67999994754791
2019-08-14,1.60099995136261,1.61800003051758,1.5809999704361,1.5809999704361,0,1.5809999704361
2019-08-15,1.557000041008,1.59399998188019,1.47500002384186,1.52900004386902,0,1.52900004386902
2019-08-16,1.53699994087219,1.59300005435944,1.53199994564056,1.53900003433228,0,1.53900003433228
2019-08-19,1.59599995613098,1.61800003051758,1.58399999141693,1.59800004959106,0,1.59800004959106
2019-08-20,1.5789999961853,1.5789999961853,1.53999996185303,1.56099998950958,0,1.56099998950958
2019-08-21,1.58599996566772,1.59300005435944,1.54700005054474,1.57700002193451,0,1.57700002193451
2019-08-22,1.62199997901917,1.62300002574921,1.57200002670288,1.61000001430511,0,1.61000001430511
2019-08-23,1.61099994182587,1.62199997901917,1.50600004196167,1.52799999713898,0,1.52799999713898
2019-08-26,1.51699995994568,1.54900002479553,1.50800001621246,1.54499995708466,0,1.54499995708466
2019-08-27,1.51300001144409,1.52199995517731,1.47099995613098,1.49000000953674,0,1.49000000953674
2019-08-28,1.45799994468689,1.48099994659424,1.44599997997284,1.46599996089935,0,1.46599996089935
2019-08-29,1.49600005149841,1.5349999666214,1.47800004482269,1.51600003242493,0,1.51600003242493
2019-08-30,1.52499997615814,1.53199994564056,1.50100004673004,1.50600004196167,0,1.50600004196167
2019-09-03,1.48300004005432,1.5110000371933,1.42900002002716,1.46599996089935,0,1.46599996089935
2019-09-04,1.49300003051758,1.49899995326996,1.45099997520447,1.45899999141693,0,1.45899999141693
2019-09-05,1.51999998092651,1.59099996089935,1.51800000667572,1.56500005722046,0,1.56500005722046
2019-09-06,1.60500001907349,1.60599994659424,1.53999996185303,1.54999995231628,0,1.54999995231628
2019-09-09,1.59599995613098,1.63499999046326,1.58700001239777,1.62199997901917,0,1.62199997901917
2019-09-10,1.64699995517731,1.7039999961853,1.63499999046326,1.70200002193451,0,1.70200002193451
2019-09-11,1.73000001907349,1.75199997425079,1.72000002861023,1.73300004005432,0,1.73300004005432
2019-09-12,1.70099997520447,1.80099999904633,1.66799998283386,1.79100000858307,0,1.79100000858307
2019-09-13,1.7940000295639,1.90299999713898,1.79299998283386,1.90299999713898,0,1.90299999713898
2019-09-16,1.83399999141693,1.875,1.8289999961853,1.84099996089935,0,1.84099996089935
2019-09-17,1.81500005722046,1.84899997711182,1.7940000295639,1.81200003623962,0,1.81200003623962
2019-09-18,1.77499997615814,1.80499994754791,1.74399995803833,1.78600001335144,0,1.78600001335144
2019-09-19,1.75800001621246,1.78900003433228,1.74899995326996,1.77400004863739,0,1.77400004863739
2019-09-20,1.79299998283386,1.79499995708466,1.74899995326996,1.75499999523163,0,1.75499999523163
2019-09-23,1.69700002670288,1.70899999141693,1.66499996185303,1.70799994468689,0,1.70799994468689
2019-09-24,1.7039999961853,1.70799994468689,1.63499999046326,1.63499999046326,0,1.63499999046326
2019-09-25,1.65400004386902,1.73500001430511,1.64199995994568,1.73199999332428,0,1.73199999332428
2019-09-26,1.71800005435944,1.71800005435944,1.67499995231628,1.68499994277954,0,1.68499994277954
2019-09-27,1.72200000286102,1.72200000286102,1.67299997806549,1.67499995231628,0,1.67499995231628
2019-09-30,1.69900000095367,1.71300005912781,1.67200005054474,1.67499995231628,0,1.67499995231628
2019-10-01,1.72699999809265,1.75499999523163,1.61300003528595,1.64400005340576,0,1.64400005340576
2019-10-02,1.63399994373322,1.64400005340576,1.58000004291534,1.59599995613098,0,1.59599995613098
2019-10-03,1.58399999141693,1.59599995613098,1.50999999046326,1.53600001335144,0,1.53600001335144
2019-10-04,1.53799998760223,1.55499994754791,1.50999999046326,1.51499998569489,0,1.51499998569489
2019-10-07,1.53900003433228,1.55999994277954,1.52900004386902,1.55299997329712,0,1.55299997329712
2019-10-08,1.51999998092651,1.55599999427795,1.50999999046326,1.53699994087219,0,1.53699994087219
2019-10-09,1.55799996852875,1.59399998188019,1.5460000038147,1.58899998664856,0,1.58899998664856
2019-10-10,1.58399999141693,1.67200005054474,1.57500004768372,1.65799999237061,0,1.65799999237061
2019-10-11,1.70799994468689,1.76400005817413,1.69599997997284,1.75199997425079,0,1.75199997425079
2019-10-14,1.73300004005432,1.73300004005432,1.73300004005432,1.73300004005432,0,1.73300004005432
2019-10-15,1.69099998474121,1.77600002288818,1.68900001049042,1.77100002765656,0,1.77100002765656
2019-10-16,1.74000000953674,1.76900005340576,1.72899997234344,1.74800002574921,0,1.74800002574921
2019-10-17,1.75699996948242,1.77300000190735,1.73099994659424,1.75699996948242,0,1.75699996948242
2019-10-18,1.76800000667572,1.76900005340576,1.72899997234344,1.74699997901917,0,1.74699997901917
2019-10-21,1.77799999713898,1.80499994754791,1.77100002765656,1.79200005531311,0,1.79200005531311
2019-10-22,1.77499997615814,1.80299997329712,1.76400005817413,1.76800000667572,0,1.76800000667572
2019-10-23,1.73099994659424,1.76300001144409,1.73099994659424,1.75899994373322,0,1.75899994373322
2019-10-24,1.75,1.77499997615814,1.73800003528595,1.76600003242493,0,1.76600003242493
2019-10-25,1.76600003242493,1.81400001049042,1.75,1.80099999904633,0,1.80099999904633
2019-10-28,1.83299994468689,1.86000001430511,1.83000004291534,1.85300004482269,0,1.85300004482269
2019-10-29,1.83899998664856,1.84899997711182,1.82599997520447,1.83500003814697,0,1.83500003814697
2019-10-30,1.82599997520447,1.85099995136261,1.7940000295639,1.79799997806549,0,1.79799997806549
2019-10-31,1.70799994468689,1.71399998664856,1.68099999427795,1.69099998474121,0,1.69099998474121
2019-11-01,1.67700004577637,1.74500000476837,1.66999995708466,1.72800004482269,0,1.72800004482269
2019-11-04,1.74699997901917,1.79299998283386,1.74699997901917,1.78600001335144,0,1.78600001335144
2019-11-05,1.82500004768372,1.87300002574921,1.82500004768372,1.86600005626678,0,1.86600005626678
2019-11-06,1.83700001239777,1.84800004959106,1.807000041008,1.81400001049042,0,1.81400001049042
2019-11-07,1.88100004196167,1.97099995613098,1.87399995326996,1.92599999904633,0,1.92599999904633
2019-11-08,1.95000004768372,1.95200002193451,1.89499998092651,1.93299996852875,0,1.93299996852875
2019-11-11,1.942999958992,1.942999958992,1.942999958992,1.942999958992,0,1.942999958992
2019-11-12,1.94000005722046,1.94900000095367,1.90699994564056,1.90900003910065,0,1.90900003910065
2019-11-13,1.88800001144409,1.89100003242493,1.86500000953674,1.87000000476837,0,1.87000000476837
2019-11-14,1.85000002384186,1.85099995136261,1.80499994754791,1.81500005722046,0,1.81500005722046
2019-11-15,1.84099996089935,1.84500002861023,1.81900000572205,1.83399999141693,0,1.83399999141693
2019-11-18,1.84500002861023,1.84500002861023,1.79499995708466,1.80799996852875,0,1.80799996852875
2019-11-19,1.81700003147125,1.81700003147125,1.77699995040894,1.78600001335144,0,1.78600001335144
2019-11-20,1.74699997901917,1.76400005817413,1.73000001907349,1.73800003528595,0,1.73800003528595
2019-11-21,1.75999999046326,1.78600001335144,1.75300002098083,1.77199995517731,0,1.77199995517731
2019-11-22,1.75,1.77900004386902,1.74699997901917,1.77400004863739,0,1.77400004863739
2019-11-25,1.78999996185303,1.79299998283386,1.75499999523163,1.76400005817413,0,1.76400005817413
2019-11-26,1.74500000476837,1.74699997901917,1.73099994659424,1.74000000953674,0,1.74000000953674
2019-11-27,1.75,1.77799999713898,1.75,1.76699995994568,0,1.76699995994568
2019-11-29,1.77199995517731,1.7960000038147,1.76400005817413,1.77600002288818,0,1.77600002288818
2019-12-02,1.83299994468689,1.85399997234344,1.82099997997284,1.83599996566772,0,1.83599996566772
2019-12-03,1.78799998760223,1.78799998760223,1.692999958992,1.70899999141693,0,1.70899999141693
2019-12-04,1.73300004005432,1.79100000858307,1.73300004005432,1.78100001811981,0,1.78100001811981
2019-12-05,1.77199995517731,1.82200002670288,1.77199995517731,1.79700005054474,0,1.79700005054474
2019-12-06,1.79499995708466,1.8639999628067,1.78999996185303,1.84200000762939,0,1.84200000762939
2019-12-09,1.82799994945526,1.83299994468689,1.807000041008,1.8289999961853,0,1.8289999961853
2019-12-10,1.80999994277954,1.84899997711182,1.80499994754791,1.83299994468689,0,1.83299994468689
2019-12-11,1.83000004291534,1.83599996566772,1.78299999237061,1.78999996185303,0,1.78999996185303
2019-12-12,1.79299998283386,1.92400002479553,1.77799999713898,1.89699995517731,0,1.89699995517731
2019-12-13,1.87800002098083,1.90600001811981,1.81599998474121,1.81900000572205,0,1.81900000572205
2019-12-16,1.84899997711182,1.89400005340576,1.84500002861023,1.89199995994568,0,1.89199995994568
2019-12-17,1.86099994182587,1.89400005340576,1.85599994659424,1.88900005817413,0,1.88900005817413
2019-12-18,1.89100003242493,1.93400001525879,1.88399994373322,1.92400002479553,0,1.92400002479553
2019-12-19,1.94700002670288,1.94700002670288,1.89800000190735,1.90799999237061,0,1.90799999237061
2019-12-20,1.93499994277954,1.94000005722046,1.91499996185303,1.91700005531311,0,1.91700005531311
2019-12-23,1.91199994087219,1.94000005722046,1.89800000190735,1.93499994277954,0,1.93499994277954
2019-12-24,1.93499994277954,1.94900000095367,1.90100002288818,1.9099999666214,0,1.9099999666214
2019-12-26,1.91199994087219,1.9210000038147,1.89600002765656,1.90499997138977,0,1.90499997138977
2019-12-27,1.89300000667572,1.89300000667572,1.87000000476837,1.87399995326996,0,1.87399995326996
2019-12-30,1.92299997806549,1.94000005722046,1.89499998092651,1.89499998092651,0,1.89499998092651
2019-12-31,1.89800000190735,1.92999994754791,1.89499998092651,1.9190000295639,0,1.9190000295639
2020-01-02,1.90299999713898,1.90299999713898,1.85099995136261,1.88199996948242,0,1.88199996948242
2020-01-03,1.82799994945526,1.8400000333786,1.78600001335144,1.78799998760223,0,1.78799998760223
2020-01-06,1.7849999666214,1.81599998474121,1.76600003242493,1.81099998950958,0,1.81099998950958
2020-01-07,1.79700005054474,1.82799994945526,1.79700005054474,1.82700002193451,0,1.82700002193451
2020-01-08,1.82299995422363,1.87600004673004,1.80200004577637,1.87399995326996,0,1.87399995326996
2020-01-09,1.86899995803833,1.89999997615814,1.85099995136261,1.85800004005432,0,1.85800004005432
2020-01-10,1.85300004482269,1.86300003528595,1.81599998474121,1.82500004768372,0,1.82500004768372
2020-01-13,1.83399999141693,1.85800004005432,1.83399999141693,1.84800004959106,0,1.84800004959106
2020-01-14,1.84200000762939,1.85300004482269,1.81299996376038,1.817999958992,0,1.817999958992
2020-01-15,1.79499995708466,1.80200004577637,1.77999997138977,1.78799998760223,0,1.78799998760223
2020-01-16,1.78100001811981,1.82000005245209,1.77999997138977,1.80900001525879,0,1.80900001525879
2020-01-17,1.817999958992,1.85000002384186,1.81599998474121,1.83599996566772,0,1.83599996566772
2020-01-21,1.79700005054474,1.79700005054474,1.76600003242493,1.76900005340576,0,1.76900005340576
2020-01-22,1.7849999666214,1.7849999666214,1.75899994373322,1.76900005340576,0,1.76900005340576
2020-01-23,1.74000000953674,1.75199997425079,1.7150000333786,1.74000000953674,0,1.74000000953674
2020-01-24,1.73399996757507,1.7389999628067,1.66999995708466,1.68099999427795,0,1.68099999427795
2020-01-27,1.61199998855591,1.62699997425079,1.60500001907349,1.60500001907349,0,1.60500001907349
2020-01-28,1.62399995326996,1.65499997138977,1.61300003528595,1.64100003242493,0,1.64100003242493
2020-01-29,1.63699996471405,1.63699996471405,1.58899998664856,1.59399998188019,0,1.59399998188019
2020-01-30,1.57000005245209,1.58700001239777,1.53400003910065,1.55799996852875,0,1.55799996852875
2020-01-31,1.54999995231628,1.55599999427795,1.51199996471405,1.51999998092651,0,1.51999998092651
2020-02-03,1.55499994754791,1.57500004768372,1.51499998569489,1.51999998092651,0,1.51999998092651
2020-02-04,1.57700002193451,1.61800003051758,1.57500004768372,1.60300004482269,0,1.60300004482269
2020-02-05,1.65299999713898,1.65600001811981,1.62800002098083,1.64900004863739,0,1.64900004863739
2020-02-06,1.63699996471405,1.66799998283386,1.63699996471405,1.64400005340576,0,1.64400005340576
2020-02-07,1.61600005626678,1.63499999046326,1.57099997997284,1.57799994945526,0,1.57799994945526
2020-02-10,1.57000005245209,1.57500004768372,1.5440000295639,1.54700005054474,0,1.54700005054474
2020-02-11,1.59500002861023,1.60099995136261,1.57299995422363,1.5900000333786,0,1.5900000333786
2020-02-12,1.625,1.63900005817413,1.61800003051758,1.62999999523163,0,1.62999999523163
2020-02-13,1.60199999809265,1.62600004673004,1.60000002384186,1.61699998378754,0,1.61699998378754
2020-02-14,1.59899997711182,1.60500001907349,1.57299995422363,1.58800005912781,0,1.58800005912781
2020-02-18,1.5440000295639,1.57599997520447,1.54100000858307,1.55599999427795,0,1.55599999427795
2020-02-19,1.56299996376038,1.58700001239777,1.55599999427795,1.57000005245209,0,1.57000005245209
2020-02-20,1.53699994087219,1.54799997806549,1.50699996948242,1.52499997615814,0,1.52499997615814
2020-02-21,1.48500001430511,1.49199998378754,1.43900001049042,1.47099995613098,0,1.47099995613098
2020-02-24,1.39600002765656,1.40199995040894,1.35199999809265,1.37699997425079,0,1.37699997425079
2020-02-25,1.37399995326996,1.37699997425079,1.307000041008,1.33000004291534,0,1.33000004291534
2020-02-26,1.36899995803833,1.38100004196167,1.30200004577637,1.30999994277954,0,1.30999994277954
2020-02-27,1.27199995517731,1.32700002193451,1.24300003051758,1.29900002479553,0,1.29900002479553
2020-02-28,1.21099996566772,1.22300004959106,1.12699997425079,1.12699997425079,0,1.12699997425079
2020-03-02,1.06700003147125,1.10300004482269,1.05900001525879,1.08800005912781,0,1.08800005912781
2020-03-03,1.12999999523163,1.16299998760223,0.907999992370605,1.00999999046326,0,1.00999999046326
2020-03-04,0.991999983787537,1.01499998569489,0.950999975204468,0.991999983787537,0,0.991999983787537
2020-03-05,0.952000021934509,0.957000017166138,0.898999989032745,0.925999999046326,0,0.925999999046326
2020-03-06,0.71399998664856,0.788999974727631,0.660000026226044,0.705999970436096,0,0.705999970436096
2020-03-09,0.483999997377396,0.601000010967255,0.398000001907349,0.499000012874603,0,0.499000012874603
2020-03-10,0.653999984264374,0.755999982357025,0.564999997615814,0.748000025749207,0,0.748000025749207
2020-03-11,0.707000017166138,0.861999988555908,0.675000011920929,0.819999992847443,0,0.819999992847443
2020-03-12,0.675000011920929,0.848999977111816,0.638000011444092,0.848999977111816,0,0.848999977111816
2020-03-13,0.944000005722046,0.986000001430511,0.837000012397766,0.950999975204468,0,0.950999975204468
2020-03-16,0.777999997138977,0.859000027179718,0.703000009059906,0.727999985218048,0,0.727999985218048
2020-03-17,0.794000029563904,0.996999979019165,0.742999970912933,0.996999979019165,0,0.996999979019165
2020-03-18,1.08200001716614,1.26600003242493,0.999000012874603,1.26600003242493,0,1.26600003242493
2020-03-19,1.13699996471405,1.22500002384186,1.00699996948242,1.11899995803833,0,1.11899995803833
2020-03-20,1.01600003242493,1.03100001811981,0.916000008583069,0.938000023365021,0,0.938000023365021
2020-03-23,0.714999973773956,0.879000008106232,0.714999973773956,0.763999998569489,0,0.763999998569489
2020-03-24,0.823000013828278,0.896000027656555,0.810000002384186,0.815999984741211,0,0.815999984741211
2020-03-25,0.84500002861023,0.861000001430511,0.782999992370605,0.857999980449677,0,0.857999980449677
2020-03-26,0.787000000476837,0.827000021934509,0.769999980926514,0.810999989509583,0,0.810999989509583
2020-03-27,0.776000022888184,0.782000005245209,0.731000006198883,0.749000012874603,0,0.749000012874603
2020-03-30,0.657000005245209,0.680999994277954,0.598999977111816,0.6700000166893,0,0.6700000166893
2020-03-31,0.700999975204468,0.72000002861023,0.651000022888184,0.698000013828278,0,0.698000013828278
2020-04-01,0.610000014305115,0.64300000667572,0.578999996185303,0.634999990463257,0,0.634999990463257
2020-04-02,0.592000007629395,0.634999990463257,0.578000009059906,0.626999974250793,0,0.626999974250793
2020-04-03,0.58899998664856,0.60699999332428,0.568000018596649,0.587000012397766,0,0.587000012397766
2020-04-06,0.644999980926514,0.675999999046326,0.642000019550323,0.675999999046326,0,0.675999999046326
2020-04-07,0.734000027179718,0.783999979496002,0.725000023841858,0.736000001430511,0,0.736000001430511
2020-04-08,0.763000011444092,0.76800000667572,0.728999972343445,0.763999998569489,0,0.763999998569489
2020-04-09,0.726999998092651,0.773000001907349,0.712999999523163,0.728999972343445,0,0.728999972343445
2020-04-13,0.74099999666214,0.75900000333786,0.722000002861023,0.749000012874603,0,0.749000012874603
2020-04-14,0.746999979019165,0.757000029087067,0.730000019073486,0.751999974250793,0,0.751999974250793
2020-04-15,0.686999976634979,0.688000023365021,0.626999974250793,0.638000011444092,0,0.638000011444092
2020-04-16,0.614000022411346,0.624000012874603,0.593999981880188,0.609000027179718,0,0.609000027179718
2020-04-17,0.64300000667572,0.657999992370605,0.587000012397766,0.653999984264374,0,0.653999984264374
2020-04-20,0.624000012874603,0.64300000667572,0.611999988555908,0.625999987125397,0,0.625999987125397
2020-04-21,0.550000011920929,0.578000009059906,0.542999982833862,0.570999979972839,0,0.570999979972839
2020-04-22,0.583000004291534,0.635999977588654,0.580999970436096,0.619000017642975,0,0.619000017642975
2020-04-23,0.621999979019165,0.629999995231628,0.593999981880188,0.612999975681305,0,0.612999975681305
2020-04-24,0.601999998092651,0.620999991893768,0.591000020503998,0.596000015735626,0,0.596000015735626
2020-04-27,0.620999991893768,0.662000000476837,0.620999991893768,0.656000018119812,0,0.656000018119812
2020-04-28,0.651000022888184,0.65200001001358,0.593999981880188,0.610000014305115,0,0.610000014305115
2020-04-29,0.593999981880188,0.640999972820282,0.583999991416931,0.626999974250793,0,0.626999974250793
2020-04-30,0.611000001430511,0.625,0.580999970436096,0.621999979019165,0,0.621999979019165
2020-05-01,0.612999975681305,0.648000001907349,0.609000027179718,0.642000019550323,0,0.642000019550323
2020-05-04,0.61599999666214,0.651000022888184,0.615000009536743,0.637000024318695,0,0.637000024318695
2020-05-05,0.658999979496002,0.672999978065491,0.64300000667572,0.657000005245209,0,0.657000005245209
2020-05-06,0.681999981403351,0.742999970912933,0.680999994277954,0.711000025272369,0,0.711000025272369
2020-05-07,0.694999992847443,0.700999975204468,0.621999979019165,0.630999982357025,0,0.630999982357025
2020-05-08,0.630999982357025,0.683000028133392,0.623000025749207,0.681999981403351,0,0.681999981403351
2020-05-11,0.683000028133392,0.726000010967255,0.671999990940094,0.726000010967255,0,0.726000010967255
2020-05-12,0.711000025272369,0.723999977111816,0.667999982833862,0.677999973297119,0,0.677999973297119
2020-05-13,0.663999974727631,0.671999990940094,0.634999990463257,0.648999989032745,0,0.648999989032745
2020-05-14,0.616999983787537,0.628000020980835,0.603999972343445,0.619000017642975,0,0.619000017642975
2020-05-15,0.603999972343445,0.648999989032745,0.589999973773956,0.639999985694885,0,0.639999985694885
2020-05-18,0.666000008583069,0.744000017642975,0.66100001335144,0.744000017642975,0,0.744000017642975
2020-05-19,0.728999972343445,0.745000004768372,0.7049999833107,0.711000025272369,0,0.711000025272369
2020-05-20,0.703000009059906,0.721000015735626,0.6700000166893,0.680000007152557,0,0.680000007152557
2020-05-21,0.680000007152557,0.681999981403351,0.653999984264374,0.676999986171722,0,0.676999986171722
2020-05-22,0.657000005245209,0.671999990940094,0.648000001907349,0.657000005245209,0,0.657000005245209
2020-05-26,0.697000026702881,0.708000004291534,0.689999997615814,0.698000013828278,0,0.698000013828278
2020-05-27,0.72299998998642,0.72299998998642,0.66100001335144,0.680000007152557,0,0.680000007152557
2020-05-28,0.686999976634979,0.712999999523163,0.685000002384186,0.7049999833107,0,0.7049999833107
2020-05-29,0.663999974727631,0.685000002384186,0.648000001907349,0.648000001907349,0,0.648000001907349
2020-06-01,0.666999995708466,0.686999976634979,0.662000000476837,0.662000000476837,0,0.662000000476837
2020-06-02,0.685000002384186,0.686999976634979,0.66100001335144,0.680000007152557,0,0.680000007152557
2020-06-03,0.708000004291534,0.771000027656555,0.7049999833107,0.760999977588654,0,0.760999977588654
2020-06-04,0.754000008106232,0.823000013828278,0.744000017642975,0.819999992847443,0,0.819999992847443
2020-06-05,0.866999983787537,0.957000017166138,0.861999988555908,0.903999984264374,0,0.903999984264374
2020-06-08,0.910000026226044,0.915000021457672,0.861999988555908,0.88400000333786,0,0.88400000333786
2020-06-09,0.837000012397766,0.839999973773956,0.801999986171722,0.828999996185303,0,0.828999996185303
2020-06-10,0.806999981403351,0.811999976634979,0.742999970912933,0.748000025749207,0,0.748000025749207
2020-06-11,0.697000026702881,0.699999988079071,0.651000022888184,0.652999997138977,0,0.652999997138977
2020-06-12,0.702000021934509,0.712999999523163,0.674000024795532,0.699000000953674,0,0.699000000953674
2020-06-15,0.669000029563904,0.714999973773956,0.66100001335144,0.702000021934509,0,0.702000021934509
2020-06-16,0.760999977588654,0.783999979496002,0.72299998998642,0.755999982357025,0,0.755999982357025
2020-06-17,0.755999982357025,0.763000011444092,0.727999985218048,0.732999980449677,0,0.732999980449677
2020-06-18,0.703999996185303,0.708000004291534,0.694000005722046,0.694000005722046,0,0.694000005722046
2020-06-19,0.732999980449677,0.745000004768372,0.686999976634979,0.697000026702881,0,0.697000026702881
2020-06-22,0.694999992847443,0.708999991416931,0.674000024795532,0.703999996185303,0,0.703999996185303
2020-06-23,0.725000023841858,0.730000019073486,0.707000017166138,0.708999991416931,0,0.708999991416931
2020-06-24,0.730000019073486,0.730000019073486,0.679000020027161,0.684000015258789,0,0.684000015258789
2020-06-25,0.663999974727631,0.676999986171722,0.657999992370605,0.674000024795532,0,0.674000024795532
2020-06-26,0.669000029563904,0.671000003814697,0.632000029087067,0.635999977588654,0,0.635999977588654
2020-06-29,0.651000022888184,0.653999984264374,0.632000029087067,0.635999977588654,0,0.635999977588654
2020-06-30,0.625,0.666000008583069,0.619000017642975,0.652999997138977,0,0.652999997138977
2020-07-01,0.680999994277954,0.702000021934509,0.667999982833862,0.681999981403351,0,0.681999981403351
2020-07-02,0.679000020027161,0.723999977111816,0.663999974727631,0.669000029563904,0,0.669000029563904
2020-07-06,0.695999979972839,0.712000012397766,0.684000015258789,0.684000015258789,0,0.684000015258789
2020-07-07,0.674000024795532,0.680999994277954,0.639999985694885,0.649999976158142,0,0.649999976158142
2020-07-08,0.65499997138977,0.674000024795532,0.644999980926514,0.652999997138977,0,0.652999997138977
2020-07-09,0.65499997138977,0.65499997138977,0.598999977111816,0.605000019073486,0,0.605000019073486
2020-07-10,0.583999991416931,0.637000024318695,0.573000013828278,0.633000016212463,0,0.633000016212463
2020-07-13,0.648000001907349,0.662999987602234,0.634999990463257,0.639999985694885,0,0.639999985694885
2020-07-14,0.626999974250793,0.632000029087067,0.600000023841858,0.615000009536743,0,0.615000009536743
2020-07-15,0.649999976158142,0.657999992370605,0.617999970912933,0.629999995231628,0,0.629999995231628
2020-07-16,0.617999970912933,0.620000004768372,0.600000023841858,0.611999988555908,0,0.611999988555908
2020-07-17,0.603999972343445,0.632000029087067,0.600000023841858,0.628000020980835,0,0.628000020980835
2020-07-20,0.60699999332428,0.625,0.601999998092651,0.620000004768372,0,0.620000004768372
2020-07-21,0.616999983787537,0.621999979019165,0.593999981880188,0.60699999332428,0,0.60699999332428
2020-07-22,0.591000020503998,0.598999977111816,0.582000017166138,0.59500002861023,0,0.59500002861023
2020-07-23,0.583999991416931,0.592000007629395,0.574000000953674,0.582000017166138,0,0.582000017166138
2020-07-24,0.586000025272369,0.597000002861023,0.577000021934509,0.58899998664856,0,0.58899998664856
2020-07-27,0.578999996185303,0.610000014305115,0.574000000953674,0.609000027179718,0,0.609000027179718
2020-07-28,0.605000019073486,0.60699999332428,0.577000021934509,0.580999970436096,0,0.580999970436096
2020-07-29,0.583999991416931,0.59500002861023,0.570999979972839,0.578999996185303,0,0.578999996185303
2020-07-30,0.560999989509583,0.560999989509583,0.537999987602234,0.541000008583069,0,0.541000008583069
2020-07-31,0.52999997138977,0.564000010490417,0.527999997138977,0.53600001335144,0,0.53600001335144
2020-08-03,0.559000015258789,0.572000026702881,0.552999973297119,0.563000023365021,0,0.563000023365021
2020-08-04,0.537999987602234,0.537999987602234,0.509999990463257,0.514999985694885,0,0.514999985694885
2020-08-05,0.52999997138977,0.552999973297119,0.527999997138977,0.542999982833862,0,0.542999982833862
2020-08-06,0.522000014781952,0.542999982833862,0.504000008106232,0.53600001335144,0,0.53600001335144
2020-08-07,0.531000018119812,0.569000005722046,0.524999976158142,0.561999976634979,0,0.561999976634979
2020-08-10,0.554000020027161,0.575999975204468,0.546000003814697,0.574000000953674,0,0.574000000953674
2020-08-11,0.610000014305115,0.66100001335144,0.610000014305115,0.657999992370605,0,0.657999992370605
2020-08-12,0.675000011920929,0.689999997615814,0.65499997138977,0.6700000166893,0,0.6700000166893
2020-08-13,0.681999981403351,0.726999998092651,0.675000011920929,0.716000020503998,0,0.716000020503998
2020-08-14,0.708000004291534,0.712999999523163,0.690999984741211,0.708999991416931,0,0.708999991416931
2020-08-17,0.686999976634979,0.693000018596649,0.666999995708466,0.683000028133392,0,0.683000028133392
2020-08-18,0.679000020027161,0.688000023365021,0.657000005245209,0.669000029563904,0,0.669000029563904
2020-08-19,0.656000018119812,0.688000023365021,0.648000001907349,0.675000011920929,0,0.675000011920929
2020-08-20,0.648000001907349,0.652999997138977,0.638000011444092,0.643999993801117,0,0.643999993801117
2020-08-21,0.632000029087067,0.656000018119812,0.623000025749207,0.639999985694885,0,0.639999985694885
2020-08-24,0.633000016212463,0.651000022888184,0.621999979019165,0.646000027656555,0,0.646000027656555
2020-08-25,0.685000002384186,0.716000020503998,0.679000020027161,0.681999981403351,0,0.681999981403351
2020-08-26,0.716000020503998,0.721000015735626,0.685000002384186,0.686999976634979,0,0.686999976634979
2020-08-27,0.675000011920929,0.745999991893768,0.648999989032745,0.745999991893768,0,0.745999991893768
2020-08-28,0.739000022411346,0.745999991893768,0.712999999523163,0.728999972343445,0,0.728999972343445
2020-08-31,0.732999980449677,0.739000022411346,0.691999971866608,0.693000018596649,0,0.693000018596649
2020-09-01,0.72000002861023,0.728999972343445,0.671000003814697,0.671999990940094,0,0.671999990940094
2020-09-02,0.676999986171722,0.686999976634979,0.64300000667572,0.651000022888184,0,0.651000022888184
2020-09-03,0.651000022888184,0.657999992370605,0.606000006198883,0.621999979019165,0,0.621999979019165
2020-09-04,0.648999989032745,0.721000015735626,0.64300000667572,0.721000015735626,0,0.721000015735626
2020-09-08,0.679000020027161,0.685000002384186,0.663999974727631,0.684000015258789,0,0.684000015258789
2020-09-09,0.689999997615814,0.709999978542328,0.674000024795532,0.703000009059906,0,0.703000009059906
2020-09-10,0.7049999833107,0.72299998998642,0.679000020027161,0.685000002384186,0,0.685000002384186
2020-09-11,0.691999971866608,0.697000026702881,0.663999974727631,0.669000029563904,0,0.669000029563904
2020-09-14,0.675999999046326,0.675999999046326,0.652999997138977,0.671000003814697,0,0.671000003814697
2020-09-15,0.685000002384186,0.689000010490417,0.674000024795532,0.679000020027161,0,0.679000020027161
2020-09-16,0.669000029563904,0.702000021934509,0.656000018119812,0.686999976634979,0,0.686999976634979
2020-09-17,0.662999987602234,0.689000010490417,0.646000027656555,0.684000015258789,0,0.684000015258789
2020-09-18,0.669000029563904,0.697000026702881,0.669000029563904,0.694000005722046,0,0.694000005722046
2020-09-21,0.66100001335144,0.671000003814697,0.648000001907349,0.671000003814697,0,0.671000003814697
2020-09-22,0.669000029563904,0.679000020027161,0.66100001335144,0.663999974727631,0,0.663999974727631
2020-09-23,0.679000020027161,0.691999971866608,0.671000003814697,0.675999999046326,0,0.675999999046326
2020-09-24,0.667999982833862,0.674000024795532,0.66100001335144,0.666000008583069,0,0.666000008583069
2020-09-25,0.658999979496002,0.663999974727631,0.651000022888184,0.658999979496002,0,0.658999979496002
2020-09-28,0.671000003814697,0.671000003814697,0.656000018119812,0.662999987602234,0,0.662999987602234
2020-09-29,0.649999976158142,0.658999979496002,0.640999972820282,0.644999980926514,0,0.644999980926514
2020-09-30,0.644999980926514,0.703999996185303,0.644999980926514,0.676999986171722,0,0.676999986171722
2020-10-01,0.700999975204468,0.72000002861023,0.669000029563904,0.676999986171722,0,0.676999986171722
2020-10-02,0.666000008583069,0.703999996185303,0.652999997138977,0.695999979972839,0,0.695999979972839
2020-10-05,0.711000025272369,0.762000024318695,0.711000025272369,0.762000024318695,0,0.762000024318695
2020-10-06,0.785000026226044,0.791999995708466,0.726999998092651,0.741999983787537,0,0.741999983787537
2020-10-07,0.77999997138977,0.788999974727631,0.759999990463257,0.785000026226044,0,0.785000026226044
2020-10-08,0.77999997138977,0.77999997138977,0.762000024318695,0.764999985694885,0,0.764999985694885
2020-10-09,0.773999989032745,0.799000024795532,0.759999990463257,0.774999976158142,0,0.774999976158142
2020-10-12,0.77700001001358,0.77700001001358,0.77700001001358,0.77700001001358,0,0.77700001001358
2020-10-13,0.757000029087067,0.757000029087067,0.726000010967255,0.726999998092651,0,0.726999998092651
2020-10-14,0.717000007629395,0.726999998092651,0.708999991416931,0.722000002861023,0,0.722000002861023
2020-10-15,0.698000013828278,0.734000027179718,0.693000018596649,0.731000006198883,0,0.731000006198883
2020-10-16,0.726999998092651,0.757000029087067,0.721000015735626,0.744000017642975,0,0.744000017642975
2020-10-19,0.771000027656555,0.781000018119812,0.757000029087067,0.760999977588654,0,0.760999977588654
2020-10-20,0.778999984264374,0.799000024795532,0.776000022888184,0.796999990940094,0,0.796999990940094
2020-10-21,0.820999979972839,0.823000013828278,0.799000024795532,0.815999984741211,0,0.815999984741211
2020-10-22,0.813000023365021,0.852999985218048,0.804000020027161,0.84799998998642,0,0.84799998998642
2020-10-23,0.860000014305115,0.871999979019165,0.830999970436096,0.841000020503998,0,0.841000020503998
2020-10-26,0.818000018596649,0.818000018596649,0.791000008583069,0.800999999046326,0,0.800999999046326
2020-10-27,0.794000029563904,0.794000029563904,0.768999993801117,0.777999997138977,0,0.777999997138977
2020-10-28,0.760999977588654,0.782999992370605,0.745999991893768,0.781000018119812,0,0.781000018119812
2020-10-29,0.768999993801117,0.842000007629395,0.768999993801117,0.834999978542328,0,0.834999978542328
2020-10-30,0.819999992847443,0.865000009536743,0.815999984741211,0.860000014305115,0,0.860000014305115
2020-11-02,0.853999972343445,0.855000019073486,0.828000009059906,0.848999977111816,0,0.848999977111816
2020-11-03,0.870999991893768,0.896000027656555,0.870999991893768,0.882000029087067,0,0.882000029087067
2020-11-04,0.78600001335144,0.800999999046326,0.755999982357025,0.76800000667572,0,0.76800000667572
2020-11-05,0.763000011444092,0.790000021457672,0.748000025749207,0.776000022888184,0,0.776000022888184
2020-11-06,0.782999992370605,0.837000012397766,0.782000005245209,0.819999992847443,0,0.819999992847443
2020-11-09,0.917999982833862,0.975000023841858,0.902999997138977,0.958000004291534,0,0.958000004291534
2020-11-10,0.949000000953674,0.97299998998642,0.939000010490417,0.972000002861023,0,0.972000002861023
2020-11-11,0.958000004291534,0.958000004291534,0.958000004291534,0.958000004291534,0,0.958000004291534
2020-11-12,0.936999976634979,0.936999976634979,0.883000016212463,0.884999990463257,0,0.884999990463257
2020-11-13,0.888000011444092,0.898000001907349,0.871999979019165,0.89300000667572,0,0.89300000667572
2020-11-16,0.916000008583069,0.921000003814697,0.896000027656555,0.906000018119812,0,0.906000018119812
2020-11-17,0.878000020980835,0.884999990463257,0.865000009536743,0.871999979019165,0,0.871999979019165
2020-11-18,0.853999972343445,0.89300000667572,0.851000010967255,0.882000029087067,0,0.882000029087067
2020-11-19,0.85699999332428,0.865000009536743,0.842000007629395,0.853999972343445,0,0.853999972343445
2020-11-20,0.828999996185303,0.850000023841858,0.825999975204468,0.828999996185303,0,0.828999996185303
2020-11-23,0.853999972343445,0.861999988555908,0.846000015735626,0.85699999332428,0,0.85699999332428
2020-11-24,0.873000025749207,0.888000011444092,0.865000009536743,0.882000029087067,0,0.882000029087067
2020-11-25,0.879999995231628,0.884999990463257,0.855000019073486,0.878000020980835,0,0.878000020980835
2020-11-27,0.85699999332428,0.864000022411346,0.83899998664856,0.842000007629395,0,0.842000007629395
2020-11-30,0.850000023841858,0.859000027179718,0.837000012397766,0.843999981880188,0,0.843999981880188
2020-12-01,0.85699999332428,0.938000023365021,0.85699999332428,0.934000015258789,0,0.934000015258789
2020-12-02,0.922999978065491,0.966000020503998,0.9200000166893,0.948000013828278,0,0.948000013828278
2020-12-03,0.939000010490417,0.940999984741211,0.910000026226044,0.9200000166893,0,0.9200000166893
2020-12-04,0.925000011920929,0.986000001430511,0.901000022888184,0.968999981880188,0,0.968999981880188
2020-12-07,0.948000013828278,0.948000013828278,0.925000011920929,0.927999973297119,0,0.927999973297119
2020-12-08,0.925000011920929,0.927999973297119,0.89300000667572,0.912999987602234,0,0.912999987602234
2020-12-09,0.943000018596649,0.958999991416931,0.925000011920929,0.940999984741211,0,0.940999984741211
2020-12-10,0.925999999046326,0.940999984741211,0.907999992370605,0.907999992370605,0,0.907999992370605
2020-12-11,0.89300000667572,0.899999976158142,0.873000025749207,0.89300000667572,0,0.89300000667572
2020-12-14,0.930000007152557,0.935999989509583,0.888000011444092,0.892000019550323,0,0.892000019550323
2020-12-15,0.901000022888184,0.925000011920929,0.901000022888184,0.922999978065491,0,0.922999978065491
2020-12-16,0.943000018596649,0.953000009059906,0.912999987602234,0.9200000166893,0,0.9200000166893
2020-12-17,0.921000003814697,0.944999992847443,0.892000019550323,0.930000007152557,0,0.930000007152557
2020-12-18,0.925999999046326,0.950999975204468,0.9200000166893,0.948000013828278,0,0.948000013828278
2020-12-21,0.899999976158142,0.948000013828278,0.894999980926514,0.940999984741211,0,0.940999984741211
2020-12-22,0.930999994277954,0.933000028133392,0.916000008583069,0.917999982833862,0,0.917999982833862
2020-12-23,0.9200000166893,0.97299998998642,0.917999982833862,0.9549999833107,0,0.9549999833107
2020-12-24,0.939999997615814,0.940999984741211,0.922999978065491,0.927999973297119,0,0.927999973297119
2020-12-28,0.953000009059906,0.958000004291534,0.930999994277954,0.933000028133392,0,0.933000028133392
2020-12-29,0.949999988079071,0.949999988079071,0.927999973297119,0.935000002384186,0,0.935000002384186
2020-12-30,0.943000018596649,0.944999992847443,0.925000011920929,0.925999999046326,0,0.925999999046326
2020-12-31,0.926999986171722,0.936999976634979,0.912000000476837,0.916999995708466,0,0.916999995708466
2021-01-04,0.935000002384186,0.953000009059906,0.907000005245209,0.916999995708466,0,0.916999995708466
2021-01-05,0.936999976634979,0.962999999523163,0.926999986171722,0.9549999833107,0,0.9549999833107
2021-01-06,1,1.05400002002716,1,1.04200005531311,0,1.04200005531311
2021-01-07,1.05599999427795,1.08800005912781,1.05400002002716,1.07099997997284,0,1.07099997997284
2021-01-08,1.08800005912781,1.12600004673004,1.07500004768372,1.10500001907349,0,1.10500001907349
2021-01-11,1.11500000953674,1.13800001144409,1.10000002384186,1.13199996948242,0,1.13199996948242
2021-01-12,1.16499996185303,1.18700003623962,1.13100004196167,1.13800001144409,0,1.13800001144409
2021-01-13,1.12899994850159,1.13300001621246,1.07299995422363,1.08800005912781,0,1.08800005912781
2021-01-14,1.10500001907349,1.13300001621246,1.08700001239777,1.12899994850159,0,1.12899994850159
2021-01-15,1.10399997234344,1.11899995803833,1.08500003814697,1.09700000286102,0,1.09700000286102
2021-01-19,1.11300003528595,1.11800003051758,1.08899998664856,1.09200000762939,0,1.09200000762939
2021-01-20,1.10599994659424,1.10599994659424,1.08700001239777,1.0900000333786,0,1.0900000333786
2021-01-21,1.10199999809265,1.12300002574921,1.09599995613098,1.10899996757507,0,1.10899996757507
2021-01-22,1.08700001239777,1.10099995136261,1.08200001716614,1.09099996089935,0,1.09099996089935
2021-01-25,1.06700003147125,1.07000005245209,1.0349999666214,1.03999996185303,0,1.03999996185303
2021-01-26,1.04799997806549,1.04999995231628,1.03299999237061,1.03999996185303,0,1.03999996185303
2021-01-27,1.02300000190735,1.02300000190735,1.00100004673004,1.01400005817413,0,1.01400005817413
2021-01-28,1.00800001621246,1.07000005245209,1.00800001621246,1.057000041008,0,1.057000041008
2021-01-29,1.08399999141693,1.10500001907349,1.06599998474121,1.09300005435944,0,1.09300005435944
2021-02-01,1.0789999961853,1.08800005912781,1.05999994277954,1.07700002193451,0,1.07700002193451
2021-02-02,1.11000001430511,1.11699998378754,1.09599995613098,1.10500001907349,0,1.10500001907349
2021-02-03,1.12399995326996,1.13199996948242,1.11300003528595,1.13100004196167,0,1.13100004196167
2021-02-04,1.14600002765656,1.16199994087219,1.1360000371933,1.13900005817413,0,1.13900005817413
2021-02-05,1.17200005054474,1.18799996376038,1.1360000371933,1.16999995708466,0,1.16999995708466
2021-02-08,1.19099998474121,1.192999958992,1.14999997615814,1.1599999666214,0,1.1599999666214
2021-02-09,1.14999997615814,1.15900003910065,1.13999998569489,1.15699994564056,0,1.15699994564056
2021-02-10,1.17400002479553,1.17599999904633,1.13100004196167,1.13300001621246,0,1.13300001621246
2021-02-11,1.15199995040894,1.16499996185303,1.13800001144409,1.15799999237061,0,1.15799999237061
2021-02-12,1.18299996852875,1.20200002193451,1.17799997329712,1.20000004768372,0,1.20000004768372
2021-02-16,1.24500000476837,1.30099999904633,1.24500000476837,1.29900002479553,0,1.29900002479553
2021-02-17,1.31400001049042,1.3309999704361,1.26900005340576,1.30099999904633,0,1.30099999904633
2021-02-18,1.30099999904633,1.317999958992,1.27699995040894,1.28699994087219,0,1.28699994087219
2021-02-19,1.31299996376038,1.36199998855591,1.30799996852875,1.34500002861023,0,1.34500002861023
2021-02-22,1.35899996757507,1.37000000476837,1.32599997520447,1.37000000476837,0,1.37000000476837
2021-02-23,1.35899996757507,1.38900005817413,1.34200000762939,1.36199998855591,0,1.36199998855591
2021-02-24,1.39600002765656,1.43499994277954,1.36899995803833,1.38900005817413,0,1.38900005817413
2021-02-25,1.4559999704361,1.6139999628067,1.432000041008,1.51800000667572,0,1.51800000667572
2021-02-26,1.47000002861023,1.51900005340576,1.43900001049042,1.46000003814697,0,1.46000003814697
2021-03-01,1.45099997520447,1.46000003814697,1.40699994564056,1.44599997997284,0,1.44599997997284
2021-03-02,1.44599997997284,1.45099997520447,1.40299999713898,1.41499996185303,0,1.41499996185303
2021-03-03,1.4650000333786,1.49800002574921,1.45500004291534,1.47000002861023,0,1.47000002861023
2021-03-04,1.46899998188019,1.55499994754791,1.45799994468689,1.54999995231628,0,1.54999995231628
2021-03-05,1.57700002193451,1.62600004673004,1.53999996185303,1.55400002002716,0,1.55400002002716
2021-03-08,1.59200000762939,1.60599994659424,1.57700002193451,1.59599995613098,0,1.59599995613098
2021-03-09,1.5440000295639,1.56299996376038,1.52799999713898,1.5460000038147,0,1.5460000038147
2021-03-10,1.56099998950958,1.56299996376038,1.50600004196167,1.51999998092651,0,1.51999998092651
2021-03-11,1.49699997901917,1.54700005054474,1.49699997901917,1.52699995040894,0,1.52699995040894
2021-03-12,1.59099996089935,1.64199995994568,1.58399999141693,1.63499999046326,0,1.63499999046326
2021-03-15,1.62699997425079,1.62699997425079,1.59500002861023,1.60699999332428,0,1.60699999332428
2021-03-16,1.59300005435944,1.62899994850159,1.58500003814697,1.62100005149841,0,1.62100005149841
2021-03-17,1.66199994087219,1.68900001049042,1.63199996948242,1.64100003242493,0,1.64100003242493
2021-03-18,1.73000001907349,1.75399994850159,1.72399997711182,1.73000001907349,0,1.73000001907349
2021-03-19,1.68900001049042,1.75,1.682000041008,1.73199999332428,0,1.73199999332428
2021-03-22,1.69799995422363,1.70200002193451,1.67499995231628,1.68400001525879,0,1.68400001525879
2021-03-23,1.64900004863739,1.66499996185303,1.63800001144409,1.63800001144409,0,1.63800001144409
2021-03-24,1.62800002098083,1.65100002288818,1.61199998855591,1.6139999628067,0,1.6139999628067
2021-03-25,1.60199999809265,1.64199995994568,1.59099996089935,1.6139999628067,0,1.6139999628067
2021-03-26,1.67200005054474,1.67599999904633,1.63399994373322,1.6599999666214,0,1.6599999666214
2021-03-29,1.64600002765656,1.72800004482269,1.64100003242493,1.72099995613098,0,1.72099995613098
2021-03-30,1.75100004673004,1.76499998569489,1.71700000762939,1.72599995136261,0,1.72599995136261
2021-03-31,1.71899998188019,1.75100004673004,1.70799994468689,1.74600005149841,0,1.74600005149841
2021-04-01,1.70500004291534,1.70700001716614,1.67200005054474,1.67900002002716,0,1.67900002002716
2021-04-05,1.74300003051758,1.74500000476837,1.7039999961853,1.72000002861023,0,1.72000002861023
2021-04-06,1.69500005245209,1.69500005245209,1.65299999713898,1.65600001811981,0,1.65600001811981
2021-04-07,1.6599999666214,1.66999995708466,1.63499999046326,1.65299999713898,0,1.65299999713898
2021-04-08,1.66199994087219,1.66199994087219,1.62800002098083,1.63199996948242,0,1.63199996948242
2021-04-09,1.6690000295639,1.68700003623962,1.63699996471405,1.66600000858307,0,1.66600000858307
2021-04-12,1.67499995231628,1.68499994277954,1.66400003433228,1.67499995231628,0,1.67499995231628
2021-04-13,1.67999994754791,1.69599997997284,1.62199997901917,1.62300002574921,0,1.62300002574921
2021-04-14,1.63100004196167,1.64999997615814,1.62899994850159,1.63800001144409,0,1.63800001144409
2021-04-15,1.61099994182587,1.61800003051758,1.52900004386902,1.52999997138977,0,1.52999997138977
2021-04-16,1.56400001049042,1.59800004959106,1.56400001049042,1.57299995422363,0,1.57299995422363
2021-04-19,1.58700001239777,1.61500000953674,1.58000004291534,1.60099995136261,0,1.60099995136261
2021-04-20,1.59399998188019,1.61199998855591,1.557000041008,1.56200003623962,0,1.56200003623962
2021-04-21,1.567999958992,1.58399999141693,1.55400002002716,1.56400001049042,0,1.56400001049042
2021-04-22,1.57700002193451,1.58700001239777,1.54299998283386,1.55400002002716,0,1.55400002002716
2021-04-23,1.5440000295639,1.5809999704361,1.53100001811981,1.56700003147125,0,1.56700003147125
2021-04-26,1.59500002861023,1.59500002861023,1.55599999427795,1.57000005245209,0,1.57000005245209
2021-04-27,1.5809999704361,1.62699997425079,1.57000005245209,1.62199997901917,0,1.62199997901917
2021-04-28,1.63800001144409,1.65900003910065,1.61300003528595,1.62000000476837,0,1.62000000476837
2021-04-29,1.66499996185303,1.68799996376038,1.63999998569489,1.63999998569489,0,1.63999998569489
2021-04-30,1.64199995994568,1.65299999713898,1.62199997901917,1.63100004196167,0,1.63100004196167
2021-05-03,1.65100002288818,1.65100002288818,1.57799994945526,1.60699999332428,0,1.60699999332428
2021-05-04,1.60300004482269,1.60300004482269,1.557000041008,1.59200000762939,0,1.59200000762939
2021-05-05,1.60699999332428,1.62600004673004,1.58200001716614,1.58399999141693,0,1.58399999141693
2021-05-06,1.57700002193451,1.59099996089935,1.557000041008,1.56099998950958,0,1.56099998950958
2021-05-07,1.57000005245209,1.58399999141693,1.47099995613098,1.57700002193451,0,1.57700002193451
2021-05-10,1.57700002193451,1.60699999332428,1.55999994277954,1.60199999809265,0,1.60199999809265
2021-05-11,1.60399997234344,1.63100004196167,1.60199999809265,1.62399995326996,0,1.62399995326996
2021-05-12,1.61699998378754,1.69500005245209,1.61699998378754,1.69500005245209,0,1.69500005245209
2021-05-13,1.69000005722046,1.70000004768372,1.65699994564056,1.66799998283386,0,1.66799998283386
2021-05-14,1.63900005817413,1.65100002288818,1.625,1.63499999046326,0,1.63499999046326
2021-05-17,1.63499999046326,1.64699995517731,1.62800002098083,1.63999998569489,0,1.63999998569489
2021-05-18,1.63900005817413,1.65699994564056,1.62800002098083,1.64199995994568,0,1.64199995994568
2021-05-19,1.65600001811981,1.69200003147125,1.62000000476837,1.68299996852875,0,1.68299996852875
2021-05-20,1.66400003433228,1.66600000858307,1.62699997425079,1.63399994373322,0,1.63399994373322
2021-05-21,1.62199997901917,1.63900005817413,1.61300003528595,1.63199996948242,0,1.63199996948242
2021-05-24,1.61099994182587,1.62199997901917,1.59800004959106,1.60800004005432,0,1.60800004005432
2021-05-25,1.59099996089935,1.60000002384186,1.56200003623962,1.56400001049042,0,1.56400001049042
2021-05-26,1.55999994277954,1.58299994468689,1.55200004577637,1.57400000095367,0,1.57400000095367
2021-05-27,1.61099994182587,1.625,1.60500001907349,1.61000001430511,0,1.61000001430511
2021-05-28,1.61000001430511,1.61800003051758,1.5789999961853,1.5809999704361,0,1.5809999704361
2021-06-01,1.625,1.63900005817413,1.60800004005432,1.61500000953674,0,1.61500000953674
2021-06-02,1.60500001907349,1.60599994659424,1.58800005912781,1.59099996089935,0,1.59099996089935
2021-06-03,1.60099995136261,1.62999999523163,1.59599995613098,1.625,0,1.625
2021-06-04,1.62699997425079,1.63499999046326,1.557000041008,1.55999994277954,0,1.55999994277954
2021-06-07,1.5809999704361,1.58200001716614,1.56400001049042,1.56900000572205,0,1.56900000572205
2021-06-08,1.53600001335144,1.53600001335144,1.51300001144409,1.52799999713898,0,1.52799999713898
2021-06-09,1.50300002098083,1.50800001621246,1.47200000286102,1.4889999628067,0,1.4889999628067
2021-06-10,1.50300002098083,1.53299999237061,1.45899999141693,1.45899999141693,0,1.45899999141693
2021-06-11,1.45200002193451,1.47200000286102,1.45000004768372,1.46200001239777,0,1.46200001239777
2021-06-14,1.46399998664856,1.50199997425079,1.45899999141693,1.50100004673004,0,1.50100004673004
2021-06-15,1.49399995803833,1.51300001144409,1.48599994182587,1.49899995326996,0,1.49899995326996
2021-06-16,1.4889999628067,1.59399998188019,1.48399996757507,1.56900000572205,0,1.56900000572205
2021-06-17,1.56900000572205,1.57500004768372,1.47200000286102,1.5110000371933,0,1.5110000371933
2021-06-18,1.50699996948242,1.52100002765656,1.43799996376038,1.45000004768372,0,1.45000004768372
2021-06-21,1.45200002193451,1.49199998378754,1.45200002193451,1.48399996757507,0,1.48399996757507
2021-06-22,1.49500000476837,1.50899994373322,1.47000002861023,1.47200000286102,0,1.47200000286102
2021-06-23,1.46800005435944,1.49899995326996,1.4650000333786,1.48699998855591,0,1.48699998855591
2021-06-24,1.48399996757507,1.49699997901917,1.47699999809265,1.48699998855591,0,1.48699998855591
2021-06-25,1.48699998855591,1.54499995708466,1.47800004482269,1.53600001335144,0,1.53600001335144
2021-06-28,1.50899994373322,1.51199996471405,1.47099995613098,1.47800004482269,0,1.47800004482269
2021-06-29,1.49199998378754,1.50999999046326,1.47800004482269,1.48000001907349,0,1.48000001907349
2021-06-30,1.45299994945526,1.46599996089935,1.43799996376038,1.442999958992,0,1.442999958992
2021-07-01,1.47099995613098,1.48500001430511,1.4539999961853,1.48000001907349,0,1.48000001907349
2021-07-02,1.44400000572205,1.46800005435944,1.42599999904633,1.43099999427795,0,1.43099999427795
2021-07-06,1.42400002479553,1.42700004577637,1.35199999809265,1.37000000476837,0,1.37000000476837
2021-07-07,1.32500004768372,1.34300005435944,1.2960000038147,1.32099997997284,0,1.32099997997284
2021-07-08,1.28100001811981,1.30599999427795,1.26800000667572,1.28799998760223,0,1.28799998760223
2021-07-09,1.33800005912781,1.36000001430511,1.33299994468689,1.35599994659424,0,1.35599994659424
2021-07-12,1.34300005435944,1.37600004673004,1.33800005912781,1.36300003528595,0,1.36300003528595
2021-07-13,1.35099995136261,1.41999995708466,1.34300005435944,1.41499996185303,0,1.41499996185303
2021-07-14,1.38100004196167,1.3860000371933,1.35399997234344,1.35599994659424,0,1.35599994659424
2021-07-15,1.3289999961853,1.34899997711182,1.29200005531311,1.29700005054474,0,1.29700005054474
2021-07-16,1.31500005722046,1.33599996566772,1.29900002479553,1.29999995231628,0,1.29999995231628
2021-07-19,1.22699999809265,1.22699999809265,1.17599999904633,1.18099999427795,0,1.18099999427795
2021-07-20,1.17999994754791,1.22399997711182,1.12800002098083,1.20899999141693,0,1.20899999141693
2021-07-21,1.24300003051758,1.30299997329712,1.23300004005432,1.27999997138977,0,1.27999997138977
2021-07-22,1.28699994087219,1.29499995708466,1.23300004005432,1.26499998569489,0,1.26499998569489
2021-07-23,1.29999995231628,1.31200003623962,1.28100001811981,1.28600001335144,0,1.28600001335144
2021-07-26,1.25499999523163,1.2849999666214,1.25100004673004,1.27600002288818,0,1.27600002288818
2021-07-27,1.25300002098083,1.25399994850159,1.22899997234344,1.23399996757507,0,1.23399996757507
2021-07-28,1.26600003242493,1.27799999713898,1.24600005149841,1.2610000371933,0,1.2610000371933
2021-07-29,1.26400005817413,1.28400003910065,1.24399995803833,1.26900005340576,0,1.26900005340576
2021-07-30,1.23599994182587,1.25100004673004,1.22599995136261,1.2389999628067,0,1.2389999628067
2021-08-02,1.23099994659424,1.23099994659424,1.15100002288818,1.17400002479553,0,1.17400002479553
2021-08-03,1.17700004577637,1.18099999427795,1.15400004386902,1.17599999904633,0,1.17599999904633
2021-08-04,1.17200005054474,1.2150000333786,1.12899994850159,1.18400001525879,0,1.18400001525879
2021-08-05,1.182000041008,1.22699999809265,1.17900002002716,1.21700000762939,0,1.21700000762939
2021-08-06,1.25199997425079,1.29999995231628,1.24699997901917,1.28999996185303,0,1.28999996185303
2021-08-09,1.27799999713898,1.32400000095367,1.26800000667572,1.31700003147125,0,1.31700003147125
2021-08-10,1.32000005245209,1.34899997711182,1.31200003623962,1.34200000762939,0,1.34200000762939
2021-08-11,1.36800003051758,1.37100005149841,1.30200004577637,1.3289999961853,0,1.3289999961853
2021-08-12,1.35699999332428,1.37899994850159,1.35099995136261,1.36699998378754,0,1.36699998378754
2021-08-13,1.35199999809265,1.35899996757507,1.29299998283386,1.29700005054474,0,1.29700005054474
2021-08-16,1.27300000190735,1.28199994564056,1.22500002384186,1.25699996948242,0,1.25699996948242
2021-08-17,1.22699999809265,1.27199995517731,1.22300004959106,1.25800001621246,0,1.25800001621246
2021-08-18,1.27699995040894,1.29900002479553,1.26300001144409,1.27300000190735,0,1.27300000190735
2021-08-19,1.23699998855591,1.25699996948242,1.23199999332428,1.24199998378754,0,1.24199998378754
2021-08-20,1.23000001907349,1.26699995994568,1.22800004482269,1.25999999046326,0,1.25999999046326
2021-08-23,1.26699995994568,1.27300000190735,1.25199997425079,1.25499999523163,0,1.25499999523163
2021-08-24,1.26300001144409,1.29200005531311,1.25999999046326,1.28999996185303,0,1.28999996185303
2021-08-25,1.307000041008,1.35099995136261,1.28999996185303,1.34200000762939,0,1.34200000762939
2021-08-26,1.36099994182587,1.375,1.34099996089935,1.34200000762939,0,1.34200000762939
2021-08-27,1.34399998188019,1.35899996757507,1.30999994277954,1.31200003623962,0,1.31200003623962
2021-08-30,1.30999994277954,1.31200003623962,1.2849999666214,1.2849999666214,0,1.2849999666214
2021-08-31,1.29200005531311,1.31400001049042,1.26999998092651,1.30400002002716,0,1.30400002002716
2021-09-01,1.31099998950958,1.32200002670288,1.28400003910065,1.30200004577637,0,1.30200004577637
2021-09-02,1.28699994087219,1.30400002002716,1.2849999666214,1.2940000295639,0,1.2940000295639
2021-09-03,1.29700005054474,1.33599996566772,1.26999998092651,1.32200002670288,0,1.32200002670288
2021-09-07,1.36600005626678,1.38499999046326,1.35800004005432,1.37000000476837,0,1.37000000476837
2021-09-08,1.34800004959106,1.36300003528595,1.32700002193451,1.33399999141693,0,1.33399999141693
2021-09-09,1.33800005912781,1.34599995613098,1.28699994087219,1.29900002479553,0,1.29900002479553
2021-09-10,1.31900000572205,1.35500001907349,1.31700003147125,1.34099996089935,0,1.34099996089935
2021-09-13,1.33800005912781,1.33800005912781,1.31599998474121,1.32400000095367,0,1.32400000095367
2021-09-14,1.34599995613098,1.35000002384186,1.26499998569489,1.27699995040894,0,1.27699995040894
2021-09-15,1.27400004863739,1.31900000572205,1.25999999046326,1.30400002002716,0,1.30400002002716
2021-09-16,1.31200003623962,1.35099995136261,1.30900001525879,1.3309999704361,0,1.3309999704361
2021-09-17,1.3400000333786,1.3860000371933,1.33599996566772,1.37000000476837,0,1.37000000476837
2021-09-20,1.30900001525879,1.33800005912781,1.29700005054474,1.30900001525879,0,1.30900001525879
2021-09-21,1.32400000095367,1.32599997520447,1.30599999427795,1.32400000095367,0,1.32400000095367
2021-09-22,1.33599996566772,1.33800005912781,1.29700005054474,1.33599996566772,0,1.33599996566772
2021-09-23,1.33800005912781,1.41100001335144,1.33599996566772,1.4099999666214,0,1.4099999666214
2021-09-24,1.42299997806549,1.46599996089935,1.42200005054474,1.46000003814697,0,1.46000003814697
2021-09-27,1.49600005149841,1.51699995994568,1.47000002861023,1.48399996757507,0,1.48399996757507
2021-09-28,1.53699994087219,1.56700003147125,1.51499998569489,1.53400003910065,0,1.53400003910065
2021-09-29,1.51699995994568,1.55299997329712,1.49800002574921,1.54100000858307,0,1.54100000858307
2021-09-30,1.53799998760223,1.55499994754791,1.51199996471405,1.52900004386902,0,1.52900004386902
2021-10-01,1.49600005149841,1.50499999523163,1.47399997711182,1.47899997234344,0,1.47899997234344
2021-10-04,1.48599994182587,1.50800001621246,1.46300005912781,1.48099994659424,0,1.48099994659424
2021-10-05,1.49100005626678,1.53799998760223,1.4889999628067,1.52900004386902,0,1.52900004386902
2021-10-06,1.54299998283386,1.54299998283386,1.50899994373322,1.52400004863739,0,1.52400004863739
2021-10-07,1.52900004386902,1.57299995422363,1.52900004386902,1.57099997997284,0,1.57099997997284
2021-10-08,1.57500004768372,1.61699998378754,1.55799996852875,1.60500001907349,0,1.60500001907349
2021-10-11,1.6139999628067,1.6139999628067,1.6139999628067,1.6139999628067,0,1.6139999628067
2021-10-12,1.60000002384186,1.61500000953674,1.57700002193451,1.58000004291534,0,1.58000004291534
2021-10-13,1.56500005722046,1.60000002384186,1.52600002288818,1.54900002479553,0,1.54900002479553
2021-10-14,1.53699994087219,1.5460000038147,1.50699996948242,1.51900005340576,0,1.51900005340576
2021-10-15,1.54200005531311,1.57700002193451,1.53900003433228,1.57599997520447,0,1.57599997520447
2021-10-18,1.59899997711182,1.62699997425079,1.57700002193451,1.58399999141693,0,1.58399999141693
2021-10-19,1.59300005435944,1.6360000371933,1.59300005435944,1.63499999046326,0,1.63499999046326
2021-10-20,1.62300002574921,1.65299999713898,1.62000000476837,1.6360000371933,0,1.6360000371933
2021-10-21,1.67499995231628,1.68299996852875,1.64499998092651,1.67599999904633,0,1.67599999904633
2021-10-22,1.68700003623962,1.69099998474121,1.6360000371933,1.65499997138977,0,1.65499997138977
2021-10-25,1.65400004386902,1.67299997806549,1.62000000476837,1.63499999046326,0,1.63499999046326
2021-10-26,1.61800003051758,1.65400004386902,1.61699998378754,1.61899995803833,0,1.61899995803833
2021-10-27,1.58299994468689,1.59899997711182,1.51999998092651,1.52900004386902,0,1.52900004386902
2021-10-28,1.54100000858307,1.58200001716614,1.52999997138977,1.567999958992,0,1.567999958992
2021-10-29,1.60500001907349,1.61899995803833,1.55400002002716,1.557000041008,0,1.557000041008
2021-11-01,1.58700001239777,1.60500001907349,1.56099998950958,1.57500004768372,0,1.57500004768372
2021-11-02,1.55599999427795,1.57000005245209,1.52799999713898,1.54900002479553,0,1.54900002479553
2021-11-03,1.5349999666214,1.60199999809265,1.52999997138977,1.5789999961853,0,1.5789999961853
2021-11-04,1.567999958992,1.5789999961853,1.50899994373322,1.52400004863739,0,1.52400004863739
2021-11-05,1.52600002288818,1.54700005054474,1.45000004768372,1.45299994945526,0,1.45299994945526
2021-11-08,1.48300004005432,1.50399994850159,1.46000003814697,1.49699997901917,0,1.49699997901917
2021-11-09,1.46399998664856,1.46899998188019,1.41499996185303,1.432000041008,0,1.432000041008
2021-11-10,1.47300004959106,1.59200000762939,1.46399998664856,1.55999994277954,0,1.55999994277954
2021-11-11,1.55999994277954,1.55999994277954,1.55999994277954,1.55999994277954,0,1.55999994277954
2021-11-12,1.57200002670288,1.58899998664856,1.54100000858307,1.58200001716614,0,1.58200001716614
2021-11-15,1.55299997329712,1.625,1.54900002479553,1.62300002574921,0,1.62300002574921
2021-11-16,1.60099995136261,1.63699996471405,1.59899997711182,1.63399994373322,0,1.63399994373322
2021-11-17,1.64100003242493,1.64600002765656,1.59899997711182,1.60399997234344,0,1.60399997234344
2021-11-18,1.59599995613098,1.61300003528595,1.57700002193451,1.58899998664856,0,1.58899998664856
2021-11-19,1.52900004386902,1.557000041008,1.52100002765656,1.53600001335144,0,1.53600001335144
2021-11-22,1.57500004768372,1.62699997425079,1.57000005245209,1.625,0,1.625
2021-11-23,1.65499997138977,1.6690000295639,1.63900005817413,1.66700005531311,0,1.66700005531311
2021-11-24,1.66499996185303,1.692999958992,1.63900005817413,1.64499998092651,0,1.64499998092651
2021-11-26,1.53799998760223,1.54299998283386,1.47300004959106,1.48199999332428,0,1.48199999332428
2021-11-29,1.54700005054474,1.56500005722046,1.5110000371933,1.52999997138977,0,1.52999997138977
2021-11-30,1.44400000572205,1.5,1.41199994087219,1.442999958992,0,1.442999958992
2021-12-01,1.48199999332428,1.49699997901917,1.43099999427795,1.43400001525879,0,1.43400001525879
2021-12-02,1.42200005054474,1.4650000333786,1.40900003910065,1.44799995422363,0,1.44799995422363
2021-12-03,1.42400002479553,1.47000002861023,1.34300005435944,1.34300005435944,0,1.34300005435944
2021-12-06,1.38999998569489,1.44099998474121,1.37000000476837,1.43400001525879,0,1.43400001525879
2021-12-07,1.45299994945526,1.48199999332428,1.43900001049042,1.48000001907349,0,1.48000001907349
2021-12-08,1.49000000953674,1.53699994087219,1.4889999628067,1.50899994373322,0,1.50899994373322
2021-12-09,1.48399996757507,1.50800001621246,1.47200000286102,1.48699998855591,0,1.48699998855591
2021-12-10,1.50899994373322,1.51999998092651,1.45099997520447,1.4889999628067,0,1.4889999628067
2021-12-13,1.46800005435944,1.47200000286102,1.41400003433228,1.42400002479553,0,1.42400002479553
2021-12-14,1.43900001049042,1.47200000286102,1.4210000038147,1.43799996376038,0,1.43799996376038
2021-12-15,1.44599997997284,1.48399996757507,1.43599998950958,1.46300005912781,0,1.46300005912781
2021-12-16,1.47200000286102,1.47899997234344,1.41600000858307,1.42200005054474,0,1.42200005054474
2021-12-17,1.39499998092651,1.41199994087219,1.37199997901917,1.40199995040894,0,1.40199995040894
2021-12-20,1.38699996471405,1.4210000038147,1.375,1.4190000295639,0,1.4190000295639
2021-12-21,1.45000004768372,1.49800002574921,1.44799995422363,1.48699998855591,0,1.48699998855591
2021-12-22,1.47699999809265,1.48099994659424,1.44799995422363,1.45700001716614,0,1.45700001716614
2021-12-23,1.47599995136261,1.50100004673004,1.45799994468689,1.49300003051758,0,1.49300003051758
2021-12-27,1.4889999628067,1.49399995803833,1.47599995136261,1.48099994659424,0,1.48099994659424
2021-12-28,1.48599994182587,1.4889999628067,1.45500004291534,1.48099994659424,0,1.48099994659424
2021-12-29,1.50499999523163,1.55799996852875,1.50499999523163,1.54299998283386,0,1.54299998283386
2021-12-30,1.53100001811981,1.54999995231628,1.51300001144409,1.51499998569489,0,1.51499998569489
2021-12-31,1.50499999523163,1.52199995517731,1.49100005626678,1.51199996471405,0,1.51199996471405
2022-01-03,1.53400003910065,1.63499999046326,1.53299999237061,1.62800002098083,0,1.62800002098083
2022-01-04,1.66299998760223,1.68599998950958,1.65400004386902,1.66799998283386,0,1.66799998283386
2022-01-05,1.6599999666214,1.71000003814697,1.64699995517731,1.70500004291534,0,1.70500004291534
2022-01-06,1.73300004005432,1.74399995803833,1.72099995613098,1.73300004005432,0,1.73300004005432
2022-01-07,1.7389999628067,1.80099999904633,1.72699999809265,1.77100002765656,0,1.77100002765656
2022-01-10,1.77499997615814,1.80799996852875,1.76699995994568,1.77999997138977,0,1.77999997138977
2022-01-11,1.75999999046326,1.7849999666214,1.74500000476837,1.74600005149841,0,1.74600005149841
2022-01-12,1.73199999332428,1.74600005149841,1.71099996566772,1.72500002384186,0,1.72500002384186
2022-01-13,1.73800003528595,1.74600005149841,1.70799994468689,1.71099996566772,0,1.71099996566772
2022-01-14,1.72599995136261,1.77499997615814,1.7059999704361,1.77199995517731,0,1.77199995517731
2022-01-18,1.82700002193451,1.86600005626678,1.81299996376038,1.86500000953674,0,1.86500000953674
2022-01-19,1.85800004005432,1.87399995326996,1.82200002670288,1.82700002193451,0,1.82700002193451
2022-01-20,1.8289999961853,1.84500002861023,1.82000005245209,1.83299994468689,0,1.83299994468689
2022-01-21,1.77199995517731,1.7849999666214,1.73300004005432,1.74699997901917,0,1.74699997901917
2022-01-24,1.73199999332428,1.73699998855591,1.70700001716614,1.73500001430511,0,1.73500001430511
2022-01-25,1.77400004863739,1.78699994087219,1.73000001907349,1.78299999237061,0,1.78299999237061
2022-01-26,1.7849999666214,1.85699999332428,1.77100002765656,1.84800004959106,0,1.84800004959106
2022-01-27,1.83000004291534,1.84200000762939,1.78199994564056,1.807000041008,0,1.807000041008
2022-01-28,1.83399999141693,1.84800004959106,1.77699995040894,1.78199994564056,0,1.78199994564056
2022-01-31,1.80299997329712,1.81599998474121,1.77300000190735,1.78199994564056,0,1.78199994564056
2022-02-01,1.75,1.82000005245209,1.75,1.79999995231628,0,1.79999995231628
2022-02-02,1.77699995040894,1.81099998950958,1.74300003051758,1.76600003242493,0,1.76600003242493
2022-02-03,1.79799997806549,1.84700000286102,1.79700005054474,1.82700002193451,0,1.82700002193451
2022-02-04,1.81299996376038,1.93599998950958,1.80999994277954,1.92999994754791,0,1.92999994754791
2022-02-07,1.9210000038147,1.93900001049042,1.9099999666214,1.91600000858307,0,1.91600000858307
2022-02-08,1.942999958992,1.97099995613098,1.942999958992,1.9539999961853,0,1.9539999961853
2022-02-09,1.93599998950958,1.94700002670288,1.90900003910065,1.92900002002716,0,1.92900002002716
2022-02-10,1.92900002002716,2.04999995231628,1.92700004577637,2.03099989891052,0,2.03099989891052
2022-02-11,2.00699996948242,2.06299996376038,1.93400001525879,1.95500004291534,0,1.95500004291534
2022-02-14,1.96300005912781,2.02600002288818,1.95500004291534,1.99600005149841,0,1.99600005149841
2022-02-15,2.03299999237061,2.05599999427795,2.0239999294281,2.04500007629395,0,2.04500007629395
2022-02-16,2.03500008583069,2.06500005722046,2.00699996948242,2.04699993133545,0,2.04699993133545
2022-02-17,2.00200009346008,2.01399993896484,1.95299994945526,1.97200000286102,0,1.97200000286102
2022-02-18,1.96000003814697,1.96000003814697,1.91799998283386,1.932000041008,0,1.932000041008
2022-02-22,1.94400000572205,1.96000003814697,1.91999995708466,1.94799995422363,0,1.94799995422363
2022-02-23,1.98099994659424,2,1.95500004291534,1.97699999809265,0,1.97699999809265
2022-02-24,1.88199996948242,1.96899998188019,1.85599994659424,1.96899998188019,0,1.96899998188019
2022-02-25,1.99800002574921,2.01099991798401,1.96300005912781,1.98599994182587,0,1.98599994182587
2022-02-28,1.91700005531311,1.91999995708466,1.83899998664856,1.83899998664856,0,1.83899998664856
2022-03-01,1.73399996757507,1.7940000295639,1.682000041008,1.70700001716614,0,1.70700001716614
2022-03-02,1.77699995040894,1.86800003051758,1.75999999046326,1.86500000953674,0,1.86500000953674
2022-03-03,1.84700000286102,1.89699995517731,1.83000004291534,1.84399998188019,0,1.84399998188019
2022-03-04,1.7940000295639,1.81599998474121,1.70000004768372,1.72399997711182,0,1.72399997711182
2022-03-07,1.77300000190735,1.80599999427795,1.71899998188019,1.75100004673004,0,1.75100004673004
2022-03-08,1.85099995136261,1.87699997425079,1.83500003814697,1.87199997901917,0,1.87199997901917
2022-03-09,1.91100001335144,1.95000004768372,1.89199995994568,1.94799995422363,0,1.94799995422363
2022-03-10,1.97399997711182,2.02099990844727,1.94599997997284,2.01099991798401,0,2.01099991798401
2022-03-11,2.01099991798401,2.01999998092651,1.97599995136261,2.00399994850159,0,2.00399994850159
2022-03-14,2.07800006866455,2.14000010490417,2.06900000572205,2.14000010490417,0,2.14000010490417
2022-03-15,2.11899995803833,2.16199994087219,2.07800006866455,2.16000008583069,0,2.16000008583069
2022-03-16,2.16899991035461,2.24600005149841,2.1489999294281,2.18799996376038,0,2.18799996376038
2022-03-17,2.14199995994568,2.19400000572205,2.13499999046326,2.19199991226196,0,2.19199991226196
2022-03-18,2.15100002288818,2.17799997329712,2.13700008392334,2.14800000190735,0,2.14800000190735
2022-03-21,2.20700001716614,2.31500005722046,2.20700001716614,2.31500005722046,0,2.31500005722046
2022-03-22,2.35500001907349,2.39000010490417,2.33299994468689,2.37299990653992,0,2.37299990653992
2022-03-23,2.37400007247925,2.39499998092651,2.29900002479553,2.32100009918213,0,2.32100009918213
2022-03-24,2.36800003051758,2.38599991798401,2.32599997520447,2.34100008010864,0,2.34100008010864
2022-03-25,2.35899996757507,2.50300002098083,2.35400009155273,2.49200010299683,0,2.49200010299683
2022-03-28,2.46399998664856,2.48099994659424,2.41400003433228,2.47699999809265,0,2.47699999809265
2022-03-29,2.49600005149841,2.49600005149841,2.38000011444092,2.40000009536743,0,2.40000009536743
2022-03-30,2.40199995040894,2.43499994277954,2.34500002861023,2.35800004005432,0,2.35800004005432
2022-03-31,2.32200002670288,2.3510000705719,2.31100010871887,2.32699990272522,0,2.32699990272522
2022-04-01,2.40400004386902,2.45600008964539,2.35700011253357,2.37700009346008,0,2.37700009346008
2022-04-04,2.40400004386902,2.43400001525879,2.37100005149841,2.41199994087219,0,2.41199994087219
2022-04-05,2.48000001907349,2.56699991226196,2.44700002670288,2.55599999427795,0,2.55599999427795
2022-04-06,2.62800002098083,2.64100003242493,2.56800007820129,2.60899996757507,0,2.60899996757507
2022-04-07,2.63000011444092,2.67300009727478,2.60899996757507,2.65199995040894,0,2.65199995040894
2022-04-08,2.68899989128113,2.7279999256134,2.66799998283386,2.71300005912781,0,2.71300005912781
2022-04-11,2.76900005340576,2.79200005531311,2.73399996757507,2.77999997138977,0,2.77999997138977
2022-04-12,2.76099991798401,2.77099990844727,2.67400002479553,2.72499990463257,0,2.72499990463257
2022-04-13,2.74600005149841,2.76099991798401,2.64599990844727,2.68700003623962,0,2.68700003623962
2022-04-14,2.66700005531311,2.83500003814697,2.66700005531311,2.82800006866455,0,2.82800006866455
2022-04-18,2.86199998855591,2.86800003051758,2.80999994277954,2.86199998855591,0,2.86199998855591
2022-04-19,2.88000011444092,2.9300000667572,2.88000011444092,2.91300010681152,0,2.91300010681152
2022-04-20,2.88000011444092,2.90300011634827,2.81900000572205,2.83999991416931,0,2.83999991416931
2022-04-21,2.85400009155273,2.9539999961853,2.84599995613098,2.91700005531311,0,2.91700005531311
2022-04-22,2.93400001525879,2.93799996376038,2.86400008201599,2.90599989891052,0,2.90599989891052
2022-04-25,2.83699989318848,2.84299993515015,2.75999999046326,2.82599997520447,0,2.82599997520447
2022-04-26,2.76099991798401,2.78200006484985,2.72399997711182,2.7720000743866,0,2.7720000743866
2022-04-27,2.75300002098083,2.8199999332428,2.73000001907349,2.81800007820129,0,2.81800007820129
2022-04-28,2.86700010299683,2.88800001144409,2.83599996566772,2.86299991607666,0,2.86299991607666
2022-04-29,2.85400009155273,2.93400001525879,2.85400009155273,2.88700008392334,0,2.88700008392334
2022-05-02,2.92199993133545,3.00200009346008,2.90700006484985,2.99600005149841,0,2.99600005149841
2022-05-03,2.95799994468689,2.96900010108948,2.91300010681152,2.96000003814697,0,2.96000003814697
2022-05-04,2.96199989318848,3.01099991798401,2.91100001335144,2.91700005531311,0,2.91700005531311
2022-05-05,2.93499994277954,3.10800004005432,2.92700004577637,3.06599998474121,0,3.06599998474121
2022-05-06,3.0789999961853,3.13100004196167,3.04299998283386,3.12299990653992,0,3.12299990653992
2022-05-09,3.16300010681152,3.16700005531311,3.06900000572205,3.0789999961853,0,3.0789999961853
2022-05-10,2.9909999370575,3.00500011444092,2.94199991226196,2.99300003051758,0,2.99300003051758
2022-05-11,2.9539999961853,3.07599997520447,2.90700006484985,2.9210000038147,0,2.9210000038147
2022-05-12,2.84100008010864,2.88000011444092,2.81699991226196,2.81699991226196,0,2.81699991226196
2022-05-13,2.91100001335144,2.94199991226196,2.88800001144409,2.93499994277954,0,2.93499994277954
2022-05-16,2.92899990081787,2.93300008773804,2.8529999256134,2.87700009346008,0,2.87700009346008
2022-05-17,2.90899991989136,2.98399996757507,2.90899991989136,2.96799993515015,0,2.96799993515015
2022-05-18,2.99499988555908,3.01399993896484,2.87899994850159,2.88599991798401,0,2.88599991798401
2022-05-19,2.82599997520447,2.85899996757507,2.7720000743866,2.85500001907349,0,2.85500001907349
2022-05-20,2.8510000705719,2.86100006103516,2.7739999294281,2.78699994087219,0,2.78699994087219
2022-05-23,2.83200001716614,2.86800003051758,2.80100011825562,2.85899996757507,0,2.85899996757507
2022-05-24,2.81399989128113,2.82800006866455,2.71799993515015,2.75999999046326,0,2.75999999046326
2022-05-25,2.73600006103516,2.76999998092651,2.70799994468689,2.74900007247925,0,2.74900007247925
2022-05-26,2.74300003051758,2.79500007629395,2.72900009155273,2.75600004196167,0,2.75600004196167
2022-05-27,2.72399997711182,2.75200009346008,2.70900011062622,2.74300003051758,0,2.74300003051758
2022-05-31,2.82999992370605,2.87700009346008,2.82800006866455,2.84400010108948,0,2.84400010108948
2022-06-01,2.87100005149841,2.95199990272522,2.83299994468689,2.93099999427795,0,2.93099999427795
2022-06-02,2.91000008583069,2.94199991226196,2.88899993896484,2.91300010681152,0,2.91300010681152
2022-06-03,2.92000007629395,2.98600006103516,2.91899991035461,2.95700001716614,0,2.95700001716614
2022-06-06,2.97000002861023,3.03999996185303,2.96099996566772,3.03800010681152,0,3.03800010681152
2022-06-07,3.02900004386902,3.02900004386902,2.95700001716614,2.97199988365173,0,2.97199988365173
2022-06-08,3.0090000629425,3.03999996185303,2.98799991607666,3.02900004386902,0,3.02900004386902
2022-06-09,3.05299997329712,3.07299995422363,3.01999998092651,3.04399991035461,0,3.04399991035461
2022-06-10,3.03999996185303,3.17799997329712,2.99399995803833,3.15599989891052,0,3.15599989891052
2022-06-13,3.28200006484985,3.3659999370575,3.24600005149841,3.3659999370575,0,3.3659999370575
2022-06-14,3.34899997711182,3.48300004005432,3.30299997329712,3.48300004005432,0,3.48300004005432
2022-06-15,3.38299989700317,3.44799995422363,3.35400009155273,3.39499998092651,0,3.39499998092651
2022-06-16,3.43899989128113,3.45000004768372,3.30699992179871,3.30699992179871,0,3.30699992179871
2022-06-17,3.21199989318848,3.31299996376038,3.19700002670288,3.23900008201599,0,3.23900008201599
2022-06-21,3.28299999237061,3.31699991226196,3.25799989700317,3.30699992179871,0,3.30699992179871
2022-06-22,3.20099997520447,3.20499992370605,3.12599992752075,3.15599989891052,0,3.15599989891052
2022-06-23,3.11700010299683,3.12400007247925,3.00500011444092,3.06800007820129,0,3.06800007820129
2022-06-24,3.11700010299683,3.14100003242493,3.05699992179871,3.125,0,3.125
2022-06-27,3.18300008773804,3.21900010108948,3.15300011634827,3.19400000572205,0,3.19400000572205
2022-06-28,3.24000000953674,3.25300002098083,3.18499994277954,3.20600008964539,0,3.20600008964539
2022-06-29,3.1489999294281,3.18700003623962,3.09299993515015,3.09299993515015,0,3.09299993515015
2022-06-30,3.03500008583069,3.04099988937378,2.97199988365173,2.97199988365173,0,2.97199988365173
2022-07-01,2.93199992179871,2.93199992179871,2.79099988937378,2.88899993896484,0,2.88899993896484
2022-07-05,2.87100005149841,2.87100005149841,2.77999997138977,2.80900001525879,0,2.80900001525879
2022-07-06,2.78399991989136,2.92400002479553,2.74600005149841,2.91300010681152,0,2.91300010681152
2022-07-07,2.93700003623962,3.01699995994568,2.92799997329712,3.00799989700317,0,3.00799989700317
2022-07-08,2.98399996757507,3.1010000705719,2.9760000705719,3.1010000705719,0,3.1010000705719
2022-07-11,3.04900002479553,3.04900002479553,2.96900010108948,2.9909999370575,0,2.9909999370575
2022-07-12,2.92300009727478,2.97099995613098,2.8989999294281,2.95799994468689,0,2.95799994468689
2022-07-13,2.95600008964539,3.07100009918213,2.90000009536743,2.90400004386902,0,2.90400004386902
2022-07-14,2.94300007820129,3.02800011634827,2.94300007820129,2.96000003814697,0,2.96000003814697
2022-07-15,2.93700003623962,2.97099995613098,2.90100002288818,2.9300000667572,0,2.9300000667572
2022-07-18,2.96000003814697,3.01900005340576,2.95600008964539,2.96000003814697,0,2.96000003814697
2022-07-19,2.98600006103516,3.03800010681152,2.97099995613098,3.01900005340576,0,3.01900005340576
2022-07-20,2.97300004959106,3.04200005531311,2.94300007820129,3.03600001335144,0,3.03600001335144
2022-07-21,3.07699990272522,3.08100008964539,2.91000008583069,2.91000008583069,0,2.91000008583069
2022-07-22,2.80900001525879,2.82299995422363,2.73200011253357,2.78299999237061,0,2.78299999237061
2022-07-25,2.81399989128113,2.84500002861023,2.80100011825562,2.8199999332428,0,2.8199999332428
2022-07-26,2.73600006103516,2.7960000038147,2.70700001716614,2.78699994087219,0,2.78699994087219
2022-07-27,2.78299999237061,2.80299997329712,2.72300004959106,2.73399996757507,0,2.73399996757507
2022-07-28,2.76900005340576,2.78999996185303,2.6489999294281,2.68099999427795,0,2.68099999427795
2022-07-29,2.70700001716614,2.7279999256134,2.61800003051758,2.64199995994568,0,2.64199995994568
2022-08-01,2.65799999237061,2.69600009918213,2.58400011062622,2.60599994659424,0,2.60599994659424
2022-08-02,2.55699992179871,2.75399994850159,2.52500009536743,2.7409999370575,0,2.7409999370575
2022-08-03,2.78299999237061,2.84899997711182,2.74600005149841,2.74799990653992,0,2.74799990653992
2022-08-04,2.68300008773804,2.72099995613098,2.65599989891052,2.67600011825562,0,2.67600011825562
2022-08-05,2.69700002670288,2.86899995803833,2.68799996376038,2.83999991416931,0,2.83999991416931
2022-08-08,2.79200005531311,2.80699992179871,2.76099991798401,2.76500010490417,0,2.76500010490417
2022-08-09,2.81200003623962,2.81399989128113,2.7739999294281,2.79699993133545,0,2.79699993133545
2022-08-10,2.81200003623962,2.81800007820129,2.67400002479553,2.78600001335144,0,2.78600001335144
2022-08-11,2.73900008201599,2.90199995040894,2.73000001907349,2.88800001144409,0,2.88800001144409
2022-08-12,2.84800004959106,2.87899994850159,2.83699989318848,2.84899997711182,0,2.84899997711182
2022-08-15,2.80399990081787,2.80399990081787,2.7590000629425,2.79099988937378,0,2.79099988937378
2022-08-16,2.80599999427795,2.87100005149841,2.80399990081787,2.82399988174438,0,2.82399988174438
2022-08-17,2.89499998092651,2.91899991035461,2.85999989509583,2.89299988746643,0,2.89299988746643
2022-08-18,2.8659999370575,2.89100003242493,2.83500003814697,2.88000011444092,0,2.88000011444092
2022-08-19,2.96099996566772,2.99799990653992,2.95199990272522,2.98900008201599,0,2.98900008201599
2022-08-22,2.98099994659424,3.04099988937378,2.96499991416931,3.03699994087219,0,3.03699994087219
2022-08-23,3.03299999237061,3.07800006866455,2.98300004005432,3.05399990081787,0,3.05399990081787
2022-08-24,3.04800009727478,3.12599992752075,3.04800009727478,3.10599994659424,0,3.10599994659424
2022-08-25,3.10800004005432,3.12800002098083,3.01999998092651,3.02600002288818,0,3.02600002288818
2022-08-26,3.07100009918213,3.08699989318848,3.00799989700317,3.03500008583069,0,3.03500008583069
2022-08-29,3.09899997711182,3.125,3.08599996566772,3.10999989509583,0,3.10999989509583
2022-08-30,3.07299995422363,3.15100002288818,3.06699991226196,3.10999989509583,0,3.10999989509583
2022-08-31,3.12700009346008,3.14400005340576,3.1029999256134,3.13299989700317,0,3.13299989700317
2022-09-01,3.21700000762939,3.29500007629395,3.21700000762939,3.26500010490417,0,3.26500010490417
2022-09-02,3.25799989700317,3.28800010681152,3.17600011825562,3.19300007820129,0,3.19300007820129
2022-09-06,3.25,3.3529999256134,3.24399995803833,3.33999991416931,0,3.33999991416931
2022-09-07,3.32299995422363,3.33200001716614,3.25,3.26500010490417,0,3.26500010490417
2022-09-08,3.23099994659424,3.30399990081787,3.20900011062622,3.29200005531311,0,3.29200005531311
2022-09-09,3.27300000190735,3.32500004768372,3.25099992752075,3.32100009918213,0,3.32100009918213
2022-09-12,3.26799988746643,3.36500000953674,3.26200008392334,3.36199998855591,0,3.36199998855591
2022-09-13,3.30200004577637,3.45799994468689,3.29299998283386,3.42199993133545,0,3.42199993133545
2022-09-14,3.46000003814697,3.4760000705719,3.38299989700317,3.41199994087219,0,3.41199994087219
2022-09-15,3.46499991416931,3.46799993515015,3.41000008583069,3.45900011062622,0,3.45900011062622
2022-09-16,3.45300006866455,3.49000000953674,3.41499996185303,3.44799995422363,0,3.44799995422363
2022-09-19,3.50999999046326,3.50999999046326,3.46300005912781,3.49000000953674,0,3.49000000953674
2022-09-20,3.55299997329712,3.60199999809265,3.53399991989136,3.57100009918213,0,3.57100009918213
2022-09-21,3.52999997138977,3.61999988555908,3.50300002098083,3.50999999046326,0,3.50999999046326
2022-09-22,3.54800009727478,3.71600008010864,3.5460000038147,3.70799994468689,0,3.70799994468689
2022-09-23,3.76900005340576,3.77300000190735,3.65899991989136,3.69700002670288,0,3.69700002670288
2022-09-26,3.78299999237061,3.90400004386902,3.73499989509583,3.87800002098083,0,3.87800002098083
2022-09-27,3.80900001525879,3.99200010299683,3.80900001525879,3.96399998664856,0,3.96399998664856
2022-09-28,3.91100001335144,3.91300010681152,3.70300006866455,3.70499992370605,0,3.70499992370605
2022-09-29,3.81800007820129,3.82599997520447,3.72099995613098,3.74699997901917,0,3.74699997901917
2022-09-30,3.71399998664856,3.80399990081787,3.68600010871887,3.80399990081787,0,3.80399990081787
2022-10-03,3.71199989318848,3.71199989318848,3.56800007820129,3.65100002288818,0,3.65100002288818
2022-10-04,3.59299993515015,3.65899991989136,3.56399989128113,3.61700010299683,0,3.61700010299683
2022-10-05,3.70300006866455,3.78900003433228,3.69700002670288,3.7590000629425,0,3.7590000629425
2022-10-06,3.76300001144409,3.84400010108948,3.7409999370575,3.82599997520447,0,3.82599997520447
2022-10-07,3.83299994468689,3.91000008583069,3.83299994468689,3.88299989700317,0,3.88299989700317
2022-10-10,3.88800001144409,3.88800001144409,3.88800001144409,3.88800001144409,0,3.88800001144409
2022-10-11,3.90000009536743,3.97000002861023,3.86999988555908,3.93899989128113,0,3.93899989128113
2022-10-12,3.95300006866455,3.9779999256134,3.8840000629425,3.90199995040894,0,3.90199995040894
2022-10-13,3.85999989509583,4.07999992370605,3.84400010108948,3.95199990272522,0,3.95199990272522
2022-10-14,3.88700008392334,4.0310001373291,3.8510000705719,4.01000022888184,0,4.01000022888184
2022-10-17,3.93899989128113,4.0149998664856,3.91000008583069,4.0149998664856,0,4.0149998664856
2022-10-18,3.98399996757507,4.06699991226196,3.96499991416931,3.99799990653992,0,3.99799990653992
2022-10-19,4.0939998626709,4.13600015640259,4.06699991226196,4.1269998550415,0,4.1269998550415
2022-10-20,4.1230001449585,4.22800016403198,4.10099983215332,4.22599983215332,0,4.22599983215332
2022-10-21,4.33099985122681,4.33300018310547,4.19999980926514,4.21299982070923,0,4.21299982070923
2022-10-24,4.19199991226196,4.29099988937378,4.1710000038147,4.23400020599365,0,4.23400020599365
2022-10-25,4.16300010681152,4.1710000038147,4.05200004577637,4.10799980163574,0,4.10799980163574
2022-10-26,4.05900001525879,4.08199977874756,3.99699997901917,4.0149998664856,0,4.0149998664856
2022-10-27,4.06099987030029,4.06699991226196,3.91100001335144,3.93700003623962,0,3.93700003623962
2022-10-28,3.99399995803833,4.0479998588562,3.95000004768372,4.01000022888184,0,4.01000022888184
2022-10-31,4.0310001373291,4.08300018310547,4.0310001373291,4.0770001411438,0,4.0770001411438
2022-11-01,3.93700003623962,4.0789999961853,3.92000007629395,4.05200004577637,0,4.05200004577637
2022-11-02,4.04400014877319,4.07800006866455,3.9760000705719,4.05900001525879,0,4.05900001525879
2022-11-03,4.18300008773804,4.22300004959106,4.11100006103516,4.12400007247925,0,4.12400007247925
2022-11-04,4.16499996185303,4.20900011062622,4.10400009155273,4.1560001373291,0,4.1560001373291
2022-11-07,4.14200019836426,4.21799993515015,4.14200019836426,4.21400022506714,0,4.21400022506714
2022-11-08,4.19700002670288,4.20300006866455,4.12099981307983,4.12599992752075,0,4.12599992752075
2022-11-09,4.15100002288818,4.17399978637695,4.09700012207031,4.15100002288818,0,4.15100002288818
2022-11-10,4.07499980926514,4.09000015258789,3.82399988174438,3.8289999961853,0,3.8289999961853
2022-11-11,3.81299996376038,3.81299996376038,3.81299996376038,3.81299996376038,0,3.81299996376038
2022-11-14,3.8840000629425,3.90100002288818,3.85400009155273,3.86500000953674,0,3.86500000953674
2022-11-15,3.81599998474121,3.84400010108948,3.75999999046326,3.79900002479553,0,3.79900002479553
2022-11-16,3.76799988746643,3.79699993133545,3.69199991226196,3.69199991226196,0,3.69199991226196
2022-11-17,3.76200008392334,3.80299997329712,3.74300003051758,3.77500009536743,0,3.77500009536743
2022-11-18,3.8050000667572,3.82699990272522,3.76200008392334,3.81800007820129,0,3.81800007820129
2022-11-21,3.81399989128113,3.83599996566772,3.76200008392334,3.82500004768372,0,3.82500004768372
2022-11-22,3.80299997329712,3.81699991226196,3.74900007247925,3.75799989700317,0,3.75799989700317
2022-11-23,3.77600002288818,3.79699993133545,3.6949999332428,3.70600008964539,0,3.70600008964539
2022-11-25,3.7260000705719,3.75600004196167,3.68099999427795,3.69099998474121,0,3.69099998474121
2022-11-28,3.68300008773804,3.71799993515015,3.66799998283386,3.70300006866455,0,3.70300006866455
2022-11-29,3.69400000572205,3.7590000629425,3.67899990081787,3.74799990653992,0,3.74799990653992
2022-11-30,3.72699999809265,3.79800009727478,3.69000005722046,3.70300006866455,0,3.70300006866455
2022-12-01,3.59400010108948,3.63100004196167,3.52699995040894,3.52900004386902,0,3.52900004386902
2022-12-02,3.51900005340576,3.63800001144409,3.50399994850159,3.50600004196167,0,3.50600004196167
2022-12-05,3.52999997138977,3.61199998855591,3.51300001144409,3.59899997711182,0,3.59899997711182
2022-12-06,3.56100010871887,3.58299994468689,3.50799989700317,3.51300001144409,0,3.51300001144409
2022-12-07,3.55299997329712,3.55299997329712,3.40199995040894,3.40799999237061,0,3.40799999237061
2022-12-08,3.46700000762939,3.50600004196167,3.44799995422363,3.4909999370575,0,3.4909999370575
2022-12-09,3.4760000705719,3.56900000572205,3.46300005912781,3.56699991226196,0,3.56699991226196
2022-12-12,3.54299998283386,3.63000011444092,3.52099990844727,3.61100006103516,0,3.61100006103516
2022-12-13,3.58500003814697,3.59100008010864,3.42300009727478,3.50099992752075,0,3.50099992752075
2022-12-14,3.50799989700317,3.55999994277954,3.47900009155273,3.50300002098083,0,3.50300002098083
2022-12-15,3.50500011444092,3.52099990844727,3.4300000667572,3.45000004768372,0,3.45000004768372
2022-12-16,3.50600004196167,3.55699992179871,3.46199989318848,3.48200011253357,0,3.48200011253357
2022-12-19,3.55900001525879,3.6010000705719,3.55200004577637,3.58100008964539,0,3.58100008964539
2022-12-20,3.66199994087219,3.70099997520447,3.65300011634827,3.68400001525879,0,3.68400001525879
2022-12-21,3.6470000743866,3.69700002670288,3.62100005149841,3.68400001525879,0,3.68400001525879
2022-12-22,3.65400004386902,3.69199991226196,3.6470000743866,3.66899991035461,0,3.66899991035461
2022-12-23,3.70099997520447,3.75300002098083,3.6949999332428,3.75099992752075,0,3.75099992752075
2022-12-27,3.78699994087219,3.86199998855591,3.78699994087219,3.85999989509583,0,3.85999989509583
2022-12-28,3.81800007820129,3.89000010490417,3.81500005722046,3.88700008392334,0,3.88700008392334
2022-12-29,3.86800003051758,3.88599991798401,3.81800007820129,3.83500003814697,0,3.83500003814697
2022-12-30,3.86899995803833,3.90499997138977,3.83100008964539,3.87899994850159,0,3.87899994850159
2023-01-03,3.75799989700317,3.80999994277954,3.72399997711182,3.79299998283386,0,3.79299998283386
2023-01-04,3.67700004577637,3.7279999256134,3.66400003433228,3.70900011062622,0,3.70900011062622
2023-01-05,3.7279999256134,3.78399991989136,3.69799995422363,3.72000002861023,0,3.72000002861023
2023-01-06,3.74600005149841,3.75399994850159,3.55800008773804,3.56900000572205,0,3.56900000572205
2023-01-09,3.58899998664856,3.59100008010864,3.50799989700317,3.51699995994568,0,3.51699995994568
2023-01-10,3.57800006866455,3.63899993896484,3.56699991226196,3.62100005149841,0,3.62100005149841
2023-01-11,3.56900000572205,3.59500002861023,3.55200004577637,3.55399990081787,0,3.55399990081787
2023-01-12,3.50399994850159,3.59100008010864,3.43099999427795,3.44899988174438,0,3.44899988174438
2023-01-13,3.48900008201599,3.51500010490417,3.4300000667572,3.51099991798401,0,3.51099991798401
2023-01-17,3.57500004768372,3.5789999961853,3.49600005149841,3.53500008583069,0,3.53500008583069
2023-01-18,3.46300005912781,3.46700000762939,3.375,3.375,0,3.375
2023-01-19,3.3970000743866,3.42799997329712,3.37299990653992,3.3970000743866,0,3.3970000743866
2023-01-20,3.44199991226196,3.50099992752075,3.43300008773804,3.48399996757507,0,3.48399996757507
2023-01-23,3.50300002098083,3.54699993133545,3.49300003051758,3.52500009536743,0,3.52500009536743
2023-01-24,3.51300001144409,3.55599999427795,3.45799994468689,3.46900010108948,0,3.46900010108948
2023-01-25,3.43400001525879,3.48900008201599,3.42199993133545,3.46199989318848,0,3.46199989318848
2023-01-26,3.4909999370575,3.52099990844727,3.45199990272522,3.49300003051758,0,3.49300003051758
2023-01-27,3.54399991035461,3.55200004577637,3.51799988746643,3.51799988746643,0,3.51799988746643
2023-01-30,3.55299997329712,3.57399988174438,3.5220000743866,3.55100011825562,0,3.55100011825562
2023-01-31,3.53099989891052,3.55299997329712,3.48799991607666,3.52900004386902,0,3.52900004386902
2023-02-01,3.47499990463257,3.50999999046326,3.38700008392334,3.3970000743866,0,3.3970000743866
2023-02-02,3.37299990653992,3.40700006484985,3.33400011062622,3.39599990844727,0,3.39599990844727
2023-02-03,3.39000010490417,3.55599999427795,3.38100004196167,3.53200006484985,0,3.53200006484985
2023-02-06,3.59899997711182,3.64400005340576,3.59899997711182,3.6340000629425,0,3.6340000629425
2023-02-07,3.64499998092651,3.68099999427795,3.59699988365173,3.67400002479553,0,3.67400002479553
2023-02-08,3.65799999237061,3.69199991226196,3.63000011444092,3.65300011634827,0,3.65300011634827
2023-02-09,3.58599996566772,3.69000005722046,3.57500004768372,3.68300008773804,0,3.68300008773804
2023-02-10,3.68600010871887,3.74699997901917,3.67300009727478,3.74399995803833,0,3.74399995803833
2023-02-13,3.74699997901917,3.75500011444092,3.70199990272522,3.71700000762939,0,3.71700000762939
2023-02-14,3.68799996376038,3.79900002479553,3.62199997901917,3.76099991798401,0,3.76099991798401
2023-02-15,3.74900007247925,3.82200002670288,3.74900007247925,3.80900001525879,0,3.80900001525879
2023-02-16,3.80299997329712,3.86899995803833,3.79299998283386,3.84299993515015,0,3.84299993515015
2023-02-17,3.88599991798401,3.90000009536743,3.82399988174438,3.82800006866455,0,3.82800006866455
2023-02-21,3.89400005340576,3.96199989318848,3.88100004196167,3.95499992370605,0,3.95499992370605
2023-02-22,3.92700004577637,3.95099997520447,3.89000010490417,3.92300009727478,0,3.92300009727478
2023-02-23,3.94099998474121,3.9779999256134,3.86299991607666,3.87899994850159,0,3.87899994850159
2023-02-24,3.91599988937378,3.9779999256134,3.90799999237061,3.94899988174438,0,3.94899988174438
2023-02-27,3.96700000762939,3.96700000762939,3.8970000743866,3.92199993133545,0,3.92199993133545
2023-02-28,3.94700002670288,3.98300004005432,3.90400004386902,3.91599988937378,0,3.91599988937378
2023-03-01,3.94000005722046,4.00600004196167,3.93400001525879,3.99399995803833,0,3.99399995803833
2023-03-02,4.05000019073486,4.09100008010864,4.04400014877319,4.07299995422363,0,4.07299995422363
2023-03-03,4.01300001144409,4.02600002288818,3.96199989318848,3.96399998664856,0,3.96399998664856
2023-03-06,3.90499997138977,3.98900008201599,3.8970000743866,3.98300004005432,0,3.98300004005432
2023-03-07,3.94000005722046,4.00699996948242,3.9210000038147,3.97499990463257,0,3.97499990463257
2023-03-08,3.96000003814697,3.99499988555908,3.90100002288818,3.9760000705719,0,3.9760000705719
2023-03-09,4.01100015640259,4.01700019836426,3.89400005340576,3.92499995231628,0,3.92499995231628
2023-03-10,3.81200003623962,3.83200001716614,3.67400002479553,3.6949999332428,0,3.6949999332428
2023-03-13,3.50500011444092,3.54699993133545,3.41899991035461,3.51500010490417,0,3.51500010490417
2023-03-14,3.58999991416931,3.68499994277954,3.55599999427795,3.63800001144409,0,3.63800001144409
2023-03-15,3.52600002288818,3.52999997138977,3.38800001144409,3.49200010299683,0,3.49200010299683
2023-03-16,3.43099999427795,3.58699989318848,3.36899995803833,3.58500003814697,0,3.58500003814697
2023-03-17,3.49600005149841,3.49600005149841,3.38199996948242,3.39499998092651,0,3.39499998092651
2023-03-20,3.39499998092651,3.50699996948242,3.39499998092651,3.48099994659424,0,3.48099994659424
2023-03-21,3.57299995422363,3.61299991607666,3.53699994087219,3.60599994659424,0,3.60599994659424
2023-03-22,3.63800001144409,3.64400005340576,3.46000003814697,3.5,0,3.5
2023-03-23,3.48300004005432,3.51999998092651,3.39299988746643,3.40599989891052,0,3.40599989891052
2023-03-24,3.29800009727478,3.3970000743866,3.29500007629395,3.38000011444092,0,3.38000011444092
2023-03-27,3.47000002861023,3.53699994087219,3.46799993515015,3.52800011634827,0,3.52800011634827
2023-03-28,3.54500007629395,3.57500004768372,3.5220000743866,3.56399989128113,0,3.56399989128113
2023-03-29,3.57699990272522,3.60999989509583,3.54699993133545,3.56599998474121,0,3.56599998474121
2023-03-30,3.56399989128113,3.59400010108948,3.54699993133545,3.55100011825562,0,3.55100011825562
2023-03-31,3.55599999427795,3.55999994277954,3.49200010299683,3.49399995803833,0,3.49399995803833
2023-04-03,3.51699995994568,3.5239999294281,3.40000009536743,3.4300000667572,0,3.4300000667572
2023-04-04,3.47300004959106,3.48499989509583,3.33500003814697,3.33699989318848,0,3.33699989318848
2023-04-05,3.30900001525879,3.32399988174438,3.26600003242493,3.28699994087219,0,3.28699994087219
2023-04-06,3.26799988746643,3.3050000667572,3.25300002098083,3.28800010681152,0,3.28800010681152
2023-04-10,3.3659999370575,3.43600010871887,3.3510000705719,3.41499996185303,0,3.41499996185303
2023-04-11,3.40899991989136,3.45600008964539,3.39100003242493,3.43400001525879,0,3.43400001525879
2023-04-12,3.44700002670288,3.46000003814697,3.34200000762939,3.4210000038147,0,3.4210000038147
2023-04-13,3.42799997329712,3.46000003814697,3.37199997901917,3.45199990272522,0,3.45199990272522
2023-04-14,3.4539999961853,3.53600001335144,3.44300007820129,3.5220000743866,0,3.5220000743866
2023-04-17,3.54900002479553,3.60199999809265,3.53800010681152,3.59100008010864,0,3.59100008010864
2023-04-18,3.57800006866455,3.60199999809265,3.54900002479553,3.57200002670288,0,3.57200002670288
2023-04-19,3.63499999046326,3.63899993896484,3.59999990463257,3.60199999809265,0,3.60199999809265
2023-04-20,3.56599998474121,3.5789999961853,3.52600002288818,3.54500007629395,0,3.54500007629395
2023-04-21,3.53399991989136,3.57999992370605,3.50200009346008,3.5699999332428,0,3.5699999332428
2023-04-24,3.54500007629395,3.54500007629395,3.50500011444092,3.51500010490417,0,3.51500010490417
2023-04-25,3.4449999332428,3.44700002670288,3.37899994850159,3.39599990844727,0,3.39599990844727
2023-04-26,3.41100001335144,3.45799994468689,3.375,3.43199992179871,0,3.43199992179871
2023-04-27,3.44899988174438,3.53200006484985,3.44700002670288,3.52800011634827,0,3.52800011634827
2023-04-28,3.47900009155273,3.49399995803833,3.43499994277954,3.45199990272522,0,3.45199990272522
2023-05-01,3.50099992752075,3.57599997520447,3.46199989318848,3.57399988174438,0,3.57399988174438
2023-05-02,3.53200006484985,3.55900001525879,3.42400002479553,3.43899989128113,0,3.43899989128113
2023-05-03,3.41799998283386,3.42400002479553,3.36700010299683,3.40300011634827,0,3.40300011634827
2023-05-04,3.34500002861023,3.41100001335144,3.2960000038147,3.3510000705719,0,3.3510000705719
2023-05-05,3.3970000743866,3.46499991416931,3.3970000743866,3.44600009918213,0,3.44600009918213
2023-05-08,3.49000000953674,3.52099990844727,3.48799991607666,3.52099990844727,0,3.52099990844727
2023-05-09,3.49200010299683,3.53200006484985,3.48799991607666,3.52099990844727,0,3.52099990844727
2023-05-10,3.50699996948242,3.52099990844727,3.43099999427795,3.43899989128113,0,3.43899989128113
2023-05-11,3.40499997138977,3.40499997138977,3.34500002861023,3.3970000743866,0,3.3970000743866
2023-05-12,3.41199994087219,3.46300005912781,3.3840000629425,3.46300005912781,0,3.46300005912781
2023-05-15,3.50200009346008,3.51099991798401,3.46600008010864,3.50799989700317,0,3.50799989700317
2023-05-16,3.48699998855591,3.57399988174438,3.48699998855591,3.54900002479553,0,3.54900002479553
2023-05-17,3.51500010490417,3.58899998664856,3.51500010490417,3.58100008964539,0,3.58100008964539
2023-05-18,3.59800004959106,3.65100002288818,3.59800004959106,3.64800000190735,0,3.64800000190735
2023-05-19,3.6710000038147,3.72099995613098,3.64000010490417,3.69199991226196,0,3.69199991226196
2023-05-22,3.69000005722046,3.7279999256134,3.66499996185303,3.71900010108948,0,3.71900010108948
2023-05-23,3.74399995803833,3.76099991798401,3.68799996376038,3.69799995422363,0,3.69799995422363
2023-05-24,3.67300009727478,3.74200010299683,3.67300009727478,3.71900010108948,0,3.71900010108948
2023-05-25,3.75200009346008,3.81399989128113,3.73000001907349,3.81399989128113,0,3.81399989128113
2023-05-26,3.78900003433228,3.85899996757507,3.77699995040894,3.80999994277954,0,3.80999994277954
2023-05-30,3.71199989318848,3.75399994850159,3.68499994277954,3.70000004768372,0,3.70000004768372
2023-05-31,3.64599990844727,3.69099998474121,3.63100004196167,3.63700008392334,0,3.63700008392334
2023-06-01,3.65000009536743,3.65799999237061,3.5699999332428,3.60800004005432,0,3.60800004005432
2023-06-02,3.61999988555908,3.70000004768372,3.61199998855591,3.69099998474121,0,3.69099998474121
2023-06-05,3.75300002098083,3.75799989700317,3.65799999237061,3.69300007820129,0,3.69300007820129
2023-06-06,3.68099999427795,3.73300004005432,3.68099999427795,3.69899988174438,0,3.69899988174438
2023-06-07,3.69899988174438,3.80100011825562,3.6949999332428,3.78399991989136,0,3.78399991989136
2023-06-08,3.81699991226196,3.82100009918213,3.71399998664856,3.71399998664856,0,3.71399998664856
2023-06-09,3.76699995994568,3.77800011634827,3.71600008010864,3.74499988555908,0,3.74499988555908
2023-06-12,3.73399996757507,3.79399991035461,3.71099996566772,3.76500010490417,0,3.76500010490417
2023-06-13,3.72399997711182,3.84100008010864,3.68199992179871,3.83899998664856,0,3.83899998664856
2023-06-14,3.81100010871887,3.8510000705719,3.77099990844727,3.7960000038147,0,3.7960000038147
2023-06-15,3.81900000572205,3.84100008010864,3.70700001716614,3.7279999256134,0,3.7279999256134
2023-06-16,3.74600005149841,3.80599999427795,3.72499990463257,3.76900005340576,0,3.76900005340576
2023-06-20,3.73799991607666,3.77699995040894,3.70099997520447,3.72900009155273,0,3.72900009155273
2023-06-21,3.76200008392334,3.78900003433228,3.71099996566772,3.72300004959106,0,3.72300004959106
2023-06-22,3.74000000953674,3.80999994277954,3.71099996566772,3.79900002479553,0,3.79900002479553
2023-06-23,3.72699999809265,3.75999999046326,3.69199991226196,3.73900008201599,0,3.73900008201599
2023-06-26,3.70199990272522,3.73699998855591,3.67899990081787,3.71900010108948,0,3.71900010108948
2023-06-27,3.71399998664856,3.77600002288818,3.69199991226196,3.76799988746643,0,3.76799988746643
2023-06-28,3.73499989509583,3.76600003242493,3.7039999961853,3.71000003814697,0,3.71000003814697
2023-06-29,3.74699997901917,3.86800003051758,3.74699997901917,3.85400009155273,0,3.85400009155273
2023-06-30,3.85999989509583,3.87199997901917,3.80699992179871,3.81900000572205,0,3.81900000572205
2023-07-03,3.86400008201599,3.8659999370575,3.77800011634827,3.85800004005432,0,3.85800004005432
2023-07-05,3.86800003051758,3.94700002670288,3.86299991607666,3.9449999332428,0,3.9449999332428
2023-07-06,3.99300003051758,4.08300018310547,3.99300003051758,4.04099988937378,0,4.04099988937378
2023-07-07,4.07800006866455,4.0939998626709,4.00600004196167,4.05000019073486,0,4.05000019073486
2023-07-10,4.05200004577637,4.09200000762939,3.98600006103516,4.00600004196167,0,4.00600004196167
2023-07-11,3.98000001907349,4.0019998550415,3.96199989318848,3.98000001907349,0,3.98000001907349
2023-07-12,3.94600009918213,3.94799995422363,3.84400010108948,3.86100006103516,0,3.86100006103516
2023-07-13,3.82599997520447,3.84599995613098,3.76099991798401,3.76099991798401,0,3.76099991798401
2023-07-14,3.77900004386902,3.8199999332428,3.76200008392334,3.81900000572205,0,3.81900000572205
2023-07-17,3.77900004386902,3.83599996566772,3.77900004386902,3.79699993133545,0,3.79699993133545
2023-07-18,3.75799989700317,3.79299998283386,3.73799991607666,3.78900003433228,0,3.78900003433228
2023-07-19,3.74399995803833,3.79500007629395,3.73499989509583,3.74200010299683,0,3.74200010299683
2023-07-20,3.79099988937378,3.87400007247925,3.79099988937378,3.85400009155273,0,3.85400009155273
2023-07-21,3.83299994468689,3.83699989318848,3.80900001525879,3.83699989318848,0,3.83699989318848
2023-07-24,3.80599999427795,3.86500000953674,3.79800009727478,3.85700011253357,0,3.85700011253357
2023-07-25,3.89199995994568,3.92199993133545,3.88499999046326,3.91199994087219,0,3.91199994087219
2023-07-26,3.88499999046326,3.90400004386902,3.84899997711182,3.8510000705719,0,3.8510000705719
2023-07-27,3.86299991607666,4.02199983596802,3.8529999256134,4.01200008392334,0,4.01200008392334
2023-07-28,3.96099996566772,3.99499988555908,3.94099998474121,3.96900010108948,0,3.96900010108948
2023-07-31,3.96700000762939,3.98099994659424,3.92700004577637,3.95900011062622,0,3.95900011062622
2023-08-01,4.00099992752075,4.05700016021729,4.00099992752075,4.05100011825562,0,4.05100011825562
2023-08-02,4.03900003433228,4.12599992752075,4.03499984741211,4.07800006866455,0,4.07800006866455
2023-08-03,4.14499998092651,4.19799995422363,4.12799978256226,4.18900012969971,0,4.18900012969971
2023-08-04,4.19199991226196,4.20599985122681,4.05800008773804,4.05999994277954,0,4.05999994277954
2023-08-07,4.11299991607666,4.11299991607666,4.06400012969971,4.07800006866455,0,4.07800006866455
2023-08-08,4.00799989700317,4.03399991989136,3.98399996757507,4.02600002288818,0,4.02600002288818
2023-08-09,4.03599977493286,4.03599977493286,3.98799991607666,4.01200008392334,0,4.01200008392334
2023-08-10,3.98200011253357,4.0939998626709,3.95700001716614,4.07999992370605,0,4.07999992370605
2023-08-11,4.10699987411499,4.16800022125244,4.09000015258789,4.16800022125244,0,4.16800022125244
2023-08-14,4.17600011825562,4.21500015258789,4.14599990844727,4.18400001525879,0,4.18400001525879
2023-08-15,4.2350001335144,4.27400016784668,4.16599988937378,4.22100019454956,0,4.22100019454956
2023-08-16,4.20499992370605,4.26200008392334,4.19099998474121,4.25799989700317,0,4.25799989700317
2023-08-17,4.27799987792969,4.32800006866455,4.27199983596802,4.30800008773804,0,4.30800008773804
2023-08-18,4.24300003051758,4.28000020980835,4.22300004959106,4.25099992752075,0,4.25099992752075
2023-08-21,4.29400014877319,4.35400009155273,4.28800010681152,4.34200000762939,0,4.34200000762939
2023-08-22,4.30999994277954,4.36199998855591,4.30999994277954,4.32800006866455,0,4.32800006866455
2023-08-23,4.28299999237061,4.29199981689453,4.19000005722046,4.19799995422363,0,4.19799995422363
2023-08-24,4.22300004959106,4.23899984359741,4.19000005722046,4.2350001335144,0,4.2350001335144
2023-08-25,4.2350001335144,4.28499984741211,4.2039999961853,4.23899984359741,0,4.23899984359741
2023-08-28,4.23199987411499,4.23400020599365,4.19399976730347,4.21199989318848,0,4.21199989318848
2023-08-29,4.21999979019165,4.24300003051758,4.10599994659424,4.12200021743774,0,4.12200021743774
2023-08-30,4.13700008392334,4.15500020980835,4.08699989318848,4.11800003051758,0,4.11800003051758
2023-08-31,4.09499979019165,4.11800003051758,4.0770001411438,4.09299993515015,0,4.09299993515015
2023-09-01,4.09700012207031,4.19999980926514,4.05999994277954,4.1729998588562,0,4.1729998588562
2023-09-05,4.22800016403198,4.26999998092651,4.21199989318848,4.26800012588501,0,4.26800012588501
2023-09-06,4.24200010299683,4.30600023269653,4.23999977111816,4.28999996185303,0,4.28999996185303
2023-09-07,4.28399991989136,4.30800008773804,4.25799989700317,4.26000022888184,0,4.26000022888184
2023-09-08,4.25799989700317,4.26399993896484,4.21299982070923,4.25799989700317,0,4.25799989700317
2023-09-11,4.28399991989136,4.30000019073486,4.27199983596802,4.28800010681152,0,4.28800010681152
2023-09-12,4.28599977493286,4.2979998588562,4.26399993896484,4.26399993896484,0,4.26399993896484
2023-09-13,4.31199979782104,4.3439998626709,4.2350001335144,4.24900007247925,0,4.24900007247925
2023-09-14,4.22900009155273,4.2979998588562,4.22300004959106,4.28800010681152,0,4.28800010681152
2023-09-15,4.32000017166138,4.33799982070923,4.30299997329712,4.32200002670288,0,4.32200002670288
2023-09-18,4.33699989318848,4.35900020599365,4.31099987030029,4.31899976730347,0,4.31899976730347
2023-09-19,4.33300018310547,4.36499977111816,4.32499980926514,4.36499977111816,0,4.36499977111816
2023-09-20,4.33900022506714,4.36100006103516,4.31300020217896,4.34899997711182,0,4.34899997711182
2023-09-21,4.46600008010864,4.48999977111816,4.46199989318848,4.48000001907349,0,4.48000001907349
2023-09-22,4.47399997711182,4.48600006103516,4.42399978637695,4.43800020217896,0,4.43800020217896
2023-09-25,4.50500011444092,4.5460000038147,4.49900007247925,4.54199981689453,0,4.54199981689453
2023-09-26,4.4850001335144,4.56400012969971,4.48299980163574,4.55800008773804,0,4.55800008773804
2023-09-27,4.50699996948242,4.64300012588501,4.49100017547607,4.62599992752075,0,4.62599992752075
2023-09-28,4.62400007247925,4.68800020217896,4.59700012207031,4.59700012207031,0,4.59700012207031
2023-09-29,4.54899978637695,4.57499980926514,4.50799989700317,4.57299995422363,0,4.57299995422363
2023-10-02,4.63100004196167,4.70300006866455,4.6269998550415,4.68300008773804,0,4.68300008773804
2023-10-03,4.73699998855591,4.80600023269653,4.69500017166138,4.80200004577637,0,4.80200004577637
2023-10-04,4.75600004196167,4.79400014877319,4.72700023651123,4.7350001335144,0,4.7350001335144
2023-10-05,4.73099994659424,4.77699995040894,4.7039999961853,4.71700000762939,0,4.71700000762939
2023-10-06,4.73999977111816,4.88700008392334,4.73999977111816,4.78399991989136,0,4.78399991989136
2023-10-09,4.79699993133545,4.79699993133545,4.79699993133545,4.79699993133545,0,4.79699993133545
2023-10-10,4.70300006866455,4.71299982070923,4.61800003051758,4.65500020980835,0,4.65500020980835
2023-10-11,4.58099985122681,4.62400007247925,4.56400012969971,4.59499979019165,0,4.59499979019165
2023-10-12,4.54400014877319,4.72800016403198,4.53200006484985,4.71199989318848,0,4.71199989318848
2023-10-13,4.61899995803833,4.65000009536743,4.58599996566772,4.62900018692017,0,4.62900018692017
2023-10-16,4.69099998474121,4.72499990463257,4.66599988937378,4.71199989318848,0,4.71199989318848
2023-10-17,4.7649998664856,4.8600001335144,4.76100015640259,4.84700012207031,0,4.84700012207031
2023-10-18,4.83900022506714,4.92799997329712,4.83400011062622,4.90399980545044,0,4.90399980545044
2023-10-19,4.96400022506714,4.99599981307983,4.89400005340576,4.98799991607666,0,4.98799991607666
2023-10-20,4.97800016403198,4.99300003051758,4.89200019836426,4.92399978637695,0,4.92399978637695
2023-10-23,4.99700021743774,4.99700021743774,4.83099985122681,4.83799982070923,0,4.83799982070923
2023-10-24,4.86999988555908,4.88899993896484,4.8270001411438,4.84000015258789,0,4.84000015258789
2023-10-25,4.85099983215332,4.95900011062622,4.85099983215332,4.95300006866455,0,4.95300006866455
2023-10-26,4.96400022506714,4.98299980163574,4.84200000762939,4.84499979019165,0,4.84499979019165
2023-10-27,4.86600017547607,4.89200019836426,4.84299993515015,4.84499979019165,0,4.84499979019165
2023-10-30,4.89599990844727,4.92199993133545,4.86700010299683,4.875,0,4.875
2023-10-31,4.80999994277954,4.88000011444092,4.80299997329712,4.875,0,4.875
2023-11-01,4.89300012588501,4.90299987792969,4.77799987792969,4.78900003433228,0,4.78900003433228
2023-11-02,4.69000005722046,4.70300006866455,4.62599992752075,4.66900014877319,0,4.66900014877319
2023-11-03,4.63700008392334,4.64300012588501,4.48400020599365,4.55800008773804,0,4.55800008773804
2023-11-06,4.6100001335144,4.66800022125244,4.6100001335144,4.66200017929077,0,4.66200017929077
2023-11-07,4.61999988555908,4.6269998550415,4.54400014877319,4.57100009918213,0,4.57100009918213
2023-11-08,4.56699991226196,4.57299995422363,4.50299978256226,4.52299976348877,0,4.52299976348877
2023-11-09,4.55100011825562,4.65399980545044,4.52600002288818,4.63000011444092,0,4.63000011444092
2023-11-10,4.58300018310547,4.63800001144409,4.56699991226196,4.62799978256226,0,4.62799978256226
2023-11-13,4.64200019836426,4.69600009918213,4.62400007247925,4.63199996948242,0,4.63199996948242
2023-11-14,4.61600017547607,4.61600017547607,4.43200016021729,4.44099998474121,0,4.44099998474121
2023-11-15,4.46099996566772,4.55900001525879,4.44500017166138,4.53499984741211,0,4.53499984741211
2023-11-16,4.48799991607666,4.48799991607666,4.43200016021729,4.44500017166138,0,4.44500017166138
2023-11-17,4.41200017929077,4.4689998626709,4.40399980545044,4.44099998474121,0,4.44099998474121
2023-11-20,4.47300004959106,4.48199987411499,4.40999984741211,4.42199993133545,0,4.42199993133545
2023-11-21,4.40999984741211,4.44299983978271,4.39099979400635,4.41800022125244,0,4.41800022125244
2023-11-22,4.36499977111816,4.44700002670288,4.36499977111816,4.41599988937378,0,4.41599988937378
2023-11-24,4.47399997711182,4.49200010299683,4.46299982070923,4.47200012207031,0,4.47200012207031
2023-11-27,4.45699977874756,4.46099996566772,4.38899993896484,4.38899993896484,0,4.38899993896484
2023-11-28,4.39599990844727,4.42199993133545,4.33199977874756,4.33599996566772,0,4.33599996566772
2023-11-29,4.29400014877319,4.32299995422363,4.25299978256226,4.27099990844727,0,4.27099990844727
2023-11-30,4.28000020980835,4.35200023651123,4.27199983596802,4.35200023651123,0,4.35200023651123
2023-12-01,4.32000017166138,4.34800004959106,4.21099996566772,4.22599983215332,0,4.22599983215332
2023-12-04,4.24300003051758,4.29899978637695,4.23999977111816,4.28800010681152,0,4.28800010681152
2023-12-05,4.22599983215332,4.22800016403198,4.16499996185303,4.1710000038147,0,4.1710000038147
2023-12-06,4.17999982833862,4.18200016021729,4.10799980163574,4.12099981307983,0,4.12099981307983
2023-12-07,4.16900014877319,4.17999982833862,4.10599994659424,4.12900018692017,0,4.12900018692017
2023-12-08,4.18499994277954,4.27799987792969,4.18200016021729,4.24499988555908,0,4.24499988555908
2023-12-11,4.27400016784668,4.29300022125244,4.22900009155273,4.23899984359741,0,4.23899984359741
2023-12-12,4.17999982833862,4.25099992752075,4.15299987792969,4.20599985122681,0,4.20599985122681
2023-12-13,4.18699979782104,4.19099998474121,4.00899982452393,4.03299999237061,0,4.03299999237061
2023-12-14,3.96600008010864,3.98799991607666,3.88499999046326,3.9300000667572,0,3.9300000667572
2023-12-15,3.92199993133545,3.97099995613098,3.89400005340576,3.92799997329712,0,3.92799997329712
2023-12-18,3.91700005531311,3.97099995613098,3.90700006484985,3.9539999961853,0,3.9539999961853
2023-12-19,3.89800000190735,3.92799997329712,3.89599990844727,3.92199993133545,0,3.92199993133545
2023-12-20,3.88100004196167,3.92199993133545,3.87299990653992,3.87700009346008,0,3.87700009346008
2023-12-21,3.85999989509583,3.90499997138977,3.8289999961853,3.89400005340576,0,3.89400005340576
2023-12-22,3.85199999809265,3.91899991035461,3.84899997711182,3.90100002288818,0,3.90100002288818
2023-12-26,3.90799999237061,3.90799999237061,3.88199996948242,3.88599991798401,0,3.88599991798401
2023-12-27,3.85199999809265,3.85199999809265,3.78500008583069,3.78900003433228,0,3.78900003433228
2023-12-28,3.81800007820129,3.86100006103516,3.79999995231628,3.84999990463257,0,3.84999990463257
2023-12-29,3.87899994850159,3.89800000190735,3.84699988365173,3.8659999370575,0,3.8659999370575
2024-01-02,3.96900010108948,3.97300004959106,3.91799998283386,3.94600009918213,0,3.94600009918213
2024-01-03,3.9779999256134,4.00799989700317,3.89400005340576,3.90700006484985,0,3.90700006484985
2024-01-04,3.97399997711182,4.00600004196167,3.97099995613098,3.9909999370575,0,3.9909999370575
2024-01-05,4.03800010681152,4.09899997711182,3.95300006866455,4.04199981689453,0,4.04199981689453
2024-01-08,4.05900001525879,4.06300020217896,3.96600008010864,4.0019998550415,0,4.0019998550415
2024-01-09,4.04699993133545,4.05299997329712,3.99600005149841,4.01900005340576,0,4.01900005340576
2024-01-10,3.99200010299683,4.03800010681152,3.98499989509583,4.03000020980835,0,4.03000020980835
2024-01-11,3.99399995803833,4.06799983978271,3.97300004959106,3.97699999809265,0,3.97699999809265
2024-01-12,4.00299978256226,4.00699996948242,3.91599988937378,3.95000004768372,0,3.95000004768372
2024-01-16,4.00299978256226,4.08300018310547,3.99000000953674,4.06599998474121,0,4.06599998474121
2024-01-17,4.08099985122681,4.12900018692017,4.07499980926514,4.10599994659424,0,4.10599994659424
2024-01-18,4.09000015258789,4.15399980545044,4.09000015258789,4.14400005340576,0,4.14400005340576
2024-01-19,4.13199996948242,4.19799995422363,4.13199996948242,4.14599990844727,0,4.14599990844727
2024-01-22,4.09800004959106,4.11100006103516,4.07499980926514,4.0939998626709,0,4.0939998626709
2024-01-23,4.13000011444092,4.15500020980835,4.12099981307983,4.14200019836426,0,4.14200019836426
2024-01-24,4.09899997711182,4.18800020217896,4.08599996566772,4.17799997329712,0,4.17799997329712
2024-01-25,4.15500020980835,4.18599987030029,4.12200021743774,4.13199996948242,0,4.13199996948242
2024-01-26,4.12200021743774,4.16599988937378,4.10699987411499,4.15999984741211,0,4.15999984741211
2024-01-29,4.10799980163574,4.12200021743774,4.08900022506714,4.09100008010864,0,4.09100008010864
2024-01-30,4.06799983978271,4.10300016403198,4.04099988937378,4.05900001525879,0,4.05900001525879
2024-01-31,4.01999998092651,4.03000020980835,3.94400000572205,3.96700000762939,0,3.96700000762939
2024-02-01,3.92700004577637,3.92700004577637,3.81699991226196,3.86299991607666,0,3.86299991607666
2024-02-02,3.88899993896484,4.05399990081787,3.88700008392334,4.03299999237061,0,4.03299999237061
2024-02-05,4.11199998855591,4.17700004577637,4.1100001335144,4.16400003433228,0,4.16400003433228
2024-02-06,4.14799976348877,4.16200017929077,4.0789999961853,4.09000015258789,0,4.09000015258789
2024-02-07,4.125,4.125,4.06500005722046,4.1100001335144,0,4.1100001335144
2024-02-08,4.13700008392334,4.1729998588562,4.13100004196167,4.17000007629395,0,4.17000007629395
2024-02-09,4.1729998588562,4.19299983978271,4.1269998550415,4.18699979782104,0,4.18699979782104
2024-02-12,4.15199995040894,4.19700002670288,4.15000009536743,4.17199993133545,0,4.17199993133545
2024-02-13,4.15199995040894,4.31599998474121,4.15000009536743,4.31599998474121,0,4.31599998474121
2024-02-14,4.30800008773804,4.32200002670288,4.24599981307983,4.26700019836426,0,4.26700019836426
2024-02-15,4.22599983215332,4.25500011444092,4.19099998474121,4.23999977111816,0,4.23999977111816
2024-02-16,4.27899980545044,4.32800006866455,4.27699995040894,4.29500007629395,0,4.29500007629395
2024-02-20,4.28299999237061,4.28900003433228,4.24399995803833,4.27500009536743,0,4.27500009536743
2024-02-21,4.26399993896484,4.33099985122681,4.25799989700317,4.32499980926514,0,4.32499980926514
2024-02-22,4.33699989318848,4.35400009155273,4.29699993133545,4.3270001411438,0,4.3270001411438
2024-02-23,4.30700016021729,4.3289999961853,4.24599981307983,4.26000022888184,0,4.26000022888184
2024-02-26,4.24399995803833,4.30900001525879,4.23799991607666,4.29899978637695,0,4.29899978637695
2024-02-27,4.27199983596802,4.32100009918213,4.26399993896484,4.31500005722046,0,4.31500005722046
2024-02-28,4.28000020980835,4.30900001525879,4.27199983596802,4.27400016784668,0,4.27400016784668
2024-02-29,4.31099987030029,4.31500005722046,4.22499990463257,4.2519998550415,0,4.2519998550415
2024-03-01,4.26800012588501,4.2960000038147,4.17799997329712,4.17999982833862,0,4.17999982833862
2024-03-04,4.2189998626709,4.2350001335144,4.20499992370605,4.2189998626709,0,4.2189998626709
2024-03-05,4.16400003433228,4.16599988937378,4.11399984359741,4.13700008392334,0,4.13700008392334
2024-03-06,4.13899993896484,4.14699983596802,4.0789999961853,4.10400009155273,0,4.10400009155273
2024-03-07,4.08099985122681,4.1230001449585,4.05399990081787,4.09200000762939,0,4.09200000762939
2024-03-08,4.06699991226196,4.12900018692017,4.03800010681152,4.08900022506714,0,4.08900022506714
2024-03-11,4.0770001411438,4.11600017547607,4.07499980926514,4.10400009155273,0,4.10400009155273
2024-03-12,4.08900022506714,4.17199993133545,4.08300018310547,4.15500020980835,0,4.15500020980835
2024-03-13,4.18599987030029,4.19600009918213,4.17000007629395,4.19199991226196,0,4.19199991226196
2024-03-14,4.19600009918213,4.30000019073486,4.19199991226196,4.2979998588562,0,4.2979998588562
2024-03-15,4.2810001373291,4.32000017166138,4.2810001373291,4.30399990081787,0,4.30399990081787
2024-03-18,4.31400012969971,4.34800004959106,4.30399990081787,4.34000015258789,0,4.34000015258789
2024-03-19,4.32600021362305,4.33599996566772,4.28900003433228,4.29699993133545,0,4.29699993133545
2024-03-20,4.28299999237061,4.32399988174438,4.23899984359741,4.27299976348877,0,4.27299976348877
2024-03-21,4.23299980163574,4.29300022125244,4.22800016403198,4.27099990844727,0,4.27099990844727
2024-03-22,4.21999979019165,4.22599983215332,4.19999980926514,4.21799993515015,0,4.21799993515015
2024-03-25,4.23199987411499,4.26100015640259,4.22200012207031,4.25299978256226,0,4.25299978256226
2024-03-26,4.23600006103516,4.27299976348877,4.23199987411499,4.23400020599365,0,4.23400020599365
2024-03-27,4.21999979019165,4.22800016403198,4.18300008773804,4.19600009918213,0,4.19600009918213
2024-03-28,4.23000001907349,4.23400020599365,4.18300008773804,4.20599985122681,0,4.20599985122681
2024-04-01,4.23400020599365,4.33699989318848,4.23400020599365,4.3289999961853,0,4.3289999961853
2024-04-02,4.375,4.40500020980835,4.35500001907349,4.36499977111816,0,4.36499977111816
2024-04-03,4.38299989700317,4.42899990081787,4.34700012207031,4.35500001907349,0,4.35500001907349
2024-04-04,4.37099981307983,4.38100004196167,4.30700016021729,4.30900001525879,0,4.30900001525879
2024-04-05,4.32800006866455,4.40399980545044,4.31799983978271,4.37799978256226,0,4.37799978256226
2024-04-08,4.45800018310547,4.46199989318848,4.4060001373291,4.42399978637695,0,4.42399978637695
2024-04-09,4.38399982452393,4.39599990844727,4.35799980163574,4.36600017547607,0,4.36600017547607
2024-04-10,4.34600019454956,4.56799983978271,4.3439998626709,4.55999994277954,0,4.55999994277954
2024-04-11,4.57600021362305,4.59100008010864,4.5149998664856,4.57600021362305,0,4.57600021362305
2024-04-12,4.51399993896484,4.53200006484985,4.48299980163574,4.49900007247925,0,4.49900007247925
2024-04-15,4.58500003814697,4.66300010681152,4.58300018310547,4.62799978256226,0,4.62799978256226
2024-04-16,4.64499998092651,4.69600009918213,4.62599992752075,4.65899991989136,0,4.65899991989136
2024-04-17,4.65500020980835,4.66099977493286,4.57499980926514,4.58500003814697,0,4.58500003814697
2024-04-18,4.59200000762939,4.65299987792969,4.59200000762939,4.64699983596802,0,4.64699983596802
2024-04-19,4.59000015258789,4.63100004196167,4.58199977874756,4.61499977111816,0,4.61499977111816
2024-04-22,4.65199995040894,4.65199995040894,4.61100006103516,4.6230001449585,0,4.6230001449585
2024-04-23,4.65000009536743,4.65000009536743,4.56799983978271,4.59800004959106,0,4.59800004959106
2024-04-24,4.64200019836426,4.6710000038147,4.6269998550415,4.65199995040894,0,4.65199995040894
2024-04-25,4.65799999237061,4.73699998855591,4.625,4.70599985122681,0,4.70599985122681
2024-04-26,4.68599987030029,4.69000005722046,4.64400005340576,4.66900014877319,0,4.66900014877319
2024-04-29,4.62599992752075,4.64900016784668,4.61199998855591,4.61399984359741,0,4.61399984359741
2024-04-30,4.61600017547607,4.68599987030029,4.61600017547607,4.68599987030029,0,4.68599987030029
2024-05-01,4.67000007629395,4.67600011825562,4.58099985122681,4.59499979019165,0,4.59499979019165
2024-05-02,4.61199998855591,4.65100002288818,4.56699991226196,4.57100009918213,0,4.57100009918213
2024-05-03,4.55100011825562,4.57100009918213,4.45300006866455,4.5,0,4.5
2024-05-06,4.48699998855591,4.51399993896484,4.47100019454956,4.48899984359741,0,4.48899984359741
2024-05-07,4.47300004959106,4.47300004959106,4.4229998588562,4.46299982070923,0,4.46299982070923
2024-05-08,4.48400020599365,4.4980001449585,4.47499990463257,4.49200010299683,0,4.49200010299683
2024-05-09,4.51599979400635,4.51599979400635,4.44700002670288,4.44899988174438,0,4.44899988174438
2024-05-10,4.47700023651123,4.50799989700317,4.47100019454956,4.50400018692017,0,4.50400018692017
2024-05-13,4.48699998855591,4.48899984359741,4.45900011062622,4.48099994659424,0,4.48099994659424
2024-05-14,4.48099994659424,4.53200006484985,4.44299983978271,4.44500017166138,0,4.44500017166138
2024-05-15,4.41800022125244,4.41800022125244,4.34000015258789,4.35599994659424,0,4.35599994659424
2024-05-16,4.32999992370605,4.37900018692017,4.31899976730347,4.3769998550415,0,4.3769998550415
2024-05-17,4.39599990844727,4.42600011825562,4.39099979400635,4.42000007629395,0,4.42000007629395
2024-05-20,4.42199993133545,4.45499992370605,4.42000007629395,4.43699979782104,0,4.43699979782104
2024-05-21,4.42999982833862,4.43599987030029,4.39799976348877,4.41400003433228,0,4.41400003433228
2024-05-22,4.45300006866455,4.46099996566772,4.41200017929077,4.43400001525879,0,4.43400001525879
2024-05-23,4.41800022125244,4.49599981307983,4.40799999237061,4.47499990463257,0,4.47499990463257
2024-05-24,4.48899984359741,4.5019998550415,4.45900011062622,4.46700000762939,0,4.46700000762939
2024-05-28,4.45300006866455,4.5460000038147,4.44899988174438,4.54199981689453,0,4.54199981689453
2024-05-29,4.56599998474121,4.63800001144409,4.55999994277954,4.62400007247925,0,4.62400007247925
2024-05-30,4.5939998626709,4.59999990463257,4.54199981689453,4.55399990081787,0,4.55399990081787
2024-05-31,4.55200004577637,4.55600023269653,4.4850001335144,4.51399993896484,0,4.51399993896484
2024-06-03,4.47300004959106,4.47300004959106,4.39200019836426,4.40199995040894,0,4.40199995040894
2024-06-04,4.36100006103516,4.36700010299683,4.31400012969971,4.33599996566772,0,4.33599996566772
2024-06-05,4.32600021362305,4.35099983215332,4.28700017929077,4.28900003433228,0,4.28900003433228
2024-06-06,4.30100011825562,4.32200002670288,4.27699995040894,4.2810001373291,0,4.2810001373291
2024-06-07,4.29699993133545,4.43400001525879,4.28900003433228,4.42999982833862,0,4.42999982833862
2024-06-10,4.45300006866455,4.47900009155273,4.44700002670288,4.4689998626709,0,4.4689998626709
2024-06-11,4.43599987030029,4.46099996566772,4.40199995040894,4.40399980545044,0,4.40399980545044
2024-06-12,4.38800001144409,4.4060001373291,4.25,4.29500007629395,0,4.29500007629395
2024-06-13,4.30999994277954,4.30999994277954,4.22300004959106,4.23799991607666,0,4.23799991607666
2024-06-14,4.19600009918213,4.23600006103516,4.18800020217896,4.21299982070923,0,4.21299982070923
2024-06-17,4.2649998664856,4.29500007629395,4.26000022888184,4.27899980545044,0,4.27899980545044
2024-06-18,4.28700017929077,4.28900003433228,4.20699977874756,4.21700000762939,0,4.21700000762939
2024-06-20,4.23799991607666,4.29300022125244,4.23000001907349,4.25400018692017,0,4.25400018692017
2024-06-21,4.22399997711182,4.27899980545044,4.21700000762939,4.25699996948242,0,4.25699996948242
2024-06-24,4.27500009536743,4.27500009536743,4.24599981307983,4.2480001449585,0,4.2480001449585
2024-06-25,4.21700000762939,4.25899982452393,4.21099996566772,4.23799991607666,0,4.23799991607666
2024-06-26,4.28499984741211,4.32000017166138,4.2810001373291,4.31599998474121,0,4.31599998474121
2024-06-27,4.3270001411438,4.34299993515015,4.27500009536743,4.28800010681152,0,4.28800010681152
2024-06-28,4.30399990081787,4.35900020599365,4.26100015640259,4.34299993515015,0,4.34299993515015
2024-07-01,4.42399978637695,4.49300003051758,4.41599988937378,4.47900009155273,0,4.47900009155273
2024-07-02,4.44199991226196,4.45499992370605,4.41400003433228,4.43599987030029,0,4.43599987030029
2024-07-03,4.42600011825562,4.42999982833862,4.33900022506714,4.35500001907349,0,4.35500001907349
2024-07-05,4.33099985122681,4.37400007247925,4.27099990844727,4.27199983596802,0,4.27199983596802
2024-07-08,4.30600023269653,4.30600023269653,4.26700019836426,4.26900005340576,0,4.26900005340576
2024-07-09,4.30000019073486,4.3289999961853,4.28200006484985,4.30000019073486,0,4.30000019073486
2024-07-10,4.27799987792969,4.30399990081787,4.27199983596802,4.28000020980835,0,4.28000020980835
2024-07-11,4.28800010681152,4.28999996185303,4.16800022125244,4.19299983978271,0,4.19299983978271
2024-07-12,4.20599985122681,4.23899984359741,4.18699979782104,4.18900012969971,0,4.18900012969971
2024-07-15,4.23699998855591,4.24100017547607,4.19999980926514,4.22900009155273,0,4.22900009155273
2024-07-16,4.17500019073486,4.21600008010864,4.16300010681152,4.16699981689453,0,4.16699981689453
2024-07-17,4.17899990081787,4.19600009918213,4.14400005340576,4.14599990844727,0,4.14599990844727
2024-07-18,4.18300008773804,4.19000005722046,4.1560001373291,4.18900012969971,0,4.18900012969971
2024-07-19,4.22499990463257,4.24900007247925,4.22499990463257,4.23899984359741,0,4.23899984359741
2024-07-22,4.22499990463257,4.27799987792969,4.21199989318848,4.26000022888184,0,4.26000022888184
2024-07-23,4.23699998855591,4.24700021743774,4.22100019454956,4.23899984359741,0,4.23899984359741
2024-07-24,4.22900009155273,4.29199981689453,4.21000003814697,4.28599977493286,0,4.28599977493286
2024-07-25,4.20599985122681,4.26599979400635,4.19600009918213,4.25600004196167,0,4.25600004196167
2024-07-26,4.24499988555908,4.2519998550415,4.19199991226196,4.19999980926514,0,4.19999980926514
2024-07-29,4.16300010681152,4.18599987030029,4.15100002288818,4.17799997329712,0,4.17799997329712
2024-07-30,4.17399978637695,4.18400001525879,4.13000011444092,4.14300012588501,0,4.14300012588501
2024-07-31,4.12799978256226,4.13399982452393,4.09100008010864,4.10900020599365,0,4.10900020599365
2024-08-01,4.05299997329712,4.05299997329712,3.96499991416931,3.9760000705719,0,3.9760000705719
2024-08-02,3.94000005722046,3.94000005722046,3.79200005531311,3.79200005531311,0,3.79200005531311
2024-08-05,3.69700002670288,3.83200001716614,3.66899991035461,3.78500008583069,0,3.78500008583069
2024-08-06,3.83500003814697,3.90899991989136,3.8050000667572,3.88800001144409,0,3.88800001144409
2024-08-07,3.93700003623962,3.97699999809265,3.92799997329712,3.96799993515015,0,3.96799993515015
2024-08-08,3.93199992179871,4.02199983596802,3.92600011825562,3.99699997901917,0,3.99699997901917
2024-08-09,3.94700002670288,3.94700002670288,3.9210000038147,3.94199991226196,0,3.94199991226196
2024-08-12,3.94000005722046,3.96700000762939,3.89599990844727,3.90899991989136,0,3.90899991989136
2024-08-13,3.89599990844727,3.89800000190735,3.84800004959106,3.85199999809265,0,3.85199999809265
2024-08-14,3.83100008964539,3.87100005149841,3.81100010871887,3.8199999332428,0,3.8199999332428
2024-08-15,3.84699988365173,3.95300006866455,3.84500002861023,3.92600011825562,0,3.92600011825562
2024-08-16,3.87899994850159,3.92499995231628,3.86899995803833,3.89199995994568,0,3.89199995994568
2024-08-19,3.85999989509583,3.90000009536743,3.85199999809265,3.86700010299683,0,3.86700010299683
2024-08-20,3.86400008201599,3.86500000953674,3.81399989128113,3.81800007820129,0,3.81800007820129
2024-08-21,3.80999994277954,3.83100008964539,3.76300001144409,3.77800011634827,0,3.77800011634827
2024-08-22,3.83699989318848,3.87700009346008,3.82200002670288,3.86199998855591,0,3.86199998855591
2024-08-23,3.84599995613098,3.85599994659424,3.79099988937378,3.80699992179871,0,3.80699992179871
2024-08-26,3.80999994277954,3.82200002670288,3.7739999294281,3.81800007820129,0,3.81800007820129
2024-08-27,3.84999990463257,3.86700010299683,3.82200002670288,3.83299994468689,0,3.83299994468689
2024-08-28,3.82399988174438,3.84400010108948,3.8199999332428,3.84100008010864,0,3.84100008010864
2024-08-29,3.83100008964539,3.88800001144409,3.83100008964539,3.86700010299683,0,3.86700010299683
2024-08-30,3.86100006103516,3.91499996185303,3.85199999809265,3.91100001335144,0,3.91100001335144
2024-09-03,3.91499996185303,3.92300009727478,3.82500004768372,3.84400010108948,0,3.84400010108948
2024-09-04,3.82299995422363,3.84200000762939,3.76699995994568,3.76799988746643,0,3.76799988746643
2024-09-05,3.74000000953674,3.7720000743866,3.72099995613098,3.73099994659424,0,3.73099994659424
2024-09-06,3.70799994468689,3.76099991798401,3.64800000190735,3.71000003814697,0,3.71000003814697
2024-09-09,3.74799990653992,3.74799990653992,3.69099998474121,3.69700002670288,0,3.69700002670288
2024-09-10,3.71499991416931,3.71499991416931,3.63899993896484,3.64599990844727,0,3.64599990844727
2024-09-11,3.61400008201599,3.68899989128113,3.61400008201599,3.65300011634827,0,3.65300011634827
2024-09-12,3.66100001335144,3.7039999961853,3.64000010490417,3.6800000667572,0,3.6800000667572
2024-09-13,3.65899991989136,3.67600011825562,3.64400005340576,3.65000009536743,0,3.65000009536743
2024-09-16,3.63800001144409,3.66300010681152,3.61800003051758,3.62100005149841,0,3.62100005149841
2024-09-17,3.61400008201599,3.65499997138977,3.6029999256134,3.64199995994568,0,3.64199995994568
2024-09-18,3.68099999427795,3.69600009918213,3.63800001144409,3.68499994277954,0,3.68499994277954
2024-09-19,3.71900010108948,3.76799988746643,3.71099996566772,3.74000000953674,0,3.74000000953674
2024-09-20,3.73399996757507,3.76399993896484,3.71499991416931,3.7279999256134,0,3.7279999256134
2024-09-23,3.75799989700317,3.79399991035461,3.73000001907349,3.73900008201599,0,3.73900008201599
2024-09-24,3.79399991035461,3.80999994277954,3.7279999256134,3.73600006103516,0,3.73600006103516
2024-09-25,3.77500009536743,3.78299999237061,3.75600004196167,3.78099989891052,0,3.78099989891052
2024-09-26,3.75799989700317,3.82100009918213,3.75500011444092,3.79099988937378,0,3.79099988937378
2024-09-27,3.77699995040894,3.78299999237061,3.7409999370575,3.74900007247925,0,3.74900007247925
2024-09-30,3.78999996185303,3.80599999427795,3.75399994850159,3.80200004577637,0,3.80200004577637
2024-10-01,3.74499988555908,3.75200009346008,3.69600009918213,3.74300003051758,0,3.74300003051758
2024-10-02,3.78299999237061,3.81699991226196,3.77500009536743,3.78500008583069,0,3.78500008583069
2024-10-03,3.80699992179871,3.84999990463257,3.80200004577637,3.84999990463257,0,3.84999990463257
2024-10-04,3.86700010299683,3.98099994659424,3.86700010299683,3.98099994659424,0,3.98099994659424
2024-10-07,4.00600004196167,4.03299999237061,4.00400018692017,4.02600002288818,0,4.02600002288818
2024-10-08,4.03299999237061,4.05700016021729,4.02199983596802,4.03299999237061,0,4.03299999237061
2024-10-09,4.04300022125244,4.07800006866455,4.03200006484985,4.06699991226196,0,4.06699991226196
2024-10-10,4.0789999961853,4.11999988555908,4.05299997329712,4.09600019454956,0,4.09600019454956
2024-10-11,4.09200000762939,4.11600017547607,4.06699991226196,4.07299995422363,0,4.07299995422363
2024-10-14,4.09800004959106,4.09800004959106,4.09800004959106,4.09800004959106,0,4.09800004959106
2024-10-15,4.06899976730347,4.07499980926514,4.03200006484985,4.03800010681152,0,4.03800010681152
2024-10-16,4.01000022888184,4.02799987792969,3.99499988555908,4.01599979400635,0,4.01599979400635
2024-10-17,4.03200006484985,4.09999990463257,4.03200006484985,4.09600019454956,0,4.09600019454956
2024-10-18,4.10799980163574,4.1100001335144,4.06500005722046,4.07299995422363,0,4.07299995422363
2024-10-21,4.13800001144409,4.18599987030029,4.12400007247925,4.18200016021729,0,4.18200016021729
2024-10-22,4.18599987030029,4.21600008010864,4.16599988937378,4.2039999961853,0,4.2039999961853
2024-10-23,4.23600006103516,4.25799989700317,4.21999979019165,4.24200010299683,0,4.24200010299683
2024-10-24,4.19799995422363,4.23999977111816,4.18200016021729,4.19999980926514,0,4.19999980926514
2024-10-25,4.2039999961853,4.23400020599365,4.17799997329712,4.23199987411499,0,4.23199987411499
2024-10-28,4.2480001449585,4.30000019073486,4.23000001907349,4.27799987792969,0,4.27799987792969
2024-10-29,4.30600023269653,4.33900022506714,4.27199983596802,4.27400016784668,0,4.27400016784668
2024-10-30,4.26000022888184,4.27799987792969,4.19799995422363,4.26599979400635,0,4.26599979400635
2024-10-31,4.28800010681152,4.33300018310547,4.26000022888184,4.28399991989136,0,4.28399991989136
2024-11-01,4.30700016021729,4.36499977111816,4.22300004959106,4.36100006103516,0,4.36100006103516
2024-11-04,4.2810001373291,4.3289999961853,4.26300001144409,4.30900001525879,0,4.30900001525879
2024-11-05,4.33099985122681,4.36600017547607,4.28499984741211,4.28900003433228,0,4.28900003433228
2024-11-06,4.43200016021729,4.47700023651123,4.40199995040894,4.42600011825562,0,4.42600011825562
2024-11-07,4.41599988937378,4.43300008773804,4.33900022506714,4.34100008010864,0,4.34100008010864
2024-11-08,4.31400012969971,4.32999992370605,4.26399993896484,4.30600023269653,0,4.30600023269653
2024-11-11,4.30800008773804,4.30800008773804,4.30800008773804,4.30800008773804,0,4.30800008773804
2024-11-12,4.37099981307983,4.44299983978271,4.36100006103516,4.43200016021729,0,4.43200016021729
2024-11-13,4.43300008773804,4.46099996566772,4.35900020599365,4.45100021362305,0,4.45100021362305
2024-11-14,4.44500017166138,4.48299980163574,4.38600015640259,4.41800022125244,0,4.41800022125244
2024-11-15,4.42999982833862,4.50500011444092,4.40000009536743,4.42799997329712,0,4.42799997329712
2024-11-18,4.48099994659424,4.49100017547607,4.40799999237061,4.41400003433228,0,4.41400003433228
2024-11-19,4.36299991607666,4.39200019836426,4.33699989318848,4.37900018692017,0,4.37900018692017
2024-11-20,4.42199993133545,4.43800020217896,4.38800001144409,4.4060001373291,0,4.4060001373291
2024-11-21,4.40399980545044,4.43800020217896,4.3769998550415,4.43200016021729,0,4.43200016021729
2024-11-22,4.3899998664856,4.42999982833862,4.38299989700317,4.40999984741211,0,4.40999984741211
2024-11-25,4.31799983978271,4.33199977874756,4.26100015640259,4.2649998664856,0,4.2649998664856
2024-11-26,4.28900003433228,4.32399988174438,4.2810001373291,4.30200004577637,0,4.30200004577637
2024-11-27,4.25,4.27500009536743,4.22700023651123,4.24200010299683,0,4.24200010299683
2024-11-29,4.22499990463257,4.22499990463257,4.17199993133545,4.17799997329712,0,4.17799997329712
2024-12-02,4.20699977874756,4.2480001449585,4.17399978637695,4.19600009918213,0,4.19600009918213
2024-12-03,4.21099996566772,4.22700023651123,4.16499996185303,4.22300004959106,0,4.22300004959106
2024-12-04,4.27099990844727,4.2810001373291,4.17600011825562,4.17999982833862,0,4.17999982833862
2024-12-05,4.20699977874756,4.22499990463257,4.17399978637695,4.17999982833862,0,4.17999982833862
2024-12-06,4.18400001525879,4.21500015258789,4.12599992752075,4.15100002288818,0,4.15100002288818
2024-12-09,4.18200016021729,4.19899988174438,4.16400003433228,4.19899988174438,0,4.19899988174438
2024-12-10,4.23400020599365,4.24399995803833,4.21700000762939,4.22100019454956,0,4.22100019454956
2024-12-11,4.25,4.27699995040894,4.20100021362305,4.27099990844727,0,4.27099990844727
2024-12-12,4.30000019073486,4.33199977874756,4.26900005340576,4.32399988174438,0,4.32399988174438
2024-12-13,4.3439998626709,4.40299987792969,4.34200000762939,4.39900016784668,0,4.39900016784668
2024-12-16,4.36899995803833,4.41099977493286,4.36100006103516,4.39699983596802,0,4.39699983596802
2024-12-17,4.42999982833862,4.43400001525879,4.3730001449585,4.38500022888184,0,4.38500022888184
2024-12-18,4.41800022125244,4.4980001449585,4.38299989700317,4.49399995803833,0,4.49399995803833
2024-12-19,4.53200006484985,4.5939998626709,4.52799987792969,4.57000017166138,0,4.57000017166138
2024-12-20,4.54199981689453,4.5460000038147,4.48400020599365,4.52400016784668,0,4.52400016784668
2024-12-23,4.55000019073486,4.59899997711182,4.53399991989136,4.59899997711182,0,4.59899997711182
2024-12-24,4.60900020599365,4.62900018692017,4.58300018310547,4.59100008010864,0,4.59100008010864
2024-12-26,4.63100004196167,4.64099979400635,4.57299995422363,4.5789999961853,0,4.5789999961853
2024-12-27,4.60300016403198,4.6230001449585,4.57499980926514,4.61899995803833,0,4.61899995803833
2024-12-30,4.5770001411438,4.5770001411438,4.53700017929077,4.54500007629395,0,4.54500007629395
