"date","open","high","low","close","volume","adjusted","country","ticker_used"
2010-01-04,68587,70081,68587,70045,1655400,70045,"Brazil","^BVSP"
2010-01-05,70046,70595,69928,70240,1984200,70240,"Brazil","^BVSP"
2010-01-06,70237,70937,70016,70729,2243600,70729,"Brazil","^BVSP"
2010-01-07,70723,70723,70045,70451,1555000,70451,"Brazil","^BVSP"
2010-01-08,70455,70766,70158,70263,1634400,70263,"Brazil","^BVSP"
2010-01-11,70267,71068,70158,70433,1569000,70433,"Brazil","^BVSP"
2010-01-12,70429,70429,69284,70076,1628600,70076,"Brazil","^BVSP"
2010-01-13,70081,70626,69535,70385,1818800,70385,"Brazil","^BVSP"
2010-01-14,70377,70508,69661,69801,1830200,69801,"Brazil","^BVSP"
2010-01-15,69780,69788,68695,68978,1648400,68978,"Brazil","^BVSP"
2010-01-18,68983,69748,68983,69401,1139000,69401,"Brazil","^BVSP"
2010-01-19,69396,70036,68867,69909,1323400,69909,"Brazil","^BVSP"
2010-01-20,69901,69901,67546,68200,1990600,68200,"Brazil","^BVSP"
2010-01-21,68200,68458,65996,66270,2263800,66270,"Brazil","^BVSP"
2010-01-22,66264,66660,65445,66220,1305000,66220,"Brazil","^BVSP"
2010-01-26,66213,66213,64719,65524,1990400,65524,"Brazil","^BVSP"
2010-01-27,65527,65663,64553,65070,1813600,65070,"Brazil","^BVSP"
2010-01-28,65071,66049,64541,65588,1649400,65588,"Brazil","^BVSP"
2010-01-29,65591,66576,65140,65402,1823200,65402,"Brazil","^BVSP"
2010-02-01,65402,66763,65362,66572,1494400,66572,"Brazil","^BVSP"
2010-02-02,66589,67321,66539,67163,1587800,67163,"Brazil","^BVSP"
2010-02-03,67163,67347,66774,67109,1765000,67109,"Brazil","^BVSP"
2010-02-04,67100,67100,63750,63934,2262400,63934,"Brazil","^BVSP"
2010-02-05,63934,64001,61341,62763,3053000,62763,"Brazil","^BVSP"
2010-02-08,62760,63923,62728,63153,1875600,63153,"Brazil","^BVSP"
2010-02-09,63164,65526,63164,64718,1357400,64718,"Brazil","^BVSP"
2010-02-10,64721,65170,64320,65051,891000,65051,"Brazil","^BVSP"
2010-02-11,65050,66145,64344,66129,1259000,66129,"Brazil","^BVSP"
2010-02-12,66129,66133,65123,65855,873200,65855,"Brazil","^BVSP"
2010-02-17,65863,67542,65863,67285,0,67285,"Brazil","^BVSP"
2010-02-18,67285,67836,66550,67836,1286600,67836,"Brazil","^BVSP"
2010-02-19,67811,67935,67210,67597,1248000,67597,"Brazil","^BVSP"
2010-02-22,67598,68120,67035,67184,1401600,67184,"Brazil","^BVSP"
2010-02-23,67179,67179,65660,66108,1644800,66108,"Brazil","^BVSP"
2010-02-24,66110,66514,65534,65795,1573000,65795,"Brazil","^BVSP"
2010-02-25,65765,66325,64429,66121,1792200,66121,"Brazil","^BVSP"
2010-02-26,66118,66510,65607,66503,1731400,66503,"Brazil","^BVSP"
2010-03-01,66511,67397,66511,67228,1363000,67228,"Brazil","^BVSP"
2010-03-02,67228,68250,67228,67779,1708600,67779,"Brazil","^BVSP"
2010-03-03,67780,68813,67482,67641,2113800,67641,"Brazil","^BVSP"
2010-03-04,67643,68198,66924,67815,1398600,67815,"Brazil","^BVSP"
2010-03-05,67823,68930,67823,68847,1950600,68847,"Brazil","^BVSP"
2010-03-08,68851,69070,68318,68575,1428200,68575,"Brazil","^BVSP"
2010-03-09,68573,70144,68255,69576,2464200,69576,"Brazil","^BVSP"
2010-03-10,69578,70476,69578,69979,1909200,69979,"Brazil","^BVSP"
2010-03-11,69981,70183,69411,69885,1627200,69885,"Brazil","^BVSP"
2010-03-12,69901,70486,69341,69341,1569000,69341,"Brazil","^BVSP"
2010-03-15,69340,69384,68623,69024,1453000,69024,"Brazil","^BVSP"
2010-03-16,69023,69949,69022,69942,1302400,69942,"Brazil","^BVSP"
2010-03-17,69945,70424,69376,69723,1372000,69723,"Brazil","^BVSP"
2010-03-18,69726,70128,68972,69697,1656200,69697,"Brazil","^BVSP"
2010-03-19,69701,69998,68773,68829,1957400,68829,"Brazil","^BVSP"
2010-03-22,68814,69121,67899,69042,1395200,69042,"Brazil","^BVSP"
2010-03-23,69049,69613,68913,69387,1606600,69387,"Brazil","^BVSP"
2010-03-24,69382,69677,68744,68913,1597400,68913,"Brazil","^BVSP"
2010-03-25,68916,69572,68377,68442,1478400,68442,"Brazil","^BVSP"
2010-03-26,68442,68910,68024,68683,1771400,68683,"Brazil","^BVSP"
2010-03-29,68681,69943,68681,69939,1528000,69939,"Brazil","^BVSP"
2010-03-30,69942,70451,69750,69960,1490000,69960,"Brazil","^BVSP"
2010-03-31,69960,70392,69573,70372,1676800,70372,"Brazil","^BVSP"
2010-04-01,70375,71401,70373,71136,1552800,71136,"Brazil","^BVSP"
2010-04-05,71148,71645,71148,71290,1316000,71290,"Brazil","^BVSP"
2010-04-06,71290,71711,70823,71096,1697000,71096,"Brazil","^BVSP"
2010-04-07,71092,71257,70531,70793,1720400,70793,"Brazil","^BVSP"
2010-04-08,70793,71805,70462,71785,1701800,71785,"Brazil","^BVSP"
2010-04-09,71783,71989,71307,71417,1680000,71417,"Brazil","^BVSP"
2010-04-12,71414,71607,70505,70614,1471600,70614,"Brazil","^BVSP"
2010-04-13,70618,71053,70169,70792,1634200,70792,"Brazil","^BVSP"
2010-04-14,70794,71207,70628,71035,1758800,71035,"Brazil","^BVSP"
2010-04-15,71036,71066,70429,70524,2264600,70524,"Brazil","^BVSP"
2010-04-16,70522,70522,69013,69421,2043800,69421,"Brazil","^BVSP"
2010-04-19,69418,69431,68378,69098,1722000,69098,"Brazil","^BVSP"
2010-04-20,69101,69702,69101,69318,1750200,69318,"Brazil","^BVSP"
2010-04-22,69313,69528,68081,69386,1787200,69386,"Brazil","^BVSP"
2010-04-23,69388,69709,68832,69509,1366800,69509,"Brazil","^BVSP"
2010-04-26,69509,69810,68813,68872,1179400,68872,"Brazil","^BVSP"
2010-04-27,68868,68868,66499,66511,2062200,66511,"Brazil","^BVSP"
2010-04-28,66513,67253,65914,66656,1855600,66656,"Brazil","^BVSP"
2010-04-29,66661,68012,66661,67978,1609400,67978,"Brazil","^BVSP"
2010-04-30,67975,67975,67243,67530,2120200,67530,"Brazil","^BVSP"
2010-05-03,67534,67969,66723,67119,1776000,67119,"Brazil","^BVSP"
2010-05-04,67116,67116,64588,64869,2820000,64869,"Brazil","^BVSP"
2010-05-05,64859,65612,63533,64914,2681200,64914,"Brazil","^BVSP"
2010-05-06,64915,65533,60774,63414,3207600,63414,"Brazil","^BVSP"
2010-05-07,63416,63945,61663,62871,2903400,62871,"Brazil","^BVSP"
2010-05-10,62872,66083,62872,65453,2377400,65453,"Brazil","^BVSP"
2010-05-11,65449,65733,64425,64425,2401600,64425,"Brazil","^BVSP"
2010-05-12,64438,65351,64438,65224,1981400,65224,"Brazil","^BVSP"
2010-05-13,65223,65427,64738,64788,1798200,64788,"Brazil","^BVSP"
2010-05-14,64787,64787,63050,63412,2220800,63412,"Brazil","^BVSP"
2010-05-17,63406,63593,61825,62866,2746000,62866,"Brazil","^BVSP"
2010-05-18,62871,63529,60810,60841,2787000,60841,"Brazil","^BVSP"
2010-05-19,60841,60850,59068,59689,3203000,59689,"Brazil","^BVSP"
2010-05-20,59684,59684,57634,58192,3369200,58192,"Brazil","^BVSP"
2010-05-21,58192,60303,57997,60259,2558200,60259,"Brazil","^BVSP"
2010-05-24,60255,60850,59815,59915,1792600,59915,"Brazil","^BVSP"
2010-05-25,59912,59912,57876,59184,2477800,59184,"Brazil","^BVSP"
2010-05-26,59182,60701,59179,60190,3638600,60190,"Brazil","^BVSP"
2010-05-27,60191,62262,60189,62092,2388000,62092,"Brazil","^BVSP"
2010-05-28,62080,62247,61305,61947,2081600,61947,"Brazil","^BVSP"
2010-05-31,61950,63047,61950,63047,1197600,63047,"Brazil","^BVSP"
2010-06-01,63033,63033,61605,61841,2253800,61841,"Brazil","^BVSP"
2010-06-02,61836,63198,61814,62943,1878400,62943,"Brazil","^BVSP"
2010-06-04,62940,62940,61422,61676,1691000,61676,"Brazil","^BVSP"
2010-06-07,61675,62119,61099,61183,1627000,61183,"Brazil","^BVSP"
2010-06-08,61187,62000,61187,61856,1605200,61856,"Brazil","^BVSP"
2010-06-09,61799,62684,61479,61479,1736400,61479,"Brazil","^BVSP"
2010-06-10,61484,63146,61484,63049,1717000,63049,"Brazil","^BVSP"
2010-06-11,63044,63766,62371,63605,1345800,63605,"Brazil","^BVSP"
2010-06-14,63613,64296,63529,63533,1793600,63533,"Brazil","^BVSP"
2010-06-15,63534,64554,63534,64442,1267200,64442,"Brazil","^BVSP"
2010-06-16,64442,65097,63974,64751,2441000,64751,"Brazil","^BVSP"
2010-06-17,64745,65182,64115,64541,1888800,64541,"Brazil","^BVSP"
2010-06-18,64542,64941,64239,64438,1871800,64438,"Brazil","^BVSP"
2010-06-21,64442,65517,64442,64829,1623000,64829,"Brazil","^BVSP"
2010-06-22,64834,65831,64690,64811,1931800,64811,"Brazil","^BVSP"
2010-06-23,64812,65161,64247,65160,1762200,65160,"Brazil","^BVSP"
2010-06-24,65154,65154,63736,63937,1786400,63937,"Brazil","^BVSP"
2010-06-25,63937,64869,63806,64824,1257200,64824,"Brazil","^BVSP"
2010-06-28,64825,65105,64225,64225,943200,64225,"Brazil","^BVSP"
2010-06-29,64216,64216,61670,61978,2196000,61978,"Brazil","^BVSP"
2010-06-30,61972,62645,60936,60936,1958400,60936,"Brazil","^BVSP"
2010-07-01,60935,61381,60056,61236,2130000,61236,"Brazil","^BVSP"
2010-07-02,61236,61812,60764,61430,1143800,61430,"Brazil","^BVSP"
2010-07-05,61436,61667,60796,60865,760000,60865,"Brazil","^BVSP"
2010-07-06,60870,62451,60870,62065,1786600,62065,"Brazil","^BVSP"
2010-07-07,62067,63313,62004,63284,1732200,63284,"Brazil","^BVSP"
2010-07-08,63282,63596,62895,63476,1658000,63476,"Brazil","^BVSP"
2010-07-12,63477,63972,62750,62960,1229000,62960,"Brazil","^BVSP"
2010-07-13,62964,63777,62964,63686,1583800,63686,"Brazil","^BVSP"
2010-07-14,63686,63688,63015,63479,1450400,63479,"Brazil","^BVSP"
2010-07-15,63482,63612,62960,63489,1564800,63489,"Brazil","^BVSP"
2010-07-16,63487,63492,62298,62339,1326400,62339,"Brazil","^BVSP"
2010-07-19,62351,63300,62351,63297,1276400,63297,"Brazil","^BVSP"
2010-07-20,63290,64481,62902,64463,2429400,64463,"Brazil","^BVSP"
2010-07-21,64468,65136,64209,64477,1821800,64477,"Brazil","^BVSP"
2010-07-22,64504,66213,64504,65748,2320600,65748,"Brazil","^BVSP"
2010-07-23,65748,66323,65427,66323,1540000,66323,"Brazil","^BVSP"
2010-07-26,66322,66619,66151,66443,1234400,66443,"Brazil","^BVSP"
2010-07-27,66449,67102,66293,66674,1601800,66674,"Brazil","^BVSP"
2010-07-28,66670,67051,66427,66808,1939400,66808,"Brazil","^BVSP"
2010-07-29,66796,67428,66596,66954,2160200,66954,"Brazil","^BVSP"
2010-07-30,66951,67608,66218,67515,2088400,67515,"Brazil","^BVSP"
2010-08-02,67524,68754,67524,68517,1766600,68517,"Brazil","^BVSP"
2010-08-03,68517,68561,67942,67997,1900000,67997,"Brazil","^BVSP"
2010-08-04,67996,68534,67577,68272,1875200,68272,"Brazil","^BVSP"
2010-08-05,68271,68471,68002,68412,1611600,68412,"Brazil","^BVSP"
2010-08-06,68416,68509,67686,68095,1513200,68095,"Brazil","^BVSP"
2010-08-09,68096,68513,67749,67862,1254800,67862,"Brazil","^BVSP"
2010-08-10,67836,67836,66946,67223,1625400,67223,"Brazil","^BVSP"
2010-08-11,67217,67217,65690,65790,1732800,65790,"Brazil","^BVSP"
2010-08-12,65788,66027,65257,65966,1546600,65966,"Brazil","^BVSP"
2010-08-13,65964,66590,65921,66264,1841200,66264,"Brazil","^BVSP"
2010-08-16,66260,66868,66187,66702,1394800,66702,"Brazil","^BVSP"
2010-08-17,66702,67666,66702,67584,1747000,67584,"Brazil","^BVSP"
2010-08-18,67584,67745,67006,67638,2367000,67638,"Brazil","^BVSP"
2010-08-19,67641,67713,66824,66887,1920000,66887,"Brazil","^BVSP"
2010-08-20,66892,66892,66337,66677,1414600,66677,"Brazil","^BVSP"
2010-08-23,66678,67175,65982,65982,1379600,65982,"Brazil","^BVSP"
2010-08-24,65946,65946,65013,65156,1604200,65156,"Brazil","^BVSP"
2010-08-25,65156,65156,64164,64803,1753000,64803,"Brazil","^BVSP"
2010-08-26,64802,65271,63804,63867,1773400,63867,"Brazil","^BVSP"
2010-08-27,63875,65589,63848,65585,1764000,65585,"Brazil","^BVSP"
2010-08-30,65585,65585,64255,64261,1286400,64261,"Brazil","^BVSP"
2010-08-31,64262,65182,64202,65145,3284800,65145,"Brazil","^BVSP"
2010-09-01,65154,67073,65154,67073,2509000,67073,"Brazil","^BVSP"
2010-09-02,67073,67168,66405,66808,1601200,66808,"Brazil","^BVSP"
2010-09-03,66812,67673,66541,66679,2019200,66679,"Brazil","^BVSP"
2010-09-06,66679,66949,66380,66747,651400,66747,"Brazil","^BVSP"
2010-09-08,66739,66739,66101,66407,1716000,66407,"Brazil","^BVSP"
2010-09-09,66411,66807,66353,66624,1438800,66624,"Brazil","^BVSP"
2010-09-10,66622,66920,66459,66807,1561000,66807,"Brazil","^BVSP"
2010-09-13,66807,68142,66807,68031,2144400,68031,"Brazil","^BVSP"
2010-09-14,68030,68093,67561,67692,2594000,67692,"Brazil","^BVSP"
2010-09-15,67690,68107,67119,68107,2234200,68107,"Brazil","^BVSP"
2010-09-16,68103,68103,67507,67663,1464400,67663,"Brazil","^BVSP"
2010-09-17,67665,67773,66993,67089,1629400,67089,"Brazil","^BVSP"
2010-09-20,67087,68241,67009,68190,1775200,68190,"Brazil","^BVSP"
2010-09-21,68189,68255,67528,67719,1734000,67719,"Brazil","^BVSP"
2010-09-22,67711,68549,67346,68325,2495200,68325,"Brazil","^BVSP"
2010-09-23,68321,69601,67892,68794,3305200,68794,"Brazil","^BVSP"
2010-09-24,68800,69571,68021,68196,3441000,68196,"Brazil","^BVSP"
2010-09-27,68197,68926,68011,68816,2138600,68816,"Brazil","^BVSP"
2010-09-28,68817,69431,68455,69228,1851800,69228,"Brazil","^BVSP"
2010-09-29,69225,69420,68958,69228,3067200,69228,"Brazil","^BVSP"
2010-09-30,69230,69737,68924,69430,2466200,69430,"Brazil","^BVSP"
2010-10-01,69438,70243,69228,70229,2452600,70229,"Brazil","^BVSP"
2010-10-04,70230,70551,70089,70385,1876800,70385,"Brazil","^BVSP"
2010-10-05,70390,71285,70390,71283,2713000,71283,"Brazil","^BVSP"
2010-10-06,71284,71290,70343,70541,2780600,70541,"Brazil","^BVSP"
2010-10-07,70545,70739,69314,69918,2587200,69918,"Brazil","^BVSP"
2010-10-08,69921,70828,69698,70809,2136000,70809,"Brazil","^BVSP"
2010-10-11,70810,71111,70810,70946,1169000,70946,"Brazil","^BVSP"
2010-10-13,70950,71995,70950,71675,2985000,71675,"Brazil","^BVSP"
2010-10-14,71676,71961,71264,71692,2633000,71692,"Brazil","^BVSP"
2010-10-15,71699,72140,71351,71830,2015200,71830,"Brazil","^BVSP"
2010-10-18,71830,71884,71341,71736,2111600,71736,"Brazil","^BVSP"
2010-10-19,71735,71735,69628,69864,2495200,69864,"Brazil","^BVSP"
2010-10-20,69863,70720,69814,70405,2407200,70405,"Brazil","^BVSP"
2010-10-21,70406,70958,68952,69652,2587800,69652,"Brazil","^BVSP"
2010-10-22,69658,70312,68847,69530,2421600,69530,"Brazil","^BVSP"
2010-10-25,69536,70231,69451,69580,3836000,69580,"Brazil","^BVSP"
2010-10-26,69582,70834,69055,70740,2576800,70740,"Brazil","^BVSP"
2010-10-27,70735,70844,70059,70569,2202600,70569,"Brazil","^BVSP"
2010-10-28,70573,71263,70234,70320,2230200,70320,"Brazil","^BVSP"
2010-10-29,70322,70776,70322,70673,2208800,70673,"Brazil","^BVSP"
2010-11-01,70686,71751,70673,71561,1555000,71561,"Brazil","^BVSP"
2010-11-03,71560,72110,71510,71905,2145800,71905,"Brazil","^BVSP"
2010-11-04,71910,73103,71910,72996,2175800,72996,"Brazil","^BVSP"
2010-11-05,72987,72987,72534,72607,1732000,72607,"Brazil","^BVSP"
2010-11-08,72607,72875,72336,72657,1077600,72657,"Brazil","^BVSP"
2010-11-09,72654,73045,71651,71679,1505000,71679,"Brazil","^BVSP"
2010-11-10,71674,71854,70868,71638,0,71638,"Brazil","^BVSP"
2010-11-11,71639,71639,70941,71195,1353200,71195,"Brazil","^BVSP"
2010-11-12,71191,71191,70004,70367,1188600,70367,"Brazil","^BVSP"
2010-11-16,70364,70364,68662,69192,2240800,69192,"Brazil","^BVSP"
2010-11-17,69189,70080,69187,69709,0,69709,"Brazil","^BVSP"
2010-11-18,69716,70904,69716,70781,1881600,70781,"Brazil","^BVSP"
2010-11-19,70774,70898,70236,70898,1506400,70898,"Brazil","^BVSP"
2010-11-22,70898,70898,69202,69633,1739200,69633,"Brazil","^BVSP"
2010-11-23,69629,69629,67728,67953,2080600,67953,"Brazil","^BVSP"
2010-11-24,67955,69746,67955,69629,1990600,69629,"Brazil","^BVSP"
2010-11-25,69634,69780,69362,69362,981600,69362,"Brazil","^BVSP"
2010-11-26,69349,69349,68219,68226,1564800,68226,"Brazil","^BVSP"
2010-11-29,68218,68422,67103,67908,1777800,67908,"Brazil","^BVSP"
2010-11-30,67901,68476,67271,67705,2159200,67705,"Brazil","^BVSP"
2010-12-01,67731,69605,67731,69346,0,69346,"Brazil","^BVSP"
2010-12-02,69341,69943,69219,69527,2111800,69527,"Brazil","^BVSP"
2010-12-03,69529,69963,68943,69766,2828000,69766,"Brazil","^BVSP"
2010-12-06,69759,69932,69378,69552,0,69552,"Brazil","^BVSP"
2010-12-07,69563,70589,69338,69338,0,69338,"Brazil","^BVSP"
2010-12-08,69338,69354,68046,68175,2671600,68175,"Brazil","^BVSP"
2010-12-09,68173,68561,67563,67879,2447200,67879,"Brazil","^BVSP"
2010-12-10,67889,68514,67866,68342,0,68342,"Brazil","^BVSP"
2010-12-13,68342,69221,68342,69126,0,69126,"Brazil","^BVSP"
2010-12-14,69127,69127,68531,68743,0,68743,"Brazil","^BVSP"
2010-12-15,68741,68741,67711,67870,2962400,67870,"Brazil","^BVSP"
2010-12-16,67875,68377,67138,67306,2401400,67306,"Brazil","^BVSP"
2010-12-17,67304,67981,66948,67981,0,67981,"Brazil","^BVSP"
2010-12-20,67979,68196,67264,67264,2352800,67264,"Brazil","^BVSP"
2010-12-21,67261,68461,67261,68215,1897400,68215,"Brazil","^BVSP"
2010-12-22,68218,68472,67727,68471,1656800,68471,"Brazil","^BVSP"
2010-12-23,68470,68562,68250,68486,1229400,68486,"Brazil","^BVSP"
2010-12-27,68476,68476,67803,67803,1035400,67803,"Brazil","^BVSP"
2010-12-28,67810,68104,67810,68041,0,68041,"Brazil","^BVSP"
2010-12-29,68043,69040,68043,68952,1307800,68952,"Brazil","^BVSP"
2010-12-30,68953,69527,68940,69305,2102200,69305,"Brazil","^BVSP"
2011-01-03,69310,70471,69305,69962,1862400,69962,"Brazil","^BVSP"
2011-01-04,69962,70318,69560,70318,2427200,70318,"Brazil","^BVSP"
2011-01-05,70311,71173,69802,71091,2309200,71091,"Brazil","^BVSP"
2011-01-06,71093,71167,70469,70579,2546000,70579,"Brazil","^BVSP"
2011-01-07,70580,70783,69718,70057,1761000,70057,"Brazil","^BVSP"
2011-01-10,70056,70133,69666,70127,1610800,70127,"Brazil","^BVSP"
2011-01-11,70146,70647,70145,70423,2138000,70423,"Brazil","^BVSP"
2011-01-12,70429,71633,70429,71633,2516000,71633,"Brazil","^BVSP"
2011-01-13,71631,71924,70719,70721,2237800,70721,"Brazil","^BVSP"
2011-01-14,70723,71184,70397,70940,1806600,70940,"Brazil","^BVSP"
2011-01-17,70940,70940,70544,70609,1538600,70609,"Brazil","^BVSP"
2011-01-18,70612,71094,70612,70920,1877400,70920,"Brazil","^BVSP"
2011-01-19,70921,71190,69966,70058,1884800,70058,"Brazil","^BVSP"
2011-01-20,70056,70083,69177,69562,2169600,69562,"Brazil","^BVSP"
2011-01-21,69560,70027,69095,69133,2071800,69133,"Brazil","^BVSP"
2011-01-24,69134,69513,68786,69427,1474400,69427,"Brazil","^BVSP"
2011-01-26,69427,69556,68515,68709,2542400,68709,"Brazil","^BVSP"
2011-01-27,68717,69108,67775,68051,2304400,68051,"Brazil","^BVSP"
2011-01-28,68051,68182,65898,66698,2544000,66698,"Brazil","^BVSP"
2011-01-31,66697,67166,66271,66575,2253800,66575,"Brazil","^BVSP"
2011-02-01,66575,67922,66575,67847,2114000,67847,"Brazil","^BVSP"
2011-02-02,67844,68012,66643,66688,2551400,66688,"Brazil","^BVSP"
2011-02-03,66688,66849,66091,66765,2380800,66765,"Brazil","^BVSP"
2011-02-04,66752,66946,65160,65269,2676800,65269,"Brazil","^BVSP"
2011-02-07,65272,65893,64916,65362,1980400,65362,"Brazil","^BVSP"
2011-02-08,65359,66238,65110,65771,2764000,65771,"Brazil","^BVSP"
2011-02-09,65767,65767,64016,64218,2811400,64218,"Brazil","^BVSP"
2011-02-10,64217,65106,64185,64578,2356400,64578,"Brazil","^BVSP"
2011-02-11,64582,65890,64562,65756,2396400,65756,"Brazil","^BVSP"
2011-02-14,65751,66743,65462,66558,1945000,66558,"Brazil","^BVSP"
2011-02-15,66558,66861,66117,66341,2355400,66341,"Brazil","^BVSP"
2011-02-16,66342,67793,66342,67571,2672400,67571,"Brazil","^BVSP"
2011-02-17,67580,67876,67107,67685,2147800,67685,"Brazil","^BVSP"
2011-02-18,67685,68226,67386,68067,1944000,68067,"Brazil","^BVSP"
2011-02-21,68067,68067,67085,67259,1453000,67259,"Brazil","^BVSP"
2011-02-22,67255,67570,66342,66440,3045400,66440,"Brazil","^BVSP"
2011-02-23,66440,67266,66049,66910,3335000,66910,"Brazil","^BVSP"
2011-02-24,66909,67344,66693,66949,2699200,66949,"Brazil","^BVSP"
2011-02-25,66952,67632,66331,66903,2394600,66903,"Brazil","^BVSP"
2011-02-28,66909,67458,66687,67383,2640400,67383,"Brazil","^BVSP"
2011-03-01,67381,67708,66243,66243,2166400,66243,"Brazil","^BVSP"
2011-03-02,66242,67282,66101,67282,2518600,67282,"Brazil","^BVSP"
2011-03-03,67284,68188,67284,68146,2254600,68146,"Brazil","^BVSP"
2011-03-04,68138,68220,67514,68012,1840000,68012,"Brazil","^BVSP"
2011-03-09,68010,68057,67109,67264,1407600,67264,"Brazil","^BVSP"
2011-03-10,67256,67256,65854,66041,2375000,66041,"Brazil","^BVSP"
2011-03-11,66041,67014,65559,66685,2491000,66685,"Brazil","^BVSP"
2011-03-14,66684,67333,66088,67169,1874200,67169,"Brazil","^BVSP"
2011-03-15,67168,67168,65463,67005,2852200,67005,"Brazil","^BVSP"
2011-03-16,67011,67502,65663,66003,3056800,66003,"Brazil","^BVSP"
2011-03-17,66017,66950,66015,66216,1985000,66216,"Brazil","^BVSP"
2011-03-18,66217,67384,66217,66880,2842800,66880,"Brazil","^BVSP"
2011-03-21,66887,67676,66656,66690,2557400,66690,"Brazil","^BVSP"
2011-03-22,66684,67631,66531,67578,2357800,67578,"Brazil","^BVSP"
2011-03-23,67570,67918,67317,67796,2145600,67796,"Brazil","^BVSP"
2011-03-24,67799,68009,67406,67533,1819800,67533,"Brazil","^BVSP"
2011-03-25,67528,68256,67497,67766,2223800,67766,"Brazil","^BVSP"
2011-03-28,67767,68070,67193,67193,1444400,67193,"Brazil","^BVSP"
2011-03-29,67194,67862,67046,67419,1768200,67419,"Brazil","^BVSP"
2011-03-30,67423,68004,67423,67997,1859800,67997,"Brazil","^BVSP"
2011-03-31,68000,68606,68000,68587,2124400,68587,"Brazil","^BVSP"
2011-04-01,68588,69387,68588,69268,2397400,69268,"Brazil","^BVSP"
2011-04-04,69270,69787,69270,69704,1200,69704,"Brazil","^BVSP"
2011-04-05,69704,70047,69465,69838,0,69838,"Brazil","^BVSP"
2011-04-06,69841,70108,68954,69037,0,69037,"Brazil","^BVSP"
2011-04-07,69040,69334,68695,69176,0,69176,"Brazil","^BVSP"
2011-04-08,69180,69430,68472,68718,2111400,68718,"Brazil","^BVSP"
2011-04-11,68719,69177,68029,68164,2173800,68164,"Brazil","^BVSP"
2011-04-12,68153,68153,66721,66896,2525800,66896,"Brazil","^BVSP"
2011-04-13,66909,67411,66251,66486,2515200,66486,"Brazil","^BVSP"
2011-04-14,66483,67042,66090,66279,2259000,66279,"Brazil","^BVSP"
2011-04-15,66281,66765,65832,66684,2145800,66684,"Brazil","^BVSP"
2011-04-18,66689,66706,65158,65415,3060400,65415,"Brazil","^BVSP"
2011-04-19,65417,66257,65417,66158,2214400,66158,"Brazil","^BVSP"
2011-04-20,66165,67077,66165,67058,2397400,67058,"Brazil","^BVSP"
2011-04-25,67058,67124,66552,66972,1385800,66972,"Brazil","^BVSP"
2011-04-26,66972,67413,66722,67144,1726600,67144,"Brazil","^BVSP"
2011-04-27,67143,67228,65885,66264,2151200,66264,"Brazil","^BVSP"
2011-04-28,66249,66249,65105,65673,3090000,65673,"Brazil","^BVSP"
2011-04-29,65664,66294,65461,66133,2645000,66133,"Brazil","^BVSP"
2011-05-02,66119,66500,65346,65463,2306800,65463,"Brazil","^BVSP"
2011-05-03,65458,65468,64244,64318,2235400,64318,"Brazil","^BVSP"
2011-05-04,64320,64807,63548,63616,2490000,63616,"Brazil","^BVSP"
2011-05-05,63609,64268,62973,63407,2806000,63407,"Brazil","^BVSP"
2011-05-06,63422,64704,63422,64417,2690000,64417,"Brazil","^BVSP"
2011-05-09,64416,64782,64150,64622,1880800,64622,"Brazil","^BVSP"
2011-05-10,64622,65143,64619,64877,1982600,64877,"Brazil","^BVSP"
2011-05-11,64877,64877,63622,63776,2458400,63776,"Brazil","^BVSP"
2011-05-12,63772,64329,63125,64003,2486800,64003,"Brazil","^BVSP"
2011-05-13,64003,64165,63063,63235,2667400,63235,"Brazil","^BVSP"
2011-05-16,63233,63829,62676,62830,2459600,62830,"Brazil","^BVSP"
2011-05-17,62830,63680,62414,63673,2210800,63673,"Brazil","^BVSP"
2011-05-18,63675,64015,62830,62841,2488000,62841,"Brazil","^BVSP"
2011-05-19,62844,63607,62225,62367,2291200,62367,"Brazil","^BVSP"
2011-05-20,62370,63043,62086,62597,2087000,62597,"Brazil","^BVSP"
2011-05-23,62597,62597,61659,62345,1767600,62345,"Brazil","^BVSP"
2011-05-24,62350,63415,62350,63337,2006400,63337,"Brazil","^BVSP"
2011-05-25,63329,63857,63025,63388,1918600,63388,"Brazil","^BVSP"
2011-05-26,63389,64121,63232,64099,2397000,64099,"Brazil","^BVSP"
2011-05-27,64101,64548,64092,64295,1672000,64295,"Brazil","^BVSP"
2011-05-30,64295,64460,63915,63954,629000,63954,"Brazil","^BVSP"
2011-05-31,63961,64620,63932,64620,2428400,64620,"Brazil","^BVSP"
2011-06-01,64616,64674,63401,63411,2158200,63411,"Brazil","^BVSP"
2011-06-02,63411,64218,63277,64218,2135600,64218,"Brazil","^BVSP"
2011-06-03,64216,64979,63628,64341,2155800,64341,"Brazil","^BVSP"
2011-06-06,64341,64512,62960,63068,1822400,63068,"Brazil","^BVSP"
2011-06-07,63072,63784,63072,63218,2089600,63218,"Brazil","^BVSP"
2011-06-08,63204,63354,62709,63033,1805800,63033,"Brazil","^BVSP"
2011-06-09,63037,63773,62872,63469,1946800,63469,"Brazil","^BVSP"
2011-06-10,63470,63478,62495,62697,1688200,62697,"Brazil","^BVSP"
2011-06-13,62701,62968,62022,62023,1397200,62023,"Brazil","^BVSP"
2011-06-14,62023,62697,62023,62205,1762400,62205,"Brazil","^BVSP"
2011-06-15,62198,62198,61448,61604,2668000,61604,"Brazil","^BVSP"
2011-06-16,61602,62040,60489,60881,1991000,60881,"Brazil","^BVSP"
2011-06-17,60883,61268,60566,61060,1974600,61060,"Brazil","^BVSP"
2011-06-20,61059,61571,60784,61168,2019800,61168,"Brazil","^BVSP"
2011-06-21,61188,61543,61179,61424,1696600,61424,"Brazil","^BVSP"
2011-06-22,61420,61859,61194,61194,1863400,61194,"Brazil","^BVSP"
2011-06-24,61192,61459,60921,61017,1449000,61017,"Brazil","^BVSP"
2011-06-27,61017,61456,60772,61217,1634000,61217,"Brazil","^BVSP"
2011-06-28,61216,62309,61216,62303,1796400,62303,"Brazil","^BVSP"
2011-06-29,62303,62625,62033,62334,1873400,62334,"Brazil","^BVSP"
2011-06-30,62337,62574,61959,62404,1814000,62404,"Brazil","^BVSP"
2011-07-01,62404,63455,62148,63394,2376200,63394,"Brazil","^BVSP"
2011-07-04,63397,63891,63314,63891,1000400,63891,"Brazil","^BVSP"
2011-07-05,63886,63886,63030,63039,1937800,63039,"Brazil","^BVSP"
2011-07-06,63039,63039,62391,62565,1612600,62565,"Brazil","^BVSP"
2011-07-07,62573,63206,62207,62207,1865000,62207,"Brazil","^BVSP"
2011-07-08,62207,62207,61366,61513,1670600,61513,"Brazil","^BVSP"
2011-07-11,61502,61502,60098,60224,1773200,60224,"Brazil","^BVSP"
2011-07-12,60220,60516,59705,59705,1946200,59705,"Brazil","^BVSP"
2011-07-13,59718,60847,59718,60670,2284200,60670,"Brazil","^BVSP"
2011-07-14,60673,60685,59452,59679,2363400,59679,"Brazil","^BVSP"
2011-07-15,59679,60104,59180,59478,1960200,59478,"Brazil","^BVSP"
2011-07-18,59479,59479,58631,58838,1956400,58838,"Brazil","^BVSP"
2011-07-19,58838,59394,58677,59082,1888000,59082,"Brazil","^BVSP"
2011-07-20,59094,59552,59045,59120,1946000,59120,"Brazil","^BVSP"
2011-07-21,59120,60441,59120,60263,2159600,60263,"Brazil","^BVSP"
2011-07-22,60263,60696,60077,60270,1809600,60270,"Brazil","^BVSP"
2011-07-25,60264,60285,59640,59971,1772400,59971,"Brazil","^BVSP"
2011-07-26,59972,60204,59261,59340,2174800,59340,"Brazil","^BVSP"
2011-07-27,59336,59336,58169,58288,2619000,58288,"Brazil","^BVSP"
2011-07-28,58297,59167,58290,58708,2234000,58708,"Brazil","^BVSP"
2011-07-29,58703,58952,58009,58823,2366400,58823,"Brazil","^BVSP"
2011-08-01,58823,59542,58168,58536,2109400,58536,"Brazil","^BVSP"
2011-08-02,58526,58673,57259,57311,2696200,57311,"Brazil","^BVSP"
2011-08-03,57318,57352,55249,56017,3491800,56017,"Brazil","^BVSP"
2011-08-04,55999,55999,52629,52811,4455400,52811,"Brazil","^BVSP"
2011-08-05,52811,53866,51153,52949,4320600,52949,"Brazil","^BVSP"
2011-08-08,52938,52938,47793,48668,4894600,48668,"Brazil","^BVSP"
2011-08-09,48671,51151,48666,51151,5268200,51151,"Brazil","^BVSP"
2011-08-10,51151,52164,49947,51395,4358800,51395,"Brazil","^BVSP"
2011-08-11,51398,53724,51398,53343,4066000,53343,"Brazil","^BVSP"
2011-08-12,53344,53643,52650,53473,3269800,53473,"Brazil","^BVSP"
2011-08-15,53478,54968,53474,54652,2540600,54652,"Brazil","^BVSP"
2011-08-16,54651,54651,53539,54324,2464600,54324,"Brazil","^BVSP"
2011-08-17,54324,55073,53828,55073,3160600,55073,"Brazil","^BVSP"
2011-08-18,55037,55037,52246,53134,3120400,53134,"Brazil","^BVSP"
2011-08-19,53135,53601,52336,52448,2577200,52448,"Brazil","^BVSP"
2011-08-22,52472,53552,52397,52440,2140800,52440,"Brazil","^BVSP"
2011-08-23,52440,53787,51853,53787,2679000,53787,"Brazil","^BVSP"
2011-08-24,53787,54279,52993,53796,2492200,53796,"Brazil","^BVSP"
2011-08-25,53796,54155,52677,52953,2381200,52953,"Brazil","^BVSP"
2011-08-26,52955,53598,51971,53351,2223000,53351,"Brazil","^BVSP"
2011-08-29,53356,55027,53356,54861,2293800,54861,"Brazil","^BVSP"
2011-08-30,54861,55768,54425,55385,2343400,55385,"Brazil","^BVSP"
2011-08-31,55399,56495,55399,56495,2940000,56495,"Brazil","^BVSP"
2011-09-01,56498,58589,56498,58118,4013600,58118,"Brazil","^BVSP"
2011-09-02,58114,58114,56302,56532,3147400,56532,"Brazil","^BVSP"
2011-09-05,56521,56521,54818,54998,1609000,54998,"Brazil","^BVSP"
2011-09-06,54998,56676,54121,56607,2846800,56607,"Brazil","^BVSP"
2011-09-08,56609,58242,56609,57624,2757000,57624,"Brazil","^BVSP"
2011-09-09,57614,57614,55528,55778,2481800,55778,"Brazil","^BVSP"
2011-09-12,55773,55792,54310,55685,2376200,55685,"Brazil","^BVSP"
2011-09-13,55690,56336,55166,55544,2099400,55544,"Brazil","^BVSP"
2011-09-14,55544,56776,55090,56286,2836200,56286,"Brazil","^BVSP"
2011-09-15,56287,57161,56196,56381,2136800,56381,"Brazil","^BVSP"
2011-09-16,56381,57210,56257,57210,1970000,57210,"Brazil","^BVSP"
2011-09-19,57208,57208,56060,57103,2328200,57103,"Brazil","^BVSP"
2011-09-20,57105,57620,56379,56379,2677000,56379,"Brazil","^BVSP"
2011-09-21,56381,57600,55915,55982,2777000,55982,"Brazil","^BVSP"
2011-09-22,55981,55981,52706,53280,3603600,53280,"Brazil","^BVSP"
2011-09-23,53273,53855,52754,53230,2689200,53230,"Brazil","^BVSP"
2011-09-26,53243,53873,52399,53748,2143200,53748,"Brazil","^BVSP"
2011-09-27,53751,54992,53751,53920,2454200,53920,"Brazil","^BVSP"
2011-09-28,53921,54796,53258,53270,2340800,53270,"Brazil","^BVSP"
2011-09-29,53276,54207,52849,53385,2304800,53385,"Brazil","^BVSP"
2011-09-30,53385,53385,51897,52324,3072600,52324,"Brazil","^BVSP"
2011-10-03,52319,52319,50792,50792,3112400,50792,"Brazil","^BVSP"
2011-10-04,50790,50790,49433,50686,4038800,50686,"Brazil","^BVSP"
2011-10-05,50683,51199,50209,51014,2830400,51014,"Brazil","^BVSP"
2011-10-06,51016,52729,51016,52290,3145600,52290,"Brazil","^BVSP"
2011-10-07,52290,52891,50902,51244,2627200,51244,"Brazil","^BVSP"
2011-10-10,51244,53294,51244,53273,2180600,53273,"Brazil","^BVSP"
2011-10-11,53271,54113,52820,53838,2845400,53838,"Brazil","^BVSP"
2011-10-13,53836,54751,53308,54601,3574200,54601,"Brazil","^BVSP"
2011-10-14,54603,55179,54447,55030,2323200,55030,"Brazil","^BVSP"
2011-10-17,55021,55021,53536,53911,2366200,53911,"Brazil","^BVSP"
2011-10-18,53915,55225,53188,55032,2540000,55032,"Brazil","^BVSP"
2011-10-19,55037,55244,54483,54966,2430800,54966,"Brazil","^BVSP"
2011-10-20,54953,54953,53610,54010,2282800,54010,"Brazil","^BVSP"
2011-10-21,54014,55504,54014,55255,2151200,55255,"Brazil","^BVSP"
2011-10-24,55259,57226,55259,56892,2656000,56892,"Brazil","^BVSP"
2011-10-25,56885,56885,55770,56286,2262800,56286,"Brazil","^BVSP"
2011-10-26,56306,57334,56249,57144,2172400,57144,"Brazil","^BVSP"
2011-10-27,57146,59901,57146,59270,3665800,59270,"Brazil","^BVSP"
2011-10-28,59270,59668,58760,59513,2388000,59513,"Brazil","^BVSP"
2011-10-31,59513,59513,58094,58338,2258000,58338,"Brazil","^BVSP"
2011-11-01,58300,58300,56099,57323,2827600,57323,"Brazil","^BVSP"
2011-11-03,57327,58481,57327,58196,2445800,58196,"Brazil","^BVSP"
2011-11-04,58186,58804,57547,58670,1946600,58670,"Brazil","^BVSP"
2011-11-07,58670,59440,58645,59199,1869400,59199,"Brazil","^BVSP"
2011-11-08,59205,59616,58505,59026,1934000,59026,"Brazil","^BVSP"
2011-11-09,59011,59011,57201,57550,2623000,57550,"Brazil","^BVSP"
2011-11-10,57561,58314,57294,57322,1959000,57322,"Brazil","^BVSP"
2011-11-11,57325,58747,57325,58547,2136400,58547,"Brazil","^BVSP"
2011-11-14,58539,58717,58013,58258,1791000,58258,"Brazil","^BVSP"
2011-11-16,58256,58877,57784,58560,2703800,58560,"Brazil","^BVSP"
2011-11-17,58550,58555,56663,56989,3054600,56989,"Brazil","^BVSP"
2011-11-18,56989,57477,56418,56731,2297200,56731,"Brazil","^BVSP"
2011-11-21,56722,56722,55505,56285,2894800,56285,"Brazil","^BVSP"
2011-11-22,56290,56570,55609,55878,2681600,55878,"Brazil","^BVSP"
2011-11-23,55879,55879,54813,54972,2429400,54972,"Brazil","^BVSP"
2011-11-24,54978,55519,54537,55280,1410200,55280,"Brazil","^BVSP"
2011-11-25,55271,55610,54742,54894,1815000,54894,"Brazil","^BVSP"
2011-11-28,54899,56444,54899,56017,2271000,56017,"Brazil","^BVSP"
2011-11-29,56028,56364,55300,55300,2822000,55300,"Brazil","^BVSP"
2011-11-30,55307,57592,55307,56875,4893000,56875,"Brazil","^BVSP"
2011-12-01,56876,58302,56876,58143,3297000,58143,"Brazil","^BVSP"
2011-12-02,58147,58980,57618,57886,2985600,57886,"Brazil","^BVSP"
2011-12-05,57894,59245,57894,58910,2535200,58910,"Brazil","^BVSP"
2011-12-06,58910,59576,58497,59536,2178000,59536,"Brazil","^BVSP"
2011-12-07,59534,59535,58581,58663,2171800,58663,"Brazil","^BVSP"
2011-12-08,58664,59217,57260,57455,2720800,57455,"Brazil","^BVSP"
2011-12-09,57455,58540,57455,58236,1946400,58236,"Brazil","^BVSP"
2011-12-12,58235,58235,56839,57347,2502200,57347,"Brazil","^BVSP"
2011-12-13,57355,58153,57333,57495,2901200,57495,"Brazil","^BVSP"
2011-12-14,57495,57495,56647,56647,4140400,56647,"Brazil","^BVSP"
2011-12-15,56647,57332,56232,56331,2605800,56331,"Brazil","^BVSP"
2011-12-16,56334,56823,56087,56097,2440000,56097,"Brazil","^BVSP"
2011-12-19,56100,56376,55298,55298,2833400,55298,"Brazil","^BVSP"
2011-12-20,55301,56865,55301,56865,3233000,56865,"Brazil","^BVSP"
2011-12-21,56865,56865,56046,56653,2264400,56653,"Brazil","^BVSP"
2011-12-22,56656,57459,56557,57348,2289000,57348,"Brazil","^BVSP"
2011-12-23,57348,57792,57348,57701,1767200,57701,"Brazil","^BVSP"
2011-12-26,57702,57856,57669,57669,0,57669,"Brazil","^BVSP"
2011-12-27,57666,58111,57611,58005,1616600,58005,"Brazil","^BVSP"
2011-12-28,58006,58010,56447,56534,1612000,56534,"Brazil","^BVSP"
2011-12-29,56534,56945,56313,56754,2779200,56754,"Brazil","^BVSP"
2012-01-02,NA,NA,NA,NA,NA,NA,"Brazil","^BVSP"
2012-01-03,57836,59288,57836,59265,3083000,59265,"Brazil","^BVSP"
2012-01-04,59263,59519,58558,59365,2252000,59365,"Brazil","^BVSP"
2012-01-05,59354,59354,57963,58546,2351200,58546,"Brazil","^BVSP"
2012-01-06,58565,59261,58355,58600,1659200,58600,"Brazil","^BVSP"
2012-01-09,58601,59220,58599,59083,2244600,59083,"Brazil","^BVSP"
2012-01-10,59090,60112,59090,59806,2689200,59806,"Brazil","^BVSP"
2012-01-11,59799,60094,59423,59962,2245200,59962,"Brazil","^BVSP"
2012-01-12,59966,60504,59586,59921,2145600,59921,"Brazil","^BVSP"
2012-01-13,59918,59918,58874,59147,5624200,59147,"Brazil","^BVSP"
2012-01-16,59146,59982,59146,59956,1705000,59956,"Brazil","^BVSP"
2012-01-17,59961,60891,59961,60646,2524200,60646,"Brazil","^BVSP"
2012-01-18,60643,61723,60610,61723,2757800,61723,"Brazil","^BVSP"
2012-01-19,61726,62181,61566,61927,2843400,61927,"Brazil","^BVSP"
2012-01-20,61932,62312,61593,62312,2246400,62312,"Brazil","^BVSP"
2012-01-23,62312,62693,61908,62386,2376000,62386,"Brazil","^BVSP"
2012-01-24,62386,62536,61667,62486,2731000,62486,"Brazil","^BVSP"
2012-01-26,62486,63805,62485,62953,3174000,62953,"Brazil","^BVSP"
2012-01-27,62955,63263,62769,62904,2218200,62904,"Brazil","^BVSP"
2012-01-30,62902,62902,61989,62770,2197600,62770,"Brazil","^BVSP"
2012-01-31,62772,63394,62664,63072,3437800,63072,"Brazil","^BVSP"
2012-02-01,63085,64567,63085,64567,3904000,64567,"Brazil","^BVSP"
2012-02-02,64569,64855,64224,64593,3107600,64593,"Brazil","^BVSP"
2012-02-03,64589,65619,64137,65217,3059800,65217,"Brazil","^BVSP"
2012-02-06,65217,65229,64743,65224,1919600,65224,"Brazil","^BVSP"
2012-02-07,65213,65944,64801,65917,2722000,65917,"Brazil","^BVSP"
2012-02-08,65918,66383,65647,65831,2887000,65831,"Brazil","^BVSP"
2012-02-09,65831,66324,65189,65530,2688400,65530,"Brazil","^BVSP"
2012-02-10,65525,65525,63880,63998,3501400,63998,"Brazil","^BVSP"
2012-02-13,63999,65713,63999,65692,2619200,65692,"Brazil","^BVSP"
2012-02-14,65699,65855,64826,65039,2738200,65039,"Brazil","^BVSP"
2012-02-15,65041,66004,65041,65368,3825400,65368,"Brazil","^BVSP"
2012-02-16,65364,66161,64798,66142,3068400,66142,"Brazil","^BVSP"
2012-02-17,66158,66562,65823,66204,2352600,66204,"Brazil","^BVSP"
2012-02-23,66084,66329,65590,65820,2322800,65820,"Brazil","^BVSP"
2012-02-24,65820,66335,65820,65943,2119800,65943,"Brazil","^BVSP"
2012-02-27,65938,65954,65068,65241,2226000,65241,"Brazil","^BVSP"
2012-02-28,65245,66152,65240,65959,2717000,65959,"Brazil","^BVSP"
2012-02-29,65970,66662,65533,65812,3345400,65812,"Brazil","^BVSP"
2012-03-01,65812,66931,65812,66810,2328800,66810,"Brazil","^BVSP"
2012-03-02,66810,67791,66810,67782,2557000,67782,"Brazil","^BVSP"
2012-03-05,67782,67782,66756,66964,2315800,66964,"Brazil","^BVSP"
2012-03-06,66962,66962,64892,65114,2742600,65114,"Brazil","^BVSP"
2012-03-07,65123,66053,65123,66017,2683400,66017,"Brazil","^BVSP"
2012-03-08,66032,67272,66032,66908,2890800,66908,"Brazil","^BVSP"
2012-03-09,66908,67419,66679,66704,2253600,66704,"Brazil","^BVSP"
2012-03-12,66687,66687,65965,66385,2149800,66385,"Brazil","^BVSP"
2012-03-13,66386,68420,66386,68394,3165200,68394,"Brazil","^BVSP"
2012-03-14,68386,68970,67797,68257,2732800,68257,"Brazil","^BVSP"
2012-03-15,68259,68259,67458,67749,2295200,67749,"Brazil","^BVSP"
2012-03-16,67749,68153,67505,67684,2408600,67684,"Brazil","^BVSP"
2012-03-19,67685,68159,67547,67730,2143600,67730,"Brazil","^BVSP"
2012-03-20,67725,67725,66704,67296,2071400,67296,"Brazil","^BVSP"
2012-03-21,67297,67436,66762,66860,1981000,66860,"Brazil","^BVSP"
2012-03-22,66860,66860,65534,65828,2676200,65828,"Brazil","^BVSP"
2012-03-23,65831,66253,65576,65813,2524800,65813,"Brazil","^BVSP"
2012-03-26,65818,66776,65818,66685,2010800,66685,"Brazil","^BVSP"
2012-03-27,66683,66968,65925,66037,2723000,66037,"Brazil","^BVSP"
2012-03-28,66032,66032,64819,65079,2883000,65079,"Brazil","^BVSP"
2012-03-29,65074,65074,64096,64872,2895600,64872,"Brazil","^BVSP"
2012-03-30,64875,65363,64245,64511,3155800,64511,"Brazil","^BVSP"
2012-04-02,64515,65593,64199,65216,2966600,65216,"Brazil","^BVSP"
2012-04-03,65218,65530,64015,64284,2773600,64284,"Brazil","^BVSP"
2012-04-04,64301,64301,63450,63529,2739600,63529,"Brazil","^BVSP"
2012-04-05,63518,64299,63384,63691,2294800,63691,"Brazil","^BVSP"
2012-04-09,63690,63690,62462,62923,1788200,62923,"Brazil","^BVSP"
2012-04-10,62922,62922,61344,61738,3094000,61738,"Brazil","^BVSP"
2012-04-11,61741,62356,61291,61293,2952600,61293,"Brazil","^BVSP"
2012-04-12,61300,63061,61300,63058,3115800,63058,"Brazil","^BVSP"
2012-04-13,63039,63039,61778,62106,2959600,62106,"Brazil","^BVSP"
2012-04-16,62120,62688,61465,61955,2316600,61955,"Brazil","^BVSP"
2012-04-17,61959,62961,61959,62699,2704600,62699,"Brazil","^BVSP"
2012-04-18,62696,63243,62429,63010,4053800,63010,"Brazil","^BVSP"
2012-04-19,63007,63274,62478,62618,2358200,62618,"Brazil","^BVSP"
2012-04-20,62620,63369,62431,62494,2285200,62494,"Brazil","^BVSP"
2012-04-23,62494,62494,60897,61539,2533400,61539,"Brazil","^BVSP"
2012-04-24,61537,62001,61380,61971,2377000,61971,"Brazil","^BVSP"
2012-04-25,61989,62441,61328,61750,3307200,61750,"Brazil","^BVSP"
2012-04-26,61750,62282,61033,62198,3130000,62198,"Brazil","^BVSP"
2012-04-27,62203,62486,61667,61691,2547600,61691,"Brazil","^BVSP"
2012-04-30,61691,61900,61231,61820,1963200,61820,"Brazil","^BVSP"
2012-05-02,61820,62502,61594,62424,2955600,62424,"Brazil","^BVSP"
2012-05-03,62427,62783,61731,62104,3036000,62104,"Brazil","^BVSP"
2012-05-04,62104,62167,60438,60821,4961600,60821,"Brazil","^BVSP"
2012-05-07,60802,61299,60391,61220,3370400,61220,"Brazil","^BVSP"
2012-05-08,61218,61218,59871,60365,3091200,60365,"Brazil","^BVSP"
2012-05-09,60346,60346,59199,59786,3261600,59786,"Brazil","^BVSP"
2012-05-10,59796,60752,59637,59702,2701400,59702,"Brazil","^BVSP"
2012-05-11,59703,60340,59138,59445,2532400,59445,"Brazil","^BVSP"
2012-05-14,59443,59443,57539,57540,3047400,57540,"Brazil","^BVSP"
2012-05-15,57540,58024,56145,56238,4189200,56238,"Brazil","^BVSP"
2012-05-16,56245,57693,55415,55888,4327600,55888,"Brazil","^BVSP"
2012-05-17,55886,56296,54038,54038,3709800,54038,"Brazil","^BVSP"
2012-05-18,54032,54914,53856,54513,4306200,54513,"Brazil","^BVSP"
2012-05-21,54516,56678,54516,56590,3569000,56590,"Brazil","^BVSP"
2012-05-22,56586,56586,54886,55039,3667400,55039,"Brazil","^BVSP"
2012-05-23,55039,55052,53028,54619,4334000,54619,"Brazil","^BVSP"
2012-05-24,54620,54820,53176,54063,4013800,54063,"Brazil","^BVSP"
2012-05-25,54062,54970,53847,54463,2988400,54463,"Brazil","^BVSP"
2012-05-28,54467,55609,54467,55213,1857200,55213,"Brazil","^BVSP"
2012-05-29,55214,55763,54554,54633,3048000,54633,"Brazil","^BVSP"
2012-05-30,54632,54632,53382,53798,3298400,53798,"Brazil","^BVSP"
2012-05-31,53805,54509,53090,54490,4826000,54490,"Brazil","^BVSP"
2012-06-01,54488,54488,53087,53403,2986400,53403,"Brazil","^BVSP"
2012-06-04,53408,53960,53367,53417,2360000,53417,"Brazil","^BVSP"
2012-06-05,53413,53917,52481,52481,2530000,52481,"Brazil","^BVSP"
2012-06-06,52486,54195,52486,54156,3542000,54156,"Brazil","^BVSP"
2012-06-08,54150,54432,53685,54430,2627600,54430,"Brazil","^BVSP"
2012-06-11,54434,55401,53905,54001,2736600,54001,"Brazil","^BVSP"
2012-06-12,54001,55049,53906,55049,3894600,55049,"Brazil","^BVSP"
2012-06-13,55041,55989,54523,55651,4187800,55651,"Brazil","^BVSP"
2012-06-14,55641,55769,54952,55352,3299200,55352,"Brazil","^BVSP"
2012-06-15,55349,56105,55203,56105,3900800,56105,"Brazil","^BVSP"
2012-06-18,56066,56579,55486,56195,2960600,56195,"Brazil","^BVSP"
2012-06-19,56210,57567,56210,57195,3658800,57195,"Brazil","^BVSP"
2012-06-20,57196,57611,56529,57167,3202000,57167,"Brazil","^BVSP"
2012-06-21,57162,57218,55505,55505,2601800,55505,"Brazil","^BVSP"
2012-06-22,55518,56019,55083,55440,2476800,55440,"Brazil","^BVSP"
2012-06-25,55406,55406,53694,53805,2160000,53805,"Brazil","^BVSP"
2012-06-26,53806,54193,53398,53837,2707000,53837,"Brazil","^BVSP"
2012-06-27,53837,54006,53084,53109,3825800,53109,"Brazil","^BVSP"
2012-06-28,53107,53306,52271,52652,3531600,52652,"Brazil","^BVSP"
2012-06-29,52656,54355,52656,54355,3744800,54355,"Brazil","^BVSP"
2012-07-02,54355,54754,53961,54693,2874200,54693,"Brazil","^BVSP"
2012-07-03,54704,56228,54704,55780,4064400,55780,"Brazil","^BVSP"
2012-07-04,55780,56322,55485,56077,1718400,56077,"Brazil","^BVSP"
2012-07-05,56083,56943,55828,56379,3128600,56379,"Brazil","^BVSP"
2012-07-06,56376,56376,54967,55394,2701800,55394,"Brazil","^BVSP"
2012-07-10,55392,55588,53668,53706,3467800,53706,"Brazil","^BVSP"
2012-07-11,53708,54135,53233,53569,2970600,53569,"Brazil","^BVSP"
2012-07-12,53564,53616,52489,53421,3047600,53421,"Brazil","^BVSP"
2012-07-13,53422,54428,53420,54331,2784600,54331,"Brazil","^BVSP"
2012-07-16,54316,54418,53216,53402,2821800,53402,"Brazil","^BVSP"
2012-07-17,53403,54037,53119,53909,2519400,53909,"Brazil","^BVSP"
2012-07-18,53909,54588,53551,54583,2296200,54583,"Brazil","^BVSP"
2012-07-19,54588,55491,54588,55347,2879200,55347,"Brazil","^BVSP"
2012-07-20,55337,55337,54138,54195,2865000,54195,"Brazil","^BVSP"
2012-07-23,54183,54183,52213,53034,2807800,53034,"Brazil","^BVSP"
2012-07-24,53038,53416,52399,52639,2762600,52639,"Brazil","^BVSP"
2012-07-25,52658,53233,52346,52608,2216000,52608,"Brazil","^BVSP"
2012-07-26,52638,54126,52638,54003,3017600,54003,"Brazil","^BVSP"
2012-07-27,54024,57046,54024,56553,4674400,56553,"Brazil","^BVSP"
2012-07-30,56551,57241,56090,57241,2965600,57241,"Brazil","^BVSP"
2012-07-31,57243,57466,56097,56097,692000,56097,"Brazil","^BVSP"
2012-08-01,56091,56385,55425,55623,598200,55623,"Brazil","^BVSP"
2012-08-02,56289,56289,55239,55520,2838000,55520,"Brazil","^BVSP"
2012-08-03,55524,57399,55524,57255,3577400,57255,"Brazil","^BVSP"
2012-08-06,57255,58996,56893,58345,3613400,58345,"Brazil","^BVSP"
2012-08-07,58343,59316,57679,57726,3447200,57726,"Brazil","^BVSP"
2012-08-08,57723,58964,57603,58951,3233200,58951,"Brazil","^BVSP"
2012-08-09,58950,59202,58115,58797,2863000,58797,"Brazil","^BVSP"
2012-08-10,58774,59365,58128,59281,3080000,59281,"Brazil","^BVSP"
2012-08-13,59281,59543,58601,59123,2539200,59123,"Brazil","^BVSP"
2012-08-14,59123,59605,57904,58083,3533800,58083,"Brazil","^BVSP"
2012-08-15,58083,58375,57630,58189,4578200,58189,"Brazil","^BVSP"
2012-08-16,58190,59544,58190,59446,3477000,59446,"Brazil","^BVSP"
2012-08-17,59443,59822,58944,59082,2954200,59082,"Brazil","^BVSP"
2012-08-20,59083,59462,58629,59283,3001200,59283,"Brazil","^BVSP"
2012-08-21,59298,60209,58684,58918,3926400,58918,"Brazil","^BVSP"
2012-08-22,58918,59585,58443,59381,3708800,59381,"Brazil","^BVSP"
2012-08-23,59382,59382,58145,58512,3342000,58512,"Brazil","^BVSP"
2012-08-24,58511,58750,57833,58426,3212600,58426,"Brazil","^BVSP"
2012-08-27,58424,58462,57853,58111,2344200,58111,"Brazil","^BVSP"
2012-08-28,58109,58745,57976,58406,2728200,58406,"Brazil","^BVSP"
2012-08-29,58414,58553,57061,57369,4106200,57369,"Brazil","^BVSP"
2012-08-30,57366,57508,56901,57256,3132600,57256,"Brazil","^BVSP"
2012-08-31,57257,57835,56719,57061,5747200,57061,"Brazil","^BVSP"
2012-09-03,57065,57457,56954,57281,2317000,57281,"Brazil","^BVSP"
2012-09-04,57272,57272,56203,56234,3236000,56234,"Brazil","^BVSP"
2012-09-05,56236,56904,56236,56864,3313000,56864,"Brazil","^BVSP"
2012-09-06,56868,58328,56868,58321,3620600,58321,"Brazil","^BVSP"
2012-09-10,58325,59421,58325,58404,3513600,58404,"Brazil","^BVSP"
2012-09-11,58405,59515,58404,59423,3854800,59423,"Brazil","^BVSP"
2012-09-12,59429,60136,59205,59922,4849800,59922,"Brazil","^BVSP"
2012-09-13,59921,62117,59629,61958,5974600,61958,"Brazil","^BVSP"
2012-09-14,61955,63428,61823,62105,5816200,62105,"Brazil","^BVSP"
2012-09-17,62106,62692,61552,61806,3903000,61806,"Brazil","^BVSP"
2012-09-18,61806,62132,61447,61804,3202000,61804,"Brazil","^BVSP"
2012-09-19,61806,62514,61519,61652,3391000,61652,"Brazil","^BVSP"
2012-09-20,61652,61908,60961,61688,2923200,61688,"Brazil","^BVSP"
2012-09-21,61695,62223,61300,61320,2985400,61320,"Brazil","^BVSP"
2012-09-24,61319,61932,61075,61910,3329800,61910,"Brazil","^BVSP"
2012-09-25,61913,61947,60357,60501,3873600,60501,"Brazil","^BVSP"
2012-09-26,60506,60506,59725,60478,3139400,60478,"Brazil","^BVSP"
2012-09-27,60483,60889,59876,60240,3811000,60240,"Brazil","^BVSP"
2012-09-28,60240,60240,58864,59176,3690000,59176,"Brazil","^BVSP"
2012-10-01,59171,60216,59171,59571,2759600,59571,"Brazil","^BVSP"
2012-10-02,59575,60091,59028,59222,3198400,59222,"Brazil","^BVSP"
2012-10-03,59222,59483,58542,58627,3195600,58627,"Brazil","^BVSP"
2012-10-04,58627,59002,58105,58458,3365200,58458,"Brazil","^BVSP"
2012-10-05,58460,59441,58414,58572,3244200,58572,"Brazil","^BVSP"
2012-10-08,58572,59318,58170,59317,2596200,59317,"Brazil","^BVSP"
2012-10-09,59319,59697,58616,58939,3146400,58939,"Brazil","^BVSP"
2012-10-10,58944,59320,58341,58456,2781600,58456,"Brazil","^BVSP"
2012-10-11,58460,59360,58460,59162,2817800,59162,"Brazil","^BVSP"
2012-10-15,59164,59758,58790,59602,3119200,59602,"Brazil","^BVSP"
2012-10-16,59602,60412,59484,59744,3251000,59744,"Brazil","^BVSP"
2012-10-17,59742,60398,59683,60087,4209400,60087,"Brazil","^BVSP"
2012-10-18,60087,60087,59322,59734,3321200,59734,"Brazil","^BVSP"
2012-10-19,59701,59846,58782,58922,3000200,58922,"Brazil","^BVSP"
2012-10-22,58925,59205,58541,58700,2803400,58700,"Brazil","^BVSP"
2012-10-23,58679,58679,57388,57690,3395600,57690,"Brazil","^BVSP"
2012-10-24,57686,57986,57159,57161,2934800,57161,"Brazil","^BVSP"
2012-10-25,57161,58274,57161,57837,0,57837,"Brazil","^BVSP"
2012-10-26,57833,57833,57061,57277,2999400,57277,"Brazil","^BVSP"
2012-10-29,57267,57267,56581,57177,1709800,57177,"Brazil","^BVSP"
2012-10-30,57178,57764,57178,57684,1606000,57684,"Brazil","^BVSP"
2012-10-31,57682,57935,56929,57068,2794200,57068,"Brazil","^BVSP"
2012-11-01,57065,58383,56960,58383,2980200,58383,"Brazil","^BVSP"
2012-11-05,58374,58374,57551,58210,2617200,58210,"Brazil","^BVSP"
2012-11-06,58220,59561,58174,59459,3470000,59459,"Brazil","^BVSP"
2012-11-07,59460,59460,58274,58517,3084000,58517,"Brazil","^BVSP"
2012-11-08,58523,59008,57420,57524,3201000,57524,"Brazil","^BVSP"
2012-11-09,57517,58109,56862,57358,4250400,57358,"Brazil","^BVSP"
2012-11-12,57358,57712,56988,57064,2071200,57064,"Brazil","^BVSP"
2012-11-13,57049,57529,56593,57486,3363400,57486,"Brazil","^BVSP"
2012-11-14,57472,57472,56038,56279,3606400,56279,"Brazil","^BVSP"
2012-11-16,56277,56277,55126,55402,3471800,55402,"Brazil","^BVSP"
2012-11-19,55387,56666,55387,56451,2782800,56451,"Brazil","^BVSP"
2012-11-21,56453,56789,55946,56242,3592200,56242,"Brazil","^BVSP"
2012-11-22,56245,56643,56242,56437,2146200,56437,"Brazil","^BVSP"
2012-11-23,56439,57574,56248,57574,3182000,57574,"Brazil","^BVSP"
2012-11-26,57571,57572,56502,56737,2752800,56737,"Brazil","^BVSP"
2012-11-27,56737,57420,56248,56248,3554200,56248,"Brazil","^BVSP"
2012-11-28,56206,56591,55686,56539,3465400,56539,"Brazil","^BVSP"
2012-11-29,56562,57853,56562,57853,3401400,57853,"Brazil","^BVSP"
2012-11-30,57845,58031,56704,57475,5047000,57475,"Brazil","^BVSP"
2012-12-03,57479,58332,57479,58202,3485800,58202,"Brazil","^BVSP"
2012-12-04,58212,58520,57547,57563,3937200,57563,"Brazil","^BVSP"
2012-12-05,57597,58127,57231,57679,3582400,57679,"Brazil","^BVSP"
2012-12-06,57685,57860,57129,57656,3203200,57656,"Brazil","^BVSP"
2012-12-07,57656,58594,57636,58487,3042400,58487,"Brazil","^BVSP"
2012-12-10,58468,59248,58091,59248,3061800,59248,"Brazil","^BVSP"
2012-12-11,59257,59747,58951,59623,3988600,59623,"Brazil","^BVSP"
2012-12-12,59626,59859,59291,59474,4749600,59474,"Brazil","^BVSP"
2012-12-13,59459,59969,59154,59317,3569400,59317,"Brazil","^BVSP"
2012-12-14,59320,59824,59273,59605,3405800,59605,"Brazil","^BVSP"
2012-12-17,59604,59914,59323,59567,3114400,59567,"Brazil","^BVSP"
2012-12-18,59568,60539,59565,60461,4364800,60461,"Brazil","^BVSP"
2012-12-19,60461,61212,60396,60998,4427600,60998,"Brazil","^BVSP"
2012-12-20,60992,61276,60622,61276,3083400,61276,"Brazil","^BVSP"
2012-12-21,61271,61271,60221,61007,3157400,61007,"Brazil","^BVSP"
2012-12-26,61003,61322,60861,60960,2598000,60960,"Brazil","^BVSP"
2012-12-27,60964,61191,60233,60416,2852600,60416,"Brazil","^BVSP"
2012-12-28,60416,61066,60416,60952,2626000,60952,"Brazil","^BVSP"
2013-01-02,60990,62887,60990,62550,3739800,62550,"Brazil","^BVSP"
2013-01-03,62555,63473,62341,63312,3355800,63312,"Brazil","^BVSP"
2013-01-04,63314,63314,62415,62523,6233800,62523,"Brazil","^BVSP"
2013-01-07,62523,62699,61639,61933,3985800,61933,"Brazil","^BVSP"
2013-01-08,61933,62265,61081,61128,3840600,61128,"Brazil","^BVSP"
2013-01-09,61129,61812,61103,61579,3236400,61579,"Brazil","^BVSP"
2013-01-10,61578,61947,61156,61678,4100600,61678,"Brazil","^BVSP"
2013-01-11,61662,61683,61198,61497,3161000,61497,"Brazil","^BVSP"
2013-01-14,61511,62285,61511,62081,3481400,62081,"Brazil","^BVSP"
2013-01-15,62079,62151,61695,61728,3819200,61728,"Brazil","^BVSP"
2013-01-16,61726,61787,61241,61787,2789200,61787,"Brazil","^BVSP"
2013-01-17,61806,62309,61683,62194,3382000,62194,"Brazil","^BVSP"
2013-01-18,62197,62395,61822,61956,3495200,61956,"Brazil","^BVSP"
2013-01-21,61962,62052,61804,61900,2143400,61900,"Brazil","^BVSP"
2013-01-22,61904,61995,61534,61692,3475000,61692,"Brazil","^BVSP"
2013-01-23,61692,61969,61543,61966,3209000,61966,"Brazil","^BVSP"
2013-01-24,61966,62249,60838,61170,3605200,61170,"Brazil","^BVSP"
2013-01-28,61178,61313,59921,60027,3426800,60027,"Brazil","^BVSP"
2013-01-29,60027,60428,59758,60406,3192600,60406,"Brazil","^BVSP"
2013-01-30,60405,60405,59305,59337,4661200,59337,"Brazil","^BVSP"
2013-01-31,59344,59771,59114,59761,4749400,59761,"Brazil","^BVSP"
2013-02-01,59764,60496,59742,60351,3412400,60351,"Brazil","^BVSP"
2013-02-04,60350,60350,59256,59576,3347800,59576,"Brazil","^BVSP"
2013-02-05,59576,59974,59132,59445,4429600,59445,"Brazil","^BVSP"
2013-02-06,59442,59582,58588,58951,4410400,58951,"Brazil","^BVSP"
2013-02-07,58936,59435,58116,58372,4071600,58372,"Brazil","^BVSP"
2013-02-08,58374,58638,58025,58498,3152400,58498,"Brazil","^BVSP"
2013-02-13,58495,58754,58252,58406,2803800,58406,"Brazil","^BVSP"
2013-02-14,58406,58406,57751,58077,2385200,58077,"Brazil","^BVSP"
2013-02-15,58076,58352,57802,57903,3519200,57903,"Brazil","^BVSP"
2013-02-18,57906,57929,57420,57614,2697200,57614,"Brazil","^BVSP"
2013-02-19,57619,58061,57234,57314,3921000,57314,"Brazil","^BVSP"
2013-02-20,57312,57569,56034,56178,4950200,56178,"Brazil","^BVSP"
2013-02-21,56153,56227,55430,56155,4915800,56155,"Brazil","^BVSP"
2013-02-22,56159,56742,56107,56697,5113800,56697,"Brazil","^BVSP"
2013-02-25,56698,57157,56419,56618,3965400,56618,"Brazil","^BVSP"
2013-02-26,56616,57007,56047,56949,4510600,56949,"Brazil","^BVSP"
2013-02-27,56948,57402,56685,57274,5034000,57274,"Brazil","^BVSP"
2013-02-28,57273,57798,56925,57424,4441800,57424,"Brazil","^BVSP"
2013-03-01,57422,57422,56526,56884,3889600,56884,"Brazil","^BVSP"
2013-03-04,56878,56878,56067,56499,4033800,56499,"Brazil","^BVSP"
2013-03-05,56508,57227,55951,55951,4261000,55951,"Brazil","^BVSP"
2013-03-06,55953,58150,55953,57940,5806000,57940,"Brazil","^BVSP"
2013-03-07,57940,59472,57940,58847,6338200,58847,"Brazil","^BVSP"
2013-03-08,58842,59031,58129,58433,4129200,58433,"Brazil","^BVSP"
2013-03-11,58440,58547,57800,58545,4129000,58545,"Brazil","^BVSP"
2013-03-12,58542,58709,58113,58209,3805000,58209,"Brazil","^BVSP"
2013-03-13,58204,58411,57286,57386,4536800,57386,"Brazil","^BVSP"
2013-03-14,57386,57850,56722,57281,4581200,57281,"Brazil","^BVSP"
2013-03-15,57275,57532,56805,56869,5182400,56869,"Brazil","^BVSP"
2013-03-18,56869,57152,56139,56973,3741000,56973,"Brazil","^BVSP"
2013-03-19,56973,57038,56100,56361,3828800,56361,"Brazil","^BVSP"
2013-03-20,56361,56396,55831,56030,4179200,56030,"Brazil","^BVSP"
2013-03-21,56025,56044,55382,55577,4368400,55577,"Brazil","^BVSP"
2013-03-22,55577,55893,55098,55243,3744400,55243,"Brazil","^BVSP"
2013-03-25,55250,55450,54648,54873,3849400,54873,"Brazil","^BVSP"
2013-03-26,54879,55763,54879,55671,3755400,55671,"Brazil","^BVSP"
2013-03-27,55677,56178,55130,56034,4052600,56034,"Brazil","^BVSP"
2013-03-28,56035,56374,55874,56352,4373800,56352,"Brazil","^BVSP"
2013-04-01,56348,56348,55897,55902,2755200,55902,"Brazil","^BVSP"
2013-04-02,55901,56257,54809,54889,3588600,54889,"Brazil","^BVSP"
2013-04-03,54888,55574,54740,55563,4480400,55563,"Brazil","^BVSP"
2013-04-04,55563,55579,54432,54648,4574000,54648,"Brazil","^BVSP"
2013-04-05,54646,55227,53794,55051,5975800,55051,"Brazil","^BVSP"
2013-04-08,55049,55136,54333,55092,5504200,55092,"Brazil","^BVSP"
2013-04-09,55101,56305,55101,55912,5186200,55912,"Brazil","^BVSP"
2013-04-10,55913,56976,55913,56187,5388600,56187,"Brazil","^BVSP"
2013-04-11,56190,56284,55174,55401,3836800,55401,"Brazil","^BVSP"
2013-04-12,55398,55531,54458,54963,4805800,54963,"Brazil","^BVSP"
2013-04-15,54952,54952,52950,52950,4709400,52950,"Brazil","^BVSP"
2013-04-16,52953,54095,52953,53991,4353800,53991,"Brazil","^BVSP"
2013-04-17,53984,53984,52540,52882,7413000,52882,"Brazil","^BVSP"
2013-04-18,52887,53474,52392,53166,4554200,53166,"Brazil","^BVSP"
2013-04-19,53169,54018,53169,53929,3733000,53929,"Brazil","^BVSP"
2013-04-22,53927,54298,53420,54298,4174800,54298,"Brazil","^BVSP"
2013-04-23,54301,55282,54165,54885,5365600,54885,"Brazil","^BVSP"
2013-04-24,54875,55546,54723,54984,3949800,54984,"Brazil","^BVSP"
2013-04-25,54989,55544,54792,54963,4347800,54963,"Brazil","^BVSP"
2013-04-26,54963,55034,54147,54252,4660200,54252,"Brazil","^BVSP"
2013-04-29,54254,55336,54254,54887,5931200,54887,"Brazil","^BVSP"
2013-04-30,54888,55910,54585,55910,7138200,55910,"Brazil","^BVSP"
2013-05-02,55919,55919,55104,55322,5436000,55322,"Brazil","^BVSP"
2013-05-03,55330,56366,55330,55488,8860800,55488,"Brazil","^BVSP"
2013-05-06,55488,55542,54652,55430,6452600,55430,"Brazil","^BVSP"
2013-05-07,55429,56450,55207,56275,6235400,56275,"Brazil","^BVSP"
2013-05-08,56281,56814,55805,55805,6519800,55805,"Brazil","^BVSP"
2013-05-09,55805,56072,54905,55448,4799400,55448,"Brazil","^BVSP"
2013-05-10,55446,55446,54832,55108,5315200,55108,"Brazil","^BVSP"
2013-05-13,55106,55106,54389,54448,3956400,54448,"Brazil","^BVSP"
2013-05-14,54442,55030,54327,54667,5094800,54667,"Brazil","^BVSP"
2013-05-15,54668,55216,54488,54936,4899800,54936,"Brazil","^BVSP"
2013-05-16,54943,55539,54592,54773,5080200,54773,"Brazil","^BVSP"
2013-05-17,54780,55489,54780,55164,4067400,55164,"Brazil","^BVSP"
2013-05-20,55162,55705,54630,55701,4164800,55701,"Brazil","^BVSP"
2013-05-21,55699,56265,55379,56265,3898600,56265,"Brazil","^BVSP"
2013-05-22,56269,57099,56037,56429,4872400,56429,"Brazil","^BVSP"
2013-05-23,56423,56423,55379,56350,4072000,56350,"Brazil","^BVSP"
2013-05-24,56350,56506,55901,56406,4852600,56406,"Brazil","^BVSP"
2013-05-27,56415,56562,56353,56396,2051200,56396,"Brazil","^BVSP"
2013-05-28,56399,56979,56009,56036,4175200,56036,"Brazil","^BVSP"
2013-05-29,56032,56032,54635,54635,5004200,54635,"Brazil","^BVSP"
2013-05-31,54633,54776,52942,53506,8790400,53506,"Brazil","^BVSP"
2013-06-03,53512,53993,53143,53944,4336200,53944,"Brazil","^BVSP"
2013-06-04,53944,54289,53498,54018,4314600,54018,"Brazil","^BVSP"
2013-06-05,54019,54207,52774,52799,4630200,52799,"Brazil","^BVSP"
2013-06-06,52813,52937,52244,52885,4088800,52885,"Brazil","^BVSP"
2013-06-07,52877,52877,51428,51619,5635400,51619,"Brazil","^BVSP"
2013-06-10,51619,51836,51160,51317,4689400,51317,"Brazil","^BVSP"
2013-06-11,51314,51314,49709,49770,5560600,49770,"Brazil","^BVSP"
2013-06-12,49777,50380,48746,49181,7780000,49181,"Brazil","^BVSP"
2013-06-13,49758,50444,48968,50415,6228400,50415,"Brazil","^BVSP"
2013-06-14,50415,50656,49330,49332,5826000,49332,"Brazil","^BVSP"
2013-06-17,49337,50123,49074,49089,5324600,49089,"Brazil","^BVSP"
2013-06-18,49089,49550,48414,49465,5977200,49465,"Brazil","^BVSP"
2013-06-19,49457,49698,47838,47893,6582600,47893,"Brazil","^BVSP"
2013-06-20,47884,48214,45930,48214,8789400,48214,"Brazil","^BVSP"
2013-06-21,48209,48209,46918,47056,6416400,47056,"Brazil","^BVSP"
2013-06-24,47039,47039,45406,45965,6301400,45965,"Brazil","^BVSP"
2013-06-25,45967,47119,45967,46893,4773600,46893,"Brazil","^BVSP"
2013-06-26,46903,47725,46903,47172,5636200,47172,"Brazil","^BVSP"
2013-06-27,47135,48053,47135,47609,5567200,47609,"Brazil","^BVSP"
2013-06-28,47609,47639,47059,47457,5752800,47457,"Brazil","^BVSP"
2013-07-01,47458,47674,46676,47230,6658400,47230,"Brazil","^BVSP"
2013-07-02,47222,47222,44819,45229,8123400,45229,"Brazil","^BVSP"
2013-07-03,45227,45827,44552,45044,6998800,45044,"Brazil","^BVSP"
2013-07-04,45046,46097,45046,45763,5100400,45763,"Brazil","^BVSP"
2013-07-05,45757,45757,44107,45210,6988200,45210,"Brazil","^BVSP"
2013-07-08,45211,45740,44839,45076,4664000,45076,"Brazil","^BVSP"
2013-07-10,45211,45955,45082,45483,4867600,45483,"Brazil","^BVSP"
2013-07-11,45494,46719,45494,46626,5587800,46626,"Brazil","^BVSP"
2013-07-12,46624,46624,45529,45533,5357200,45533,"Brazil","^BVSP"
2013-07-15,45533,46840,45533,46739,4842800,46739,"Brazil","^BVSP"
2013-07-16,46749,47330,46417,46869,4775800,46869,"Brazil","^BVSP"
2013-07-17,46869,47710,46869,47407,5185000,47407,"Brazil","^BVSP"
2013-07-18,47404,48057,47093,47657,4285200,47657,"Brazil","^BVSP"
2013-07-19,47650,47650,47163,47400,3474000,47400,"Brazil","^BVSP"
2013-07-22,47407,48879,47407,48574,4132000,48574,"Brazil","^BVSP"
2013-07-23,48579,49379,48579,48820,4579400,48820,"Brazil","^BVSP"
2013-07-24,48816,48888,47999,48374,5006400,48374,"Brazil","^BVSP"
2013-07-25,48372,49123,48007,49067,4935600,49067,"Brazil","^BVSP"
2013-07-26,49068,49422,48633,49422,3997400,49422,"Brazil","^BVSP"
2013-07-29,49414,49461,48975,49212,3285200,49212,"Brazil","^BVSP"
2013-07-30,49220,49669,48560,48562,5507600,48562,"Brazil","^BVSP"
2013-07-31,48558,48824,48140,48234,4944600,48234,"Brazil","^BVSP"
2013-08-01,48235,49281,48235,49141,4687400,49141,"Brazil","^BVSP"
2013-08-02,49141,49550,48448,48474,4491200,48474,"Brazil","^BVSP"
2013-08-05,48477,48707,48264,48436,3743000,48436,"Brazil","^BVSP"
2013-08-06,48436,48522,47225,47422,5267000,47422,"Brazil","^BVSP"
2013-08-07,47422,47665,47164,47447,4463400,47447,"Brazil","^BVSP"
2013-08-08,47453,49230,47453,48929,5221800,48929,"Brazil","^BVSP"
2013-08-09,48949,50001,48836,49875,6321000,49875,"Brazil","^BVSP"
2013-08-12,49878,51380,49878,50299,7041200,50299,"Brazil","^BVSP"
2013-08-13,50299,50734,50040,50601,6511900,50601,"Brazil","^BVSP"
2013-08-14,50594,51364,50414,50896,11269000,50896,"Brazil","^BVSP"
2013-08-15,50880,51453,50050,50908,8357400,50908,"Brazil","^BVSP"
2013-08-16,50906,51555,50800,51539,7402400,51539,"Brazil","^BVSP"
2013-08-19,51540,52089,51115,51574,6388000,51574,"Brazil","^BVSP"
2013-08-20,51561,51561,50499,50507,5834400,50507,"Brazil","^BVSP"
2013-08-21,50501,51171,50055,50405,5993400,50405,"Brazil","^BVSP"
2013-08-22,50408,51458,50408,51398,5570000,51398,"Brazil","^BVSP"
2013-08-23,51401,52197,51166,52197,5887800,52197,"Brazil","^BVSP"
2013-08-26,52200,52398,51429,51429,4283400,51429,"Brazil","^BVSP"
2013-08-27,51425,51425,50018,50092,5718400,50092,"Brazil","^BVSP"
2013-08-28,50092,50591,49530,49867,8503400,49867,"Brazil","^BVSP"
2013-08-29,49867,50558,49845,49922,7991000,49922,"Brazil","^BVSP"
2013-08-30,49932,50480,49649,50008,14233400,50008,"Brazil","^BVSP"
2013-09-02,50012,51976,50012,51835,9666200,51835,"Brazil","^BVSP"
2013-09-03,51833,52289,51422,51626,6887000,51626,"Brazil","^BVSP"
2013-09-04,51621,51830,51108,51716,5036400,51716,"Brazil","^BVSP"
2013-09-05,51715,52498,51256,52352,6194200,52352,"Brazil","^BVSP"
2013-09-06,52354,54125,52354,53749,10524400,53749,"Brazil","^BVSP"
2013-09-09,53752,54531,53257,54252,7775400,54252,"Brazil","^BVSP"
2013-09-10,54252,54740,53769,53979,6826400,53979,"Brazil","^BVSP"
2013-09-11,53982,54304,53307,53570,6817000,53570,"Brazil","^BVSP"
2013-09-12,53570,53839,52945,53307,6094600,53307,"Brazil","^BVSP"
2013-09-13,53311,53859,52917,53798,4938600,53798,"Brazil","^BVSP"
2013-09-16,53799,54463,53559,53822,4775000,53822,"Brazil","^BVSP"
2013-09-17,53823,54271,53576,54271,4249200,54271,"Brazil","^BVSP"
2013-09-18,54273,55827,53982,55703,7541000,55703,"Brazil","^BVSP"
2013-09-19,55703,55900,54966,55096,5134600,55096,"Brazil","^BVSP"
2013-09-20,55095,55243,54019,54110,4421000,54110,"Brazil","^BVSP"
2013-09-23,54110,54683,54027,54602,3915400,54602,"Brazil","^BVSP"
2013-09-24,54600,54818,54164,54431,4296000,54431,"Brazil","^BVSP"
2013-09-25,54425,54612,53968,54261,3904000,54261,"Brazil","^BVSP"
2013-09-26,54263,54344,53429,53783,6266400,53783,"Brazil","^BVSP"
2013-09-27,53781,54131,53611,53739,4217400,53739,"Brazil","^BVSP"
2013-09-30,53737,53737,52291,52338,6498600,52338,"Brazil","^BVSP"
2013-10-01,52337,53179,52093,53179,5041900,53179,"Brazil","^BVSP"
2013-10-02,53176,53474,52871,53100,4144800,53100,"Brazil","^BVSP"
2013-10-03,53101,53429,52296,52490,3992100,52490,"Brazil","^BVSP"
2013-10-04,52489,52872,52113,52849,4300400,52849,"Brazil","^BVSP"
2013-10-07,52841,52912,52274,52417,3472200,52417,"Brazil","^BVSP"
2013-10-08,52413,52556,51870,52312,4002600,52312,"Brazil","^BVSP"
2013-10-09,52313,52836,51955,52548,4212400,52548,"Brazil","^BVSP"
2013-10-10,52550,53133,52512,52997,4136800,52997,"Brazil","^BVSP"
2013-10-11,53000,53301,52739,53150,3052400,53150,"Brazil","^BVSP"
2013-10-14,53150,54197,52833,54171,4094500,54171,"Brazil","^BVSP"
2013-10-15,54176,55190,54053,54981,8575300,54981,"Brazil","^BVSP"
2013-10-16,54983,56747,54902,55973,12960000,55973,"Brazil","^BVSP"
2013-10-17,55966,56168,55146,55358,7207200,55358,"Brazil","^BVSP"
2013-10-18,55360,56052,55004,55378,5977600,55378,"Brazil","^BVSP"
2013-10-21,55380,56109,55257,56077,4658500,56077,"Brazil","^BVSP"
2013-10-22,56074,56720,55898,56460,4607000,56460,"Brazil","^BVSP"
2013-10-23,56459,56459,55380,55440,4019200,55440,"Brazil","^BVSP"
2013-10-24,55440,55864,54443,54877,5649300,54877,"Brazil","^BVSP"
2013-10-25,54863,54911,54141,54154,4940300,54154,"Brazil","^BVSP"
2013-10-28,54156,55076,54070,55073,5796100,55073,"Brazil","^BVSP"
2013-10-29,55076,55267,54224,54539,6136200,54539,"Brazil","^BVSP"
2013-10-30,54541,54764,53917,54173,6039200,54173,"Brazil","^BVSP"
2013-10-31,54174,54466,53602,54256,12953800,54256,"Brazil","^BVSP"
2013-11-01,54255,54387,53753,54013,4094400,54013,"Brazil","^BVSP"
2013-11-04,54014,54531,54008,54437,2731000,54437,"Brazil","^BVSP"
2013-11-05,54436,54539,53731,53832,3327700,53832,"Brazil","^BVSP"
2013-11-06,53840,53857,53073,53385,4258800,53385,"Brazil","^BVSP"
2013-11-07,53390,53891,52558,52741,4874300,52741,"Brazil","^BVSP"
2013-11-08,52739,52868,51735,52249,4105300,52249,"Brazil","^BVSP"
2013-11-11,52247,52646,52072,52624,2317800,52624,"Brazil","^BVSP"
2013-11-12,52624,52811,51636,51804,3848200,51804,"Brazil","^BVSP"
2013-11-13,51804,52271,51290,52230,3415400,52230,"Brazil","^BVSP"
2013-11-14,52233,53566,52233,53452,3609700,53452,"Brazil","^BVSP"
2013-11-18,53452,54317,53452,54307,3320500,54307,"Brazil","^BVSP"
2013-11-19,54304,54304,52831,53033,3649200,53033,"Brazil","^BVSP"
2013-11-21,53027,53027,52190,52688,3624600,52688,"Brazil","^BVSP"
2013-11-22,52686,53221,52096,52801,3467000,52801,"Brazil","^BVSP"
2013-11-25,52807,52995,52116,52264,3075300,52264,"Brazil","^BVSP"
2013-11-26,52259,52410,51433,51447,3730200,51447,"Brazil","^BVSP"
2013-11-27,51448,52113,51448,51861,3108000,51861,"Brazil","^BVSP"
2013-11-28,51862,52458,51697,51847,2416600,51847,"Brazil","^BVSP"
2013-11-29,51847,52482,51847,52482,2633500,52482,"Brazil","^BVSP"
2013-12-02,52479,52479,51245,51245,3793600,51245,"Brazil","^BVSP"
2013-12-03,51240,51257,50224,50349,3683100,50349,"Brazil","^BVSP"
2013-12-04,50359,50744,50114,50216,3641200,50216,"Brazil","^BVSP"
2013-12-05,50220,51124,50220,50788,3672300,50788,"Brazil","^BVSP"
2013-12-06,50788,51365,50610,50944,3353300,50944,"Brazil","^BVSP"
2013-12-09,50942,51298,50832,51165,2277900,51165,"Brazil","^BVSP"
2013-12-10,51167,51334,50956,50993,2128000,50993,"Brazil","^BVSP"
2013-12-11,50991,51039,50068,50068,3083200,50068,"Brazil","^BVSP"
2013-12-12,50077,50331,49842,50122,3049400,50122,"Brazil","^BVSP"
2013-12-13,50133,50519,50006,50051,2875700,50051,"Brazil","^BVSP"
2013-12-16,50049,50611,50049,50280,2796500,50280,"Brazil","^BVSP"
2013-12-17,50279,50563,50049,50090,2678300,50090,"Brazil","^BVSP"
2013-12-18,50110,50869,50110,50563,4527700,50563,"Brazil","^BVSP"
2013-12-19,50578,51168,50578,50819,1146000,50819,"Brazil","^BVSP"
2013-12-20,51620,51641,51025,51186,3715200,51186,"Brazil","^BVSP"
2013-12-23,51188,51605,51188,51356,2305800,51356,"Brazil","^BVSP"
2013-12-26,51358,51610,51185,51221,1810000,51221,"Brazil","^BVSP"
2013-12-27,51239,51395,51207,51267,2002600,51267,"Brazil","^BVSP"
2013-12-30,51274,51996,51274,51507,2048600,51507,"Brazil","^BVSP"
2014-01-02,51522,51656,50246,50341,3476300,50341,"Brazil","^BVSP"
2014-01-03,50348,50981,50269,50981,7360400,50981,"Brazil","^BVSP"
2014-01-06,50980,51002,50451,50974,3727800,50974,"Brazil","^BVSP"
2014-01-07,50982,51478,50429,50430,3339500,50430,"Brazil","^BVSP"
2014-01-08,50431,50793,50424,50577,2916500,50577,"Brazil","^BVSP"
2014-01-09,50576,50576,49259,49322,3702600,49322,"Brazil","^BVSP"
2014-01-10,49322,50145,49267,49696,3509600,49696,"Brazil","^BVSP"
2014-01-13,49708,50003,49309,49427,2803000,49427,"Brazil","^BVSP"
2014-01-14,49421,49834,49263,49703,2887800,49703,"Brazil","^BVSP"
2014-01-15,49715,50230,49715,50105,2835600,50105,"Brazil","^BVSP"
2014-01-16,50106,50577,49628,49696,2944500,49696,"Brazil","^BVSP"
2014-01-17,49696,49868,49174,49182,2615000,49182,"Brazil","^BVSP"
2014-01-20,49180,49292,48673,48708,1413000,48708,"Brazil","^BVSP"
2014-01-21,48728,49124,48440,48542,3104400,48542,"Brazil","^BVSP"
2014-01-22,48543,49487,48543,49300,3873300,49300,"Brazil","^BVSP"
2014-01-23,49294,49598,48321,48321,3881700,48321,"Brazil","^BVSP"
2014-01-24,48325,48327,47493,47787,3535000,47787,"Brazil","^BVSP"
2014-01-27,47782,48147,47493,47701,2936000,47701,"Brazil","^BVSP"
2014-01-28,47750,48488,47750,47841,2694500,47841,"Brazil","^BVSP"
2014-01-29,47839,47884,47154,47557,3324900,47557,"Brazil","^BVSP"
2014-01-30,47554,48034,47115,47244,3108300,47244,"Brazil","^BVSP"
2014-01-31,47234,47652,46814,47639,3718700,47639,"Brazil","^BVSP"
2014-02-03,47623,47623,46109,46148,3622100,46148,"Brazil","^BVSP"
2014-02-04,46148,47132,46146,46964,3471600,46964,"Brazil","^BVSP"
2014-02-05,46964,47148,46224,46624,3358900,46624,"Brazil","^BVSP"
2014-02-06,46988,48034,46632,47738,3632200,47738,"Brazil","^BVSP"
2014-02-07,47739,48253,47557,48074,3195800,48074,"Brazil","^BVSP"
2014-02-10,48070,48136,47465,47711,2634500,47711,"Brazil","^BVSP"
2014-02-11,47715,48604,47589,48463,3379300,48463,"Brazil","^BVSP"
2014-02-12,48467,48669,48044,48217,2766300,48217,"Brazil","^BVSP"
2014-02-13,48211,48211,47129,47813,3167100,47813,"Brazil","^BVSP"
2014-02-14,47816,48314,47756,48201,3192200,48201,"Brazil","^BVSP"
2014-02-17,48199,48297,47540,47576,1884200,47576,"Brazil","^BVSP"
2014-02-18,47575,47712,46600,46600,3860000,46600,"Brazil","^BVSP"
2014-02-19,46597,47155,46134,47151,3995400,47151,"Brazil","^BVSP"
2014-02-20,47127,47600,46634,47289,2996900,47289,"Brazil","^BVSP"
2014-02-21,47290,47816,47075,47380,2605800,47380,"Brazil","^BVSP"
2014-02-24,47375,47538,46991,47393,2990700,47393,"Brazil","^BVSP"
2014-02-25,47388,47388,46614,46716,2924800,46716,"Brazil","^BVSP"
2014-02-26,46718,47010,46403,46599,3225700,46599,"Brazil","^BVSP"
2014-02-27,46622,47781,46622,47607,3046300,47607,"Brazil","^BVSP"
2014-02-28,47613,47813,47043,47094,4088300,47094,"Brazil","^BVSP"
2014-03-05,47092,47154,46473,46589,2293000,46589,"Brazil","^BVSP"
2014-03-06,46592,47400,46502,47093,3164900,47093,"Brazil","^BVSP"
2014-03-07,47093,47218,46086,46244,3982800,46244,"Brazil","^BVSP"
2014-03-10,46242,46242,45203,45533,3673600,45533,"Brazil","^BVSP"
2014-03-11,45533,46050,45401,45698,3282400,45698,"Brazil","^BVSP"
2014-03-12,45687,45916,45508,45862,3021300,45862,"Brazil","^BVSP"
2014-03-13,45864,46176,45250,45444,3118200,45444,"Brazil","^BVSP"
2014-03-14,45444,45562,44905,44966,3477100,44966,"Brazil","^BVSP"
2014-03-17,44979,45499,44969,45118,2929300,45118,"Brazil","^BVSP"
2014-03-18,45115,46217,45074,46150,3593900,46150,"Brazil","^BVSP"
2014-03-19,46152,46803,45909,46567,3337700,46567,"Brazil","^BVSP"
2014-03-20,46565,47484,46151,47278,4364800,47278,"Brazil","^BVSP"
2014-03-21,47272,47832,46721,47381,4187600,47381,"Brazil","^BVSP"
2014-03-24,47382,48142,47382,47993,3008900,47993,"Brazil","^BVSP"
2014-03-25,47993,48441,47950,48180,2953800,48180,"Brazil","^BVSP"
2014-03-26,48182,48725,47963,47966,3439100,47966,"Brazil","^BVSP"
2014-03-27,47965,49647,47962,49647,5928200,49647,"Brazil","^BVSP"
2014-03-28,49653,50181,49606,49768,4230500,49768,"Brazil","^BVSP"
2014-03-31,49770,50418,49770,50415,3645900,50415,"Brazil","^BVSP"
2014-04-01,50412,50627,49774,50270,3501200,50270,"Brazil","^BVSP"
2014-04-02,50273,51794,50201,51701,4790700,51701,"Brazil","^BVSP"
2014-04-03,51712,51991,51059,51408,3503400,51408,"Brazil","^BVSP"
2014-04-04,51428,52288,51034,51082,3696200,51082,"Brazil","^BVSP"
2014-04-07,51115,52229,51115,52155,3673400,52155,"Brazil","^BVSP"
2014-04-08,52173,53394,51377,51629,5496100,51629,"Brazil","^BVSP"
2014-04-09,51629,51629,50653,51185,4195300,51185,"Brazil","^BVSP"
2014-04-10,51185,51522,50732,51127,3588900,51127,"Brazil","^BVSP"
2014-04-11,51127,51871,50518,51867,3395300,51867,"Brazil","^BVSP"
2014-04-14,51867,52110,51361,51596,2686800,51596,"Brazil","^BVSP"
2014-04-15,51593,51593,49890,50454,3858800,50454,"Brazil","^BVSP"
2014-04-16,50469,51288,50469,51201,3427100,51201,"Brazil","^BVSP"
2014-04-17,51201,52338,50887,52112,3015500,52112,"Brazil","^BVSP"
2014-04-22,52112,52460,51682,51977,3492900,51977,"Brazil","^BVSP"
2014-04-23,51975,51975,51400,51570,2844000,51570,"Brazil","^BVSP"
2014-04-24,51570,51963,51238,51817,3186900,51817,"Brazil","^BVSP"
2014-04-25,51817,51817,51019,51399,2954700,51399,"Brazil","^BVSP"
2014-04-28,51397,51471,50777,51384,2711300,51384,"Brazil","^BVSP"
2014-04-29,51386,52416,51386,51839,4326300,51839,"Brazil","^BVSP"
2014-04-30,51837,51837,51250,51626,4623600,51626,"Brazil","^BVSP"
2014-05-02,51630,53060,51628,52980,8106000,52980,"Brazil","^BVSP"
2014-05-05,52989,53506,52931,53446,4441100,53446,"Brazil","^BVSP"
2014-05-06,53446,53986,53094,53780,4965700,53780,"Brazil","^BVSP"
2014-05-07,53786,54226,53499,54053,4569600,54053,"Brazil","^BVSP"
2014-05-08,54053,54249,53222,53422,3344300,53422,"Brazil","^BVSP"
2014-05-09,53422,53639,53057,53100,3177900,53100,"Brazil","^BVSP"
2014-05-12,53103,54053,53103,54053,2744300,54053,"Brazil","^BVSP"
2014-05-13,54056,54243,53731,53907,2956600,53907,"Brazil","^BVSP"
2014-05-14,53913,54459,53867,54413,2878900,54413,"Brazil","^BVSP"
2014-05-15,54404,54404,53565,53856,3436100,53856,"Brazil","^BVSP"
2014-05-16,53856,54382,53709,53976,3541400,53976,"Brazil","^BVSP"
2014-05-19,53976,53991,53267,53353,3089500,53353,"Brazil","^BVSP"
2014-05-20,53353,53843,52313,52366,3948600,52366,"Brazil","^BVSP"
2014-05-21,52366,52875,52203,52203,3248100,52203,"Brazil","^BVSP"
2014-05-22,52206,52851,52133,52806,2941400,52806,"Brazil","^BVSP"
2014-05-23,52807,52936,52403,52626,2462300,52626,"Brazil","^BVSP"
2014-05-26,52649,53044,52649,52932,1186800,52932,"Brazil","^BVSP"
2014-05-27,52932,53309,52079,52172,2894700,52172,"Brazil","^BVSP"
2014-05-28,52174,52858,52009,52640,2842500,52640,"Brazil","^BVSP"
2014-05-29,52649,52889,52031,52239,2394300,52239,"Brazil","^BVSP"
2014-05-30,52233,52233,51239,51239,4533200,51239,"Brazil","^BVSP"
2014-06-02,51239,51879,51239,51606,2597900,51606,"Brazil","^BVSP"
2014-06-03,51606,52032,51377,52032,2859400,52032,"Brazil","^BVSP"
2014-06-04,52032,52032,51609,51833,2571500,51833,"Brazil","^BVSP"
2014-06-05,51833,52245,51470,51559,2890000,51559,"Brazil","^BVSP"
2014-06-06,51562,53175,51562,53129,4298400,53129,"Brazil","^BVSP"
2014-06-09,53129,54462,53091,54273,3660000,54273,"Brazil","^BVSP"
2014-06-10,54273,54604,53960,54604,3729900,54604,"Brazil","^BVSP"
2014-06-11,54676,55284,54676,55102,3796000,55102,"Brazil","^BVSP"
2014-06-13,55102,55104,54649,54807,2664400,54807,"Brazil","^BVSP"
2014-06-16,54807,54855,54475,54630,2637400,54630,"Brazil","^BVSP"
2014-06-17,54630,54638,54150,54300,1588400,54300,"Brazil","^BVSP"
2014-06-18,54301,55203,54046,55203,3265400,55203,"Brazil","^BVSP"
2014-06-20,55192,55192,54540,54638,2347800,54638,"Brazil","^BVSP"
2014-06-23,54637,54724,54097,54210,1403100,54210,"Brazil","^BVSP"
2014-06-24,54194,55002,54094,54281,3121500,54281,"Brazil","^BVSP"
2014-06-25,54281,54393,53363,53426,2953100,53426,"Brazil","^BVSP"
2014-06-26,53426,53790,53331,53506,2241300,53506,"Brazil","^BVSP"
2014-06-27,53507,53614,52919,53157,2370800,53157,"Brazil","^BVSP"
2014-06-30,53158,53311,52709,53168,2448700,53168,"Brazil","^BVSP"
2014-07-01,53170,53698,52887,53171,2693300,53171,"Brazil","^BVSP"
2014-07-02,53171,53245,52735,53029,3156000,53029,"Brazil","^BVSP"
2014-07-03,53029,53877,52760,53875,3302900,53875,"Brazil","^BVSP"
2014-07-04,53892,54086,53703,54055,753800,54055,"Brazil","^BVSP"
2014-07-07,54042,54042,53376,53802,2194500,53802,"Brazil","^BVSP"
2014-07-08,53814,53905,53459,53635,1854600,53635,"Brazil","^BVSP"
2014-07-10,53643,54600,53643,54593,4720300,54593,"Brazil","^BVSP"
2014-07-11,54593,54952,54320,54786,3377200,54786,"Brazil","^BVSP"
2014-07-14,54786,55896,54786,55744,4170300,55744,"Brazil","^BVSP"
2014-07-15,55742,56107,55629,55974,3222300,55974,"Brazil","^BVSP"
2014-07-16,55973,56332,55573,55717,4094500,55717,"Brazil","^BVSP"
2014-07-17,55712,56190,55237,55638,3975700,55638,"Brazil","^BVSP"
2014-07-18,55639,57484,55639,57013,5296300,57013,"Brazil","^BVSP"
2014-07-21,57014,57756,56864,57634,3034800,57634,"Brazil","^BVSP"
2014-07-22,57636,58138,57500,57983,3010300,57983,"Brazil","^BVSP"
2014-07-23,57983,57983,57142,57420,2735100,57420,"Brazil","^BVSP"
2014-07-24,57420,58122,57357,57978,3040100,57978,"Brazil","^BVSP"
2014-07-25,57978,58069,57648,57821,2422200,57821,"Brazil","^BVSP"
2014-07-28,57823,58040,57415,57696,2366800,57696,"Brazil","^BVSP"
2014-07-29,57697,58013,57083,57119,2702100,57119,"Brazil","^BVSP"
2014-07-30,57119,57439,56706,56878,2446200,56878,"Brazil","^BVSP"
2014-07-31,56878,56878,55502,55829,3488600,55829,"Brazil","^BVSP"
2014-08-01,55827,56059,55267,55903,3229100,55903,"Brazil","^BVSP"
2014-08-04,55906,56620,55586,56616,2195100,56616,"Brazil","^BVSP"
2014-08-05,56621,56937,56064,56202,3752600,56202,"Brazil","^BVSP"
2014-08-06,56202,56797,55696,56487,4006200,56487,"Brazil","^BVSP"
2014-08-07,56487,56923,55985,56188,3049200,56188,"Brazil","^BVSP"
2014-08-08,56187,56187,55319,55573,3017300,55573,"Brazil","^BVSP"
2014-08-11,55578,56657,55578,56613,2672500,56613,"Brazil","^BVSP"
2014-08-12,56613,56811,56312,56442,2145000,56442,"Brazil","^BVSP"
2014-08-13,56454,56736,55239,55581,4810800,55581,"Brazil","^BVSP"
2014-08-14,55558,55947,55437,55780,3045400,55780,"Brazil","^BVSP"
2014-08-15,55783,56965,55783,56964,3437700,56964,"Brazil","^BVSP"
2014-08-18,56968,57665,56968,57561,3268300,57561,"Brazil","^BVSP"
2014-08-19,57561,58475,57371,58449,3485000,58449,"Brazil","^BVSP"
2014-08-20,58450,59010,58320,58878,3300100,58878,"Brazil","^BVSP"
2014-08-21,58878,59207,58558,58992,3322000,58992,"Brazil","^BVSP"
2014-08-22,58992,58992,58164,58407,2327300,58407,"Brazil","^BVSP"
2014-08-25,58408,59743,58408,59735,2875600,59735,"Brazil","^BVSP"
2014-08-26,59735,60093,59522,59821,4014100,59821,"Brazil","^BVSP"
2014-08-27,59822,61247,59822,60951,5389100,60951,"Brazil","^BVSP"
2014-08-28,60945,60980,60189,60291,4462600,60291,"Brazil","^BVSP"
2014-08-29,60291,61442,60272,61288,4942400,61288,"Brazil","^BVSP"
2014-09-01,61294,62279,61141,61141,2769100,61141,"Brazil","^BVSP"
2014-09-02,61142,62231,60930,61896,3995800,61896,"Brazil","^BVSP"
2014-09-03,61900,62305,61199,61837,4164300,61837,"Brazil","^BVSP"
2014-09-04,61836,61836,60739,60800,4010700,60800,"Brazil","^BVSP"
2014-09-05,60800,61029,60243,60681,3808600,60681,"Brazil","^BVSP"
2014-09-08,60708,61513,59191,59193,4386000,59193,"Brazil","^BVSP"
2014-09-09,59158,59485,58306,58676,4461200,58676,"Brazil","^BVSP"
2014-09-10,58675,58675,57450,58199,3805800,58199,"Brazil","^BVSP"
2014-09-11,58202,58809,58112,58337,2893100,58337,"Brazil","^BVSP"
2014-09-12,58336,58336,56666,56928,4620200,56928,"Brazil","^BVSP"
2014-09-15,56930,57949,56852,57949,2902300,57949,"Brazil","^BVSP"
2014-09-16,57949,60243,57946,59115,4876300,59115,"Brazil","^BVSP"
2014-09-17,59115,60025,59096,59108,3525800,59108,"Brazil","^BVSP"
2014-09-18,59108,59267,58118,58374,3848200,58374,"Brazil","^BVSP"
2014-09-19,58356,58516,57514,57789,3464700,57789,"Brazil","^BVSP"
2014-09-22,57788,57788,55974,56818,3814900,56818,"Brazil","^BVSP"
2014-09-23,56818,57332,56086,56541,3317200,56541,"Brazil","^BVSP"
2014-09-24,56539,57131,55934,56824,2848300,56824,"Brazil","^BVSP"
2014-09-25,56822,56822,55876,55962,2845400,55962,"Brazil","^BVSP"
2014-09-26,55965,57489,55946,57212,2982200,57212,"Brazil","^BVSP"
2014-09-29,57211,57211,54124,54625,5186400,54625,"Brazil","^BVSP"
2014-09-30,54626,54626,53536,54116,5222300,54116,"Brazil","^BVSP"
2014-10-01,54115,54115,52647,52858,4918800,52858,"Brazil","^BVSP"
2014-10-02,52859,54022,52480,53519,3986300,53519,"Brazil","^BVSP"
2014-10-03,53519,54540,53368,54540,3708600,54540,"Brazil","^BVSP"
2014-10-06,54542,58897,54542,57116,6714000,57116,"Brazil","^BVSP"
2014-10-07,57124,58318,57124,57436,4874100,57436,"Brazil","^BVSP"
2014-10-08,57440,58191,56199,57058,4807200,57058,"Brazil","^BVSP"
2014-10-09,57079,58246,57077,57268,4503200,57268,"Brazil","^BVSP"
2014-10-10,57266,57266,55312,55312,3635700,55312,"Brazil","^BVSP"
2014-10-13,55313,58747,55313,57957,4544400,57957,"Brazil","^BVSP"
2014-10-14,57945,58856,57258,58015,3904700,58015,"Brazil","^BVSP"
2014-10-15,58012,58012,54919,56135,5671200,56135,"Brazil","^BVSP"
2014-10-16,56124,56124,54132,54298,5427800,54298,"Brazil","^BVSP"
2014-10-17,54298,55949,54298,55724,4406300,55724,"Brazil","^BVSP"
2014-10-20,55720,55720,54300,54303,3868300,54303,"Brazil","^BVSP"
2014-10-21,54300,54300,51922,52432,6578000,52432,"Brazil","^BVSP"
2014-10-22,52427,53229,52064,52411,3755400,52411,"Brazil","^BVSP"
2014-10-23,52409,52409,50654,50713,6346100,50713,"Brazil","^BVSP"
2014-10-24,50687,53146,50596,51941,5852100,51941,"Brazil","^BVSP"
2014-10-27,51937,51937,48722,50504,7999300,50504,"Brazil","^BVSP"
2014-10-28,50504,52374,50503,52330,5761300,52330,"Brazil","^BVSP"
2014-10-29,52330,52330,51049,51049,4915300,51049,"Brazil","^BVSP"
2014-10-30,51049,52574,51049,52337,4299700,52337,"Brazil","^BVSP"
2014-10-31,52338,54629,52335,54629,5348200,54629,"Brazil","^BVSP"
2014-11-03,54629,54629,53054,53947,3665200,53947,"Brazil","^BVSP"
2014-11-04,53947,54384,53432,54384,3529800,54384,"Brazil","^BVSP"
2014-11-05,54384,54384,53589,53698,2901600,53698,"Brazil","^BVSP"
2014-11-06,53697,53697,52418,52637,3692500,52637,"Brazil","^BVSP"
2014-11-07,52637,53483,52197,53223,3592600,53223,"Brazil","^BVSP"
2014-11-10,53223,53830,52716,52725,2973700,52725,"Brazil","^BVSP"
2014-11-11,52718,52718,52003,52474,2678500,52474,"Brazil","^BVSP"
2014-11-12,52473,53435,52187,52979,3198600,52979,"Brazil","^BVSP"
2014-11-13,52979,53323,51846,51846,3032900,51846,"Brazil","^BVSP"
2014-11-14,51834,51900,50886,51772,3789300,51772,"Brazil","^BVSP"
2014-11-17,51772,52223,51047,51257,2824600,51257,"Brazil","^BVSP"
2014-11-18,51257,52122,51067,52062,3639700,52062,"Brazil","^BVSP"
2014-11-19,52062,53403,52032,53403,4251300,53403,"Brazil","^BVSP"
2014-11-21,53403,56214,53403,56084,6026200,56084,"Brazil","^BVSP"
2014-11-24,56086,57359,55292,55407,4588700,55407,"Brazil","^BVSP"
2014-11-25,55410,56387,55204,55561,5033200,55561,"Brazil","^BVSP"
2014-11-26,55561,56100,54977,55098,3033300,55098,"Brazil","^BVSP"
2014-11-27,55099,56065,54592,54721,2292700,54721,"Brazil","^BVSP"
2014-11-28,54731,55436,54664,54664,2637700,54664,"Brazil","^BVSP"
2014-12-01,54719,54719,52156,52276,4312800,52276,"Brazil","^BVSP"
2014-12-02,52277,52639,51471,51612,3296400,51612,"Brazil","^BVSP"
2014-12-03,51610,52470,51610,52320,2724600,52320,"Brazil","^BVSP"
2014-12-04,52320,52539,51074,51427,2913300,51427,"Brazil","^BVSP"
2014-12-05,51427,52023,51163,51992,2530100,51992,"Brazil","^BVSP"
2014-12-08,51992,51992,50015,50274,3302600,50274,"Brazil","^BVSP"
2014-12-09,50250,50260,49395,50193,3852900,50193,"Brazil","^BVSP"
2014-12-10,50192,50192,49297,49548,3168900,49548,"Brazil","^BVSP"
2014-12-11,49548,49946,48808,49861,3828900,49861,"Brazil","^BVSP"
2014-12-12,49861,49861,47973,48002,3756700,48002,"Brazil","^BVSP"
2014-12-15,48002,48401,46410,47019,4685700,47019,"Brazil","^BVSP"
2014-12-16,47016,47595,45853,47008,5339900,47008,"Brazil","^BVSP"
2014-12-17,47008,49258,47008,48714,6209500,48714,"Brazil","^BVSP"
2014-12-18,48714,49565,48296,48496,4240500,48496,"Brazil","^BVSP"
2014-12-19,48492,49658,48435,49651,3620400,49651,"Brazil","^BVSP"
2014-12-22,49651,50121,49105,50121,2675200,50121,"Brazil","^BVSP"
2014-12-23,50121,50890,49815,50890,2668300,50890,"Brazil","^BVSP"
2014-12-26,50891,50973,49914,50145,1911100,50145,"Brazil","^BVSP"
2014-12-29,50145,50903,50008,50594,1852500,50594,"Brazil","^BVSP"
2014-12-30,50601,50841,49993,50007,2925300,50007,"Brazil","^BVSP"
2015-01-02,50005,50005,48345,48512,2882100,48512,"Brazil","^BVSP"
2015-01-05,48512,48512,47264,47517,3866100,47517,"Brazil","^BVSP"
2015-01-06,47517,48061,47338,48001,4559300,48001,"Brazil","^BVSP"
2015-01-07,48006,49882,48006,49463,4408800,49463,"Brazil","^BVSP"
2015-01-08,49463,50261,49017,49943,3621900,49943,"Brazil","^BVSP"
2015-01-09,49955,49955,48501,48840,2999200,48840,"Brazil","^BVSP"
2015-01-12,48840,48840,47956,48140,3246100,48140,"Brazil","^BVSP"
2015-01-13,48144,48939,48042,48042,3881600,48042,"Brazil","^BVSP"
2015-01-14,48038,48281,47372,47646,3697200,47646,"Brazil","^BVSP"
2015-01-15,47648,48853,47648,48026,4463600,48026,"Brazil","^BVSP"
2015-01-16,48028,49264,48028,49017,3344900,49017,"Brazil","^BVSP"
2015-01-19,49009,49009,47503,47758,2096000,47758,"Brazil","^BVSP"
2015-01-20,47759,48687,47619,47877,2899100,47877,"Brazil","^BVSP"
2015-01-21,47888,49329,47888,49224,3561400,49224,"Brazil","^BVSP"
2015-01-22,49227,50281,49227,49443,4952300,49443,"Brazil","^BVSP"
2015-01-23,49432,49523,48496,48775,3081600,48775,"Brazil","^BVSP"
2015-01-26,48712,48712,48004,48577,2774200,48577,"Brazil","^BVSP"
2015-01-27,48577,48864,47352,48591,3890900,48591,"Brazil","^BVSP"
2015-01-28,48589,48589,47550,47695,4241400,47695,"Brazil","^BVSP"
2015-01-29,47696,47894,47007,47762,4405500,47762,"Brazil","^BVSP"
2015-01-30,47759,47759,46484,46908,4846600,46908,"Brazil","^BVSP"
2015-02-02,46933,47684,46760,47651,3247800,47651,"Brazil","^BVSP"
2015-02-03,47664,48993,47664,48964,4819800,48964,"Brazil","^BVSP"
2015-02-04,48965,49718,48214,49301,4811300,49301,"Brazil","^BVSP"
2015-02-05,49299,49816,49020,49234,4004000,49234,"Brazil","^BVSP"
2015-02-06,49231,49231,48209,48792,4591400,48792,"Brazil","^BVSP"
2015-02-09,48792,49522,48416,49383,3658900,49383,"Brazil","^BVSP"
2015-02-10,49359,49799,48510,48510,3796000,48510,"Brazil","^BVSP"
2015-02-11,48508,48762,47841,48240,4307600,48240,"Brazil","^BVSP"
2015-02-12,48240,49690,48240,49533,3828500,49533,"Brazil","^BVSP"
2015-02-13,49546,50726,49476,50636,3888100,50636,"Brazil","^BVSP"
2015-02-18,50639,51868,50639,51280,2940700,51280,"Brazil","^BVSP"
2015-02-19,51281,51638,50870,51294,2485100,51294,"Brazil","^BVSP"
2015-02-20,51301,51450,50711,51238,2208700,51238,"Brazil","^BVSP"
2015-02-23,51238,51690,50861,51281,2824500,51281,"Brazil","^BVSP"
2015-02-24,51288,51956,51049,51874,3004200,51874,"Brazil","^BVSP"
2015-02-25,51863,51863,51051,51811,3477200,51811,"Brazil","^BVSP"
2015-02-26,51812,51922,51181,51761,3239000,51761,"Brazil","^BVSP"
2015-02-27,51760,52457,51474,51583,4177300,51583,"Brazil","^BVSP"
2015-03-02,51580,51580,50775,51021,2793700,51021,"Brazil","^BVSP"
2015-03-03,51021,51432,50995,51304,2746200,51304,"Brazil","^BVSP"
2015-03-04,51303,51303,50399,50468,3654700,50468,"Brazil","^BVSP"
2015-03-05,50472,50734,50114,50365,2732500,50365,"Brazil","^BVSP"
2015-03-06,50355,50401,49779,49981,2787800,49981,"Brazil","^BVSP"
2015-03-09,49978,49978,48952,49181,3299100,49181,"Brazil","^BVSP"
2015-03-10,49177,49177,48293,48293,4434300,48293,"Brazil","^BVSP"
2015-03-11,48309,48937,48309,48906,3839700,48906,"Brazil","^BVSP"
2015-03-12,48908,49633,48684,48880,3833200,48880,"Brazil","^BVSP"
2015-03-13,48858,48858,47905,48596,4475600,48596,"Brazil","^BVSP"
2015-03-16,48602,49205,48394,48848,3155400,48848,"Brazil","^BVSP"
2015-03-17,48849,50384,48841,50285,4013900,50285,"Brazil","^BVSP"
2015-03-18,50284,51773,49788,51526,4458900,51526,"Brazil","^BVSP"
2015-03-19,51530,51547,50791,50954,3263600,50954,"Brazil","^BVSP"
2015-03-20,50964,52286,50964,51967,4916800,51967,"Brazil","^BVSP"
2015-03-23,51970,52178,51516,51908,3397500,51908,"Brazil","^BVSP"
2015-03-24,51908,52223,51006,51506,3436500,51506,"Brazil","^BVSP"
2015-03-25,51507,52319,51507,51858,4774600,51858,"Brazil","^BVSP"
2015-03-26,51835,51835,50528,50580,3638500,50580,"Brazil","^BVSP"
2015-03-27,50575,50575,49909,50095,3927700,50095,"Brazil","^BVSP"
2015-03-30,50100,51265,50100,51243,2798500,51243,"Brazil","^BVSP"
2015-03-31,51243,51466,50612,51150,3511300,51150,"Brazil","^BVSP"
2015-04-01,51186,52613,51186,52322,4411500,52322,"Brazil","^BVSP"
2015-04-02,52322,53312,52322,53123,4266500,53123,"Brazil","^BVSP"
2015-04-06,53124,54146,53122,53737,3322100,53737,"Brazil","^BVSP"
2015-04-07,53738,54002,53436,53729,3487100,53729,"Brazil","^BVSP"
2015-04-08,53732,54458,53508,53661,4780400,53661,"Brazil","^BVSP"
2015-04-09,53638,54002,53292,53803,4338300,53803,"Brazil","^BVSP"
2015-04-10,53803,54413,53556,54214,3683000,54214,"Brazil","^BVSP"
2015-04-13,54214,54866,54004,54240,3660300,54240,"Brazil","^BVSP"
2015-04-14,54240,54625,53773,53982,3747100,53982,"Brazil","^BVSP"
2015-04-15,54037,54960,54037,54919,4069600,54919,"Brazil","^BVSP"
2015-04-16,54919,54919,54316,54674,4133000,54674,"Brazil","^BVSP"
2015-04-17,54672,54672,53896,53955,3537200,53955,"Brazil","^BVSP"
2015-04-20,53965,54385,53510,53761,2688000,53761,"Brazil","^BVSP"
2015-04-22,53762,54848,53762,54617,3700600,54617,"Brazil","^BVSP"
2015-04-23,54616,55782,54064,55685,5535100,55685,"Brazil","^BVSP"
2015-04-24,55687,56965,55687,56594,4982000,56594,"Brazil","^BVSP"
2015-04-27,56554,56962,55515,55535,3854300,55535,"Brazil","^BVSP"
2015-04-28,55549,56018,54973,55812,4082600,55812,"Brazil","^BVSP"
2015-04-29,55809,55809,55067,55325,3888400,55325,"Brazil","^BVSP"
2015-04-30,55312,56229,55080,56229,4947500,56229,"Brazil","^BVSP"
2015-05-04,56230,57520,56230,57354,3492600,57354,"Brazil","^BVSP"
2015-05-05,57350,58147,57096,58052,3903800,58052,"Brazil","^BVSP"
2015-05-06,58050,58575,56820,57103,4598400,57103,"Brazil","^BVSP"
2015-05-07,57103,57290,56507,56921,3065100,56921,"Brazil","^BVSP"
2015-05-08,56965,57621,56595,57149,3410900,57149,"Brazil","^BVSP"
2015-05-11,57166,57490,57013,57197,2966300,57197,"Brazil","^BVSP"
2015-05-12,57193,57424,56753,56792,3087600,56792,"Brazil","^BVSP"
2015-05-13,56790,56900,56199,56372,3071700,56372,"Brazil","^BVSP"
2015-05-14,56376,56921,56105,56657,3209800,56657,"Brazil","^BVSP"
2015-05-15,56656,57288,56422,57249,2894400,57249,"Brazil","^BVSP"
2015-05-18,57250,57606,55926,56204,3778400,56204,"Brazil","^BVSP"
2015-05-19,56204,56212,55027,55499,3223000,55499,"Brazil","^BVSP"
2015-05-20,55497,55645,54820,54901,3278700,54901,"Brazil","^BVSP"
2015-05-21,54900,55112,54526,55112,3303700,55112,"Brazil","^BVSP"
2015-05-22,55112,55223,54038,54377,3689100,54377,"Brazil","^BVSP"
2015-05-25,54378,54868,53972,54609,1604600,54609,"Brazil","^BVSP"
2015-05-26,54609,54609,53548,53630,3324200,53630,"Brazil","^BVSP"
2015-05-27,53631,54293,53136,54236,3475600,54236,"Brazil","^BVSP"
2015-05-28,54230,54230,53363,53976,2914500,53976,"Brazil","^BVSP"
2015-05-29,53974,53974,52760,52760,5553300,52760,"Brazil","^BVSP"
2015-06-01,52753,53233,52666,53031,2675400,53031,"Brazil","^BVSP"
2015-06-02,53035,54236,53035,54236,3476000,54236,"Brazil","^BVSP"
2015-06-03,54254,54254,53462,53523,3317500,53523,"Brazil","^BVSP"
2015-06-05,53518,53518,52808,52973,2729100,52973,"Brazil","^BVSP"
2015-06-08,52975,53325,52810,52810,2582500,52810,"Brazil","^BVSP"
2015-06-09,52810,53292,52688,52816,3678000,52816,"Brazil","^BVSP"
2015-06-10,52817,54102,52817,53876,3587500,53876,"Brazil","^BVSP"
2015-06-11,53876,54271,53444,53689,3093500,53689,"Brazil","^BVSP"
2015-06-12,53689,53689,53033,53348,2379500,53348,"Brazil","^BVSP"
2015-06-15,53338,53338,52548,53138,2607700,53138,"Brazil","^BVSP"
2015-06-16,53144,53969,53107,53702,3280300,53702,"Brazil","^BVSP"
2015-06-17,53698,53755,52965,53249,2993200,53249,"Brazil","^BVSP"
2015-06-18,53251,54352,53214,54239,2665000,54239,"Brazil","^BVSP"
2015-06-19,54236,54236,53479,53749,2948200,53749,"Brazil","^BVSP"
2015-06-22,53750,54342,53655,53864,2354400,53864,"Brazil","^BVSP"
2015-06-23,53865,54361,53772,53772,2625300,53772,"Brazil","^BVSP"
2015-06-24,53772,54236,53628,53843,2731100,53843,"Brazil","^BVSP"
2015-06-25,53840,53840,52879,53176,3234900,53176,"Brazil","^BVSP"
2015-06-26,53181,54076,53151,54017,2705400,54017,"Brazil","^BVSP"
2015-06-29,54013,54013,52647,53014,2550600,53014,"Brazil","^BVSP"
2015-06-30,53014,53345,52813,53081,3021100,53081,"Brazil","^BVSP"
2015-07-01,53081,53456,52603,52758,2714000,52758,"Brazil","^BVSP"
2015-07-02,52758,53357,52758,53106,2998100,53106,"Brazil","^BVSP"
2015-07-03,53106,53106,52370,52519,1498600,52519,"Brazil","^BVSP"
2015-07-06,52511,52679,51683,52149,2573500,52149,"Brazil","^BVSP"
2015-07-07,52149,52388,51130,52344,3538900,52344,"Brazil","^BVSP"
2015-07-08,52343,52468,51574,51782,2880300,51782,"Brazil","^BVSP"
2015-07-10,51782,52786,51782,52591,2678700,52591,"Brazil","^BVSP"
2015-07-13,52591,53164,52591,53119,2606900,53119,"Brazil","^BVSP"
2015-07-14,53119,53416,52653,53239,2740900,53239,"Brazil","^BVSP"
2015-07-15,53239,53334,52790,52902,2533600,52902,"Brazil","^BVSP"
2015-07-16,52902,53417,52714,53070,2075700,53070,"Brazil","^BVSP"
2015-07-17,53070,53310,52221,52342,2440800,52342,"Brazil","^BVSP"
2015-07-20,52341,52424,51525,51600,2635000,51600,"Brazil","^BVSP"
2015-07-21,51603,51998,51244,51474,2942600,51474,"Brazil","^BVSP"
2015-07-22,51474,51474,50592,50916,3123300,50916,"Brazil","^BVSP"
2015-07-23,50916,51063,49668,49807,4181500,49807,"Brazil","^BVSP"
2015-07-24,49804,49831,48624,49246,3632500,49246,"Brazil","^BVSP"
2015-07-27,49246,49298,48640,48736,3489100,48736,"Brazil","^BVSP"
2015-07-28,48740,49871,48740,49602,4137600,49602,"Brazil","^BVSP"
2015-07-29,49602,50333,49422,50245,3746800,50245,"Brazil","^BVSP"
2015-07-30,50245,50645,49612,49897,3261200,49897,"Brazil","^BVSP"
2015-07-31,49897,50895,49892,50865,3142200,50865,"Brazil","^BVSP"
2015-08-03,50867,50867,50054,50138,2613200,50138,"Brazil","^BVSP"
2015-08-04,50138,50574,49827,50058,2670400,50058,"Brazil","^BVSP"
2015-08-05,50067,50853,50067,50287,2662100,50287,"Brazil","^BVSP"
2015-08-06,50280,50534,49624,50011,3640800,50011,"Brazil","^BVSP"
2015-08-07,50013,50013,48512,48577,3218400,48577,"Brazil","^BVSP"
2015-08-10,48578,49512,48578,49353,2842100,49353,"Brazil","^BVSP"
2015-08-11,49340,49340,48306,49072,3288000,49072,"Brazil","^BVSP"
2015-08-12,49064,49064,48028,48388,4234500,48388,"Brazil","^BVSP"
2015-08-13,48390,48606,47722,48010,3186500,48010,"Brazil","^BVSP"
2015-08-14,48010,48186,47508,47508,2878900,47508,"Brazil","^BVSP"
2015-08-17,47509,47788,47217,47217,2411800,47217,"Brazil","^BVSP"
2015-08-18,47220,48084,46676,47451,3544600,47451,"Brazil","^BVSP"
2015-08-19,47451,47451,45977,46588,3236800,46588,"Brazil","^BVSP"
2015-08-20,46588,46781,46030,46649,2945700,46649,"Brazil","^BVSP"
2015-08-21,46649,46649,45677,45720,2869600,45720,"Brazil","^BVSP"
2015-08-24,45715,45715,42749,44336,4727700,44336,"Brazil","^BVSP"
2015-08-25,44338,45588,44338,44545,3726600,44545,"Brazil","^BVSP"
2015-08-26,44546,46039,44540,46038,3739600,46038,"Brazil","^BVSP"
2015-08-27,46038,47997,46038,47715,4252000,47715,"Brazil","^BVSP"
2015-08-28,47697,47872,46847,47154,3778600,47154,"Brazil","^BVSP"
2015-08-31,47151,47151,45570,46626,4667300,46626,"Brazil","^BVSP"
2015-09-01,46625,46625,45278,45477,3665000,45477,"Brazil","^BVSP"
2015-09-02,45484,46474,45445,46464,3740100,46464,"Brazil","^BVSP"
2015-09-03,46468,47532,46279,47366,4103000,47366,"Brazil","^BVSP"
2015-09-04,47366,47377,46320,46498,4174900,46498,"Brazil","^BVSP"
2015-09-08,46501,47243,46497,46762,2851000,46762,"Brazil","^BVSP"
2015-09-09,46762,47840,46614,46657,3699200,46657,"Brazil","^BVSP"
2015-09-10,46656,46819,45592,46504,4483200,46504,"Brazil","^BVSP"
2015-09-11,46509,46558,46176,46401,3615300,46401,"Brazil","^BVSP"
2015-09-14,46400,47386,46218,47282,3579400,47282,"Brazil","^BVSP"
2015-09-15,47281,47689,46746,47364,3562000,47364,"Brazil","^BVSP"
2015-09-16,47364,48681,47364,48553,4320300,48553,"Brazil","^BVSP"
2015-09-17,48553,49396,48082,48551,4184700,48551,"Brazil","^BVSP"
2015-09-18,48550,48550,46928,47264,4381000,47264,"Brazil","^BVSP"
2015-09-21,47263,47391,46425,46590,2601200,46590,"Brazil","^BVSP"
2015-09-22,46585,46585,45276,46265,4193100,46265,"Brazil","^BVSP"
2015-09-23,46263,46480,45340,45340,3962000,45340,"Brazil","^BVSP"
2015-09-24,45340,45572,44183,45292,4331700,45292,"Brazil","^BVSP"
2015-09-25,45300,45969,44697,44831,3135300,44831,"Brazil","^BVSP"
2015-09-28,44832,44832,43767,43957,2771900,43957,"Brazil","^BVSP"
2015-09-29,43956,44531,43956,44132,2960700,44132,"Brazil","^BVSP"
2015-09-30,44132,45294,44132,45059,4831200,45059,"Brazil","^BVSP"
2015-10-01,45064,45547,44789,45313,3773200,45313,"Brazil","^BVSP"
2015-10-02,45313,47033,44973,47033,4001300,47033,"Brazil","^BVSP"
2015-10-05,47033,48081,47019,47598,3323700,47598,"Brazil","^BVSP"
2015-10-06,47598,48092,47389,47735,3370800,47735,"Brazil","^BVSP"
2015-10-07,47735,49290,47715,48914,6060700,48914,"Brazil","^BVSP"
2015-10-08,48915,49247,48658,49107,3585000,49107,"Brazil","^BVSP"
2015-10-09,49105,49752,48698,49338,4551200,49338,"Brazil","^BVSP"
2015-10-13,49339,49339,47135,47363,4221100,47363,"Brazil","^BVSP"
2015-10-14,47349,47715,46701,46710,6141700,46710,"Brazil","^BVSP"
2015-10-15,46730,47188,46321,47161,3653000,47161,"Brazil","^BVSP"
2015-10-16,47161,47727,46517,47236,3537700,47236,"Brazil","^BVSP"
2015-10-19,47242,47536,46917,47447,3133600,47447,"Brazil","^BVSP"
2015-10-20,47447,47728,46623,47077,3297000,47077,"Brazil","^BVSP"
2015-10-21,47077,47274,46654,47026,2957300,47026,"Brazil","^BVSP"
2015-10-22,47027,47909,47027,47772,3124100,47772,"Brazil","^BVSP"
2015-10-23,47774,48837,47502,47597,3592300,47597,"Brazil","^BVSP"
2015-10-26,47607,47875,47105,47209,2451400,47209,"Brazil","^BVSP"
2015-10-27,47205,47338,46742,47043,3443800,47043,"Brazil","^BVSP"
2015-10-28,47038,47441,46388,46741,4085200,46741,"Brazil","^BVSP"
2015-10-29,46740,46740,45628,45628,3082000,45628,"Brazil","^BVSP"
2015-10-30,45628,45975,45401,45869,3231400,45869,"Brazil","^BVSP"
2015-11-03,45869,48054,45866,48054,4603800,48054,"Brazil","^BVSP"
2015-11-04,48059,49054,47441,47710,3627200,47710,"Brazil","^BVSP"
2015-11-05,47712,48061,47430,48047,3189000,48047,"Brazil","^BVSP"
2015-11-06,48046,48046,46397,46919,3091100,46919,"Brazil","^BVSP"
2015-11-09,46915,47001,46057,46195,2278500,46195,"Brazil","^BVSP"
2015-11-10,46195,46195,45397,46179,2401800,46179,"Brazil","^BVSP"
2015-11-11,46207,47231,46207,47065,3071700,47065,"Brazil","^BVSP"
2015-11-12,47065,47460,46696,46884,3154200,46884,"Brazil","^BVSP"
2015-11-13,46884,46884,46311,46517,3517200,46517,"Brazil","^BVSP"
2015-11-16,46519,46905,46399,46847,3144900,46847,"Brazil","^BVSP"
2015-11-17,46848,47698,46848,47248,3341700,47248,"Brazil","^BVSP"
2015-11-18,47241,47951,47241,47436,3965500,47436,"Brazil","^BVSP"
2015-11-19,47437,48227,47437,48139,4069100,48139,"Brazil","^BVSP"
2015-11-23,48138,48745,47988,48150,3277600,48150,"Brazil","^BVSP"
2015-11-24,48143,48320,47442,48284,3445700,48284,"Brazil","^BVSP"
2015-11-25,48270,48270,46742,46867,3976000,46867,"Brazil","^BVSP"
2015-11-26,46867,47199,46867,47146,2288300,47146,"Brazil","^BVSP"
2015-11-27,47144,47144,45812,45873,3031900,45873,"Brazil","^BVSP"
2015-11-30,45871,45931,45106,45120,7164800,45120,"Brazil","^BVSP"
2015-12-01,45121,45482,44775,45047,4176300,45047,"Brazil","^BVSP"
2015-12-02,45046,45338,44579,44915,4179400,44915,"Brazil","^BVSP"
2015-12-03,44923,47142,44923,46393,4421500,46393,"Brazil","^BVSP"
2015-12-04,46385,46385,45023,45361,3520900,45361,"Brazil","^BVSP"
2015-12-07,45361,46157,45217,45223,2853300,45223,"Brazil","^BVSP"
2015-12-08,45223,45233,44232,44443,3203200,44443,"Brazil","^BVSP"
2015-12-09,44444,46438,44444,46108,4446400,46108,"Brazil","^BVSP"
2015-12-10,46084,46323,45351,45631,3638300,45631,"Brazil","^BVSP"
2015-12-11,45630,45981,45068,45263,3281900,45263,"Brazil","^BVSP"
2015-12-14,45258,45258,44531,44747,2481600,44747,"Brazil","^BVSP"
2015-12-15,44748,45423,44748,44872,2558500,44872,"Brazil","^BVSP"
2015-12-16,44868,45099,44095,45016,3324300,45016,"Brazil","^BVSP"
2015-12-17,45016,46251,45016,45261,3028800,45261,"Brazil","^BVSP"
2015-12-18,45249,45249,43690,43911,4564700,43911,"Brazil","^BVSP"
2015-12-21,43912,44223,43196,43200,3452900,43200,"Brazil","^BVSP"
2015-12-22,43208,43632,43137,43470,2577000,43470,"Brazil","^BVSP"
2015-12-23,43479,44233,43479,44015,2501300,44015,"Brazil","^BVSP"
2015-12-28,44016,44087,43709,43764,1793200,43764,"Brazil","^BVSP"
2015-12-29,43781,44042,43523,43654,1675900,43654,"Brazil","^BVSP"
2015-12-30,43653,43662,43217,43350,2679200,43350,"Brazil","^BVSP"
2016-01-04,43349,43349,42125,42141,2976300,42141,"Brazil","^BVSP"
2016-01-05,42139,42534,42137,42419,2557200,42419,"Brazil","^BVSP"
2016-01-06,42410,42410,41590,41773,3935900,41773,"Brazil","^BVSP"
2016-01-07,41772,41772,40695,40695,4032300,40695,"Brazil","^BVSP"
2016-01-08,40695,41218,40463,40612,3221600,40612,"Brazil","^BVSP"
2016-01-11,40612,40974,39924,39950,3086400,39950,"Brazil","^BVSP"
2016-01-12,39955,40261,39426,39514,3383700,39514,"Brazil","^BVSP"
2016-01-13,39518,40050,38822,38944,3569600,38944,"Brazil","^BVSP"
2016-01-14,38944,39502,38459,39500,3868600,39500,"Brazil","^BVSP"
2016-01-15,39494,39494,37986,38569,4076400,38569,"Brazil","^BVSP"
2016-01-18,38572,38633,37937,37937,2161200,37937,"Brazil","^BVSP"
2016-01-19,37941,38857,37941,38057,3044900,38057,"Brazil","^BVSP"
2016-01-20,38056,38056,37046,37645,3958400,37645,"Brazil","^BVSP"
2016-01-21,37647,38079,37495,37717,3773600,37717,"Brazil","^BVSP"
2016-01-22,37737,38444,37737,38031,4197500,38031,"Brazil","^BVSP"
2016-01-26,38031,38031,37112,37497,3607000,37497,"Brazil","^BVSP"
2016-01-27,37501,38766,37402,38376,4648600,38376,"Brazil","^BVSP"
2016-01-28,38376,39100,37996,38630,4464600,38630,"Brazil","^BVSP"
2016-01-29,38635,40406,38635,40406,5475700,40406,"Brazil","^BVSP"
2016-02-01,40397,40570,39738,40570,3661700,40570,"Brazil","^BVSP"
2016-02-02,40564,40564,38596,38596,4425300,38596,"Brazil","^BVSP"
2016-02-03,38597,39726,38597,39589,4238100,39589,"Brazil","^BVSP"
2016-02-04,39589,41444,39589,40822,5388500,40822,"Brazil","^BVSP"
2016-02-05,40812,41249,40566,40592,3669000,40592,"Brazil","^BVSP"
2016-02-10,40592,40592,39960,40377,3700000,40377,"Brazil","^BVSP"
2016-02-11,40370,40370,38928,39318,3794000,39318,"Brazil","^BVSP"
2016-02-12,39324,39901,39324,39808,3327800,39808,"Brazil","^BVSP"
2016-02-15,39808,40671,39808,40093,1694300,40093,"Brazil","^BVSP"
2016-02-16,40093,41206,40074,40948,3921300,40948,"Brazil","^BVSP"
2016-02-17,40958,42436,40958,41631,5307100,41631,"Brazil","^BVSP"
2016-02-18,41624,41698,41183,41478,3534900,41478,"Brazil","^BVSP"
2016-02-19,41477,41828,41071,41543,3298700,41543,"Brazil","^BVSP"
2016-02-22,41544,43345,41544,43235,4508500,43235,"Brazil","^BVSP"
2016-02-23,43235,43601,42359,42521,3805300,42521,"Brazil","^BVSP"
2016-02-24,42521,42521,41211,42085,3522700,42085,"Brazil","^BVSP"
2016-02-25,42084,42327,41442,41888,4046700,41888,"Brazil","^BVSP"
2016-02-26,41889,42495,41417,41593,3274600,41593,"Brazil","^BVSP"
2016-02-29,41599,43053,41599,42794,4473500,42794,"Brazil","^BVSP"
2016-03-01,42795,44181,42795,44122,4610100,44122,"Brazil","^BVSP"
2016-03-02,44122,44983,43841,44893,5009600,44893,"Brazil","^BVSP"
2016-03-03,44900,47375,44900,47193,9031000,47193,"Brazil","^BVSP"
2016-03-04,47194,50024,47194,49085,10284300,49085,"Brazil","^BVSP"
2016-03-07,49089,49639,48746,49246,5720600,49246,"Brazil","^BVSP"
2016-03-08,49244,49914,48847,49102,7150500,49102,"Brazil","^BVSP"
2016-03-09,49102,50001,48623,48665,6230600,48665,"Brazil","^BVSP"
2016-03-10,48667,49974,47922,49571,7467200,49571,"Brazil","^BVSP"
2016-03-11,49574,50038,49156,49639,6002200,49639,"Brazil","^BVSP"
2016-03-14,49639,50166,48757,48867,4801100,48867,"Brazil","^BVSP"
2016-03-15,48866,48866,46684,47130,5502200,47130,"Brazil","^BVSP"
2016-03-16,47130,47814,46521,47763,5111000,47763,"Brazil","^BVSP"
2016-03-17,47770,51268,47770,50914,7245100,50914,"Brazil","^BVSP"
2016-03-18,50915,51308,50202,50815,5448400,50815,"Brazil","^BVSP"
2016-03-21,50816,51370,50765,51172,3708500,51172,"Brazil","^BVSP"
2016-03-22,51170,51215,50812,51010,3896600,51010,"Brazil","^BVSP"
2016-03-23,51005,51005,49491,49690,3638700,49690,"Brazil","^BVSP"
2016-03-24,49686,49686,48778,49657,3688400,49657,"Brazil","^BVSP"
2016-03-28,49687,51149,49687,50838,3515800,50838,"Brazil","^BVSP"
2016-03-29,50839,51765,50387,51155,4320900,51155,"Brazil","^BVSP"
2016-03-30,51155,52262,50900,51249,4730600,51249,"Brazil","^BVSP"
2016-03-31,51248,51248,49642,50055,4251900,50055,"Brazil","^BVSP"
2016-04-01,50054,50768,49361,50562,3890600,50562,"Brazil","^BVSP"
2016-04-04,50556,50556,48600,48780,3556500,48780,"Brazil","^BVSP"
2016-04-05,48778,49629,48149,49054,3546100,49054,"Brazil","^BVSP"
2016-04-06,49054,49054,47874,48096,3810000,48096,"Brazil","^BVSP"
2016-04-07,48099,48940,48099,48513,3059900,48513,"Brazil","^BVSP"
2016-04-08,48517,50486,48517,50293,5047700,50293,"Brazil","^BVSP"
2016-04-11,50303,51089,50078,50165,4050700,50165,"Brazil","^BVSP"
2016-04-12,50166,52327,50166,52002,5146900,52002,"Brazil","^BVSP"
2016-04-13,52010,53844,52010,53150,6376500,53150,"Brazil","^BVSP"
2016-04-14,53150,53699,52242,52411,5492100,52411,"Brazil","^BVSP"
2016-04-15,52414,53390,52414,53228,5047800,53228,"Brazil","^BVSP"
2016-04-18,53229,53479,52305,52894,4385600,52894,"Brazil","^BVSP"
2016-04-19,52894,54054,52894,53710,5033900,53710,"Brazil","^BVSP"
2016-04-20,53711,53857,53149,53631,4554100,53631,"Brazil","^BVSP"
2016-04-22,53630,53630,52629,52908,4259400,52908,"Brazil","^BVSP"
2016-04-25,52911,52949,51748,51862,3693200,51862,"Brazil","^BVSP"
2016-04-26,51867,53108,51838,53083,3749400,53083,"Brazil","^BVSP"
2016-04-27,53094,54560,53094,54478,4897900,54478,"Brazil","^BVSP"
2016-04-28,54475,54978,53963,54312,4413500,54312,"Brazil","^BVSP"
2016-04-29,54317,54705,53592,53911,4898400,53911,"Brazil","^BVSP"
2016-05-02,53910,54113,53265,53562,3286100,53562,"Brazil","^BVSP"
2016-05-03,53557,53557,52260,52260,3892400,52260,"Brazil","^BVSP"
2016-05-04,52253,52672,51931,52553,4263800,52553,"Brazil","^BVSP"
2016-05-05,52569,53071,51311,51671,3653100,51671,"Brazil","^BVSP"
2016-05-06,51671,52159,51204,51718,3296100,51718,"Brazil","^BVSP"
2016-05-09,51717,51717,49908,50990,4938400,50990,"Brazil","^BVSP"
2016-05-10,50994,53071,50994,53071,4079200,53071,"Brazil","^BVSP"
2016-05-11,53072,53976,52736,52764,4350000,52764,"Brazil","^BVSP"
2016-05-12,52765,53703,52424,53241,4630400,53241,"Brazil","^BVSP"
2016-05-13,53236,53250,51366,51804,4314300,51804,"Brazil","^BVSP"
2016-05-16,51803,52305,51585,51803,3529500,51803,"Brazil","^BVSP"
2016-05-17,51795,51946,50689,50839,3871100,50839,"Brazil","^BVSP"
2016-05-18,50836,51373,50301,50562,4072500,50562,"Brazil","^BVSP"
2016-05-19,50556,50556,49588,50133,3905500,50133,"Brazil","^BVSP"
2016-05-20,50133,50822,49723,49723,3254500,49723,"Brazil","^BVSP"
2016-05-23,49709,49709,48695,49330,3412800,49330,"Brazil","^BVSP"
2016-05-24,49330,50002,49153,49345,3138900,49345,"Brazil","^BVSP"
2016-05-25,49347,50357,49347,49483,3472600,49483,"Brazil","^BVSP"
2016-05-27,49481,49805,48869,49051,2711800,49051,"Brazil","^BVSP"
2016-05-30,49051,49203,48799,48964,1169200,48964,"Brazil","^BVSP"
2016-05-31,48963,49269,48292,48472,5802800,48472,"Brazil","^BVSP"
2016-06-01,48468,49057,48200,49013,3290000,49013,"Brazil","^BVSP"
2016-06-02,49008,49906,48781,49887,3525800,49887,"Brazil","^BVSP"
2016-06-03,49888,50634,49888,50619,3329400,50619,"Brazil","^BVSP"
2016-06-06,50627,50924,50097,50432,3111900,50432,"Brazil","^BVSP"
2016-06-07,50432,50641,50005,50488,2958800,50488,"Brazil","^BVSP"
2016-06-08,50490,51812,50490,51629,4206400,51629,"Brazil","^BVSP"
2016-06-09,51633,51633,50832,51118,3213200,51118,"Brazil","^BVSP"
2016-06-10,51117,51117,49421,49422,2977400,49422,"Brazil","^BVSP"
2016-06-13,49419,49764,48804,49661,2630500,49661,"Brazil","^BVSP"
2016-06-14,49662,49894,48216,48648,3885000,48648,"Brazil","^BVSP"
2016-06-15,48649,49415,48324,48915,5009800,48915,"Brazil","^BVSP"
2016-06-16,48901,49412,48067,49412,3887200,49412,"Brazil","^BVSP"
2016-06-17,49409,50191,49405,49534,4248900,49534,"Brazil","^BVSP"
2016-06-20,49539,50782,49539,50329,3487000,50329,"Brazil","^BVSP"
2016-06-21,50326,50870,49678,50838,3349200,50838,"Brazil","^BVSP"
2016-06-22,50835,51239,50060,50156,3632900,50156,"Brazil","^BVSP"
2016-06-23,50161,51673,50161,51560,3166800,51560,"Brazil","^BVSP"
2016-06-24,51561,51561,49544,50105,4139100,50105,"Brazil","^BVSP"
2016-06-27,50106,50162,48954,49246,3228500,49246,"Brazil","^BVSP"
2016-06-28,49252,50301,49252,50007,3406400,50007,"Brazil","^BVSP"
2016-06-29,50009,51229,50009,51002,3970100,51002,"Brazil","^BVSP"
2016-06-30,51001,51619,50585,51527,4377800,51527,"Brazil","^BVSP"
2016-07-01,51540,52346,51411,52233,4116100,52233,"Brazil","^BVSP"
2016-07-04,52241,52918,52241,52569,2081800,52569,"Brazil","^BVSP"
2016-07-05,52565,52565,51510,51842,3121400,51842,"Brazil","^BVSP"
2016-07-06,51842,51909,50825,51902,3277000,51902,"Brazil","^BVSP"
2016-07-07,51902,52719,51888,52015,3712200,52015,"Brazil","^BVSP"
2016-07-08,52020,53166,52020,53141,2995500,53141,"Brazil","^BVSP"
2016-07-11,53143,54021,53143,53960,3206300,53960,"Brazil","^BVSP"
2016-07-12,53961,54746,53961,54256,3878700,54256,"Brazil","^BVSP"
2016-07-13,54256,54647,53733,54598,4037100,54598,"Brazil","^BVSP"
2016-07-14,54601,55634,54601,55481,4408500,55481,"Brazil","^BVSP"
2016-07-15,55482,55649,55233,55578,3684500,55578,"Brazil","^BVSP"
2016-07-18,55573,56509,55355,56484,3984500,56484,"Brazil","^BVSP"
2016-07-19,56487,56698,56246,56698,3794000,56698,"Brazil","^BVSP"
2016-07-20,56699,56927,56221,56578,3865800,56578,"Brazil","^BVSP"
2016-07-21,56578,56906,56233,56641,3486900,56641,"Brazil","^BVSP"
2016-07-22,56641,57171,56518,57002,2912000,57002,"Brazil","^BVSP"
2016-07-25,57006,57205,56398,56873,3126900,56873,"Brazil","^BVSP"
2016-07-26,56876,57309,56708,56783,3351800,56783,"Brazil","^BVSP"
2016-07-27,56788,57380,56788,56853,3795700,56853,"Brazil","^BVSP"
2016-07-28,56853,56853,55993,56667,3912600,56667,"Brazil","^BVSP"
2016-07-29,56664,57474,56340,57308,4416500,57308,"Brazil","^BVSP"
2016-08-01,57309,57729,56676,56756,4088000,56756,"Brazil","^BVSP"
2016-08-02,56756,56974,55696,56162,3857700,56162,"Brazil","^BVSP"
2016-08-03,56157,57101,55788,57077,4058600,57077,"Brazil","^BVSP"
2016-08-04,57076,58030,57076,57594,4192000,57594,"Brazil","^BVSP"
2016-08-05,57609,57951,57290,57661,3354600,57661,"Brazil","^BVSP"
2016-08-08,57655,57917,57504,57635,3153800,57635,"Brazil","^BVSP"
2016-08-09,57637,58095,57615,57689,3049900,57689,"Brazil","^BVSP"
2016-08-10,57690,57953,56735,56920,3510600,56920,"Brazil","^BVSP"
2016-08-11,56925,58308,56923,58300,3905700,58300,"Brazil","^BVSP"
2016-08-12,58300,58753,57987,58298,3811800,58298,"Brazil","^BVSP"
2016-08-15,58316,59324,58316,59146,3487200,59146,"Brazil","^BVSP"
2016-08-16,59144,59187,58589,58855,3874400,58855,"Brazil","^BVSP"
2016-08-17,58847,59324,58081,59324,4179800,59324,"Brazil","^BVSP"
2016-08-18,59324,59418,58829,59166,3608700,59166,"Brazil","^BVSP"
2016-08-19,59158,59240,58599,59099,2661700,59099,"Brazil","^BVSP"
2016-08-22,59080,59099,57631,57781,3133500,57781,"Brazil","^BVSP"
2016-08-23,57781,58596,57781,58020,3635900,58020,"Brazil","^BVSP"
2016-08-24,58019,58332,57456,57718,3221400,57718,"Brazil","^BVSP"
2016-08-25,57718,58124,57639,57722,2974200,57722,"Brazil","^BVSP"
2016-08-26,57725,58655,57259,57716,3611600,57716,"Brazil","^BVSP"
2016-08-29,57717,58957,57642,58610,2759700,58610,"Brazil","^BVSP"
2016-08-30,58610,58882,58293,58575,2729400,58575,"Brazil","^BVSP"
2016-08-31,58580,58910,57506,57901,4077700,57901,"Brazil","^BVSP"
2016-09-01,57901,58417,57638,58236,3687600,58236,"Brazil","^BVSP"
2016-09-02,58241,59655,58241,59616,3771500,59616,"Brazil","^BVSP"
2016-09-05,59616,59986,59402,59566,1824900,59566,"Brazil","^BVSP"
2016-09-06,59566,60129,59182,60129,3150500,60129,"Brazil","^BVSP"
2016-09-08,60129,60310,59743,60232,3843900,60232,"Brazil","^BVSP"
2016-09-09,60220,60220,57961,58000,3992900,58000,"Brazil","^BVSP"
2016-09-12,57998,58595,57511,58586,3529200,58586,"Brazil","^BVSP"
2016-09-13,58580,58580,56459,56821,4377800,56821,"Brazil","^BVSP"
2016-09-14,56812,57342,56694,57059,3329100,57059,"Brazil","^BVSP"
2016-09-15,57068,58127,57068,57909,2812000,57909,"Brazil","^BVSP"
2016-09-16,57909,57909,56794,57080,3710700,57080,"Brazil","^BVSP"
2016-09-19,57083,58025,57083,57350,2691100,57350,"Brazil","^BVSP"
2016-09-20,57356,57902,57356,57736,3001000,57736,"Brazil","^BVSP"
2016-09-21,57736,58575,57326,58394,3889700,58394,"Brazil","^BVSP"
2016-09-22,58408,59462,58408,58994,3365300,58994,"Brazil","^BVSP"
2016-09-23,58992,59131,58409,58697,2809900,58697,"Brazil","^BVSP"
2016-09-26,58697,58697,57904,58054,2108800,58054,"Brazil","^BVSP"
2016-09-27,58066,58490,57411,58382,2953400,58382,"Brazil","^BVSP"
2016-09-28,58383,59415,58353,59356,3233400,59356,"Brazil","^BVSP"
2016-09-29,59346,59621,58292,58351,3200300,58351,"Brazil","^BVSP"
2016-09-30,58350,58900,58271,58367,2858200,58367,"Brazil","^BVSP"
2016-10-03,58370,59549,58367,59461,2774100,59461,"Brazil","^BVSP"
2016-10-04,59461,59580,58892,59339,3894600,59339,"Brazil","^BVSP"
2016-10-05,59340,60477,59340,60254,3378900,60254,"Brazil","^BVSP"
2016-10-06,60254,60724,60070,60644,3507200,60644,"Brazil","^BVSP"
2016-10-07,60645,61275,60479,61109,4243800,61109,"Brazil","^BVSP"
2016-10-10,61130,61756,61130,61668,2936900,61668,"Brazil","^BVSP"
2016-10-11,61668,61668,60885,61022,3568000,61022,"Brazil","^BVSP"
2016-10-13,61020,61329,60243,61119,4952700,61119,"Brazil","^BVSP"
2016-10-14,61120,62039,61120,61767,3691200,61767,"Brazil","^BVSP"
2016-10-17,61768,62696,61719,62696,3340700,62696,"Brazil","^BVSP"
2016-10-18,62701,63937,62701,63782,4390300,63782,"Brazil","^BVSP"
2016-10-19,63784,64089,63309,63506,3614000,63506,"Brazil","^BVSP"
2016-10-20,63495,63927,62729,63838,3421500,63838,"Brazil","^BVSP"
2016-10-21,63838,64372,63379,64108,3662900,64108,"Brazil","^BVSP"
2016-10-24,64141,64691,63914,64060,3663900,64060,"Brazil","^BVSP"
2016-10-25,64059,64266,63248,63866,3918100,63866,"Brazil","^BVSP"
2016-10-26,63860,63924,63084,63826,4299200,63826,"Brazil","^BVSP"
2016-10-27,63827,64609,63827,64250,3587500,64250,"Brazil","^BVSP"
2016-10-28,64251,64728,63778,64308,3788500,64308,"Brazil","^BVSP"
2016-10-31,64312,65054,64312,64925,3816900,64925,"Brazil","^BVSP"
2016-11-01,64922,65291,63019,63326,4505600,63326,"Brazil","^BVSP"
2016-11-03,63325,63524,61750,61750,4124000,61750,"Brazil","^BVSP"
2016-11-04,61749,62699,61491,61598,3972500,61598,"Brazil","^BVSP"
2016-11-07,61601,64193,61601,64052,3325900,64052,"Brazil","^BVSP"
2016-11-08,64052,64767,63381,64158,3265100,64158,"Brazil","^BVSP"
2016-11-09,64157,64358,61794,63258,5630100,63258,"Brazil","^BVSP"
2016-11-10,63261,63903,60553,61201,7623700,61201,"Brazil","^BVSP"
2016-11-11,61199,61626,58921,59184,7572800,59184,"Brazil","^BVSP"
2016-11-14,59183,59961,58322,59657,5408500,59657,"Brazil","^BVSP"
2016-11-16,59658,60915,59364,60759,4582900,60759,"Brazil","^BVSP"
2016-11-17,60763,61493,59746,59770,3531300,59770,"Brazil","^BVSP"
2016-11-18,59770,60193,59327,59962,3462400,59962,"Brazil","^BVSP"
2016-11-21,59963,61070,59963,61070,3520100,61070,"Brazil","^BVSP"
2016-11-22,61072,62550,61072,61954,3987100,61954,"Brazil","^BVSP"
2016-11-23,61956,62046,61234,61986,3489700,61986,"Brazil","^BVSP"
2016-11-24,61999,62105,61392,61396,1647100,61396,"Brazil","^BVSP"
2016-11-25,61394,61559,60573,61559,2653700,61559,"Brazil","^BVSP"
2016-11-28,61559,62934,61240,62855,2752000,62855,"Brazil","^BVSP"
2016-11-29,62859,62859,60980,60987,3423900,60987,"Brazil","^BVSP"
2016-11-30,60994,62590,60994,61906,4587300,61906,"Brazil","^BVSP"
2016-12-01,61906,61911,59058,59507,5352800,59507,"Brazil","^BVSP"
2016-12-02,59499,60379,58092,60316,4344200,60316,"Brazil","^BVSP"
2016-12-05,60322,60720,59635,59832,2861200,59832,"Brazil","^BVSP"
2016-12-06,59828,61235,59396,61088,3606500,61088,"Brazil","^BVSP"
2016-12-07,61111,61918,61062,61414,3841700,61414,"Brazil","^BVSP"
2016-12-08,61430,61936,60499,60677,2936600,60677,"Brazil","^BVSP"
2016-12-09,60688,61129,60316,60501,3339800,60501,"Brazil","^BVSP"
2016-12-12,60517,60517,59035,59179,3244400,59179,"Brazil","^BVSP"
2016-12-13,59178,59946,58758,59281,3589100,59281,"Brazil","^BVSP"
2016-12-14,59280,59338,58212,58212,3857000,58212,"Brazil","^BVSP"
2016-12-15,58214,58635,57575,58396,3569400,58396,"Brazil","^BVSP"
2016-12-16,58398,59312,58365,58389,3683900,58389,"Brazil","^BVSP"
2016-12-19,58390,58600,57109,57111,3396500,57111,"Brazil","^BVSP"
2016-12-20,57116,57918,57038,57583,2673400,57583,"Brazil","^BVSP"
2016-12-21,57583,58049,57221,57647,2461900,57647,"Brazil","^BVSP"
2016-12-22,57646,57646,56829,57255,2809800,57255,"Brazil","^BVSP"
2016-12-23,57255,58143,57255,57937,2155400,57937,"Brazil","^BVSP"
2016-12-26,57941,58781,57941,58620,680200,58620,"Brazil","^BVSP"
2016-12-27,58627,59068,58402,58697,1624700,58697,"Brazil","^BVSP"
2016-12-28,58688,59911,58688,59782,1960500,59782,"Brazil","^BVSP"
2016-12-29,59782,60248,59278,60227,2119500,60227,"Brazil","^BVSP"
2017-01-02,60227,60227,59371,59589,808700,59589,"Brazil","^BVSP"
2017-01-03,59631,61815,59631,61814,3328300,61814,"Brazil","^BVSP"
2017-01-04,61811,61940,61302,61589,2840800,61589,"Brazil","^BVSP"
2017-01-05,61594,62409,61594,62071,3313000,62071,"Brazil","^BVSP"
2017-01-06,62072,62072,61396,61665,2374800,61665,"Brazil","^BVSP"
2017-01-09,61680,62112,61307,61700,2480800,61700,"Brazil","^BVSP"
2017-01-10,61710,62446,61710,62132,2623400,62132,"Brazil","^BVSP"
2017-01-11,62134,62674,61665,62446,3139800,62446,"Brazil","^BVSP"
2017-01-12,62448,64342,62448,63954,4535000,63954,"Brazil","^BVSP"
2017-01-13,63940,64092,63366,63652,2735500,63652,"Brazil","^BVSP"
2017-01-16,63652,64014,63556,63831,1763700,63831,"Brazil","^BVSP"
2017-01-17,63827,64658,63456,64354,2933800,64354,"Brazil","^BVSP"
2017-01-18,64360,64680,64063,64150,3008900,64150,"Brazil","^BVSP"
2017-01-19,64145,64456,63574,63951,2867100,63951,"Brazil","^BVSP"
2017-01-20,63951,64694,63951,64521,3416700,64521,"Brazil","^BVSP"
2017-01-23,64519,65816,64500,65749,2957000,65749,"Brazil","^BVSP"
2017-01-24,65752,66173,65615,65840,3850500,65840,"Brazil","^BVSP"
2017-01-26,65842,66594,65842,66191,3494100,66191,"Brazil","^BVSP"
2017-01-27,66195,66242,65876,66034,2583400,66034,"Brazil","^BVSP"
2017-01-30,66025,66025,64165,64302,2264300,64302,"Brazil","^BVSP"
2017-01-31,64310,64901,64284,64671,2737700,64671,"Brazil","^BVSP"
2017-02-01,64687,65594,64687,64836,3214300,64836,"Brazil","^BVSP"
2017-02-02,64835,65132,64163,64578,2959200,64578,"Brazil","^BVSP"
2017-02-03,64579,65387,64264,64954,3482700,64954,"Brazil","^BVSP"
2017-02-06,64957,65327,63933,63993,2551400,63993,"Brazil","^BVSP"
2017-02-07,64022,64815,63938,64199,2776200,64199,"Brazil","^BVSP"
2017-02-08,64200,64835,63740,64835,3138600,64835,"Brazil","^BVSP"
2017-02-09,64850,65302,64587,64965,2641700,64965,"Brazil","^BVSP"
2017-02-10,64965,66292,64935,66125,3439000,66125,"Brazil","^BVSP"
2017-02-13,66125,67094,66125,66968,3108800,66968,"Brazil","^BVSP"
2017-02-14,66971,67110,66251,66713,3370900,66713,"Brazil","^BVSP"
2017-02-15,66712,68016,66712,67976,4119600,67976,"Brazil","^BVSP"
2017-02-16,67979,68456,67661,67814,3550800,67814,"Brazil","^BVSP"
2017-02-17,67814,67819,67158,67748,2787300,67748,"Brazil","^BVSP"
2017-02-20,67756,68674,67756,68533,2171300,68533,"Brazil","^BVSP"
2017-02-21,68536,69112,68536,69052,3051100,69052,"Brazil","^BVSP"
2017-02-22,69052,69052,68282,68590,3374600,68590,"Brazil","^BVSP"
2017-02-23,68590,69488,67279,67461,3977800,67461,"Brazil","^BVSP"
2017-02-24,67458,67458,66452,66662,3059900,66662,"Brazil","^BVSP"
2017-03-01,66661,67398,66661,66989,2378500,66989,"Brazil","^BVSP"
2017-03-02,67000,67035,65594,65855,3095300,65855,"Brazil","^BVSP"
2017-03-03,65860,66801,65860,66786,2654400,66786,"Brazil","^BVSP"
2017-03-06,66786,66892,66119,66341,3337500,66341,"Brazil","^BVSP"
2017-03-07,66343,66641,65668,65742,2886200,65742,"Brazil","^BVSP"
2017-03-08,65748,65810,64496,64718,3727200,64718,"Brazil","^BVSP"
2017-03-09,64718,65068,64203,64585,3513300,64585,"Brazil","^BVSP"
2017-03-10,64586,65725,64472,64675,3432900,64675,"Brazil","^BVSP"
2017-03-13,64674,65651,64674,65534,2162800,65534,"Brazil","^BVSP"
2017-03-14,65511,65549,64699,64699,2824800,64699,"Brazil","^BVSP"
2017-03-15,64702,66318,64537,66235,3742100,66235,"Brazil","^BVSP"
2017-03-16,66232,66554,65531,65783,2860400,65783,"Brazil","^BVSP"
2017-03-17,65783,66205,64152,64210,5213000,64210,"Brazil","^BVSP"
2017-03-20,64232,65136,63672,64884,3613900,64884,"Brazil","^BVSP"
2017-03-21,64884,64965,62795,62980,3700200,62980,"Brazil","^BVSP"
2017-03-22,62980,63747,62496,63521,4063300,63521,"Brazil","^BVSP"
2017-03-23,63521,63942,62840,63531,3447400,63531,"Brazil","^BVSP"
2017-03-24,63554,63997,63469,63854,2571200,63854,"Brazil","^BVSP"
2017-03-27,63829,64356,63030,64308,2672800,64308,"Brazil","^BVSP"
2017-03-28,64308,64847,64042,64640,3359100,64640,"Brazil","^BVSP"
2017-03-29,64636,65551,64476,65528,3488200,65528,"Brazil","^BVSP"
2017-03-30,65541,65775,65070,65266,2335700,65266,"Brazil","^BVSP"
2017-03-31,65266,65597,64859,64984,2614200,64984,"Brazil","^BVSP"
2017-04-03,64989,65384,64774,65211,2858500,65211,"Brazil","^BVSP"
2017-04-04,65212,65775,64990,65769,2085300,65769,"Brazil","^BVSP"
2017-04-05,65770,66211,64493,64775,2982200,64775,"Brazil","^BVSP"
2017-04-06,64775,64921,63762,64223,2875000,64223,"Brazil","^BVSP"
2017-04-07,64202,65197,64016,64593,2853100,64593,"Brazil","^BVSP"
2017-04-10,64593,64928,64115,64650,2984000,64650,"Brazil","^BVSP"
2017-04-11,64650,64872,63351,64360,3178400,64360,"Brazil","^BVSP"
2017-04-12,64362,64456,63814,63892,4253500,63892,"Brazil","^BVSP"
2017-04-13,63891,63992,62826,62826,3212900,62826,"Brazil","^BVSP"
2017-04-17,62828,64424,62828,64335,0,64335,"Brazil","^BVSP"
2017-04-18,64336,64591,63717,64159,3144800,64159,"Brazil","^BVSP"
2017-04-19,64165,64572,63219,63407,3069500,63407,"Brazil","^BVSP"
2017-04-20,63406,64163,63388,63761,2899700,63761,"Brazil","^BVSP"
2017-04-24,63761,64754,63761,64389,3194100,64389,"Brazil","^BVSP"
2017-04-25,64384,65148,63875,65148,3037200,65148,"Brazil","^BVSP"
2017-04-26,65144,65436,64679,64862,3221600,64862,"Brazil","^BVSP"
2017-04-27,64872,65327,64292,64677,3112100,64677,"Brazil","^BVSP"
2017-04-28,64679,65403,64592,65403,2973700,65403,"Brazil","^BVSP"
2017-05-02,65404,66877,65404,66722,3497000,66722,"Brazil","^BVSP"
2017-05-03,66720,66758,65898,66094,3446400,66094,"Brazil","^BVSP"
2017-05-04,66069,66099,64721,64863,3779900,64863,"Brazil","^BVSP"
2017-05-05,64869,65768,64863,65710,2760000,65710,"Brazil","^BVSP"
2017-05-08,65705,66015,65295,65526,2273300,65526,"Brazil","^BVSP"
2017-05-09,65533,66536,65533,66278,2679100,66278,"Brazil","^BVSP"
2017-05-10,66284,67528,66284,67350,3174100,67350,"Brazil","^BVSP"
2017-05-11,67355,67709,67191,67538,2872600,67538,"Brazil","^BVSP"
2017-05-12,67536,68429,67536,68222,3822600,68222,"Brazil","^BVSP"
2017-05-15,68227,68593,68081,68474,3290300,68474,"Brazil","^BVSP"
2017-05-16,68473,68792,68124,68684,3672400,68684,"Brazil","^BVSP"
2017-05-17,68674,68674,67163,67540,3317200,67540,"Brazil","^BVSP"
2017-05-18,67536,67536,60315,61597,11046700,61597,"Brazil","^BVSP"
2017-05-19,61597,63488,61597,62639,6120800,62639,"Brazil","^BVSP"
2017-05-22,62638,62638,60925,61673,5815800,61673,"Brazil","^BVSP"
2017-05-23,61670,62775,61670,62662,4753500,62662,"Brazil","^BVSP"
2017-05-24,62673,64016,62673,63257,4181200,63257,"Brazil","^BVSP"
2017-05-25,63256,63991,62762,63227,4001000,63227,"Brazil","^BVSP"
2017-05-26,63228,64170,63228,64085,3849400,64085,"Brazil","^BVSP"
2017-05-29,64055,64055,63531,63761,1646300,63761,"Brazil","^BVSP"
2017-05-30,63765,64107,63720,63962,2235300,63962,"Brazil","^BVSP"
2017-05-31,63961,63984,62673,62711,4535100,62711,"Brazil","^BVSP"
2017-06-01,62711,63293,62165,62289,3370200,62289,"Brazil","^BVSP"
2017-06-02,62289,62773,62161,62511,2874500,62511,"Brazil","^BVSP"
2017-06-05,62503,62800,62010,62450,2421700,62450,"Brazil","^BVSP"
2017-06-06,62450,63302,62426,62955,2993300,62955,"Brazil","^BVSP"
2017-06-07,62955,63637,62912,63171,2892300,63171,"Brazil","^BVSP"
2017-06-08,63171,63171,62376,62756,2702400,62756,"Brazil","^BVSP"
2017-06-09,62755,63066,62095,62211,3099900,62211,"Brazil","^BVSP"
2017-06-12,62219,62286,61279,61700,3026600,61700,"Brazil","^BVSP"
2017-06-13,61708,62012,61510,61829,2469100,61829,"Brazil","^BVSP"
2017-06-14,61831,62475,61508,61923,4328500,61923,"Brazil","^BVSP"
2017-06-15,NA,NA,NA,NA,NA,NA,"Brazil","^BVSP"
2017-06-16,61911,61921,61269,61626,5088000,61626,"Brazil","^BVSP"
2017-06-19,61620,62272,61620,62014,2752600,62014,"Brazil","^BVSP"
2017-06-20,62011,62011,60766,60766,3956200,60766,"Brazil","^BVSP"
2017-06-21,60783,61188,60544,60762,3274700,60762,"Brazil","^BVSP"
2017-06-22,60762,61354,60758,61272,3066900,61272,"Brazil","^BVSP"
2017-06-23,61272,61400,60992,61087,2836700,61087,"Brazil","^BVSP"
2017-06-26,61088,62251,61088,62188,2599200,62188,"Brazil","^BVSP"
2017-06-27,62188,62424,61580,61675,3275700,61675,"Brazil","^BVSP"
2017-06-28,61684,62057,61433,62018,2719100,62018,"Brazil","^BVSP"
2017-06-29,62010,62499,61689,62239,2915500,62239,"Brazil","^BVSP"
2017-06-30,62238,63038,62238,62900,2688200,62900,"Brazil","^BVSP"
2017-07-03,62901,63338,62901,63280,2086300,63280,"Brazil","^BVSP"
2017-07-04,63268,63346,63076,63232,950700,63232,"Brazil","^BVSP"
2017-07-05,63215,63485,62708,63154,3169900,63154,"Brazil","^BVSP"
2017-07-06,63156,63188,62354,62470,3038700,62470,"Brazil","^BVSP"
2017-07-07,62474,62926,62035,62322,2894200,62322,"Brazil","^BVSP"
2017-07-10,62322,63135,62322,63025,2224000,63025,"Brazil","^BVSP"
2017-07-11,63027,63891,62908,63832,2566700,63832,"Brazil","^BVSP"
2017-07-12,63840,64938,63827,64836,4116300,64836,"Brazil","^BVSP"
2017-07-13,64854,65302,64854,65178,3121700,65178,"Brazil","^BVSP"
2017-07-14,65178,65624,65178,65436,2711600,65436,"Brazil","^BVSP"
2017-07-17,65431,65478,65119,65212,2255300,65212,"Brazil","^BVSP"
2017-07-18,65208,65338,64943,65338,2213500,65338,"Brazil","^BVSP"
2017-07-19,65337,65604,64874,65180,2622700,65180,"Brazil","^BVSP"
2017-07-20,65178,65505,64898,64938,2252900,64938,"Brazil","^BVSP"
2017-07-21,64936,65150,64599,64684,2125500,64684,"Brazil","^BVSP"
2017-07-24,64695,65104,64678,65100,1908900,65100,"Brazil","^BVSP"
2017-07-25,65101,65749,65101,65668,2737400,65668,"Brazil","^BVSP"
2017-07-26,65668,65873,64992,65011,2942300,65011,"Brazil","^BVSP"
2017-07-27,65013,65678,65013,65277,2483900,65277,"Brazil","^BVSP"
2017-07-28,65253,65497,64953,65497,2760700,65497,"Brazil","^BVSP"
2017-07-31,65503,66048,65503,65920,2572700,65920,"Brazil","^BVSP"
2017-08-01,65925,66606,65925,66516,2762600,66516,"Brazil","^BVSP"
2017-08-02,66504,67277,66305,67136,3713700,67136,"Brazil","^BVSP"
2017-08-03,67136,67256,66705,66777,2722400,66777,"Brazil","^BVSP"
2017-08-04,66783,67104,66525,66898,2370900,66898,"Brazil","^BVSP"
2017-08-07,66898,68043,66887,67940,2996800,67940,"Brazil","^BVSP"
2017-08-08,67936,68500,67671,67899,3134300,67899,"Brazil","^BVSP"
2017-08-09,67894,67894,67290,67671,2488000,67671,"Brazil","^BVSP"
2017-08-10,67671,67671,66650,66992,2820800,66992,"Brazil","^BVSP"
2017-08-11,66992,67623,66678,67359,2890000,67359,"Brazil","^BVSP"
2017-08-14,67364,68642,67226,68285,2827300,68285,"Brazil","^BVSP"
2017-08-15,68296,68846,68293,68355,2753200,68355,"Brazil","^BVSP"
2017-08-16,68356,68950,68304,68594,3753400,68594,"Brazil","^BVSP"
2017-08-17,68596,68596,67866,67977,2661800,67977,"Brazil","^BVSP"
2017-08-18,67990,68808,67979,68715,3464800,68715,"Brazil","^BVSP"
2017-08-21,68713,69068,68514,68635,2643300,68635,"Brazil","^BVSP"
2017-08-22,68645,70278,68645,70011,3907500,70011,"Brazil","^BVSP"
2017-08-23,70011,70587,69947,70478,3348400,70478,"Brazil","^BVSP"
2017-08-24,70482,71238,70482,71133,3113000,71133,"Brazil","^BVSP"
2017-08-25,71138,71506,70801,71074,2411000,71074,"Brazil","^BVSP"
2017-08-28,71074,71390,70909,71017,2196400,71017,"Brazil","^BVSP"
2017-08-29,71005,71330,70517,71330,2274700,71330,"Brazil","^BVSP"
2017-08-30,71328,71454,70755,70886,2663200,70886,"Brazil","^BVSP"
2017-08-31,70887,71234,70516,70835,4245100,70835,"Brazil","^BVSP"
2017-09-01,70848,72217,70846,71923,3880900,71923,"Brazil","^BVSP"
2017-09-04,71921,72141,71671,72129,1998000,72129,"Brazil","^BVSP"
2017-09-05,72134,73180,71827,72151,4230900,72151,"Brazil","^BVSP"
2017-09-06,72157,73608,72157,73412,4242500,73412,"Brazil","^BVSP"
2017-09-07,NA,NA,NA,NA,NA,NA,"Brazil","^BVSP"
2017-09-08,73413,73646,72925,73079,3114100,73079,"Brazil","^BVSP"
2017-09-11,73096,74636,73096,74319,3283100,74319,"Brazil","^BVSP"
2017-09-12,74322,75332,74294,74539,3591700,74539,"Brazil","^BVSP"
2017-09-13,74543,75146,74196,74788,3212500,74788,"Brazil","^BVSP"
2017-09-14,74787,74949,74397,74657,3206100,74657,"Brazil","^BVSP"
2017-09-15,74656,75820,74648,75757,4825000,75757,"Brazil","^BVSP"
2017-09-18,75758,76404,75621,75990,3437400,75990,"Brazil","^BVSP"
2017-09-19,75990,76071,75300,75974,3026100,75974,"Brazil","^BVSP"
2017-09-20,75974,76420,75074,76004,3890900,76004,"Brazil","^BVSP"
2017-09-21,76014,76251,75282,75604,3228500,75604,"Brazil","^BVSP"
2017-09-22,75618,75734,75029,75390,2801700,75390,"Brazil","^BVSP"
2017-09-25,75381,75470,74303,74443,3376500,74443,"Brazil","^BVSP"
2017-09-26,74443,74971,74319,74319,3565400,74319,"Brazil","^BVSP"
2017-09-27,74358,74744,73125,73797,3788600,73797,"Brazil","^BVSP"
2017-09-28,73808,74011,73277,73567,3082900,73567,"Brazil","^BVSP"
2017-09-29,73571,74518,73571,74294,3126600,74294,"Brazil","^BVSP"
2017-10-02,74295,74506,73845,74360,2512000,74360,"Brazil","^BVSP"
2017-10-03,74363,76763,74363,76763,3816900,76763,"Brazil","^BVSP"
2017-10-04,76763,77004,76422,76591,3119500,76591,"Brazil","^BVSP"
2017-10-05,76592,78024,76592,76618,4112900,76618,"Brazil","^BVSP"
2017-10-06,76618,76618,75603,76055,2994300,76055,"Brazil","^BVSP"
2017-10-09,76055,76067,75181,75727,2335300,75727,"Brazil","^BVSP"
2017-10-10,75745,76996,75745,76897,3489200,76897,"Brazil","^BVSP"
2017-10-11,76910,76985,76323,76660,3781500,76660,"Brazil","^BVSP"
2017-10-12,NA,NA,NA,NA,NA,NA,"Brazil","^BVSP"
2017-10-13,76659,77319,76659,76990,3200100,76990,"Brazil","^BVSP"
2017-10-16,76985,77382,76565,76892,3075600,76892,"Brazil","^BVSP"
2017-10-17,76892,76892,76046,76201,2771100,76201,"Brazil","^BVSP"
2017-10-18,76211,76730,76012,76591,3156800,76591,"Brazil","^BVSP"
2017-10-19,76591,76591,75366,76283,2509800,76283,"Brazil","^BVSP"
2017-10-20,76291,76971,76291,76391,2645300,76391,"Brazil","^BVSP"
2017-10-23,76398,76498,75315,75413,2631800,75413,"Brazil","^BVSP"
2017-10-24,75426,76420,75426,76350,3047500,76350,"Brazil","^BVSP"
2017-10-25,76350,76883,75404,76671,2953800,76671,"Brazil","^BVSP"
2017-10-26,76671,77061,75813,75896,2901100,75896,"Brazil","^BVSP"
2017-10-27,75898,76617,75601,75976,3434400,75976,"Brazil","^BVSP"
2017-10-30,75973,75973,74305,74800,3811600,74800,"Brazil","^BVSP"
2017-10-31,74798,75142,74145,74308,3545700,74308,"Brazil","^BVSP"
2017-11-01,74310,75199,73823,73824,3668100,73824,"Brazil","^BVSP"
2017-11-02,NA,NA,NA,NA,NA,NA,"Brazil","^BVSP"
2017-11-03,73834,74254,73094,73915,4386900,73915,"Brazil","^BVSP"
2017-11-06,73911,74445,73830,74311,3297400,74311,"Brazil","^BVSP"
2017-11-07,74306,74306,72386,72415,4888900,72415,"Brazil","^BVSP"
2017-11-08,72468,74481,72468,74363,3408800,74363,"Brazil","^BVSP"
2017-11-09,74363,74363,72795,72931,3303800,72931,"Brazil","^BVSP"
2017-11-10,72932,73019,71920,72166,3140100,72166,"Brazil","^BVSP"
2017-11-13,72167,72735,71776,72475,2783400,72475,"Brazil","^BVSP"
2017-11-14,72442,72838,70825,70827,4352600,70827,"Brazil","^BVSP"
2017-11-15,NA,NA,NA,NA,NA,NA,"Brazil","^BVSP"
2017-11-16,70827,72896,70827,72512,3340900,72512,"Brazil","^BVSP"
2017-11-17,72512,73632,72390,73437,2749700,73437,"Brazil","^BVSP"
2017-11-20,NA,NA,NA,NA,NA,NA,"Brazil","^BVSP"
2017-11-21,73439,75073,73439,74595,3539600,74595,"Brazil","^BVSP"
2017-11-22,74611,75019,74242,74519,3410600,74519,"Brazil","^BVSP"
2017-11-23,74519,74578,73851,74487,1556800,74487,"Brazil","^BVSP"
2017-11-24,74503,74542,74093,74157,2510300,74157,"Brazil","^BVSP"
2017-11-27,74157,74157,73159,74059,2810800,74059,"Brazil","^BVSP"
2017-11-28,74060,74989,74056,74140,3030700,74140,"Brazil","^BVSP"
2017-11-29,74146,74515,72700,72700,3639400,72700,"Brazil","^BVSP"
2017-11-30,72700,72700,71215,71971,5348800,71971,"Brazil","^BVSP"
2017-12-01,71955,72472,71488,72264,3003100,72264,"Brazil","^BVSP"
2017-12-04,72266,73749,72266,73090,3038600,73090,"Brazil","^BVSP"
2017-12-05,73090,74166,72319,72546,2913300,72546,"Brazil","^BVSP"
2017-12-06,72535,73418,71906,73268,3099300,73268,"Brazil","^BVSP"
2017-12-07,73268,73268,71356,72487,3260800,72487,"Brazil","^BVSP"
2017-12-08,72489,73425,72489,72732,3085600,72732,"Brazil","^BVSP"
2017-12-11,72775,73361,72498,72800,2450200,72800,"Brazil","^BVSP"
2017-12-12,72800,73814,71798,73814,2956100,73814,"Brazil","^BVSP"
2017-12-13,73827,74622,72569,72914,4494700,72914,"Brazil","^BVSP"
2017-12-14,72913,72913,71969,72429,3491800,72429,"Brazil","^BVSP"
2017-12-15,72428,73069,72277,72608,4659500,72608,"Brazil","^BVSP"
2017-12-18,72621,73519,72621,73115,3202900,73115,"Brazil","^BVSP"
2017-12-19,73122,73139,72347,72680,2351600,72680,"Brazil","^BVSP"
2017-12-20,72680,73492,72680,73367,2219600,73367,"Brazil","^BVSP"
2017-12-21,73367,75133,73265,75133,3056400,75133,"Brazil","^BVSP"
2017-12-22,75128,75227,74623,75187,1906900,75187,"Brazil","^BVSP"
2017-12-25,NA,NA,NA,NA,NA,NA,"Brazil","^BVSP"
2017-12-26,75187,75758,74924,75688,1579700,75688,"Brazil","^BVSP"
2017-12-27,75708,76293,75708,76073,1792200,76073,"Brazil","^BVSP"
2017-12-28,76077,76437,76077,76402,2083000,76402,"Brazil","^BVSP"
2017-12-29,76077,76437,76077,76402,0,76402,"Brazil","^BVSP"
2018-01-02,76403,77909,76403,77891,2880300,77891,"Brazil","^BVSP"
2018-01-03,77889,78414,77602,77995,3142200,77995,"Brazil","^BVSP"
2018-01-04,77998,79135,77998,78647,3486100,78647,"Brazil","^BVSP"
2018-01-05,78644,79071,78218,79071,2747100,79071,"Brazil","^BVSP"
2018-01-08,79070,79395,78631,79379,2550800,79379,"Brazil","^BVSP"
2018-01-09,79379,79415,78699,78864,3458600,78864,"Brazil","^BVSP"
2018-01-10,78864,78864,78164,78201,2759900,78201,"Brazil","^BVSP"
2018-01-11,78201,79365,78201,79365,3409400,79365,"Brazil","^BVSP"
2018-01-12,79365,79440,78861,79349,3577800,79349,"Brazil","^BVSP"
2018-01-15,79349,79847,79349,79752,1941000,79752,"Brazil","^BVSP"
2018-01-16,79751,80246,79668,79832,2982500,79832,"Brazil","^BVSP"
2018-01-17,79832,81189,79828,81189,3341200,81189,"Brazil","^BVSP"
2018-01-18,81185,81367,80498,80963,3429600,80963,"Brazil","^BVSP"
2018-01-19,80965,81429,80854,81220,3123200,81220,"Brazil","^BVSP"
2018-01-22,81220,81675,80923,81675,2693000,81675,"Brazil","^BVSP"
2018-01-23,81676,81676,80524,80678,3711200,80678,"Brazil","^BVSP"
2018-01-24,80679,83680,80679,83680,5503700,83680,"Brazil","^BVSP"
2018-01-25,NA,NA,NA,NA,NA,NA,"Brazil","^BVSP"
2018-01-26,83680,85531,83680,85531,5410600,85531,"Brazil","^BVSP"
2018-01-29,85531,85531,84341,84698,3889600,84698,"Brazil","^BVSP"
2018-01-30,84697,84697,83804,84482,3566000,84482,"Brazil","^BVSP"
2018-01-31,84485,86213,84484,84913,4233500,84913,"Brazil","^BVSP"
2018-02-01,84913,86028,84833,85495,4085300,85495,"Brazil","^BVSP"
2018-02-02,85495,85495,83831,84041,3376900,84041,"Brazil","^BVSP"
2018-02-05,84040,84311,81861,81861,3253600,81861,"Brazil","^BVSP"
2018-02-06,81857,84162,80804,83894,5599100,83894,"Brazil","^BVSP"
2018-02-07,83894,84410,82548,82767,3886000,82767,"Brazil","^BVSP"
2018-02-08,82773,83501,81109,81533,4011400,81533,"Brazil","^BVSP"
2018-02-09,81532,81897,79690,80899,4283400,80899,"Brazil","^BVSP"
2018-02-14,80901,83782,80901,83543,3910700,83543,"Brazil","^BVSP"
2018-02-15,83551,84686,83551,84291,3489300,84291,"Brazil","^BVSP"
2018-02-16,84291,84575,83824,84525,3475800,84525,"Brazil","^BVSP"
2018-02-19,84525,84956,84525,84793,2088900,84793,"Brazil","^BVSP"
2018-02-20,84792,86290,84261,85804,4078100,85804,"Brazil","^BVSP"
2018-02-21,85804,87358,85804,86052,4815500,86052,"Brazil","^BVSP"
2018-02-22,86050,87159,86050,86686,3535700,86686,"Brazil","^BVSP"
2018-02-23,86690,87345,86138,87293,4178600,87293,"Brazil","^BVSP"
2018-02-26,87296,88318,87242,87653,4047100,87653,"Brazil","^BVSP"
2018-02-27,87649,87839,86613,86935,3534700,86935,"Brazil","^BVSP"
2018-02-28,86939,87109,85431,85481,5947100,85481,"Brazil","^BVSP"
2018-03-01,85337,86260,84640,85378,4341300,85378,"Brazil","^BVSP"
2018-03-02,85378,85761,83897,85761,3884300,85761,"Brazil","^BVSP"
2018-03-05,85292,86165,85053,86023,3425200,86023,"Brazil","^BVSP"
2018-03-06,86023,86931,85653,85653,3608600,85653,"Brazil","^BVSP"
2018-03-07,85653,85653,84397,85484,3456800,85484,"Brazil","^BVSP"
2018-03-08,85510,85830,84491,84985,3694700,84985,"Brazil","^BVSP"
2018-03-09,84987,86389,84749,86371,3481500,86371,"Brazil","^BVSP"
2018-03-12,86386,87046,86386,86900,2602900,86900,"Brazil","^BVSP"
2018-03-13,86902,87333,86119,86384,2735800,86384,"Brazil","^BVSP"
2018-03-14,86383,86970,85691,86051,2561000,86051,"Brazil","^BVSP"
2018-03-15,86051,86051,84720,84928,3840100,84928,"Brazil","^BVSP"
2018-03-16,84928,85495,84525,84886,5446200,84886,"Brazil","^BVSP"
2018-03-19,84886,84886,83678,83913,3330600,83913,"Brazil","^BVSP"
2018-03-20,83919,84412,83682,84164,2682000,84164,"Brazil","^BVSP"
2018-03-21,84166,85145,84080,84977,3260900,84977,"Brazil","^BVSP"
2018-03-22,84984,85499,84197,84768,3241700,84768,"Brazil","^BVSP"
2018-03-23,84766,85450,84042,84377,3176900,84377,"Brazil","^BVSP"
2018-03-26,84377,85553,84357,85088,2355600,85088,"Brazil","^BVSP"
2018-03-27,85103,85296,83542,83808,2948400,83808,"Brazil","^BVSP"
2018-03-28,83806,83889,82889,83874,2911400,83874,"Brazil","^BVSP"
2018-03-29,83874,85708,83874,85366,3150300,85366,"Brazil","^BVSP"
2018-04-02,85365,85675,84166,84666,2598500,84666,"Brazil","^BVSP"
2018-04-03,84669,85411,84210,84623,2579000,84623,"Brazil","^BVSP"
2018-04-04,84610,84610,82826,84360,2948300,84360,"Brazil","^BVSP"
2018-04-05,84374,86148,84374,85210,4257700,85210,"Brazil","^BVSP"
2018-04-06,85210,85210,83833,84820,3069100,84820,"Brazil","^BVSP"
2018-04-09,84832,85110,83155,83307,3174800,83307,"Brazil","^BVSP"
2018-04-10,83312,84538,83312,84510,3518700,84510,"Brazil","^BVSP"
2018-04-11,84494,85417,84340,85246,3370600,85246,"Brazil","^BVSP"
2018-04-12,85246,85577,85025,85444,2837000,85444,"Brazil","^BVSP"
2018-04-13,85441,85441,84144,84334,3504200,84334,"Brazil","^BVSP"
2018-04-16,84328,84591,82762,82862,2913400,82862,"Brazil","^BVSP"
2018-04-17,82862,84191,82810,84086,2628600,84086,"Brazil","^BVSP"
2018-04-18,84090,86149,84090,85776,4196900,85776,"Brazil","^BVSP"
2018-04-19,85775,86059,85197,85824,3522500,85824,"Brazil","^BVSP"
2018-04-20,85823,85823,85025,85550,2990100,85550,"Brazil","^BVSP"
2018-04-23,85520,85746,84711,85602,2426000,85602,"Brazil","^BVSP"
2018-04-24,85603,86578,85106,85469,2845000,85469,"Brazil","^BVSP"
2018-04-25,85466,85466,84349,85044,3218400,85044,"Brazil","^BVSP"
2018-04-26,85051,86383,85051,86383,3138000,86383,"Brazil","^BVSP"
2018-04-27,86383,87179,86262,86445,0,86445,"Brazil","^BVSP"
2018-04-30,86443,86739,85979,86115,2181000,86115,"Brazil","^BVSP"
2018-05-02,86111,86111,84383,84547,3720600,84547,"Brazil","^BVSP"
2018-05-03,84547,84562,83178,83288,3977800,83288,"Brazil","^BVSP"
2018-05-04,83286,83671,82746,83118,3472900,83118,"Brazil","^BVSP"
2018-05-07,83199,83643,82602,82714,2843000,82714,"Brazil","^BVSP"
2018-05-08,82715,83409,82201,82956,3949500,82956,"Brazil","^BVSP"
2018-05-09,82977,84447,82855,84265,4695400,84265,"Brazil","^BVSP"
2018-05-10,84284,86201,84284,85861,4611100,85861,"Brazil","^BVSP"
2018-05-11,85861,86406,85183,85220,4379700,85220,"Brazil","^BVSP"
2018-05-14,85222,86105,84688,85232,4080700,85232,"Brazil","^BVSP"
2018-05-15,85225,85231,83830,85130,4405100,85130,"Brazil","^BVSP"
2018-05-16,85122,86678,85044,86537,3707000,86537,"Brazil","^BVSP"
2018-05-17,86537,86537,83377,83622,5508600,83622,"Brazil","^BVSP"
2018-05-18,83614,83614,81391,83082,5730200,83082,"Brazil","^BVSP"
2018-05-21,83095,83883,81576,81815,4242200,81815,"Brazil","^BVSP"
2018-05-22,81817,83396,81613,82739,4785500,82739,"Brazil","^BVSP"
2018-05-23,82742,82742,80867,80867,3875500,80867,"Brazil","^BVSP"
2018-05-24,80860,80860,79027,80122,6182200,80122,"Brazil","^BVSP"
2018-05-25,80123,80629,78622,78898,4650100,78898,"Brazil","^BVSP"
2018-05-28,78886,78886,75337,75356,4176200,75356,"Brazil","^BVSP"
2018-05-29,75361,77214,75361,76072,5972300,76072,"Brazil","^BVSP"
2018-05-30,76058,77097,75515,76754,7442100,76754,"Brazil","^BVSP"
2018-06-01,76779,78169,75524,77240,6044400,77240,"Brazil","^BVSP"
2018-06-04,77244,78637,77244,78596,4023100,78596,"Brazil","^BVSP"
2018-06-05,78595,78892,76412,76642,4499800,76642,"Brazil","^BVSP"
2018-06-06,76641,76967,75518,76117,4871700,76117,"Brazil","^BVSP"
2018-06-07,76117,76117,71162,73851,7919200,73851,"Brazil","^BVSP"
2018-06-08,73848,74031,71679,72942,5952400,72942,"Brazil","^BVSP"
2018-06-11,72943,73716,71843,72308,3564300,72308,"Brazil","^BVSP"
2018-06-12,72308,73322,72124,72754,3889600,72754,"Brazil","^BVSP"
2018-06-13,72757,72977,71035,72122,4360200,72122,"Brazil","^BVSP"
2018-06-14,72151,72708,71344,71421,4281600,71421,"Brazil","^BVSP"
2018-06-15,71421,71421,69583,70758,6456800,70758,"Brazil","^BVSP"
2018-06-18,70757,70757,69360,69815,3475200,69815,"Brazil","^BVSP"
2018-06-19,69811,72010,69069,71394,5185300,71394,"Brazil","^BVSP"
2018-06-20,71397,72617,71155,72123,4414600,72123,"Brazil","^BVSP"
2018-06-21,72117,72207,70019,70075,3490800,70075,"Brazil","^BVSP"
2018-06-22,70077,71058,69907,70641,3054700,70641,"Brazil","^BVSP"
2018-06-25,70642,71323,69779,70953,3346300,70953,"Brazil","^BVSP"
2018-06-26,70968,71622,70203,71405,3502300,71405,"Brazil","^BVSP"
2018-06-27,71405,72032,70134,70609,3588900,70609,"Brazil","^BVSP"
2018-06-28,70609,72092,70439,71767,3511400,71767,"Brazil","^BVSP"
2018-06-29,71779,73020,71779,72763,3879400,72763,"Brazil","^BVSP"
2018-07-02,72763,72840,71935,72840,2753900,72840,"Brazil","^BVSP"
2018-07-03,72848,74515,72848,73668,3253800,73668,"Brazil","^BVSP"
2018-07-04,73667,74904,73450,74743,2142100,74743,"Brazil","^BVSP"
2018-07-05,74751,75127,73756,74553,3562800,74553,"Brazil","^BVSP"
2018-07-06,74558,75065,74048,75010,0,75010,"Brazil","^BVSP"
2018-07-10,75015,75895,74431,74862,3901000,74862,"Brazil","^BVSP"
2018-07-11,74862,75025,74196,74399,3766800,74399,"Brazil","^BVSP"
2018-07-12,74403,75898,74403,75856,3508500,75856,"Brazil","^BVSP"
2018-07-13,75856,76682,75554,76594,0,76594,"Brazil","^BVSP"
2018-07-16,76587,76924,76129,76653,3134700,76653,"Brazil","^BVSP"
2018-07-17,76653,78522,76482,78130,3882900,78130,"Brazil","^BVSP"
2018-07-18,78124,78496,77164,77363,3394300,77363,"Brazil","^BVSP"
2018-07-19,77360,77487,75890,77487,3781100,77487,"Brazil","^BVSP"
2018-07-20,77500,79489,77500,78571,4745200,78571,"Brazil","^BVSP"
2018-07-23,78571,78639,77871,77996,2446800,77996,"Brazil","^BVSP"
2018-07-24,78005,79497,78005,79155,3283200,79155,"Brazil","^BVSP"
2018-07-25,79154,80437,79154,80218,3472700,80218,"Brazil","^BVSP"
2018-07-26,80242,80589,79081,79405,3596500,79405,"Brazil","^BVSP"
2018-07-27,79405,80251,79405,79866,3015600,79866,"Brazil","^BVSP"
2018-07-30,79866,80492,79699,80276,2631400,80276,"Brazil","^BVSP"
2018-07-31,80279,80279,79016,79220,3354500,79220,"Brazil","^BVSP"
2018-08-01,79213,79731,78769,79302,3227100,79302,"Brazil","^BVSP"
2018-08-02,79237,79896,78573,79637,3005500,79637,"Brazil","^BVSP"
2018-08-03,79656,81792,79656,81435,3802600,81435,"Brazil","^BVSP"
2018-08-06,81445,81765,80965,81051,2516600,81051,"Brazil","^BVSP"
2018-08-07,81093,81742,79923,80347,3861200,80347,"Brazil","^BVSP"
2018-08-08,80347,80912,78966,79152,3833800,79152,"Brazil","^BVSP"
2018-08-09,79171,79461,78156,78768,3717400,78768,"Brazil","^BVSP"
2018-08-10,78766,78766,76043,76514,0,76514,"Brazil","^BVSP"
2018-08-13,76513,77689,75931,77496,3958200,77496,"Brazil","^BVSP"
2018-08-14,77499,78742,77499,78602,3713000,78602,"Brazil","^BVSP"
2018-08-15,78614,78618,76829,77078,4386400,77078,"Brazil","^BVSP"
2018-08-16,77085,77704,76381,76819,3285400,76819,"Brazil","^BVSP"
2018-08-17,76817,76817,75633,76029,3742300,76029,"Brazil","^BVSP"
2018-08-20,76029,76497,75608,76328,3578100,76328,"Brazil","^BVSP"
2018-08-21,76327,76340,74915,75180,4077000,75180,"Brazil","^BVSP"
2018-08-22,75171,76904,74876,76902,3610400,76902,"Brazil","^BVSP"
2018-08-23,76898,77232,75466,75634,3866700,75634,"Brazil","^BVSP"
2018-08-24,75647,76629,75647,76262,3159900,76262,"Brazil","^BVSP"
2018-08-27,76264,78008,76264,77930,2750600,77930,"Brazil","^BVSP"
2018-08-28,77928,78038,77149,77473,2964800,77473,"Brazil","^BVSP"
2018-08-29,77472,78783,77399,78389,3127600,78389,"Brazil","^BVSP"
2018-08-30,78389,78389,76372,76404,3546800,76404,"Brazil","^BVSP"
2018-08-31,76386,77202,76026,76678,4145600,76678,"Brazil","^BVSP"
2018-09-03,76675,76675,75729,76193,1673300,76193,"Brazil","^BVSP"
2018-09-04,76192,76192,74605,74712,3162300,74712,"Brazil","^BVSP"
2018-09-05,74712,75370,74276,75092,2830400,75092,"Brazil","^BVSP"
2018-09-06,75098,76533,74986,76416,3298500,76416,"Brazil","^BVSP"
2018-09-10,76416,77293,76115,76436,3105200,76436,"Brazil","^BVSP"
2018-09-11,76437,76437,74275,74657,0,74657,"Brazil","^BVSP"
2018-09-12,74680,75680,74499,75125,3709100,75125,"Brazil","^BVSP"
2018-09-13,75126,75407,74501,74687,3062100,74687,"Brazil","^BVSP"
2018-09-14,74687,75705,74445,75429,3231700,75429,"Brazil","^BVSP"
2018-09-17,75428,76893,75227,76789,3397600,76789,"Brazil","^BVSP"
2018-09-18,76781,78454,76677,78314,4167000,78314,"Brazil","^BVSP"
2018-09-19,78268,79021,77624,78169,3780800,78169,"Brazil","^BVSP"
2018-09-20,78169,78944,77820,78116,3137600,78116,"Brazil","^BVSP"
2018-09-21,78116,80002,78116,79444,4666800,79444,"Brazil","^BVSP"
2018-09-24,79447,79447,77857,77984,0,77984,"Brazil","^BVSP"
2018-09-25,77980,78688,77005,78630,3700400,78630,"Brazil","^BVSP"
2018-09-26,78634,79461,78530,78656,3735300,78656,"Brazil","^BVSP"
2018-09-27,78676,80107,78676,80000,4475000,80000,"Brazil","^BVSP"
2018-09-28,80000,80000,78967,79342,4061400,79342,"Brazil","^BVSP"
2018-10-01,79350,79557,78091,78624,3134400,78624,"Brazil","^BVSP"
2018-10-02,78625,81778,78625,81612,5929900,81612,"Brazil","^BVSP"
2018-10-03,81624,85442,81623,83273,7618600,83273,"Brazil","^BVSP"
2018-10-04,83275,83430,81892,82953,4935600,82953,"Brazil","^BVSP"
2018-10-05,82972,83805,82030,82322,5394800,82322,"Brazil","^BVSP"
2018-10-08,82324,87333,82324,86084,9999000,86084,"Brazil","^BVSP"
2018-10-09,86053,86573,85433,86088,6461000,86088,"Brazil","^BVSP"
2018-10-10,86084,86085,83679,83679,0,83679,"Brazil","^BVSP"
2018-10-11,83700,84749,82607,82921,5188700,82921,"Brazil","^BVSP"
2018-10-15,82922,84278,82922,83360,4782900,83360,"Brazil","^BVSP"
2018-10-16,83420,85718,83420,85718,4811300,85718,"Brazil","^BVSP"
2018-10-17,85714,86167,84944,85764,4858600,85764,"Brazil","^BVSP"
2018-10-18,85760,85760,83846,83847,4085300,83847,"Brazil","^BVSP"
2018-10-19,83845,84954,83667,84220,3753500,84220,"Brazil","^BVSP"
2018-10-22,84222,85772,84222,85597,3873700,85597,"Brazil","^BVSP"
2018-10-23,85595,85595,84032,85300,4388100,85300,"Brazil","^BVSP"
2018-10-24,85302,85786,83035,83064,4679200,83064,"Brazil","^BVSP"
2018-10-25,83124,84831,83124,84084,0,84084,"Brazil","^BVSP"
2018-10-26,84084,85720,83497,85720,6471500,85720,"Brazil","^BVSP"
2018-10-29,85728,88377,82783,83797,7733900,83797,"Brazil","^BVSP"
2018-10-30,83802,86990,83802,86886,6556900,86886,"Brazil","^BVSP"
2018-10-31,86889,88028,86213,87424,5889800,87424,"Brazil","^BVSP"
2018-11-01,87428,89017,87094,88419,5878400,88419,"Brazil","^BVSP"
2018-11-05,88418,89598,88347,89598,4620800,89598,"Brazil","^BVSP"
2018-11-06,89587,89587,88066,88669,0,88669,"Brazil","^BVSP"
2018-11-07,88676,89565,87541,87714,4371300,87714,"Brazil","^BVSP"
2018-11-08,87719,88570,85620,85620,5297700,85620,"Brazil","^BVSP"
2018-11-09,85620,86233,84030,85641,4814400,85641,"Brazil","^BVSP"
2018-11-12,85644,86227,85009,85525,3534000,85525,"Brazil","^BVSP"
2018-11-13,85531,85941,84071,84914,4410700,84914,"Brazil","^BVSP"
2018-11-14,84898,85973,84267,85973,5591600,85973,"Brazil","^BVSP"
2018-11-16,85975,88516,85975,88515,5184200,88515,"Brazil","^BVSP"
2018-11-19,88472,88484,87047,87901,3642100,87901,"Brazil","^BVSP"
2018-11-21,87896,87896,86254,87269,4140600,87269,"Brazil","^BVSP"
2018-11-22,87269,87656,87222,87477,2244500,87477,"Brazil","^BVSP"
2018-11-23,87479,87479,85763,86230,4148700,86230,"Brazil","^BVSP"
2018-11-26,86237,87147,84905,85547,4557300,85547,"Brazil","^BVSP"
2018-11-27,85547,88018,85377,87891,4971300,87891,"Brazil","^BVSP"
2018-11-28,87891,89483,87153,89251,5295600,89251,"Brazil","^BVSP"
2018-11-29,89145,89910,88475,89710,4257400,89710,"Brazil","^BVSP"
2018-11-30,89709,90246,89258,89504,6736700,89504,"Brazil","^BVSP"
2018-12-03,89511,91242,89429,89820,5935600,89820,"Brazil","^BVSP"
2018-12-04,89820,90452,88041,88624,4879700,88624,"Brazil","^BVSP"
2018-12-05,88644,89111,88449,89040,2790000,89040,"Brazil","^BVSP"
2018-12-06,88933,88933,87025,88846,4370100,88846,"Brazil","^BVSP"
2018-12-07,88849,89986,87907,88115,4479100,88115,"Brazil","^BVSP"
2018-12-10,88115,88384,85915,85915,4084400,85915,"Brazil","^BVSP"
2018-12-11,85918,87520,85583,86420,4390100,86420,"Brazil","^BVSP"
2018-12-12,86420,87946,86420,86977,5000500,86977,"Brazil","^BVSP"
2018-12-13,86979,87842,86856,87838,3658600,87838,"Brazil","^BVSP"
2018-12-14,87838,88184,87106,87450,3553300,87450,"Brazil","^BVSP"
2018-12-17,87448,87820,86328,86400,3849300,86400,"Brazil","^BVSP"
2018-12-18,86400,87274,86400,86610,4093500,86610,"Brazil","^BVSP"
2018-12-19,86617,88101,85674,85674,5664200,85674,"Brazil","^BVSP"
2018-12-20,85678,86584,84756,85269,6100500,85269,"Brazil","^BVSP"
2018-12-21,85269,86554,85134,85697,6076200,85697,"Brazil","^BVSP"
2018-12-26,85684,85684,83892,85136,3355100,85136,"Brazil","^BVSP"
2018-12-27,85141,85739,84876,85460,3820900,85460,"Brazil","^BVSP"
2018-12-28,85469,88044,85469,87887,3649100,87887,"Brazil","^BVSP"
2019-01-02,87887,91479,87536,91012,5615400,91012,"Brazil","^BVSP"
2019-01-03,91011,91596,89922,91564,6066200,91564,"Brazil","^BVSP"
2019-01-04,91577,92701,90824,91841,5322100,91841,"Brazil","^BVSP"
2019-01-07,91845,92552,91288,91699,4565000,91699,"Brazil","^BVSP"
2019-01-08,91699,92231,91064,92032,4496500,92032,"Brazil","^BVSP"
2019-01-09,92033,93626,92028,93613,5011400,93613,"Brazil","^BVSP"
2019-01-10,93599,93987,93050,93806,4840600,93806,"Brazil","^BVSP"
2019-01-11,93806,93961,93359,93658,5330500,93658,"Brazil","^BVSP"
2019-01-14,93645,94474,93335,94474,4486900,94474,"Brazil","^BVSP"
2019-01-15,94474,94695,93402,94056,4836400,94056,"Brazil","^BVSP"
2019-01-16,94057,94393,93687,94393,4257400,94393,"Brazil","^BVSP"
2019-01-17,94393,95682,93950,95351,4944200,95351,"Brazil","^BVSP"
2019-01-18,95386,96396,95386,96097,4884000,96097,"Brazil","^BVSP"
2019-01-21,96093,96093,94863,96010,2717600,96010,"Brazil","^BVSP"
2019-01-22,96008,96070,94662,95103,4256000,95103,"Brazil","^BVSP"
2019-01-23,95116,96576,95116,96558,0,96558,"Brazil","^BVSP"
2019-01-24,96558,97677,96558,97677,5019400,97677,"Brazil","^BVSP"
2019-01-28,97674,97937,94783,95444,7185300,95444,"Brazil","^BVSP"
2019-01-29,95508,96751,95508,95639,5262000,95639,"Brazil","^BVSP"
2019-01-30,95643,97107,95643,96996,6164400,96996,"Brazil","^BVSP"
2019-01-31,96996,98405,96996,97394,5976000,97394,"Brazil","^BVSP"
2019-02-01,97395,98044,96990,97861,4301600,97861,"Brazil","^BVSP"
2019-02-04,97861,98589,96901,98589,4278300,98589,"Brazil","^BVSP"
2019-02-05,98587,98587,97596,98311,4773700,98311,"Brazil","^BVSP"
2019-02-06,98308,98308,94636,94636,5458200,94636,"Brazil","^BVSP"
2019-02-07,94654,95642,93507,94406,5612500,94406,"Brazil","^BVSP"
2019-02-08,94401,95486,93424,95343,5302500,95343,"Brazil","^BVSP"
2019-02-11,95351,95499,93737,94413,3767300,94413,"Brazil","^BVSP"
2019-02-12,94420,96571,94420,96168,4915000,96168,"Brazil","^BVSP"
2019-02-13,96169,96804,95389,95842,5814400,95842,"Brazil","^BVSP"
2019-02-14,95843,98019,94915,98015,5222300,98015,"Brazil","^BVSP"
2019-02-15,98015,98238,97083,97526,4586300,97526,"Brazil","^BVSP"
2019-02-18,97527,97527,96239,96510,2837100,96510,"Brazil","^BVSP"
2019-02-19,96513,98185,96513,97659,4830600,97659,"Brazil","^BVSP"
2019-02-20,97661,98544,96545,96545,5906800,96545,"Brazil","^BVSP"
2019-02-21,96546,97231,95793,96932,5814100,96932,"Brazil","^BVSP"
2019-02-22,96929,97887,96929,97886,4426600,97886,"Brazil","^BVSP"
2019-02-25,97881,98190,97087,97240,4360000,97240,"Brazil","^BVSP"
2019-02-26,97242,97904,97235,97603,3555100,97603,"Brazil","^BVSP"
2019-02-27,97603,97782,96886,97307,3873500,97307,"Brazil","^BVSP"
2019-02-28,97307,97528,95364,95584,5365700,95584,"Brazil","^BVSP"
2019-03-01,95584,96113,94394,94604,4054700,94604,"Brazil","^BVSP"
2019-03-06,94604,94889,93945,94217,2715300,94217,"Brazil","^BVSP"
2019-03-07,94216,94532,93729,94340,4104300,94340,"Brazil","^BVSP"
2019-03-08,94340,95476,93305,95365,4054200,95365,"Brazil","^BVSP"
2019-03-11,95384,98027,95384,98027,4251500,98027,"Brazil","^BVSP"
2019-03-12,98038,98150,97267,97828,3832900,97828,"Brazil","^BVSP"
2019-03-13,97831,99267,97464,98904,4812100,98904,"Brazil","^BVSP"
2019-03-14,98905,99036,97776,98605,3584500,98605,"Brazil","^BVSP"
2019-03-15,98605,99393,98597,99137,5136400,99137,"Brazil","^BVSP"
2019-03-18,99141,100038,99141,99994,4204100,99994,"Brazil","^BVSP"
2019-03-19,99991,100439,99373,99588,5231100,99588,"Brazil","^BVSP"
2019-03-20,99588,99708,97981,98041,4633200,98041,"Brazil","^BVSP"
2019-03-21,98041,98046,95456,96729,5321200,96729,"Brazil","^BVSP"
2019-03-22,96725,96725,93380,93735,6001100,93735,"Brazil","^BVSP"
2019-03-25,93735,94384,93103,93662,4508400,93662,"Brazil","^BVSP"
2019-03-26,93668,95525,93668,95307,4660700,95307,"Brazil","^BVSP"
2019-03-27,95297,95297,91903,91903,5726900,91903,"Brazil","^BVSP"
2019-03-28,91901,94854,91584,94389,5192300,94389,"Brazil","^BVSP"
2019-03-29,94402,95863,94402,95415,4674600,95415,"Brazil","^BVSP"
2019-04-01,95423,96752,95423,96054,3753500,96054,"Brazil","^BVSP"
2019-04-02,96062,96690,94825,95387,3713200,95387,"Brazil","^BVSP"
2019-04-03,95392,96442,94124,94491,4308900,94491,"Brazil","^BVSP"
2019-04-04,94503,96394,94334,96313,4086200,96313,"Brazil","^BVSP"
2019-04-05,96319,97493,96152,97108,3689000,97108,"Brazil","^BVSP"
2019-04-08,97110,97610,96743,97369,3430800,97369,"Brazil","^BVSP"
2019-04-09,97366,97366,95488,96292,3733400,96292,"Brazil","^BVSP"
2019-04-10,96292,96902,95670,95953,4574600,95953,"Brazil","^BVSP"
2019-04-11,95954,95954,94173,94755,3530500,94755,"Brazil","^BVSP"
2019-04-12,94747,94768,92516,92875,6712200,92875,"Brazil","^BVSP"
2019-04-15,92875,93723,92697,93083,4629800,93083,"Brazil","^BVSP"
2019-04-16,93082,95062,92879,94333,4581600,94333,"Brazil","^BVSP"
2019-04-17,94337,95042,92338,93285,6458600,93285,"Brazil","^BVSP"
2019-04-18,93285,95140,93285,94578,4933300,94578,"Brazil","^BVSP"
2019-04-22,94578,95038,93721,94588,3176600,94588,"Brazil","^BVSP"
2019-04-23,94590,96315,94590,95923,4309100,95923,"Brazil","^BVSP"
2019-04-24,95923,95923,94163,95045,4658800,95045,"Brazil","^BVSP"
2019-04-25,95027,96552,94213,96552,4878200,96552,"Brazil","^BVSP"
2019-04-26,96552,96563,95620,96236,3767100,96236,"Brazil","^BVSP"
2019-04-29,96254,97123,96004,96188,3225400,96188,"Brazil","^BVSP"
2019-04-30,96191,96707,95613,96353,4228600,96353,"Brazil","^BVSP"
2019-05-02,96339,96339,95312,95528,3863600,95528,"Brazil","^BVSP"
2019-05-03,95521,96315,95521,96008,4014800,96008,"Brazil","^BVSP"
2019-05-06,95992,95992,94540,95009,3216000,95009,"Brazil","^BVSP"
2019-05-07,95009,95009,92750,94389,4907400,94389,"Brazil","^BVSP"
2019-05-08,94389,96312,94389,95597,4916500,95597,"Brazil","^BVSP"
2019-05-09,95597,95597,93883,94808,4152200,94808,"Brazil","^BVSP"
2019-05-10,94809,94848,93234,94258,4097900,94258,"Brazil","^BVSP"
2019-05-13,94252,94252,91600,91727,4662600,91727,"Brazil","^BVSP"
2019-05-14,91736,92529,91562,92092,4045400,92092,"Brazil","^BVSP"
2019-05-15,92088,92088,90295,91623,4791900,91623,"Brazil","^BVSP"
2019-05-16,91622,91622,89778,90024,5570000,90024,"Brazil","^BVSP"
2019-05-17,90023,91321,89409,89993,5342700,89993,"Brazil","^BVSP"
2019-05-20,90006,92117,89822,91946,4620000,91946,"Brazil","^BVSP"
2019-05-21,91946,94573,91946,94485,5397000,94485,"Brazil","^BVSP"
2019-05-22,94485,95212,93883,94361,4232500,94361,"Brazil","^BVSP"
2019-05-23,94360,94547,93300,93910,3787800,93910,"Brazil","^BVSP"
2019-05-24,93912,94900,93545,93628,3484700,93628,"Brazil","^BVSP"
2019-05-27,93626,95444,93626,94864,2544800,94864,"Brazil","^BVSP"
2019-05-28,94863,96552,94707,96393,6383100,96393,"Brazil","^BVSP"
2019-05-29,96389,96986,95690,96567,4559100,96567,"Brazil","^BVSP"
2019-05-30,96566,97939,96511,97457,4398200,97457,"Brazil","^BVSP"
2019-05-31,97420,97992,96792,97030,5089500,97030,"Brazil","^BVSP"
2019-06-03,97036,97757,96430,97020,4547900,97020,"Brazil","^BVSP"
2019-06-04,97020,97723,96593,97380,4293300,97380,"Brazil","^BVSP"
2019-06-05,97381,97686,95686,95999,3769100,95999,"Brazil","^BVSP"
2019-06-06,96002,97462,96002,97205,4054900,97205,"Brazil","^BVSP"
2019-06-07,97205,98326,97205,97821,3718500,97821,"Brazil","^BVSP"
2019-06-10,97828,97856,96782,97467,3584000,97467,"Brazil","^BVSP"
2019-06-11,97467,98985,97467,98960,4922400,98960,"Brazil","^BVSP"
2019-06-12,98960,99240,97831,98321,4948800,98321,"Brazil","^BVSP"
2019-06-13,98321,99364,98321,98774,5594000,98774,"Brazil","^BVSP"
2019-06-14,98776,98981,97601,98040,9184900,98040,"Brazil","^BVSP"
2019-06-17,98038,98439,97623,97623,3926300,97623,"Brazil","^BVSP"
2019-06-18,97633,99412,97633,99404,4524500,99404,"Brazil","^BVSP"
2019-06-19,99403,100327,98978,100303,4411300,100303,"Brazil","^BVSP"
2019-06-21,100305,102100,100305,102013,5490800,102013,"Brazil","^BVSP"
2019-06-24,102018,102617,101589,102062,3559800,102062,"Brazil","^BVSP"
2019-06-25,102061,102061,99890,100093,4469200,100093,"Brazil","^BVSP"
2019-06-26,100095,101126,100095,100689,5013800,100689,"Brazil","^BVSP"
2019-06-27,100689,101025,99421,100724,4154700,100724,"Brazil","^BVSP"
2019-06-28,100726,101563,100726,100967,4079900,100967,"Brazil","^BVSP"
2019-07-01,100973,102432,100973,101340,411600,101340,"Brazil","^BVSP"
2019-07-02,101342,101565,100073,100605,4951600,100605,"Brazil","^BVSP"
2019-07-03,100576,102177,100451,102043,4801200,102043,"Brazil","^BVSP"
2019-07-04,102047,104022,102047,103636,3978700,103636,"Brazil","^BVSP"
2019-07-05,103628,104176,102622,104089,4208400,104089,"Brazil","^BVSP"
2019-07-08,104090,104679,103988,104530,3500300,104530,"Brazil","^BVSP"
2019-07-10,104537,106650,104537,105817,6815700,105817,"Brazil","^BVSP"
2019-07-11,105818,105886,104814,105146,4845300,105146,"Brazil","^BVSP"
2019-07-12,105158,105731,103903,103906,4748000,103906,"Brazil","^BVSP"
2019-07-15,103909,104578,103495,103803,3995500,103803,"Brazil","^BVSP"
2019-07-16,103805,104440,103361,103775,4475800,103775,"Brazil","^BVSP"
2019-07-17,103775,104453,103712,103856,3818300,103856,"Brazil","^BVSP"
2019-07-18,103859,104773,103859,104717,4410900,104717,"Brazil","^BVSP"
2019-07-19,104716,104723,103388,103452,3484400,103452,"Brazil","^BVSP"
2019-07-22,103452,104278,103452,103949,3464400,103949,"Brazil","^BVSP"
2019-07-23,103949,104430,103518,103704,4050300,103704,"Brazil","^BVSP"
2019-07-24,103707,104570,103707,104120,4872700,104120,"Brazil","^BVSP"
2019-07-25,102991,103464,102390,102655,5804700,102655,"Brazil","^BVSP"
2019-07-26,102654,103209,102196,102819,5141400,102819,"Brazil","^BVSP"
2019-07-29,102817,103483,102461,103483,3559900,103483,"Brazil","^BVSP"
2019-07-30,103483,103555,102596,102933,4060500,102933,"Brazil","^BVSP"
2019-07-31,102946,103129,100950,101812,5072900,101812,"Brazil","^BVSP"
2019-08-01,101819,104056,101819,102126,7129100,102126,"Brazil","^BVSP"
2019-08-02,102122,103180,101667,102674,4923500,102674,"Brazil","^BVSP"
2019-08-05,102658,102658,99630,100098,5000400,100098,"Brazil","^BVSP"
2019-08-06,100098,102178,100098,102164,5074800,102164,"Brazil","^BVSP"
2019-08-07,102163,102784,100476,102782,5570600,102782,"Brazil","^BVSP"
2019-08-08,102811,104282,102811,104115,5538300,104115,"Brazil","^BVSP"
2019-08-09,104102,104848,103547,103996,4549300,103996,"Brazil","^BVSP"
2019-08-12,103946,103946,101621,101915,4509700,101915,"Brazil","^BVSP"
2019-08-13,101912,103778,101414,103299,5198900,103299,"Brazil","^BVSP"
2019-08-14,103270,103270,99955,100258,6485200,100258,"Brazil","^BVSP"
2019-08-15,100262,101014,98200,99057,6585300,99057,"Brazil","^BVSP"
2019-08-16,99059,100567,99059,99806,5483400,99806,"Brazil","^BVSP"
2019-08-19,99810,100948,98908,99469,4924000,99469,"Brazil","^BVSP"
2019-08-20,99472,99665,98002,99222,5235200,99222,"Brazil","^BVSP"
2019-08-21,99227,101240,99221,101202,5969700,101202,"Brazil","^BVSP"
2019-08-22,101209,101469,100011,100011,4495500,100011,"Brazil","^BVSP"
2019-08-23,100007,100025,97085,97667,5668800,97667,"Brazil","^BVSP"
2019-08-26,97687,98436,95961,96430,4136800,96430,"Brazil","^BVSP"
2019-08-27,96434,97951,95855,97276,6581700,97276,"Brazil","^BVSP"
2019-08-28,97273,98346,96557,98194,4350800,98194,"Brazil","^BVSP"
2019-08-29,98194,100684,98194,100524,5163300,100524,"Brazil","^BVSP"
2019-08-30,100526,101551,100526,101135,6109600,101135,"Brazil","^BVSP"
2019-09-02,101133,101611,100626,100626,2685400,100626,"Brazil","^BVSP"
2019-09-03,100626,101417,99406,99681,0,99681,"Brazil","^BVSP"
2019-09-04,99706,101201,99706,101201,4310700,101201,"Brazil","^BVSP"
2019-09-05,101204,103258,101204,102243,4814300,102243,"Brazil","^BVSP"
2019-09-06,102247,103182,102246,102935,3976000,102935,"Brazil","^BVSP"
2019-09-09,102937,104260,102793,103181,5516800,103181,"Brazil","^BVSP"
2019-09-10,103180,103503,102231,103032,5478900,103032,"Brazil","^BVSP"
2019-09-11,103036,104156,103036,103446,4877000,103446,"Brazil","^BVSP"
2019-09-12,104389,104618,103733,104371,4962500,104371,"Brazil","^BVSP"
2019-09-13,104371,104699,103275,103501,4039400,103501,"Brazil","^BVSP"
2019-09-16,103496,104005,102782,103680,6038700,103680,"Brazil","^BVSP"
2019-09-17,103680,104619,103079,104617,4574900,104617,"Brazil","^BVSP"
2019-09-18,104616,104762,103684,104532,3882100,104532,"Brazil","^BVSP"
2019-09-19,104555,106001,104286,104339,4915800,104339,"Brazil","^BVSP"
2019-09-20,104339,105045,103914,104817,6769100,104817,"Brazil","^BVSP"
2019-09-23,104817,104817,104020,104638,6769100,104638,"Brazil","^BVSP"
2019-09-24,104638,104893,103504,103876,3972200,103876,"Brazil","^BVSP"
2019-09-25,103857,104481,103034,104481,4117500,104481,"Brazil","^BVSP"
2019-09-26,104485,105342,104337,105319,4138700,105319,"Brazil","^BVSP"
2019-09-27,105319,105633,104506,105078,3471200,105078,"Brazil","^BVSP"
2019-09-30,105077,105178,104638,104745,3895800,104745,"Brazil","^BVSP"
2019-10-01,104745,105121,103837,104053,4095700,104053,"Brazil","^BVSP"
2019-10-02,104049,104049,100944,101031,5066200,101031,"Brazil","^BVSP"
2019-10-03,101031,101560,99826,101516,4665600,101516,"Brazil","^BVSP"
2019-10-04,101516,102580,101057,102551,4649400,102551,"Brazil","^BVSP"
2019-10-07,102546,102546,100542,100573,3938300,100573,"Brazil","^BVSP"
2019-10-08,100565,101296,99868,99981,4342700,99981,"Brazil","^BVSP"
2019-10-09,100005,101567,100005,101249,3939000,101249,"Brazil","^BVSP"
2019-10-10,101244,102483,101152,101817,4373100,101817,"Brazil","^BVSP"
2019-10-11,101819,104381,101819,103832,4351800,103832,"Brazil","^BVSP"
2019-10-14,103834,104305,103438,104302,2987900,104302,"Brazil","^BVSP"
2019-10-15,104299,105048,104052,104490,4093400,104490,"Brazil","^BVSP"
2019-10-16,104486,105462,103521,105423,4509400,105423,"Brazil","^BVSP"
2019-10-17,105389,105891,104827,105016,4189000,105016,"Brazil","^BVSP"
2019-10-18,105012,105464,104525,104729,4478100,104729,"Brazil","^BVSP"
2019-10-21,104729,106027,104696,106022,3504900,106022,"Brazil","^BVSP"
2019-10-22,107101,107382,107076,107381,5224900,107381,"Brazil","^BVSP"
2019-10-23,107381,107959,107041,107544,4656200,107544,"Brazil","^BVSP"
2019-10-24,107553,107744,106593,106986,5619200,106986,"Brazil","^BVSP"
2019-10-25,106990,108083,106990,107364,5398900,107364,"Brazil","^BVSP"
2019-10-28,107366,108393,107362,108187,3967200,108187,"Brazil","^BVSP"
2019-10-29,108189,108195,107313,107556,4313200,107556,"Brazil","^BVSP"
2019-10-30,107557,108408,106622,108408,5450600,108408,"Brazil","^BVSP"
2019-10-31,108403,108403,106356,107220,5376000,107220,"Brazil","^BVSP"
2019-11-01,107221,108496,107220,108196,5466300,108196,"Brazil","^BVSP"
2019-11-04,108196,109352,108196,108601,5182200,108601,"Brazil","^BVSP"
2019-11-05,108779,109343,108253,108451,5657600,108451,"Brazil","^BVSP"
2019-11-06,108719,109633,107446,108336,5505500,108336,"Brazil","^BVSP"
2019-11-07,108360,109672,108360,109581,6075600,109581,"Brazil","^BVSP"
2019-11-08,109572,109572,107127,107629,5419600,107629,"Brazil","^BVSP"
2019-11-11,107622,108263,106814,108215,3928900,108215,"Brazil","^BVSP"
2019-11-12,108368,108368,106232,106785,5219300,106785,"Brazil","^BVSP"
2019-11-13,106751,106786,105261,105914,5339000,105914,"Brazil","^BVSP"
2019-11-14,106052,106758,105820,106557,5364300,106557,"Brazil","^BVSP"
2019-11-18,106566,107519,106282,106347,4919800,106347,"Brazil","^BVSP"
2019-11-19,106269,106950,105367,105618,3610300,105618,"Brazil","^BVSP"
2019-11-21,105866,107497,105864,107497,5819400,107497,"Brazil","^BVSP"
2019-11-22,107497,108692,107157,108692,4796100,108692,"Brazil","^BVSP"
2019-11-25,108692,108915,108080,108424,4512400,108424,"Brazil","^BVSP"
2019-11-26,108424,108424,106414,107059,6904900,107059,"Brazil","^BVSP"
2019-11-27,107059,107991,106312,107708,4418200,107708,"Brazil","^BVSP"
2019-11-28,107708,108333,107148,108290,3666100,108290,"Brazil","^BVSP"
2019-11-29,108283,108708,107759,108233,4186600,108233,"Brazil","^BVSP"
2019-12-02,108246,109279,108245,109061,4708000,109061,"Brazil","^BVSP"
2019-12-03,108931,109198,108190,108956,5223100,108956,"Brazil","^BVSP"
2019-12-04,108962,110301,108962,110301,4889500,110301,"Brazil","^BVSP"
2019-12-05,110297,111073,110008,110622,4399100,110622,"Brazil","^BVSP"
2019-12-06,110623,111430,110623,111126,4968100,111126,"Brazil","^BVSP"
2019-12-09,111125,111453,110870,110977,4991500,110977,"Brazil","^BVSP"
2019-12-10,110973,111184,110133,110672,4758800,110672,"Brazil","^BVSP"
2019-12-11,110672,111227,110530,110964,5146100,110964,"Brazil","^BVSP"
2019-12-12,110963,112445,110963,112200,5682000,112200,"Brazil","^BVSP"
2019-12-13,112205,112829,111780,112565,7712100,112565,"Brazil","^BVSP"
2019-12-16,112565,113197,111896,111896,6078300,111896,"Brazil","^BVSP"
2019-12-17,111897,112695,111897,112616,5352500,112616,"Brazil","^BVSP"
2019-12-18,112618,114339,112300,114315,7940900,114315,"Brazil","^BVSP"
2019-12-19,114313,115132,113712,115131,5784600,115131,"Brazil","^BVSP"
2019-12-20,115133,115171,114526,115121,6887400,115121,"Brazil","^BVSP"
2019-12-23,115119,115863,114964,115863,3995200,115863,"Brazil","^BVSP"
2019-12-26,115864,117220,115673,117203,3788900,117203,"Brazil","^BVSP"
2019-12-27,117205,117803,115995,116534,3905900,116534,"Brazil","^BVSP"
2019-12-30,116530,117086,115790,115964,3667900,115964,"Brazil","^BVSP"
2020-01-02,115652,118573,115649,118573,5162700,118573,"Brazil","^BVSP"
2020-01-03,118564,118792,117341,117707,6834500,117707,"Brazil","^BVSP"
2020-01-06,117707,117707,116269,116878,6570000,116878,"Brazil","^BVSP"
2020-01-07,116872,117076,115965,116662,4854100,116662,"Brazil","^BVSP"
2020-01-08,116667,117335,115693,116247,5910500,116247,"Brazil","^BVSP"
2020-01-09,116248,116820,115411,115947,5953500,115947,"Brazil","^BVSP"
2020-01-10,115948,116745,114952,115503,4783400,115503,"Brazil","^BVSP"
2020-01-13,115503,117333,115503,117325,5685100,117325,"Brazil","^BVSP"
2020-01-14,117325,117705,116610,117632,5361700,117632,"Brazil","^BVSP"
2020-01-15,117632,117632,116188,116414,5569400,116414,"Brazil","^BVSP"
2020-01-16,116415,117106,115961,116704,5422700,116704,"Brazil","^BVSP"
2020-01-17,116710,118479,116710,118478,4947200,118478,"Brazil","^BVSP"
2020-01-20,118478,118862,117928,118862,3843500,118862,"Brazil","^BVSP"
2020-01-21,118861,118861,117026,117026,5085600,117026,"Brazil","^BVSP"
2020-01-22,117035,118401,117035,118391,5765700,118391,"Brazil","^BVSP"
2020-01-23,118391,119535,116906,119528,6572400,119528,"Brazil","^BVSP"
2020-01-24,119528,119593,118108,118376,4778700,118376,"Brazil","^BVSP"
2020-01-27,118347,118347,114376,114482,6097800,114482,"Brazil","^BVSP"
2020-01-28,114482,116797,114475,116479,5229400,116479,"Brazil","^BVSP"
2020-01-29,116494,117171,115164,115385,5097800,115385,"Brazil","^BVSP"
2020-01-30,115375,115528,112825,115528,6315600,115528,"Brazil","^BVSP"
2020-01-31,115518,115518,113148,113761,6219900,113761,"Brazil","^BVSP"
2020-02-03,113761,115299,113467,114629,5512200,114629,"Brazil","^BVSP"
2020-02-04,114631,116556,114631,115557,5829400,115557,"Brazil","^BVSP"
2020-02-05,115563,117701,115562,116028,7173800,116028,"Brazil","^BVSP"
2020-02-06,116033,117382,114723,115190,7382400,115190,"Brazil","^BVSP"
2020-02-07,115190,115190,113769,113770,6594100,113770,"Brazil","^BVSP"
2020-02-10,113771,114176,112134,112570,7486300,112570,"Brazil","^BVSP"
2020-02-11,112574,115576,112574,115371,6767900,115371,"Brazil","^BVSP"
2020-02-12,115371,117581,115371,116674,8159200,116674,"Brazil","^BVSP"
2020-02-13,116660,116660,114801,115662,5635700,115662,"Brazil","^BVSP"
2020-02-14,115663,115663,114132,114381,5335900,114381,"Brazil","^BVSP"
2020-02-17,114381,115696,114381,115309,0,115309,"Brazil","^BVSP"
2020-02-18,115309,115309,113532,114977,5548400,114977,"Brazil","^BVSP"
2020-02-19,114982,116545,114774,116518,6334100,116518,"Brazil","^BVSP"
2020-02-20,116518,116552,114379,114586,6793000,114586,"Brazil","^BVSP"
2020-02-21,114585,114585,112661,113681,5896200,113681,"Brazil","^BVSP"
2020-02-26,113647,113647,105053,105718,9369800,105718,"Brazil","^BVSP"
2020-02-27,105711,106656,102984,102984,11237700,102984,"Brazil","^BVSP"
2020-02-28,102984,104172,99951,104172,11228400,104172,"Brazil","^BVSP"
2020-03-02,104260,107220,103779,106625,8858400,106625,"Brazil","^BVSP"
2020-03-03,106630,108804,104405,105537,9385600,105537,"Brazil","^BVSP"
2020-03-04,105540,107809,105042,107224,8410500,107224,"Brazil","^BVSP"
2020-03-05,107217,107217,100536,102233,8598600,102233,"Brazil","^BVSP"
2020-03-06,102231,102231,96886,97997,11864200,97997,"Brazil","^BVSP"
2020-03-09,97982,97982,85880,86067,14645500,86067,"Brazil","^BVSP"
2020-03-10,86071,92230,86071,92214,13531700,92214,"Brazil","^BVSP"
2020-03-11,92202,92202,80796,85171,11786900,85171,"Brazil","^BVSP"
2020-03-12,85103,85103,68488,72583,12008700,72583,"Brazil","^BVSP"
2020-03-13,72621,83758,72621,82678,15766300,82678,"Brazil","^BVSP"
2020-03-16,82565,82565,70855,71168,12847800,71168,"Brazil","^BVSP"
2020-03-17,71178,77255,70783,74617,14945900,74617,"Brazil","^BVSP"
2020-03-18,74576,74576,63547,66895,16751500,66895,"Brazil","^BVSP"
2020-03-19,66883,70071,61691,68332,16144700,68332,"Brazil","^BVSP"
2020-03-20,68344,72247,66120,67069,15152400,67069,"Brazil","^BVSP"
2020-03-23,67067,67604,62161,63570,11962200,63570,"Brazil","^BVSP"
2020-03-24,63604,71535,63604,69729,11679900,69729,"Brazil","^BVSP"
2020-03-25,69727,76714,69360,74956,12951100,74956,"Brazil","^BVSP"
2020-03-26,74956,78846,74923,77710,12758000,77710,"Brazil","^BVSP"
2020-03-27,77708,77708,73057,73429,10301400,73429,"Brazil","^BVSP"
2020-03-30,73431,75430,73184,74640,9032200,74640,"Brazil","^BVSP"
2020-03-31,74629,75511,72385,73020,11141500,73020,"Brazil","^BVSP"
2020-04-01,73011,73011,69569,70967,10093500,70967,"Brazil","^BVSP"
2020-04-02,70969,73861,70957,72253,10540200,72253,"Brazil","^BVSP"
2020-04-03,72241,72241,67802,69538,10411300,69538,"Brazil","^BVSP"
2020-04-06,69556,75260,69556,74073,9685400,74073,"Brazil","^BVSP"
2020-04-07,74078,79855,74078,76358,11286500,76358,"Brazil","^BVSP"
2020-04-08,76335,79058,76115,78625,10206300,78625,"Brazil","^BVSP"
2020-04-09,78640,80428,77457,77682,10748700,77682,"Brazil","^BVSP"
2020-04-13,77682,78836,76405,78836,7651300,78836,"Brazil","^BVSP"
2020-04-14,78848,81668,78848,79918,8593600,79918,"Brazil","^BVSP"
2020-04-15,79911,80035,77546,78831,9758400,78831,"Brazil","^BVSP"
2020-04-16,78837,80167,77452,77812,9028400,77812,"Brazil","^BVSP"
2020-04-17,77817,79846,77754,78990,8317800,78990,"Brazil","^BVSP"
2020-04-20,78989,80106,76943,78973,8874700,78973,"Brazil","^BVSP"
2020-04-22,78973,81184,78973,80687,9848900,80687,"Brazil","^BVSP"
2020-04-23,80690,81934,78622,79673,10823500,79673,"Brazil","^BVSP"
2020-04-24,79667,79667,72041,75331,16529200,75331,"Brazil","^BVSP"
2020-04-27,75334,78563,75327,78239,10656900,78239,"Brazil","^BVSP"
2020-04-28,78243,81427,78243,81312,12939000,81312,"Brazil","^BVSP"
2020-04-29,81313,83598,81313,83171,11719700,83171,"Brazil","^BVSP"
2020-04-30,83169,83169,80168,80506,11804600,80506,"Brazil","^BVSP"
2020-05-04,80501,80502,77640,78876,8594200,78876,"Brazil","^BVSP"
2020-05-05,78887,81066,78886,79471,9154700,79471,"Brazil","^BVSP"
2020-05-06,79473,79996,78056,79064,9775900,79064,"Brazil","^BVSP"
2020-05-07,79072,80061,78061,78119,13808900,78119,"Brazil","^BVSP"
2020-05-08,78152,80557,78152,80263,10734400,80263,"Brazil","^BVSP"
2020-05-11,80263,80723,78994,79065,9781900,79065,"Brazil","^BVSP"
2020-05-12,79065,80344,77872,77872,10245400,77872,"Brazil","^BVSP"
2020-05-13,77877,78911,77152,77772,11575900,77772,"Brazil","^BVSP"
2020-05-14,77770,79011,75697,79011,13818900,79011,"Brazil","^BVSP"
2020-05-15,79011,79538,77426,77557,11718200,77557,"Brazil","^BVSP"
2020-05-18,77576,81420,77571,81194,11533100,81194,"Brazil","^BVSP"
2020-05-19,81197,82175,80647,80742,10740100,80742,"Brazil","^BVSP"
2020-05-20,80747,82290,80740,81319,9522800,81319,"Brazil","^BVSP"
2020-05-21,81320,83309,81317,83027,11395200,83027,"Brazil","^BVSP"
2020-05-22,83027,83027,81669,82173,9281200,82173,"Brazil","^BVSP"
2020-05-25,82198,85876,82193,85663,8764400,85663,"Brazil","^BVSP"
2020-05-26,85668,87333,85396,85469,12030800,85469,"Brazil","^BVSP"
2020-05-27,85468,87946,85468,87946,11212000,87946,"Brazil","^BVSP"
2020-05-28,87946,88091,86767,86949,10117000,86949,"Brazil","^BVSP"
2020-05-29,86951,87410,85384,87403,16550900,87403,"Brazil","^BVSP"
2020-06-01,87395,89019,86837,88620,9849400,88620,"Brazil","^BVSP"
2020-06-02,88622,91046,88622,91046,11827300,91046,"Brazil","^BVSP"
2020-06-03,91048,93710,91048,93002,15137900,93002,"Brazil","^BVSP"
2020-06-04,92993,94132,92221,93829,11488000,93829,"Brazil","^BVSP"
2020-06-05,93839,97356,93839,94637,13320300,94637,"Brazil","^BVSP"
2020-06-08,94640,97693,94635,97645,11096500,97645,"Brazil","^BVSP"
2020-06-09,97644,97644,95386,96747,11278800,96747,"Brazil","^BVSP"
2020-06-10,96747,97646,94665,94686,11739600,94686,"Brazil","^BVSP"
2020-06-12,94677,94703,90811,92795,12785600,92795,"Brazil","^BVSP"
2020-06-15,92780,93112,90148,92376,13317500,92376,"Brazil","^BVSP"
2020-06-16,92387,95216,92387,93531,12034200,93531,"Brazil","^BVSP"
2020-06-17,93531,96611,93531,95547,11134700,95547,"Brazil","^BVSP"
2020-06-18,95547,97110,94698,96125,10008500,96125,"Brazil","^BVSP"
2020-06-19,96138,97540,95874,96572,13134400,96572,"Brazil","^BVSP"
2020-06-22,96572,96870,94869,95336,8264700,95336,"Brazil","^BVSP"
2020-06-23,95344,97486,95344,95975,9752700,95975,"Brazil","^BVSP"
2020-06-24,95974,95974,93259,94377,9962700,94377,"Brazil","^BVSP"
2020-06-25,94382,96260,94152,95983,8697900,95983,"Brazil","^BVSP"
2020-06-26,95979,95979,93514,93834,8439100,93834,"Brazil","^BVSP"
2020-06-29,93837,95735,93825,95735,8906800,95735,"Brazil","^BVSP"
2020-06-30,95728,96257,94806,95056,10144500,95056,"Brazil","^BVSP"
2020-07-01,95062,96852,95062,96203,10163300,96203,"Brazil","^BVSP"
2020-07-02,96206,97864,96052,96235,10062900,96235,"Brazil","^BVSP"
2020-07-03,96237,96765,95803,96765,5351600,96765,"Brazil","^BVSP"
2020-07-06,96776,99257,96768,98937,9489400,98937,"Brazil","^BVSP"
2020-07-07,98937,98938,97272,97761,8951400,97761,"Brazil","^BVSP"
2020-07-08,97765,99973,97765,99770,9142700,99770,"Brazil","^BVSP"
2020-07-09,99770,100191,98861,99160,0,99160,"Brazil","^BVSP"
2020-07-10,99160,100101,98739,100032,9147200,100032,"Brazil","^BVSP"
2020-07-13,100027,100858,98697,98697,10382300,98697,"Brazil","^BVSP"
2020-07-14,98699,100632,98289,100440,10019400,100440,"Brazil","^BVSP"
2020-07-15,100444,102114,100444,101791,9285600,101791,"Brazil","^BVSP"
2020-07-16,101791,101792,100160,100553,8127100,100553,"Brazil","^BVSP"
2020-07-17,100554,103017,100554,102888,10429400,102888,"Brazil","^BVSP"
2020-07-20,102888,104439,102744,104426,8931800,104426,"Brazil","^BVSP"
2020-07-21,104426,105449,103732,104310,11105800,104310,"Brazil","^BVSP"
2020-07-22,104312,104980,103277,104290,10833700,104290,"Brazil","^BVSP"
2020-07-23,104291,104949,102119,102293,10366600,102293,"Brazil","^BVSP"
2020-07-24,102292,102694,100859,102382,9795200,102382,"Brazil","^BVSP"
2020-07-27,102381,104585,102381,104477,9622400,104477,"Brazil","^BVSP"
2020-07-28,104477,104663,103592,104109,9087100,104109,"Brazil","^BVSP"
2020-07-29,104112,105704,104112,105605,9238300,105605,"Brazil","^BVSP"
2020-07-30,105605,105607,103920,105009,9591700,105009,"Brazil","^BVSP"
2020-07-31,105010,105462,102642,102912,12929300,102912,"Brazil","^BVSP"
2020-08-03,102913,103863,102304,102830,10901000,102830,"Brazil","^BVSP"
2020-08-04,102826,103012,100005,101216,12029800,101216,"Brazil","^BVSP"
2020-08-05,101220,103763,101220,102802,10922100,102802,"Brazil","^BVSP"
2020-08-06,102733,104523,102733,104126,9686600,104126,"Brazil","^BVSP"
2020-08-07,104116,104126,101957,102776,10337100,102776,"Brazil","^BVSP"
2020-08-10,102776,103722,101282,103444,8259500,103444,"Brazil","^BVSP"
2020-08-11,103449,104409,102174,102174,9360900,102174,"Brazil","^BVSP"
2020-08-12,102176,103116,100698,102118,10114200,102118,"Brazil","^BVSP"
2020-08-13,102118,103237,100187,100461,10721300,100461,"Brazil","^BVSP"
2020-08-14,100469,101717,100445,101353,8576300,101353,"Brazil","^BVSP"
2020-08-17,101348,101689,98513,99595,10816200,99595,"Brazil","^BVSP"
2020-08-18,99597,102247,99597,102065,9418700,102065,"Brazil","^BVSP"
2020-08-19,102072,102334,100800,100854,10025800,100854,"Brazil","^BVSP"
2020-08-20,100853,101749,99131,101468,9405000,101468,"Brazil","^BVSP"
2020-08-21,101460,101566,100412,101521,9100200,101521,"Brazil","^BVSP"
2020-08-24,101525,102515,101525,102298,7723000,102298,"Brazil","^BVSP"
2020-08-25,102293,102708,101623,102118,8170900,102118,"Brazil","^BVSP"
2020-08-26,102119,102521,99359,100627,9861200,100627,"Brazil","^BVSP"
2020-08-27,100625,101548,99857,100624,7360600,100624,"Brazil","^BVSP"
2020-08-28,100631,102347,100631,102143,7665700,102143,"Brazil","^BVSP"
2020-08-31,102142,102142,99369,99369,12226100,99369,"Brazil","^BVSP"
2020-09-01,99382,102238,99382,102168,9384700,102168,"Brazil","^BVSP"
2020-09-02,102168,102824,100872,101911,7557900,101911,"Brazil","^BVSP"
2020-09-03,101911,103226,99751,100721,12611000,100721,"Brazil","^BVSP"
2020-09-04,100733,101582,98961,101242,11327400,101242,"Brazil","^BVSP"
2020-09-08,101239,101239,99373,100050,8479000,100050,"Brazil","^BVSP"
2020-09-09,100050,101578,100050,101292,7955600,101292,"Brazil","^BVSP"
2020-09-10,101291,101536,98687,98835,8894600,98835,"Brazil","^BVSP"
2020-09-11,98839,99435,97758,98363,9107900,98363,"Brazil","^BVSP"
2020-09-14,98367,100520,98367,100275,8182100,100275,"Brazil","^BVSP"
2020-09-15,100277,100949,99647,100298,9216700,100298,"Brazil","^BVSP"
2020-09-16,100299,100663,99663,99676,7139400,99676,"Brazil","^BVSP"
2020-09-17,99674,100251,98562,100098,0,100098,"Brazil","^BVSP"
2020-09-18,100098,100102,98045,98290,11370300,98290,"Brazil","^BVSP"
2020-09-21,98283,98283,95820,96991,9738000,96991,"Brazil","^BVSP"
2020-09-22,96995,97684,96390,97294,7281300,97294,"Brazil","^BVSP"
2020-09-23,97294,97389,95728,95735,8830700,95735,"Brazil","^BVSP"
2020-09-24,95735,97955,95653,97012,9331000,97012,"Brazil","^BVSP"
2020-09-25,97011,97012,95632,96999,7351100,96999,"Brazil","^BVSP"
2020-09-28,97005,98314,94371,94666,10508900,94666,"Brazil","^BVSP"
2020-09-29,94665,95505,93408,93580,8737200,93580,"Brazil","^BVSP"
2020-09-30,93586,95340,93584,94603,9454300,94603,"Brazil","^BVSP"
2020-10-01,94604,95486,93599,95479,9243500,95479,"Brazil","^BVSP"
2020-10-02,95475,95996,93897,94016,8584900,94016,"Brazil","^BVSP"
2020-10-05,94019,96414,93984,96089,8616000,96089,"Brazil","^BVSP"
2020-10-06,96091,97405,95211,95615,11299600,95615,"Brazil","^BVSP"
2020-10-07,95616,96380,94881,95526,9829900,95526,"Brazil","^BVSP"
2020-10-08,95530,97938,95530,97920,11163600,97920,"Brazil","^BVSP"
2020-10-09,97924,98642,97161,97483,10810500,97483,"Brazil","^BVSP"
2020-10-13,97483,98998,97336,98503,7867500,98503,"Brazil","^BVSP"
2020-10-14,98502,99571,98501,99334,8891000,99334,"Brazil","^BVSP"
2020-10-15,99328,99486,97778,99054,8335200,99054,"Brazil","^BVSP"
2020-10-16,99054,99172,98309,98309,7840200,98309,"Brazil","^BVSP"
2020-10-19,98310,99917,98310,98658,9929400,98658,"Brazil","^BVSP"
2020-10-20,98664,100722,98664,100540,8796000,100540,"Brazil","^BVSP"
2020-10-21,100541,101586,100149,100552,8661100,100552,"Brazil","^BVSP"
2020-10-22,100553,102020,100457,101918,9556900,101918,"Brazil","^BVSP"
2020-10-23,101918,102218,101188,101260,7561100,101260,"Brazil","^BVSP"
2020-10-26,101260,101784,99762,101017,8070400,101017,"Brazil","^BVSP"
2020-10-27,101017,101660,99414,99606,8672300,99606,"Brazil","^BVSP"
2020-10-28,99598,99598,95369,95369,11051600,95369,"Brazil","^BVSP"
2020-10-29,95368,96688,93387,96582,12704400,96582,"Brazil","^BVSP"
2020-10-30,96579,96579,93559,93952,10643200,93952,"Brazil","^BVSP"
2020-11-03,93968,96250,93968,95587,10191800,95587,"Brazil","^BVSP"
2020-11-04,95992,98296,95987,97811,10704600,97811,"Brazil","^BVSP"
2020-11-05,97873,100922,97872,100774,10455300,100774,"Brazil","^BVSP"
2020-11-06,100751,100928,99837,100799,8382800,100799,"Brazil","^BVSP"
2020-11-09,100954,105147,100954,103913,17410500,103913,"Brazil","^BVSP"
2020-11-10,103516,105758,103453,105351,16665200,105351,"Brazil","^BVSP"
2020-11-11,105067,105462,104143,104532,10841000,104532,"Brazil","^BVSP"
2020-11-12,104810,105019,102034,102175,10860300,102175,"Brazil","^BVSP"
2020-11-13,102509,104707,102509,104512,9772100,104512,"Brazil","^BVSP"
2020-11-16,104729,106518,104729,106430,11724300,106430,"Brazil","^BVSP"
2020-11-17,106430,107810,105847,107229,10311000,107229,"Brazil","^BVSP"
2020-11-18,107246,107467,106217,106483,10337300,106483,"Brazil","^BVSP"
2020-11-19,106117,106973,105545,106517,8555700,106517,"Brazil","^BVSP"
2020-11-23,106050,107495,106050,107379,9686000,107379,"Brazil","^BVSP"
2020-11-24,107378,109956,107361,109786,11934800,109786,"Brazil","^BVSP"
2020-11-25,109786,110596,109315,110133,8564700,110133,"Brazil","^BVSP"
2020-11-26,110133,110245,109418,110227,6166800,110227,"Brazil","^BVSP"
2020-11-27,110229,111603,110161,110575,8790300,110575,"Brazil","^BVSP"
2020-11-30,110598,110934,108829,108888,19300000,108888,"Brazil","^BVSP"
2020-12-01,108897,111840,108897,111335,11324800,111335,"Brazil","^BVSP"
2020-12-02,111402,112315,110579,111814,9814300,111814,"Brazil","^BVSP"
2020-12-03,111874,113377,111874,112919,11474200,112919,"Brazil","^BVSP"
2020-12-04,112294,113864,112294,113682,8892900,113682,"Brazil","^BVSP"
2020-12-07,113751,114531,112629,113625,9633900,113625,"Brazil","^BVSP"
2020-12-08,113590,114381,112820,113571,8810900,113571,"Brazil","^BVSP"
2020-12-09,113799,114020,112567,112722,8431100,112722,"Brazil","^BVSP"
2020-12-10,113002,115262,112732,114992,11803600,114992,"Brazil","^BVSP"
2020-12-11,115128,115527,113949,115323,8372300,115323,"Brazil","^BVSP"
2020-12-14,115137,115740,114431,114975,8190900,114975,"Brazil","^BVSP"
2020-12-15,114613,116390,114613,116146,8195100,116146,"Brazil","^BVSP"
2020-12-16,116149,118178,115496,117947,9808100,117947,"Brazil","^BVSP"
2020-12-17,117864,119027,117856,118157,7701400,118157,"Brazil","^BVSP"
2020-12-18,118395,119370,117639,117679,8636000,117679,"Brazil","^BVSP"
2020-12-21,118021,118021,114730,116016,10347100,116016,"Brazil","^BVSP"
2020-12-22,115825,116903,115648,116348,6947900,116348,"Brazil","^BVSP"
2020-12-23,116636,118311,116636,117857,6483300,117857,"Brazil","^BVSP"
2020-12-28,117806,119213,117805,119051,7171700,119051,"Brazil","^BVSP"
2020-12-29,119130,119861,118750,119475,6769700,119475,"Brazil","^BVSP"
2020-12-30,119410,120150,118919,119306,8235700,119306,"Brazil","^BVSP"
2021-01-04,119024,120354,118062,118558,8741400,118558,"Brazil","^BVSP"
2021-01-05,118835,119790,116756,119223,9257100,119223,"Brazil","^BVSP"
2021-01-06,119377,120924,118917,119851,11638200,119851,"Brazil","^BVSP"
2021-01-07,119103,121983,119101,121956,11774800,121956,"Brazil","^BVSP"
2021-01-08,122387,125324,122386,125077,11085800,125077,"Brazil","^BVSP"
2021-01-11,125075,125075,122506,122807,9537600,122807,"Brazil","^BVSP"
2021-01-12,123255,124584,123227,123998,8949000,123998,"Brazil","^BVSP"
2021-01-13,123996,124032,121016,122040,10291500,122040,"Brazil","^BVSP"
2021-01-14,121947,123896,121947,123481,8974400,123481,"Brazil","^BVSP"
2021-01-15,123472,123472,120374,120502,9387600,120502,"Brazil","^BVSP"
2021-01-18,120351,122586,120351,121242,7223100,121242,"Brazil","^BVSP"
2021-01-19,121250,122120,119257,120673,7886000,120673,"Brazil","^BVSP"
2021-01-20,120645,121449,118740,119708,7947300,119708,"Brazil","^BVSP"
2021-01-21,119628,120243,117785,118443,8573900,118443,"Brazil","^BVSP"
2021-01-22,118318,118318,116109,117172,9373100,117172,"Brazil","^BVSP"
2021-01-26,117381,119167,116109,116464,10681400,116464,"Brazil","^BVSP"
2021-01-27,116463,117840,114887,115882,12380400,115882,"Brazil","^BVSP"
2021-01-28,115882,119314,115734,119314,12065900,119314,"Brazil","^BVSP"
2021-01-29,118880,118880,115299,116007,10965200,116007,"Brazil","^BVSP"
2021-02-01,115093,117862,115093,117365,8716500,117365,"Brazil","^BVSP"
2021-02-02,117520,119805,117519,118234,11625900,118234,"Brazil","^BVSP"
2021-02-03,118235,120210,118234,119725,8704300,119725,"Brazil","^BVSP"
2021-02-04,119728,120560,118918,119261,8100700,119261,"Brazil","^BVSP"
2021-02-05,119261,121117,119261,119925,8208400,119925,"Brazil","^BVSP"
2021-02-08,120239,120844,119140,119516,8619100,119516,"Brazil","^BVSP"
2021-02-09,119696,119975,118246,119429,7913500,119429,"Brazil","^BVSP"
2021-02-10,119472,119738,117970,118430,8644600,118430,"Brazil","^BVSP"
2021-02-11,118440,120283,118440,119235,7567400,119235,"Brazil","^BVSP"
2021-02-12,119300,119763,118163,119116,7655900,119116,"Brazil","^BVSP"
2021-02-17,119421,120573,118880,120391,8326100,120391,"Brazil","^BVSP"
2021-02-18,120361,120845,118515,119140,10720600,119140,"Brazil","^BVSP"
2021-02-19,119199,119250,117867,118748,10402800,118748,"Brazil","^BVSP"
2021-02-22,118388,118388,111650,112668,21768700,112668,"Brazil","^BVSP"
2021-02-23,112676,115380,112667,115227,15174900,115227,"Brazil","^BVSP"
2021-02-24,115229,116208,114668,115668,11399300,115668,"Brazil","^BVSP"
2021-02-25,115668,116506,111764,112256,12466500,112256,"Brazil","^BVSP"
2021-02-26,112260,113466,109827,110035,14618500,110035,"Brazil","^BVSP"
2021-03-01,110036,112445,110036,110335,11239900,110335,"Brazil","^BVSP"
2021-03-02,110328,112428,107319,111540,14823200,111540,"Brazil","^BVSP"
2021-03-03,111529,112398,107466,111184,15144300,111184,"Brazil","^BVSP"
2021-03-04,111191,114433,111163,112690,14221600,112690,"Brazil","^BVSP"
2021-03-05,112690,115504,112504,115202,13254800,115202,"Brazil","^BVSP"
2021-03-08,115202,115202,110268,110612,0,110612,"Brazil","^BVSP"
2021-03-09,110611,112525,109343,111331,12135300,111331,"Brazil","^BVSP"
2021-03-10,111331,112928,109999,112776,12511800,112776,"Brazil","^BVSP"
2021-03-11,112782,115127,112776,114984,12092100,114984,"Brazil","^BVSP"
2021-03-12,114984,114984,113253,114160,8110700,114160,"Brazil","^BVSP"
2021-03-15,114093,114903,113635,114851,8224700,114851,"Brazil","^BVSP"
2021-03-16,114845,114974,113370,114019,78000,114019,"Brazil","^BVSP"
2021-03-17,114018,116736,113428,116549,94300,116549,"Brazil","^BVSP"
2021-03-18,116549,116751,114302,114835,9920100,114835,"Brazil","^BVSP"
2021-03-19,114837,116446,114610,116222,12341800,116222,"Brazil","^BVSP"
2021-03-22,116222,116225,113620,114979,8160600,114979,"Brazil","^BVSP"
2021-03-23,114977,115599,113062,113262,8301500,113262,"Brazil","^BVSP"
2021-03-24,113272,114823,112064,112064,9834000,112064,"Brazil","^BVSP"
2021-03-25,112065,114024,110927,113750,10306500,113750,"Brazil","^BVSP"
2021-03-26,113750,115416,113305,114781,8659500,114781,"Brazil","^BVSP"
2021-03-29,114776,115553,114096,115419,7463300,115419,"Brazil","^BVSP"
2021-03-30,115414,117090,114999,116850,8141600,116850,"Brazil","^BVSP"
2021-03-31,116850,117249,115932,116634,10659200,116634,"Brazil","^BVSP"
2021-04-01,116644,117088,114991,115253,8009200,115253,"Brazil","^BVSP"
2021-04-05,115262,117668,115262,117518,7245100,117518,"Brazil","^BVSP"
2021-04-06,117519,118213,117176,117499,6800800,117499,"Brazil","^BVSP"
2021-04-07,117499,118303,116748,117624,0,117624,"Brazil","^BVSP"
2021-04-08,117624,118850,117486,118313,8778200,118313,"Brazil","^BVSP"
2021-04-09,118313,118643,117336,117670,7739400,117670,"Brazil","^BVSP"
2021-04-12,117661,118812,117661,118812,7000500,118812,"Brazil","^BVSP"
2021-04-13,118809,119529,118041,119297,8977600,119297,"Brazil","^BVSP"
2021-04-14,119298,120871,119298,120295,10076600,120295,"Brazil","^BVSP"
2021-04-15,120290,121409,120084,120701,7948100,120701,"Brazil","^BVSP"
2021-04-16,120701,121333,120199,121114,7945600,121114,"Brazil","^BVSP"
2021-04-19,121116,121974,120682,120934,10028100,120934,"Brazil","^BVSP"
2021-04-20,120925,121354,119841,120062,7811500,120062,"Brazil","^BVSP"
2021-04-22,120064,120995,119203,119371,8598600,119371,"Brazil","^BVSP"
2021-04-23,119372,120815,119372,120530,7615500,120530,"Brazil","^BVSP"
2021-04-26,120534,121393,119860,120595,7095300,120595,"Brazil","^BVSP"
2021-04-27,120595,121012,119003,119388,8362300,119388,"Brazil","^BVSP"
2021-04-28,119392,121276,119392,121053,9081500,121053,"Brazil","^BVSP"
2021-04-29,121053,121498,119703,120066,8500200,120066,"Brazil","^BVSP"
2021-04-30,120064,120125,118894,118894,11093200,118894,"Brazil","^BVSP"
2021-05-03,118951,119904,118528,119209,8888300,119209,"Brazil","^BVSP"
2021-05-04,119209,119293,117631,117712,8765500,117712,"Brazil","^BVSP"
2021-05-05,117725,119734,117725,119564,9059100,119564,"Brazil","^BVSP"
2021-05-06,119577,119966,119071,119921,8779600,119921,"Brazil","^BVSP"
2021-05-07,119922,122038,119922,122038,8865100,122038,"Brazil","^BVSP"
2021-05-10,122038,122772,121795,121909,8219100,121909,"Brazil","^BVSP"
2021-05-11,121904,122964,120145,122964,7988600,122964,"Brazil","^BVSP"
2021-05-12,122964,122964,119458,119710,9405200,119710,"Brazil","^BVSP"
2021-05-13,119711,121426,119711,120706,9356200,120706,"Brazil","^BVSP"
2021-05-14,120719,122195,120719,121881,10136300,121881,"Brazil","^BVSP"
2021-05-17,121880,123074,121680,122938,7408100,122938,"Brazil","^BVSP"
2021-05-18,122937,123544,122550,122980,7840100,122980,"Brazil","^BVSP"
2021-05-19,122976,123013,121595,122636,8825300,122636,"Brazil","^BVSP"
2021-05-20,122636,122734,122136,122701,7906400,122701,"Brazil","^BVSP"
2021-05-21,122701,122799,121760,122592,9493600,122592,"Brazil","^BVSP"
2021-05-24,122592,124167,122526,124032,8186300,124032,"Brazil","^BVSP"
2021-05-25,124032,124696,122701,122988,8914500,122988,"Brazil","^BVSP"
2021-05-26,122988,124256,122988,123989,8258400,123989,"Brazil","^BVSP"
2021-05-27,123989,124537,123470,124367,0,124367,"Brazil","^BVSP"
2021-05-28,124367,125698,124284,125561,8838500,125561,"Brazil","^BVSP"
2021-05-31,125561,126216,125540,126216,5946500,126216,"Brazil","^BVSP"
2021-06-01,126218,128363,126218,128267,12496100,128267,"Brazil","^BVSP"
2021-06-02,128268,129601,128167,129601,12781100,129601,"Brazil","^BVSP"
2021-06-04,129600,130137,129148,130126,9814800,130126,"Brazil","^BVSP"
2021-06-07,130125,131190,129498,130776,9655400,130776,"Brazil","^BVSP"
2021-06-08,130776,130776,129230,129787,10346600,129787,"Brazil","^BVSP"
2021-06-09,129800,130882,129281,129907,9833700,129907,"Brazil","^BVSP"
2021-06-10,129911,130527,129526,130076,8537900,130076,"Brazil","^BVSP"
2021-06-11,130076,130294,128678,129441,7748200,129441,"Brazil","^BVSP"
2021-06-14,129441,131084,129441,130208,8155700,130208,"Brazil","^BVSP"
2021-06-15,130208,130436,129304,130091,7211500,130091,"Brazil","^BVSP"
2021-06-16,130091,130283,128345,129259,12879400,129259,"Brazil","^BVSP"
2021-06-17,129259,129919,127576,128057,9664700,128057,"Brazil","^BVSP"
2021-06-18,128050,128796,127595,128405,12432000,128405,"Brazil","^BVSP"
2021-06-21,128405,129412,128048,129265,7333600,129265,"Brazil","^BVSP"
2021-06-22,129242,129259,127803,128767,9328000,128767,"Brazil","^BVSP"
2021-06-23,128769,129901,128182,128428,7988900,128428,"Brazil","^BVSP"
2021-06-24,128433,129541,128428,129514,7237000,129514,"Brazil","^BVSP"
2021-06-25,129513,129748,126697,127256,9363800,127256,"Brazil","^BVSP"
2021-06-28,127255,128067,126629,127429,8155600,127429,"Brazil","^BVSP"
2021-06-29,127429,127507,126184,127327,7777900,127327,"Brazil","^BVSP"
2021-06-30,127323,127323,126199,126802,9098600,126802,"Brazil","^BVSP"
2021-07-01,126802,127204,124994,125666,9292000,125666,"Brazil","^BVSP"
2021-07-02,125667,127672,125667,127622,7434800,127622,"Brazil","^BVSP"
2021-07-05,127622,127633,126531,126920,5255600,126920,"Brazil","^BVSP"
2021-07-06,126919,126919,124866,125095,7651300,125095,"Brazil","^BVSP"
2021-07-07,125096,127249,125094,127019,8151400,127019,"Brazil","^BVSP"
2021-07-08,127013,127013,124310,125428,8881400,125428,"Brazil","^BVSP"
2021-07-12,125428,127782,125428,127594,7421600,127594,"Brazil","^BVSP"
2021-07-13,127594,128420,126441,128168,7152000,128168,"Brazil","^BVSP"
2021-07-14,128169,129620,128085,128407,0,128407,"Brazil","^BVSP"
2021-07-15,128407,128976,126922,127468,7418600,127468,"Brazil","^BVSP"
2021-07-16,127468,128010,125808,125960,7355800,125960,"Brazil","^BVSP"
2021-07-19,125958,125958,123317,124395,9210200,124395,"Brazil","^BVSP"
2021-07-20,124395,125631,123631,125401,7627500,125401,"Brazil","^BVSP"
2021-07-21,125404,126112,125247,125929,7148900,125929,"Brazil","^BVSP"
2021-07-22,125930,126428,125416,126147,6480400,126147,"Brazil","^BVSP"
2021-07-23,126140,126204,124422,125053,6051800,125053,"Brazil","^BVSP"
2021-07-26,125058,126214,125006,126004,6325500,126004,"Brazil","^BVSP"
2021-07-27,126004,126026,123670,124612,7313800,124612,"Brazil","^BVSP"
2021-07-28,124615,126712,124542,126286,9038200,126286,"Brazil","^BVSP"
2021-07-29,126285,126476,124917,125675,7488400,125675,"Brazil","^BVSP"
2021-07-30,125672,125673,121748,121801,9399200,121801,"Brazil","^BVSP"
2021-08-02,121803,124536,121797,122516,8565400,122516,"Brazil","^BVSP"
2021-08-03,122516,123765,120807,123577,9391300,123577,"Brazil","^BVSP"
2021-08-04,123577,123587,121072,121801,9164200,121801,"Brazil","^BVSP"
2021-08-05,121801,123541,121128,121633,10913000,121633,"Brazil","^BVSP"
2021-08-06,121633,123287,121568,122810,7499200,122810,"Brazil","^BVSP"
2021-08-09,122809,123597,122258,123019,7171500,123019,"Brazil","^BVSP"
2021-08-10,123021,123513,122061,122202,8297600,122202,"Brazil","^BVSP"
2021-08-11,122203,122756,120827,122056,8685200,122056,"Brazil","^BVSP"
2021-08-12,122056,122095,120534,120701,11066000,120701,"Brazil","^BVSP"
2021-08-13,120701,121275,120045,121194,10642200,121194,"Brazil","^BVSP"
2021-08-16,121191,121191,118684,119180,9741700,119180,"Brazil","^BVSP"
2021-08-17,119179,119179,116248,117904,11218200,117904,"Brazil","^BVSP"
2021-08-18,117904,118739,116489,116643,11745800,116643,"Brazil","^BVSP"
2021-08-19,116641,117453,114801,117165,10525900,117165,"Brazil","^BVSP"
2021-08-20,117163,118308,116040,118053,8929300,118053,"Brazil","^BVSP"
2021-08-23,118053,118445,117062,117472,7853000,117472,"Brazil","^BVSP"
2021-08-24,117474,120463,117474,120211,9181000,120211,"Brazil","^BVSP"
2021-08-25,120210,120818,119226,120818,7520100,120818,"Brazil","^BVSP"
2021-08-26,120817,120833,118719,118724,8426900,118724,"Brazil","^BVSP"
2021-08-27,118725,120678,118721,120678,7323600,120678,"Brazil","^BVSP"
2021-08-30,120677,120684,119354,119740,6391900,119740,"Brazil","^BVSP"
2021-08-31,119738,120157,117911,118781,11535600,118781,"Brazil","^BVSP"
2021-09-01,118793,119942,118067,119396,9523000,119396,"Brazil","^BVSP"
2021-09-02,119394,119397,116534,116677,9862800,116677,"Brazil","^BVSP"
2021-09-03,116679,117396,115583,116933,12517500,116933,"Brazil","^BVSP"
2021-09-06,116926,117981,116156,117869,5111300,117869,"Brazil","^BVSP"
2021-09-08,117866,117866,113172,113413,12254400,113413,"Brazil","^BVSP"
2021-09-09,113413,116354,112435,115361,13890600,115361,"Brazil","^BVSP"
2021-09-10,115370,116896,114286,114286,11155700,114286,"Brazil","^BVSP"
2021-09-13,114300,117046,114300,116404,9253400,116404,"Brazil","^BVSP"
2021-09-14,116405,117270,115809,116181,9034100,116181,"Brazil","^BVSP"
2021-09-15,116191,116312,114741,115063,9456800,115063,"Brazil","^BVSP"
2021-09-16,115062,115062,113395,113794,10685500,113794,"Brazil","^BVSP"
2021-09-17,113794,113794,111157,111439,14827600,111439,"Brazil","^BVSP"
2021-09-20,111435,111435,107520,108844,11500200,108844,"Brazil","^BVSP"
2021-09-21,108859,110923,108859,110250,11247700,110250,"Brazil","^BVSP"
2021-09-22,110252,113321,110251,112282,12158600,112282,"Brazil","^BVSP"
2021-09-23,112282,114330,112281,114064,11476300,114064,"Brazil","^BVSP"
2021-09-24,114062,114062,112505,113283,9121200,113283,"Brazil","^BVSP"
2021-09-27,113283,114432,112360,113583,10739700,113583,"Brazil","^BVSP"
2021-09-28,113584,113584,109981,110124,13190800,110124,"Brazil","^BVSP"
2021-09-29,110125,112028,110125,111107,11372600,111107,"Brazil","^BVSP"
2021-09-30,111117,112371,110743,110979,13160600,110979,"Brazil","^BVSP"
2021-10-01,110980,113020,110980,112900,10779100,112900,"Brazil","^BVSP"
2021-10-04,112900,112900,109979,110393,11814200,110393,"Brazil","^BVSP"
2021-10-05,110397,111691,110087,110458,10379000,110458,"Brazil","^BVSP"
2021-10-06,110454,110614,108180,110560,13279200,110560,"Brazil","^BVSP"
2021-10-07,110563,111522,110563,110585,10646000,110585,"Brazil","^BVSP"
2021-10-08,110586,114172,110586,112833,12871400,112833,"Brazil","^BVSP"
2021-10-11,112834,113982,112052,112180,10283700,112180,"Brazil","^BVSP"
2021-10-13,112180,114159,111807,113456,11732700,113456,"Brazil","^BVSP"
2021-10-14,113457,113881,112708,113185,8956200,113185,"Brazil","^BVSP"
2021-10-15,113189,114776,113049,114648,11174900,114648,"Brazil","^BVSP"
2021-10-18,114647,114927,112841,114428,11201300,114428,"Brazil","^BVSP"
2021-10-19,114422,114422,109947,110673,14129200,110673,"Brazil","^BVSP"
2021-10-20,110677,112023,110176,110786,11735800,110786,"Brazil","^BVSP"
2021-10-21,110767,110767,105714,107735,16507700,107735,"Brazil","^BVSP"
2021-10-22,107714,107749,102854,106296,21165700,106296,"Brazil","^BVSP"
2021-10-25,106298,109372,106296,108715,11512100,108715,"Brazil","^BVSP"
2021-10-26,108713,108713,106321,106420,10762200,106420,"Brazil","^BVSP"
2021-10-27,106433,108224,106045,106363,10831300,106363,"Brazil","^BVSP"
2021-10-28,106369,107210,105282,105705,11502900,105705,"Brazil","^BVSP"
2021-10-29,105707,105954,103430,103501,12595800,103501,"Brazil","^BVSP"
2021-11-01,103514,106136,103514,105551,10734800,105551,"Brazil","^BVSP"
2021-11-03,105547,106754,104205,105617,14696900,105617,"Brazil","^BVSP"
2021-11-04,105617,105627,102835,103412,12084000,103412,"Brazil","^BVSP"
2021-11-05,103412,105555,103412,104824,12595000,104824,"Brazil","^BVSP"
2021-11-08,104824,105679,104182,104781,9358000,104781,"Brazil","^BVSP"
2021-11-09,104783,106674,104783,105535,11021200,105535,"Brazil","^BVSP"
2021-11-10,105535,107407,105140,105968,12277400,105968,"Brazil","^BVSP"
2021-11-11,105988,108669,105988,107725,12661400,107725,"Brazil","^BVSP"
2021-11-12,107576,107915,105842,106312,13248100,106312,"Brazil","^BVSP"
2021-11-16,106336,106971,104113,104508,11579400,104508,"Brazil","^BVSP"
2021-11-17,104405,105535,102551,102945,12832200,102945,"Brazil","^BVSP"
2021-11-18,102948,103757,102014,102524,10905700,102524,"Brazil","^BVSP"
2021-11-19,102426,103975,102143,103035,11101500,103035,"Brazil","^BVSP"
2021-11-22,103036,104613,102122,102122,10410000,102122,"Brazil","^BVSP"
2021-11-23,102124,103692,101736,103663,13032400,103663,"Brazil","^BVSP"
2021-11-24,103652,105041,102464,104514,10466600,104514,"Brazil","^BVSP"
2021-11-25,104514,106400,104514,105811,7890400,105811,"Brazil","^BVSP"
2021-11-26,105810,105810,101495,102224,10969100,102224,"Brazil","^BVSP"
2021-11-29,102227,104149,102226,102814,10283300,102814,"Brazil","^BVSP"
2021-11-30,102814,103066,100075,101915,18195100,101915,"Brazil","^BVSP"
2021-12-01,101916,104087,100727,100775,13762900,100775,"Brazil","^BVSP"
2021-12-02,100785,104466,100785,104466,14846500,104466,"Brazil","^BVSP"
2021-12-03,104467,106814,104090,105070,14581500,105070,"Brazil","^BVSP"
2021-12-06,105070,107498,105070,106859,11127500,106859,"Brazil","^BVSP"
2021-12-07,106868,108655,106868,107558,11773100,107558,"Brazil","^BVSP"
2021-12-08,107558,108521,107309,108096,13166800,108096,"Brazil","^BVSP"
2021-12-09,106573,106754,105890,106291,11082900,106291,"Brazil","^BVSP"
2021-12-10,106296,108275,106296,107758,10466000,107758,"Brazil","^BVSP"
2021-12-13,107758,109493,107383,107383,12512300,107383,"Brazil","^BVSP"
2021-12-14,107387,109148,106445,106760,11604300,106760,"Brazil","^BVSP"
2021-12-15,106763,107603,105697,107370,12663100,107370,"Brazil","^BVSP"
2021-12-16,107433,109034,107433,108212,13754600,108212,"Brazil","^BVSP"
2021-12-17,108324,108324,106518,107201,14934300,107201,"Brazil","^BVSP"
2021-12-20,107171,107171,104358,105020,10570000,105020,"Brazil","^BVSP"
2021-12-21,105020,105906,105020,105500,9041600,105500,"Brazil","^BVSP"
2021-12-22,105499,105711,104386,105244,8052900,105244,"Brazil","^BVSP"
2021-12-23,105251,105453,104637,104891,7283600,104891,"Brazil","^BVSP"
2021-12-27,104892,105694,104798,105531,7594900,105531,"Brazil","^BVSP"
2021-12-28,105555,105652,104503,104864,7509000,104864,"Brazil","^BVSP"
2021-12-29,104863,105190,103851,104107,6590000,104107,"Brazil","^BVSP"
2021-12-30,104106,105269,104106,104822,11138100,104822,"Brazil","^BVSP"
2022-01-03,104823,106125,103413,103922,11128500,103922,"Brazil","^BVSP"
2022-01-04,103922,104276,103096,103514,11491600,103514,"Brazil","^BVSP"
2022-01-05,103514,103514,100850,101006,0,101006,"Brazil","^BVSP"
2022-01-06,101006,102235,101000,101561,11749200,101561,"Brazil","^BVSP"
2022-01-07,101561,102719,101104,102719,11733200,102719,"Brazil","^BVSP"
2022-01-10,102719,102719,101038,101945,10264700,101945,"Brazil","^BVSP"
2022-01-11,101946,103780,101918,103779,12421500,103779,"Brazil","^BVSP"
2022-01-12,103779,105869,103771,105686,13026500,105686,"Brazil","^BVSP"
2022-01-13,105686,106251,104974,105530,11712300,105530,"Brazil","^BVSP"
2022-01-14,105530,107062,105028,106928,11457100,106928,"Brazil","^BVSP"
2022-01-17,106927,106928,106097,106692,6924200,106692,"Brazil","^BVSP"
2022-01-18,106369,107013,105786,106522,11221900,106522,"Brazil","^BVSP"
2022-01-19,106670,108602,106669,108013,12595600,108013,"Brazil","^BVSP"
2022-01-20,108015,109873,108015,109102,13630500,109102,"Brazil","^BVSP"
2022-01-21,109097,109786,108368,108942,13408400,108942,"Brazil","^BVSP"
2022-01-24,108941,108948,106624,107752,12700800,107752,"Brazil","^BVSP"
2022-01-25,107935,110115,107185,109845,13713900,109845,"Brazil","^BVSP"
2022-01-26,110207,112695,110204,111573,15513800,111573,"Brazil","^BVSP"
2022-01-27,111303,113057,111303,112315,14812000,112315,"Brazil","^BVSP"
2022-01-28,112611,112969,111407,111478,13520100,111478,"Brazil","^BVSP"
2022-01-31,111910,112495,111195,112388,12190800,112388,"Brazil","^BVSP"
2022-02-01,112143,113302,112135,113147,11133300,113147,"Brazil","^BVSP"
2022-02-02,113228,113666,111645,112161,11751200,112161,"Brazil","^BVSP"
2022-02-03,111897,112502,111225,111696,11039700,111696,"Brazil","^BVSP"
2022-02-04,111696,112415,110321,112245,0,112245,"Brazil","^BVSP"
2022-02-07,112247,112517,111490,111996,10672800,111996,"Brazil","^BVSP"
2022-02-08,111995,112251,110943,112234,10157500,112234,"Brazil","^BVSP"
2022-02-09,112233,113163,111710,112461,13794500,112461,"Brazil","^BVSP"
2022-02-10,112462,113812,112163,113359,13267900,113359,"Brazil","^BVSP"
2022-02-11,113368,114899,113128,113572,18602800,113572,"Brazil","^BVSP"
2022-02-14,113643,114167,113358,113807,10757600,113807,"Brazil","^BVSP"
2022-02-15,113905,114819,113882,114660,11649600,114660,"Brazil","^BVSP"
2022-02-16,114830,115734,114816,115181,12052100,115181,"Brazil","^BVSP"
2022-02-17,115181,115214,113389,113528,10807500,113528,"Brazil","^BVSP"
2022-02-18,113534,114213,112701,112768,11300700,112768,"Brazil","^BVSP"
2022-02-21,112880,113405,111608,111725,7864900,111725,"Brazil","^BVSP"
2022-02-22,111727,113315,111727,112892,12707000,112892,"Brazil","^BVSP"
2022-02-23,112892,113721,111748,112008,12120600,112008,"Brazil","^BVSP"
2022-02-24,112001,112001,109125,111592,16794700,111592,"Brazil","^BVSP"
2022-02-25,111591,113142,110673,113142,17555700,113142,"Brazil","^BVSP"
2022-03-02,113143,115429,113143,115174,0,115174,"Brazil","^BVSP"
2022-03-03,115173,115948,115010,115166,12123000,115166,"Brazil","^BVSP"
2022-03-04,115166,115166,113389,114474,10715700,114474,"Brazil","^BVSP"
2022-03-07,114469,114529,111140,111593,14057700,111593,"Brazil","^BVSP"
2022-03-08,111594,112390,110969,111203,15698500,111203,"Brazil","^BVSP"
2022-03-09,111210,114051,111207,113900,14705400,113900,"Brazil","^BVSP"
2022-03-10,113900,113939,111889,113663,12984000,113663,"Brazil","^BVSP"
2022-03-11,113664,114627,111332,111713,12475800,111713,"Brazil","^BVSP"
2022-03-14,111716,112299,109717,109928,10480900,109928,"Brazil","^BVSP"
2022-03-15,109925,109925,107781,108959,13653800,108959,"Brazil","^BVSP"
2022-03-16,108958,111183,108958,111112,13205200,111112,"Brazil","^BVSP"
2022-03-17,111113,113088,111070,113076,14407500,113076,"Brazil","^BVSP"
2022-03-18,113076,115311,112475,115311,19552500,115311,"Brazil","^BVSP"
2022-03-21,115307,116360,115208,116155,10378700,116155,"Brazil","^BVSP"
2022-03-22,116157,117541,116157,117272,11382700,117272,"Brazil","^BVSP"
2022-03-23,117270,118270,117036,117457,11083700,117457,"Brazil","^BVSP"
2022-03-24,117460,119256,117151,119053,13474400,119053,"Brazil","^BVSP"
2022-03-25,119062,119729,118548,119081,13814500,119081,"Brazil","^BVSP"
2022-03-28,119082,119444,118061,118738,9167700,118738,"Brazil","^BVSP"
2022-03-29,118740,120900,118740,120014,12931900,120014,"Brazil","^BVSP"
2022-03-30,120013,120531,119775,120260,10893300,120260,"Brazil","^BVSP"
2022-03-31,120261,120880,119999,119999,11202100,119999,"Brazil","^BVSP"
2022-04-01,120001,121579,120001,121570,13780900,121570,"Brazil","^BVSP"
2022-04-04,121569,121570,120754,121280,8812500,121280,"Brazil","^BVSP"
2022-04-05,121279,121628,118794,118885,11788300,118885,"Brazil","^BVSP"
2022-04-06,118885,118885,116791,118228,13410800,118228,"Brazil","^BVSP"
2022-04-07,118226,119247,117509,118862,11520100,118862,"Brazil","^BVSP"
2022-04-08,118861,118868,117487,118322,11225800,118322,"Brazil","^BVSP"
2022-04-11,118320,118320,116953,116953,9558400,116953,"Brazil","^BVSP"
2022-04-12,116963,118615,116054,116147,11406800,116147,"Brazil","^BVSP"
2022-04-13,116150,117329,116150,116782,12070500,116782,"Brazil","^BVSP"
2022-04-14,116781,116781,115624,116182,10365400,116182,"Brazil","^BVSP"
2022-04-18,116182,116191,115177,115687,8404900,115687,"Brazil","^BVSP"
2022-04-19,115687,115687,114277,115057,0,115057,"Brazil","^BVSP"
2022-04-20,115057,115057,113945,114344,10747700,114344,"Brazil","^BVSP"
2022-04-22,114343,114343,110591,111078,10877300,111078,"Brazil","^BVSP"
2022-04-25,111077,111155,109222,110685,11098300,110685,"Brazil","^BVSP"
2022-04-26,110684,110685,107978,108213,11747500,108213,"Brazil","^BVSP"
2022-04-27,108214,110107,108214,109349,11515700,109349,"Brazil","^BVSP"
2022-04-28,109349,110702,108905,109919,11129900,109919,"Brazil","^BVSP"
2022-04-29,109922,111819,107876,107876,13662200,107876,"Brazil","^BVSP"
2022-05-02,107876,107884,105218,106639,11935100,106639,"Brazil","^BVSP"
2022-05-03,106640,107127,106033,106528,9935500,106528,"Brazil","^BVSP"
2022-05-04,106529,108382,104933,108344,14558600,108344,"Brazil","^BVSP"
2022-05-05,108337,108337,103923,105304,13826200,105304,"Brazil","^BVSP"
2022-05-06,105303,106268,103984,105135,14137700,105135,"Brazil","^BVSP"
2022-05-09,105109,105109,102768,103250,13196700,103250,"Brazil","^BVSP"
2022-05-10,103251,104286,102386,103110,13507400,103110,"Brazil","^BVSP"
2022-05-11,103110,105374,103008,104397,13425100,104397,"Brazil","^BVSP"
2022-05-12,104395,105708,103579,105688,13995600,105688,"Brazil","^BVSP"
2022-05-13,105691,107773,105691,106924,12369300,106924,"Brazil","^BVSP"
2022-05-16,108685,108685,108199,108233,10596900,108233,"Brazil","^BVSP"
2022-05-17,108246,109774,108245,108789,16503400,108789,"Brazil","^BVSP"
2022-05-18,107903,108096,106038,106247,14752800,106247,"Brazil","^BVSP"
2022-05-19,106249,107420,105760,107005,11426400,107005,"Brazil","^BVSP"
2022-05-20,108520,108795,107351,108488,12866400,108488,"Brazil","^BVSP"
2022-05-23,108500,110680,108500,110346,10682700,110346,"Brazil","^BVSP"
2022-05-24,110340,110635,108399,110581,11724400,110581,"Brazil","^BVSP"
2022-05-25,110085,111006,109699,110580,10737700,110580,"Brazil","^BVSP"
2022-05-26,110577,112102,110388,111890,13077400,111890,"Brazil","^BVSP"
2022-05-27,111890,112441,111558,111942,9979300,111942,"Brazil","^BVSP"
2022-05-30,111944,112690,110655,111032,7284500,111032,"Brazil","^BVSP"
2022-05-31,111036,111903,110685,111351,15809400,111351,"Brazil","^BVSP"
2022-06-01,111351,111931,110822,111360,9790200,111360,"Brazil","^BVSP"
2022-06-02,111363,112709,111218,112393,10051100,112393,"Brazil","^BVSP"
2022-06-03,112392,112392,110935,111102,8757500,111102,"Brazil","^BVSP"
2022-06-06,111102,111935,110015,110186,8212400,110186,"Brazil","^BVSP"
2022-06-07,110185,110435,109394,110070,9466200,110070,"Brazil","^BVSP"
2022-06-08,110067,110142,108045,108368,10379900,108368,"Brazil","^BVSP"
2022-06-09,108367,108510,107068,107094,11955500,107094,"Brazil","^BVSP"
2022-06-10,107091,107092,104648,105481,12840500,105481,"Brazil","^BVSP"
2022-06-13,105476,105478,101700,102598,13837900,102598,"Brazil","^BVSP"
2022-06-14,102598,103328,101325,102063,11563200,102063,"Brazil","^BVSP"
2022-06-15,102068,103952,102046,102807,16023500,102807,"Brazil","^BVSP"
2022-06-17,102800,102801,98402,99825,18927300,99825,"Brazil","^BVSP"
2022-06-20,99824,100481,98409,99853,10900800,99853,"Brazil","^BVSP"
2022-06-21,99854,101069,99167,99685,11072300,99685,"Brazil","^BVSP"
2022-06-22,99678,100374,98050,99522,11675100,99522,"Brazil","^BVSP"
2022-06-23,99523,100232,97775,98080,12397700,98080,"Brazil","^BVSP"
2022-06-24,98081,99313,98031,98672,10345200,98672,"Brazil","^BVSP"
2022-06-27,98673,101106,98672,100764,9895900,100764,"Brazil","^BVSP"
2022-06-28,100766,102237,99956,100591,10493900,100591,"Brazil","^BVSP"
2022-06-29,100592,101313,99218,99622,10448100,99622,"Brazil","^BVSP"
2022-06-30,99619,99619,97758,98542,14588800,98542,"Brazil","^BVSP"
2022-07-01,98542,99340,97231,98954,11609800,98954,"Brazil","^BVSP"
2022-07-04,98952,99353,98264,98609,6279300,98609,"Brazil","^BVSP"
2022-07-05,98608,98608,96499,98295,13358800,98295,"Brazil","^BVSP"
2022-07-06,98294,99141,97423,98719,13348200,98719,"Brazil","^BVSP"
2022-07-07,98722,101420,98722,100730,12696300,100730,"Brazil","^BVSP"
2022-07-08,100732,101577,99958,100289,9730400,100289,"Brazil","^BVSP"
2022-07-11,100282,100282,97854,98212,8893400,98212,"Brazil","^BVSP"
2022-07-12,98212,98737,97253,98271,12566300,98271,"Brazil","^BVSP"
2022-07-13,98258,98928,97403,97881,12208100,97881,"Brazil","^BVSP"
2022-07-14,97879,97879,95431,96121,12579000,96121,"Brazil","^BVSP"
2022-07-15,96119,96971,95267,96551,11347600,96551,"Brazil","^BVSP"
2022-07-18,96553,98291,96553,96916,10738200,96916,"Brazil","^BVSP"
2022-07-19,96920,98346,96917,98245,10295900,98245,"Brazil","^BVSP"
2022-07-20,98244,98366,97277,98287,12941700,98287,"Brazil","^BVSP"
2022-07-21,98286,99057,97088,99033,10060000,99033,"Brazil","^BVSP"
2022-07-22,99034,99724,98321,98925,10033500,98925,"Brazil","^BVSP"
2022-07-25,98926,100508,98925,100270,8621800,100270,"Brazil","^BVSP"
2022-07-26,100270,100753,99365,99772,9136600,99772,"Brazil","^BVSP"
2022-07-27,99773,101471,99772,101438,10263100,101438,"Brazil","^BVSP"
2022-07-28,101437,102686,101045,102597,11130000,102597,"Brazil","^BVSP"
2022-07-29,102597,103989,102514,103165,12934200,103165,"Brazil","^BVSP"
2022-08-01,103165,103317,101764,102225,11626700,102225,"Brazil","^BVSP"
2022-08-02,102225,103660,101694,103362,10124500,103362,"Brazil","^BVSP"
2022-08-03,103362,103878,102822,103775,12379600,103775,"Brazil","^BVSP"
2022-08-04,103777,106162,103777,105892,15499000,105892,"Brazil","^BVSP"
2022-08-05,105893,107176,105518,106472,12947500,106472,"Brazil","^BVSP"
2022-08-08,106473,108489,106473,108402,12674600,108402,"Brazil","^BVSP"
2022-08-09,108403,109331,107842,108651,12147900,108651,"Brazil","^BVSP"
2022-08-10,108658,110362,108657,110236,13376200,110236,"Brazil","^BVSP"
2022-08-11,110236,111310,109604,109718,14944800,109718,"Brazil","^BVSP"
2022-08-12,109718,112764,109718,112764,18704900,112764,"Brazil","^BVSP"
2022-08-15,112767,113214,111067,113032,15552900,113032,"Brazil","^BVSP"
2022-08-16,113034,113626,112690,113512,12986400,113512,"Brazil","^BVSP"
2022-08-17,113508,114146,112483,113708,14652800,113708,"Brazil","^BVSP"
2022-08-18,113708,114375,113304,113813,10644200,113813,"Brazil","^BVSP"
2022-08-19,113807,113807,111146,111496,12678600,111496,"Brazil","^BVSP"
2022-08-22,111487,111487,109858,110501,11010900,110501,"Brazil","^BVSP"
2022-08-23,110504,112965,110503,112857,11892000,112857,"Brazil","^BVSP"
2022-08-24,112856,113888,112632,112898,13758600,112898,"Brazil","^BVSP"
2022-08-25,112898,114156,112768,113532,11838500,113532,"Brazil","^BVSP"
2022-08-26,113533,114091,111978,112299,11159700,112299,"Brazil","^BVSP"
2022-08-29,112296,113222,111689,112323,9795800,112323,"Brazil","^BVSP"
2022-08-30,112323,112869,110103,110431,11937900,110431,"Brazil","^BVSP"
2022-08-31,110431,111364,109523,109523,14791100,109523,"Brazil","^BVSP"
2022-09-01,109524,110405,108217,110405,14478000,110405,"Brazil","^BVSP"
2022-09-02,110409,112264,110409,110864,16691800,110864,"Brazil","^BVSP"
2022-09-05,110868,112671,110865,112203,9515500,112203,"Brazil","^BVSP"
2022-09-06,112203,112203,109348,109764,14296100,109764,"Brazil","^BVSP"
2022-09-08,109771,110768,108619,109916,13759500,109916,"Brazil","^BVSP"
2022-09-09,109922,112540,109922,112300,12155200,112300,"Brazil","^BVSP"
2022-09-12,112307,114160,112305,113407,11707100,113407,"Brazil","^BVSP"
2022-09-13,113398,113400,110522,110794,12612500,110794,"Brazil","^BVSP"
2022-09-14,110794,111504,110118,110547,11630900,110547,"Brazil","^BVSP"
2022-09-15,110547,111100,109524,109954,11622500,109954,"Brazil","^BVSP"
2022-09-16,109951,109952,108489,109280,18843300,109280,"Brazil","^BVSP"
2022-09-19,109283,111976,108508,111824,12594800,111824,"Brazil","^BVSP"
2022-09-20,111824,112544,111393,112517,12570300,112517,"Brazil","^BVSP"
2022-09-21,112517,113294,111380,111936,14726800,111936,"Brazil","^BVSP"
2022-09-22,111942,114392,111819,114070,15684400,114070,"Brazil","^BVSP"
2022-09-23,112258,112457,110732,111716,13542300,111716,"Brazil","^BVSP"
2022-09-26,111713,111713,109022,109114,13127000,109114,"Brazil","^BVSP"
2022-09-27,109122,110161,108120,108376,14517500,108376,"Brazil","^BVSP"
2022-09-28,108377,108970,107914,108451,13540500,108451,"Brazil","^BVSP"
2022-09-29,108449,108449,106244,107664,14588500,107664,"Brazil","^BVSP"
2022-09-30,107664,110502,107315,110037,16536300,110037,"Brazil","^BVSP"
2022-10-03,110048,116134,110048,116134,20982900,116134,"Brazil","^BVSP"
2022-10-04,116704,118280,115837,116230,16078700,116230,"Brazil","^BVSP"
2022-10-05,116231,117514,115906,117198,13555200,117198,"Brazil","^BVSP"
2022-10-06,117200,118382,117144,117561,14520500,117561,"Brazil","^BVSP"
2022-10-07,117560,117960,115924,116375,13616500,116375,"Brazil","^BVSP"
2022-10-10,116377,116841,115261,115941,11429900,115941,"Brazil","^BVSP"
2022-10-11,115928,115928,114297,114827,13137900,114827,"Brazil","^BVSP"
2022-10-13,114819,115367,112690,114300,14583700,114300,"Brazil","^BVSP"
2022-10-14,114301,114712,111631,112072,13096100,112072,"Brazil","^BVSP"
2022-10-17,112107,114406,112090,113624,11633000,113624,"Brazil","^BVSP"
2022-10-18,113627,115795,113627,115743,14744200,115743,"Brazil","^BVSP"
2022-10-19,115744,116459,115264,116274,12729900,116274,"Brazil","^BVSP"
2022-10-20,116276,117367,116276,117171,16915800,117171,"Brazil","^BVSP"
2022-10-21,117170,120752,116736,119929,18579800,119929,"Brazil","^BVSP"
2022-10-24,119922,119924,115793,116013,13278800,116013,"Brazil","^BVSP"
2022-10-25,116016,116203,114626,114626,14727200,114626,"Brazil","^BVSP"
2022-10-26,114626,114626,112577,112764,16088200,112764,"Brazil","^BVSP"
2022-10-27,112766,116236,112765,114641,15530800,114641,"Brazil","^BVSP"
2022-10-28,114636,114712,113336,114539,14392400,114539,"Brazil","^BVSP"
2022-10-31,114533,116763,112113,116037,21637900,116037,"Brazil","^BVSP"
2022-11-01,116037,118261,115547,116929,17969700,116929,"Brazil","^BVSP"
2022-11-03,116927,117373,114485,116896,15634600,116896,"Brazil","^BVSP"
2022-11-04,116907,120039,116904,118155,16209500,118155,"Brazil","^BVSP"
2022-11-07,118148,118240,115266,115342,15221900,115342,"Brazil","^BVSP"
2022-11-08,115340,117072,114688,116160,14239800,116160,"Brazil","^BVSP"
2022-11-09,116153,116183,113110,113580,20531600,113580,"Brazil","^BVSP"
2022-11-10,113579,113579,108516,109775,26029300,109775,"Brazil","^BVSP"
2022-11-11,109775,113010,109408,112253,25038700,112253,"Brazil","^BVSP"
2022-11-14,112256,114322,111930,113161,15080400,113161,"Brazil","^BVSP"
2022-11-16,113166,113473,109512,110243,18351000,110243,"Brazil","^BVSP"
2022-11-17,110241,110242,107245,109703,23119600,109703,"Brazil","^BVSP"
2022-11-18,109706,111585,108512,108880,18769100,108880,"Brazil","^BVSP"
2022-11-21,108868,110235,107957,109748,16651600,109748,"Brazil","^BVSP"
2022-11-22,109750,110224,107867,109037,15056500,109037,"Brazil","^BVSP"
2022-11-23,109036,109285,107902,108683,13198400,108683,"Brazil","^BVSP"
2022-11-24,108846,112612,108846,111831,10296900,111831,"Brazil","^BVSP"
2022-11-25,111831,112025,108552,108977,12309100,108977,"Brazil","^BVSP"
2022-11-28,108977,109476,108378,108782,11492600,108782,"Brazil","^BVSP"
2022-11-29,108784,112187,108784,110910,14721700,110910,"Brazil","^BVSP"
2022-11-30,110910,112486,110202,112486,19703200,112486,"Brazil","^BVSP"
2022-12-01,112479,112479,110548,110926,15193700,110926,"Brazil","^BVSP"
2022-12-02,110926,113761,109963,111924,15982000,111924,"Brazil","^BVSP"
2022-12-05,111922,112150,109270,109401,12308400,109401,"Brazil","^BVSP"
2022-12-06,109403,110663,109217,109533,13437500,109533,"Brazil","^BVSP"
2022-12-07,110188,110247,108612,109361,13825300,109361,"Brazil","^BVSP"
2022-12-08,109068,109286,106906,107245,14921000,107245,"Brazil","^BVSP"
2022-12-09,107250,108566,107089,107689,10676300,107689,"Brazil","^BVSP"
2022-12-12,107518,107561,103877,105264,15481900,105264,"Brazil","^BVSP"
2022-12-13,105345,106689,103409,103892,17702200,103892,"Brazil","^BVSP"
2022-12-14,103536,104516,101632,103803,24923500,103803,"Brazil","^BVSP"
2022-12-15,103739,105483,103014,103738,15568200,103738,"Brazil","^BVSP"
2022-12-16,103737,104018,102248,102825,18255000,102825,"Brazil","^BVSP"
2022-12-19,102859,105107,102770,104530,16773400,104530,"Brazil","^BVSP"
2022-12-20,104740,107792,104607,106979,19125600,106979,"Brazil","^BVSP"
2022-12-21,106866,107991,106066,107313,17634900,107313,"Brazil","^BVSP"
2022-12-22,107436,108383,106510,107317,11494600,107317,"Brazil","^BVSP"
2022-12-23,107552,109994,107552,109698,12847100,109698,"Brazil","^BVSP"
2022-12-26,109699,109755,108309,108738,5219500,108738,"Brazil","^BVSP"
2022-12-27,108739,109353,107418,108347,11158100,108347,"Brazil","^BVSP"
2022-12-28,108578,110536,108578,110237,11193900,110237,"Brazil","^BVSP"
2022-12-29,110237,111178,109560,110031,13389100,110031,"Brazil","^BVSP"
2023-01-02,109734,109734,105981,106376,8130500,106376,"Brazil","^BVSP"
2023-01-03,106377,106684,103852,104166,14466700,104166,"Brazil","^BVSP"
2023-01-04,104167,105627,103915,105334,14451200,105334,"Brazil","^BVSP"
2023-01-05,105336,107743,105333,107518,15512000,107518,"Brazil","^BVSP"
2023-01-06,107642,109433,107642,108836,12626600,108836,"Brazil","^BVSP"
2023-01-09,108964,109938,108134,109227,12047300,109227,"Brazil","^BVSP"
2023-01-10,109129,111193,108478,110912,13697900,110912,"Brazil","^BVSP"
2023-01-11,110816,111841,110752,111763,14461400,111763,"Brazil","^BVSP"
2023-01-12,112516,113129,110982,111877,19839100,111877,"Brazil","^BVSP"
2023-01-13,111843,111847,110428,110916,15939000,110916,"Brazil","^BVSP"
2023-01-16,110908,110908,108753,109213,12512400,109213,"Brazil","^BVSP"
2023-01-17,109214,111577,109214,111439,14363200,111439,"Brazil","^BVSP"
2023-01-18,111442,113306,111441,112452,14128600,112452,"Brazil","^BVSP"
2023-01-19,112219,113172,111307,113006,15594300,113006,"Brazil","^BVSP"
2023-01-20,112922,113025,111735,112301,15436600,112301,"Brazil","^BVSP"
2023-01-23,112041,113061,111542,111709,13701000,111709,"Brazil","^BVSP"
2023-01-24,111746,113040,111669,113028,11551500,113028,"Brazil","^BVSP"
2023-01-25,113028,114386,111927,114195,11413000,114195,"Brazil","^BVSP"
2023-01-26,114271,114835,113591,114109,10920800,114109,"Brazil","^BVSP"
2023-01-27,114178,114191,112044,112502,10614500,112502,"Brazil","^BVSP"
2023-01-30,112319,112920,111824,111888,11272700,111888,"Brazil","^BVSP"
2023-01-31,112273,113581,112145,113532,12900200,113532,"Brazil","^BVSP"
2023-02-01,113430,113598,110729,112303,17821500,112303,"Brazil","^BVSP"
2023-02-02,112072,112943,109747,109935,15241800,109935,"Brazil","^BVSP"
2023-02-03,110141,110570,108185,108490,13235300,108490,"Brazil","^BVSP"
2023-02-06,108518,108710,107416,108456,11514600,108456,"Brazil","^BVSP"
2023-02-07,108727,109037,107234,107920,12956300,107920,"Brazil","^BVSP"
2023-02-08,107832,110175,107830,109882,13837000,109882,"Brazil","^BVSP"
2023-02-09,109952,110046,107781,107783,12956000,107783,"Brazil","^BVSP"
2023-02-10,108002,108647,107620,108150,14458000,108150,"Brazil","^BVSP"
2023-02-13,108074,109193,107420,108846,9973600,108846,"Brazil","^BVSP"
2023-02-14,108839,109564,107557,107659,11894600,107659,"Brazil","^BVSP"
2023-02-15,107849,110210,107267,109442,15499500,109442,"Brazil","^BVSP"
2023-02-16,109599,110437,108378,109905,12995900,109905,"Brazil","^BVSP"
2023-02-17,109941,109941,108968,109303,10058400,109303,"Brazil","^BVSP"
2023-02-22,109174,109174,106720,107152,9356400,107152,"Brazil","^BVSP"
2023-02-23,107152,108663,106731,107720,11459000,107720,"Brazil","^BVSP"
2023-02-24,107582,107611,105360,105873,10221100,105873,"Brazil","^BVSP"
2023-02-27,105807,106402,105227,105711,9570700,105711,"Brazil","^BVSP"
2023-02-28,105706,106794,104932,104932,15672400,104932,"Brazil","^BVSP"
2023-03-01,104933,105497,103105,104385,19853000,104385,"Brazil","^BVSP"
2023-03-02,104375,104912,103321,103326,14738800,103326,"Brazil","^BVSP"
2023-03-03,103326,104440,103323,103866,13101500,103866,"Brazil","^BVSP"
2023-03-06,103865,105171,103170,104700,14277800,104700,"Brazil","^BVSP"
2023-03-07,104700,105179,103480,104228,12578200,104228,"Brazil","^BVSP"
2023-03-08,104228,106721,104228,106540,15904100,106540,"Brazil","^BVSP"
2023-03-09,106540,106724,105053,105071,19174300,105071,"Brazil","^BVSP"
2023-03-10,105071,105071,103201,103618,17952200,103618,"Brazil","^BVSP"
2023-03-13,103608,103907,102255,103121,12993800,103121,"Brazil","^BVSP"
2023-03-14,103121,104153,102482,102932,13133800,102932,"Brazil","^BVSP"
2023-03-15,102930,103048,100692,102675,15246500,102675,"Brazil","^BVSP"
2023-03-16,102683,103911,102455,103435,14385800,103435,"Brazil","^BVSP"
2023-03-17,103434,103434,101664,101982,17560000,101982,"Brazil","^BVSP"
2023-03-20,101982,102328,100679,100923,0,100923,"Brazil","^BVSP"
2023-03-21,100923,101670,100923,100998,9672100,100998,"Brazil","^BVSP"
2023-03-22,100998,101888,100129,100221,11504600,100221,"Brazil","^BVSP"
2023-03-23,100221,101126,96997,97926,0,97926,"Brazil","^BVSP"
2023-03-24,97926,99258,97688,98829,0,98829,"Brazil","^BVSP"
2023-03-27,98833,99997,98833,99670,9990600,99670,"Brazil","^BVSP"
2023-03-28,99672,101559,99488,101185,13500100,101185,"Brazil","^BVSP"
2023-03-29,101185,102213,100248,101793,12456100,101793,"Brazil","^BVSP"
2023-03-30,101796,104085,101796,103713,14901600,103713,"Brazil","^BVSP"
2023-03-31,103714,104041,101476,101882,15111200,101882,"Brazil","^BVSP"
2023-04-03,101883,101916,100651,101506,12794800,101506,"Brazil","^BVSP"
2023-04-04,101505,103056,101505,101869,11695800,101869,"Brazil","^BVSP"
2023-04-05,101869,101960,99898,100978,13256500,100978,"Brazil","^BVSP"
2023-04-06,100978,101628,100443,100822,9818500,100822,"Brazil","^BVSP"
2023-04-10,100822,102196,100819,101847,8148700,101847,"Brazil","^BVSP"
2023-04-11,101849,106455,101848,106214,18725700,106214,"Brazil","^BVSP"
2023-04-12,106218,108277,106217,106890,17345500,106890,"Brazil","^BVSP"
2023-04-13,106890,107037,106220,106458,12182900,106458,"Brazil","^BVSP"
2023-04-14,106458,106701,104934,106279,11501000,106279,"Brazil","^BVSP"
2023-04-17,106279,106830,105623,106016,10253400,106016,"Brazil","^BVSP"
2023-04-18,106023,106475,105122,106163,11207900,106163,"Brazil","^BVSP"
2023-04-19,106149,106149,103604,103913,12713600,103913,"Brazil","^BVSP"
2023-04-20,103913,104615,103087,104367,12378000,104367,"Brazil","^BVSP"
2023-04-24,104367,104822,103247,103947,10935400,103947,"Brazil","^BVSP"
2023-04-25,103947,103947,102633,103220,10873200,103220,"Brazil","^BVSP"
2023-04-26,103220,103668,102233,102312,10115500,102312,"Brazil","^BVSP"
2023-04-27,102310,103177,101975,102923,11302800,102923,"Brazil","^BVSP"
2023-04-28,102923,104432,102449,104432,13080900,104432,"Brazil","^BVSP"
2023-05-02,104431,104447,101569,101927,12018000,101927,"Brazil","^BVSP"
2023-05-03,101927,102331,101433,101797,11688200,101797,"Brazil","^BVSP"
2023-05-04,101798,103321,101063,102174,14837300,102174,"Brazil","^BVSP"
2023-05-05,102175,105306,102175,105148,16699500,105148,"Brazil","^BVSP"
2023-05-08,105161,106716,105161,106042,13259200,106042,"Brazil","^BVSP"
2023-05-09,106028,107731,105549,107114,13526600,107114,"Brazil","^BVSP"
2023-05-10,107114,107744,106538,107448,13576900,107448,"Brazil","^BVSP"
2023-05-11,107446,108667,106419,108256,12772100,108256,"Brazil","^BVSP"
2023-05-12,108256,108817,107497,108464,11925000,108464,"Brazil","^BVSP"
2023-05-15,108469,109271,108356,109029,11603200,109029,"Brazil","^BVSP"
2023-05-16,109029,110151,108085,108194,16897300,108194,"Brazil","^BVSP"
2023-05-17,108194,109774,108188,109460,13993000,109460,"Brazil","^BVSP"
2023-05-18,109459,110206,108864,110108,13613100,110108,"Brazil","^BVSP"
2023-05-19,110113,111211,109787,110745,16135800,110745,"Brazil","^BVSP"
2023-05-22,110745,111643,110178,110213,11769400,110213,"Brazil","^BVSP"
2023-05-23,110213,111325,109713,109929,12334800,109929,"Brazil","^BVSP"
2023-05-24,109920,109920,108546,108800,12980200,108800,"Brazil","^BVSP"
2023-05-25,108800,111115,108800,110054,14745300,110054,"Brazil","^BVSP"
2023-05-26,110058,111706,109900,110906,11019700,110906,"Brazil","^BVSP"
2023-05-29,110906,111168,110195,110333,5913000,110333,"Brazil","^BVSP"
2023-05-30,110333,111291,108552,108967,11588000,108967,"Brazil","^BVSP"
2023-05-31,108967,109137,108193,108335,15861100,108335,"Brazil","^BVSP"
2023-06-01,108339,110745,108335,110565,14669000,110565,"Brazil","^BVSP"
2023-06-02,110568,113070,110567,112558,14545800,112558,"Brazil","^BVSP"
2023-06-05,112558,113071,111736,112696,9078800,112696,"Brazil","^BVSP"
2023-06-06,112697,114783,112696,114610,15025400,114610,"Brazil","^BVSP"
2023-06-07,114610,115978,114610,115488,14017100,115488,"Brazil","^BVSP"
2023-06-09,115489,117603,115489,117019,13527100,117019,"Brazil","^BVSP"
2023-06-12,117022,117735,116704,117336,12016200,117336,"Brazil","^BVSP"
2023-06-13,117337,117924,116363,116743,12392200,116743,"Brazil","^BVSP"
2023-06-14,116753,119085,116745,119069,16938600,119069,"Brazil","^BVSP"
2023-06-15,119068,119686,118693,119221,12298000,119221,"Brazil","^BVSP"
2023-06-16,119208,119555,118487,118758,15251700,118758,"Brazil","^BVSP"
2023-06-19,118757,119939,118558,119858,6776300,119858,"Brazil","^BVSP"
2023-06-20,119858,119858,118416,119622,10924200,119622,"Brazil","^BVSP"
2023-06-21,119623,120519,119332,120420,11736700,120420,"Brazil","^BVSP"
2023-06-22,120420,120420,118018,118934,11831500,118934,"Brazil","^BVSP"
2023-06-23,118959,119386,118178,118977,12845400,118977,"Brazil","^BVSP"
2023-06-26,118977,119148,117491,118243,10456600,118243,"Brazil","^BVSP"
2023-06-27,118246,119212,116561,117523,13077000,117523,"Brazil","^BVSP"
2023-06-28,117524,117937,116560,116681,10646300,116681,"Brazil","^BVSP"
2023-06-29,116683,118623,116683,118383,11055300,118383,"Brazil","^BVSP"
2023-06-30,118388,119447,118087,118087,13824700,118087,"Brazil","^BVSP"
2023-07-03,118092,119877,118092,119673,8907500,119673,"Brazil","^BVSP"
2023-07-04,119673,119678,118830,119076,6555200,119076,"Brazil","^BVSP"
2023-07-05,119072,120200,118688,119549,10959000,119549,"Brazil","^BVSP"
2023-07-06,119548,119548,117096,117426,11025700,117426,"Brazil","^BVSP"
2023-07-07,117427,119549,117427,118898,10521000,118898,"Brazil","^BVSP"
2023-07-10,118897,118897,117814,117942,8104000,117942,"Brazil","^BVSP"
2023-07-11,117942,117942,115704,117220,10592500,117220,"Brazil","^BVSP"
2023-07-12,117557,119156,117557,117666,8941200,117666,"Brazil","^BVSP"
2023-07-13,117671,119739,117668,119264,9257600,119264,"Brazil","^BVSP"
2023-07-14,119268,119329,117526,117711,8980000,117711,"Brazil","^BVSP"
2023-07-17,117711,118302,116591,118219,8201900,118219,"Brazil","^BVSP"
2023-07-18,118218,118732,117324,117841,8584800,117841,"Brazil","^BVSP"
2023-07-19,117842,118011,116660,117552,9728700,117552,"Brazil","^BVSP"
2023-07-20,117558,118290,117484,118083,8986400,118083,"Brazil","^BVSP"
2023-07-21,118090,120373,118086,120217,11181500,120217,"Brazil","^BVSP"
2023-07-24,120220,121772,120099,121342,10494800,121342,"Brazil","^BVSP"
2023-07-25,121344,123010,121344,122008,11427100,122008,"Brazil","^BVSP"
2023-07-26,122003,122747,121370,122560,9988800,122560,"Brazil","^BVSP"
2023-07-27,122560,122599,119825,119990,10678700,119990,"Brazil","^BVSP"
2023-07-28,120002,120660,119706,120187,8464200,120187,"Brazil","^BVSP"
2023-07-31,120188,122149,120188,121943,10122700,121943,"Brazil","^BVSP"
2023-08-01,121945,121945,120154,121248,10302800,121248,"Brazil","^BVSP"
2023-08-02,121249,121252,119798,120859,10565900,120859,"Brazil","^BVSP"
2023-08-03,120859,122619,120365,120586,13027300,120586,"Brazil","^BVSP"
2023-08-04,120586,121442,119215,119508,15065200,119508,"Brazil","^BVSP"
2023-08-07,119509,120104,118894,119380,8726500,119380,"Brazil","^BVSP"
2023-08-08,119378,119553,117492,119090,10246000,119090,"Brazil","^BVSP"
2023-08-09,119090,119090,117901,118409,11245600,118409,"Brazil","^BVSP"
2023-08-10,118412,119438,118113,118350,12689600,118350,"Brazil","^BVSP"
2023-08-11,118350,119054,117415,118065,11867500,118065,"Brazil","^BVSP"
2023-08-14,118067,118082,116530,116810,11203500,116810,"Brazil","^BVSP"
2023-08-15,116809,117697,116033,116171,14636000,116171,"Brazil","^BVSP"
2023-08-16,116171,117338,115534,115592,18862600,115592,"Brazil","^BVSP"
2023-08-17,115592,116610,114859,114982,12747500,114982,"Brazil","^BVSP"
2023-08-18,114973,115729,114423,115409,10601000,115409,"Brazil","^BVSP"
2023-08-21,115404,115425,114067,114429,9794400,114429,"Brazil","^BVSP"
2023-08-22,114433,116286,114433,116156,9828500,116156,"Brazil","^BVSP"
2023-08-23,116160,118135,116159,118135,11542800,118135,"Brazil","^BVSP"
2023-08-24,118135,118136,116848,117026,9196200,117026,"Brazil","^BVSP"
2023-08-25,117025,117252,115397,115837,9214100,115837,"Brazil","^BVSP"
2023-08-28,115838,117253,115836,117121,9596900,117121,"Brazil","^BVSP"
2023-08-29,117124,118493,117124,118404,9631600,118404,"Brazil","^BVSP"
2023-08-30,118404,118841,117471,117535,8924000,117535,"Brazil","^BVSP"
2023-08-31,117537,117637,115742,115742,12950000,115742,"Brazil","^BVSP"
2023-09-01,115744,117991,115744,117893,11890700,117893,"Brazil","^BVSP"
2023-09-04,117893,118576,117590,117777,5529700,117777,"Brazil","^BVSP"
2023-09-05,117776,117957,116637,117331,10870700,117331,"Brazil","^BVSP"
2023-09-06,117331,117971,115984,115985,9916100,115985,"Brazil","^BVSP"
2023-09-08,115979,115979,114839,115313,8360700,115313,"Brazil","^BVSP"
2023-09-11,115316,117131,115316,116883,8789000,116883,"Brazil","^BVSP"
2023-09-12,116885,118154,116885,117968,9192800,117968,"Brazil","^BVSP"
2023-09-13,117968,119318,117722,118176,12075300,118176,"Brazil","^BVSP"
2023-09-14,118181,119748,118181,119392,13279300,119392,"Brazil","^BVSP"
2023-09-15,119393,119780,118666,118758,16107600,118758,"Brazil","^BVSP"
2023-09-18,118759,119486,118123,118288,11273100,118288,"Brazil","^BVSP"
2023-09-19,118293,118458,117628,117846,11453800,117846,"Brazil","^BVSP"
2023-09-20,117864,119616,117847,118695,9238800,118695,"Brazil","^BVSP"
2023-09-21,118695,118695,116013,116145,12685800,116145,"Brazil","^BVSP"
2023-09-22,116147,116968,115855,116009,9443500,116009,"Brazil","^BVSP"
2023-09-25,116009,116031,115573,115925,9580000,115925,"Brazil","^BVSP"
2023-09-26,115922,115922,114162,114193,11241800,114193,"Brazil","^BVSP"
2023-09-27,114194,115340,113366,114327,13359300,114327,"Brazil","^BVSP"
2023-09-28,114875,115954,114811,115731,10387000,115731,"Brazil","^BVSP"
2023-09-29,115742,116899,115742,116565,11143200,116565,"Brazil","^BVSP"
2023-10-02,116565,116672,114761,115057,8524900,115057,"Brazil","^BVSP"
2023-10-03,115055,115056,113151,113419,11104800,113419,"Brazil","^BVSP"
2023-10-04,113430,114075,113036,113607,10813800,113607,"Brazil","^BVSP"
2023-10-05,113609,114359,112705,113284,9507200,113284,"Brazil","^BVSP"
2023-10-06,113283,114491,111599,114170,13138200,114170,"Brazil","^BVSP"
2023-10-09,114169,115219,113448,115156,9474400,115156,"Brazil","^BVSP"
2023-10-10,115158,116900,115158,116737,11621500,116737,"Brazil","^BVSP"
2023-10-11,116737,117099,116231,117051,9949800,117051,"Brazil","^BVSP"
2023-10-13,117050,117070,115658,115754,10609300,115754,"Brazil","^BVSP"
2023-10-16,115760,116905,115760,116534,8989900,116534,"Brazil","^BVSP"
2023-10-17,116526,116917,115564,115908,10371700,115908,"Brazil","^BVSP"
2023-10-18,115907,115907,113952,114060,15492200,114060,"Brazil","^BVSP"
2023-10-19,114059,115063,113768,114004,11497600,114004,"Brazil","^BVSP"
2023-10-20,113996,114090,112533,113155,11739200,113155,"Brazil","^BVSP"
2023-10-23,113145,113680,112164,112785,10701800,112785,"Brazil","^BVSP"
2023-10-24,112814,114249,112814,113762,10711800,113762,"Brazil","^BVSP"
2023-10-25,113762,114319,112680,112830,12306500,112830,"Brazil","^BVSP"
2023-10-26,112840,114886,112840,114777,12770600,114777,"Brazil","^BVSP"
2023-10-27,114777,115342,112953,113301,12289500,113301,"Brazil","^BVSP"
2023-10-30,113303,114204,112309,112532,9741800,112532,"Brazil","^BVSP"
2023-10-31,112534,113597,112098,113144,10557400,113144,"Brazil","^BVSP"
2023-11-01,113157,115433,113157,115053,13904100,115053,"Brazil","^BVSP"
2023-11-03,115062,118502,115062,118160,15714000,118160,"Brazil","^BVSP"
2023-11-06,118160,118758,118045,118487,10167700,118487,"Brazil","^BVSP"
2023-11-07,118422,119577,118026,119268,16393100,119268,"Brazil","^BVSP"
2023-11-08,119268,119976,118464,119099,15193500,119099,"Brazil","^BVSP"
2023-11-09,119180,120257,118446,119012,15568300,119012,"Brazil","^BVSP"
2023-11-10,119036,120823,119036,120636,0,120636,"Brazil","^BVSP"
2023-11-13,120561,120606,119878,120376,11198000,120376,"Brazil","^BVSP"
2023-11-14,120411,123370,120411,123328,19427900,123328,"Brazil","^BVSP"
2023-11-16,123165,124737,123165,124576,18355600,124576,"Brazil","^BVSP"
2023-11-17,124639,125431,124547,125062,15719100,125062,"Brazil","^BVSP"
2023-11-20,124773,126162,124773,126095,11108500,126095,"Brazil","^BVSP"
2023-11-21,125957,125957,125060,125607,10793500,125607,"Brazil","^BVSP"
2023-11-22,125626,126875,125439,126035,14058500,126035,"Brazil","^BVSP"
2023-11-23,126035,126760,125764,126576,7816400,126576,"Brazil","^BVSP"
2023-11-24,126553,126553,125341,125542,9613100,125542,"Brazil","^BVSP"
2023-11-27,125517,125826,124840,125683,11013800,125683,"Brazil","^BVSP"
2023-11-28,125726,126916,125388,126538,12394200,126538,"Brazil","^BVSP"
2023-11-29,126541,127388,126018,126101,12417500,126101,"Brazil","^BVSP"
2023-11-30,126168,127399,126168,127331,19238400,127331,"Brazil","^BVSP"
2023-12-01,127331,128165,126656,128103,13696500,128103,"Brazil","^BVSP"
2023-12-04,128183,128183,126643,126803,10270500,126803,"Brazil","^BVSP"
2023-12-05,126802,127489,126491,126903,11960300,126903,"Brazil","^BVSP"
2023-12-06,126907,127538,125614,125623,10837300,125623,"Brazil","^BVSP"
2023-12-07,125623,126581,125566,126010,10505300,126010,"Brazil","^BVSP"
2023-12-08,126010,127289,125562,127094,10745300,127094,"Brazil","^BVSP"
2023-12-11,127093,127154,126526,126916,7091900,126916,"Brazil","^BVSP"
2023-12-12,126923,127359,126013,126403,10266500,126403,"Brazil","^BVSP"
2023-12-13,126406,129793,126299,129465,15066200,129465,"Brazil","^BVSP"
2023-12-14,129469,131260,129469,130842,15822800,130842,"Brazil","^BVSP"
2023-12-15,130842,131661,129884,130197,15141000,130197,"Brazil","^BVSP"
2023-12-18,130202,131447,130198,131084,9604400,131084,"Brazil","^BVSP"
2023-12-19,131088,132047,131086,131851,9429700,131851,"Brazil","^BVSP"
2023-12-20,131851,132341,130710,130804,10335800,130804,"Brazil","^BVSP"
2023-12-21,130826,132277,130822,132182,8681000,132182,"Brazil","^BVSP"
2023-12-22,132553,133035,132094,132753,8231100,132753,"Brazil","^BVSP"
2023-12-26,132753,133645,132753,133533,0,133533,"Brazil","^BVSP"
2023-12-27,133523,134195,133328,134194,6168200,134194,"Brazil","^BVSP"
2023-12-28,134194,134392,133832,134185,7812700,134185,"Brazil","^BVSP"
2024-01-02,134186,134195,132095,132697,8437800,132697,"Brazil","^BVSP"
2024-01-03,132697,133576,132250,132834,8702400,132834,"Brazil","^BVSP"
2024-01-04,132831,132885,131024,131226,8972300,131226,"Brazil","^BVSP"
2024-01-05,131218,132635,130579,132023,9199700,132023,"Brazil","^BVSP"
2024-01-08,132023,132498,131015,132427,8497500,132427,"Brazil","^BVSP"
2024-01-09,132424,132426,131203,131447,9287500,131447,"Brazil","^BVSP"
2024-01-10,131447,131628,130438,130841,8958400,130841,"Brazil","^BVSP"
2024-01-11,130841,131308,129898,130649,9761700,130649,"Brazil","^BVSP"
2024-01-12,130652,131927,130410,130988,10661900,130988,"Brazil","^BVSP"
2024-01-15,130988,131606,130253,131521,5746600,131521,"Brazil","^BVSP"
2024-01-16,131515,131517,129147,129294,11911300,129294,"Brazil","^BVSP"
2024-01-17,129293,129296,128312,128524,9952500,128524,"Brazil","^BVSP"
2024-01-18,128524,129047,127316,127316,12460800,127316,"Brazil","^BVSP"
2024-01-19,127319,127820,126533,127636,11956900,127636,"Brazil","^BVSP"
2024-01-22,127636,127843,125876,126602,9509100,126602,"Brazil","^BVSP"
2024-01-23,126612,128331,126612,128263,9366100,128263,"Brazil","^BVSP"
2024-01-24,128275,129446,127680,127816,8823800,127816,"Brazil","^BVSP"
2024-01-25,127815,128697,127803,128169,8757600,128169,"Brazil","^BVSP"
2024-01-26,128196,129252,127869,128967,8508000,128967,"Brazil","^BVSP"
2024-01-29,128970,129068,127853,128503,8764500,128503,"Brazil","^BVSP"
2024-01-30,128492,128492,127105,127402,10037400,127402,"Brazil","^BVSP"
2024-01-31,127402,129558,127326,127752,12495200,127752,"Brazil","^BVSP"
2024-02-01,127752,128481,127284,128481,10226400,128481,"Brazil","^BVSP"
2024-02-02,128471,128878,126628,127182,10982800,127182,"Brazil","^BVSP"
2024-02-05,127182,127834,126443,127593,9637200,127593,"Brazil","^BVSP"
2024-02-06,127593,130417,127593,130416,13780300,130416,"Brazil","^BVSP"
2024-02-07,130412,130552,129518,129608,15425400,129608,"Brazil","^BVSP"
2024-02-08,129950,130126,127912,128217,13634900,128217,"Brazil","^BVSP"
2024-02-09,128216,128896,127579,128026,12115800,128026,"Brazil","^BVSP"
2024-02-14,128026,128026,126663,127018,7748300,127018,"Brazil","^BVSP"
2024-02-15,127018,127824,126932,127804,10980100,127804,"Brazil","^BVSP"
2024-02-16,127809,129069,127653,128726,10119100,128726,"Brazil","^BVSP"
2024-02-19,128720,129036,128097,129036,5799100,129036,"Brazil","^BVSP"
2024-02-20,129033,129916,128326,129916,12237000,129916,"Brazil","^BVSP"
2024-02-21,129916,130034,129359,130032,12585700,130032,"Brazil","^BVSP"
2024-02-22,130035,130829,129971,130241,10771700,130241,"Brazil","^BVSP"
2024-02-23,130240,130624,129077,129419,9230300,129419,"Brazil","^BVSP"
2024-02-26,129417,129978,129077,129609,7436900,129609,"Brazil","^BVSP"
2024-02-27,129613,131696,129613,131689,10049000,131689,"Brazil","^BVSP"
2024-02-28,131685,131685,129771,130155,9045600,130155,"Brazil","^BVSP"
2024-02-29,130155,130155,128669,129020,12003100,129020,"Brazil","^BVSP"
2024-03-01,129026,129716,128717,129180,9765100,129180,"Brazil","^BVSP"
2024-03-04,129176,129307,128278,128341,7967700,128341,"Brazil","^BVSP"
2024-03-05,128336,128989,127823,128098,9692200,128098,"Brazil","^BVSP"
2024-03-06,128099,129323,128099,128890,11057900,128890,"Brazil","^BVSP"
2024-03-07,128890,129188,128033,128340,7350000,128340,"Brazil","^BVSP"
2024-03-08,128335,128338,125802,127071,11937900,127071,"Brazil","^BVSP"
2024-03-11,127068,127068,126065,126124,8899100,126124,"Brazil","^BVSP"
2024-03-12,126124,128039,126121,127668,9483700,127668,"Brazil","^BVSP"
2024-03-13,127668,128530,127439,128006,8837200,128006,"Brazil","^BVSP"
2024-03-14,127992,128256,127192,127690,9292600,127690,"Brazil","^BVSP"
2024-03-15,127682,127957,126502,126742,14992400,126742,"Brazil","^BVSP"
2024-03-18,126758,127540,126272,126954,10512100,126954,"Brazil","^BVSP"
2024-03-19,126955,128000,126955,127529,11184800,127529,"Brazil","^BVSP"
2024-03-20,127534,129210,127349,129125,10819300,129125,"Brazil","^BVSP"
2024-03-21,129125,129556,128093,128159,9570800,128159,"Brazil","^BVSP"
2024-03-22,128159,128159,126879,127027,9367800,127027,"Brazil","^BVSP"
2024-03-25,127027,127224,126750,126931,8060500,126931,"Brazil","^BVSP"
2024-03-26,126931,127193,126591,126863,9435700,126863,"Brazil","^BVSP"
2024-03-27,126863,127756,126223,127691,9918200,127691,"Brazil","^BVSP"
2024-03-28,127689,128364,127270,128106,9943400,128106,"Brazil","^BVSP"
2024-04-01,128106,128659,126772,126990,9372600,126990,"Brazil","^BVSP"
2024-04-02,126990,127654,126669,127549,9073600,127549,"Brazil","^BVSP"
2024-04-03,127546,127694,126181,127318,11032700,127318,"Brazil","^BVSP"
2024-04-04,127313,129627,127178,127428,13229200,127428,"Brazil","^BVSP"
2024-04-05,127422,127432,126394,126795,9101300,126795,"Brazil","^BVSP"
2024-04-08,126796,129178,126796,128857,8128300,128857,"Brazil","^BVSP"
2024-04-09,128858,129956,128826,129890,8489700,129890,"Brazil","^BVSP"
2024-04-10,129872,129872,127732,128054,10451800,128054,"Brazil","^BVSP"
2024-04-11,128051,128051,127069,127396,8882900,127396,"Brazil","^BVSP"
2024-04-12,127396,127640,125635,125946,10246600,125946,"Brazil","^BVSP"
2024-04-15,125946,126250,125034,125334,13504500,125334,"Brazil","^BVSP"
2024-04-16,125316,125316,123756,124389,14009800,124389,"Brazil","^BVSP"
2024-04-17,124389,125301,123642,124171,11370900,124171,"Brazil","^BVSP"
2024-04-18,124171,125140,123397,124196,10662400,124196,"Brazil","^BVSP"
2024-04-19,124197,125509,124056,125124,13604100,125124,"Brazil","^BVSP"
2024-04-22,125124,126081,124633,125573,10264100,125573,"Brazil","^BVSP"
2024-04-23,125572,125826,124310,125148,11257800,125148,"Brazil","^BVSP"
2024-04-24,125149,125473,124556,124741,10526300,124741,"Brazil","^BVSP"
2024-04-25,124718,124732,123703,124646,10093100,124646,"Brazil","^BVSP"
2024-04-26,124651,126826,124651,126526,8900000,126526,"Brazil","^BVSP"
2024-04-29,126527,127352,126467,127352,8385100,127352,"Brazil","^BVSP"
2024-04-30,127352,127352,125856,125924,10889600,125924,"Brazil","^BVSP"
2024-05-02,125926,127670,125926,127122,11547800,127122,"Brazil","^BVSP"
2024-05-03,127130,128787,127130,128509,12799200,128509,"Brazil","^BVSP"
2024-05-06,128506,129181,128294,128466,8779100,128466,"Brazil","^BVSP"
2024-05-07,128466,129745,128464,129210,10177500,129210,"Brazil","^BVSP"
2024-05-08,129210,129564,128048,129481,9788900,129481,"Brazil","^BVSP"
2024-05-09,129468,129468,127376,128188,13369000,128188,"Brazil","^BVSP"
2024-05-10,128188,129022,127467,127600,12574200,127600,"Brazil","^BVSP"
2024-05-13,127600,128669,127599,128155,8917300,128155,"Brazil","^BVSP"
2024-05-14,128155,128965,127962,128515,11886800,128515,"Brazil","^BVSP"
2024-05-15,128514,128646,127029,128028,10855600,128028,"Brazil","^BVSP"
2024-05-16,128029,128965,127922,128284,9852200,128284,"Brazil","^BVSP"
2024-05-17,128280,128464,127696,128151,10262600,128151,"Brazil","^BVSP"
2024-05-20,128151,128730,127488,127751,9340300,127751,"Brazil","^BVSP"
2024-05-21,127754,128272,127205,127412,9138500,127412,"Brazil","^BVSP"
2024-05-22,127412,127412,125524,125650,12403500,125650,"Brazil","^BVSP"
2024-05-23,125650,125665,124431,124729,9985400,124729,"Brazil","^BVSP"
2024-05-24,124731,125257,124259,124306,9211500,124306,"Brazil","^BVSP"
2024-05-27,124297,124535,124081,124496,4327600,124496,"Brazil","^BVSP"
2024-05-28,124498,125392,123537,123780,9179800,123780,"Brazil","^BVSP"
2024-05-29,123780,123780,122458,122707,8257700,122707,"Brazil","^BVSP"
2024-05-31,122704,122837,121929,122098,15918600,122098,"Brazil","^BVSP"
2024-06-03,122100,122495,121496,122032,8428100,122032,"Brazil","^BVSP"
2024-06-04,122032,122032,120878,121802,8529300,121802,"Brazil","^BVSP"
2024-06-05,121803,122170,121253,121407,8768700,121407,"Brazil","^BVSP"
2024-06-06,121408,123246,121377,122899,8404200,122899,"Brazil","^BVSP"
2024-06-07,122899,122899,120679,120767,9801200,120767,"Brazil","^BVSP"
2024-06-10,120769,121421,120540,120760,6568400,120760,"Brazil","^BVSP"
2024-06-11,120760,121759,120757,121635,7477000,121635,"Brazil","^BVSP"
2024-06-12,121644,122483,119544,119936,11278800,119936,"Brazil","^BVSP"
2024-06-13,119936,120222,119171,119568,8543000,119568,"Brazil","^BVSP"
2024-06-14,119558,120214,118828,119662,7847600,119662,"Brazil","^BVSP"
2024-06-17,119663,119663,118685,119138,7380600,119138,"Brazil","^BVSP"
2024-06-18,119138,120109,118872,119630,8100100,119630,"Brazil","^BVSP"
2024-06-19,119630,120383,118960,120261,5646300,120261,"Brazil","^BVSP"
2024-06-20,120267,121607,120156,120446,8659500,120446,"Brazil","^BVSP"
2024-06-21,120446,121580,120061,121341,12906900,121341,"Brazil","^BVSP"
2024-06-24,121343,122840,121307,122637,7836100,122637,"Brazil","^BVSP"
2024-06-25,122804,122849,121997,122331,6942900,122331,"Brazil","^BVSP"
2024-06-26,122331,122701,121402,122641,8178800,122641,"Brazil","^BVSP"
2024-06-27,122642,124308,122642,124308,8707300,124308,"Brazil","^BVSP"
2024-06-28,124308,124500,123298,123907,9070800,123907,"Brazil","^BVSP"
2024-07-01,123905,125220,123735,124718,0,124718,"Brazil","^BVSP"
2024-07-02,124720,125491,124310,124787,8368000,124787,"Brazil","^BVSP"
2024-07-03,124787,126581,124787,125662,8534200,125662,"Brazil","^BVSP"
2024-07-04,125666,126660,125666,126164,6535700,126164,"Brazil","^BVSP"
2024-07-05,126165,126662,125556,126267,8085600,126267,"Brazil","^BVSP"
2024-07-08,126280,126551,125614,126548,7430300,126548,"Brazil","^BVSP"
2024-07-09,126548,127295,125937,127108,6684600,127108,"Brazil","^BVSP"
2024-07-10,127109,127769,126928,127218,8152600,127218,"Brazil","^BVSP"
2024-07-11,127221,128326,127221,128294,7972900,128294,"Brazil","^BVSP"
2024-07-12,128293,129015,128002,128897,7206600,128897,"Brazil","^BVSP"
2024-07-15,128898,129485,128723,129321,5826900,129321,"Brazil","^BVSP"
2024-07-16,129322,129521,128761,129110,6818900,129110,"Brazil","^BVSP"
2024-07-17,129112,129658,128741,129450,6672400,129450,"Brazil","^BVSP"
2024-07-18,129450,129454,127523,127652,7591500,127652,"Brazil","^BVSP"
2024-07-19,127652,128360,127413,127616,7620400,127616,"Brazil","^BVSP"
2024-07-22,127616,128151,127456,127860,6098200,127860,"Brazil","^BVSP"
2024-07-23,127860,127860,126530,126590,7022900,126590,"Brazil","^BVSP"
2024-07-24,126596,126823,126218,126423,7304800,126423,"Brazil","^BVSP"
2024-07-25,126423,126423,125626,125954,7134100,125954,"Brazil","^BVSP"
2024-07-26,125964,127700,125953,127492,8272000,127492,"Brazil","^BVSP"
2024-07-29,127492,127657,126606,126954,7075400,126954,"Brazil","^BVSP"
2024-07-30,126951,126951,125973,126139,6848600,126139,"Brazil","^BVSP"
2024-07-31,126139,127853,126139,127652,9471900,127652,"Brazil","^BVSP"
2024-08-01,127652,128762,127150,127395,9814200,127395,"Brazil","^BVSP"
2024-08-02,127395,128104,125731,125854,9950900,125854,"Brazil","^BVSP"
2024-08-05,125851,125851,123073,125270,10886100,125270,"Brazil","^BVSP"
2024-08-06,125270,126966,125261,126267,10052600,126267,"Brazil","^BVSP"
2024-08-07,126268,127517,126268,127514,8837900,127514,"Brazil","^BVSP"
2024-08-08,127515,128793,127515,128661,8624000,128661,"Brazil","^BVSP"
2024-08-09,128662,130631,128662,130615,11324800,130615,"Brazil","^BVSP"
2024-08-12,130615,131662,130615,131116,8601600,131116,"Brazil","^BVSP"
2024-08-13,131115,132430,131115,132398,9798900,132398,"Brazil","^BVSP"
2024-08-14,132398,133777,132112,133318,12158400,133318,"Brazil","^BVSP"
2024-08-15,133319,134575,133319,134153,10534800,134153,"Brazil","^BVSP"
2024-08-16,134154,134781,133852,133953,10871900,133953,"Brazil","^BVSP"
2024-08-19,133953,136179,133953,135778,11281500,135778,"Brazil","^BVSP"
2024-08-20,135779,136330,135312,136087,8106800,136087,"Brazil","^BVSP"
2024-08-21,136088,137040,136086,136464,9572200,136464,"Brazil","^BVSP"
2024-08-22,136462,136462,134836,135173,8050200,135173,"Brazil","^BVSP"
2024-08-23,135174,136478,135174,135608,8649400,135608,"Brazil","^BVSP"
2024-08-26,135608,137013,135596,136889,7560000,136889,"Brazil","^BVSP"
2024-08-27,136888,137213,136664,136776,6745900,136776,"Brazil","^BVSP"
2024-08-28,136776,137469,135746,137344,7457100,137344,"Brazil","^BVSP"
2024-08-29,137349,137370,135858,136041,8385100,136041,"Brazil","^BVSP"
2024-08-30,136041,136139,134910,136004,18397900,136004,"Brazil","^BVSP"
2024-09-02,136004,136004,134497,134981,3666100,134981,"Brazil","^BVSP"
2024-09-03,134907,135011,134171,134353,8802400,134353,"Brazil","^BVSP"
2024-09-04,134359,136838,134359,136111,9419500,136111,"Brazil","^BVSP"
2024-09-05,136112,136656,135959,136502,7528700,136502,"Brazil","^BVSP"
2024-09-06,136508,136653,134476,134572,7563300,134572,"Brazil","^BVSP"
2024-09-09,134574,135250,134399,134737,6587600,134737,"Brazil","^BVSP"
2024-09-10,134738,134738,133754,134320,8253500,134320,"Brazil","^BVSP"
2024-09-11,134319,135087,133757,134677,7947300,134677,"Brazil","^BVSP"
2024-09-12,134677,134777,133591,134029,7004900,134029,"Brazil","^BVSP"
2024-09-13,134031,135879,134031,134882,8866000,134882,"Brazil","^BVSP"
2024-09-16,134885,135715,134870,135118,6707000,135118,"Brazil","^BVSP"
2024-09-17,135118,135118,134180,134960,7314500,134960,"Brazil","^BVSP"
2024-09-18,134960,135203,133748,133748,9792800,133748,"Brazil","^BVSP"
2024-09-19,133748,134759,133123,133123,9254500,133123,"Brazil","^BVSP"
2024-09-20,133121,133128,130907,131065,13605800,131065,"Brazil","^BVSP"
2024-09-23,131065,131065,130100,130568,9140800,130568,"Brazil","^BVSP"
2024-09-24,130570,133073,130570,132156,9367100,132156,"Brazil","^BVSP"
2024-09-25,132156,132982,131489,131586,10527200,131586,"Brazil","^BVSP"
2024-09-26,131595,133313,131594,133010,11618300,133010,"Brazil","^BVSP"
2024-09-27,133010,133923,132628,132730,9338900,132730,"Brazil","^BVSP"
2024-09-30,132761,133120,131816,131816,9131600,131816,"Brazil","^BVSP"
2024-10-01,131817,133405,131817,132495,9841100,132495,"Brazil","^BVSP"
2024-10-02,132495,134922,132495,133515,9398700,133515,"Brazil","^BVSP"
2024-10-03,133514,133514,131176,131672,9821200,131672,"Brazil","^BVSP"
2024-10-04,131672,131936,131156,131792,7054700,131792,"Brazil","^BVSP"
2024-10-07,131792,132943,131676,132018,7702100,132018,"Brazil","^BVSP"
2024-10-08,132016,132016,130371,131512,9093200,131512,"Brazil","^BVSP"
2024-10-09,131510,131520,129719,129962,9220400,129962,"Brazil","^BVSP"
2024-10-10,129963,130418,129835,130353,7617300,130353,"Brazil","^BVSP"
2024-10-11,130354,130354,129338,129992,7973300,129992,"Brazil","^BVSP"
2024-10-14,129992,131220,129729,131005,8502100,131005,"Brazil","^BVSP"
2024-10-15,131005,131457,130200,131043,7982900,131043,"Brazil","^BVSP"
2024-10-16,131045,132233,130780,131750,10282800,131750,"Brazil","^BVSP"
2024-10-17,131716,131716,129902,130793,7086000,130793,"Brazil","^BVSP"
2024-10-18,130793,131725,130121,130499,8683700,130499,"Brazil","^BVSP"
2024-10-21,130499,131124,130157,130362,7774900,130362,"Brazil","^BVSP"
2024-10-22,130346,130346,129094,129721,5522000,129721,"Brazil","^BVSP"
2024-10-23,129949,129949,128589,129233,7962200,129233,"Brazil","^BVSP"
2024-10-24,129233,130130,128798,130067,8310600,130067,"Brazil","^BVSP"
2024-10-25,130067,130529,129806,129893,8513300,129893,"Brazil","^BVSP"
2024-10-28,129894,131421,129894,131213,7135300,131213,"Brazil","^BVSP"
2024-10-29,131214,131765,130693,130730,7636400,130730,"Brazil","^BVSP"
2024-10-30,130730,131027,130473,130639,7327100,130639,"Brazil","^BVSP"
2024-10-31,130639,130798,129642,129713,9068100,129713,"Brazil","^BVSP"
2024-11-01,129718,129902,128070,128121,9897900,128121,"Brazil","^BVSP"
2024-11-04,128130,130609,128128,130515,9013500,130515,"Brazil","^BVSP"
2024-11-05,130515,130769,129692,130661,8556100,130661,"Brazil","^BVSP"
2024-11-06,130613,130670,128822,130341,10540900,130341,"Brazil","^BVSP"
2024-11-07,130341,131319,129406,129682,10520800,129682,"Brazil","^BVSP"
2024-11-08,129647,129647,126973,127830,13183200,127830,"Brazil","^BVSP"
2024-11-11,127829,128095,127306,127874,8395300,127874,"Brazil","^BVSP"
2024-11-12,127873,128210,127411,127698,9522100,127698,"Brazil","^BVSP"
2024-11-13,127698,128100,126869,127734,12692800,127734,"Brazil","^BVSP"
2024-11-14,127734,128423,127389,127792,13138300,127792,"Brazil","^BVSP"
2024-11-18,127791,128277,127226,127768,10742000,127768,"Brazil","^BVSP"
2024-11-19,127768,128579,127235,128197,9103600,128197,"Brazil","^BVSP"
2024-11-21,128197,128197,126594,126922,10271900,126922,"Brazil","^BVSP"
2024-11-22,126944,129126,126944,129126,9186200,129126,"Brazil","^BVSP"
2024-11-25,129125,129495,128932,129036,14411200,129036,"Brazil","^BVSP"
2024-11-26,129043,130361,129042,129922,9745200,129922,"Brazil","^BVSP"
2024-11-27,129923,130283,127669,127669,12318800,127669,"Brazil","^BVSP"
2024-11-28,127667,127668,124390,124610,12833100,124610,"Brazil","^BVSP"
2024-11-29,124611,126056,123946,125668,16398000,125668,"Brazil","^BVSP"
2024-12-02,125668,125901,124734,125236,11517200,125236,"Brazil","^BVSP"
2024-12-03,125235,126417,125233,126139,9990000,126139,"Brazil","^BVSP"
2024-12-04,126139,126720,125828,126087,9388600,126087,"Brazil","^BVSP"
2024-12-05,126088,127989,126087,127858,9530800,127858,"Brazil","^BVSP"
2024-12-06,127856,127872,125833,125946,11223300,125946,"Brazil","^BVSP"
2024-12-09,125946,127542,125946,127210,9367300,127210,"Brazil","^BVSP"
2024-12-10,127213,128511,127213,128228,9141300,128228,"Brazil","^BVSP"
2024-12-11,128228,130899,127362,129593,13170900,129593,"Brazil","^BVSP"
2024-12-12,129587,129587,125829,126042,13453200,126042,"Brazil","^BVSP"
2024-12-13,126102,126290,124578,124612,11762700,124612,"Brazil","^BVSP"
2024-12-16,124610,124956,123495,123560,11071100,123560,"Brazil","^BVSP"
2024-12-17,123560,125301,123560,124698,17561100,124698,"Brazil","^BVSP"
2024-12-18,124699,124699,120457,120772,19742800,120772,"Brazil","^BVSP"
2024-12-19,120768,121770,120768,121188,13682900,121188,"Brazil","^BVSP"
2024-12-20,121183,122209,120700,122102,18128200,122102,"Brazil","^BVSP"
2024-12-23,122105,122105,120617,120767,9953300,120767,"Brazil","^BVSP"
2024-12-26,120767,121612,120428,121078,8338500,121078,"Brazil","^BVSP"
2024-12-27,121078,121609,120252,120269,8937000,120269,"Brazil","^BVSP"
2024-12-30,120267,121050,120158,120283,8895300,120283,"Brazil","^BVSP"
