"date","open","high","low","close","volume","adjusted","country","ticker_used"
2010-01-04,2533.94799804688,2576.05590820312,2532.89599609375,2575.4130859375,18339300,2575.31298828125,"Indonesia","^JKSE"
2010-01-05,2575.61694335938,2606.06909179688,2575.61694335938,2605.27709960938,57043800,2605.17553710938,"Indonesia","^JKSE"
2010-01-06,2605.48095703125,2622.11596679688,2587.7099609375,2603.29711914062,51569100,2603.19555664062,"Indonesia","^JKSE"
2010-01-07,2603.5009765625,2611.60302734375,2570.27294921875,2586.89501953125,45510800,2586.79418945312,"Indonesia","^JKSE"
2010-01-08,2586.79296875,2614.53588867188,2583.84692382812,2614.3701171875,73723500,2614.26831054688,"Indonesia","^JKSE"
2010-01-11,2615.60791015625,2649.19702148438,2615.60791015625,2632.2041015625,52891200,2632.1015625,"Indonesia","^JKSE"
2010-01-12,2632.30590820312,2659.97607421875,2623.77392578125,2659.55102539062,57497400,2659.447265625,"Indonesia","^JKSE"
2010-01-13,2657.90307617188,2657.90307617188,2623.4609375,2632.8720703125,42685500,2632.76953125,"Indonesia","^JKSE"
2010-01-14,2633.58203125,2661.92797851562,2633.58203125,2645.18090820312,53126200,2645.07788085938,"Indonesia","^JKSE"
2010-01-15,2646.7529296875,2655.80590820312,2638.35595703125,2647.09008789062,47643800,2646.98706054688,"Indonesia","^JKSE"
2010-01-18,2645.44189453125,2648.92407226562,2629.90795898438,2642.54809570312,30861500,2642.44506835938,"Indonesia","^JKSE"
2010-01-19,2642.35400390625,2666.57299804688,2640.17797851562,2666.07104492188,32768000,2665.96728515625,"Indonesia","^JKSE"
2010-01-20,2666.57788085938,2689.77490234375,2655,2667.26611328125,36995600,2667.16235351562,"Indonesia","^JKSE"
2010-01-21,2664.65893554688,2664.65893554688,2621.36010742188,2638.38208007812,32438400,2638.27954101562,"Indonesia","^JKSE"
2010-01-22,2636.9619140625,2636.9619140625,2580.16796875,2610.34008789062,36693100,2610.23852539062,"Indonesia","^JKSE"
2010-01-25,2609.73095703125,2609.73095703125,2575.962890625,2597.86010742188,33669400,2597.75903320312,"Indonesia","^JKSE"
2010-01-26,2597.35302734375,2608.73999023438,2568.94897460938,2578.4150390625,42143000,2578.31469726562,"Indonesia","^JKSE"
2010-01-27,2577.90795898438,2594.24609375,2554.88208007812,2564.55395507812,26010100,2564.45434570312,"Indonesia","^JKSE"
2010-01-28,2565.3779296875,2619.97802734375,2565.3779296875,2619.56494140625,33551500,2619.46313476562,"Indonesia","^JKSE"
2010-01-29,2619.26098632812,2619.26098632812,2569.26611328125,2610.7958984375,21712000,2610.6943359375,"Indonesia","^JKSE"
2010-02-01,2610.59301757812,2610.59301757812,2571.75903320312,2587.54907226562,32319600,2587.4482421875,"Indonesia","^JKSE"
2010-02-02,2588.25903320312,2613.67309570312,2574.11010742188,2580.2509765625,30633100,2580.15063476562,"Indonesia","^JKSE"
2010-02-03,2580.65600585938,2606.28295898438,2580.65600585938,2604.54907226562,38272000,2604.44750976562,"Indonesia","^JKSE"
2010-02-04,2604.751953125,2610.36791992188,2589.05493164062,2593.21997070312,38026400,2593.119140625,"Indonesia","^JKSE"
2010-02-05,2592.40893554688,2592.40893554688,2506.88891601562,2518.97607421875,34842900,2518.87817382812,"Indonesia","^JKSE"
2010-02-08,2518.60693359375,2518.60693359375,2431.837890625,2475.57202148438,36850700,2475.4755859375,"Indonesia","^JKSE"
2010-02-09,2474.75,2490.10888671875,2439.90991210938,2489.48510742188,32704700,2489.38842773438,"Indonesia","^JKSE"
2010-02-10,2490.29296875,2511.73510742188,2474.40087890625,2483.43798828125,26501600,2483.34130859375,"Indonesia","^JKSE"
2010-02-11,2483.63891601562,2508.26293945312,2468.85400390625,2507.7509765625,40917000,2507.65356445312,"Indonesia","^JKSE"
2010-02-12,2508.15405273438,2536.56591796875,2501.98510742188,2534.13696289062,35308600,2534.03833007812,"Indonesia","^JKSE"
2010-02-15,2533.73388671875,2533.73388671875,2510.958984375,2517.4560546875,16743700,2517.35815429688,"Indonesia","^JKSE"
2010-02-16,2517.65795898438,2558.65502929688,2516.337890625,2558.5048828125,22302000,2558.4052734375,"Indonesia","^JKSE"
2010-02-17,2558.60595703125,2581.60009765625,2558.60595703125,2581.34008789062,35680400,2581.23974609375,"Indonesia","^JKSE"
2010-02-18,2581.44091796875,2581.44091796875,2550.52905273438,2560.03393554688,26304700,2559.93432617188,"Indonesia","^JKSE"
2010-02-19,2559.93310546875,2559.93310546875,2527.7451171875,2554.3759765625,21925400,2554.2763671875,"Indonesia","^JKSE"
2010-02-22,2554.77905273438,2574.96899414062,2553.81396484375,2564.26293945312,19028500,2564.16333007812,"Indonesia","^JKSE"
2010-02-23,2564.162109375,2583.69506835938,2538.03491210938,2583.65087890625,32655900,2583.55004882812,"Indonesia","^JKSE"
2010-02-24,2582.42309570312,2582.42309570312,2555.46997070312,2579.416015625,40083200,2579.31567382812,"Indonesia","^JKSE"
2010-02-25,2579.31494140625,2583.15893554688,2536.09204101562,2549.03295898438,23650800,2548.93383789062,"Indonesia","^JKSE"
2010-03-01,2548.8310546875,2565.43701171875,2545.89306640625,2554.67407226562,18985100,2554.57446289062,"Indonesia","^JKSE"
2010-03-02,2554.47290039062,2577.09008789062,2554.47290039062,2576.59106445312,25350600,2576.49072265625,"Indonesia","^JKSE"
2010-03-03,2577.0009765625,2585.83203125,2552.85400390625,2567.08911132812,34245400,2566.9892578125,"Indonesia","^JKSE"
2010-03-04,2566.98803710938,2579.53295898438,2557.3701171875,2565.64501953125,24987400,2565.54516601562,"Indonesia","^JKSE"
2010-03-05,2566.05395507812,2583.087890625,2566.05395507812,2578.77197265625,25418300,2578.67163085938,"Indonesia","^JKSE"
2010-03-08,2578.97412109375,2627.69506835938,2578.97412109375,2626.45092773438,29813600,2626.3486328125,"Indonesia","^JKSE"
2010-03-09,2626.25,2657.38208007812,2624.11499023438,2657.1669921875,30408700,2657.0634765625,"Indonesia","^JKSE"
2010-03-10,2656.86206054688,2676.27392578125,2652.84912109375,2670.21899414062,30181300,2670.11499023438,"Indonesia","^JKSE"
2010-03-11,2670.11889648438,2687.11791992188,2661.92895507812,2676.52197265625,40847100,2676.41796875,"Indonesia","^JKSE"
2010-03-12,2676.11303710938,2686.23706054688,2661.05688476562,2666.51098632812,52724000,2666.4072265625,"Indonesia","^JKSE"
2010-03-15,2666.40991210938,2683.10791015625,2658.55493164062,2669.60791015625,29518100,2669.50415039062,"Indonesia","^JKSE"
2010-03-17,2669.40698242188,2756.26196289062,2669.40698242188,2756.26196289062,65719300,2756.15478515625,"Indonesia","^JKSE"
2010-03-18,2756.462890625,2779.35595703125,2718.30590820312,2737.24194335938,60311400,2737.13525390625,"Indonesia","^JKSE"
2010-03-19,2738.80297851562,2758.1259765625,2725.64892578125,2742.97412109375,38764300,2742.8671875,"Indonesia","^JKSE"
2010-03-22,2742.67211914062,2742.67211914062,2698.26293945312,2702.40087890625,34251000,2702.29565429688,"Indonesia","^JKSE"
2010-03-23,2702.60205078125,2746.13500976562,2702.60205078125,2720.86206054688,27466700,2720.75610351562,"Indonesia","^JKSE"
2010-03-24,2721.1640625,2774.85009765625,2721.1640625,2774.85009765625,33240000,2774.74194335938,"Indonesia","^JKSE"
2010-03-25,2773.29711914062,2814.86108398438,2760.20092773438,2799.14892578125,42022300,2799.0400390625,"Indonesia","^JKSE"
2010-03-26,2799.25,2813.08203125,2792.36108398438,2813.08203125,40138200,2812.97265625,"Indonesia","^JKSE"
2010-03-29,2813.49096679688,2813.7958984375,2780.42993164062,2794.77099609375,46152900,2794.662109375,"Indonesia","^JKSE"
2010-03-30,2795.17993164062,2818.94091796875,2787.5048828125,2798.26806640625,41374000,2798.1591796875,"Indonesia","^JKSE"
2010-03-31,2798.67700195312,2809.47290039062,2758.26196289062,2777.30102539062,41736300,2777.19287109375,"Indonesia","^JKSE"
2010-04-01,2777.7041015625,2834.24096679688,2777.7041015625,2829.99609375,42051100,2829.88598632812,"Indonesia","^JKSE"
2010-04-05,2831.03100585938,2890.17602539062,2831.03100585938,2887.24609375,44192300,2887.1337890625,"Indonesia","^JKSE"
2010-04-06,2888.80590820312,2911.462890625,2871.7470703125,2880.96899414062,84458100,2880.85693359375,"Indonesia","^JKSE"
2010-04-07,2881.37109375,2916.10888671875,2881.37109375,2898.58203125,65778000,2898.46923828125,"Indonesia","^JKSE"
2010-04-08,2898.17993164062,2898.17993164062,2837.39990234375,2850.833984375,51323800,2850.72290039062,"Indonesia","^JKSE"
2010-04-09,2850.63305664062,2870.96899414062,2833.24389648438,2845.01098632812,42393300,2844.900390625,"Indonesia","^JKSE"
2010-04-12,2845.61401367188,2882.71411132812,2845.61401367188,2881.3330078125,50485000,2881.22094726562,"Indonesia","^JKSE"
2010-04-13,2881.02807617188,2884.94604492188,2856.2490234375,2884.69995117188,49876500,2884.58764648438,"Indonesia","^JKSE"
2010-04-14,2884.90087890625,2897.3291015625,2875.2529296875,2885.01489257812,50442600,2884.90258789062,"Indonesia","^JKSE"
2010-04-15,2885.11596679688,2913.71801757812,2885.11596679688,2900.53002929688,57186200,2900.41723632812,"Indonesia","^JKSE"
2010-04-16,2900.833984375,2903.27807617188,2860.92700195312,2878.6708984375,36312000,2878.55883789062,"Indonesia","^JKSE"
2010-04-19,2877.96801757812,2877.96801757812,2811.7880859375,2840.42504882812,37623100,2840.31469726562,"Indonesia","^JKSE"
2010-04-20,2840.6259765625,2892.6201171875,2840.6259765625,2891.27001953125,40735900,2891.15747070312,"Indonesia","^JKSE"
2010-04-21,2891.47094726562,2916.55200195312,2891.47094726562,2912.82592773438,65446100,2912.71264648438,"Indonesia","^JKSE"
2010-04-22,2912.72607421875,2927.39404296875,2883.01391601562,2926.53198242188,50073500,2926.41796875,"Indonesia","^JKSE"
2010-04-23,2926.1298828125,2926.38891601562,2907.03002929688,2924.73095703125,38537700,2924.61694335938,"Indonesia","^JKSE"
2010-04-26,2924.93188476562,2954.8291015625,2924.93188476562,2944.708984375,40750000,2944.59448242188,"Indonesia","^JKSE"
2010-04-27,2943.67700195312,2944.43994140625,2930.4189453125,2939.29907226562,42008700,2939.18481445312,"Indonesia","^JKSE"
2010-04-28,2938.998046875,2938.998046875,2875.66796875,2903.31909179688,51624300,2903.2060546875,"Indonesia","^JKSE"
2010-04-29,2903.52001953125,2927.96411132812,2903.52001953125,2926.86010742188,61415100,2926.74609375,"Indonesia","^JKSE"
2010-04-30,2927.26098632812,2972.9169921875,2927.26098632812,2971.251953125,52354600,2971.13647460938,"Indonesia","^JKSE"
2010-05-03,2971.7470703125,2982.35791015625,2950.43188476562,2960.89501953125,40869300,2960.77978515625,"Indonesia","^JKSE"
2010-05-04,2961.291015625,2996.4189453125,2946.4189453125,2959.01489257812,39115500,2958.89990234375,"Indonesia","^JKSE"
2010-05-05,2958.52001953125,2958.52001953125,2834.962890625,2846.23901367188,64284400,2846.12817382812,"Indonesia","^JKSE"
2010-05-06,2846.041015625,2846.041015625,2748.67895507812,2810.61596679688,49674100,2810.50659179688,"Indonesia","^JKSE"
2010-05-07,2808.73510742188,2808.73510742188,2705.205078125,2739.3330078125,35710700,2739.22631835938,"Indonesia","^JKSE"
2010-05-10,2739.92700195312,2860.05004882812,2739.92700195312,2850.42700195312,57259100,2850.31591796875,"Indonesia","^JKSE"
2010-05-11,2850.82299804688,2865.47802734375,2808.56811523438,2812.89111328125,50915600,2812.78173828125,"Indonesia","^JKSE"
2010-05-12,2812.98999023438,2849.07592773438,2812.98999023438,2847.6220703125,27651200,2847.51098632812,"Indonesia","^JKSE"
2010-05-14,2847.126953125,2869.48608398438,2843.84790039062,2858.38500976562,27961400,2858.27392578125,"Indonesia","^JKSE"
2010-05-17,2857.98901367188,2857.98901367188,2780.39404296875,2819.46997070312,26022700,2819.36010742188,"Indonesia","^JKSE"
2010-05-18,2820.47607421875,2837.56494140625,2818.8359375,2834.18603515625,31953300,2834.07568359375,"Indonesia","^JKSE"
2010-05-19,2833.69091796875,2833.69091796875,2721.72509765625,2729.48388671875,47880900,2729.37768554688,"Indonesia","^JKSE"
2010-05-20,2730.2880859375,2763.88110351562,2660.11889648438,2694.2490234375,49228600,2694.14428710938,"Indonesia","^JKSE"
2010-05-21,2692.6650390625,2692.6650390625,2584.96899414062,2623.22094726562,41668500,2623.11889648438,"Indonesia","^JKSE"
2010-05-24,2623.71606445312,2672.86206054688,2600.85205078125,2609.61010742188,54224200,2609.50854492188,"Indonesia","^JKSE"
2010-05-25,2609.01611328125,2609.01611328125,2502.05395507812,2514.11889648438,71613600,2514.02099609375,"Indonesia","^JKSE"
2010-05-26,2514.91088867188,2701.99194335938,2514.91088867188,2696.78002929688,96599900,2696.67504882812,"Indonesia","^JKSE"
2010-05-27,2696.28491210938,2732.06201171875,2618.28295898438,2713.92309570312,100495800,2713.8173828125,"Indonesia","^JKSE"
2010-05-31,2714.31909179688,2799.45288085938,2714.31909179688,2796.95703125,56586900,2796.84814453125,"Indonesia","^JKSE"
2010-06-01,2796.65991210938,2796.65991210938,2724.11108398438,2724.61499023438,5.5e+07,2724.50903320312,"Indonesia","^JKSE"
2010-06-02,2725.01098632812,2771.28100585938,2721.19409179688,2733.67797851562,59242600,2733.57177734375,"Indonesia","^JKSE"
2010-06-03,2734.17309570312,2811.83203125,2734.17309570312,2810.97705078125,63368500,2810.86767578125,"Indonesia","^JKSE"
2010-06-04,2810.8779296875,2823.86401367188,2791.455078125,2823.2509765625,49708300,2823.14111328125,"Indonesia","^JKSE"
2010-06-07,2820.875,2820.875,2698.28100585938,2750.23291015625,39668300,2750.1259765625,"Indonesia","^JKSE"
2010-06-08,2750.35302734375,2781.35107421875,2750.35302734375,2779.98291015625,43080100,2779.87475585938,"Indonesia","^JKSE"
2010-06-09,2779.78491210938,2794.17993164062,2765.34790039062,2785.79296875,40994900,2785.68481445312,"Indonesia","^JKSE"
2010-06-10,2786.18896484375,2792.52392578125,2758.1630859375,2770.787109375,34594200,2770.67944335938,"Indonesia","^JKSE"
2010-06-11,2771.47998046875,2817.40698242188,2771.47998046875,2801.89892578125,30751100,2801.78979492188,"Indonesia","^JKSE"
2010-06-14,2802.09692382812,2826.95703125,2802.09692382812,2826.8369140625,24995300,2826.72705078125,"Indonesia","^JKSE"
2010-06-15,2827.03491210938,2850.03198242188,2824.38305664062,2830.17309570312,37229900,2830.06298828125,"Indonesia","^JKSE"
2010-06-16,2830.66796875,2877.85400390625,2830.66796875,2858.65893554688,37776100,2858.5478515625,"Indonesia","^JKSE"
2010-06-17,2856.36889648438,2897.60791015625,2856.36889648438,2891.09790039062,49582800,2890.9853515625,"Indonesia","^JKSE"
2010-06-18,2891.2958984375,2932.06396484375,2891.2958984375,2929.58911132812,63241400,2929.47509765625,"Indonesia","^JKSE"
2010-06-21,2929.98510742188,2981.27807617188,2926.07788085938,2941.90307617188,54836200,2941.78857421875,"Indonesia","^JKSE"
2010-06-22,2940.89697265625,2956.81005859375,2921.30004882812,2934.58911132812,34480600,2934.47485351562,"Indonesia","^JKSE"
2010-06-23,2933.89599609375,2933.89599609375,2899.26611328125,2924.7900390625,45910300,2924.67602539062,"Indonesia","^JKSE"
2010-06-24,2924.88891601562,2946.5439453125,2908.34790039062,2914.09497070312,40566000,2913.98168945312,"Indonesia","^JKSE"
2010-06-25,2913.79809570312,2949.416015625,2904.39208984375,2947.02294921875,25184500,2946.908203125,"Indonesia","^JKSE"
2010-06-28,2947.21997070312,2975.89599609375,2945.22290039062,2955.73193359375,29699400,2955.61694335938,"Indonesia","^JKSE"
2010-06-29,2955.8310546875,2960.81103515625,2872.4169921875,2893.37109375,27437700,2893.25854492188,"Indonesia","^JKSE"
2010-06-30,2892.580078125,2918.06298828125,2844.44799804688,2913.68408203125,24859700,2913.57080078125,"Indonesia","^JKSE"
2010-07-01,2912.88110351562,2912.88110351562,2860.912109375,2874.248046875,38617700,2874.13623046875,"Indonesia","^JKSE"
2010-07-02,2874.84106445312,2891.18505859375,2861.22509765625,2871.55395507812,24510400,2871.44213867188,"Indonesia","^JKSE"
2010-07-05,2871.94897460938,2885.35498046875,2869.07495117188,2877.30395507812,22568500,2877.19189453125,"Indonesia","^JKSE"
2010-07-06,2877.40307617188,2912.0830078125,2864.74609375,2910.64794921875,24580200,2910.53466796875,"Indonesia","^JKSE"
2010-07-07,2910.52807617188,2913.84399414062,2890.28588867188,2902.0439453125,20540500,2901.93115234375,"Indonesia","^JKSE"
2010-07-08,2902.63403320312,2936.25903320312,2902.63403320312,2915.90795898438,41989100,2915.79467773438,"Indonesia","^JKSE"
2010-07-09,2916.20190429688,2943.9599609375,2909.666015625,2943.89599609375,42852300,2943.78149414062,"Indonesia","^JKSE"
2010-07-12,2942.126953125,2972.56201171875,2940.60400390625,2958.791015625,34634600,2958.67602539062,"Indonesia","^JKSE"
2010-07-13,2957.79296875,2978.50610351562,2946.40795898438,2961.51196289062,27671900,2961.39672851562,"Indonesia","^JKSE"
2010-07-14,2961.708984375,2994.5869140625,2961.708984375,2981.05908203125,39458200,2980.94287109375,"Indonesia","^JKSE"
2010-07-15,2980.06103515625,2987.0419921875,2956.88891601562,2980.59692382812,45256300,2980.48071289062,"Indonesia","^JKSE"
2010-07-16,2980.47802734375,2992.44995117188,2972.26611328125,2992.44995117188,43437600,2992.33349609375,"Indonesia","^JKSE"
2010-07-19,2992.15502929688,2992.15502929688,2948.02905273438,2975.57202148438,29147800,2975.45629882812,"Indonesia","^JKSE"
2010-07-20,2975.86694335938,2995.44091796875,2970.79809570312,2995.44091796875,42827800,2995.32446289062,"Indonesia","^JKSE"
2010-07-21,2995.73608398438,3014.48095703125,2994.2119140625,3013.40087890625,50624800,3013.28369140625,"Indonesia","^JKSE"
2010-07-22,3013.69604492188,3019.01196289062,2997.30493164062,3009.92309570312,42180100,3009.80590820312,"Indonesia","^JKSE"
2010-07-23,3010.31494140625,3051.36499023438,3010.31494140625,3042.02001953125,51153000,3041.90161132812,"Indonesia","^JKSE"
2010-07-26,3042.11791992188,3062.95288085938,3014.55102539062,3023.69897460938,41815100,3023.58129882812,"Indonesia","^JKSE"
2010-07-27,3023.99291992188,3061.626953125,3023.99291992188,3041.67797851562,38118200,3041.5595703125,"Indonesia","^JKSE"
2010-07-28,3041.5791015625,3064.7890625,3041.5791015625,3057.47509765625,39927800,3057.35595703125,"Indonesia","^JKSE"
2010-07-29,3057.96704101562,3097.19311523438,3056.6708984375,3096.81591796875,45659200,3096.6953125,"Indonesia","^JKSE"
2010-07-30,3096.71801757812,3104.0791015625,3054.09692382812,3069.28002929688,33560600,3069.16064453125,"Indonesia","^JKSE"
2010-08-02,3070.27807617188,3083.86010742188,3048.5859375,3058.97900390625,29613000,3058.85986328125,"Indonesia","^JKSE"
2010-08-03,3059.3720703125,3084.16796875,2965.55810546875,2973.65600585938,43158300,2973.54028320312,"Indonesia","^JKSE"
2010-08-04,2973.85302734375,3001.1201171875,2959.75390625,2983.2470703125,30313800,2983.130859375,"Indonesia","^JKSE"
2010-08-05,2983.8369140625,3046.8740234375,2983.8369140625,3044.94091796875,35892100,3044.82250976562,"Indonesia","^JKSE"
2010-08-06,3045.43188476562,3062.68310546875,3031.42602539062,3060.59301757812,27844700,3060.47387695312,"Indonesia","^JKSE"
2010-08-09,3057.54809570312,3082.78491210938,3056.17407226562,3082.59790039062,24487600,3082.47778320312,"Indonesia","^JKSE"
2010-08-10,3082.99096679688,3083.2880859375,3047.21899414062,3057.16088867188,23919300,3057.04174804688,"Indonesia","^JKSE"
2010-08-11,3054.63598632812,3061.8779296875,3022.49609375,3035.31811523438,28779900,3035.19995117188,"Indonesia","^JKSE"
2010-08-12,3034.23803710938,3034.23803710938,2993.76904296875,3025.64404296875,25851700,3025.5263671875,"Indonesia","^JKSE"
2010-08-13,3025.74291992188,3053.56591796875,3025.74291992188,3053.01000976562,22483700,3052.89111328125,"Indonesia","^JKSE"
2010-08-16,3052.91088867188,3059.0400390625,3032.42504882812,3052.59912109375,26005500,3052.48022460938,"Indonesia","^JKSE"
2010-08-18,3053.35595703125,3072.82788085938,3045.22192382812,3072.0869140625,35134300,3071.96728515625,"Indonesia","^JKSE"
2010-08-19,3072.47705078125,3118.373046875,3072.47705078125,3105.35009765625,57274200,3105.22924804688,"Indonesia","^JKSE"
2010-08-20,3103.36596679688,3118.65209960938,3084.98608398438,3117.71997070312,44632400,3117.5986328125,"Indonesia","^JKSE"
2010-08-23,3117.42700195312,3129.65698242188,3107.76391601562,3128.73388671875,55150900,3128.61206054688,"Indonesia","^JKSE"
2010-08-24,3128.43798828125,3145.11499023438,3099.9150390625,3114.93896484375,49021600,3114.81762695312,"Indonesia","^JKSE"
2010-08-25,3114.74389648438,3140.15893554688,3102.51489257812,3138.90991210938,65868600,3138.78759765625,"Indonesia","^JKSE"
2010-08-26,3138.51904296875,3150.15893554688,3128.8701171875,3145.13500976562,69423400,3145.0126953125,"Indonesia","^JKSE"
2010-08-27,3145.037109375,3145.037109375,3089.68994140625,3104.73291015625,48185900,3104.6123046875,"Indonesia","^JKSE"
2010-08-30,3105.22094726562,3138.48803710938,3089.64111328125,3099.56494140625,38236500,3099.4443359375,"Indonesia","^JKSE"
2010-08-31,3098.77099609375,3099.7509765625,3058.05102539062,3081.88403320312,35991000,3081.76391601562,"Indonesia","^JKSE"
2010-09-01,3081.48706054688,3135.5400390625,3081.48706054688,3135.31591796875,38262900,3135.19384765625,"Indonesia","^JKSE"
2010-09-02,3135.70703125,3159.72412109375,3105.80810546875,3122.14892578125,40055000,3122.02758789062,"Indonesia","^JKSE"
2010-09-03,3122.24609375,3164.36206054688,3122.24609375,3164.27709960938,36230200,3164.15405273438,"Indonesia","^JKSE"
2010-09-06,3164.47290039062,3217.36694335938,3164.47290039062,3217.14794921875,28435500,3217.02270507812,"Indonesia","^JKSE"
2010-09-07,3217.5390625,3239.4541015625,3214.19506835938,3230.88793945312,36835100,3230.76220703125,"Indonesia","^JKSE"
2010-09-15,3232.0791015625,3360.05395507812,3232.0791015625,3357.03198242188,46833300,3356.9013671875,"Indonesia","^JKSE"
2010-09-16,3357.1298828125,3358.12109375,3317.794921875,3341.63208007812,50943400,3341.50219726562,"Indonesia","^JKSE"
2010-09-17,3341.43603515625,3390.55590820312,3341.43603515625,3384.65307617188,92721600,3384.521484375,"Indonesia","^JKSE"
2010-09-20,3384.55590820312,3392.05908203125,3344.90087890625,3370.98193359375,102815200,3370.85083007812,"Indonesia","^JKSE"
2010-09-21,3371.47094726562,3405.84912109375,3342.2041015625,3365.037109375,100983500,3364.90625,"Indonesia","^JKSE"
2010-09-22,3365.13403320312,3380.2041015625,3332.26904296875,3343.34301757812,112246400,3343.21264648438,"Indonesia","^JKSE"
2010-09-23,3343.83203125,3351.38793945312,3313.31201171875,3337.19702148438,75105000,3337.06713867188,"Indonesia","^JKSE"
2010-09-24,3338.7109375,3400.56298828125,3331.85888671875,3397.6259765625,49811300,3397.49365234375,"Indonesia","^JKSE"
2010-09-27,3397.82104492188,3472.02905273438,3397.82104492188,3468.03588867188,60521200,3467.90087890625,"Indonesia","^JKSE"
2010-09-28,3468.23193359375,3524.31591796875,3455.5009765625,3472.70703125,61810900,3472.57202148438,"Indonesia","^JKSE"
2010-09-29,3473.29296875,3513.35595703125,3473.29296875,3495.46411132812,61190500,3495.328125,"Indonesia","^JKSE"
2010-09-30,3495.76000976562,3514.76904296875,3487.712890625,3501.2958984375,55774300,3501.15991210938,"Indonesia","^JKSE"
2010-10-01,3501.19897460938,3550.03491210938,3501.19897460938,3547.11499023438,50247800,3546.97705078125,"Indonesia","^JKSE"
2010-10-04,3547.31005859375,3594.36694335938,3547.31005859375,3569.498046875,56368500,3569.35913085938,"Indonesia","^JKSE"
2010-10-05,3569.59497070312,3592.09106445312,3553.0869140625,3591.69506835938,68355200,3591.55517578125,"Indonesia","^JKSE"
2010-10-06,3592.083984375,3630.38598632812,3582.251953125,3603.40405273438,81232300,3603.26391601562,"Indonesia","^JKSE"
2010-10-07,3603.5,3605.53491210938,3540.61206054688,3586.18603515625,64812100,3586.04638671875,"Indonesia","^JKSE"
2010-10-08,3585.89501953125,3585.89501953125,3532.01391601562,3546.9541015625,54248000,3546.81616210938,"Indonesia","^JKSE"
2010-10-11,3547.72192382812,3575.23901367188,3536.51391601562,3548.74609375,54496100,3548.60791015625,"Indonesia","^JKSE"
2010-10-12,3548.93896484375,3565.40795898438,3535.78393554688,3547.248046875,64487400,3547.11010742188,"Indonesia","^JKSE"
2010-10-13,3549.46997070312,3611.97900390625,3547.98095703125,3611.97900390625,85224100,3611.83837890625,"Indonesia","^JKSE"
2010-10-14,3612.1708984375,3645.61010742188,3603.0009765625,3618.47802734375,66365500,3618.33715820312,"Indonesia","^JKSE"
2010-10-15,3619.46606445312,3619.46606445312,3584.787109375,3597.03100585938,50094300,3596.89111328125,"Indonesia","^JKSE"
2010-10-18,3596.83911132812,3596.83911132812,3557.27490234375,3566.91796875,49795600,3566.77905273438,"Indonesia","^JKSE"
2010-10-19,3567.412109375,3599.82006835938,3567.412109375,3592.7880859375,64020700,3592.64819335938,"Indonesia","^JKSE"
2010-10-20,3592.5,3592.5,3537.08911132812,3578.9541015625,82157600,3578.81494140625,"Indonesia","^JKSE"
2010-10-21,3579.14599609375,3610.55908203125,3579.14599609375,3588.01000976562,68012400,3587.87036132812,"Indonesia","^JKSE"
2010-10-22,3588.7509765625,3605.21411132812,3582.81103515625,3597.7451171875,51559900,3597.60522460938,"Indonesia","^JKSE"
2010-10-25,3598.2060546875,3644.71997070312,3598.2060546875,3643.49096679688,51321400,3643.34912109375,"Indonesia","^JKSE"
2010-10-26,3643.10791015625,3661.19604492188,3638.06396484375,3654.10205078125,53657000,3653.9599609375,"Indonesia","^JKSE"
2010-10-27,3652.18603515625,3667.01391601562,3602.1220703125,3624.46704101562,51160600,3624.32592773438,"Indonesia","^JKSE"
2010-10-28,3623.89208984375,3643.52392578125,3614.63403320312,3638.82592773438,43195900,3638.68408203125,"Indonesia","^JKSE"
2010-10-29,3639.208984375,3647.56494140625,3615.22412109375,3635.32397460938,34923600,3635.18237304688,"Indonesia","^JKSE"
2010-11-01,3635.51611328125,3663.78588867188,3621.56396484375,3645.14697265625,38168300,3645.00512695312,"Indonesia","^JKSE"
2010-11-02,3644.17504882812,3648.26196289062,3616.36889648438,3625.48803710938,49374100,3625.34692382812,"Indonesia","^JKSE"
2010-11-03,3625.67993164062,3641.73291015625,3590.3740234375,3605.67309570312,47337100,3605.53295898438,"Indonesia","^JKSE"
2010-11-04,3605.86499023438,3633.69189453125,3604.71997070312,3629.0458984375,41669600,3628.90478515625,"Indonesia","^JKSE"
2010-11-05,3629.71606445312,3665.84912109375,3629.71606445312,3655.30493164062,49451700,3655.16259765625,"Indonesia","^JKSE"
2010-11-08,3655.40087890625,3700.5380859375,3654.48095703125,3699.26293945312,41320300,3699.11889648438,"Indonesia","^JKSE"
2010-11-09,3699.15405273438,3742.77197265625,3689.7470703125,3737.48388671875,59587600,3737.33862304688,"Indonesia","^JKSE"
2010-11-10,3738.05590820312,3759.47705078125,3731.19189453125,3756.96704101562,71330800,3756.82080078125,"Indonesia","^JKSE"
2010-11-11,3757.34692382812,3777.91796875,3721.89306640625,3744.61791992188,78274500,3744.47216796875,"Indonesia","^JKSE"
2010-11-12,3744.52294921875,3744.53491210938,3633.41796875,3665.84594726562,58737900,3665.703125,"Indonesia","^JKSE"
2010-11-15,3665.0859375,3674.56811523438,3633.14892578125,3656.4619140625,57098700,3656.31958007812,"Indonesia","^JKSE"
2010-11-16,3656.93701171875,3682.7958984375,3637.90405273438,3674.02709960938,67855800,3673.88403320312,"Indonesia","^JKSE"
2010-11-18,3673.55102539062,3682.36596679688,3641.166015625,3677.90405273438,137832000,3677.76098632812,"Indonesia","^JKSE"
2010-11-19,3678.47412109375,3725.04809570312,3678.47412109375,3725.04809570312,83904100,3724.90307617188,"Indonesia","^JKSE"
2010-11-22,3725.3330078125,3742.94409179688,3707.89501953125,3741.22900390625,54562700,3741.08325195312,"Indonesia","^JKSE"
2010-11-23,3741.0390625,3741.0390625,3658.57690429688,3678.19409179688,67385300,3678.05102539062,"Indonesia","^JKSE"
2010-11-24,3677.6240234375,3684.15405273438,3619.88110351562,3658.77709960938,54330600,3658.634765625,"Indonesia","^JKSE"
2010-11-25,3659.15698242188,3710.94311523438,3659.15698242188,3702.01293945312,85829100,3701.86889648438,"Indonesia","^JKSE"
2010-11-26,3701.9189453125,3710.4599609375,3632.09497070312,3642.5,90591300,3642.35815429688,"Indonesia","^JKSE"
2010-11-29,3642.876953125,3642.876953125,3573.22094726562,3630.63598632812,50401500,3630.49487304688,"Indonesia","^JKSE"
2010-11-30,3631.5400390625,3633.98999023438,3529.85400390625,3531.2109375,79712800,3531.07348632812,"Indonesia","^JKSE"
2010-12-01,3530.92602539062,3619.09399414062,3530.92602539062,3619.09399414062,66508300,3618.953125,"Indonesia","^JKSE"
2010-12-02,3619.84790039062,3706.39794921875,3619.84790039062,3694.580078125,65178300,3694.43603515625,"Indonesia","^JKSE"
2010-12-03,3694.67407226562,3728.09301757812,3679.8349609375,3696.26000976562,39808400,3696.11596679688,"Indonesia","^JKSE"
2010-12-06,3696.72900390625,3728.96704101562,3696.72900390625,3722.34692382812,39784700,3722.2021484375,"Indonesia","^JKSE"
2010-12-08,3722.90893554688,3771.787109375,3722.90893554688,3769.99291992188,43078500,3769.84594726562,"Indonesia","^JKSE"
2010-12-09,3771.48706054688,3788.56494140625,3764.2880859375,3786.09692382812,47791600,3785.94946289062,"Indonesia","^JKSE"
2010-12-10,3784.65698242188,3784.65698242188,3728.98388671875,3747.71411132812,49468500,3747.568359375,"Indonesia","^JKSE"
2010-12-13,3747.80688476562,3751.93310546875,3681.32397460938,3692.23193359375,37966100,3692.08813476562,"Indonesia","^JKSE"
2010-12-14,3692.4189453125,3712.3349609375,3676.72705078125,3689.666015625,35754300,3689.5224609375,"Indonesia","^JKSE"
2010-12-15,3691.11401367188,3691.11401367188,3613.67309570312,3658.31396484375,41483000,3658.17163085938,"Indonesia","^JKSE"
2010-12-16,3657.47412109375,3657.47412109375,3554.84790039062,3571.73803710938,40147400,3571.59912109375,"Indonesia","^JKSE"
2010-12-17,3571.4580078125,3601.84912109375,3536.662109375,3581.56494140625,31291800,3581.42529296875,"Indonesia","^JKSE"
2010-12-20,3589.14990234375,3591.2900390625,3537.66796875,3568.81005859375,35779900,3568.67114257812,"Indonesia","^JKSE"
2010-12-21,3569.462890625,3642.09594726562,3569.462890625,3637.44604492188,25533800,3637.30419921875,"Indonesia","^JKSE"
2010-12-22,3637.68603515625,3649.98095703125,3610.56591796875,3620.68408203125,22447400,3620.54296875,"Indonesia","^JKSE"
2010-12-23,3621.63208007812,3626.11889648438,3587.99291992188,3611.53100585938,19787100,3611.39038085938,"Indonesia","^JKSE"
2010-12-27,3611.998046875,3626.2470703125,3601.47705078125,3625.26611328125,18671400,3625.125,"Indonesia","^JKSE"
2010-12-28,3625.73193359375,3672.17797851562,3623.8310546875,3659.99291992188,20076600,3659.85034179688,"Indonesia","^JKSE"
2010-12-29,3660.0859375,3704.0048828125,3660.0859375,3699.21704101562,18902500,3699.07299804688,"Indonesia","^JKSE"
2010-12-30,3698.93798828125,3718.98291015625,3689.03295898438,3703.51196289062,20503500,3703.36791992188,"Indonesia","^JKSE"
2011-01-03,3704.44091796875,3738.58911132812,3704.44091796875,3727.51708984375,35205800,3727.3720703125,"Indonesia","^JKSE"
2011-01-04,3727.7958984375,3763.38305664062,3724.47192382812,3760.06103515625,53135600,3759.91479492188,"Indonesia","^JKSE"
2011-01-05,3759.96899414062,3786.05493164062,3728.91088867188,3783.708984375,33610700,3783.56176757812,"Indonesia","^JKSE"
2011-01-06,3782.99291992188,3789.47290039062,3720.57299804688,3736.25708007812,28831900,3736.11181640625,"Indonesia","^JKSE"
2011-01-07,3734.3720703125,3734.3720703125,3607.32592773438,3631.45288085938,36417500,3631.31176757812,"Indonesia","^JKSE"
2011-01-10,3631.26708984375,3631.26708984375,3449.580078125,3478.54907226562,45480800,3478.41357421875,"Indonesia","^JKSE"
2011-01-11,3478.0791015625,3550.36108398438,3434.27001953125,3455.126953125,38441100,3454.99243164062,"Indonesia","^JKSE"
2011-01-12,3455.40893554688,3555.38598632812,3455.40893554688,3554.76611328125,50358200,3554.62768554688,"Indonesia","^JKSE"
2011-01-13,3555.330078125,3630.68408203125,3549.00805664062,3564.93701171875,43284500,3564.79809570312,"Indonesia","^JKSE"
2011-01-14,3564.65209960938,3569.64404296875,3518.56396484375,3569.14404296875,25314200,3569.00512695312,"Indonesia","^JKSE"
2011-01-17,3568.76806640625,3569.97192382812,3506.8740234375,3535.73095703125,20206900,3535.59326171875,"Indonesia","^JKSE"
2011-01-18,3536.20092773438,3548.69311523438,3507.96899414062,3548.64892578125,27627900,3548.5107421875,"Indonesia","^JKSE"
2011-01-19,3548.64892578125,3558.6669921875,3511.63891601562,3534.28393554688,25022400,3534.14624023438,"Indonesia","^JKSE"
2011-01-20,3534.001953125,3534.001953125,3441.6298828125,3454.11791992188,30135000,3453.9833984375,"Indonesia","^JKSE"
2011-01-21,3453.27197265625,3453.27197265625,3309.61596679688,3379.54296875,33749900,3379.41137695312,"Indonesia","^JKSE"
2011-01-24,3380.4970703125,3396.84594726562,3321.67700195312,3346.06103515625,22641900,3345.9306640625,"Indonesia","^JKSE"
2011-01-25,3347.01611328125,3445.97900390625,3347.01611328125,3433.90600585938,27707000,3433.77221679688,"Indonesia","^JKSE"
2011-01-26,3434.14697265625,3501.71704101562,3414.68701171875,3501.71704101562,31347100,3501.58081054688,"Indonesia","^JKSE"
2011-01-27,3500.75,3549.48388671875,3495.94995117188,3514.6240234375,32035800,3514.4873046875,"Indonesia","^JKSE"
2011-01-28,3514.15405273438,3514.15405273438,3462.36694335938,3487.61010742188,20956700,3487.47436523438,"Indonesia","^JKSE"
2011-01-31,3487.13989257812,3487.13989257812,3383.15795898438,3409.1669921875,26295400,3409.03442382812,"Indonesia","^JKSE"
2011-02-01,3411.07592773438,3452.02001953125,3411.07592773438,3442.5009765625,26648100,3442.3671875,"Indonesia","^JKSE"
2011-02-02,3443.15893554688,3490.25390625,3443.15893554688,3480.82592773438,22661100,3480.6904296875,"Indonesia","^JKSE"
2011-02-04,3480.919921875,3500.544921875,3462.94189453125,3496.1689453125,18968300,3496.03295898438,"Indonesia","^JKSE"
2011-02-07,3497.10791015625,3521.63305664062,3476.35205078125,3487.70703125,17428200,3487.5712890625,"Indonesia","^JKSE"
2011-02-08,3487.99096679688,3500.458984375,3450.04907226562,3459.93310546875,22593200,3459.79833984375,"Indonesia","^JKSE"
2011-02-09,3458.2490234375,3458.2490234375,3384.8798828125,3417.47094726562,24111400,3417.337890625,"Indonesia","^JKSE"
2011-02-10,3417.19091796875,3417.19091796875,3336.8291015625,3373.64404296875,22218100,3373.51245117188,"Indonesia","^JKSE"
2011-02-11,3372.69897460938,3393.51904296875,3338.53100585938,3391.76611328125,24392800,3391.63403320312,"Indonesia","^JKSE"
2011-02-14,3392.60302734375,3430.0400390625,3392.60302734375,3416.76708984375,19918500,3416.63403320312,"Indonesia","^JKSE"
2011-02-16,3416.5810546875,3417.35400390625,3387.2529296875,3416.78491210938,17924000,3416.65185546875,"Indonesia","^JKSE"
2011-02-17,3416.97094726562,3440.72705078125,3414.65795898438,3434.3798828125,23202500,3434.24609375,"Indonesia","^JKSE"
2011-02-18,3435.31103515625,3507.95288085938,3435.31103515625,3501.4970703125,35302700,3501.36083984375,"Indonesia","^JKSE"
2011-02-21,3500.95190429688,3520.64111328125,3488.61401367188,3497.64306640625,25743300,3497.50708007812,"Indonesia","^JKSE"
2011-02-22,3497.36401367188,3497.36401367188,3437.2939453125,3451.10009765625,21495700,3450.96557617188,"Indonesia","^JKSE"
2011-02-23,3451.47192382812,3486.89599609375,3435.18798828125,3474.123046875,25428500,3473.98803710938,"Indonesia","^JKSE"
2011-02-24,3473.84204101562,3473.84204101562,3422.583984375,3439.13208007812,39513100,3438.99829101562,"Indonesia","^JKSE"
2011-02-25,3439.68994140625,3454.875,3429.02197265625,3443.53002929688,28782400,3443.39624023438,"Indonesia","^JKSE"
2011-02-28,3443.623046875,3471.43310546875,3436.09912109375,3470.34790039062,23695200,3470.212890625,"Indonesia","^JKSE"
2011-03-01,3470.626953125,3513.46899414062,3470.626953125,3512.61694335938,29649700,3512.48022460938,"Indonesia","^JKSE"
2011-03-02,3512.15209960938,3512.15209960938,3469.57495117188,3486.19702148438,27628100,3486.06127929688,"Indonesia","^JKSE"
2011-03-03,3484.52197265625,3512.89404296875,3483.80297851562,3494.5390625,28990600,3494.40307617188,"Indonesia","^JKSE"
2011-03-04,3495.09692382812,3543.54809570312,3495.09692382812,3542.90307617188,28558600,3542.76513671875,"Indonesia","^JKSE"
2011-03-07,3541.9580078125,3563.05297851562,3526.02905273438,3561.71704101562,20280700,3561.57836914062,"Indonesia","^JKSE"
2011-03-08,3561.43603515625,3580.31396484375,3551.71997070312,3580.31396484375,28541700,3580.17456054688,"Indonesia","^JKSE"
2011-03-09,3579.84912109375,3609.2109375,3577.36791992188,3598.67504882812,30038600,3598.53491210938,"Indonesia","^JKSE"
2011-03-10,3598.48901367188,3598.48901367188,3564.77294921875,3587.64794921875,26329800,3587.50830078125,"Indonesia","^JKSE"
2011-03-11,3587.27587890625,3587.27587890625,3513.09497070312,3542.22802734375,31212500,3542.09008789062,"Indonesia","^JKSE"
2011-03-14,3542.13500976562,3583.5029296875,3524.7880859375,3569.83911132812,33258300,3569.7001953125,"Indonesia","^JKSE"
2011-03-15,3569.28198242188,3569.28198242188,3476.69311523438,3524.48291015625,35965600,3524.345703125,"Indonesia","^JKSE"
2011-03-16,3524.66796875,3535.23095703125,3493.61010742188,3531.47705078125,27963500,3531.33959960938,"Indonesia","^JKSE"
2011-03-17,3531.291015625,3531.291015625,3465.60498046875,3484.2099609375,22173100,3484.07446289062,"Indonesia","^JKSE"
2011-03-18,3484.76806640625,3511.67211914062,3476.64501953125,3494.07006835938,27604100,3493.93408203125,"Indonesia","^JKSE"
2011-03-21,3493.14208984375,3519.86694335938,3493.14208984375,3518.84594726562,17264200,3518.708984375,"Indonesia","^JKSE"
2011-03-22,3518.93896484375,3530.39404296875,3497.55102539062,3517.72094726562,16468400,3517.58422851562,"Indonesia","^JKSE"
2011-03-23,3517.10791015625,3556.34204101562,3508.59497070312,3556.23095703125,19830900,3556.09252929688,"Indonesia","^JKSE"
2011-03-24,3556.51293945312,3611.92309570312,3551.41796875,3611.64111328125,35959100,3611.50048828125,"Indonesia","^JKSE"
2011-03-25,3611.82690429688,3639.68701171875,3591.5419921875,3607.11303710938,25886200,3606.97265625,"Indonesia","^JKSE"
2011-03-28,3602.81591796875,3612.205078125,3580.98999023438,3602.85888671875,19353400,3602.71875,"Indonesia","^JKSE"
2011-03-29,3601.916015625,3601.916015625,3570.40209960938,3591.51489257812,30067600,3591.375,"Indonesia","^JKSE"
2011-03-30,3591.6201171875,3641.84912109375,3591.52709960938,3640.97802734375,35240200,3640.83618164062,"Indonesia","^JKSE"
2011-03-31,3641.1640625,3683.47094726562,3637.43090820312,3678.67407226562,38931700,3678.53100585938,"Indonesia","^JKSE"
2011-04-01,3679.0458984375,3709.376953125,3678.287109375,3707.48706054688,28383200,3707.34301757812,"Indonesia","^JKSE"
2011-04-04,3707.39404296875,3729.30200195312,3681.80810546875,3700.04711914062,25418800,3699.90307617188,"Indonesia","^JKSE"
2011-04-05,3699.76806640625,3699.93603515625,3672.72290039062,3685.93603515625,27857400,3685.79272460938,"Indonesia","^JKSE"
2011-04-06,3685.84301757812,3728.166015625,3671.18090820312,3727.79809570312,35284000,3727.65307617188,"Indonesia","^JKSE"
2011-04-07,3729.7080078125,3741.83203125,3704.43310546875,3730.5830078125,31305800,3730.43774414062,"Indonesia","^JKSE"
2011-04-08,3730.67602539062,3749.27197265625,3724.01611328125,3741.81103515625,31001200,3741.66528320312,"Indonesia","^JKSE"
2011-04-11,3740.86791992188,3768.01904296875,3732.27807617188,3745.837890625,26305600,3745.69213867188,"Indonesia","^JKSE"
2011-04-12,3745.65209960938,3745.65209960938,3701.10791015625,3719.23291015625,23409500,3719.08813476562,"Indonesia","^JKSE"
2011-04-13,3718.9541015625,3736.09204101562,3701.34204101562,3734.4130859375,32992700,3734.26782226562,"Indonesia","^JKSE"
2011-04-14,3734.59790039062,3734.59790039062,3697.43310546875,3707.97900390625,27089600,3707.8349609375,"Indonesia","^JKSE"
2011-04-15,3707.88696289062,3733.48999023438,3706.67504882812,3730.51196289062,28619400,3730.36669921875,"Indonesia","^JKSE"
2011-04-18,3730.03491210938,3738.93188476562,3712.18408203125,3727.07299804688,23963800,3726.92797851562,"Indonesia","^JKSE"
2011-04-19,3726.88696289062,3732.7880859375,3691.29296875,3732.64990234375,27871400,3732.50463867188,"Indonesia","^JKSE"
2011-04-20,3732.92895507812,3794.76196289062,3732.92895507812,3794.76196289062,52085200,3794.6142578125,"Indonesia","^JKSE"
2011-04-21,3796.43310546875,3813.17700195312,3784.93701171875,3801.0810546875,33145900,3800.93310546875,"Indonesia","^JKSE"
2011-04-25,3801.35888671875,3809.80493164062,3777.42602539062,3788.5400390625,23404800,3788.392578125,"Indonesia","^JKSE"
2011-04-26,3787.59692382812,3790.47509765625,3743.76806640625,3774.87109375,39664800,3774.72412109375,"Indonesia","^JKSE"
2011-04-27,3775.14990234375,3806.9599609375,3775.14990234375,3804.93090820312,49082500,3804.78271484375,"Indonesia","^JKSE"
2011-04-28,3805.02392578125,3824.06811523438,3787.85595703125,3808.92895507812,38876600,3808.78076171875,"Indonesia","^JKSE"
2011-04-29,3807.98608398438,3822.63891601562,3796.7099609375,3819.61791992188,35713200,3819.46923828125,"Indonesia","^JKSE"
2011-05-02,3819.80395507812,3849.30004882812,3819.80395507812,3849.30004882812,38353900,3849.15014648438,"Indonesia","^JKSE"
2011-05-03,3847.38989257812,3847.38989257812,3802.69409179688,3813.86791992188,46020000,3813.71948242188,"Indonesia","^JKSE"
2011-05-04,3813.68188476562,3815.34692382812,3783.47900390625,3814.92797851562,65293500,3814.77954101562,"Indonesia","^JKSE"
2011-05-05,3814.462890625,3817.47094726562,3787.94311523438,3816.27197265625,73179300,3816.12353515625,"Indonesia","^JKSE"
2011-05-06,3815.99389648438,3815.99389648438,3781.34594726562,3798.55395507812,47658100,3798.40600585938,"Indonesia","^JKSE"
2011-05-09,3798.73901367188,3803.53393554688,3777.50903320312,3785.44995117188,42060500,3785.302734375,"Indonesia","^JKSE"
2011-05-10,3786.40307617188,3801.5,3782.169921875,3800.52001953125,85796300,3800.3720703125,"Indonesia","^JKSE"
2011-05-11,3800.61303710938,3838.42407226562,3800.61303710938,3838.14208984375,71791300,3837.99291992188,"Indonesia","^JKSE"
2011-05-12,3837.77099609375,3837.77099609375,3795.55004882812,3808.7099609375,97490400,3808.56176757812,"Indonesia","^JKSE"
2011-05-13,3809.42504882812,3832.02099609375,3809.42504882812,3832.02099609375,87893600,3831.87182617188,"Indonesia","^JKSE"
2011-05-16,3831.92797851562,3831.92797851562,3784.26196289062,3799.22607421875,47990800,3799.078125,"Indonesia","^JKSE"
2011-05-18,3800.1669921875,3845.037109375,3800.1669921875,3840.208984375,54670900,3840.0595703125,"Indonesia","^JKSE"
2011-05-19,3840.580078125,3867.26806640625,3840.580078125,3859.81005859375,62268900,3859.65991210938,"Indonesia","^JKSE"
2011-05-20,3859.90307617188,3872.95288085938,3855.88989257812,3872.95288085938,37198000,3872.80200195312,"Indonesia","^JKSE"
2011-05-23,3872.2119140625,3872.2119140625,3763.05590820312,3778.4541015625,69369200,3778.30712890625,"Indonesia","^JKSE"
2011-05-24,3778.36108398438,3786.01000976562,3765.98193359375,3785.94311523438,56566700,3785.7958984375,"Indonesia","^JKSE"
2011-05-25,3785.46704101562,3786.90209960938,3760.7919921875,3780.162109375,45028700,3780.01513671875,"Indonesia","^JKSE"
2011-05-26,3780.34692382812,3818.45703125,3780.34692382812,3814.81591796875,36431700,3814.66748046875,"Indonesia","^JKSE"
2011-05-27,3814.72290039062,3835.4560546875,3790.89794921875,3832.3779296875,25077600,3832.22875976562,"Indonesia","^JKSE"
2011-05-30,3831.42700195312,3836.86596679688,3813.662109375,3826.13696289062,30112500,3825.98779296875,"Indonesia","^JKSE"
2011-05-31,3826.32202148438,3841.42504882812,3819.30688476562,3836.96704101562,68115000,3836.81787109375,"Indonesia","^JKSE"
2011-06-01,3837.17700195312,3856.61401367188,3832.34301757812,3837.76098632812,64790200,3837.61181640625,"Indonesia","^JKSE"
2011-06-03,3837.66796875,3844.02001953125,3812.43188476562,3844.02001953125,34689300,3843.87036132812,"Indonesia","^JKSE"
2011-06-06,3843.73901367188,3843.73901367188,3819.59912109375,3834.20092773438,34642400,3834.0517578125,"Indonesia","^JKSE"
2011-06-07,3832.32104492188,3843.20703125,3815.55200195312,3842.95288085938,53371800,3842.80322265625,"Indonesia","^JKSE"
2011-06-08,3842.86108398438,3842.86108398438,3811.7509765625,3825.82104492188,47234500,3825.671875,"Indonesia","^JKSE"
2011-06-09,3825.63598632812,3829.81201171875,3797.15698242188,3806.18701171875,42358400,3806.03881835938,"Indonesia","^JKSE"
2011-06-10,3807.12109375,3821.84106445312,3779.27490234375,3787.64794921875,26341000,3787.50048828125,"Indonesia","^JKSE"
2011-06-13,3787.36889648438,3787.36889648438,3728.40209960938,3748.75805664062,36858900,3748.61206054688,"Indonesia","^JKSE"
2011-06-14,3747.82299804688,3775.24609375,3738.07202148438,3773.27294921875,27689500,3773.1259765625,"Indonesia","^JKSE"
2011-06-15,3773.36499023438,3809.69702148438,3773.36499023438,3794.2509765625,34900100,3794.10327148438,"Indonesia","^JKSE"
2011-06-16,3793.97509765625,3793.97509765625,3720.7880859375,3740.47094726562,41006900,3740.3251953125,"Indonesia","^JKSE"
2011-06-17,3739.537109375,3759.19799804688,3704.583984375,3722.30297851562,37490400,3722.158203125,"Indonesia","^JKSE"
2011-06-20,3722.5791015625,3751.7509765625,3710.81591796875,3729.1220703125,26923200,3728.97705078125,"Indonesia","^JKSE"
2011-06-21,3729.67309570312,3797.56298828125,3729.67309570312,3794.93896484375,36632800,3794.79125976562,"Indonesia","^JKSE"
2011-06-22,3795.30590820312,3822.4189453125,3795.30590820312,3821.83203125,36507500,3821.68334960938,"Indonesia","^JKSE"
2011-06-23,3821.55395507812,3829.626953125,3801.69995117188,3823.64990234375,32514100,3823.50122070312,"Indonesia","^JKSE"
2011-06-24,3823.55810546875,3854.18090820312,3817.3798828125,3848.55810546875,35181800,3848.408203125,"Indonesia","^JKSE"
2011-06-27,3848.3740234375,3848.3740234375,3806.71508789062,3813.42504882812,26289100,3813.27661132812,"Indonesia","^JKSE"
2011-06-28,3813.51708984375,3838.59399414062,3813.51708984375,3830.27294921875,33644400,3830.12377929688,"Indonesia","^JKSE"
2011-06-30,3830.4560546875,3896.1630859375,3830.4560546875,3888.56909179688,35665000,3888.41772460938,"Indonesia","^JKSE"
2011-07-01,3888.20190429688,3956.77587890625,3888.20190429688,3927.09790039062,31812700,3926.94506835938,"Indonesia","^JKSE"
2011-07-04,3927.18896484375,3962.28393554688,3927.18896484375,3953.51708984375,31742500,3953.36328125,"Indonesia","^JKSE"
2011-07-05,3953.14990234375,3958.11791992188,3905.72607421875,3924.126953125,37550800,3923.97436523438,"Indonesia","^JKSE"
2011-07-06,3923.66796875,3933.02099609375,3890.55004882812,3908.9560546875,35497000,3908.80395507812,"Indonesia","^JKSE"
2011-07-07,3909.13989257812,3944.94506835938,3908.57202148438,3939.47290039062,31545400,3939.31958007812,"Indonesia","^JKSE"
2011-07-08,3939.7490234375,4005.68603515625,3939.7490234375,4003.69091796875,31191500,4003.53491210938,"Indonesia","^JKSE"
2011-07-11,4002.75903320312,4002.75903320312,3971.31494140625,3995.5869140625,29286500,3995.43139648438,"Indonesia","^JKSE"
2011-07-12,3995.21997070312,3995.21997070312,3926.82690429688,3938.01489257812,33050300,3937.86157226562,"Indonesia","^JKSE"
2011-07-13,3938.2509765625,3980.86108398438,3938.2509765625,3980.84497070312,45785000,3980.68994140625,"Indonesia","^JKSE"
2011-07-14,3980.7529296875,3997.94995117188,3975.86694335938,3997.63500976562,42984100,3997.4794921875,"Indonesia","^JKSE"
2011-07-15,3997.87109375,4024.02709960938,3989.73510742188,4023.20190429688,33962500,4023.04541015625,"Indonesia","^JKSE"
2011-07-18,4024.13403320312,4042.72607421875,4021.80810546875,4032.97412109375,31163500,4032.81689453125,"Indonesia","^JKSE"
2011-07-19,4032.69897460938,4032.69897460938,4002.4560546875,4023.4169921875,53922700,4023.26049804688,"Indonesia","^JKSE"
2011-07-20,4023.60009765625,4055.05493164062,4020.82397460938,4050.63208007812,68009200,4050.47436523438,"Indonesia","^JKSE"
2011-07-21,4050.72290039062,4072.82788085938,4048.17993164062,4068.07299804688,75234200,4067.91455078125,"Indonesia","^JKSE"
2011-07-22,4069.93701171875,4109.083984375,4069.93701171875,4106.82177734375,64601300,4106.662109375,"Indonesia","^JKSE"
2011-07-25,4104.462890625,4104.462890625,4067.23608398438,4087.09399414062,60877700,4086.93481445312,"Indonesia","^JKSE"
2011-07-26,4086.45190429688,4133.68896484375,4082.19409179688,4132.77685546875,81604900,4132.6162109375,"Indonesia","^JKSE"
2011-07-27,4132.6748046875,4177.73876953125,4125.95703125,4174.11181640625,67338100,4173.94921875,"Indonesia","^JKSE"
2011-07-28,4172.248046875,4172.248046875,4122.0009765625,4145.8271484375,52125500,4145.666015625,"Indonesia","^JKSE"
2011-07-29,4146.7587890625,4160.498046875,4102.8232421875,4130.7998046875,51520000,4130.63916015625,"Indonesia","^JKSE"
2011-08-01,4131.73193359375,4193.55615234375,4131.73193359375,4193.44091796875,65618400,4193.27783203125,"Indonesia","^JKSE"
2011-08-02,4192.5087890625,4195.72412109375,4148.94580078125,4177.84619140625,58776600,4177.68359375,"Indonesia","^JKSE"
2011-08-03,4177.57080078125,4177.57080078125,4095.87109375,4136.5068359375,48664300,4136.34619140625,"Indonesia","^JKSE"
2011-08-04,4136.69091796875,4157.251953125,4095.625,4122.0859375,52262500,4121.92529296875,"Indonesia","^JKSE"
2011-08-05,4119.8828125,4119.8828125,3866.7119140625,3921.64306640625,85835700,3921.49047851562,"Indonesia","^JKSE"
2011-08-08,3920.81689453125,3920.81689453125,3714.92211914062,3850.26611328125,79017400,3850.1162109375,"Indonesia","^JKSE"
2011-08-09,3846.22802734375,3873.544921875,3590.94189453125,3735.11889648438,86494600,3734.9736328125,"Indonesia","^JKSE"
2011-08-10,3736.03588867188,3883.54711914062,3736.03588867188,3863.57592773438,63159300,3863.42553710938,"Indonesia","^JKSE"
2011-08-11,3863.39208984375,3871.28295898438,3803.251953125,3869.36499023438,57873800,3869.21435546875,"Indonesia","^JKSE"
2011-08-12,3868.63110351562,3926.55200195312,3864.4208984375,3890.52587890625,49834500,3890.37451171875,"Indonesia","^JKSE"
2011-08-15,3890.80200195312,3960.52099609375,3890.80200195312,3960.02197265625,43713700,3959.86767578125,"Indonesia","^JKSE"
2011-08-16,3960.11303710938,3996.37109375,3937.68798828125,3953.27709960938,67781600,3953.12329101562,"Indonesia","^JKSE"
2011-08-18,3953.82788085938,4020.99389648438,3953.82788085938,4020.99389648438,55251900,4020.83740234375,"Indonesia","^JKSE"
2011-08-19,4019.80102539062,4019.80102539062,3823.373046875,3842.748046875,52137200,3842.59838867188,"Indonesia","^JKSE"
2011-08-22,3843.67993164062,3854.19091796875,3761.02490234375,3839.61596679688,39682400,3839.466796875,"Indonesia","^JKSE"
2011-08-23,3840.06103515625,3881.19506835938,3821.38305664062,3880.46411132812,41083400,3880.31298828125,"Indonesia","^JKSE"
2011-08-24,3881.39599609375,3906.49194335938,3840.47998046875,3847.02001953125,39053000,3846.8701171875,"Indonesia","^JKSE"
2011-08-25,3847.38696289062,3886.169921875,3835.02197265625,3844.376953125,33077600,3844.22729492188,"Indonesia","^JKSE"
2011-08-26,3842.51293945312,3847.25390625,3800.47998046875,3841.73095703125,23908500,3841.58154296875,"Indonesia","^JKSE"
2011-09-05,3842.64892578125,3912.18701171875,3841.71704101562,3866.17211914062,26667800,3866.02172851562,"Indonesia","^JKSE"
2011-09-06,3865.52905273438,3891.02807617188,3829.60888671875,3889.97094726562,29806200,3889.81958007812,"Indonesia","^JKSE"
2011-09-07,3890.52099609375,4002.40405273438,3890.52099609375,4001.43310546875,43959400,4001.27734375,"Indonesia","^JKSE"
2011-09-08,4001.7080078125,4021.75610351562,3978.34301757812,4005.38989257812,37592800,4005.23388671875,"Indonesia","^JKSE"
2011-09-09,4004.458984375,4028.48388671875,3991.57592773438,3998.501953125,30534100,3998.34643554688,"Indonesia","^JKSE"
2011-09-12,3997.21997070312,3997.21997070312,3880.69897460938,3896.11889648438,27234300,3895.96752929688,"Indonesia","^JKSE"
2011-09-13,3896.2109375,3929.54907226562,3855.03588867188,3874.78295898438,34904600,3874.63208007812,"Indonesia","^JKSE"
2011-09-14,3875.05810546875,3897.31298828125,3775.36889648438,3799.037109375,41940800,3798.88916015625,"Indonesia","^JKSE"
2011-09-15,3799.40307617188,3829.3759765625,3710.09204101562,3774.333984375,32731900,3774.18701171875,"Indonesia","^JKSE"
2011-09-16,3775.44995117188,3850.28393554688,3775.44995117188,3835.18090820312,31390800,3835.03173828125,"Indonesia","^JKSE"
2011-09-19,3834.0810546875,3834.0810546875,3739.51391601562,3755.05200195312,26730300,3754.90576171875,"Indonesia","^JKSE"
2011-09-20,3754.830078125,3754.830078125,3673.21606445312,3752.11010742188,35175400,3751.96411132812,"Indonesia","^JKSE"
2011-09-21,3751.92700195312,3752.29907226562,3687.9130859375,3697.49389648438,26124200,3697.34985351562,"Indonesia","^JKSE"
2011-09-22,3695.93701171875,3695.93701171875,3360.19311523438,3369.14306640625,52903800,3369.01220703125,"Indonesia","^JKSE"
2011-09-23,3367.40307617188,3426.82788085938,3258.3720703125,3426.34594726562,39180900,3426.21264648438,"Indonesia","^JKSE"
2011-09-26,3425.60205078125,3429.462890625,3217.95092773438,3316.13696289062,48894300,3316.00805664062,"Indonesia","^JKSE"
2011-09-27,3316.68603515625,3487.75708007812,3316.68603515625,3473.93798828125,42886800,3473.80297851562,"Indonesia","^JKSE"
2011-09-28,3474.31005859375,3531.88891601562,3452.97998046875,3513.166015625,40210500,3513.029296875,"Indonesia","^JKSE"
2011-09-29,3512.98291015625,3549.18408203125,3466.6259765625,3537.17797851562,26702100,3537.04028320312,"Indonesia","^JKSE"
2011-09-30,3537.27001953125,3579.662109375,3523.17407226562,3549.03198242188,31074600,3548.89379882812,"Indonesia","^JKSE"
2011-10-03,3548.11596679688,3548.11596679688,3329.8701171875,3348.7080078125,35605800,3348.57763671875,"Indonesia","^JKSE"
2011-10-04,3347.21997070312,3352.39501953125,3256.44189453125,3269.45092773438,38783700,3269.32373046875,"Indonesia","^JKSE"
2011-10-05,3269.54296875,3315.68505859375,3269.54296875,3293.23901367188,29217000,3293.11083984375,"Indonesia","^JKSE"
2011-10-06,3293.51391601562,3447.07397460938,3293.51391601562,3443.10595703125,42704300,3442.97216796875,"Indonesia","^JKSE"
2011-10-07,3443.47192382812,3526.80102539062,3418.13598632812,3425.68408203125,42566600,3425.55078125,"Indonesia","^JKSE"
2011-10-10,3424.56909179688,3452.42309570312,3413.26708984375,3451.083984375,20438300,3450.94946289062,"Indonesia","^JKSE"
2011-10-11,3451.63305664062,3563.40795898438,3451.63305664062,3531.7529296875,55539300,3531.61547851562,"Indonesia","^JKSE"
2011-10-12,3522.81689453125,3637.123046875,3516.6220703125,3635.93090820312,71960600,3635.7890625,"Indonesia","^JKSE"
2011-10-13,3636.57104492188,3702.75610351562,3636.57104492188,3675.38403320312,79293800,3675.24096679688,"Indonesia","^JKSE"
2011-10-14,3675.01293945312,3688.13989257812,3639.34301757812,3664.67993164062,39296400,3664.537109375,"Indonesia","^JKSE"
2011-10-17,3665.32006835938,3730.30297851562,3665.32006835938,3729.01489257812,73293900,3728.86987304688,"Indonesia","^JKSE"
2011-10-18,3728.00903320312,3728.00903320312,3580.76904296875,3622.02709960938,51376300,3621.88598632812,"Indonesia","^JKSE"
2011-10-19,3622.57592773438,3697.38598632812,3622.57592773438,3685.30590820312,50626700,3685.16259765625,"Indonesia","^JKSE"
2011-10-20,3684.84790039062,3684.84790039062,3593.65600585938,3622.77587890625,30644600,3622.634765625,"Indonesia","^JKSE"
2011-10-21,3622.86694335938,3643.84594726562,3594.48803710938,3620.6640625,30897100,3620.52294921875,"Indonesia","^JKSE"
2011-10-24,3621.1220703125,3716.64404296875,3621.1220703125,3706.78198242188,48331400,3706.63793945312,"Indonesia","^JKSE"
2011-10-25,3706.69091796875,3733.92700195312,3699.43701171875,3710.47802734375,29870500,3710.33374023438,"Indonesia","^JKSE"
2011-10-26,3710.38696289062,3740.73193359375,3680.15209960938,3738.60693359375,30382600,3738.46142578125,"Indonesia","^JKSE"
2011-10-27,3739.53588867188,3814.5810546875,3739.53588867188,3813.00390625,58927300,3812.85546875,"Indonesia","^JKSE"
2011-10-28,3814.01098632812,3875.11206054688,3811.39404296875,3829.9599609375,50679300,3829.81079101562,"Indonesia","^JKSE"
2011-10-31,3830.875,3830.875,3758.49291992188,3790.84692382812,36412500,3790.69946289062,"Indonesia","^JKSE"
2011-11-01,3790.11499023438,3790.11499023438,3681.34106445312,3685.01196289062,40125300,3684.86865234375,"Indonesia","^JKSE"
2011-11-02,3684.18798828125,3763.39208984375,3624.22802734375,3763.03393554688,49329700,3762.8876953125,"Indonesia","^JKSE"
2011-11-03,3763.30810546875,3763.30810546875,3686.0048828125,3705.81005859375,35708700,3705.666015625,"Indonesia","^JKSE"
2011-11-04,3706.44995117188,3801.06396484375,3706.44995117188,3783.6279296875,33167800,3783.48071289062,"Indonesia","^JKSE"
2011-11-07,3783.080078125,3791.81494140625,3765.23803710938,3778.23999023438,23496400,3778.09301757812,"Indonesia","^JKSE"
2011-11-08,3778.69702148438,3806.92407226562,3778.69702148438,3805.64794921875,22485000,3805.49975585938,"Indonesia","^JKSE"
2011-11-09,3806.46997070312,3859.09790039062,3806.46997070312,3857.36303710938,33282300,3857.212890625,"Indonesia","^JKSE"
2011-11-10,3856.44897460938,3856.44897460938,3748.0869140625,3783.88110351562,29288000,3783.73388671875,"Indonesia","^JKSE"
2011-11-11,3784.24609375,3800.2890625,3764.88696289062,3778.88500976562,24340400,3778.73803710938,"Indonesia","^JKSE"
2011-11-14,3779.34106445312,3833.23388671875,3779.34106445312,3833.0400390625,34336500,3832.89086914062,"Indonesia","^JKSE"
2011-11-15,3833.13208007812,3833.13208007812,3799.4541015625,3813.84204101562,22405100,3813.69360351562,"Indonesia","^JKSE"
2011-11-16,3813.93310546875,3817.20288085938,3768.52587890625,3814.09008789062,33821000,3813.94165039062,"Indonesia","^JKSE"
2011-11-17,3813.72607421875,3813.72607421875,3781.39306640625,3792.2529296875,20699500,3792.10522460938,"Indonesia","^JKSE"
2011-11-18,3792.1630859375,3792.1630859375,3745.14306640625,3754.5,18836700,3754.35375976562,"Indonesia","^JKSE"
2011-11-21,3754.22705078125,3754.22705078125,3668.11401367188,3679.8291015625,26898000,3679.68579101562,"Indonesia","^JKSE"
2011-11-22,3679.73901367188,3736.02197265625,3671.39892578125,3735.53198242188,25716500,3735.38671875,"Indonesia","^JKSE"
2011-11-23,3734.625,3734.625,3665.50390625,3687.00805664062,18049300,3686.86450195312,"Indonesia","^JKSE"
2011-11-24,3686.3720703125,3696.88989257812,3659.43408203125,3696.03198242188,20852800,3695.88793945312,"Indonesia","^JKSE"
2011-11-25,3696.123046875,3696.123046875,3628.75805664062,3637.19189453125,20254200,3637.05004882812,"Indonesia","^JKSE"
2011-11-28,3637.9189453125,3676.40405273438,3618.96899414062,3647.04907226562,19180300,3646.9072265625,"Indonesia","^JKSE"
2011-11-29,3647.22998046875,3710.751953125,3646.86108398438,3687.76904296875,23033700,3687.62548828125,"Indonesia","^JKSE"
2011-11-30,3688.13208007812,3719.94799804688,3679.2080078125,3715.080078125,29485700,3714.93530273438,"Indonesia","^JKSE"
2011-12-01,3715.44311523438,3811.5439453125,3715.44311523438,3781.09912109375,38604300,3780.9521484375,"Indonesia","^JKSE"
2011-12-02,3781.46801757812,3781.46801757812,3757.45092773438,3779.8359375,21962000,3779.68896484375,"Indonesia","^JKSE"
2011-12-05,3780.56201171875,3791.5419921875,3762.63403320312,3780.79296875,23775800,3780.64599609375,"Indonesia","^JKSE"
2011-12-06,3780.05810546875,3780.75610351562,3736.40893554688,3752.67407226562,21974200,3752.52783203125,"Indonesia","^JKSE"
2011-12-07,3753.37109375,3793.4951171875,3753.37109375,3793.23510742188,30518600,3793.08740234375,"Indonesia","^JKSE"
2011-12-08,3793.32495117188,3793.32495117188,3762.26904296875,3781.76098632812,29949700,3781.61376953125,"Indonesia","^JKSE"
2011-12-09,3781.02709960938,3781.02709960938,3728.73388671875,3759.60888671875,23622200,3759.46264648438,"Indonesia","^JKSE"
2011-12-12,3761.07788085938,3803.705078125,3761.07788085938,3792.14892578125,37212200,3792.00122070312,"Indonesia","^JKSE"
2011-12-13,3791.42602539062,3791.42602539062,3742.59008789062,3763.5791015625,38938600,3763.43286132812,"Indonesia","^JKSE"
2011-12-14,3763.39794921875,3765.09106445312,3741.71704101562,3751.60400390625,44052100,3751.4580078125,"Indonesia","^JKSE"
2011-12-15,3751.15307617188,3751.15307617188,3666.2490234375,3701.5400390625,32751000,3701.39599609375,"Indonesia","^JKSE"
2011-12-16,3701.90600585938,3778.123046875,3701.90600585938,3768.35400390625,41442900,3768.20703125,"Indonesia","^JKSE"
2011-12-19,3768.26391601562,3773.79711914062,3753.27587890625,3770.287109375,28343900,3770.14013671875,"Indonesia","^JKSE"
2011-12-20,3770.82788085938,3789.8759765625,3745.044921875,3752.337890625,42637500,3752.19165039062,"Indonesia","^JKSE"
2011-12-21,3752.7900390625,3808.39111328125,3752.7900390625,3794.26708984375,43708700,3794.11938476562,"Indonesia","^JKSE"
2011-12-22,3791.71508789062,3804.0380859375,3779.43090820312,3795.44311523438,39251600,3795.29541015625,"Indonesia","^JKSE"
2011-12-23,3795.80908203125,3821.98803710938,3777.02392578125,3797.15087890625,23888900,3797.0029296875,"Indonesia","^JKSE"
2011-12-27,3796.96997070312,3806.18505859375,3757.53100585938,3789.42504882812,14348800,3789.27758789062,"Indonesia","^JKSE"
2011-12-28,3789.53393554688,3789.53393554688,3744.63110351562,3769.21411132812,20780700,3769.06713867188,"Indonesia","^JKSE"
2011-12-29,3769.1240234375,3813.09106445312,3736.22705078125,3808.77197265625,18319000,3808.62377929688,"Indonesia","^JKSE"
2011-12-30,3808.95190429688,3825.962890625,3805.0791015625,3821.99194335938,26005400,3821.84326171875,"Indonesia","^JKSE"
2012-01-02,3821.6259765625,3825.09692382812,3797.001953125,3809.13989257812,24861600,3808.99169921875,"Indonesia","^JKSE"
2012-01-03,3808.68896484375,3858.18798828125,3808.68896484375,3857.88208007812,49712400,3857.73193359375,"Indonesia","^JKSE"
2012-01-04,3858.06298828125,3921.16796875,3858.06298828125,3907.4208984375,39077900,3907.26879882812,"Indonesia","^JKSE"
2012-01-05,3907.51098632812,3924.05004882812,3893.18994140625,3906.26391601562,34539000,3906.11181640625,"Indonesia","^JKSE"
2012-01-06,3906.44409179688,3906.67602539062,3852.75,3869.4150390625,21634800,3869.26440429688,"Indonesia","^JKSE"
2012-01-09,3868.78393554688,3890.19702148438,3848.34301757812,3889.07202148438,35483700,3888.92065429688,"Indonesia","^JKSE"
2012-01-10,3888.7119140625,3941.31103515625,3886.8701171875,3938.84204101562,50193700,3938.68872070312,"Indonesia","^JKSE"
2012-01-11,3938.93188476562,3954.85595703125,3902.34497070312,3909.63989257812,31509900,3909.48779296875,"Indonesia","^JKSE"
2012-01-12,3910,3918.5859375,3890.92797851562,3909.4970703125,42546300,3909.34497070312,"Indonesia","^JKSE"
2012-01-13,3909.0458984375,3943.26098632812,3909.0458984375,3935.32592773438,42892200,3935.1728515625,"Indonesia","^JKSE"
2012-01-16,3935.23608398438,3935.23608398438,3894.8310546875,3909.69311523438,31210900,3909.541015625,"Indonesia","^JKSE"
2012-01-17,3910.05908203125,3955.73608398438,3910.05908203125,3954.7548828125,48105000,3954.60107421875,"Indonesia","^JKSE"
2012-01-18,3954.57495117188,3978.455078125,3947.85498046875,3978.1279296875,40722700,3977.97290039062,"Indonesia","^JKSE"
2012-01-19,3978.48901367188,4027.89306640625,3978.48901367188,4001.07299804688,43535600,4000.91723632812,"Indonesia","^JKSE"
2012-01-20,4001.80493164062,4024.94799804688,3967.3359375,3986.51489257812,36347900,3986.35961914062,"Indonesia","^JKSE"
2012-01-24,3986.96508789062,4038.78491210938,3985.50708007812,3994.5830078125,20738300,3994.42749023438,"Indonesia","^JKSE"
2012-01-25,3995.123046875,3997.11010742188,3948.9599609375,3963.60498046875,26529100,3963.45068359375,"Indonesia","^JKSE"
2012-01-26,3963.78491210938,3983.50610351562,3950.73510742188,3983.43408203125,32829700,3983.27905273438,"Indonesia","^JKSE"
2012-01-27,3983.52392578125,3992.89892578125,3969.4560546875,3986.40991210938,27714300,3986.25463867188,"Indonesia","^JKSE"
2012-01-30,3986.13989257812,3986.13989257812,3896.39990234375,3915.15991210938,28566300,3915.00756835938,"Indonesia","^JKSE"
2012-01-31,3914.6201171875,3941.69311523438,3902.15502929688,3941.69311523438,34190200,3941.53979492188,"Indonesia","^JKSE"
2012-02-01,3941.78295898438,3965.32299804688,3936.80908203125,3964.97607421875,36201200,3964.82177734375,"Indonesia","^JKSE"
2012-02-02,3965.42602539062,4020.40893554688,3965.42602539062,4016.90209960938,46876600,4016.74560546875,"Indonesia","^JKSE"
2012-02-03,4016.63305664062,4025.93896484375,4001.2109375,4015.94897460938,42300400,4015.79248046875,"Indonesia","^JKSE"
2012-02-06,4015.76904296875,4040.08203125,3957.54809570312,3974.7880859375,36650800,3974.63330078125,"Indonesia","^JKSE"
2012-02-07,3975.14794921875,3986.3701171875,3929.63696289062,3955.45190429688,38035700,3955.2978515625,"Indonesia","^JKSE"
2012-02-08,3955.63208007812,3988.84692382812,3950.44506835938,3988.69897460938,34841600,3988.54370117188,"Indonesia","^JKSE"
2012-02-09,3988.59008789062,3988.59008789062,3953.81689453125,3978.98803710938,31271400,3978.8330078125,"Indonesia","^JKSE"
2012-02-10,3978.6279296875,3978.99389648438,3895.61206054688,3912.39306640625,30039200,3912.24096679688,"Indonesia","^JKSE"
2012-02-13,3912.48291015625,3962.61694335938,3906.90991210938,3961.90209960938,26010600,3961.74780273438,"Indonesia","^JKSE"
2012-02-14,3962.80102539062,3964.40893554688,3939.93408203125,3952.81689453125,27285500,3952.6630859375,"Indonesia","^JKSE"
2012-02-15,3952.27709960938,3963.53002929688,3942.23901367188,3953.044921875,28472900,3952.89111328125,"Indonesia","^JKSE"
2012-02-16,3952.50610351562,3952.50610351562,3913.89599609375,3927.60791015625,35655800,3927.455078125,"Indonesia","^JKSE"
2012-02-17,3928.23803710938,3976.58203125,3928.23803710938,3976.5419921875,32689500,3976.38720703125,"Indonesia","^JKSE"
2012-02-20,3976.81201171875,3995.083984375,3961.35205078125,3980.2529296875,24837200,3980.09790039062,"Indonesia","^JKSE"
2012-02-21,3980.1630859375,4008.22705078125,3980.1630859375,4002.95092773438,30958700,4002.79516601562,"Indonesia","^JKSE"
2012-02-22,4002.68188476562,4002.68188476562,3979.09497070312,3995.02392578125,40050000,3994.86840820312,"Indonesia","^JKSE"
2012-02-23,3994.65893554688,3994.65893554688,3953.42602539062,3958.80908203125,30389200,3958.65478515625,"Indonesia","^JKSE"
2012-02-24,3958.5400390625,3959.10107421875,3850.1279296875,3894.56201171875,39980100,3894.41064453125,"Indonesia","^JKSE"
2012-02-27,3894.19702148438,3894.75708007812,3838.5390625,3861.01611328125,20978500,3860.86596679688,"Indonesia","^JKSE"
2012-02-28,3861.19604492188,3907.14208984375,3858.083984375,3903.55688476562,27857800,3903.40478515625,"Indonesia","^JKSE"
2012-02-29,3903.82690429688,3986.11108398438,3903.82690429688,3985.2099609375,33394200,3985.05493164062,"Indonesia","^JKSE"
2012-03-01,3985.03002929688,3985.03002929688,3950.75805664062,3962.28588867188,23341000,3962.13159179688,"Indonesia","^JKSE"
2012-03-02,3962.916015625,4005.15502929688,3961.43798828125,4004.86791992188,25019800,4004.7119140625,"Indonesia","^JKSE"
2012-03-05,4004.75903320312,4004.75903320312,3966.71704101562,3984.89697265625,17977900,3984.74194335938,"Indonesia","^JKSE"
2012-03-06,3984.35693359375,3984.35693359375,3938.73999023438,3967.07592773438,19851500,3966.92163085938,"Indonesia","^JKSE"
2012-03-07,3965.98095703125,3965.98095703125,3929.19409179688,3942.51708984375,24384200,3942.36352539062,"Indonesia","^JKSE"
2012-03-08,3943.05688476562,3970.22802734375,3942.94799804688,3967.6689453125,22508900,3967.5146484375,"Indonesia","^JKSE"
2012-03-09,3968.29907226562,3995.19189453125,3968.29907226562,3991.5439453125,25747200,3991.388671875,"Indonesia","^JKSE"
2012-03-12,3984.17504882812,4007.95288085938,3969,3987.34594726562,20821700,3987.19067382812,"Indonesia","^JKSE"
2012-03-13,3987.97509765625,4008.68090820312,3987.97509765625,4008.64208984375,21815900,4008.48608398438,"Indonesia","^JKSE"
2012-03-14,4009.09106445312,4058.80297851562,4009.09106445312,4054.32592773438,29417300,4054.16821289062,"Indonesia","^JKSE"
2012-03-15,4054.68505859375,4065.7041015625,4032.22094726562,4039.97998046875,32919200,4039.82275390625,"Indonesia","^JKSE"
2012-03-16,4040.51904296875,4060.07788085938,4017.86303710938,4028.537109375,33788800,4028.38061523438,"Indonesia","^JKSE"
2012-03-19,4028.90209960938,4043.19409179688,4012.5419921875,4024.73291015625,23992000,4024.57641601562,"Indonesia","^JKSE"
2012-03-20,4025.18188476562,4035.31494140625,4003.51611328125,4022.16796875,24426300,4022.01147460938,"Indonesia","^JKSE"
2012-03-21,4022.25805664062,4036.68310546875,4014.82592773438,4036.23388671875,27568100,4036.07666015625,"Indonesia","^JKSE"
2012-03-22,4036.4140625,4044.15307617188,4024.03588867188,4041.55908203125,23195800,4041.40185546875,"Indonesia","^JKSE"
2012-03-26,4041.73901367188,4061.14404296875,4011.93310546875,4031.705078125,23663300,4031.5478515625,"Indonesia","^JKSE"
2012-03-27,4032.333984375,4081.85009765625,4032.333984375,4079.38403320312,31967900,4079.22534179688,"Indonesia","^JKSE"
2012-03-28,4079.2939453125,4091.93603515625,4063.80200195312,4090.57299804688,30732400,4090.41357421875,"Indonesia","^JKSE"
2012-03-29,4090.39404296875,4105.6259765625,4063.51000976562,4105.1669921875,34285400,4105.00732421875,"Indonesia","^JKSE"
2012-03-30,4105.2568359375,4129.3330078125,4099.72314453125,4121.55078125,28384300,4121.39013671875,"Indonesia","^JKSE"
2012-04-02,4121.81982421875,4168.7451171875,4121.7109375,4166.07177734375,46919200,4165.90966796875,"Indonesia","^JKSE"
2012-04-03,4166.61083984375,4232.9228515625,4166.61083984375,4215.44384765625,43150700,4215.27978515625,"Indonesia","^JKSE"
2012-04-04,4215.0791015625,4215.0791015625,4122.22412109375,4134.0361328125,32834700,4133.87548828125,"Indonesia","^JKSE"
2012-04-05,4132.9580078125,4171.1982421875,4109.31884765625,4166.3740234375,33553500,4166.2119140625,"Indonesia","^JKSE"
2012-04-09,4165.7451171875,4165.7451171875,4141.72216796875,4154.06689453125,43013600,4153.90478515625,"Indonesia","^JKSE"
2012-04-10,4156.3759765625,4171.673828125,4143.73681640625,4149.798828125,37208100,4149.63720703125,"Indonesia","^JKSE"
2012-04-11,4149.6201171875,4150.45703125,4111.76318359375,4130.01318359375,42643400,4129.8525390625,"Indonesia","^JKSE"
2012-04-12,4130.19189453125,4149.748046875,4120.3740234375,4139.5400390625,43778500,4139.37939453125,"Indonesia","^JKSE"
2012-04-13,4139.80908203125,4164.73583984375,4138.630859375,4159.27685546875,35280100,4159.11474609375,"Indonesia","^JKSE"
2012-04-16,4159.3671875,4164.48486328125,4135.623046875,4146.5810546875,34884200,4146.419921875,"Indonesia","^JKSE"
2012-04-17,4147.02978515625,4172.3759765625,4140.93310546875,4157.365234375,38508500,4157.203125,"Indonesia","^JKSE"
2012-04-18,4158.09423828125,4185.2080078125,4151.26123046875,4166.23681640625,43891500,4166.07470703125,"Indonesia","^JKSE"
2012-04-19,4166.4169921875,4167.423828125,4146.205078125,4163.7158203125,37596000,4163.5537109375,"Indonesia","^JKSE"
2012-04-20,4163.89599609375,4181.77978515625,4159.0390625,4181.3681640625,41766200,4181.20556640625,"Indonesia","^JKSE"
2012-04-23,4181.4580078125,4193.23779296875,4130.84912109375,4155.4912109375,50362300,4155.3291015625,"Indonesia","^JKSE"
2012-04-24,4155.708984375,4173.73681640625,4147.01611328125,4170.35302734375,47665500,4170.1904296875,"Indonesia","^JKSE"
2012-04-25,4169.9931640625,4170.1767578125,4149.26513671875,4163.64306640625,46927800,4163.48095703125,"Indonesia","^JKSE"
2012-04-26,4163.8232421875,4201.06201171875,4163.4580078125,4180.30615234375,45866600,4180.1435546875,"Indonesia","^JKSE"
2012-04-27,4180.6708984375,4189.4501953125,4155.3359375,4163.98095703125,36327900,4163.81884765625,"Indonesia","^JKSE"
2012-04-30,4164.07080078125,4180.9111328125,4144.34521484375,4180.73193359375,32908900,4180.5693359375,"Indonesia","^JKSE"
2012-05-01,4181.0908203125,4196.2890625,4170.7119140625,4195.98388671875,34952100,4195.82080078125,"Indonesia","^JKSE"
2012-05-02,4196.43310546875,4220.5498046875,4192.4931640625,4219.294921875,39311900,4219.130859375,"Indonesia","^JKSE"
2012-05-03,4218.56591796875,4226.423828125,4202.7939453125,4224.0029296875,41205400,4223.8388671875,"Indonesia","^JKSE"
2012-05-04,4224.18212890625,4234.73388671875,4202.6708984375,4216.68115234375,38176000,4216.51708984375,"Indonesia","^JKSE"
2012-05-07,4216.4111328125,4216.4111328125,4130.2529296875,4158.86181640625,30722300,4158.69970703125,"Indonesia","^JKSE"
2012-05-08,4159.130859375,4182.90283203125,4158.505859375,4181.0732421875,26127700,4180.91064453125,"Indonesia","^JKSE"
2012-05-09,4180.1748046875,4180.1748046875,4118.259765625,4129.06005859375,28119000,4128.8994140625,"Indonesia","^JKSE"
2012-05-10,4128.61083984375,4137.666015625,4110.89599609375,4133.630859375,30528300,4133.47021484375,"Indonesia","^JKSE"
2012-05-11,4133.36083984375,4133.36083984375,4093.6630859375,4114.14013671875,23882600,4113.97998046875,"Indonesia","^JKSE"
2012-05-14,4114.56884765625,4120.23486328125,4043.97290039062,4053.06689453125,25126600,4052.9091796875,"Indonesia","^JKSE"
2012-05-15,4028.69604492188,4068.72290039062,3997.77197265625,4045.64404296875,30818800,4045.48657226562,"Indonesia","^JKSE"
2012-05-16,4007.14599609375,4007.14599609375,3926.38891601562,3980.49609375,31030800,3980.34106445312,"Indonesia","^JKSE"
2012-05-21,3958.0009765625,3958.46704101562,3907.51000976562,3940.10791015625,27648800,3939.95458984375,"Indonesia","^JKSE"
2012-05-22,3965.1689453125,4024.38500976562,3965.1689453125,4021.10009765625,33931300,4020.94360351562,"Indonesia","^JKSE"
2012-05-23,4001.61694335938,4001.61694335938,3950.81591796875,3981.57788085938,23171200,3981.4228515625,"Indonesia","^JKSE"
2012-05-24,3977.91088867188,3992.580078125,3961.63793945312,3984.873046875,24251500,3984.71801757812,"Indonesia","^JKSE"
2012-05-25,3968.33911132812,3970.24096679688,3885.59497070312,3902.50805664062,27052600,3902.35595703125,"Indonesia","^JKSE"
2012-05-28,3877.05395507812,3927.86401367188,3850.45190429688,3918.68505859375,20370700,3918.53247070312,"Indonesia","^JKSE"
2012-05-29,3909.53198242188,3924.26000976562,3892.998046875,3919.06494140625,16974700,3918.91235351562,"Indonesia","^JKSE"
2012-05-30,3911.98608398438,3922.65307617188,3896.85791015625,3917.916015625,20557900,3917.76342773438,"Indonesia","^JKSE"
2012-05-31,3879.06005859375,3881.48803710938,3810.39111328125,3832.82397460938,37550400,3832.6748046875,"Indonesia","^JKSE"
2012-06-01,3820.38110351562,3841.0419921875,3781.9189453125,3799.76611328125,20564000,3799.6181640625,"Indonesia","^JKSE"
2012-06-04,3730.044921875,3730.044921875,3635.28295898438,3654.58203125,29877000,3654.43969726562,"Indonesia","^JKSE"
2012-06-05,3696.96899414062,3735.4541015625,3696.96899414062,3717.8759765625,23031900,3717.73120117188,"Indonesia","^JKSE"
2012-06-06,3735.49609375,3841.48803710938,3734.72094726562,3841.3310546875,38369600,3841.181640625,"Indonesia","^JKSE"
2012-06-07,3876.7890625,3909.38793945312,3823.9130859375,3840.59594726562,30940500,3840.44653320312,"Indonesia","^JKSE"
2012-06-08,3823.8798828125,3840.80493164062,3805.3359375,3825.32788085938,18802500,3825.17895507812,"Indonesia","^JKSE"
2012-06-11,3855.8359375,3879.81005859375,3845.77905273438,3866.212890625,24890100,3866.0625,"Indonesia","^JKSE"
2012-06-12,3840.79711914062,3855.44702148438,3824.94897460938,3852.57788085938,20042100,3852.42797851562,"Indonesia","^JKSE"
2012-06-13,3862.93896484375,3875.14404296875,3847.2919921875,3860.4609375,34233100,3860.31079101562,"Indonesia","^JKSE"
2012-06-14,3857.73291015625,3860.70092773438,3777.9599609375,3791.61791992188,31173100,3791.47045898438,"Indonesia","^JKSE"
2012-06-15,3811.09912109375,3827.04296875,3774.69311523438,3818.10888671875,42554600,3817.96044921875,"Indonesia","^JKSE"
2012-06-18,3860.09301757812,3897.43090820312,3849.93188476562,3860.15502929688,30395000,3860.0048828125,"Indonesia","^JKSE"
2012-06-19,3859.06494140625,3884.4970703125,3853.25903320312,3880.81591796875,21848400,3880.66479492188,"Indonesia","^JKSE"
2012-06-20,3887.5,3944.05810546875,3886.44604492188,3943.89697265625,42476700,3943.74340820312,"Indonesia","^JKSE"
2012-06-21,3943.55395507812,3943.55395507812,3877.51391601562,3901.7880859375,34294900,3901.63598632812,"Indonesia","^JKSE"
2012-06-22,3863.36010742188,3891.2119140625,3843.02197265625,3889.52294921875,23897200,3889.37158203125,"Indonesia","^JKSE"
2012-06-25,3890.4619140625,3893.46704101562,3848.85302734375,3857.58911132812,18789200,3857.43896484375,"Indonesia","^JKSE"
2012-06-26,3854.43188476562,3889.912109375,3849.06298828125,3881.40087890625,24180000,3881.24975585938,"Indonesia","^JKSE"
2012-06-27,3888.85693359375,3939.0400390625,3887.09204101562,3934.86694335938,25633700,3934.7138671875,"Indonesia","^JKSE"
2012-06-28,3946.14599609375,3952.90307617188,3880.55200195312,3887.57495117188,22767800,3887.42358398438,"Indonesia","^JKSE"
2012-06-29,3903.65893554688,3971.0849609375,3903.65893554688,3955.57690429688,22047900,3955.4228515625,"Indonesia","^JKSE"
2012-07-02,3976.7119140625,3997.31689453125,3972.36010742188,3991.5400390625,30500800,3991.384765625,"Indonesia","^JKSE"
2012-07-03,4006.14404296875,4052.85498046875,4003.18603515625,4049.89306640625,31104200,4049.7353515625,"Indonesia","^JKSE"
2012-07-04,4059.86889648438,4090.75610351562,4059.48193359375,4075.9169921875,39693800,4075.75830078125,"Indonesia","^JKSE"
2012-07-05,4086.34301757812,4086.34301757812,4058.89404296875,4069.8359375,23756400,4069.67749023438,"Indonesia","^JKSE"
2012-07-06,4069.90502929688,4074.48999023438,4037.63208007812,4055.19702148438,18506500,4055.03930664062,"Indonesia","^JKSE"
2012-07-09,4035.3291015625,4038.39306640625,3976.36303710938,3985.044921875,17710400,3984.88989257812,"Indonesia","^JKSE"
2012-07-10,3987.26000976562,4010.48388671875,3977.60693359375,4009.67797851562,19771200,4009.52197265625,"Indonesia","^JKSE"
2012-07-11,4007.38891601562,4022.88305664062,4001.17211914062,4019.13305664062,20822900,4018.9765625,"Indonesia","^JKSE"
2012-07-12,4013.15991210938,4013.3720703125,3963.46899414062,3984.1201171875,26692200,3983.96508789062,"Indonesia","^JKSE"
2012-07-13,3984.76611328125,4024.13110351562,3984.087890625,4019.67309570312,18421700,4019.5166015625,"Indonesia","^JKSE"
2012-07-16,4035.84204101562,4064.4140625,4035.84204101562,4047.46508789062,25109300,4047.3076171875,"Indonesia","^JKSE"
2012-07-17,4064.03295898438,4084.4990234375,4059.80395507812,4080.67211914062,23188600,4080.51342773438,"Indonesia","^JKSE"
2012-07-18,4078.92797851562,4102.5029296875,4070.83911132812,4081.63500976562,23553400,4081.47631835938,"Indonesia","^JKSE"
2012-07-19,4092.98510742188,4108.6708984375,4073.03100585938,4096.19580078125,23311500,4096.0361328125,"Indonesia","^JKSE"
2012-07-20,4096.259765625,4105.85205078125,4066.2529296875,4081.20092773438,18654100,4081.04223632812,"Indonesia","^JKSE"
2012-07-23,4045.20092773438,4045.20092773438,3997.92407226562,4009.79296875,18893700,4009.63696289062,"Indonesia","^JKSE"
2012-07-24,4011.80395507812,4035.28295898438,3982.24194335938,3992.11303710938,22320800,3991.95776367188,"Indonesia","^JKSE"
2012-07-25,3978.06396484375,4004.85498046875,3964.80810546875,4000.83911132812,17151000,4000.68359375,"Indonesia","^JKSE"
2012-07-26,3998.65307617188,4015.02490234375,3979.59790039062,4004.77587890625,19612500,4004.61987304688,"Indonesia","^JKSE"
2012-07-27,4033.3349609375,4088.83203125,4033.3349609375,4084.2119140625,24116900,4084.05297851562,"Indonesia","^JKSE"
2012-07-30,4102.56298828125,4119.837890625,4085.294921875,4099.12109375,23241300,4098.96142578125,"Indonesia","^JKSE"
2012-07-31,4108.951171875,4149.708984375,4104.6171875,4142.3369140625,35037100,4142.17578125,"Indonesia","^JKSE"
2012-08-01,4129.81494140625,4134.005859375,4103.4619140625,4130.46484375,35207100,4130.30419921875,"Indonesia","^JKSE"
2012-08-02,4128.51708984375,4149.6572265625,4082.9580078125,4093.11206054688,23809100,4092.95263671875,"Indonesia","^JKSE"
2012-08-03,4076.61010742188,4103.287109375,4059.93798828125,4099.81298828125,18285100,4099.6533203125,"Indonesia","^JKSE"
2012-08-06,4139.6181640625,4146.6591796875,4097.7490234375,4105.4990234375,22943700,4105.33935546875,"Indonesia","^JKSE"
2012-08-07,4110.56787109375,4119.576171875,4078.09497070312,4085.580078125,36522000,4085.42114257812,"Indonesia","^JKSE"
2012-08-08,4087.49096679688,4104.57080078125,4078.6259765625,4090.708984375,27970300,4090.54956054688,"Indonesia","^JKSE"
2012-08-09,4099.6337890625,4134.8349609375,4097.48095703125,4131.169921875,25524500,4131.00927734375,"Indonesia","^JKSE"
2012-08-10,4133.4091796875,4150.005859375,4118.162109375,4141.56396484375,28676800,4141.40283203125,"Indonesia","^JKSE"
2012-08-13,4148.47314453125,4152.81884765625,4087.26391601562,4102.52978515625,20479900,4102.3701171875,"Indonesia","^JKSE"
2012-08-14,4116.89306640625,4122.6611328125,4086.34301757812,4121.55615234375,20336500,4121.3955078125,"Indonesia","^JKSE"
2012-08-15,4115.76708984375,4142.2421875,4103.1201171875,4141.98583984375,25528100,4141.82470703125,"Indonesia","^JKSE"
2012-08-16,4143.501953125,4163.76708984375,4134.56103515625,4160.5078125,31426900,4160.345703125,"Indonesia","^JKSE"
2012-08-23,4153.0322265625,4183.02880859375,4137.865234375,4162.6591796875,24308700,4162.4970703125,"Indonesia","^JKSE"
2012-08-24,4146.43701171875,4155.94287109375,4125.259765625,4145.39892578125,16950200,4145.23779296875,"Indonesia","^JKSE"
2012-08-27,4145.39892578125,4152.09521484375,4138.94384765625,4145.8779296875,7027200,4145.716796875,"Indonesia","^JKSE"
2012-08-28,4150.173828125,4159.923828125,4121.0341796875,4142.84814453125,26720200,4142.68701171875,"Indonesia","^JKSE"
2012-08-29,4135.123046875,4138.328125,4072.85400390625,4093.169921875,30658800,4093.01049804688,"Indonesia","^JKSE"
2012-08-30,4064.580078125,4066.42211914062,4004.13989257812,4025.5830078125,28906000,4025.42651367188,"Indonesia","^JKSE"
2012-08-31,4005.04296875,4068.02001953125,3978.07788085938,4060.3310546875,30956100,4060.1728515625,"Indonesia","^JKSE"
2012-09-03,4052.88598632812,4118.33203125,4047.28002929688,4117.9482421875,26920700,4117.78759765625,"Indonesia","^JKSE"
2012-09-04,4120.02685546875,4128.1640625,4098.31396484375,4105.2529296875,34104400,4105.09326171875,"Indonesia","^JKSE"
2012-09-05,4087.9140625,4105.73193359375,4065.69799804688,4075.35205078125,32293300,4075.193359375,"Indonesia","^JKSE"
2012-09-06,4083.65698242188,4103.67822265625,4080.82495117188,4102.85693359375,32791200,4102.697265625,"Indonesia","^JKSE"
2012-09-07,4131.5859375,4154.97119140625,4126.19384765625,4143.67919921875,32060800,4143.51806640625,"Indonesia","^JKSE"
2012-09-10,4152.8671875,4163.89306640625,4128.35400390625,4160.66015625,22344200,4160.498046875,"Indonesia","^JKSE"
2012-09-11,4152.47021484375,4157.28076171875,4127.7587890625,4155.35595703125,23993500,4155.19384765625,"Indonesia","^JKSE"
2012-09-12,4166.34521484375,4177.1630859375,4142.3671875,4174.09716796875,24652600,4173.9345703125,"Indonesia","^JKSE"
2012-09-13,4173.51318359375,4185.02197265625,4162.15185546875,4170.63916015625,42714700,4170.4765625,"Indonesia","^JKSE"
2012-09-14,4205.423828125,4269.048828125,4205.423828125,4256.998046875,53185900,4256.83203125,"Indonesia","^JKSE"
2012-09-17,4265.7490234375,4272.8291015625,4236.8251953125,4255.283203125,41868600,4255.11767578125,"Indonesia","^JKSE"
2012-09-18,4247.3701171875,4249.43017578125,4198.89697265625,4223.89404296875,32726700,4223.72998046875,"Indonesia","^JKSE"
2012-09-19,4216.2548828125,4253.2529296875,4213.44482421875,4244.7109375,38179300,4244.5458984375,"Indonesia","^JKSE"
2012-09-20,4232.73876953125,4236.69482421875,4206.60009765625,4217.51611328125,49845800,4217.35205078125,"Indonesia","^JKSE"
2012-09-21,4226.2900390625,4245.2529296875,4208.6171875,4244.62109375,42452300,4244.4560546875,"Indonesia","^JKSE"
2012-09-24,4224.0400390625,4240.2548828125,4190.9921875,4200.9140625,47945600,4200.75048828125,"Indonesia","^JKSE"
2012-09-25,4208.14501953125,4228.09814453125,4190.5458984375,4226.88623046875,40132700,4226.72216796875,"Indonesia","^JKSE"
2012-09-26,4215.64501953125,4215.6689453125,4153.4541015625,4180.1630859375,30440900,4180.00048828125,"Indonesia","^JKSE"
2012-09-27,4185.19091796875,4235.85693359375,4179.36376953125,4225.02392578125,44177100,4224.85986328125,"Indonesia","^JKSE"
2012-09-28,4236.7421875,4263.9609375,4233.02587890625,4262.56103515625,32949300,4262.39501953125,"Indonesia","^JKSE"
2012-10-01,4249.68505859375,4249.68505859375,4214.51904296875,4236.29296875,29316700,4236.1279296875,"Indonesia","^JKSE"
2012-10-02,4245.52783203125,4264.7841796875,4241.009765625,4256.8388671875,38805000,4256.67333984375,"Indonesia","^JKSE"
2012-10-03,4267.8369140625,4267.8369140625,4238.4501953125,4251.51123046875,40317400,4251.34619140625,"Indonesia","^JKSE"
2012-10-04,4255.94091796875,4275.751953125,4248.298828125,4271.4609375,28170300,4271.29443359375,"Indonesia","^JKSE"
2012-10-05,4284.08203125,4320.5908203125,4283.84521484375,4311.31396484375,28849100,4311.14599609375,"Indonesia","^JKSE"
2012-10-08,4312.205078125,4324.796875,4242.001953125,4268.23486328125,30893300,4268.068359375,"Indonesia","^JKSE"
2012-10-09,4272.7431640625,4293.98193359375,4263.1572265625,4280.25,29062500,4280.08349609375,"Indonesia","^JKSE"
2012-10-10,4263.14697265625,4281.61376953125,4246.44677734375,4280.009765625,31605300,4279.84326171875,"Indonesia","^JKSE"
2012-10-11,4268.76123046875,4284.966796875,4260.85888671875,4284.966796875,44552200,4284.80029296875,"Indonesia","^JKSE"
2012-10-12,4294.544921875,4315.86181640625,4293.72802734375,4311.39111328125,57339500,4311.22314453125,"Indonesia","^JKSE"
2012-10-15,4308.7880859375,4316.40283203125,4292.8408203125,4313.52197265625,41236500,4313.35400390625,"Indonesia","^JKSE"
2012-10-16,4320.630859375,4329.47607421875,4303.6591796875,4329.076171875,33165900,4328.90771484375,"Indonesia","^JKSE"
2012-10-17,4339.09619140625,4354.1767578125,4318.4189453125,4337.52587890625,44619000,4337.357421875,"Indonesia","^JKSE"
2012-10-18,4347.84814453125,4362.3427734375,4340.57080078125,4356.9658203125,45200200,4356.79638671875,"Indonesia","^JKSE"
2012-10-19,4359.6318359375,4361.73583984375,4322.4541015625,4331.25390625,37137500,4331.08544921875,"Indonesia","^JKSE"
2012-10-22,4312.4560546875,4341.8271484375,4301.76318359375,4341.376953125,34940000,4341.2080078125,"Indonesia","^JKSE"
2012-10-23,4343.14794921875,4354.93798828125,4313.26904296875,4330.14501953125,35110000,4329.9765625,"Indonesia","^JKSE"
2012-10-24,4320.509765625,4341.0849609375,4309.82177734375,4335.375,31564700,4335.20654296875,"Indonesia","^JKSE"
2012-10-25,4337.53076171875,4346.47705078125,4323.1318359375,4339.15283203125,44790000,4338.984375,"Indonesia","^JKSE"
2012-10-29,4329.31396484375,4340.77099609375,4314.42578125,4331.365234375,35216500,4331.19677734375,"Indonesia","^JKSE"
2012-10-30,4331.10107421875,4366.85595703125,4328.93994140625,4364.59814453125,45555500,4364.42822265625,"Indonesia","^JKSE"
2012-10-31,4358.1689453125,4363.130859375,4324.3837890625,4350.291015625,41079400,4350.12158203125,"Indonesia","^JKSE"
2012-11-01,4331.7490234375,4336.5048828125,4301.01806640625,4335.36181640625,37432600,4335.193359375,"Indonesia","^JKSE"
2012-11-02,4339.2177734375,4345.6171875,4322.826171875,4338.89208984375,29617300,4338.7236328125,"Indonesia","^JKSE"
2012-11-05,4327.85498046875,4330.5068359375,4285.80419921875,4302.93896484375,25300900,4302.771484375,"Indonesia","^JKSE"
2012-11-06,4305.59814453125,4316.908203125,4293.26123046875,4314.26513671875,30681000,4314.09716796875,"Indonesia","^JKSE"
2012-11-07,4320.84619140625,4350.5908203125,4317.3369140625,4350.423828125,37834700,4350.25439453125,"Indonesia","^JKSE"
2012-11-08,4313.005859375,4328.04296875,4291,4327.8681640625,27743200,4327.69970703125,"Indonesia","^JKSE"
2012-11-09,4309.4169921875,4333.64013671875,4303.2529296875,4333.64013671875,27350300,4333.4716796875,"Indonesia","^JKSE"
2012-11-12,4329.1328125,4339.01318359375,4311.51513671875,4318.5908203125,26533300,4318.42236328125,"Indonesia","^JKSE"
2012-11-13,4320.52392578125,4340.59814453125,4317.68408203125,4332.083984375,37018800,4331.91552734375,"Indonesia","^JKSE"
2012-11-14,4338.6630859375,4360.26318359375,4323.51318359375,4351.2841796875,38375000,4351.11474609375,"Indonesia","^JKSE"
2012-11-19,4342.169921875,4344.287109375,4296.21923828125,4313.43896484375,32628400,4313.27099609375,"Indonesia","^JKSE"
2012-11-20,4328.6591796875,4345.5029296875,4290.41796875,4312.3662109375,38717500,4312.1982421875,"Indonesia","^JKSE"
2012-11-21,4314.23388671875,4318.2431640625,4293.1328125,4317.27685546875,33241600,4317.1083984375,"Indonesia","^JKSE"
2012-11-22,4308.384765625,4338.291015625,4308.384765625,4335.9267578125,35673900,4335.75830078125,"Indonesia","^JKSE"
2012-11-23,4334.8681640625,4351.71484375,4325.744140625,4348.80810546875,31845500,4348.638671875,"Indonesia","^JKSE"
2012-11-26,4352.81396484375,4377.51904296875,4350.376953125,4375.1689453125,41301500,4374.99853515625,"Indonesia","^JKSE"
2012-11-27,4374.22900390625,4381.74609375,4333.0390625,4337.5087890625,44572100,4337.34033203125,"Indonesia","^JKSE"
2012-11-28,4321.85302734375,4323.12109375,4268.03515625,4304.8232421875,38719500,4304.65576171875,"Indonesia","^JKSE"
2012-11-29,4318.751953125,4326.041015625,4285.623046875,4319.0859375,36847700,4318.91748046875,"Indonesia","^JKSE"
2012-11-30,4312.7548828125,4321.97705078125,4255.26708984375,4276.14111328125,49339000,4275.974609375,"Indonesia","^JKSE"
2012-12-03,4277.18701171875,4303.55908203125,4262.76513671875,4302.44384765625,42899700,4302.27685546875,"Indonesia","^JKSE"
2012-12-04,4281.9609375,4284.9580078125,4246.30078125,4269.65185546875,34554600,4269.4853515625,"Indonesia","^JKSE"
2012-12-05,4263.01806640625,4288.31103515625,4254.02880859375,4286.83984375,42620100,4286.6728515625,"Indonesia","^JKSE"
2012-12-06,4296.01904296875,4306.10595703125,4282.541015625,4292.60498046875,44412600,4292.43798828125,"Indonesia","^JKSE"
2012-12-07,4286.18798828125,4297.52587890625,4270.09814453125,4290.7958984375,39116400,4290.62890625,"Indonesia","^JKSE"
2012-12-10,4295.47021484375,4318.376953125,4280.22607421875,4302.60888671875,43051500,4302.44189453125,"Indonesia","^JKSE"
2012-12-11,4301.18701171875,4325.55419921875,4290.2939453125,4317.91796875,49779600,4317.74951171875,"Indonesia","^JKSE"
2012-12-12,4321.2119140625,4340.26123046875,4311.498046875,4337.52783203125,47928800,4337.359375,"Indonesia","^JKSE"
2012-12-13,4331.14013671875,4335.9208984375,4299.71923828125,4320.18896484375,47196700,4320.0205078125,"Indonesia","^JKSE"
2012-12-14,4320.375,4321.3720703125,4283.244140625,4308.86279296875,28457300,4308.69482421875,"Indonesia","^JKSE"
2012-12-17,4305.455078125,4326.06005859375,4294.3759765625,4315.85693359375,33193800,4315.6884765625,"Indonesia","^JKSE"
2012-12-18,4320.08203125,4329.01904296875,4273.85400390625,4301.43603515625,34038200,4301.26904296875,"Indonesia","^JKSE"
2012-12-19,4306.376953125,4309.89306640625,4253.93603515625,4275.85888671875,40213200,4275.6923828125,"Indonesia","^JKSE"
2012-12-20,4267.548828125,4267.919921875,4222.130859375,4254.81591796875,31388800,4254.650390625,"Indonesia","^JKSE"
2012-12-21,4252.93896484375,4276.89794921875,4235.31689453125,4250.2138671875,25685500,4250.048828125,"Indonesia","^JKSE"
2012-12-26,4251.8349609375,4275.10009765625,4245.31787109375,4275.09423828125,18442500,4274.927734375,"Indonesia","^JKSE"
2012-12-27,4276.01123046875,4289.81982421875,4264.3330078125,4281.86083984375,25065900,4281.6943359375,"Indonesia","^JKSE"
2012-12-28,4298.93212890625,4324.93310546875,4289.39599609375,4316.68701171875,30004700,4316.5185546875,"Indonesia","^JKSE"
2013-01-02,4322.58203125,4364.6650390625,4316.423828125,4346.47509765625,32794300,4346.3056640625,"Indonesia","^JKSE"
2013-01-03,4356.4111328125,4401.333984375,4356.4111328125,4399.2578125,43267700,4399.0869140625,"Indonesia","^JKSE"
2013-01-04,4406.93115234375,4418.48388671875,4389.7158203125,4410.02001953125,36418100,4409.8486328125,"Indonesia","^JKSE"
2013-01-07,4407.72998046875,4427.65185546875,4387.48779296875,4392.37890625,40179400,4392.2080078125,"Indonesia","^JKSE"
2013-01-08,4394.7578125,4413.93505859375,4381.64892578125,4397.544921875,48360000,4397.3740234375,"Indonesia","^JKSE"
2013-01-09,4404.341796875,4411.76513671875,4349.7861328125,4362.92822265625,44600700,4362.75830078125,"Indonesia","^JKSE"
2013-01-10,4368.7548828125,4377.14013671875,4298.61181640625,4317.365234375,33286900,4317.19677734375,"Indonesia","^JKSE"
2013-01-11,4325.23779296875,4341.759765625,4301.490234375,4305.912109375,31889000,4305.74462890625,"Indonesia","^JKSE"
2013-01-14,4322.13623046875,4382.498046875,4313.95703125,4382.498046875,44849600,4382.3271484375,"Indonesia","^JKSE"
2013-01-15,4388.39208984375,4400.82421875,4373.34912109375,4400.82421875,29431200,4400.6533203125,"Indonesia","^JKSE"
2013-01-16,4396.56494140625,4410.9638671875,4387.6640625,4410.9638671875,47184400,4410.79248046875,"Indonesia","^JKSE"
2013-01-17,4407.11181640625,4421.3408203125,4390.01904296875,4398.3828125,23981700,4398.2119140625,"Indonesia","^JKSE"
2013-01-18,4407.291015625,4465.48388671875,4405.5380859375,4465.48388671875,32930300,4465.31005859375,"Indonesia","^JKSE"
2013-01-21,4463.44580078125,4472.10791015625,4427.76904296875,4439.97412109375,29907300,4439.80126953125,"Indonesia","^JKSE"
2013-01-22,4427.01513671875,4441.61376953125,4399.7578125,4416.5478515625,32691900,4416.37548828125,"Indonesia","^JKSE"
2013-01-23,4425.23876953125,4441.84423828125,4390.125,4418.72705078125,30663400,4418.5546875,"Indonesia","^JKSE"
2013-01-25,4426.376953125,4440.10595703125,4412.47216796875,4437.59814453125,40536500,4437.42529296875,"Indonesia","^JKSE"
2013-01-28,4437.4072265625,4444.2880859375,4384.93115234375,4416.93701171875,32021000,4416.7646484375,"Indonesia","^JKSE"
2013-01-29,4431.42822265625,4439.60595703125,4423.81005859375,4439.02978515625,34785000,4438.85693359375,"Indonesia","^JKSE"
2013-01-30,4444.97412109375,4456.93408203125,4433.64599609375,4452.97509765625,39092200,4452.80224609375,"Indonesia","^JKSE"
2013-01-31,4450.044921875,4457.6630859375,4431.1611328125,4453.703125,49876900,4453.52978515625,"Indonesia","^JKSE"
2013-02-01,4458.59814453125,4519.458984375,4457.44677734375,4481.6337890625,44191500,4481.45947265625,"Indonesia","^JKSE"
2013-02-04,4497.98291015625,4518.953125,4469.916015625,4490.56494140625,44097700,4490.390625,"Indonesia","^JKSE"
2013-02-05,4473.10986328125,4492.52978515625,4458.68505859375,4479.44091796875,59502000,4479.2666015625,"Indonesia","^JKSE"
2013-02-06,4493.95703125,4508.1162109375,4483.06005859375,4498.97607421875,51216900,4498.80078125,"Indonesia","^JKSE"
2013-02-07,4501.12109375,4514.8681640625,4493.9609375,4503.14794921875,42078200,4502.97265625,"Indonesia","^JKSE"
2013-02-08,4516.703125,4528.26220703125,4487.83984375,4491.26708984375,35554000,4491.091796875,"Indonesia","^JKSE"
2013-02-11,4504.716796875,4514.12109375,4496.01513671875,4503.2470703125,27793300,4503.07177734375,"Indonesia","^JKSE"
2013-02-12,4505.5068359375,4548.5419921875,4503.55517578125,4548.2431640625,35337600,4548.06640625,"Indonesia","^JKSE"
2013-02-13,4552.86181640625,4586.97998046875,4551.41796875,4571.56787109375,51480600,4571.39013671875,"Indonesia","^JKSE"
2013-02-14,4579.333984375,4601.9521484375,4575.8427734375,4588.6728515625,83832800,4588.494140625,"Indonesia","^JKSE"
2013-02-15,4588.64501953125,4616.0009765625,4588.23583984375,4609.7861328125,67166100,4609.6064453125,"Indonesia","^JKSE"
2013-02-18,4611.169921875,4630.40087890625,4602.47021484375,4612.0458984375,58920900,4611.8662109375,"Indonesia","^JKSE"
2013-02-19,4610.5087890625,4618.7001953125,4581.52001953125,4602.06201171875,122593200,4601.88330078125,"Indonesia","^JKSE"
2013-02-20,4612.4521484375,4634.451171875,4610.7578125,4634.451171875,80671500,4634.27099609375,"Indonesia","^JKSE"
2013-02-21,4620.73583984375,4656.1279296875,4617.56884765625,4632.40380859375,68863200,4632.2236328125,"Indonesia","^JKSE"
2013-02-22,4629.63623046875,4651.123046875,4626.32177734375,4651.123046875,69087800,4650.94189453125,"Indonesia","^JKSE"
2013-02-25,4661.626953125,4696.10693359375,4656.26123046875,4696.10693359375,59488200,4695.923828125,"Indonesia","^JKSE"
2013-02-26,4684.73681640625,4684.99609375,4646.5888671875,4663.03076171875,56483300,4662.849609375,"Indonesia","^JKSE"
2013-02-27,4674.6591796875,4721.85986328125,4674.080078125,4716.4150390625,61013400,4716.2314453125,"Indonesia","^JKSE"
2013-02-28,4739.38818359375,4795.7890625,4734.8310546875,4795.7890625,66920600,4795.60205078125,"Indonesia","^JKSE"
2013-03-01,4798.490234375,4817.9140625,4777.97509765625,4811.61279296875,60820800,4811.42578125,"Indonesia","^JKSE"
2013-03-04,4812.2958984375,4825.69921875,4744.47802734375,4761.4609375,55982900,4761.275390625,"Indonesia","^JKSE"
2013-03-05,4764.9951171875,4779.5517578125,4751.47509765625,4751.701171875,58277800,4751.5166015625,"Indonesia","^JKSE"
2013-03-06,4769.89306640625,4835.06884765625,4767.9267578125,4824.68310546875,72450200,4824.49560546875,"Indonesia","^JKSE"
2013-03-07,4823.244140625,4848.548828125,4818.9658203125,4848.298828125,62834600,4848.10986328125,"Indonesia","^JKSE"
2013-03-08,4854.01416015625,4904.47705078125,4853.14599609375,4874.4951171875,65145900,4874.30517578125,"Indonesia","^JKSE"
2013-03-11,4875.97998046875,4886.52099609375,4847.81884765625,4854.31201171875,52541100,4854.123046875,"Indonesia","^JKSE"
2013-03-13,4850.76904296875,4868.90380859375,4815.85107421875,4835.43896484375,52392500,4835.2509765625,"Indonesia","^JKSE"
2013-03-14,4830.27685546875,4830.39404296875,4757.35400390625,4786.3671875,60993100,4786.1806640625,"Indonesia","^JKSE"
2013-03-15,4803.580078125,4854.52880859375,4803.580078125,4819.32421875,58465200,4819.13671875,"Indonesia","^JKSE"
2013-03-18,4812.1640625,4822.201171875,4782.0009765625,4802.826171875,47719900,4802.63916015625,"Indonesia","^JKSE"
2013-03-19,4815.59521484375,4840.6611328125,4812.8740234375,4822.626953125,60484500,4822.439453125,"Indonesia","^JKSE"
2013-03-20,4835.30810546875,4843.38720703125,4805.494140625,4831.5,67456000,4831.31201171875,"Indonesia","^JKSE"
2013-03-21,4833.76318359375,4855.201171875,4786.77392578125,4802.666015625,74936700,4802.47900390625,"Indonesia","^JKSE"
2013-03-22,4799.18798828125,4816.4638671875,4721.31591796875,4723.1591796875,61150100,4722.9755859375,"Indonesia","^JKSE"
2013-03-25,4754.7587890625,4799.6640625,4752.14208984375,4799.6640625,48987500,4799.47705078125,"Indonesia","^JKSE"
2013-03-26,4802.1611328125,4861.759765625,4798.99609375,4842.51904296875,53427100,4842.330078125,"Indonesia","^JKSE"
2013-03-27,4854.47900390625,4928.10205078125,4853.8759765625,4928.10205078125,67216000,4927.91064453125,"Indonesia","^JKSE"
2013-03-28,4921.31494140625,4940.98583984375,4898.43310546875,4940.98583984375,47089900,4940.7939453125,"Indonesia","^JKSE"
2013-04-01,4927.1240234375,4953.39892578125,4922.544921875,4937.5751953125,52929300,4937.38330078125,"Indonesia","^JKSE"
2013-04-02,4944.89306640625,4968.31103515625,4942.80615234375,4957.2509765625,79749100,4957.05810546875,"Indonesia","^JKSE"
2013-04-03,4972.39404296875,4985.85205078125,4948.080078125,4981.4658203125,70764800,4981.27197265625,"Indonesia","^JKSE"
2013-04-04,4970.5380859375,4971.07080078125,4922.61083984375,4922.61083984375,51643000,4922.41943359375,"Indonesia","^JKSE"
2013-04-05,4932.2080078125,4948.75,4907.6298828125,4926.06787109375,44604400,4925.87646484375,"Indonesia","^JKSE"
2013-04-08,4924.3740234375,4934.4521484375,4872.55615234375,4897.52099609375,43060800,4897.33056640625,"Indonesia","^JKSE"
2013-04-09,4909.93017578125,4930.07421875,4881.85498046875,4899.5869140625,44406800,4899.396484375,"Indonesia","^JKSE"
2013-04-10,4909.0517578125,4910.09814453125,4864.86376953125,4877.47509765625,38576600,4877.28515625,"Indonesia","^JKSE"
2013-04-11,4887.19580078125,4924.26318359375,4885.7861328125,4924.26318359375,45160600,4924.07177734375,"Indonesia","^JKSE"
2013-04-12,4925.8740234375,4949.837890625,4925.841796875,4937.2099609375,43121200,4937.01806640625,"Indonesia","^JKSE"
2013-04-15,4921.94482421875,4924.65478515625,4891.0478515625,4894.591796875,27819200,4894.4013671875,"Indonesia","^JKSE"
2013-04-16,4881.3359375,4945.2529296875,4856.2958984375,4945.2529296875,39287300,4945.06005859375,"Indonesia","^JKSE"
2013-04-17,4956.5830078125,4998.65283203125,4953.47314453125,4998.65283203125,38564800,4998.4580078125,"Indonesia","^JKSE"
2013-04-18,4982.05419921875,5012.63818359375,4975.2880859375,5012.63818359375,52913000,5012.443359375,"Indonesia","^JKSE"
2013-04-19,5004.67822265625,5023.70703125,4985.966796875,4998.4609375,53927000,4998.26611328125,"Indonesia","^JKSE"
2013-04-22,5004.1171875,5026.9189453125,4973.583984375,4996.9228515625,40196600,4996.72802734375,"Indonesia","^JKSE"
2013-04-23,4997.47119140625,4999.19384765625,4971.10302734375,4975.330078125,37939800,4975.13671875,"Indonesia","^JKSE"
2013-04-24,4994.21923828125,5011.60693359375,4987.10400390625,5011.60693359375,35893300,5011.412109375,"Indonesia","^JKSE"
2013-04-25,5002.5029296875,5016.03515625,4962.44189453125,4994.52294921875,50928000,4994.328125,"Indonesia","^JKSE"
2013-04-26,4992.1279296875,5005.6171875,4978.5068359375,4978.5068359375,40429300,4978.3134765625,"Indonesia","^JKSE"
2013-04-29,4986.30322265625,5001.88720703125,4981.2109375,4999.751953125,35979800,4999.55712890625,"Indonesia","^JKSE"
2013-04-30,5000.59521484375,5034.07080078125,4977.5029296875,5034.07080078125,42635700,5033.875,"Indonesia","^JKSE"
2013-05-01,5020.19580078125,5062.6728515625,5012.15576171875,5060.9189453125,51840500,5060.7216796875,"Indonesia","^JKSE"
2013-05-02,5047.828125,5062.64990234375,4992.15185546875,4994.0458984375,47144300,4993.8515625,"Indonesia","^JKSE"
2013-05-03,4991.75,5006.5029296875,4907.59716796875,4925.48291015625,42161500,4925.29150390625,"Indonesia","^JKSE"
2013-05-06,4933.5087890625,4996.4501953125,4933.5087890625,4991.87109375,34151900,4991.6767578125,"Indonesia","^JKSE"
2013-05-07,4991.5400390625,5042.7890625,4985.5380859375,5042.7890625,47734000,5042.59326171875,"Indonesia","^JKSE"
2013-05-08,5043.26220703125,5089.3349609375,5041.3701171875,5089.3349609375,55849200,5089.13720703125,"Indonesia","^JKSE"
2013-05-10,5090.9638671875,5115.64306640625,5083.22705078125,5105.93701171875,39954500,5105.73779296875,"Indonesia","^JKSE"
2013-05-13,5101.89892578125,5102.505859375,5030.44482421875,5054.6279296875,35657300,5054.4306640625,"Indonesia","^JKSE"
2013-05-14,5049.4951171875,5081.93994140625,5037.40478515625,5081.93994140625,37474800,5081.7421875,"Indonesia","^JKSE"
2013-05-15,5085.64697265625,5103.88818359375,5077.833984375,5089.8798828125,36728400,5089.68212890625,"Indonesia","^JKSE"
2013-05-16,5091.56494140625,5113.13916015625,5076.97119140625,5078.67822265625,44613200,5078.48046875,"Indonesia","^JKSE"
2013-05-17,5077.52490234375,5162.380859375,5075.01806640625,5145.68310546875,42875900,5145.48291015625,"Indonesia","^JKSE"
2013-05-20,5164.93896484375,5243.5068359375,5164.93896484375,5214.97607421875,50483900,5214.77294921875,"Indonesia","^JKSE"
2013-05-21,5225.58984375,5251.2958984375,5161.994140625,5188.7587890625,49791900,5188.55712890625,"Indonesia","^JKSE"
2013-05-22,5188.52099609375,5235.759765625,5185.55419921875,5207.9990234375,57937400,5207.7958984375,"Indonesia","^JKSE"
2013-05-23,5203.3291015625,5209.13916015625,5089.92919921875,5121.40283203125,63518000,5121.20361328125,"Indonesia","^JKSE"
2013-05-24,5131.69384765625,5174.6708984375,5130.56689453125,5155.0927734375,46501100,5154.89208984375,"Indonesia","^JKSE"
2013-05-27,5145.17822265625,5150.68408203125,5076.18505859375,5085.13623046875,44678700,5084.9384765625,"Indonesia","^JKSE"
2013-05-28,5072.23291015625,5186.81689453125,5072.23291015625,5176.23486328125,59564400,5176.033203125,"Indonesia","^JKSE"
2013-05-29,5189.42822265625,5225.076171875,5153.0908203125,5200.69287109375,52374600,5200.49072265625,"Indonesia","^JKSE"
2013-05-30,5178.63818359375,5178.63818359375,5111.15380859375,5129.64697265625,51797200,5129.447265625,"Indonesia","^JKSE"
2013-05-31,5135.2470703125,5149.337890625,5068.6279296875,5068.6279296875,74407600,5068.4306640625,"Indonesia","^JKSE"
2013-06-03,5053.544921875,5055.83203125,4958.80517578125,4971.35400390625,56181200,4971.16064453125,"Indonesia","^JKSE"
2013-06-04,4971.96484375,5021.61181640625,4936.56298828125,5021.61181640625,58273600,5021.416015625,"Indonesia","^JKSE"
2013-06-05,5002.7421875,5002.9248046875,4952.76123046875,5001.22119140625,43808100,5001.0263671875,"Indonesia","^JKSE"
2013-06-07,4984.3232421875,4985.56787109375,4865.32421875,4865.32421875,37732500,4865.13525390625,"Indonesia","^JKSE"
2013-06-10,4894.4228515625,4915.92578125,4750.951171875,4777.365234375,41357800,4777.1796875,"Indonesia","^JKSE"
2013-06-11,4774.48388671875,4781.2431640625,4573.2861328125,4609.9482421875,54042100,4609.7685546875,"Indonesia","^JKSE"
2013-06-12,4578.39501953125,4697.8837890625,4510.97998046875,4697.8837890625,57192200,4697.70068359375,"Indonesia","^JKSE"
2013-06-13,4637.91015625,4670.73388671875,4568.1171875,4607.6630859375,46111400,4607.48388671875,"Indonesia","^JKSE"
2013-06-14,4647.740234375,4777.0908203125,4647.740234375,4760.744140625,47194100,4760.55859375,"Indonesia","^JKSE"
2013-06-17,4755.57080078125,4804.5029296875,4751.619140625,4774.50390625,35028100,4774.318359375,"Indonesia","^JKSE"
2013-06-18,4794.89599609375,4862.009765625,4794.82080078125,4840.4521484375,46592800,4840.263671875,"Indonesia","^JKSE"
2013-06-19,4847.93798828125,4880.40087890625,4801.2001953125,4806.65576171875,36750500,4806.46875,"Indonesia","^JKSE"
2013-06-20,4743.09423828125,4743.09423828125,4619.84814453125,4629.994140625,41919800,4629.81396484375,"Indonesia","^JKSE"
2013-06-21,4550.2431640625,4561.90380859375,4474.962890625,4515.3720703125,48855000,4515.19677734375,"Indonesia","^JKSE"
2013-06-24,4524.240234375,4561.5498046875,4429.4599609375,4429.4599609375,34484500,4429.28759765625,"Indonesia","^JKSE"
2013-06-25,4463.32177734375,4496.55419921875,4373.376953125,4418.8720703125,34851900,4418.69970703125,"Indonesia","^JKSE"
2013-06-26,4478.6328125,4620.85205078125,4470.03076171875,4587.72802734375,39757000,4587.54931640625,"Indonesia","^JKSE"
2013-06-27,4644.0361328125,4732.98486328125,4644.0361328125,4675.7490234375,36168700,4675.5673828125,"Indonesia","^JKSE"
2013-06-28,4722.47607421875,4818.89501953125,4721.576171875,4818.89501953125,38258800,4818.70751953125,"Indonesia","^JKSE"
2013-07-01,4757.18212890625,4815.72509765625,4747.97509765625,4777.4521484375,22209800,4777.2666015625,"Indonesia","^JKSE"
2013-07-02,4806.1162109375,4810.56982421875,4724.8662109375,4728.7041015625,27510200,4728.52001953125,"Indonesia","^JKSE"
2013-07-03,4713.68505859375,4715.544921875,4577.123046875,4577.15283203125,26991100,4576.974609375,"Indonesia","^JKSE"
2013-07-04,4597.451171875,4644.8271484375,4581.68408203125,4581.93310546875,25689300,4581.75439453125,"Indonesia","^JKSE"
2013-07-05,4623.94287109375,4647.27197265625,4581.88818359375,4602.80712890625,23973300,4602.62841796875,"Indonesia","^JKSE"
2013-07-08,4578.7177734375,4580.0869140625,4433.625,4433.625,29475300,4433.4521484375,"Indonesia","^JKSE"
2013-07-09,4462.80810546875,4482.2431640625,4403.7998046875,4403.7998046875,31005200,4403.62841796875,"Indonesia","^JKSE"
2013-07-10,4414.169921875,4495.162109375,4413.5908203125,4478.64404296875,39416300,4478.4697265625,"Indonesia","^JKSE"
2013-07-11,4504.1689453125,4621.77783203125,4504.1689453125,4604.22216796875,45668400,4604.04296875,"Indonesia","^JKSE"
2013-07-12,4614.48193359375,4679.53076171875,4592.98388671875,4633.10791015625,33983800,4632.927734375,"Indonesia","^JKSE"
2013-07-15,4639.80908203125,4641.0087890625,4582.1259765625,4635.72900390625,25923900,4635.548828125,"Indonesia","^JKSE"
2013-07-16,4632.1337890625,4663.84912109375,4621.462890625,4644.0390625,37064200,4643.85791015625,"Indonesia","^JKSE"
2013-07-17,4652.126953125,4679.43994140625,4643.3291015625,4679.0009765625,39203000,4678.818359375,"Indonesia","^JKSE"
2013-07-18,4672.27978515625,4720.43505859375,4671.02783203125,4720.43505859375,34365400,4720.25146484375,"Indonesia","^JKSE"
2013-07-19,4709.833984375,4740.05810546875,4706.46923828125,4724.4111328125,30767300,4724.2275390625,"Indonesia","^JKSE"
2013-07-22,4731.27587890625,4740.30908203125,4677.658203125,4678.98291015625,25058200,4678.80029296875,"Indonesia","^JKSE"
2013-07-23,4696.7822265625,4767.1591796875,4696.7822265625,4767.1591796875,33013100,4766.9736328125,"Indonesia","^JKSE"
2013-07-24,4760.40576171875,4779.341796875,4677.88916015625,4718.10302734375,28137400,4717.91943359375,"Indonesia","^JKSE"
2013-07-25,4720.2900390625,4722.375,4665.8818359375,4674.1171875,25460300,4673.935546875,"Indonesia","^JKSE"
2013-07-26,4679.7001953125,4700.13916015625,4647.501953125,4658.8740234375,22657700,4658.69287109375,"Indonesia","^JKSE"
2013-07-29,4649.10400390625,4649.15087890625,4575.4072265625,4580.466796875,22256100,4580.2880859375,"Indonesia","^JKSE"
2013-07-30,4601.10888671875,4637.8798828125,4599.80419921875,4608.48876953125,25251700,4608.30908203125,"Indonesia","^JKSE"
2013-07-31,4625.64013671875,4636.0498046875,4563.13818359375,4610.376953125,29197500,4610.197265625,"Indonesia","^JKSE"
2013-08-01,4618.9638671875,4632.42822265625,4592.0927734375,4624.3359375,28484300,4624.15625,"Indonesia","^JKSE"
2013-08-02,4645.24609375,4658.43408203125,4619.078125,4640.78076171875,27054700,4640.60009765625,"Indonesia","^JKSE"
2013-08-12,4629.380859375,4634.212890625,4581.85400390625,4597.77978515625,25952000,4597.60107421875,"Indonesia","^JKSE"
2013-08-13,4597.18701171875,4652.39697265625,4597.18701171875,4652.39697265625,29689200,4652.2158203125,"Indonesia","^JKSE"
2013-08-14,4658.68310546875,4699.73291015625,4649.34814453125,4699.73291015625,34671400,4699.5498046875,"Indonesia","^JKSE"
2013-08-15,4682.97021484375,4686.287109375,4664.10205078125,4685.12890625,28008000,4684.9462890625,"Indonesia","^JKSE"
2013-08-16,4647.27685546875,4647.27685546875,4568.48095703125,4568.65380859375,32896600,4568.47607421875,"Indonesia","^JKSE"
2013-08-19,4534.31298828125,4536.14404296875,4310.68798828125,4313.51806640625,39064600,4313.35009765625,"Indonesia","^JKSE"
2013-08-20,4259.59716796875,4259.59716796875,4062.30004882812,4174.98291015625,54025900,4174.8203125,"Indonesia","^JKSE"
2013-08-21,4184.22802734375,4261.43896484375,4150.2421875,4218.4482421875,50907100,4218.2841796875,"Indonesia","^JKSE"
2013-08-22,4167.44921875,4192.17822265625,4107.64794921875,4171.4130859375,59134100,4171.25048828125,"Indonesia","^JKSE"
2013-08-23,4196.09716796875,4239.8798828125,4151.51123046875,4169.8271484375,41040900,4169.66455078125,"Indonesia","^JKSE"
2013-08-26,4176.74609375,4196.19189453125,4120.6689453125,4120.6689453125,34684300,4120.50830078125,"Indonesia","^JKSE"
2013-08-27,4099.3671875,4100.18212890625,3954.86108398438,3967.84204101562,41570000,3967.68774414062,"Indonesia","^JKSE"
2013-08-28,3902.47094726562,4033.61108398438,3837.73510742188,4026.47509765625,49776700,4026.31860351562,"Indonesia","^JKSE"
2013-08-29,4041.49609375,4103.5927734375,4026.85595703125,4103.5927734375,45774200,4103.43310546875,"Indonesia","^JKSE"
2013-08-30,4099.259765625,4195.0888671875,4093.794921875,4195.0888671875,46687900,4194.92578125,"Indonesia","^JKSE"
2013-09-02,4196.72119140625,4206.9501953125,4061.63891601562,4101.23291015625,35566200,4101.0732421875,"Indonesia","^JKSE"
2013-09-03,4112.6328125,4172.3251953125,4110.15576171875,4164.01220703125,39779900,4163.85009765625,"Indonesia","^JKSE"
2013-09-04,4143.73681640625,4144.625,4069.69702148438,4073.455078125,46201000,4073.29663085938,"Indonesia","^JKSE"
2013-09-05,4094.14990234375,4123.72802734375,4015.43603515625,4050.86401367188,38816600,4050.70629882812,"Indonesia","^JKSE"
2013-09-06,4058.4560546875,4072.35400390625,4012.68090820312,4072.35400390625,32926000,4072.19555664062,"Indonesia","^JKSE"
2013-09-09,4105.94482421875,4191.2578125,4102.423828125,4191.2578125,41674900,4191.0947265625,"Indonesia","^JKSE"
2013-09-10,4226.14404296875,4358.14306640625,4225.80419921875,4358.14306640625,67726900,4357.9736328125,"Indonesia","^JKSE"
2013-09-11,4377.10009765625,4404.7451171875,4289.80615234375,4349.4189453125,51910500,4349.24951171875,"Indonesia","^JKSE"
2013-09-12,4331.2919921875,4372.10302734375,4318.59521484375,4356.60498046875,44871700,4356.435546875,"Indonesia","^JKSE"
2013-09-13,4338.7900390625,4375.5390625,4318.22216796875,4375.5390625,38706300,4375.36865234375,"Indonesia","^JKSE"
2013-09-16,4403.39501953125,4522.23876953125,4403.39501953125,4522.23876953125,54504400,4522.0625,"Indonesia","^JKSE"
2013-09-17,4518.2587890625,4536.9267578125,4479.294921875,4517.6201171875,51819100,4517.44482421875,"Indonesia","^JKSE"
2013-09-18,4501.9609375,4505.0810546875,4448.076171875,4463.25390625,49099300,4463.080078125,"Indonesia","^JKSE"
2013-09-19,4576.57080078125,4791.76513671875,4576.57080078125,4670.73291015625,83236700,4670.55126953125,"Indonesia","^JKSE"
2013-09-20,4655.51904296875,4669.72119140625,4576.31982421875,4583.828125,43877100,4583.6494140625,"Indonesia","^JKSE"
2013-09-23,4526.80322265625,4562.85693359375,4512.205078125,4562.85693359375,34829800,4562.6796875,"Indonesia","^JKSE"
2013-09-24,4548.5478515625,4574.5771484375,4443.408203125,4460.4130859375,40984300,4460.23974609375,"Indonesia","^JKSE"
2013-09-25,4390.23779296875,4443.3701171875,4353.22412109375,4406.76708984375,34455000,4406.595703125,"Indonesia","^JKSE"
2013-09-26,4402.94677734375,4470.2529296875,4395.81201171875,4405.89306640625,37131200,4405.7216796875,"Indonesia","^JKSE"
2013-09-27,4436.76416015625,4452.8828125,4412.2841796875,4423.71923828125,26544600,4423.546875,"Indonesia","^JKSE"
2013-09-30,4385.5068359375,4403.380859375,4313.28515625,4316.17578125,30568900,4316.00732421875,"Indonesia","^JKSE"
2013-10-01,4314.9609375,4379.68115234375,4314.9609375,4345.89892578125,30909000,4345.7294921875,"Indonesia","^JKSE"
2013-10-02,4372.01416015625,4425.9228515625,4372.01416015625,4387.60400390625,31854400,4387.43310546875,"Indonesia","^JKSE"
2013-10-03,4396.52099609375,4422.77978515625,4395.748046875,4418.64306640625,26710400,4418.470703125,"Indonesia","^JKSE"
2013-10-04,4408.7451171875,4412.166015625,4373.01318359375,4389.34716796875,27086500,4389.17626953125,"Indonesia","^JKSE"
2013-10-07,4392.5458984375,4409.76708984375,4357.4560546875,4374.958984375,30917100,4374.78857421875,"Indonesia","^JKSE"
2013-10-08,4359.02783203125,4439.72216796875,4358.01904296875,4432.5068359375,36366600,4432.333984375,"Indonesia","^JKSE"
2013-10-09,4420.634765625,4469.240234375,4409.6171875,4457.43798828125,39994400,4457.2646484375,"Indonesia","^JKSE"
2013-10-10,4481.26318359375,4503.0751953125,4477.45703125,4486.67822265625,39080800,4486.50390625,"Indonesia","^JKSE"
2013-10-11,4523.92822265625,4543.73388671875,4506.85107421875,4519.912109375,33864900,4519.736328125,"Indonesia","^JKSE"
2013-10-16,4527.80908203125,4533.033203125,4484.375,4492.26123046875,25323800,4492.0859375,"Indonesia","^JKSE"
2013-10-17,4525.15283203125,4550.54296875,4501.626953125,4518.93017578125,41345800,4518.75439453125,"Indonesia","^JKSE"
2013-10-18,4519.18505859375,4546.57080078125,4501.15380859375,4546.57080078125,42220300,4546.39404296875,"Indonesia","^JKSE"
2013-10-21,4557.60986328125,4584.98291015625,4549.92919921875,4578.17822265625,40023700,4578,"Indonesia","^JKSE"
2013-10-22,4551.22705078125,4559.5029296875,4499.68505859375,4512.7431640625,30719400,4512.56787109375,"Indonesia","^JKSE"
2013-10-23,4530.13623046875,4609.10888671875,4530.13623046875,4546.4990234375,41033000,4546.322265625,"Indonesia","^JKSE"
2013-10-24,4537.56103515625,4594.84521484375,4533.34716796875,4594.84521484375,43646100,4594.66650390625,"Indonesia","^JKSE"
2013-10-25,4579.36376953125,4604.20703125,4567.40576171875,4580.84619140625,36936600,4580.66748046875,"Indonesia","^JKSE"
2013-10-28,4594.0048828125,4611.26416015625,4573.39501953125,4590.5380859375,33982100,4590.359375,"Indonesia","^JKSE"
2013-10-29,4581.10107421875,4592.52490234375,4543.4111328125,4562.77001953125,30531300,4562.5927734375,"Indonesia","^JKSE"
2013-10-30,4563.7060546875,4579.4169921875,4541.76220703125,4574.8779296875,30158400,4574.69970703125,"Indonesia","^JKSE"
2013-10-31,4533.7578125,4547.34912109375,4483.623046875,4510.630859375,37646900,4510.45556640625,"Indonesia","^JKSE"
2013-11-01,4473.72998046875,4518.65380859375,4432.5888671875,4432.5888671875,34940900,4432.416015625,"Indonesia","^JKSE"
2013-11-04,4426.5341796875,4446.330078125,4403.39599609375,4423.2880859375,24258800,4423.11572265625,"Indonesia","^JKSE"
2013-11-06,4428.82080078125,4449.759765625,4415.7470703125,4449.759765625,26905300,4449.5869140625,"Indonesia","^JKSE"
2013-11-07,4454.4072265625,4494.34814453125,4451.384765625,4486.10888671875,30954000,4485.9345703125,"Indonesia","^JKSE"
2013-11-08,4460.64306640625,4484.97998046875,4446.48388671875,4476.72021484375,35769900,4476.5458984375,"Indonesia","^JKSE"
2013-11-11,4473.8779296875,4485.05712890625,4433.2119140625,4441.72412109375,36429000,4441.55126953125,"Indonesia","^JKSE"
2013-11-12,4449.27685546875,4455.1611328125,4371.02490234375,4380.64013671875,36922800,4380.46923828125,"Indonesia","^JKSE"
2013-11-13,4358.48681640625,4358.48681640625,4284.02978515625,4301.89111328125,32504600,4301.72412109375,"Indonesia","^JKSE"
2013-11-14,4323.87890625,4382.90478515625,4323.87890625,4367.37109375,36053800,4367.201171875,"Indonesia","^JKSE"
2013-11-15,4388.908203125,4406.63623046875,4322.0810546875,4335.4482421875,32686700,4335.27978515625,"Indonesia","^JKSE"
2013-11-18,4361.22314453125,4403.55517578125,4360.86279296875,4393.591796875,30183300,4393.4208984375,"Indonesia","^JKSE"
2013-11-19,4391.23486328125,4405.06787109375,4365.02294921875,4398.3359375,30832200,4398.1650390625,"Indonesia","^JKSE"
2013-11-20,4408.39501953125,4408.39501953125,4331.60595703125,4350.7861328125,30035000,4350.61669921875,"Indonesia","^JKSE"
2013-11-21,4327.80810546875,4338.14892578125,4300.1337890625,4326.205078125,24792700,4326.03662109375,"Indonesia","^JKSE"
2013-11-22,4352.5517578125,4359.5810546875,4303.52978515625,4317.9599609375,25509100,4317.79150390625,"Indonesia","^JKSE"
2013-11-25,4329.3818359375,4346.658203125,4316.73486328125,4334.80322265625,25714100,4334.634765625,"Indonesia","^JKSE"
2013-11-26,4329.5517578125,4332.38720703125,4235.26123046875,4235.26123046875,52135200,4235.09619140625,"Indonesia","^JKSE"
2013-11-27,4259.326171875,4272.43310546875,4220.0498046875,4251.48876953125,27901300,4251.32373046875,"Indonesia","^JKSE"
2013-11-28,4264.201171875,4274.52001953125,4202.9189453125,4233.9248046875,29298300,4233.759765625,"Indonesia","^JKSE"
2013-11-29,4220.27099609375,4256.43603515625,4218.54296875,4256.43603515625,27304500,4256.2705078125,"Indonesia","^JKSE"
2013-12-02,4269.0771484375,4331.58984375,4265.59814453125,4321.97705078125,38667000,4321.80859375,"Indonesia","^JKSE"
2013-12-03,4318.3427734375,4320.05908203125,4269.34521484375,4288.76416015625,30536200,4288.59716796875,"Indonesia","^JKSE"
2013-12-04,4266.03515625,4267.60107421875,4241.3017578125,4241.3017578125,31912200,4241.13671875,"Indonesia","^JKSE"
2013-12-05,4238.0078125,4242.10498046875,4186.94384765625,4216.89404296875,29998800,4216.72998046875,"Indonesia","^JKSE"
2013-12-06,4202.259765625,4204.376953125,4161.02294921875,4180.7880859375,29545200,4180.62548828125,"Indonesia","^JKSE"
2013-12-09,4210.2001953125,4227.23193359375,4192.47021484375,4214.341796875,27668900,4214.177734375,"Indonesia","^JKSE"
2013-12-10,4224.453125,4275.94921875,4220.9140625,4275.67822265625,38028300,4275.51171875,"Indonesia","^JKSE"
2013-12-11,4273.93994140625,4282.10498046875,4235.4169921875,4271.7431640625,32579700,4271.57666015625,"Indonesia","^JKSE"
2013-12-12,4238.955078125,4248.3369140625,4212.2177734375,4212.2177734375,29566700,4212.0537109375,"Indonesia","^JKSE"
2013-12-13,4213.6630859375,4214.587890625,4163.86181640625,4174.830078125,27293900,4174.66748046875,"Indonesia","^JKSE"
2013-12-16,4157.76123046875,4160.51904296875,4109.30908203125,4125.9560546875,34507700,4125.79541015625,"Indonesia","^JKSE"
2013-12-17,4147.90576171875,4196.6630859375,4147.90576171875,4182.34619140625,36968600,4182.18359375,"Indonesia","^JKSE"
2013-12-18,4191.31103515625,4213.94482421875,4172.02392578125,4196.2822265625,28115200,4196.119140625,"Indonesia","^JKSE"
2013-12-19,4228.0419921875,4257.16796875,4208.5029296875,4231.97998046875,29113000,4231.81494140625,"Indonesia","^JKSE"
2013-12-20,4228.7919921875,4230.60595703125,4180.81201171875,4195.55615234375,26647900,4195.39306640625,"Indonesia","^JKSE"
2013-12-23,4201.7080078125,4205.18505859375,4154.1171875,4189.60791015625,21238800,4189.4453125,"Indonesia","^JKSE"
2013-12-24,4196.44677734375,4206.64208984375,4174.4599609375,4202.833984375,18850100,4202.669921875,"Indonesia","^JKSE"
2013-12-27,4209.73193359375,4233.85205078125,4207.94482421875,4212.97998046875,20628100,4212.81591796875,"Indonesia","^JKSE"
2013-12-30,4240.38916015625,4274.1767578125,4232.5849609375,4274.1767578125,25138400,4274.01025390625,"Indonesia","^JKSE"
2014-01-02,4294.4951171875,4327.26513671875,4287.80810546875,4327.26513671875,23129000,4327.0966796875,"Indonesia","^JKSE"
2014-01-03,4297.71484375,4298.23095703125,4247.98681640625,4257.6630859375,21869100,4257.4970703125,"Indonesia","^JKSE"
2014-01-06,4259.5830078125,4263.623046875,4188.375,4202.80908203125,19723100,4202.64501953125,"Indonesia","^JKSE"
2014-01-07,4206.296875,4212.31689453125,4175.80615234375,4175.80615234375,23847200,4175.6435546875,"Indonesia","^JKSE"
2014-01-08,4183.5498046875,4204.3017578125,4161.19287109375,4200.5927734375,23002200,4200.42919921875,"Indonesia","^JKSE"
2014-01-09,4199.9677734375,4216.82177734375,4189.12109375,4201.2177734375,27582400,4201.05419921875,"Indonesia","^JKSE"
2014-01-10,4196.68896484375,4270.1591796875,4190.56298828125,4254.97119140625,29637400,4254.8056640625,"Indonesia","^JKSE"
2014-01-13,4294.19384765625,4393.31982421875,4292.333984375,4390.77099609375,49046700,4390.60009765625,"Indonesia","^JKSE"
2014-01-15,4402.35791015625,4459.47705078125,4398.1171875,4441.59423828125,45629500,4441.42138671875,"Indonesia","^JKSE"
2014-01-16,4455.544921875,4457.76416015625,4411.90576171875,4412.48876953125,32109500,4412.3173828125,"Indonesia","^JKSE"
2014-01-17,4408.3662109375,4429.56884765625,4391.1767578125,4412.22802734375,29189900,4412.056640625,"Indonesia","^JKSE"
2014-01-20,4408.02587890625,4435.9677734375,4407.876953125,4431.57177734375,26458300,4431.3994140625,"Indonesia","^JKSE"
2014-01-21,4442.34521484375,4457.51611328125,4440.240234375,4452.4990234375,32864800,4452.326171875,"Indonesia","^JKSE"
2014-01-22,4445.2548828125,4477.48876953125,4437.05712890625,4477.48876953125,32916400,4477.314453125,"Indonesia","^JKSE"
2014-01-23,4495.47998046875,4510.2158203125,4483.24609375,4496.0419921875,31577000,4495.86669921875,"Indonesia","^JKSE"
2014-01-24,4479.39208984375,4480.6171875,4437.3427734375,4437.3427734375,24068500,4437.169921875,"Indonesia","^JKSE"
2014-01-27,4357.73388671875,4360.35302734375,4286.44384765625,4322.77978515625,26954600,4322.611328125,"Indonesia","^JKSE"
2014-01-28,4311.62890625,4353.86181640625,4293.98486328125,4341.65087890625,25324000,4341.48193359375,"Indonesia","^JKSE"
2014-01-29,4355.9248046875,4432.34814453125,4355.9248046875,4417.34912109375,29260400,4417.1767578125,"Indonesia","^JKSE"
2014-01-30,4368.6630859375,4418.7568359375,4347.72998046875,4418.7568359375,26539700,4418.58447265625,"Indonesia","^JKSE"
2014-02-03,4407,4410.77685546875,4377.5419921875,4386.2587890625,21838000,4386.087890625,"Indonesia","^JKSE"
2014-02-04,4335.27978515625,4367.30078125,4320.783203125,4352.255859375,23487000,4352.08642578125,"Indonesia","^JKSE"
2014-02-05,4378.0458984375,4391.884765625,4366.033203125,4384.31005859375,28335200,4384.13916015625,"Indonesia","^JKSE"
2014-02-06,4386.54296875,4424.708984375,4385.2958984375,4424.708984375,34276000,4424.53662109375,"Indonesia","^JKSE"
2014-02-07,4441.72021484375,4474.1982421875,4440.5859375,4466.6650390625,37734700,4466.49072265625,"Indonesia","^JKSE"
2014-02-10,4485.462890625,4502.77490234375,4449.0419921875,4450.748046875,36906100,4450.5751953125,"Indonesia","^JKSE"
2014-02-11,4454.0322265625,4475.14794921875,4452.3408203125,4470.18994140625,38371000,4470.015625,"Indonesia","^JKSE"
2014-02-12,4489.60205078125,4502.18701171875,4480.97119140625,4496.2861328125,40536800,4496.11083984375,"Indonesia","^JKSE"
2014-02-13,4493.63818359375,4500.32177734375,4484.2861328125,4491.66015625,29317800,4491.48486328125,"Indonesia","^JKSE"
2014-02-14,4504.65087890625,4512.7490234375,4498.26611328125,4508.0439453125,28633900,4507.86865234375,"Indonesia","^JKSE"
2014-02-17,4524.52685546875,4560.10205078125,4524.52685546875,4555.3681640625,44265400,4555.19091796875,"Indonesia","^JKSE"
2014-02-18,4558.97900390625,4570.30517578125,4550.0029296875,4556.19091796875,44432800,4556.013671875,"Indonesia","^JKSE"
2014-02-19,4559.494140625,4592.65087890625,4559.33203125,4592.65087890625,43032900,4592.47216796875,"Indonesia","^JKSE"
2014-02-20,4583.56982421875,4598.22119140625,4574.97216796875,4598.22119140625,36065600,4598.04248046875,"Indonesia","^JKSE"
2014-02-21,4614.89013671875,4650.4599609375,4613.89892578125,4646.15283203125,38012500,4645.9716796875,"Indonesia","^JKSE"
2014-02-24,4652.77685546875,4665.26708984375,4622.92919921875,4623.57421875,32741400,4623.39453125,"Indonesia","^JKSE"
2014-02-25,4628.19189453125,4643.11279296875,4567.8740234375,4577.291015625,33190500,4577.11279296875,"Indonesia","^JKSE"
2014-02-26,4562.490234375,4571.05517578125,4520.22119140625,4532.72021484375,38523200,4532.54345703125,"Indonesia","^JKSE"
2014-02-27,4533.93994140625,4575.3291015625,4530.13623046875,4568.93994140625,33783900,4568.76220703125,"Indonesia","^JKSE"
2014-02-28,4581.43896484375,4620.2158203125,4579.544921875,4620.2158203125,35868400,4620.0361328125,"Indonesia","^JKSE"
2014-03-03,4589.6240234375,4589.92578125,4567.759765625,4584.205078125,28506100,4584.0263671875,"Indonesia","^JKSE"
2014-03-04,4581.30810546875,4602.19921875,4568.65478515625,4601.2841796875,33728000,4601.10546875,"Indonesia","^JKSE"
2014-03-05,4621.125,4659.171875,4621.0439453125,4659.171875,38330100,4658.99072265625,"Indonesia","^JKSE"
2014-03-06,4667.78076171875,4687.85693359375,4657.01318359375,4687.85693359375,46392700,4687.67431640625,"Indonesia","^JKSE"
2014-03-07,4700.4150390625,4708.4619140625,4680.5,4685.89013671875,44138700,4685.70751953125,"Indonesia","^JKSE"
2014-03-10,4665.240234375,4689.34423828125,4654.578125,4677.24609375,36835700,4677.064453125,"Indonesia","^JKSE"
2014-03-11,4673.3818359375,4706.60400390625,4672.5400390625,4704.2138671875,50571900,4704.03076171875,"Indonesia","^JKSE"
2014-03-12,4680.705078125,4698.47509765625,4667.39208984375,4684.384765625,50664200,4684.2021484375,"Indonesia","^JKSE"
2014-03-13,4694.9228515625,4726.1669921875,4691.291015625,4726.1669921875,52683300,4725.98291015625,"Indonesia","^JKSE"
2014-03-14,4693.81591796875,4878.64306640625,4676.23193359375,4878.64306640625,64183200,4878.453125,"Indonesia","^JKSE"
2014-03-17,4887.35888671875,4903.4970703125,4845.77978515625,4876.18798828125,68624800,4875.998046875,"Indonesia","^JKSE"
2014-03-18,4878.5380859375,4895.4990234375,4802.01904296875,4805.61181640625,48254600,4805.4248046875,"Indonesia","^JKSE"
2014-03-19,4817.501953125,4838.18310546875,4816.7109375,4821.45703125,42089300,4821.26953125,"Indonesia","^JKSE"
2014-03-20,4807.716796875,4808.93017578125,4691.14111328125,4698.97314453125,46822200,4698.7900390625,"Indonesia","^JKSE"
2014-03-21,4710.509765625,4736.30078125,4661.61181640625,4700.21484375,46340400,4700.03173828125,"Indonesia","^JKSE"
2014-03-24,4712.1201171875,4727.6220703125,4695.35791015625,4720.419921875,32516000,4720.236328125,"Indonesia","^JKSE"
2014-03-25,4706.2548828125,4712.76513671875,4694.248046875,4703.0908203125,33550100,4702.90771484375,"Indonesia","^JKSE"
2014-03-26,4708.25390625,4744.89599609375,4707.85986328125,4728.240234375,34028700,4728.05615234375,"Indonesia","^JKSE"
2014-03-27,4721.52001953125,4758.01123046875,4717.72998046875,4723.05712890625,35690000,4722.87353515625,"Indonesia","^JKSE"
2014-03-28,4737.6337890625,4769.22021484375,4737.22119140625,4768.27685546875,38896300,4768.09130859375,"Indonesia","^JKSE"
2014-04-01,4796.162109375,4873.93408203125,4793.88916015625,4873.93408203125,46120400,4873.744140625,"Indonesia","^JKSE"
2014-04-02,4878.33984375,4902.10498046875,4857.68212890625,4870.205078125,47891300,4870.015625,"Indonesia","^JKSE"
2014-04-03,4877.31689453125,4896.61083984375,4876.40478515625,4891.31982421875,40869900,4891.12939453125,"Indonesia","^JKSE"
2014-04-04,4894.3349609375,4899.2060546875,4839.259765625,4857.94384765625,35297400,4857.7548828125,"Indonesia","^JKSE"
2014-04-07,4855.8671875,4930.8798828125,4852.97509765625,4921.0390625,40078800,4920.84765625,"Indonesia","^JKSE"
2014-04-08,4922.60009765625,4933.11279296875,4906.07177734375,4921.40380859375,37402300,4921.21240234375,"Indonesia","^JKSE"
2014-04-09,NA,NA,NA,NA,NA,NA,"Indonesia","^JKSE"
2014-04-10,4829.31298828125,4829.31298828125,4739.7919921875,4765.72900390625,64619800,4765.54345703125,"Indonesia","^JKSE"
2014-04-11,4734.30517578125,4816.576171875,4721.59619140625,4816.576171875,38265800,4816.388671875,"Indonesia","^JKSE"
2014-04-14,4812.6279296875,4870.10205078125,4812.6279296875,4864.8837890625,36899400,4864.69482421875,"Indonesia","^JKSE"
2014-04-15,4872.298828125,4893.23095703125,4863.01318359375,4870.21484375,40691200,4870.025390625,"Indonesia","^JKSE"
2014-04-16,4883.48779296875,4893.53515625,4870.61181640625,4873.01123046875,42634400,4872.8212890625,"Indonesia","^JKSE"
2014-04-17,4897.19677734375,4906.287109375,4883.27294921875,4897.0517578125,30456400,4896.861328125,"Indonesia","^JKSE"
2014-04-21,4912.5078125,4915.203125,4887.77490234375,4892.2880859375,26343900,4892.09765625,"Indonesia","^JKSE"
2014-04-22,4889.8671875,4898.2060546875,4858.81982421875,4898.2060546875,31361100,4898.015625,"Indonesia","^JKSE"
2014-04-23,4892.77197265625,4916.89794921875,4887.26708984375,4893.14794921875,36209700,4892.95751953125,"Indonesia","^JKSE"
2014-04-24,4891.68212890625,4916.23291015625,4880.84814453125,4891.0791015625,36628100,4890.888671875,"Indonesia","^JKSE"
2014-04-25,4893.38623046875,4916.591796875,4891.27001953125,4897.64306640625,35213900,4897.45263671875,"Indonesia","^JKSE"
2014-04-28,4895.8359375,4901.84716796875,4818.7578125,4818.7578125,32217400,4818.5703125,"Indonesia","^JKSE"
2014-04-29,4810.51416015625,4823.57421875,4800.0068359375,4819.68115234375,32679700,4819.49365234375,"Indonesia","^JKSE"
2014-04-30,4834.23486328125,4846.23193359375,4827.48193359375,4840.14599609375,34856200,4839.95751953125,"Indonesia","^JKSE"
2014-05-02,4845.3408203125,4858.9072265625,4835.19482421875,4838.759765625,36574400,4838.5712890625,"Indonesia","^JKSE"
2014-05-05,4842.53076171875,4856.3369140625,4838.07421875,4842.5029296875,28312600,4842.31396484375,"Indonesia","^JKSE"
2014-05-06,4845.4677734375,4855.091796875,4828.63720703125,4834.4677734375,25575900,4834.27978515625,"Indonesia","^JKSE"
2014-05-07,4833.31689453125,4869.5888671875,4828.216796875,4862.06884765625,32100000,4861.8798828125,"Indonesia","^JKSE"
2014-05-08,4878.81005859375,4889.0517578125,4842.39794921875,4860.88916015625,30018200,4860.7001953125,"Indonesia","^JKSE"
2014-05-09,4865.52685546875,4898.13818359375,4863.490234375,4898.13818359375,33843600,4897.94775390625,"Indonesia","^JKSE"
2014-05-12,4907.73876953125,4929.73291015625,4907.72705078125,4912.998046875,35967400,4912.806640625,"Indonesia","^JKSE"
2014-05-13,4933.662109375,4941.2451171875,4902.80322265625,4921.39404296875,32367800,4921.20263671875,"Indonesia","^JKSE"
2014-05-14,4938.26220703125,4991.63623046875,4936.52783203125,4991.63623046875,47067000,4991.44189453125,"Indonesia","^JKSE"
2014-05-16,4983.2861328125,5031.57080078125,4977.173828125,5031.57080078125,42269900,5031.375,"Indonesia","^JKSE"
2014-05-19,5053.05078125,5091.31689453125,4976.39892578125,5014.99609375,46633800,5014.80126953125,"Indonesia","^JKSE"
2014-05-20,5009.6181640625,5010.2041015625,4865.3232421875,4895.955078125,40347100,4895.7646484375,"Indonesia","^JKSE"
2014-05-21,4885.48486328125,4913.412109375,4868.2001953125,4910.2919921875,31688400,4910.1005859375,"Indonesia","^JKSE"
2014-05-22,4931.36083984375,4974.125,4926.07421875,4969.8818359375,38541200,4969.6884765625,"Indonesia","^JKSE"
2014-05-23,4973.5419921875,4977.4970703125,4959.169921875,4973.05712890625,28414800,4972.86376953125,"Indonesia","^JKSE"
2014-05-26,4984.68994140625,4986.0849609375,4961.42578125,4963.9248046875,25200100,4963.7314453125,"Indonesia","^JKSE"
2014-05-28,4959.5439453125,4988.18505859375,4957.81396484375,4985.578125,28955700,4985.38427734375,"Indonesia","^JKSE"
2014-05-30,4996.7021484375,4998.09423828125,4893.908203125,4893.908203125,40385400,4893.7177734375,"Indonesia","^JKSE"
2014-06-02,4900.97314453125,4912.0908203125,4875.619140625,4912.0908203125,30879300,4911.8994140625,"Indonesia","^JKSE"
2014-06-03,4920.044921875,4942.1572265625,4896.94921875,4942.1572265625,30753300,4941.96435546875,"Indonesia","^JKSE"
2014-06-04,4933.1181640625,4946.88720703125,4919.916015625,4932.56396484375,27047400,4932.3720703125,"Indonesia","^JKSE"
2014-06-05,4932.43505859375,4938.27783203125,4912.88720703125,4935.56396484375,26269900,4935.3720703125,"Indonesia","^JKSE"
2014-06-06,4931.4951171875,4958.43212890625,4928.89599609375,4937.17578125,25952600,4936.98388671875,"Indonesia","^JKSE"
2014-06-09,4945.8388671875,4948.61181640625,4876.18798828125,4885.0830078125,30762400,4884.89306640625,"Indonesia","^JKSE"
2014-06-10,4893.70703125,4946.08984375,4893.70703125,4946.08984375,24751500,4945.89697265625,"Indonesia","^JKSE"
2014-06-11,4942.72509765625,4971.94580078125,4939.97900390625,4971.94580078125,28149800,4971.75244140625,"Indonesia","^JKSE"
2014-06-12,4963.1162109375,4965.8828125,4920.98681640625,4934.4072265625,27230000,4934.21533203125,"Indonesia","^JKSE"
2014-06-13,4927.37109375,4929.61181640625,4918.47802734375,4926.6630859375,22470600,4926.4716796875,"Indonesia","^JKSE"
2014-06-16,4924.06787109375,4929.5517578125,4880.16015625,4885.458984375,26973900,4885.26904296875,"Indonesia","^JKSE"
2014-06-17,4889.7158203125,4909.51708984375,4878.31884765625,4909.51708984375,25567700,4909.32568359375,"Indonesia","^JKSE"
2014-06-18,4906.544921875,4906.669921875,4881.9501953125,4887.85986328125,27414900,4887.669921875,"Indonesia","^JKSE"
2014-06-19,4895.9638671875,4900.32177734375,4859.203125,4864.27294921875,29341400,4864.083984375,"Indonesia","^JKSE"
2014-06-20,4874.97314453125,4884.48291015625,4847.701171875,4847.701171875,24636300,4847.51220703125,"Indonesia","^JKSE"
2014-06-23,4857.9228515625,4868.02001953125,4840.97900390625,4842.12890625,28836200,4841.93994140625,"Indonesia","^JKSE"
2014-06-24,4847.42578125,4869.01806640625,4847.42578125,4862.240234375,31768800,4862.05126953125,"Indonesia","^JKSE"
2014-06-25,4859.8837890625,4875.02392578125,4838.98193359375,4838.98193359375,29631600,4838.79345703125,"Indonesia","^JKSE"
2014-06-26,4846.98193359375,4872.419921875,4846.2138671875,4872.419921875,30351500,4872.22998046875,"Indonesia","^JKSE"
2014-06-27,4864.18310546875,4871.0771484375,4835.037109375,4845.1337890625,30815500,4844.94482421875,"Indonesia","^JKSE"
2014-06-30,4847.2041015625,4878.58203125,4845.60595703125,4878.58203125,34393700,4878.39208984375,"Indonesia","^JKSE"
2014-07-01,4877.64990234375,4884.8251953125,4862.419921875,4884.8251953125,31894300,4884.63525390625,"Indonesia","^JKSE"
2014-07-02,4887.85009765625,4908.27392578125,4879.19921875,4908.27392578125,27591100,4908.08251953125,"Indonesia","^JKSE"
2014-07-03,4905.73193359375,4908.23486328125,4887.97607421875,4888.73486328125,31386200,4888.544921875,"Indonesia","^JKSE"
2014-07-04,4884.44189453125,4917.671875,4884.44189453125,4905.8251953125,37805700,4905.6337890625,"Indonesia","^JKSE"
2014-07-07,4921.7861328125,4989.03076171875,4918.865234375,4989.03076171875,52427200,4988.83642578125,"Indonesia","^JKSE"
2014-07-08,5008.462890625,5050.55908203125,5008.15380859375,5024.7119140625,58921700,5024.51611328125,"Indonesia","^JKSE"
2014-07-09,NA,NA,NA,NA,NA,NA,"Indonesia","^JKSE"
2014-07-10,5109.615234375,5165.416015625,5072.98291015625,5098.009765625,77323400,5097.8115234375,"Indonesia","^JKSE"
2014-07-11,5073.14404296875,5078.703125,5002.98486328125,5032.59912109375,35879900,5032.4033203125,"Indonesia","^JKSE"
2014-07-14,5041.35302734375,5047.76123046875,4999.85400390625,5021.06298828125,32253000,5020.8671875,"Indonesia","^JKSE"
2014-07-15,5032.958984375,5070.82080078125,5032.958984375,5070.82080078125,38450100,5070.62353515625,"Indonesia","^JKSE"
2014-07-16,5076.27001953125,5132.72705078125,5076.27001953125,5113.93017578125,53934100,5113.73095703125,"Indonesia","^JKSE"
2014-07-17,5128.5068359375,5136.77783203125,5039.34716796875,5071.2021484375,41497600,5071.0048828125,"Indonesia","^JKSE"
2014-07-18,5048.8828125,5100.77880859375,5040.2509765625,5087.01416015625,33320100,5086.81640625,"Indonesia","^JKSE"
2014-07-21,5107.4619140625,5129.98876953125,5107.4619140625,5127.123046875,47565100,5126.923828125,"Indonesia","^JKSE"
2014-07-22,5141.96923828125,5155.0341796875,5014.01220703125,5083.52099609375,55994600,5083.3232421875,"Indonesia","^JKSE"
2014-07-23,5104.830078125,5139.666015625,5087.22021484375,5093.22998046875,41403600,5093.03173828125,"Indonesia","^JKSE"
2014-07-24,5109.998046875,5119.4921875,5080.05908203125,5098.64111328125,33848600,5098.44287109375,"Indonesia","^JKSE"
2014-07-25,5104.55615234375,5110.171875,5059.9921875,5088.8017578125,38431900,5088.60400390625,"Indonesia","^JKSE"
2014-08-04,5076.22705078125,5119.2451171875,5050.51708984375,5119.2451171875,35513500,5119.0458984375,"Indonesia","^JKSE"
2014-08-05,5123.06494140625,5124.98291015625,5091.2939453125,5109.0869140625,37076000,5108.8876953125,"Indonesia","^JKSE"
2014-08-06,5081.81689453125,5085.72314453125,5050.69091796875,5058.22705078125,35401100,5058.02978515625,"Indonesia","^JKSE"
2014-08-07,5052.091796875,5068.41796875,5043.52490234375,5066.97802734375,39067200,5066.78076171875,"Indonesia","^JKSE"
2014-08-08,5068.02880859375,5076.55615234375,5048.0029296875,5053.759765625,29496000,5053.56298828125,"Indonesia","^JKSE"
2014-08-11,5090.77392578125,5113.23583984375,5087.98681640625,5113.23583984375,32870700,5113.03662109375,"Indonesia","^JKSE"
2014-08-12,5129.12109375,5144.0068359375,5127.2138671875,5132.39501953125,41202400,5132.1953125,"Indonesia","^JKSE"
2014-08-13,5137.19580078125,5168.26904296875,5134.23095703125,5168.26904296875,35659000,5168.0673828125,"Indonesia","^JKSE"
2014-08-14,5170.47509765625,5177.98193359375,5133.48876953125,5155.546875,41651000,5155.34619140625,"Indonesia","^JKSE"
2014-08-15,5155.5888671875,5161.35498046875,5144.0732421875,5148.9619140625,33668300,5148.76171875,"Indonesia","^JKSE"
2014-08-18,5154.39599609375,5165.580078125,5147.38623046875,5156.7509765625,35966500,5156.55029296875,"Indonesia","^JKSE"
2014-08-19,5171.55322265625,5178.326171875,5160.15380859375,5165.16796875,37429600,5164.966796875,"Indonesia","^JKSE"
2014-08-20,5167.59521484375,5190.93310546875,5166.8740234375,5190.1669921875,33486800,5189.96533203125,"Indonesia","^JKSE"
2014-08-21,5190.1669921875,5206.13623046875,5154.68603515625,5206.13623046875,35229600,5205.93310546875,"Indonesia","^JKSE"
2014-08-22,5215.8310546875,5223.97509765625,5186.56201171875,5198.89599609375,36120200,5198.69384765625,"Indonesia","^JKSE"
2014-08-25,5194.47412109375,5200.009765625,5177.68994140625,5184.9560546875,33878800,5184.75439453125,"Indonesia","^JKSE"
2014-08-26,5191.2529296875,5195.10791015625,5144.26513671875,5146.5517578125,40146700,5146.3515625,"Indonesia","^JKSE"
2014-08-27,5144.9619140625,5171.3828125,5144.9619140625,5165.2470703125,32634100,5165.0458984375,"Indonesia","^JKSE"
2014-08-28,5166.2099609375,5194.47509765625,5165.01513671875,5184.47900390625,36533300,5184.27734375,"Indonesia","^JKSE"
2014-08-29,5175.26318359375,5192.8291015625,5136.86279296875,5136.86279296875,33487700,5136.66259765625,"Indonesia","^JKSE"
2014-09-01,5159.94287109375,5179.85498046875,5157.3388671875,5177.6181640625,29369000,5177.41650390625,"Indonesia","^JKSE"
2014-09-02,5179.33203125,5201.9501953125,5179.33203125,5201.5859375,35068300,5201.3837890625,"Indonesia","^JKSE"
2014-09-03,5206.123046875,5226.25390625,5206.123046875,5224.134765625,38597900,5223.93115234375,"Indonesia","^JKSE"
2014-09-04,5225.2890625,5232.6630859375,5195.40380859375,5205.32177734375,35334600,5205.119140625,"Indonesia","^JKSE"
2014-09-05,5200.3662109375,5224.2998046875,5199.9091796875,5217.3349609375,35082300,5217.1318359375,"Indonesia","^JKSE"
2014-09-08,5241.23388671875,5262.56787109375,5241.14306640625,5246.48291015625,32766300,5246.27880859375,"Indonesia","^JKSE"
2014-09-09,5249.0810546875,5251.6640625,5197.119140625,5197.119140625,38958100,5196.9169921875,"Indonesia","^JKSE"
2014-09-10,5190.25,5190.25,5129.73388671875,5142.9912109375,44024300,5142.791015625,"Indonesia","^JKSE"
2014-09-11,5147.0927734375,5178.30322265625,5133.033203125,5133.033203125,49002700,5132.83349609375,"Indonesia","^JKSE"
2014-09-12,5135.10498046875,5156.97314453125,5127.72802734375,5143.7109375,31846800,5143.5107421875,"Indonesia","^JKSE"
2014-09-15,5118.26611328125,5148.72119140625,5117.72607421875,5144.89794921875,30356000,5144.69775390625,"Indonesia","^JKSE"
2014-09-16,5151.7880859375,5156.72705078125,5130.5029296875,5130.5029296875,29834000,5130.30322265625,"Indonesia","^JKSE"
2014-09-17,5159.14208984375,5198.291015625,5157.86083984375,5188.18408203125,39827300,5187.982421875,"Indonesia","^JKSE"
2014-09-18,5196.39892578125,5216.5771484375,5186.92578125,5208.14208984375,31830200,5207.93896484375,"Indonesia","^JKSE"
2014-09-19,5216.43505859375,5250.828125,5210.31396484375,5227.58203125,40243200,5227.37841796875,"Indonesia","^JKSE"
2014-09-22,5219.326171875,5228.9091796875,5208.9521484375,5219.80322265625,30026800,5219.60009765625,"Indonesia","^JKSE"
2014-09-23,5201.94677734375,5202.4501953125,5184.15576171875,5188.11376953125,32744600,5187.912109375,"Indonesia","^JKSE"
2014-09-24,5190.09814453125,5207.2021484375,5174.0068359375,5174.0068359375,36258500,5173.80517578125,"Indonesia","^JKSE"
2014-09-25,5201.51220703125,5213.244140625,5180.31396484375,5201.37890625,33661400,5201.1767578125,"Indonesia","^JKSE"
2014-09-26,5143.0322265625,5143.0322265625,5105.31982421875,5132.56298828125,40531500,5132.36328125,"Indonesia","^JKSE"
2014-09-29,5122.826171875,5142.01123046875,5082.72705078125,5142.01123046875,33727200,5141.81103515625,"Indonesia","^JKSE"
2014-09-30,5115.81298828125,5151.005859375,5102.4111328125,5137.5791015625,37241000,5137.37890625,"Indonesia","^JKSE"
2014-10-01,5148.57421875,5165.39404296875,5124.22998046875,5140.9130859375,40331500,5140.712890625,"Indonesia","^JKSE"
2014-10-02,5107.10986328125,5107.10986328125,4996.9619140625,5000.80908203125,39398900,5000.6142578125,"Indonesia","^JKSE"
2014-10-03,5009.6708984375,5024.578125,4933.0400390625,4949.34619140625,37239200,4949.1533203125,"Indonesia","^JKSE"
2014-10-06,4975.2041015625,5006.3388671875,4946.69677734375,5000.13818359375,23889300,4999.943359375,"Indonesia","^JKSE"
2014-10-07,5017.15478515625,5048.22900390625,5000.1611328125,5032.8408203125,38708700,5032.64501953125,"Indonesia","^JKSE"
2014-10-08,4992.419921875,5004.56298828125,4958.51904296875,4958.51904296875,29867600,4958.326171875,"Indonesia","^JKSE"
2014-10-09,4993.22509765625,5014.5048828125,4992.673828125,4993.87890625,31353500,4993.6845703125,"Indonesia","^JKSE"
2014-10-10,4948.2841796875,4971.02880859375,4933.384765625,4962.9599609375,28086500,4962.7666015625,"Indonesia","^JKSE"
2014-10-13,4937.36376953125,4947.0068359375,4913.05322265625,4913.05322265625,26100100,4912.86181640625,"Indonesia","^JKSE"
2014-10-14,4902.458984375,4941.59619140625,4900.7177734375,4922.58203125,26701000,4922.390625,"Indonesia","^JKSE"
2014-10-15,4947.783203125,4972.9951171875,4943.001953125,4962.93994140625,32146500,4962.74658203125,"Indonesia","^JKSE"
2014-10-16,4933.2939453125,4976.6201171875,4924.5732421875,4951.61376953125,32452200,4951.4208984375,"Indonesia","^JKSE"
2014-10-17,4958.17919921875,5043.76513671875,4953.4990234375,5028.94580078125,44043200,5028.75,"Indonesia","^JKSE"
2014-10-20,5068.5830078125,5101.212890625,5040.5322265625,5040.5322265625,41636200,5040.33642578125,"Indonesia","^JKSE"
2014-10-21,5057.2880859375,5060.3291015625,5016.458984375,5029.34423828125,28722900,5029.1484375,"Indonesia","^JKSE"
2014-10-22,5055.494140625,5079.23486328125,5054.38818359375,5074.3232421875,32725400,5074.1259765625,"Indonesia","^JKSE"
2014-10-23,5076.5859375,5103.51806640625,5069.2412109375,5103.51806640625,36205100,5103.3193359375,"Indonesia","^JKSE"
2014-10-24,5098.2919921875,5107.26416015625,5062.90380859375,5073.06787109375,28341500,5072.87060546875,"Indonesia","^JKSE"
2014-10-27,5086.25390625,5091.0458984375,5024.2919921875,5024.2919921875,26439700,5024.09619140625,"Indonesia","^JKSE"
2014-10-28,5028.3291015625,5032.5498046875,4995.85498046875,5001.30419921875,31703100,5001.109375,"Indonesia","^JKSE"
2014-10-29,5019.48583984375,5074.30517578125,5018.97314453125,5074.05615234375,36601600,5073.85888671875,"Indonesia","^JKSE"
2014-10-30,5072.90576171875,5076.287109375,5032.3759765625,5058.84912109375,34495600,5058.65185546875,"Indonesia","^JKSE"
2014-10-31,5076.09619140625,5089.546875,5060.59619140625,5089.546875,32489800,5089.34912109375,"Indonesia","^JKSE"
2014-11-03,5102.537109375,5103.6982421875,5060.31591796875,5085.5087890625,29379500,5085.31103515625,"Indonesia","^JKSE"
2014-11-04,5078.52099609375,5090.44580078125,5070.48583984375,5070.93994140625,31631200,5070.74267578125,"Indonesia","^JKSE"
2014-11-05,5075.244140625,5087.2431640625,5052.0078125,5066.83203125,38222200,5066.634765625,"Indonesia","^JKSE"
2014-11-06,5069.94482421875,5074.2490234375,5029.9501953125,5034.23095703125,30956200,5034.03515625,"Indonesia","^JKSE"
2014-11-07,5033.365234375,5040.97119140625,4979.19580078125,4987.423828125,38116100,4987.22998046875,"Indonesia","^JKSE"
2014-11-10,4997.2998046875,5008.7900390625,4965.38720703125,4965.38720703125,30091600,4965.19384765625,"Indonesia","^JKSE"
2014-11-11,4971.1201171875,5043.52099609375,4970.498046875,5032.2841796875,35239300,5032.08837890625,"Indonesia","^JKSE"
2014-11-12,5047.2412109375,5067.96484375,5035.705078125,5048.8408203125,30576300,5048.64404296875,"Indonesia","^JKSE"
2014-11-13,5046.498046875,5052.48583984375,5029.6201171875,5048.66796875,28575000,5048.47119140625,"Indonesia","^JKSE"
2014-11-14,5047.63818359375,5068.0771484375,5035.4609375,5049.48779296875,28434900,5049.291015625,"Indonesia","^JKSE"
2014-11-17,5037.2998046875,5073.76220703125,5037.03515625,5053.94287109375,35071900,5053.74609375,"Indonesia","^JKSE"
2014-11-18,5077.10400390625,5102.46923828125,5068.28076171875,5102.46923828125,40957300,5102.2705078125,"Indonesia","^JKSE"
2014-11-19,5114.15478515625,5140.97802734375,5111.69580078125,5127.93310546875,49030800,5127.73388671875,"Indonesia","^JKSE"
2014-11-20,5123.19189453125,5126.27880859375,5071.43994140625,5093.56591796875,38567900,5093.36767578125,"Indonesia","^JKSE"
2014-11-21,5091.048828125,5122.82177734375,5084.09521484375,5112.044921875,48990800,5111.845703125,"Indonesia","^JKSE"
2014-11-24,5133.9482421875,5157.083984375,5124.80908203125,5141.76416015625,56104100,5141.56396484375,"Indonesia","^JKSE"
2014-11-25,5137.0341796875,5149.47900390625,5118.94482421875,5118.94482421875,51968200,5118.74560546875,"Indonesia","^JKSE"
2014-11-26,5125.23876953125,5137.06396484375,5107.57177734375,5133.0361328125,48196500,5132.83642578125,"Indonesia","^JKSE"
2014-11-27,5134.7021484375,5148.4130859375,5134.7021484375,5145.31494140625,53116900,5145.11474609375,"Indonesia","^JKSE"
2014-11-28,5139.64208984375,5149.88818359375,5126.97998046875,5149.88818359375,57208800,5149.68798828125,"Indonesia","^JKSE"
2014-12-01,5150.3798828125,5167.69091796875,5134.75390625,5164.2880859375,44997300,5164.0869140625,"Indonesia","^JKSE"
2014-12-02,5169.615234375,5194.046875,5166.62890625,5175.79296875,49816800,5175.59130859375,"Indonesia","^JKSE"
2014-12-03,5180.26123046875,5187.35009765625,5157.15283203125,5166.0439453125,46603500,5165.8427734375,"Indonesia","^JKSE"
2014-12-04,5172.04296875,5199.3310546875,5160.78076171875,5177.16015625,48176700,5176.95849609375,"Indonesia","^JKSE"
2014-12-05,5185.2509765625,5206.22412109375,5185.21484375,5187.994140625,39735600,5187.79248046875,"Indonesia","^JKSE"
2014-12-08,5197.89013671875,5207.2158203125,5124.5439453125,5144.01416015625,51834200,5143.81396484375,"Indonesia","^JKSE"
2014-12-09,5132.9091796875,5142.81689453125,5122.31201171875,5122.31201171875,49879300,5122.11279296875,"Indonesia","^JKSE"
2014-12-10,5121.578125,5168.72998046875,5121.578125,5165.4072265625,43753000,5165.2060546875,"Indonesia","^JKSE"
2014-12-11,5139.2861328125,5166.7001953125,5137.19921875,5152.69482421875,45944000,5152.49462890625,"Indonesia","^JKSE"
2014-12-12,5151.1611328125,5178.51513671875,5150.5849609375,5160.43310546875,51577700,5160.232421875,"Indonesia","^JKSE"
2014-12-15,5124.26220703125,5126.07080078125,5094.416015625,5108.43212890625,66874600,5108.23291015625,"Indonesia","^JKSE"
2014-12-16,5067.9501953125,5069.26318359375,5005.27490234375,5026.02783203125,67950500,5025.83203125,"Indonesia","^JKSE"
2014-12-17,5030.81494140625,5059.73193359375,5021.94921875,5035.64892578125,54841000,5035.453125,"Indonesia","^JKSE"
2014-12-18,5076.22607421875,5113.34521484375,5076.22607421875,5113.34521484375,63737700,5113.14599609375,"Indonesia","^JKSE"
2014-12-19,5141.7060546875,5162.37109375,5127.72314453125,5144.62109375,66679000,5144.4208984375,"Indonesia","^JKSE"
2014-12-22,5161.01904296875,5167.02099609375,5125.77197265625,5125.77197265625,60447700,5125.57275390625,"Indonesia","^JKSE"
2014-12-23,5139.7880859375,5151.373046875,5139.05517578125,5139.06787109375,41732000,5138.86767578125,"Indonesia","^JKSE"
2014-12-24,5141.3779296875,5175.3828125,5140.9677734375,5166.98291015625,36701800,5166.78173828125,"Indonesia","^JKSE"
2014-12-29,5168.72119140625,5185.6640625,5167.42919921875,5178.373046875,31914700,5178.17138671875,"Indonesia","^JKSE"
2014-12-30,5177.94287109375,5226.94677734375,5175.64208984375,5226.94677734375,46686400,5226.7431640625,"Indonesia","^JKSE"
2015-01-02,5233.7958984375,5247.93798828125,5230.75,5242.76904296875,38133000,5242.56494140625,"Indonesia","^JKSE"
2015-01-05,5229.68408203125,5233.66015625,5206.28515625,5219.9951171875,44846100,5219.7919921875,"Indonesia","^JKSE"
2015-01-06,5186.2041015625,5194.80322265625,5169.06005859375,5169.06005859375,51516500,5168.8583984375,"Indonesia","^JKSE"
2015-01-07,5175.55419921875,5207.3759765625,5174.7958984375,5207.1181640625,72088500,5206.9150390625,"Indonesia","^JKSE"
2015-01-08,5218.39990234375,5230.17919921875,5208.9931640625,5211.828125,69163000,5211.625,"Indonesia","^JKSE"
2015-01-09,5226.88720703125,5240.23779296875,5212.27978515625,5216.6650390625,73930500,5216.4619140625,"Indonesia","^JKSE"
2015-01-12,5202.7490234375,5220.2490234375,5183.2138671875,5187.93310546875,47662000,5187.7314453125,"Indonesia","^JKSE"
2015-01-13,5199.93505859375,5217.22119140625,5197.0859375,5214.35888671875,72921400,5214.15576171875,"Indonesia","^JKSE"
2015-01-14,5217.2041015625,5225.02294921875,5159.66796875,5159.66796875,6397239800,5159.46728515625,"Indonesia","^JKSE"
2015-01-15,5180.43408203125,5193.955078125,5168.0078125,5188.7119140625,54180100,5188.51025390625,"Indonesia","^JKSE"
2015-01-16,5182.01123046875,5204.4931640625,5148.37890625,5148.37890625,46196100,5148.1787109375,"Indonesia","^JKSE"
2015-01-19,5152.1591796875,5171.68408203125,5132.7060546875,5152.0927734375,44823900,5151.892578125,"Indonesia","^JKSE"
2015-01-20,5154.3701171875,5166.08984375,5121.81494140625,5166.08984375,47230800,5165.888671875,"Indonesia","^JKSE"
2015-01-21,5176.35107421875,5215.26611328125,5164.30419921875,5215.26611328125,39723300,5215.06298828125,"Indonesia","^JKSE"
2015-01-22,5215.64013671875,5267.57177734375,5215.02587890625,5253.18310546875,60342700,5252.978515625,"Indonesia","^JKSE"
2015-01-23,5281.18310546875,5325.0390625,5281.18310546875,5323.884765625,61824800,5323.67724609375,"Indonesia","^JKSE"
2015-01-26,5302.63916015625,5309.52392578125,5208.421875,5260.02392578125,47668400,5259.81884765625,"Indonesia","^JKSE"
2015-01-27,5254.45703125,5277.14892578125,5243.7529296875,5277.14892578125,40300400,5276.94384765625,"Indonesia","^JKSE"
2015-01-28,5272.22119140625,5279.9140625,5263.544921875,5268.85205078125,45228300,5268.64697265625,"Indonesia","^JKSE"
2015-01-29,5263.53515625,5266.98876953125,5253.4521484375,5262.7177734375,39427200,5262.5126953125,"Indonesia","^JKSE"
2015-01-30,5290.38720703125,5298.4599609375,5281.5810546875,5289.40380859375,39480500,5289.19775390625,"Indonesia","^JKSE"
2015-02-02,5277.15380859375,5291.4140625,5257.20703125,5276.23583984375,33697000,5276.03076171875,"Indonesia","^JKSE"
2015-02-03,5287.623046875,5310.11279296875,5282.05712890625,5291.7177734375,45254600,5291.51171875,"Indonesia","^JKSE"
2015-02-04,5315.4482421875,5348.8408203125,5298.1201171875,5315.2841796875,53583900,5315.0771484375,"Indonesia","^JKSE"
2015-02-05,5309.1279296875,5314.2861328125,5254.0361328125,5279.89501953125,40395900,5279.689453125,"Indonesia","^JKSE"
2015-02-06,5297.35107421875,5342.51513671875,5296.59716796875,5342.51513671875,47310400,5342.30712890625,"Indonesia","^JKSE"
2015-02-09,5341.7587890625,5375.087890625,5333.22998046875,5348.47021484375,41689400,5348.26220703125,"Indonesia","^JKSE"
2015-02-10,5353.80712890625,5362.5732421875,5310.0830078125,5321.47412109375,43593200,5321.2666015625,"Indonesia","^JKSE"
2015-02-11,5336.6572265625,5345.0810546875,5327.89306640625,5336.51904296875,47042000,5336.3115234375,"Indonesia","^JKSE"
2015-02-12,5342.05712890625,5346.14013671875,5320.244140625,5343.4111328125,42684700,5343.203125,"Indonesia","^JKSE"
2015-02-13,5363.98291015625,5380.8369140625,5352.9521484375,5374.1650390625,36806200,5373.95556640625,"Indonesia","^JKSE"
2015-02-16,5377.97216796875,5384.02392578125,5320.39892578125,5325.4951171875,35327900,5325.28759765625,"Indonesia","^JKSE"
2015-02-17,5325.68408203125,5342.9248046875,5319.46484375,5337.5009765625,34670400,5337.29345703125,"Indonesia","^JKSE"
2015-02-18,5372.75390625,5415.3828125,5372.75390625,5390.44921875,51676100,5390.23974609375,"Indonesia","^JKSE"
2015-02-20,5399.43212890625,5427.31396484375,5398.34814453125,5400.10400390625,42104400,5399.8935546875,"Indonesia","^JKSE"
2015-02-23,5409.94384765625,5418.5849609375,5387.37890625,5403.27685546875,39458000,5403.06640625,"Indonesia","^JKSE"
2015-02-24,5399.658203125,5422.43994140625,5397.783203125,5417.31396484375,41829200,5417.10302734375,"Indonesia","^JKSE"
2015-02-25,5426.22802734375,5448.69482421875,5425.89501953125,5445.10791015625,49451900,5444.89599609375,"Indonesia","^JKSE"
2015-02-26,5429.48486328125,5459.06787109375,5429.48486328125,5451.421875,42517100,5451.2099609375,"Indonesia","^JKSE"
2015-02-27,5455.22509765625,5464.21923828125,5441.13916015625,5450.2939453125,44392400,5450.08203125,"Indonesia","^JKSE"
2015-03-02,5452.8310546875,5477.8310546875,5451.56787109375,5477.8310546875,42848700,5477.61767578125,"Indonesia","^JKSE"
2015-03-03,5479.62109375,5499.76513671875,5472.5732421875,5474.619140625,43155600,5474.40576171875,"Indonesia","^JKSE"
2015-03-04,5477.82421875,5484.85595703125,5435.43505859375,5448.05908203125,39650100,5447.84716796875,"Indonesia","^JKSE"
2015-03-05,5457.89697265625,5476.6259765625,5450.94677734375,5450.94677734375,41358800,5450.73486328125,"Indonesia","^JKSE"
2015-03-06,5467.14794921875,5514.787109375,5460.88916015625,5514.787109375,43788200,5514.57275390625,"Indonesia","^JKSE"
2015-03-09,5483.85791015625,5485.0029296875,5424.9541015625,5444.6337890625,41992900,5444.421875,"Indonesia","^JKSE"
2015-03-10,5437.12890625,5471.2822265625,5407.56689453125,5462.92822265625,48243400,5462.7158203125,"Indonesia","^JKSE"
2015-03-11,5438.328125,5439.26220703125,5405.94189453125,5419.56591796875,53837200,5419.35498046875,"Indonesia","^JKSE"
2015-03-12,5418.19189453125,5449.60302734375,5417.59912109375,5439.83203125,45223300,5439.6201171875,"Indonesia","^JKSE"
2015-03-13,5457.93603515625,5462.587890625,5420.7998046875,5426.4658203125,42344300,5426.2548828125,"Indonesia","^JKSE"
2015-03-16,5415.4677734375,5449.94287109375,5415.4677734375,5435.27099609375,36520500,5435.05908203125,"Indonesia","^JKSE"
2015-03-17,5452.8330078125,5464.01611328125,5431.796875,5439.15283203125,50622800,5438.94091796875,"Indonesia","^JKSE"
2015-03-18,5425.80908203125,5435.0400390625,5412.9560546875,5413.15087890625,43007100,5412.9404296875,"Indonesia","^JKSE"
2015-03-19,5445.06689453125,5461.296875,5444.10400390625,5453.85400390625,48809800,5453.64208984375,"Indonesia","^JKSE"
2015-03-20,5433.15087890625,5453.69287109375,5423.27783203125,5443.06494140625,53282300,5442.85302734375,"Indonesia","^JKSE"
2015-03-23,5455.87890625,5467.94091796875,5437.09814453125,5437.09814453125,55475400,5436.88623046875,"Indonesia","^JKSE"
2015-03-24,5440.587890625,5457.94580078125,5434.4638671875,5447.64794921875,40017200,5447.43603515625,"Indonesia","^JKSE"
2015-03-25,5437.7421875,5440.4501953125,5396.412109375,5405.48876953125,51711500,5405.2783203125,"Indonesia","^JKSE"
2015-03-26,5381.02001953125,5413.287109375,5368.6708984375,5368.7998046875,48225500,5368.59033203125,"Indonesia","^JKSE"
2015-03-27,5352.744140625,5397.8408203125,5350.47021484375,5396.85400390625,33640800,5396.64404296875,"Indonesia","^JKSE"
2015-03-30,5415.27978515625,5459.74609375,5411.96923828125,5438.65576171875,46861300,5438.44384765625,"Indonesia","^JKSE"
2015-03-31,5490.97509765625,5518.6748046875,5484.0458984375,5518.6748046875,47535700,5518.4599609375,"Indonesia","^JKSE"
2015-04-01,5516.7978515625,5524.0361328125,5454.533203125,5466.8671875,45716700,5466.65478515625,"Indonesia","^JKSE"
2015-04-02,5480.1640625,5489.64013671875,5436.9541015625,5456.39892578125,48074400,5456.18701171875,"Indonesia","^JKSE"
2015-04-06,5467.69677734375,5489.60302734375,5465.60693359375,5480.03076171875,36173400,5479.8173828125,"Indonesia","^JKSE"
2015-04-07,5502.31689453125,5523.2900390625,5493.8408203125,5523.2900390625,47767100,5523.07470703125,"Indonesia","^JKSE"
2015-04-08,5513.97900390625,5518.80078125,5476.89111328125,5486.583984375,43099300,5486.3701171875,"Indonesia","^JKSE"
2015-04-09,5494.5458984375,5500.89990234375,5478.51318359375,5500.89990234375,42564500,5500.68603515625,"Indonesia","^JKSE"
2015-04-10,5504.2421875,5509.0009765625,5471.39892578125,5491.33984375,45254000,5491.1259765625,"Indonesia","^JKSE"
2015-04-13,5479.73388671875,5486.8828125,5430.9189453125,5447.4091796875,39271600,5447.197265625,"Indonesia","^JKSE"
2015-04-14,5438.52880859375,5448.4482421875,5397.72802734375,5419.10693359375,40873000,5418.89599609375,"Indonesia","^JKSE"
2015-04-15,5426.22998046875,5430.06982421875,5394.30615234375,5414.546875,41511500,5414.33642578125,"Indonesia","^JKSE"
2015-04-16,5420.89013671875,5428.22216796875,5401.67919921875,5420.73291015625,54273800,5420.52197265625,"Indonesia","^JKSE"
2015-04-17,5418.01220703125,5428.93017578125,5410.64404296875,5410.64404296875,38333800,5410.43359375,"Indonesia","^JKSE"
2015-04-20,5406.76318359375,5407.06201171875,5383.2529296875,5400.80322265625,40809000,5400.5927734375,"Indonesia","^JKSE"
2015-04-21,5406.62109375,5460.5732421875,5405.0029296875,5460.5732421875,45083200,5460.36083984375,"Indonesia","^JKSE"
2015-04-22,5452.4609375,5458.2021484375,5426.205078125,5437.119140625,43405200,5436.9072265625,"Indonesia","^JKSE"
2015-04-23,5441.7109375,5464.3359375,5430.2822265625,5436.208984375,41195200,5435.9970703125,"Indonesia","^JKSE"
2015-04-24,5451.77587890625,5464.3408203125,5424.76416015625,5435.35498046875,32195600,5435.14306640625,"Indonesia","^JKSE"
2015-04-27,5398.56201171875,5403.59423828125,5224.02587890625,5245.44580078125,50962900,5245.24169921875,"Indonesia","^JKSE"
2015-04-28,5211.13818359375,5242.1572265625,5164.7412109375,5242.1572265625,37156900,5241.95361328125,"Indonesia","^JKSE"
2015-04-29,5229.56005859375,5237.2109375,5015.0078125,5105.56298828125,48559700,5105.36376953125,"Indonesia","^JKSE"
2015-04-30,5087.9248046875,5141.4970703125,5030.255859375,5086.4248046875,39908600,5086.22705078125,"Indonesia","^JKSE"
2015-05-04,5093.333984375,5171.0869140625,5089.41796875,5141.13720703125,38506600,5140.93701171875,"Indonesia","^JKSE"
2015-05-05,5153.759765625,5202.08203125,5130.63818359375,5160.30810546875,40033500,5160.107421875,"Indonesia","^JKSE"
2015-05-06,5133.73583984375,5184.9501953125,5121.14599609375,5184.9501953125,32612300,5184.74853515625,"Indonesia","^JKSE"
2015-05-07,5155.328125,5183.4912109375,5137.81591796875,5150.48583984375,49827400,5150.28564453125,"Indonesia","^JKSE"
2015-05-08,5175.7841796875,5200.52490234375,5175.75390625,5182.212890625,45731600,5182.01123046875,"Indonesia","^JKSE"
2015-05-11,5200.81005859375,5215.28076171875,5172.48193359375,5172.48193359375,38003700,5172.2802734375,"Indonesia","^JKSE"
2015-05-12,5175.9541015625,5217.10986328125,5173.52587890625,5205.61181640625,42992700,5205.4091796875,"Indonesia","^JKSE"
2015-05-13,5217.14501953125,5254.86376953125,5199.208984375,5246.1328125,48525900,5245.9287109375,"Indonesia","^JKSE"
2015-05-15,5252.4267578125,5264.92822265625,5214.0771484375,5227.09619140625,40639600,5226.892578125,"Indonesia","^JKSE"
2015-05-18,5222.43505859375,5239.87109375,5218.35302734375,5237.81103515625,40150100,5237.607421875,"Indonesia","^JKSE"
2015-05-19,5236.90380859375,5273.48779296875,5219.56787109375,5269.37109375,36060800,5269.166015625,"Indonesia","^JKSE"
2015-05-20,5288.2099609375,5312.90380859375,5278.10107421875,5292.7490234375,40032200,5292.54296875,"Indonesia","^JKSE"
2015-05-21,5309.98583984375,5335.44091796875,5275.98681640625,5313.2080078125,41387500,5313.0009765625,"Indonesia","^JKSE"
2015-05-22,5319.96484375,5329.02197265625,5298.85693359375,5315.15283203125,32871300,5314.94580078125,"Indonesia","^JKSE"
2015-05-25,5309.833984375,5311.2939453125,5285.421875,5288.36181640625,33194400,5288.15576171875,"Indonesia","^JKSE"
2015-05-26,5285.06591796875,5347.1328125,5284.10986328125,5320.90087890625,38867900,5320.693359375,"Indonesia","^JKSE"
2015-05-27,5296.23681640625,5315.5029296875,5253.38818359375,5253.38818359375,37463500,5253.18359375,"Indonesia","^JKSE"
2015-05-28,5263.31396484375,5278.4169921875,5232.93408203125,5237.40087890625,34175300,5237.197265625,"Indonesia","^JKSE"
2015-05-29,5230.31494140625,5252.205078125,5214.57080078125,5216.37890625,60489400,5216.17578125,"Indonesia","^JKSE"
2015-06-01,5212.1337890625,5215.5498046875,5183.3232421875,5213.81591796875,30905700,5213.61279296875,"Indonesia","^JKSE"
2015-06-03,5201.35595703125,5205.56201171875,5129.48583984375,5130.4990234375,3374877500,5130.29931640625,"Indonesia","^JKSE"
2015-06-04,5121.55322265625,5143.22412109375,5094.51806640625,5095.82080078125,33417100,5095.62255859375,"Indonesia","^JKSE"
2015-06-05,5081.61181640625,5100.57177734375,5075.17578125,5100.57177734375,29073300,5100.373046875,"Indonesia","^JKSE"
2015-06-08,5086.35302734375,5088.92919921875,5006.42919921875,5014.9921875,35800600,5014.79736328125,"Indonesia","^JKSE"
2015-06-09,5002.23291015625,5002.5458984375,4852.76416015625,4899.8818359375,40852100,4899.69140625,"Indonesia","^JKSE"
2015-06-10,4914.7431640625,4974.02490234375,4912.833984375,4933.55712890625,45234400,4933.365234375,"Indonesia","^JKSE"
2015-06-11,4971.19189453125,4979.259765625,4911.3408203125,4928.81201171875,33172400,4928.62060546875,"Indonesia","^JKSE"
2015-06-12,4933.87890625,4947.5029296875,4916.02490234375,4935.81689453125,33566100,4935.625,"Indonesia","^JKSE"
2015-06-15,4925.21484375,4926.5478515625,4837.7939453125,4837.7939453125,31548400,4837.60546875,"Indonesia","^JKSE"
2015-06-16,4847.38916015625,4892.5048828125,4826.1298828125,4872.59912109375,35011200,4872.4091796875,"Indonesia","^JKSE"
2015-06-17,4894.63623046875,4955.56494140625,4894.63623046875,4945.7529296875,38823400,4945.56005859375,"Indonesia","^JKSE"
2015-06-18,4947.962890625,4964.40478515625,4932.9189453125,4945.4990234375,30178100,4945.30615234375,"Indonesia","^JKSE"
2015-06-19,4958.85888671875,4988.5791015625,4958.85888671875,4985.005859375,25867100,4984.81201171875,"Indonesia","^JKSE"
2015-06-22,4992.0419921875,4992.0419921875,4957.34619140625,4959.251953125,24572000,4959.05859375,"Indonesia","^JKSE"
2015-06-23,4966.880859375,4972.17578125,4937.64794921875,4937.64794921875,29948900,4937.4560546875,"Indonesia","^JKSE"
2015-06-24,4953.2529296875,4973.48095703125,4938.1298828125,4953.51611328125,38971300,4953.3232421875,"Indonesia","^JKSE"
2015-06-25,4944.1318359375,4945.83984375,4920.0419921875,4920.0419921875,31720600,4919.8505859375,"Indonesia","^JKSE"
2015-06-26,4917.02685546875,4942.3251953125,4897.89501953125,4923.0048828125,26287600,4922.8134765625,"Indonesia","^JKSE"
2015-06-29,4896.23291015625,4896.58984375,4858.416015625,4882.578125,26871700,4882.38818359375,"Indonesia","^JKSE"
2015-06-30,4887.369140625,4930.25,4874.06982421875,4910.658203125,28855500,4910.466796875,"Indonesia","^JKSE"
2015-07-01,4924.06591796875,4932.43310546875,4904.06298828125,4904.06298828125,34310600,4903.87158203125,"Indonesia","^JKSE"
2015-07-02,4914.4248046875,4966.5791015625,4914.4248046875,4944.78076171875,42023100,4944.587890625,"Indonesia","^JKSE"
2015-07-03,4940.27685546875,4982.91015625,4937.4091796875,4982.91015625,38550000,4982.71630859375,"Indonesia","^JKSE"
2015-07-06,4946.10009765625,4960.994140625,4913.2861328125,4916.7412109375,32933900,4916.5498046875,"Indonesia","^JKSE"
2015-07-07,4918.283203125,4927.55078125,4891.0478515625,4906.0498046875,34396700,4905.8583984375,"Indonesia","^JKSE"
2015-07-08,4912.63720703125,4912.63720703125,4856.44189453125,4871.57080078125,43917300,4871.380859375,"Indonesia","^JKSE"
2015-07-09,4849.8017578125,4855.1337890625,4811.90478515625,4838.2841796875,3382475900,4838.095703125,"Indonesia","^JKSE"
2015-07-10,4858.98486328125,4882.64111328125,4845.78515625,4859.0341796875,38549600,4858.84521484375,"Indonesia","^JKSE"
2015-07-13,4862.912109375,4898.13623046875,4861.31494140625,4893.9169921875,25536100,4893.7265625,"Indonesia","^JKSE"
2015-07-14,4907.8662109375,4927.373046875,4892.1220703125,4901.80712890625,31023100,4901.6162109375,"Indonesia","^JKSE"
2015-07-15,4894.9482421875,4897.85986328125,4854.453125,4869.84912109375,26826300,4869.65966796875,"Indonesia","^JKSE"
2015-07-22,4887.73681640625,4906.68896484375,4859.4599609375,4906.68896484375,29108800,4906.49755859375,"Indonesia","^JKSE"
2015-07-23,4897.205078125,4913.0419921875,4889.8310546875,4902.84521484375,32060700,4902.654296875,"Indonesia","^JKSE"
2015-07-24,4890.77880859375,4892.412109375,4848.72705078125,4856.59521484375,25948200,4856.40625,"Indonesia","^JKSE"
2015-07-27,4833.14599609375,4848.7041015625,4771.28515625,4771.28515625,34786400,4771.099609375,"Indonesia","^JKSE"
2015-07-28,4747.34521484375,4749.7490234375,4711.4912109375,4714.755859375,31954400,4714.57275390625,"Indonesia","^JKSE"
2015-07-29,4733.81787109375,4765.73486328125,4720.40087890625,4721.12109375,32029900,4720.9375,"Indonesia","^JKSE"
2015-07-30,4740.251953125,4754.72119140625,4711.56298828125,4712.4921875,32072100,4712.30908203125,"Indonesia","^JKSE"
2015-07-31,4721.658203125,4802.52880859375,4721.466796875,4802.52880859375,33495400,4802.341796875,"Indonesia","^JKSE"
2015-08-03,4778.0439453125,4815.52294921875,4774.78076171875,4800.18212890625,28503100,4799.9951171875,"Indonesia","^JKSE"
2015-08-04,4784.15185546875,4805.82080078125,4771.88623046875,4781.0869140625,32406600,4780.9013671875,"Indonesia","^JKSE"
2015-08-05,4786.39111328125,4850.5322265625,4780.96484375,4850.5322265625,38299300,4850.34326171875,"Indonesia","^JKSE"
2015-08-06,4855.93994140625,4868.07421875,4806.56396484375,4806.56396484375,31647100,4806.376953125,"Indonesia","^JKSE"
2015-08-07,4801.65478515625,4804.3291015625,4760.90478515625,4770.30322265625,29900400,4770.11767578125,"Indonesia","^JKSE"
2015-08-10,4761.40576171875,4764.73876953125,4720.9130859375,4748.94921875,30072400,4748.7646484375,"Indonesia","^JKSE"
2015-08-11,4763.6328125,4771.72119140625,4619.2861328125,4622.5908203125,42568800,4622.4111328125,"Indonesia","^JKSE"
2015-08-12,4572.0478515625,4572.0478515625,4455.71923828125,4479.4912109375,38324000,4479.31689453125,"Indonesia","^JKSE"
2015-08-13,4481.27197265625,4600.5498046875,4481.27197265625,4584.25,39138400,4584.0712890625,"Indonesia","^JKSE"
2015-08-14,4587.51123046875,4594.56787109375,4559.85791015625,4585.39111328125,32954100,4585.21240234375,"Indonesia","^JKSE"
2015-08-18,4572.34912109375,4579.08203125,4505.2138671875,4510.47802734375,31826200,4510.302734375,"Indonesia","^JKSE"
2015-08-19,4502.19482421875,4529.2509765625,4476.126953125,4484.2421875,2736435000,4484.06787109375,"Indonesia","^JKSE"
2015-08-20,4470.55322265625,4473.0830078125,4427.865234375,4441.9111328125,33125600,4441.73828125,"Indonesia","^JKSE"
2015-08-21,4401.6689453125,4401.6689453125,4335.953125,4335.953125,34546000,4335.78466796875,"Indonesia","^JKSE"
2015-08-24,4241.30712890625,4241.912109375,4111.11181640625,4163.72900390625,39607800,4163.56689453125,"Indonesia","^JKSE"
2015-08-25,4182.216796875,4301.77490234375,4182.02294921875,4228.5009765625,46350400,4228.3359375,"Indonesia","^JKSE"
2015-08-26,4200.82080078125,4237.73291015625,4161.2119140625,4237.73291015625,36844400,4237.56787109375,"Indonesia","^JKSE"
2015-08-27,4295.69677734375,4433.4580078125,4295.69677734375,4430.6318359375,46862700,4430.45947265625,"Indonesia","^JKSE"
2015-08-28,4480.10693359375,4511.2470703125,4433.658203125,4446.201171875,43053100,4446.0283203125,"Indonesia","^JKSE"
2015-08-31,4447.0029296875,4509.60693359375,4442.69091796875,4509.60693359375,34176600,4509.431640625,"Indonesia","^JKSE"
2015-09-01,4484.2041015625,4484.7890625,4411.130859375,4412.458984375,30515200,4412.28759765625,"Indonesia","^JKSE"
2015-09-02,4367.81005859375,4417.37109375,4350.48291015625,4401.29296875,36698200,4401.1220703125,"Indonesia","^JKSE"
2015-09-03,4427.953125,4445.80810546875,4404.875,4433.11083984375,32500700,4432.93798828125,"Indonesia","^JKSE"
2015-09-04,4422.46484375,4433.5458984375,4407.134765625,4415.3427734375,29169700,4415.1708984375,"Indonesia","^JKSE"
2015-09-07,4397.22216796875,4398.0087890625,4297.82080078125,4301.365234375,29523000,4301.1982421875,"Indonesia","^JKSE"
2015-09-08,4282.1728515625,4325.43017578125,4269.47607421875,4318.5908203125,33941100,4318.42236328125,"Indonesia","^JKSE"
2015-09-09,4347.48486328125,4366.2451171875,4323.55615234375,4347.27685546875,37713200,4347.107421875,"Indonesia","^JKSE"
2015-09-10,4312.65576171875,4343.66015625,4290.68310546875,4343.26123046875,35256700,4343.09228515625,"Indonesia","^JKSE"
2015-09-11,4363.44921875,4381.65478515625,4360.36376953125,4360.4677734375,33100500,4360.2978515625,"Indonesia","^JKSE"
2015-09-14,4378.19189453125,4390.373046875,4365.56787109375,4390.373046875,25003300,4390.2021484375,"Indonesia","^JKSE"
2015-09-15,4372.8701171875,4376.7822265625,4334.61376953125,4347.16015625,34375900,4346.99072265625,"Indonesia","^JKSE"
2015-09-16,4360.18798828125,4370.34521484375,4325.40185546875,4332.51318359375,37372100,4332.3447265625,"Indonesia","^JKSE"
2015-09-17,4346.05810546875,4389.36376953125,4341.8232421875,4378.384765625,32111900,4378.2138671875,"Indonesia","^JKSE"
2015-09-18,4383.06787109375,4414.45703125,4359.005859375,4380.31982421875,43928900,4380.14892578125,"Indonesia","^JKSE"
2015-09-21,4352.3671875,4382.240234375,4343.4130859375,4376.08203125,28687800,4375.91162109375,"Indonesia","^JKSE"
2015-09-22,4380.6181640625,4389.30615234375,4337.08984375,4344.0439453125,32859800,4343.875,"Indonesia","^JKSE"
2015-09-23,4308.7568359375,4308.97900390625,4239.134765625,4244.4267578125,35255000,4244.26171875,"Indonesia","^JKSE"
2015-09-25,4250.72998046875,4251.22607421875,4194.13720703125,4209.43896484375,34101900,4209.27490234375,"Indonesia","^JKSE"
2015-09-28,4197.93994140625,4199.462890625,4120.5029296875,4120.5029296875,29317000,4120.34228515625,"Indonesia","^JKSE"
2015-09-29,4070.580078125,4178.408203125,4033.5869140625,4178.408203125,38883300,4178.24560546875,"Indonesia","^JKSE"
2015-09-30,4189.47412109375,4223.908203125,4168.22412109375,4223.908203125,37990200,4223.744140625,"Indonesia","^JKSE"
2015-10-01,4231.41015625,4270.912109375,4228.98095703125,4254.8759765625,32978200,4254.71044921875,"Indonesia","^JKSE"
2015-10-02,4243.966796875,4252.673828125,4207.798828125,4207.798828125,36384600,4207.634765625,"Indonesia","^JKSE"
2015-10-05,4243.326171875,4346.373046875,4241.01806640625,4343.701171875,38012600,4343.5322265625,"Indonesia","^JKSE"
2015-10-06,4381.27490234375,4464.90087890625,4381.27490234375,4445.78076171875,48812000,4445.60791015625,"Indonesia","^JKSE"
2015-10-07,4458.8388671875,4487.1318359375,4414.8310546875,4487.1318359375,49962400,4486.95751953125,"Indonesia","^JKSE"
2015-10-08,4502.09619140625,4537.2529296875,4484.67578125,4491.43310546875,41378800,4491.2578125,"Indonesia","^JKSE"
2015-10-09,4538.50390625,4612.0927734375,4538.50390625,4589.34423828125,68650200,4589.16552734375,"Indonesia","^JKSE"
2015-10-12,4596.876953125,4639.94287109375,4595.94287109375,4630.70703125,68010100,4630.52685546875,"Indonesia","^JKSE"
2015-10-13,4621.884765625,4622.10791015625,4483.076171875,4483.076171875,50616600,4482.90185546875,"Indonesia","^JKSE"
2015-10-15,4513.27197265625,4551.94091796875,4507.19482421875,4507.19482421875,37675800,4507.01953125,"Indonesia","^JKSE"
2015-10-16,4530.28076171875,4544.81787109375,4501.06201171875,4521.8818359375,38805700,4521.70556640625,"Indonesia","^JKSE"
2015-10-19,4534.7099609375,4571.166015625,4533.93798828125,4569.84423828125,45937600,4569.66650390625,"Indonesia","^JKSE"
2015-10-20,4566.8369140625,4608.35498046875,4562.01708984375,4585.82421875,4575565100,4585.6455078125,"Indonesia","^JKSE"
2015-10-21,4597.19189453125,4645.23779296875,4591.22705078125,4605.22607421875,44046000,4605.046875,"Indonesia","^JKSE"
2015-10-22,4613.76513671875,4616.22119140625,4582.15087890625,4584.56201171875,40381800,4584.38330078125,"Indonesia","^JKSE"
2015-10-23,4653.216796875,4666.90576171875,4627.30322265625,4653.14599609375,44071700,4652.96484375,"Indonesia","^JKSE"
2015-10-26,4683.11181640625,4696.1572265625,4675.06005859375,4691.7109375,38604600,4691.5283203125,"Indonesia","^JKSE"
2015-10-27,4666.47802734375,4674.05810546875,4624.27783203125,4674.05810546875,30887000,4673.87646484375,"Indonesia","^JKSE"
2015-10-28,4647.39013671875,4657.41015625,4594.7451171875,4608.740234375,41937600,4608.560546875,"Indonesia","^JKSE"
2015-10-29,4601.56494140625,4605.76220703125,4472.02099609375,4472.02099609375,39451100,4471.8466796875,"Indonesia","^JKSE"
2015-10-30,4462.97119140625,4480.59814453125,4441.3349609375,4455.18017578125,34745100,4455.0068359375,"Indonesia","^JKSE"
2015-11-02,4442.4189453125,4470.41796875,4422.2578125,4464.958984375,28735100,4464.78515625,"Indonesia","^JKSE"
2015-11-03,4496.66015625,4546.3837890625,4496.66015625,4533.0859375,34186000,4532.9091796875,"Indonesia","^JKSE"
2015-11-04,4560.73193359375,4612.56494140625,4560.3798828125,4612.56494140625,34751500,4612.38525390625,"Indonesia","^JKSE"
2015-11-05,4600.64306640625,4614.2578125,4574.130859375,4577.23291015625,25049000,4577.0546875,"Indonesia","^JKSE"
2015-11-06,4586.591796875,4601.759765625,4563.69921875,4566.5517578125,23574400,4566.3740234375,"Indonesia","^JKSE"
2015-11-09,4553.4189453125,4555.56982421875,4491.0419921875,4499.5068359375,24543400,4499.33154296875,"Indonesia","^JKSE"
2015-11-10,4464.1318359375,4518.7890625,4451.05322265625,4451.05322265625,40294800,4450.88037109375,"Indonesia","^JKSE"
2015-11-11,4450.21484375,4463.30810546875,4425.87890625,4451.5888671875,29303300,4451.416015625,"Indonesia","^JKSE"
2015-11-12,4458.65478515625,4494.85498046875,4457.56298828125,4462.22509765625,27282200,4462.05126953125,"Indonesia","^JKSE"
2015-11-13,4442.01513671875,4490.3369140625,4435.2509765625,4472.837890625,28120300,4472.66357421875,"Indonesia","^JKSE"
2015-11-16,4438.68701171875,4452.26416015625,4395.9658203125,4442.18017578125,23444500,4442.00732421875,"Indonesia","^JKSE"
2015-11-17,4474.52294921875,4520.69580078125,4474.52294921875,4500.94677734375,27587600,4500.771484375,"Indonesia","^JKSE"
2015-11-18,4513.705078125,4521.55712890625,4497.91015625,4497.91015625,21896900,4497.73486328125,"Indonesia","^JKSE"
2015-11-19,4517.58203125,4530.89599609375,4513.35205078125,4518.93994140625,29276900,4518.76416015625,"Indonesia","^JKSE"
2015-11-20,4505.90087890625,4561.333984375,4505.37109375,4561.333984375,32354400,4561.15673828125,"Indonesia","^JKSE"
2015-11-23,4570.16015625,4590.31494140625,4541.06591796875,4541.06591796875,26089600,4540.88916015625,"Indonesia","^JKSE"
2015-11-24,4535.705078125,4555.27294921875,4534.578125,4545.3779296875,24223000,4545.201171875,"Indonesia","^JKSE"
2015-11-25,4557.47216796875,4585.5458984375,4557.39208984375,4585.5458984375,25372400,4585.3671875,"Indonesia","^JKSE"
2015-11-26,4595.86181640625,4621.255859375,4583.30419921875,4597.05712890625,27083500,4596.87841796875,"Indonesia","^JKSE"
2015-11-27,4599.0810546875,4606.80078125,4541.9658203125,4560.56005859375,23214500,4560.3828125,"Indonesia","^JKSE"
2015-11-30,4527.408203125,4535.97119140625,4446.4580078125,4446.4580078125,43022200,4446.28515625,"Indonesia","^JKSE"
2015-12-01,4504.22216796875,4557.66796875,4504.22216796875,4557.66796875,25770400,4557.49072265625,"Indonesia","^JKSE"
2015-12-02,4559.14794921875,4568.4130859375,4541.666015625,4545.86279296875,24716100,4545.68603515625,"Indonesia","^JKSE"
2015-12-03,4526.490234375,4548.8271484375,4518.81689453125,4537.3818359375,21783400,4537.205078125,"Indonesia","^JKSE"
2015-12-04,4513.56591796875,4531.30517578125,4501.453125,4508.4521484375,23919700,4508.27685546875,"Indonesia","^JKSE"
2015-12-07,4523.908203125,4553.65087890625,4521.39208984375,4521.39208984375,22062000,4521.2158203125,"Indonesia","^JKSE"
2015-12-08,4495.26318359375,4522.35302734375,4464.18212890625,4464.18212890625,25537200,4464.00830078125,"Indonesia","^JKSE"
2015-12-09,NA,NA,NA,NA,NA,NA,"Indonesia","^JKSE"
2015-12-10,4441.56591796875,4473.77001953125,4438.19677734375,4466.2099609375,2373896100,4466.03564453125,"Indonesia","^JKSE"
2015-12-11,4471.35693359375,4473.05419921875,4393.52197265625,4393.52197265625,20329300,4393.35107421875,"Indonesia","^JKSE"
2015-12-14,4360.89306640625,4374.19091796875,4330.759765625,4374.19091796875,22081900,4374.0205078125,"Indonesia","^JKSE"
2015-12-15,4370.10107421875,4409.171875,4370.0087890625,4409.171875,23128300,4409.00048828125,"Indonesia","^JKSE"
2015-12-16,4450.7177734375,4483.453125,4429.787109375,4483.453125,27097100,4483.27880859375,"Indonesia","^JKSE"
2015-12-17,4542.12109375,4555.9638671875,4525.7412109375,4555.9638671875,29164100,4555.78662109375,"Indonesia","^JKSE"
2015-12-18,4512.2099609375,4514.53515625,4467.06298828125,4468.65380859375,26687800,4468.4794921875,"Indonesia","^JKSE"
2015-12-21,4452.64794921875,4490.68017578125,4452.01708984375,4490.68017578125,21633700,4490.505859375,"Indonesia","^JKSE"
2015-12-22,4494.30908203125,4517.56787109375,4487.73486328125,4517.56787109375,26019300,4517.392578125,"Indonesia","^JKSE"
2015-12-23,4514.4560546875,4522.65380859375,4498.98388671875,4522.65380859375,23935000,4522.4775390625,"Indonesia","^JKSE"
2015-12-28,4512.294921875,4568.125,4511.6171875,4557.35498046875,20487400,4557.177734375,"Indonesia","^JKSE"
2015-12-29,4552.14013671875,4569.36083984375,4552.10302734375,4569.36083984375,20088700,4569.18310546875,"Indonesia","^JKSE"
2015-12-30,4574.06396484375,4595.51318359375,4571.7568359375,4593.0078125,27466600,4592.8291015625,"Indonesia","^JKSE"
2016-01-04,4580.1650390625,4603.82421875,4525.9189453125,4525.9189453125,21276600,4525.74267578125,"Indonesia","^JKSE"
2016-01-05,4527.43115234375,4594.3408203125,4527.00390625,4557.82177734375,24364900,4557.64453125,"Indonesia","^JKSE"
2016-01-06,4563.65380859375,4639.23681640625,4562.5732421875,4608.98193359375,29976300,4608.80224609375,"Indonesia","^JKSE"
2016-01-07,4573.69287109375,4577.63623046875,4530.4482421875,4530.4482421875,24018600,4530.271484375,"Indonesia","^JKSE"
2016-01-08,4524.86279296875,4550.9072265625,4507.4140625,4546.2880859375,23991300,4546.111328125,"Indonesia","^JKSE"
2016-01-11,4515.501953125,4517.93798828125,4459.787109375,4465.48291015625,19983800,4465.30908203125,"Indonesia","^JKSE"
2016-01-12,4487.5478515625,4526.1982421875,4486.64501953125,4512.52685546875,23702200,4512.3515625,"Indonesia","^JKSE"
2016-01-13,4535.87890625,4559.509765625,4533.68115234375,4537.17919921875,26689000,4537.00244140625,"Indonesia","^JKSE"
2016-01-14,4492.783203125,4526.509765625,4456.46923828125,4513.18115234375,36253200,4513.005859375,"Indonesia","^JKSE"
2016-01-15,4518.98095703125,4542.10107421875,4516.1318359375,4523.97607421875,2249218200,4523.7998046875,"Indonesia","^JKSE"
2016-01-18,4491.32177734375,4503.86279296875,4471.2431640625,4481.27587890625,21081300,4481.1015625,"Indonesia","^JKSE"
2016-01-19,4486.587890625,4499.5751953125,4464.72802734375,4491.73681640625,23042100,4491.5615234375,"Indonesia","^JKSE"
2016-01-20,4477.14794921875,4491.1181640625,4427.98486328125,4427.98486328125,26395500,4427.8125,"Indonesia","^JKSE"
2016-01-21,4447.7509765625,4463.02783203125,4408.80419921875,4414.1259765625,24323700,4413.9541015625,"Indonesia","^JKSE"
2016-01-22,4446.421875,4456.744140625,4421.05615234375,4456.744140625,27603800,4456.57080078125,"Indonesia","^JKSE"
2016-01-25,4483.60595703125,4519.59619140625,4465.20703125,4505.7880859375,28197300,4505.61279296875,"Indonesia","^JKSE"
2016-01-26,4489.69287109375,4517.3681640625,4483.287109375,4510.4677734375,22989000,4510.29248046875,"Indonesia","^JKSE"
2016-01-27,4526.2158203125,4583.6279296875,4526.2158203125,4583.6279296875,36625500,4583.44921875,"Indonesia","^JKSE"
2016-01-28,4582.716796875,4608.39794921875,4579.501953125,4602.8291015625,31734400,4602.650390625,"Indonesia","^JKSE"
2016-01-29,4611.93798828125,4618.81689453125,4568.43896484375,4615.1630859375,35913800,4614.9833984375,"Indonesia","^JKSE"
2016-02-01,4620.15185546875,4625.42822265625,4559.88623046875,4624.634765625,26818600,4624.45458984375,"Indonesia","^JKSE"
2016-02-02,4598.94287109375,4617.97314453125,4586.298828125,4587.43505859375,30581900,4587.25634765625,"Indonesia","^JKSE"
2016-02-03,4553.126953125,4596.10791015625,4545.14013671875,4596.10791015625,23645400,4595.92919921875,"Indonesia","^JKSE"
2016-02-04,4607.0439453125,4669.11083984375,4607.0439453125,4665.81689453125,32515500,4665.6357421875,"Indonesia","^JKSE"
2016-02-05,4674.60595703125,4798.94580078125,4673.98779296875,4798.94580078125,37635400,4798.7587890625,"Indonesia","^JKSE"
2016-02-09,4773.76708984375,4779.80517578125,4736.56884765625,4768.625,22997900,4768.439453125,"Indonesia","^JKSE"
2016-02-10,4748.5361328125,4782.93994140625,4726.0078125,4732.48291015625,28910100,4732.29833984375,"Indonesia","^JKSE"
2016-02-11,4723.9951171875,4786.1748046875,4723.9951171875,4775.85986328125,36960300,4775.67431640625,"Indonesia","^JKSE"
2016-02-12,4757.708984375,4771.3408203125,4710.5380859375,4714.39306640625,26882200,4714.2099609375,"Indonesia","^JKSE"
2016-02-15,4749.783203125,4761.7041015625,4729.8251953125,4740.72607421875,32930700,4740.54150390625,"Indonesia","^JKSE"
2016-02-16,4745.9921875,4770.005859375,4726.591796875,4745.00390625,37203200,4744.8193359375,"Indonesia","^JKSE"
2016-02-17,4738.41796875,4774.4580078125,4737.4169921875,4765.5068359375,43118200,4765.3212890625,"Indonesia","^JKSE"
2016-02-18,4784.0439453125,4803.60888671875,4760.23681640625,4778.7939453125,47306600,4778.6083984375,"Indonesia","^JKSE"
2016-02-19,4744.2451171875,4759.1767578125,4680.14306640625,4697.56005859375,34015700,4697.376953125,"Indonesia","^JKSE"
2016-02-22,4701.4091796875,4715.6201171875,4682.3818359375,4708.6201171875,26863900,4708.43701171875,"Indonesia","^JKSE"
2016-02-23,4715.2021484375,4722.3828125,4628.90576171875,4654.05419921875,35293100,4653.873046875,"Indonesia","^JKSE"
2016-02-24,4643.82421875,4673.81982421875,4627.64404296875,4657.72216796875,26851200,4657.541015625,"Indonesia","^JKSE"
2016-02-25,4681.9912109375,4686.56494140625,4652.86181640625,4658.3232421875,31829200,4658.14208984375,"Indonesia","^JKSE"
2016-02-26,4695.81689453125,4736.52685546875,4691.4248046875,4733.14892578125,27831900,4732.96435546875,"Indonesia","^JKSE"
2016-02-29,4738.2939453125,4774.51708984375,4722.9931640625,4770.9560546875,26304100,4770.7705078125,"Indonesia","^JKSE"
2016-03-01,4760.23583984375,4781.2587890625,4758.8818359375,4779.98486328125,32028500,4779.79931640625,"Indonesia","^JKSE"
2016-03-02,4808.86279296875,4840.7470703125,4808.2470703125,4836.19580078125,34594900,4836.00732421875,"Indonesia","^JKSE"
2016-03-03,4848.90576171875,4868.2548828125,4812.85791015625,4844.0390625,38870000,4843.85009765625,"Indonesia","^JKSE"
2016-03-04,4844.48681640625,4860.63916015625,4802.375,4850.8828125,45127100,4850.69384765625,"Indonesia","^JKSE"
2016-03-07,4860.2080078125,4870.27587890625,4821.4609375,4831.5751953125,45624500,4831.38720703125,"Indonesia","^JKSE"
2016-03-08,4831.05078125,4842.6669921875,4776.07177734375,4811.0419921875,40452100,4810.85498046875,"Indonesia","^JKSE"
2016-03-10,4791.68408203125,4798.3837890625,4761.380859375,4793.203125,33233700,4793.01611328125,"Indonesia","^JKSE"
2016-03-11,4784.23779296875,4813.77880859375,4776.9990234375,4813.77880859375,31534700,4813.59130859375,"Indonesia","^JKSE"
2016-03-14,4839.02978515625,4878.19580078125,4835.27294921875,4877.53076171875,44561400,4877.3408203125,"Indonesia","^JKSE"
2016-03-15,4880.875,4884.27001953125,4843.9208984375,4849.78076171875,44545000,4849.591796875,"Indonesia","^JKSE"
2016-03-16,4848.60693359375,4861.44091796875,4837.5830078125,4861.44091796875,42292200,4861.251953125,"Indonesia","^JKSE"
2016-03-17,4883.173828125,4900.4130859375,4869.81103515625,4885.68798828125,49838900,4885.498046875,"Indonesia","^JKSE"
2016-03-18,4889.89599609375,4908.259765625,4858.5849609375,4885.7080078125,51103000,4885.51806640625,"Indonesia","^JKSE"
2016-03-21,4871.24609375,4905.31396484375,4865.2412109375,4885.1630859375,37618600,4884.97314453125,"Indonesia","^JKSE"
2016-03-22,4870.89501953125,4886.423828125,4833.7041015625,4856.10693359375,36051400,4855.91796875,"Indonesia","^JKSE"
2016-03-23,4850.169921875,4854.17578125,4822.3359375,4854.17578125,42812300,4853.98681640625,"Indonesia","^JKSE"
2016-03-24,4836.623046875,4849.89501953125,4817.72021484375,4827.0869140625,34571400,4826.8994140625,"Indonesia","^JKSE"
2016-03-28,4809.18701171875,4813.91796875,4757.7998046875,4773.6259765625,29163800,4773.4404296875,"Indonesia","^JKSE"
2016-03-29,4767.5322265625,4786.212890625,4760.0830078125,4781.296875,33131800,4781.111328125,"Indonesia","^JKSE"
2016-03-30,4797.15380859375,4833.1181640625,4792.2568359375,4816.65478515625,38235200,4816.46728515625,"Indonesia","^JKSE"
2016-03-31,4827.10400390625,4845.37109375,4808.26416015625,4845.37109375,50891800,4845.18212890625,"Indonesia","^JKSE"
2016-04-01,4843.39404296875,4844.35888671875,4819.93310546875,4843.18603515625,30942800,4842.9970703125,"Indonesia","^JKSE"
2016-04-04,4840.14697265625,4864.93701171875,4838.97900390625,4850.17578125,37038800,4849.98681640625,"Indonesia","^JKSE"
2016-04-05,4848.84716796875,4883.68310546875,4843.162109375,4858.07177734375,33922100,4857.8828125,"Indonesia","^JKSE"
2016-04-06,4863.06103515625,4879,4861.5791015625,4868.22998046875,47514100,4868.04052734375,"Indonesia","^JKSE"
2016-04-07,4884.8349609375,4900.4658203125,4858.5,4867.28515625,49260900,4867.095703125,"Indonesia","^JKSE"
2016-04-08,4839.65283203125,4862.80517578125,4829.44482421875,4846.7041015625,42326600,4846.51513671875,"Indonesia","^JKSE"
2016-04-11,4833.35498046875,4843.6298828125,4766.81494140625,4786.97412109375,33211700,4786.78759765625,"Indonesia","^JKSE"
2016-04-12,4788.421875,4829.5732421875,4776.98193359375,4829.5732421875,37252800,4829.38525390625,"Indonesia","^JKSE"
2016-04-13,4846.97802734375,4856.591796875,4831.57421875,4853.0048828125,67431700,4852.81591796875,"Indonesia","^JKSE"
2016-04-14,4872.22607421875,4873.42822265625,4814.84619140625,4814.84619140625,44628800,4814.65869140625,"Indonesia","^JKSE"
2016-04-15,4834.90087890625,4839.01611328125,4793.13916015625,4823.56787109375,36074500,4823.38037109375,"Indonesia","^JKSE"
2016-04-18,4812.578125,4865.5341796875,4800.26416015625,4865.5341796875,3041610200,4865.34521484375,"Indonesia","^JKSE"
2016-04-19,4875.498046875,4886.4990234375,4864.89111328125,4881.93017578125,44507100,4881.740234375,"Indonesia","^JKSE"
2016-04-20,4876.25390625,4883.13916015625,4857.72216796875,4876.59619140625,44144900,4876.40625,"Indonesia","^JKSE"
2016-04-21,4884.921875,4906.828125,4884.8427734375,4903.08984375,38051900,4902.89892578125,"Indonesia","^JKSE"
2016-04-22,4898.72607421875,4917.5888671875,4883.8818359375,4914.73681640625,39258200,4914.54541015625,"Indonesia","^JKSE"
2016-04-25,4920.40283203125,4920.40283203125,4863.3349609375,4878.86181640625,42334500,4878.671875,"Indonesia","^JKSE"
2016-04-26,4866.14990234375,4866.384765625,4788.375,4814.0927734375,38074400,4813.9052734375,"Indonesia","^JKSE"
2016-04-27,4807.68603515625,4845.658203125,4803.208984375,4845.658203125,47033900,4845.46923828125,"Indonesia","^JKSE"
2016-04-28,4861.9501953125,4877.1708984375,4830.68701171875,4848.39013671875,47575300,4848.201171875,"Indonesia","^JKSE"
2016-04-29,4839.3662109375,4839.625,4818.85498046875,4838.5830078125,37300400,4838.39453125,"Indonesia","^JKSE"
2016-05-02,4828.962890625,4835.52294921875,4770.55712890625,4808.31884765625,31240600,4808.1318359375,"Indonesia","^JKSE"
2016-05-03,4818.97412109375,4833.9912109375,4806.03076171875,4812.26416015625,3420718900,4812.0771484375,"Indonesia","^JKSE"
2016-05-04,4808.65380859375,4822.59521484375,4765.41015625,4822.59521484375,37196200,4822.40771484375,"Indonesia","^JKSE"
2016-05-09,4808.52099609375,4812.89013671875,4745.5009765625,4749.31494140625,32668900,4749.13037109375,"Indonesia","^JKSE"
2016-05-10,4749.52294921875,4766.7138671875,4728.5390625,4763.115234375,31662200,4762.9296875,"Indonesia","^JKSE"
2016-05-11,4781.13818359375,4811.59912109375,4770.3671875,4799.9638671875,27307500,4799.77685546875,"Indonesia","^JKSE"
2016-05-12,4795.73681640625,4825.18408203125,4792.2080078125,4803.32177734375,30551600,4803.134765625,"Indonesia","^JKSE"
2016-05-13,4801.19189453125,4803.00390625,4745.9091796875,4761.71484375,34288500,4761.529296875,"Indonesia","^JKSE"
2016-05-16,4745.47412109375,4748.81787109375,4720.2431640625,4731.56201171875,29534000,4731.37744140625,"Indonesia","^JKSE"
2016-05-17,4737.166015625,4745.14794921875,4717.259765625,4729.15576171875,34494500,4728.9716796875,"Indonesia","^JKSE"
2016-05-18,4721.89599609375,4743.07177734375,4713.7158203125,4734.35693359375,36940600,4734.17236328125,"Indonesia","^JKSE"
2016-05-19,4733.47216796875,4739.32421875,4691.57080078125,4704.216796875,30558600,4704.03369140625,"Indonesia","^JKSE"
2016-05-20,4698.9677734375,4722.27880859375,4690.55810546875,4711.8779296875,29906000,4711.69482421875,"Indonesia","^JKSE"
2016-05-23,4714.6767578125,4743.662109375,4714.6767578125,4743.662109375,27747200,4743.4775390625,"Indonesia","^JKSE"
2016-05-24,4738.1630859375,4750.35986328125,4710.78515625,4710.78515625,33466000,4710.60205078125,"Indonesia","^JKSE"
2016-05-25,4733.88720703125,4772.97705078125,4733.5517578125,4772.97705078125,36892200,4772.79150390625,"Indonesia","^JKSE"
2016-05-26,4777.56689453125,4784.66015625,4761.4599609375,4784.56494140625,30609400,4784.37841796875,"Indonesia","^JKSE"
2016-05-27,4782.4482421875,4814.73095703125,4778.5400390625,4814.73095703125,3112906900,4814.54345703125,"Indonesia","^JKSE"
2016-05-30,4819.05419921875,4845.1240234375,4817.06982421875,4836.033203125,36790900,4835.8447265625,"Indonesia","^JKSE"
2016-05-31,4833.7177734375,4836.3720703125,4792.201171875,4796.869140625,42407700,4796.68212890625,"Indonesia","^JKSE"
2016-06-01,4801.85302734375,4851.7412109375,4800.7080078125,4839.66796875,27373000,4839.4794921875,"Indonesia","^JKSE"
2016-06-02,4836.5048828125,4860.86279296875,4833.22509765625,4833.22509765625,28193100,4833.037109375,"Indonesia","^JKSE"
2016-06-03,4845.4228515625,4861.2998046875,4839.0830078125,4853.921875,2607634700,4853.73291015625,"Indonesia","^JKSE"
2016-06-06,4862.56787109375,4896.02490234375,4860.6279296875,4896.02490234375,31677400,4895.83447265625,"Indonesia","^JKSE"
2016-06-07,4908.2451171875,4933.98876953125,4907.5068359375,4933.98876953125,42211700,4933.796875,"Indonesia","^JKSE"
2016-06-08,4928.09423828125,4940.09814453125,4892.6279296875,4916.06103515625,37066100,4915.86962890625,"Indonesia","^JKSE"
2016-06-09,4913.0078125,4919.1640625,4876.7939453125,4876.7939453125,43300300,4876.60400390625,"Indonesia","^JKSE"
2016-06-10,4882.27490234375,4887.587890625,4848.05615234375,4848.05615234375,77424800,4847.8671875,"Indonesia","^JKSE"
2016-06-13,4838.02001953125,4838.02001953125,4807.22607421875,4807.22607421875,67373300,4807.0390625,"Indonesia","^JKSE"
2016-06-14,4797.6201171875,4833.39697265625,4792.53515625,4821.58984375,62010100,4821.40234375,"Indonesia","^JKSE"
2016-06-15,4811.22607421875,4814.82421875,4789.0859375,4814.82421875,53712900,4814.63671875,"Indonesia","^JKSE"
2016-06-16,4819.23486328125,4829.451171875,4801.8720703125,4814.39111328125,39908400,4814.20361328125,"Indonesia","^JKSE"
2016-06-17,4825.72705078125,4838.02978515625,4806.59521484375,4835.14306640625,42528600,4834.955078125,"Indonesia","^JKSE"
2016-06-20,4849.69091796875,4863.53076171875,4828.587890625,4863.53076171875,43916600,4863.341796875,"Indonesia","^JKSE"
2016-06-21,4873.43896484375,4889.455078125,4868.22705078125,4878.7138671875,51514400,4878.52392578125,"Indonesia","^JKSE"
2016-06-22,4876.8720703125,4899.19921875,4876.8720703125,4896.85205078125,57228200,4896.66162109375,"Indonesia","^JKSE"
2016-06-23,4896.7958984375,4899.4970703125,4856.05078125,4874.30908203125,53476900,4874.119140625,"Indonesia","^JKSE"
2016-06-24,4878.0458984375,4884.794921875,4754.35693359375,4834.56884765625,57226600,4834.380859375,"Indonesia","^JKSE"
2016-06-27,4804.0458984375,4846.41796875,4795.962890625,4836.0517578125,38717800,4835.86328125,"Indonesia","^JKSE"
2016-06-28,4836.12890625,4890.60498046875,4835.43212890625,4882.1708984375,47765500,4881.98095703125,"Indonesia","^JKSE"
2016-06-29,4905.97802734375,4980.10498046875,4905.97802734375,4980.10498046875,40998400,4979.9111328125,"Indonesia","^JKSE"
2016-06-30,4999.8779296875,5033.2421875,4996.39501953125,5016.64697265625,54961500,5016.4521484375,"Indonesia","^JKSE"
2016-07-01,5027.6171875,5039.68603515625,4971.5810546875,4971.5810546875,40459000,4971.3876953125,"Indonesia","^JKSE"
2016-07-11,5021.2431640625,5080.30322265625,5018.39599609375,5069.01904296875,42889500,5068.82177734375,"Indonesia","^JKSE"
2016-07-12,5092.1650390625,5120.1279296875,5075.56005859375,5099.533203125,58326000,5099.3349609375,"Indonesia","^JKSE"
2016-07-13,5112.98583984375,5133.93310546875,5090.587890625,5133.93310546875,58783300,5133.7333984375,"Indonesia","^JKSE"
2016-07-14,5125.68505859375,5131.03076171875,5081.02880859375,5083.5390625,52550300,5083.34130859375,"Indonesia","^JKSE"
2016-07-15,5090.2490234375,5130.3388671875,5090.2490234375,5110.17822265625,49941000,5109.97900390625,"Indonesia","^JKSE"
2016-07-18,5107.916015625,5131.705078125,5093.15380859375,5127.5009765625,49213200,5127.3017578125,"Indonesia","^JKSE"
2016-07-19,5132.90185546875,5193.89794921875,5132.90185546875,5172.830078125,52188500,5172.62841796875,"Indonesia","^JKSE"
2016-07-20,5185.59423828125,5242.8232421875,5185.59423828125,5242.8232421875,51072100,5242.619140625,"Indonesia","^JKSE"
2016-07-21,5246.2998046875,5268.8671875,5213.98876953125,5216.97314453125,63172100,5216.77001953125,"Indonesia","^JKSE"
2016-07-22,5215.1689453125,5215.53076171875,5179.623046875,5197.2509765625,40604200,5197.048828125,"Indonesia","^JKSE"
2016-07-25,5201.4482421875,5227.10693359375,5197.80517578125,5220.8017578125,37450800,5220.5986328125,"Indonesia","^JKSE"
2016-07-26,5218.26611328125,5231.5,5200.623046875,5224.39501953125,50637700,5224.19140625,"Indonesia","^JKSE"
2016-07-27,5245.40380859375,5301.93017578125,5245.40380859375,5274.36083984375,49296300,5274.15576171875,"Indonesia","^JKSE"
2016-07-28,5278.4970703125,5299.212890625,5255.4658203125,5299.212890625,55657300,5299.0068359375,"Indonesia","^JKSE"
2016-07-29,5300.89892578125,5334.12109375,5215.994140625,5215.994140625,68556100,5215.791015625,"Indonesia","^JKSE"
2016-08-01,5280.2099609375,5368.251953125,5279.5859375,5361.576171875,62344100,5361.36767578125,"Indonesia","^JKSE"
2016-08-02,5356.90576171875,5386.56396484375,5356.42822265625,5373.3232421875,63205300,5373.11376953125,"Indonesia","^JKSE"
2016-08-03,5367.583984375,5383.4970703125,5331.326171875,5351.8779296875,59763500,5351.669921875,"Indonesia","^JKSE"
2016-08-04,5365.0087890625,5389.60888671875,5357.615234375,5373.86279296875,56277200,5373.6533203125,"Indonesia","^JKSE"
2016-08-05,5380.11181640625,5427.51806640625,5377.4189453125,5420.24609375,57902200,5420.03515625,"Indonesia","^JKSE"
2016-08-08,5435.2060546875,5458.97900390625,5427.26806640625,5458.97900390625,61349000,5458.7666015625,"Indonesia","^JKSE"
2016-08-09,5459.89404296875,5476.22021484375,5428.67822265625,5440.29296875,69806100,5440.0810546875,"Indonesia","^JKSE"
2016-08-10,5439.7578125,5457.1240234375,5405.89111328125,5423.94921875,88003800,5423.73828125,"Indonesia","^JKSE"
2016-08-11,5438.091796875,5455.7998046875,5397.31201171875,5419.087890625,88527100,5418.876953125,"Indonesia","^JKSE"
2016-08-12,5432.83203125,5449.06396484375,5366.3408203125,5377.19580078125,46370500,5376.986328125,"Indonesia","^JKSE"
2016-08-15,5390.01904296875,5396.94921875,5296.591796875,5320.56103515625,56913800,5320.353515625,"Indonesia","^JKSE"
2016-08-16,5341.93408203125,5377.421875,5338.64111328125,5371.84619140625,43406600,5371.63671875,"Indonesia","^JKSE"
2016-08-18,5387.76611328125,5461.4501953125,5386.1220703125,5461.4501953125,51925600,5461.23779296875,"Indonesia","^JKSE"
2016-08-19,5468.01318359375,5470.97900390625,5416.03515625,5416.03515625,46129700,5415.82470703125,"Indonesia","^JKSE"
2016-08-22,5425.89599609375,5435.19189453125,5398.794921875,5427.1748046875,64659600,5426.9638671875,"Indonesia","^JKSE"
2016-08-23,5434.03515625,5438.5,5351.06591796875,5417.14013671875,59172200,5416.9296875,"Indonesia","^JKSE"
2016-08-24,5406.80517578125,5418.44921875,5385.2431640625,5403.9921875,55692400,5403.78173828125,"Indonesia","^JKSE"
2016-08-25,5413.9912109375,5454.1162109375,5412.52783203125,5454.1162109375,48041800,5453.904296875,"Indonesia","^JKSE"
2016-08-26,5454.06787109375,5456.63818359375,5419.7421875,5438.8310546875,63101200,5438.619140625,"Indonesia","^JKSE"
2016-08-29,5425.14599609375,5426.21923828125,5348.05078125,5370.76416015625,54184900,5370.5546875,"Indonesia","^JKSE"
2016-08-30,5368.56591796875,5388.63818359375,5336.7109375,5362.31591796875,56546900,5362.107421875,"Indonesia","^JKSE"
2016-08-31,5355.123046875,5399.16015625,5353.291015625,5386.08203125,49524600,5385.87255859375,"Indonesia","^JKSE"
2016-09-01,5368.51611328125,5376.64306640625,5320.083984375,5334.546875,47156400,5334.33935546875,"Indonesia","^JKSE"
2016-09-02,5323.5732421875,5359.9091796875,5323.0419921875,5353.4609375,46566900,5353.2529296875,"Indonesia","^JKSE"
2016-09-05,5378.625,5396.9169921875,5347.5927734375,5356.9541015625,49406800,5356.74560546875,"Indonesia","^JKSE"
2016-09-06,5363.044921875,5373.2080078125,5342.55810546875,5372.09619140625,41155400,5371.88671875,"Indonesia","^JKSE"
2016-09-07,5382.216796875,5393.0869140625,5357.52197265625,5381.35400390625,37206200,5381.14453125,"Indonesia","^JKSE"
2016-09-08,5383.06298828125,5383.5361328125,5364.60986328125,5371.078125,41376500,5370.86865234375,"Indonesia","^JKSE"
2016-09-09,5355.3427734375,5358.5068359375,5281.9169921875,5281.9169921875,43296700,5281.7109375,"Indonesia","^JKSE"
2016-09-13,5266.10888671875,5268.5390625,5211.8662109375,5215.56689453125,43786000,5215.36376953125,"Indonesia","^JKSE"
2016-09-14,5188.39794921875,5189.35791015625,5128.16796875,5146.0380859375,50757500,5145.837890625,"Indonesia","^JKSE"
2016-09-15,5160.748046875,5270.48876953125,5158.72705078125,5265.81884765625,45898400,5265.61376953125,"Indonesia","^JKSE"
2016-09-16,5287.421875,5305.08984375,5252.2548828125,5267.76904296875,47385800,5267.56396484375,"Indonesia","^JKSE"
2016-09-19,5289.1220703125,5331.97412109375,5286.13623046875,5321.8408203125,33639200,5321.63330078125,"Indonesia","^JKSE"
2016-09-20,5323.298828125,5336.2509765625,5298.27783203125,5302.4931640625,54051100,5302.287109375,"Indonesia","^JKSE"
2016-09-21,5295.8828125,5348,5275.18505859375,5342.591796875,46464800,5342.3837890625,"Indonesia","^JKSE"
2016-09-22,5382.32080078125,5411.61181640625,5368.56103515625,5380.26220703125,47353800,5380.052734375,"Indonesia","^JKSE"
2016-09-23,5375.7119140625,5388.908203125,5355.9248046875,5388.908203125,43903000,5388.69873046875,"Indonesia","^JKSE"
2016-09-26,5375.16015625,5375.87890625,5337.01806640625,5352.13916015625,37701800,5351.93115234375,"Indonesia","^JKSE"
2016-09-27,5336.5458984375,5419.60400390625,5295.658203125,5419.60400390625,50958300,5419.39306640625,"Indonesia","^JKSE"
2016-09-28,5390.76123046875,5432.98388671875,5382.23583984375,5425.3369140625,67191800,5425.1259765625,"Indonesia","^JKSE"
2016-09-29,5442.82421875,5474.30712890625,5431.95703125,5431.95703125,69425300,5431.7451171875,"Indonesia","^JKSE"
2016-09-30,5412.3837890625,5437.9658203125,5364.80419921875,5364.80419921875,53630200,5364.59521484375,"Indonesia","^JKSE"
2016-10-03,5403.85986328125,5463.9150390625,5403.85986328125,5463.9150390625,53888800,5463.70263671875,"Indonesia","^JKSE"
2016-10-04,5475.6328125,5482.841796875,5460.708984375,5472.31689453125,53748000,5472.103515625,"Indonesia","^JKSE"
2016-10-05,5457.998046875,5460.1650390625,5399.22216796875,5420.64794921875,65033700,5420.43701171875,"Indonesia","^JKSE"
2016-10-06,5428.453125,5447.2578125,5390.0859375,5409.34423828125,71799300,5409.1337890625,"Indonesia","^JKSE"
2016-10-07,5403.8349609375,5409.19677734375,5363.47021484375,5377.14892578125,59414300,5376.939453125,"Indonesia","^JKSE"
2016-10-10,5371.0029296875,5397.14697265625,5352.81689453125,5360.828125,64774600,5360.61962890625,"Indonesia","^JKSE"
2016-10-11,5372.68701171875,5385.7578125,5345.07177734375,5381.9970703125,84864400,5381.78759765625,"Indonesia","^JKSE"
2016-10-12,5364.35205078125,5380.56103515625,5350.39208984375,5364.61083984375,55480600,5364.40185546875,"Indonesia","^JKSE"
2016-10-13,5368.216796875,5384.55517578125,5339.48388671875,5340.39990234375,52638100,5340.19189453125,"Indonesia","^JKSE"
2016-10-14,5338.6982421875,5408.77001953125,5332.080078125,5399.884765625,55367700,5399.67431640625,"Indonesia","^JKSE"
2016-10-17,5390.9609375,5422.34912109375,5386.22119140625,5410.30322265625,61546400,5410.0927734375,"Indonesia","^JKSE"
2016-10-18,5424.6689453125,5446.8291015625,5422.9169921875,5430.0478515625,62742900,5429.83642578125,"Indonesia","^JKSE"
2016-10-19,5436.27978515625,5445.7998046875,5402.15380859375,5409.2880859375,116737500,5409.07763671875,"Indonesia","^JKSE"
2016-10-20,5409.7900390625,5423.2939453125,5395.296875,5403.68994140625,201336300,5403.529296875,"Indonesia","^JKSE"
2016-10-21,5407.23388671875,5416.9521484375,5395.4228515625,5409.2431640625,79093700,5409.08251953125,"Indonesia","^JKSE"
2016-10-24,5415.47705078125,5433.3408203125,5411.880859375,5420.998046875,81119800,5420.83740234375,"Indonesia","^JKSE"
2016-10-25,5426.10693359375,5436.205078125,5397.82080078125,5397.82080078125,85020700,5397.66064453125,"Indonesia","^JKSE"
2016-10-26,5387.7001953125,5406.5810546875,5381.7041015625,5399.67919921875,198835200,5399.5888671875,"Indonesia","^JKSE"
2016-10-27,5405.69580078125,5427.52685546875,5403.85888671875,5416.8359375,333149600,5416.8359375,"Indonesia","^JKSE"
2016-10-28,5414.5087890625,5426.26416015625,5402.42919921875,5410.26904296875,109309200,5410.26904296875,"Indonesia","^JKSE"
2016-10-31,5413.56884765625,5429.06787109375,5406.0068359375,5422.5419921875,135128600,5422.5419921875,"Indonesia","^JKSE"
2016-11-01,5430.7451171875,5439.02783203125,5415.02978515625,5416.0068359375,80147600,5416.0068359375,"Indonesia","^JKSE"
2016-11-02,5415.02197265625,5420.35888671875,5393.5068359375,5405.455078125,95507600,5405.455078125,"Indonesia","^JKSE"
2016-11-03,5395.87109375,5402.046875,5329.501953125,5329.501953125,71645500,5329.501953125,"Indonesia","^JKSE"
2016-11-04,5310.7822265625,5362.66015625,5303.35986328125,5362.66015625,63398900,5362.66015625,"Indonesia","^JKSE"
2016-11-07,5361.02392578125,5395.3251953125,5341.86181640625,5386.2080078125,83980500,5386.2080078125,"Indonesia","^JKSE"
2016-11-08,5407.38916015625,5476.07177734375,5407.38916015625,5470.68115234375,9734142100,5470.68115234375,"Indonesia","^JKSE"
2016-11-09,5478.0341796875,5491.701171875,5345.1279296875,5414.32080078125,107152200,5414.32080078125,"Indonesia","^JKSE"
2016-11-10,5444.041015625,5482.10595703125,5443.73388671875,5450.30615234375,86519300,5450.30615234375,"Indonesia","^JKSE"
2016-11-11,5380.64111328125,5380.68505859375,5231.97119140625,5231.97119140625,9788202500,5231.97119140625,"Indonesia","^JKSE"
2016-11-14,5194.9267578125,5196.7841796875,5043.35107421875,5115.73876953125,91613700,5115.73876953125,"Indonesia","^JKSE"
2016-11-15,5121.47802734375,5169.35693359375,5073.419921875,5078.5009765625,76584600,5078.5009765625,"Indonesia","^JKSE"
2016-11-16,5112.49609375,5201.1728515625,5112.49609375,5185.46484375,80425400,5185.46484375,"Indonesia","^JKSE"
2016-11-17,5180.48193359375,5202.31494140625,5162.81201171875,5193.01513671875,75311800,5193.01513671875,"Indonesia","^JKSE"
2016-11-18,5195.076171875,5196.9091796875,5139.205078125,5170.10888671875,71630400,5170.10888671875,"Indonesia","^JKSE"
2016-11-21,5150.826171875,5158.76318359375,5130.44287109375,5148.31884765625,91116600,5148.31884765625,"Indonesia","^JKSE"
2016-11-22,5140.658203125,5204.673828125,5140.51904296875,5204.673828125,97703800,5204.673828125,"Indonesia","^JKSE"
2016-11-23,5192.34619140625,5211.99609375,5182.34521484375,5211.99609375,86828200,5211.99609375,"Indonesia","^JKSE"
2016-11-24,5179.22216796875,5194.244140625,5102.4208984375,5107.623046875,78976000,5107.623046875,"Indonesia","^JKSE"
2016-11-25,5097.10791015625,5129.7529296875,5096.6708984375,5122.10400390625,84213300,5122.10400390625,"Indonesia","^JKSE"
2016-11-28,5111.423828125,5120.86181640625,5091.60986328125,5114.57177734375,121168300,5114.57177734375,"Indonesia","^JKSE"
2016-11-29,5108.751953125,5164.580078125,5108.751953125,5136.6669921875,124696800,5136.6669921875,"Indonesia","^JKSE"
2016-11-30,5148.908203125,5182.14208984375,5146.52490234375,5148.91015625,116497500,5148.91015625,"Indonesia","^JKSE"
2016-12-01,5168.6337890625,5211.921875,5168.06884765625,5198.7548828125,109410600,5198.7548828125,"Indonesia","^JKSE"
2016-12-02,5207.91796875,5250.2919921875,5199.14208984375,5245.9560546875,77029900,5245.9560546875,"Indonesia","^JKSE"
2016-12-05,5239.89697265625,5280.32177734375,5239.89697265625,5268.30810546875,69209000,5268.30810546875,"Indonesia","^JKSE"
2016-12-06,5279.98388671875,5288.9140625,5259.19384765625,5272.96484375,66277100,5272.96484375,"Indonesia","^JKSE"
2016-12-07,5272.10009765625,5273.51513671875,5229.7978515625,5265.3681640625,60338200,5265.3681640625,"Indonesia","^JKSE"
2016-12-08,5268.23876953125,5303.73388671875,5263.43505859375,5303.73388671875,65715900,5303.73388671875,"Indonesia","^JKSE"
2016-12-09,5297.5498046875,5308.1259765625,5284.76611328125,5308.1259765625,49814700,5308.1259765625,"Indonesia","^JKSE"
2016-12-13,5296.19189453125,5300.7177734375,5264.73779296875,5293.619140625,53794200,5293.619140625,"Indonesia","^JKSE"
2016-12-14,5287.19287109375,5306.3369140625,5259.68115234375,5262.81689453125,51760500,5262.81689453125,"Indonesia","^JKSE"
2016-12-15,5230.56494140625,5266.06103515625,5210.6328125,5254.36181640625,64359300,5254.36181640625,"Indonesia","^JKSE"
2016-12-16,5260.1259765625,5263.005859375,5231.65185546875,5231.65185546875,58386700,5231.65185546875,"Indonesia","^JKSE"
2016-12-19,5224.07080078125,5240.4267578125,5190.93310546875,5191.912109375,60026700,5191.912109375,"Indonesia","^JKSE"
2016-12-20,5179.18212890625,5194.72900390625,5142.39306640625,5162.47705078125,71959000,5162.47705078125,"Indonesia","^JKSE"
2016-12-21,5179.02587890625,5188.94580078125,5111.39208984375,5111.39208984375,54114100,5111.39208984375,"Indonesia","^JKSE"
2016-12-22,5114.39697265625,5120.35693359375,5032.9140625,5042.8701171875,52470700,5042.8701171875,"Indonesia","^JKSE"
2016-12-23,5036.2880859375,5078.23095703125,5022.84814453125,5027.7041015625,51530100,5027.7041015625,"Indonesia","^JKSE"
2016-12-27,5028.35595703125,5112.77587890625,5028.19921875,5102.9541015625,56151600,5102.9541015625,"Indonesia","^JKSE"
2016-12-28,5140.13623046875,5213.27001953125,5139.76904296875,5209.44482421875,52440100,5209.44482421875,"Indonesia","^JKSE"
2016-12-29,5205.27099609375,5311.615234375,5200.26513671875,5302.56591796875,54184200,5302.56591796875,"Indonesia","^JKSE"
2016-12-30,5307.365234375,5334.787109375,5296.7109375,5296.7109375,60042700,5296.7109375,"Indonesia","^JKSE"
2017-01-02,NA,NA,NA,NA,NA,NA,"Indonesia","^JKSE"
2017-01-03,5290.38818359375,5292.18115234375,5246.85205078125,5275.97119140625,33217000,5275.97119140625,"Indonesia","^JKSE"
2017-01-04,5270.01611328125,5312.9560546875,5249.23388671875,5301.18310546875,53111300,5301.18310546875,"Indonesia","^JKSE"
2017-01-05,5302.6328125,5328.490234375,5302.6328125,5325.50390625,77219400,5325.50390625,"Indonesia","^JKSE"
2017-01-06,5321.7451171875,5350.2451171875,5318.384765625,5347.02197265625,71615300,5347.02197265625,"Indonesia","^JKSE"
2017-01-09,5350.8798828125,5360.06103515625,5307.5849609375,5316.36376953125,97010200,5316.36376953125,"Indonesia","^JKSE"
2017-01-10,5330.01513671875,5331.1328125,5292.06298828125,5309.923828125,70792500,5309.923828125,"Indonesia","^JKSE"
2017-01-11,5316.15185546875,5322.97900390625,5301.23681640625,5301.23681640625,84703100,5301.23681640625,"Indonesia","^JKSE"
2017-01-12,5301.0361328125,5322.419921875,5292.75,5292.75,100764000,5292.75,"Indonesia","^JKSE"
2017-01-13,5299.05078125,5310.419921875,5272.98291015625,5272.98291015625,70293600,5272.98291015625,"Indonesia","^JKSE"
2017-01-16,5283.6181640625,5291.49609375,5270.01123046875,5270.01123046875,73077600,5270.01123046875,"Indonesia","^JKSE"
2017-01-17,5266.9228515625,5287.1240234375,5265.60205078125,5266.93798828125,86901800,5266.93798828125,"Indonesia","^JKSE"
2017-01-18,5273.2939453125,5294.7841796875,5273.2939453125,5294.7841796875,113444600,5294.7841796875,"Indonesia","^JKSE"
2017-01-19,5302.2109375,5309.9521484375,5288.5771484375,5298.9482421875,85392800,5298.9482421875,"Indonesia","^JKSE"
2017-01-20,5290.56298828125,5293.0810546875,5243.74609375,5254.31103515625,153081800,5254.31103515625,"Indonesia","^JKSE"
2017-01-23,5250.634765625,5265.44287109375,5228.2861328125,5250.9677734375,147556800,5250.9677734375,"Indonesia","^JKSE"
2017-01-24,5267.73388671875,5297.4912109375,5267.73388671875,5292.087890625,147150800,5292.087890625,"Indonesia","^JKSE"
2017-01-25,5302.8740234375,5310.6689453125,5287.1259765625,5293.7822265625,269423400,5293.7822265625,"Indonesia","^JKSE"
2017-01-26,5305.11376953125,5327.509765625,5291.43603515625,5317.6328125,190768100,5317.6328125,"Indonesia","^JKSE"
2017-01-27,5304.9638671875,5321.68017578125,5297.2548828125,5312.83984375,142739500,5312.83984375,"Indonesia","^JKSE"
2017-01-30,5321.55419921875,5331.51611328125,5302.662109375,5302.662109375,193337900,5302.662109375,"Indonesia","^JKSE"
2017-01-31,5316.6689453125,5321.35498046875,5294.10302734375,5294.10302734375,191451600,5294.10302734375,"Indonesia","^JKSE"
2017-02-01,5319.94384765625,5341.48095703125,5317.4951171875,5327.1611328125,256731400,5327.1611328125,"Indonesia","^JKSE"
2017-02-02,5327.02001953125,5353.712890625,5326.98681640625,5353.712890625,165664500,5353.712890625,"Indonesia","^JKSE"
2017-02-03,5355.27197265625,5366.44384765625,5354.58984375,5360.76708984375,13055400,5360.76708984375,"Indonesia","^JKSE"
2017-02-06,5369.52197265625,5395.9951171875,5369.44189453125,5395.9951171875,153355200,5395.9951171875,"Indonesia","^JKSE"
2017-02-07,5387.64794921875,5396.09912109375,5380.59814453125,5381.47509765625,171422900,5381.47509765625,"Indonesia","^JKSE"
2017-02-08,5380.10986328125,5382.0732421875,5349.462890625,5361.087890625,325033400,5361.087890625,"Indonesia","^JKSE"
2017-02-09,5366.34423828125,5384.9560546875,5363.46923828125,5372.0771484375,258337100,5372.0771484375,"Indonesia","^JKSE"
2017-02-10,5378.916015625,5400.171875,5371.6689453125,5371.6689453125,167200000,5371.6689453125,"Indonesia","^JKSE"
2017-02-13,5396.56298828125,5418.3759765625,5388.67822265625,5409.55615234375,182414000,5409.55615234375,"Indonesia","^JKSE"
2017-02-14,5402.55810546875,5409.35498046875,5370.494140625,5380.669921875,142907500,5380.669921875,"Indonesia","^JKSE"
2017-02-15,NA,NA,NA,NA,NA,NA,"Indonesia","^JKSE"
2017-02-16,5389.06884765625,5395.27880859375,5357.7119140625,5377.998046875,218393700,5377.998046875,"Indonesia","^JKSE"
2017-02-17,5366.85400390625,5370.3310546875,5340.85791015625,5350.93212890625,179271900,5350.93212890625,"Indonesia","^JKSE"
2017-02-20,5358.5517578125,5373.091796875,5351.01806640625,5359.2880859375,107921200,5359.2880859375,"Indonesia","^JKSE"
2017-02-21,5363.61376953125,5375.69580078125,5336.8349609375,5340.990234375,209661500,5340.990234375,"Indonesia","^JKSE"
2017-02-22,5353.10693359375,5360.4140625,5331.43115234375,5358.68310546875,189512900,5358.68310546875,"Indonesia","^JKSE"
2017-02-23,5348.35888671875,5373.63818359375,5347.85791015625,5372.748046875,174887600,5372.748046875,"Indonesia","^JKSE"
2017-02-24,5371.01708984375,5391.259765625,5370.7890625,5385.90576171875,116360700,5385.90576171875,"Indonesia","^JKSE"
2017-02-27,5387.81689453125,5393.662109375,5368.4228515625,5382.8740234375,102443500,5382.8740234375,"Indonesia","^JKSE"
2017-02-28,5390.3427734375,5405.7900390625,5386.69189453125,5386.69189453125,82270600,5386.69189453125,"Indonesia","^JKSE"
2017-03-01,5389.16796875,5392.7919921875,5350.91015625,5363.05615234375,80795600,5363.05615234375,"Indonesia","^JKSE"
2017-03-02,5394.72705078125,5431.1728515625,5394.72705078125,5408.25390625,74167000,5408.25390625,"Indonesia","^JKSE"
2017-03-03,5402.580078125,5410.90283203125,5384.7890625,5391.21484375,106883400,5391.21484375,"Indonesia","^JKSE"
2017-03-06,5398.0517578125,5409.81689453125,5386.8251953125,5409.81689453125,102030600,5409.81689453125,"Indonesia","^JKSE"
2017-03-07,5416.02099609375,5427.9072265625,5386.32080078125,5402.615234375,96160400,5402.615234375,"Indonesia","^JKSE"
2017-03-08,5407.52978515625,5415.23095703125,5390.0068359375,5393.76416015625,72878500,5393.76416015625,"Indonesia","^JKSE"
2017-03-09,5393.93896484375,5405.587890625,5386.9970703125,5402.38623046875,69424400,5402.38623046875,"Indonesia","^JKSE"
2017-03-10,5414.9150390625,5415.72216796875,5369.7529296875,5390.6767578125,79484800,5390.6767578125,"Indonesia","^JKSE"
2017-03-13,5389.201171875,5409.3720703125,5386.3427734375,5409.3720703125,70965500,5409.3720703125,"Indonesia","^JKSE"
2017-03-14,5415.9501953125,5449.76318359375,5412.9619140625,5431.5849609375,82241800,5431.5849609375,"Indonesia","^JKSE"
2017-03-15,5433.68017578125,5447.48583984375,5424.51611328125,5432.380859375,75739600,5432.380859375,"Indonesia","^JKSE"
2017-03-16,5461.912109375,5518.2412109375,5458.419921875,5518.2412109375,79972200,5518.2412109375,"Indonesia","^JKSE"
2017-03-17,5539.81884765625,5557.97509765625,5499.38720703125,5540.43212890625,87948800,5540.43212890625,"Indonesia","^JKSE"
2017-03-20,5552.39404296875,5566.93212890625,5510.27490234375,5533.9921875,83916000,5533.9921875,"Indonesia","^JKSE"
2017-03-21,5541.0458984375,5554.44384765625,5525.97705078125,5543.0927734375,78762300,5543.0927734375,"Indonesia","^JKSE"
2017-03-22,5512.72900390625,5534.0927734375,5486.85107421875,5534.0927734375,81597500,5534.0927734375,"Indonesia","^JKSE"
2017-03-23,5539.63818359375,5576.66796875,5532.64794921875,5563.7587890625,71128500,5563.7587890625,"Indonesia","^JKSE"
2017-03-24,5565.6240234375,5581.18310546875,5546.83203125,5567.1337890625,64734100,5567.1337890625,"Indonesia","^JKSE"
2017-03-27,5557.9248046875,5567.43115234375,5531.326171875,5541.2021484375,62855600,5541.2021484375,"Indonesia","^JKSE"
2017-03-29,5552.783203125,5592.77490234375,5552.783203125,5592.509765625,72492200,5592.509765625,"Indonesia","^JKSE"
2017-03-30,5581.1162109375,5592.9521484375,5555.3671875,5592.9521484375,98370200,5592.9521484375,"Indonesia","^JKSE"
2017-03-31,5589.52392578125,5606.02490234375,5568.10595703125,5568.10595703125,73764600,5568.10595703125,"Indonesia","^JKSE"
2017-04-03,5583.34521484375,5616.94287109375,5581.31396484375,5606.7890625,81392100,5606.7890625,"Indonesia","^JKSE"
2017-04-04,5611.6650390625,5654.39892578125,5608.52392578125,5651.8232421875,106415400,5651.8232421875,"Indonesia","^JKSE"
2017-04-05,5668.001953125,5676.97998046875,5644.7919921875,5676.97998046875,83898800,5676.97998046875,"Indonesia","^JKSE"
2017-04-06,5668.30615234375,5680.23876953125,5645.30615234375,5680.23876953125,68797100,5680.23876953125,"Indonesia","^JKSE"
2017-04-07,5674.01123046875,5677.7177734375,5643.35009765625,5653.48583984375,64404200,5653.48583984375,"Indonesia","^JKSE"
2017-04-10,5662.6689453125,5677.07080078125,5628.98486328125,5644.298828125,72743800,5644.298828125,"Indonesia","^JKSE"
2017-04-11,5647.90380859375,5658.72705078125,5621.7861328125,5627.93310546875,95131900,5627.93310546875,"Indonesia","^JKSE"
2017-04-12,5633.97509765625,5650.03515625,5631.7470703125,5644.15478515625,84273900,5644.15478515625,"Indonesia","^JKSE"
2017-04-13,5658.19921875,5660.384765625,5613.5439453125,5616.544921875,62159000,5616.544921875,"Indonesia","^JKSE"
2017-04-17,5624.6171875,5631.509765625,5577.48681640625,5577.48681640625,60945800,5577.48681640625,"Indonesia","^JKSE"
2017-04-18,5597.666015625,5626.52392578125,5597.1689453125,5606.51708984375,69950500,5606.51708984375,"Indonesia","^JKSE"
2017-04-19,NA,NA,NA,NA,NA,NA,"Indonesia","^JKSE"
2017-04-20,5609.89208984375,5619.36083984375,5590.03076171875,5595.30615234375,73938500,5595.30615234375,"Indonesia","^JKSE"
2017-04-21,5600.419921875,5664.47509765625,5599.4951171875,5664.47509765625,53480800,5664.47509765625,"Indonesia","^JKSE"
2017-04-25,5690.89404296875,5696.38916015625,5653.67578125,5680.7958984375,59697700,5680.7958984375,"Indonesia","^JKSE"
2017-04-26,5687.080078125,5726.52978515625,5679.59423828125,5726.52978515625,65935900,5726.52978515625,"Indonesia","^JKSE"
2017-04-27,5708.23095703125,5718.89501953125,5697.791015625,5707.02783203125,68662300,5707.02783203125,"Indonesia","^JKSE"
2017-04-28,5715.0849609375,5724.5078125,5684.58984375,5685.2978515625,57985100,5685.2978515625,"Indonesia","^JKSE"
2017-05-02,5703.8671875,5714.34423828125,5675.80810546875,5675.80810546875,57814800,5675.80810546875,"Indonesia","^JKSE"
2017-05-03,5681.59912109375,5686.8251953125,5647.3232421875,5647.3681640625,65683200,5647.3681640625,"Indonesia","^JKSE"
2017-05-04,5656.0908203125,5676.0087890625,5643.05419921875,5669.44287109375,66172000,5669.44287109375,"Indonesia","^JKSE"
2017-05-05,5665.10693359375,5696.47607421875,5659.9658203125,5683.376953125,75048200,5683.376953125,"Indonesia","^JKSE"
2017-05-08,5699.30078125,5727.4921875,5692.56103515625,5707.86181640625,69605600,5707.86181640625,"Indonesia","^JKSE"
2017-05-09,5730.2509765625,5745.84716796875,5693.6748046875,5697.05615234375,59581000,5697.05615234375,"Indonesia","^JKSE"
2017-05-10,5697.9560546875,5718.5869140625,5636.2041015625,5653.0078125,73073800,5653.0078125,"Indonesia","^JKSE"
2017-05-12,5680.5859375,5698.9619140625,5668.7177734375,5675.2158203125,79691200,5675.2158203125,"Indonesia","^JKSE"
2017-05-15,5689.80517578125,5693.9931640625,5649.083984375,5688.8701171875,61924800,5688.8701171875,"Indonesia","^JKSE"
2017-05-16,5690.2978515625,5696.623046875,5646.9990234375,5646.9990234375,54203300,5646.9990234375,"Indonesia","^JKSE"
2017-05-17,5661.48193359375,5664.31689453125,5608.80322265625,5615.4921875,53254300,5615.4921875,"Indonesia","^JKSE"
2017-05-18,5590.47314453125,5645.451171875,5577.52197265625,5645.451171875,68547400,5645.451171875,"Indonesia","^JKSE"
2017-05-19,5643.537109375,5825.2080078125,5630.07177734375,5791.8837890625,70741400,5791.8837890625,"Indonesia","^JKSE"
2017-05-22,5837.17578125,5874.43896484375,5743.38818359375,5749.44482421875,58742100,5749.44482421875,"Indonesia","^JKSE"
2017-05-23,5770.6171875,5777.68701171875,5692.98388671875,5730.61279296875,53659300,5730.61279296875,"Indonesia","^JKSE"
2017-05-24,5678.39306640625,5704.7060546875,5672.04296875,5703.43310546875,59809800,5703.43310546875,"Indonesia","^JKSE"
2017-05-26,5713.35400390625,5728.60498046875,5703.89013671875,5716.81494140625,57655300,5716.81494140625,"Indonesia","^JKSE"
2017-05-29,5728.80712890625,5730.84423828125,5703.4619140625,5712.3310546875,50129600,5712.3310546875,"Indonesia","^JKSE"
2017-05-30,5700.77392578125,5730.05615234375,5693.39111328125,5693.39111328125,62769800,5693.39111328125,"Indonesia","^JKSE"
2017-05-31,5697.81494140625,5738.15478515625,5697.81494140625,5738.15478515625,91263500,5738.15478515625,"Indonesia","^JKSE"
2017-06-01,NA,NA,NA,NA,NA,NA,"Indonesia","^JKSE"
2017-06-02,5749.4208984375,5752.65576171875,5726.01416015625,5742.44580078125,64775200,5742.44580078125,"Indonesia","^JKSE"
2017-06-05,5747.89111328125,5765.8291015625,5737.580078125,5748.23486328125,56536500,5748.23486328125,"Indonesia","^JKSE"
2017-06-06,5743.39501953125,5754.2939453125,5701.658203125,5707.8310546875,61071500,5707.8310546875,"Indonesia","^JKSE"
2017-06-07,5716.96923828125,5735.990234375,5709.14697265625,5717.3251953125,46852400,5717.3251953125,"Indonesia","^JKSE"
2017-06-08,5719.02978515625,5725.8828125,5702.921875,5702.921875,45346000,5702.921875,"Indonesia","^JKSE"
2017-06-09,5699.25390625,5704.86181640625,5669.873046875,5675.52294921875,51126700,5675.52294921875,"Indonesia","^JKSE"
2017-06-12,5668.72216796875,5716.5361328125,5668.72216796875,5691.43603515625,37789600,5691.43603515625,"Indonesia","^JKSE"
2017-06-13,5694.9501953125,5715.2080078125,5693.8759765625,5707.64501953125,43934000,5707.64501953125,"Indonesia","^JKSE"
2017-06-14,5708.06591796875,5792.89697265625,5707.9189453125,5792.89697265625,49219200,5792.89697265625,"Indonesia","^JKSE"
2017-06-15,5776.30078125,5791.2041015625,5768.15380859375,5776.283203125,33694700,5776.283203125,"Indonesia","^JKSE"
2017-06-16,5768.1640625,5797.1181640625,5720.9248046875,5723.63623046875,52479900,5723.63623046875,"Indonesia","^JKSE"
2017-06-19,5731.076171875,5745.56787109375,5726.76708984375,5741.9091796875,55163600,5741.9091796875,"Indonesia","^JKSE"
2017-06-20,5749.5791015625,5791.90380859375,5747.4541015625,5791.90380859375,47631600,5791.90380859375,"Indonesia","^JKSE"
2017-06-21,5772.0859375,5818.5517578125,5771.576171875,5818.5517578125,41419800,5818.5517578125,"Indonesia","^JKSE"
2017-06-22,5830.97802734375,5831.33984375,5804.60302734375,5829.7080078125,36295400,5829.7080078125,"Indonesia","^JKSE"
2017-06-23,NA,NA,NA,NA,NA,NA,"Indonesia","^JKSE"
2017-06-26,NA,NA,NA,NA,NA,NA,"Indonesia","^JKSE"
2017-06-27,NA,NA,NA,NA,NA,NA,"Indonesia","^JKSE"
2017-06-28,NA,NA,NA,NA,NA,NA,"Indonesia","^JKSE"
2017-06-29,NA,NA,NA,NA,NA,NA,"Indonesia","^JKSE"
2017-06-30,NA,NA,NA,NA,NA,NA,"Indonesia","^JKSE"
2017-07-03,5846.60302734375,5910.23681640625,5831.2041015625,5910.23681640625,47327700,5910.23681640625,"Indonesia","^JKSE"
2017-07-04,5886.72021484375,5896.3701171875,5858.61376953125,5865.36376953125,38141000,5865.36376953125,"Indonesia","^JKSE"
2017-07-05,5865.4248046875,5874.68505859375,5808.34521484375,5825.05419921875,45875400,5825.05419921875,"Indonesia","^JKSE"
2017-07-06,5817.794921875,5852.34423828125,5817.39111328125,5849.5751953125,40285800,5849.5751953125,"Indonesia","^JKSE"
2017-07-07,5839.88818359375,5863.5849609375,5810.36181640625,5814.79296875,36388600,5814.79296875,"Indonesia","^JKSE"
2017-07-10,5814.79296875,5826.31396484375,5769.3388671875,5771.505859375,29086900,5771.505859375,"Indonesia","^JKSE"
2017-07-11,5772.97998046875,5784.0810546875,5765.36279296875,5773.326171875,50424600,5773.326171875,"Indonesia","^JKSE"
2017-07-12,5771.47314453125,5827.1318359375,5771.47314453125,5819.1318359375,43977100,5819.1318359375,"Indonesia","^JKSE"
2017-07-13,5839.39794921875,5843.17578125,5809.40185546875,5830.0439453125,41691200,5830.0439453125,"Indonesia","^JKSE"
2017-07-14,5827.548828125,5833.7587890625,5804.43603515625,5831.794921875,35734600,5831.794921875,"Indonesia","^JKSE"
2017-07-17,5831.02392578125,5841.27978515625,5824.26416015625,5841.27978515625,49922900,5841.27978515625,"Indonesia","^JKSE"
2017-07-18,5824.93212890625,5831.69384765625,5806.60302734375,5822.35205078125,53830100,5822.35205078125,"Indonesia","^JKSE"
2017-07-19,5822.23681640625,5822.48193359375,5797.34619140625,5806.68994140625,43518400,5806.68994140625,"Indonesia","^JKSE"
2017-07-20,5808.8818359375,5828.14013671875,5808.1162109375,5825.2080078125,43771900,5825.2080078125,"Indonesia","^JKSE"
2017-07-21,5824.52587890625,5831.462890625,5760.958984375,5765.423828125,40711100,5765.423828125,"Indonesia","^JKSE"
2017-07-24,5760.083984375,5801.5869140625,5756.51318359375,5801.5869140625,49340900,5801.5869140625,"Indonesia","^JKSE"
2017-07-25,5805.59716796875,5813.53515625,5780.48486328125,5813.53515625,46895400,5813.53515625,"Indonesia","^JKSE"
2017-07-26,5809.89306640625,5831.64013671875,5785.89990234375,5800.2060546875,56453600,5800.2060546875,"Indonesia","^JKSE"
2017-07-27,5807.27587890625,5820.962890625,5805.9228515625,5819.744140625,49848700,5819.744140625,"Indonesia","^JKSE"
2017-07-28,5822.80712890625,5831.02685546875,5804.794921875,5831.02685546875,63785400,5831.02685546875,"Indonesia","^JKSE"
2017-07-31,5820.01123046875,5847.2451171875,5816.52978515625,5840.93896484375,52731300,5840.93896484375,"Indonesia","^JKSE"
2017-08-01,5853.505859375,5858.93408203125,5805.205078125,5805.205078125,69809900,5805.205078125,"Indonesia","^JKSE"
2017-08-02,5815.06591796875,5824.2490234375,5792.1669921875,5824.2490234375,51290400,5824.2490234375,"Indonesia","^JKSE"
2017-08-03,5818.55517578125,5825.0517578125,5780.576171875,5780.576171875,44658800,5780.576171875,"Indonesia","^JKSE"
2017-08-04,5775.9208984375,5800.12890625,5769.39794921875,5777.48193359375,39744400,5777.48193359375,"Indonesia","^JKSE"
2017-08-07,5780.89404296875,5812.791015625,5749.2919921875,5749.2919921875,42147500,5749.2919921875,"Indonesia","^JKSE"
2017-08-08,5755.044921875,5810.56298828125,5755.044921875,5810.56298828125,48403600,5810.56298828125,"Indonesia","^JKSE"
2017-08-09,5813.60400390625,5824.0068359375,5792.77783203125,5824.0068359375,55021100,5824.0068359375,"Indonesia","^JKSE"
2017-08-10,5828.5419921875,5833.85791015625,5810.76123046875,5825.94580078125,56586000,5825.94580078125,"Indonesia","^JKSE"
2017-08-11,5812.24609375,5812.90576171875,5756.462890625,5766.13818359375,55175200,5766.13818359375,"Indonesia","^JKSE"
2017-08-14,5780.69921875,5812.87109375,5780.69921875,5801.48779296875,48743500,5801.48779296875,"Indonesia","^JKSE"
2017-08-15,5808.64599609375,5842.8349609375,5808.26123046875,5835.041015625,62419400,5835.041015625,"Indonesia","^JKSE"
2017-08-16,5842.56005859375,5891.94921875,5836.14794921875,5891.94921875,57886400,5891.94921875,"Indonesia","^JKSE"
2017-08-17,NA,NA,NA,NA,NA,NA,"Indonesia","^JKSE"
2017-08-18,5879.67919921875,5912.1162109375,5869.1318359375,5893.8408203125,46506900,5893.8408203125,"Indonesia","^JKSE"
2017-08-21,5893.416015625,5901.58203125,5855.23583984375,5861.00390625,42745100,5861.00390625,"Indonesia","^JKSE"
2017-08-22,5862.5927734375,5885.59619140625,5862.47607421875,5880.296875,58668100,5880.296875,"Indonesia","^JKSE"
2017-08-23,5900.40087890625,5914.02392578125,5881.7548828125,5914.02392578125,77528100,5914.02392578125,"Indonesia","^JKSE"
2017-08-24,5914.09814453125,5916.82080078125,5874.27685546875,5894.1171875,86700500,5894.1171875,"Indonesia","^JKSE"
2017-08-25,5906.119140625,5915.36279296875,5880.02001953125,5915.36279296875,64107900,5915.36279296875,"Indonesia","^JKSE"
2017-08-28,5904.369140625,5914.47998046875,5890.48095703125,5903.3408203125,86874800,5903.3408203125,"Indonesia","^JKSE"
2017-08-29,5899.74609375,5902.60986328125,5865.4091796875,5888.2119140625,57947400,5888.2119140625,"Indonesia","^JKSE"
2017-08-30,5888.4267578125,5893.90380859375,5863.14599609375,5872.505859375,51307600,5872.505859375,"Indonesia","^JKSE"
2017-08-31,5873.73095703125,5881.73583984375,5845.27392578125,5864.05908203125,63529600,5864.05908203125,"Indonesia","^JKSE"
2017-09-01,NA,NA,NA,NA,NA,NA,"Indonesia","^JKSE"
2017-09-04,5858.2099609375,5861.60009765625,5806.31689453125,5813.7412109375,50726200,5813.7412109375,"Indonesia","^JKSE"
2017-09-05,5823.01318359375,5834.18408203125,5774.30712890625,5829.97900390625,64988500,5829.97900390625,"Indonesia","^JKSE"
2017-09-06,5809.30615234375,5831.47998046875,5803.123046875,5824.13818359375,61681800,5824.13818359375,"Indonesia","^JKSE"
2017-09-07,5824.51513671875,5835.8779296875,5810.48388671875,5832.31103515625,50424900,5832.31103515625,"Indonesia","^JKSE"
2017-09-08,5825.1220703125,5866.98876953125,5819.52880859375,5857.119140625,46573100,5857.119140625,"Indonesia","^JKSE"
2017-09-11,5863.423828125,5883.951171875,5858.2421875,5871.880859375,51533200,5871.880859375,"Indonesia","^JKSE"
2017-09-12,5877.2451171875,5884.15087890625,5861.53515625,5872.376953125,59543200,5872.376953125,"Indonesia","^JKSE"
2017-09-13,5860.48779296875,5881.69482421875,5840.91796875,5845.73388671875,67508200,5845.73388671875,"Indonesia","^JKSE"
2017-09-14,5849.72314453125,5867.20703125,5841.39794921875,5852.001953125,73420600,5852.001953125,"Indonesia","^JKSE"
2017-09-15,5854.44580078125,5875.52978515625,5831.18017578125,5872.39208984375,62775100,5872.39208984375,"Indonesia","^JKSE"
2017-09-18,5875.11181640625,5884.61083984375,5851.22509765625,5884.61083984375,51691500,5884.61083984375,"Indonesia","^JKSE"
2017-09-19,5885.212890625,5901.326171875,5868.337890625,5901.326171875,57340500,5901.326171875,"Indonesia","^JKSE"
2017-09-20,5902.2080078125,5908.85791015625,5885.83203125,5906.5732421875,59948400,5906.5732421875,"Indonesia","^JKSE"
2017-09-21,NA,NA,NA,NA,NA,NA,"Indonesia","^JKSE"
2017-09-22,5905.22509765625,5928.7861328125,5883.56591796875,5911.7080078125,50278100,5911.7080078125,"Indonesia","^JKSE"
2017-09-25,5910.1611328125,5918.0859375,5882.94384765625,5894.61181640625,46527500,5894.61181640625,"Indonesia","^JKSE"
2017-09-26,5897.01318359375,5904.9541015625,5859.84814453125,5863.9619140625,59271800,5863.9619140625,"Indonesia","^JKSE"
2017-09-27,5872.58984375,5873.02783203125,5841.02197265625,5863.02685546875,53676700,5863.02685546875,"Indonesia","^JKSE"
2017-09-28,5860.5498046875,5866.60693359375,5839.5908203125,5841.046875,60274300,5841.046875,"Indonesia","^JKSE"
2017-09-29,5855.0791015625,5907.43798828125,5851.7001953125,5900.85400390625,50217900,5900.85400390625,"Indonesia","^JKSE"
2017-10-02,5917.751953125,5936.13818359375,5909.10791015625,5914.02978515625,48741000,5914.02978515625,"Indonesia","^JKSE"
2017-10-03,5915.42919921875,5953.47607421875,5899.533203125,5939.453125,60605100,5939.453125,"Indonesia","^JKSE"
2017-10-04,5952.37890625,5967.119140625,5946.64306640625,5951.47509765625,58319800,5951.47509765625,"Indonesia","^JKSE"
2017-10-05,5954.72509765625,5956.39794921875,5901.90576171875,5901.90576171875,56536700,5901.90576171875,"Indonesia","^JKSE"
2017-10-06,5922.11181640625,5922.748046875,5894.23876953125,5905.3779296875,46067100,5905.3779296875,"Indonesia","^JKSE"
2017-10-09,5906.71484375,5926.376953125,5902.46484375,5914.93310546875,41022200,5914.93310546875,"Indonesia","^JKSE"
2017-10-10,5918.12890625,5927.68408203125,5896.4580078125,5905.76220703125,47250700,5905.76220703125,"Indonesia","^JKSE"
2017-10-11,5900.72900390625,5906.134765625,5860.76123046875,5882.787109375,47636200,5882.787109375,"Indonesia","^JKSE"
2017-10-12,5886.4248046875,5932.0068359375,5883.49609375,5926.2041015625,73889100,5926.2041015625,"Indonesia","^JKSE"
2017-10-13,5926.02587890625,5947.86376953125,5915.134765625,5924.1240234375,66819100,5924.1240234375,"Indonesia","^JKSE"
2017-10-16,5927.98583984375,5956.9541015625,5927.98583984375,5949.701171875,71106000,5949.701171875,"Indonesia","^JKSE"
2017-10-17,5957.580078125,5961.51220703125,5922.06982421875,5947.330078125,51689400,5947.330078125,"Indonesia","^JKSE"
2017-10-18,5955.205078125,5958.0009765625,5903.6162109375,5929.201171875,71998500,5929.201171875,"Indonesia","^JKSE"
2017-10-19,5927.73193359375,5934.6767578125,5903.865234375,5910.52978515625,74254100,5910.52978515625,"Indonesia","^JKSE"
2017-10-20,5923.078125,5959.578125,5918.5322265625,5929.548828125,63590000,5929.548828125,"Indonesia","^JKSE"
2017-10-23,5946.15478515625,5965.98681640625,5945.3291015625,5950.02587890625,77697000,5950.02587890625,"Indonesia","^JKSE"
2017-10-24,5955.26513671875,5974.2001953125,5949.328125,5952.076171875,80765300,5952.076171875,"Indonesia","^JKSE"
2017-10-25,5962.0322265625,6025.43408203125,5961.7470703125,6025.43408203125,63953500,6025.43408203125,"Indonesia","^JKSE"
2017-10-26,6018.27099609375,6042.44921875,5995.84716796875,5995.84716796875,59713900,5995.84716796875,"Indonesia","^JKSE"
2017-10-27,5998.1728515625,6020.2919921875,5969.77978515625,5975.28076171875,48687400,5975.28076171875,"Indonesia","^JKSE"
2017-10-30,5990.19482421875,6008.630859375,5969.2109375,5974.0771484375,58489300,5974.0771484375,"Indonesia","^JKSE"
2017-10-31,6034.3818359375,6034.6181640625,5989.85888671875,6005.7841796875,54137200,6005.7841796875,"Indonesia","^JKSE"
2017-11-01,6017.0419921875,6038.990234375,6008.369140625,6038.14599609375,54590800,6038.14599609375,"Indonesia","^JKSE"
2017-11-02,6052.02880859375,6082.22802734375,6031.10693359375,6031.10693359375,54973300,6031.10693359375,"Indonesia","^JKSE"
2017-11-03,6044.7939453125,6046.26220703125,5989.67919921875,6039.541015625,46256000,6039.541015625,"Indonesia","^JKSE"
2017-11-06,6031.51806640625,6062.06494140625,6025.0732421875,6050.8232421875,60106200,6050.8232421875,"Indonesia","^JKSE"
2017-11-07,6055.74609375,6065.28515625,6047.26513671875,6060.453125,48839400,6060.453125,"Indonesia","^JKSE"
2017-11-08,6052.98779296875,6069.76513671875,6033.55322265625,6049.3837890625,69448300,6049.3837890625,"Indonesia","^JKSE"
2017-11-09,6055.548828125,6071.541015625,6039.85986328125,6042.4599609375,55020000,6042.4599609375,"Indonesia","^JKSE"
2017-11-10,6044.2822265625,6054.5341796875,6020.455078125,6021.828125,52158500,6021.828125,"Indonesia","^JKSE"
2017-11-13,6020.7490234375,6045.48583984375,6016.98681640625,6021.4560546875,52371100,6021.4560546875,"Indonesia","^JKSE"
2017-11-14,6019.10595703125,6039.296875,5988.2919921875,5988.2919921875,61832000,5988.2919921875,"Indonesia","^JKSE"
2017-11-15,6001.91796875,6012.658203125,5972.31103515625,5972.31103515625,71148600,5972.31103515625,"Indonesia","^JKSE"
2017-11-16,5985.6259765625,6054.2412109375,5984.7041015625,6037.9072265625,53679500,6037.9072265625,"Indonesia","^JKSE"
2017-11-17,6052.51123046875,6092.35205078125,6049.95703125,6051.73193359375,50404200,6051.73193359375,"Indonesia","^JKSE"
2017-11-20,6066.7470703125,6098.77880859375,6053.2822265625,6053.2822265625,52184800,6053.2822265625,"Indonesia","^JKSE"
2017-11-21,6062.23388671875,6076.22705078125,6008.68505859375,6031.86181640625,55320400,6031.86181640625,"Indonesia","^JKSE"
2017-11-22,6039.0859375,6071.33984375,6038.73681640625,6069.78515625,63604500,6069.78515625,"Indonesia","^JKSE"
2017-11-23,6081.4189453125,6090.64306640625,6056.125,6063.2451171875,64708300,6063.2451171875,"Indonesia","^JKSE"
2017-11-24,6064.6728515625,6069.85400390625,6035.2529296875,6067.14208984375,55260100,6067.14208984375,"Indonesia","^JKSE"
2017-11-27,6059.7080078125,6072.48681640625,6035.923828125,6064.5888671875,58933800,6064.5888671875,"Indonesia","^JKSE"
2017-11-28,6055.10009765625,6070.7158203125,6015.908203125,6070.7158203125,64775900,6070.7158203125,"Indonesia","^JKSE"
2017-11-29,6066.43115234375,6073.89892578125,6045.3369140625,6061.3671875,62226800,6061.3671875,"Indonesia","^JKSE"
2017-11-30,6053.02587890625,6058.59521484375,5952.13818359375,5952.13818359375,92104400,5952.13818359375,"Indonesia","^JKSE"
2017-12-01,6053.02587890625,6058.59521484375,5952.13818359375,5952.13818359375,0,5952.13818359375,"Indonesia","^JKSE"
2017-12-04,6014.06201171875,6031.921875,5994.34814453125,5998.19482421875,64002400,5998.19482421875,"Indonesia","^JKSE"
2017-12-05,6021.0849609375,6026.412109375,5979.47998046875,6000.47412109375,65146500,6000.47412109375,"Indonesia","^JKSE"
2017-12-06,6002.5400390625,6044.3349609375,6001.0859375,6035.5078125,49403800,6035.5078125,"Indonesia","^JKSE"
2017-12-07,6032.05419921875,6039.294921875,6006.8349609375,6006.8349609375,48461900,6006.8349609375,"Indonesia","^JKSE"
2017-12-08,6017.962890625,6041.1328125,6013.75,6030.9580078125,51772100,6030.9580078125,"Indonesia","^JKSE"
2017-12-11,6043.34521484375,6052.51513671875,6024.037109375,6026.6328125,55665900,6026.6328125,"Indonesia","^JKSE"
2017-12-12,6038.43212890625,6042.0029296875,6012.98095703125,6032.37109375,52951400,6032.37109375,"Indonesia","^JKSE"
2017-12-13,6027.44091796875,6054.60400390625,6020.10888671875,6054.60400390625,54220300,6054.60400390625,"Indonesia","^JKSE"
2017-12-14,6065.30810546875,6117.1259765625,6061.0859375,6113.65283203125,65223300,6113.65283203125,"Indonesia","^JKSE"
2017-12-15,6098.8349609375,6119.4189453125,6075.88720703125,6119.4189453125,54744800,6119.4189453125,"Indonesia","^JKSE"
2017-12-18,6111.68408203125,6133.962890625,6080.15380859375,6133.962890625,49833300,6133.962890625,"Indonesia","^JKSE"
2017-12-19,6113.091796875,6176.4501953125,6110.28076171875,6167.666015625,54873700,6167.666015625,"Indonesia","^JKSE"
2017-12-20,6165.60400390625,6167.43310546875,6088.56201171875,6109.48193359375,57345000,6109.48193359375,"Indonesia","^JKSE"
2017-12-21,6129.533203125,6183.39111328125,6126.7861328125,6183.39111328125,50733000,6183.39111328125,"Indonesia","^JKSE"
2017-12-22,6181.85986328125,6221.01318359375,6167.0380859375,6221.01318359375,43710700,6221.01318359375,"Indonesia","^JKSE"
2017-12-25,NA,NA,NA,NA,NA,NA,"Indonesia","^JKSE"
2017-12-26,NA,NA,NA,NA,NA,NA,"Indonesia","^JKSE"
2017-12-27,6214.2587890625,6277.1650390625,6214.2587890625,6277.1650390625,43398400,6277.1650390625,"Indonesia","^JKSE"
2017-12-28,6282.44091796875,6314.0458984375,6259.60791015625,6314.0458984375,57218200,6314.0458984375,"Indonesia","^JKSE"
2017-12-29,6325.62109375,6368.32177734375,6321.0927734375,6355.65380859375,63985200,6355.65380859375,"Indonesia","^JKSE"
2018-01-01,NA,NA,NA,NA,NA,NA,"Indonesia","^JKSE"
2018-01-02,6366.0830078125,6445.91015625,6326.0927734375,6339.23779296875,52168200,6339.23779296875,"Indonesia","^JKSE"
2018-01-03,6341.27099609375,6342.19091796875,6220.69482421875,6251.47900390625,48866400,6251.47900390625,"Indonesia","^JKSE"
2018-01-04,6257.716796875,6292.32080078125,6233.93701171875,6292.32080078125,57864900,6292.32080078125,"Indonesia","^JKSE"
2018-01-05,6279.45703125,6353.73779296875,6278.72412109375,6353.73779296875,74223700,6353.73779296875,"Indonesia","^JKSE"
2018-01-08,6354.36181640625,6385.40380859375,6349.0419921875,6385.40380859375,66702400,6385.40380859375,"Indonesia","^JKSE"
2018-01-09,6393.8740234375,6402.744140625,6351.23291015625,6373.14404296875,66932000,6373.14404296875,"Indonesia","^JKSE"
2018-01-10,6380.91796875,6412.02880859375,6355.21923828125,6371.173828125,70066900,6371.173828125,"Indonesia","^JKSE"
2018-01-11,6375.03076171875,6386.3388671875,6344.0400390625,6386.3388671875,117346700,6386.3388671875,"Indonesia","^JKSE"
2018-01-12,6391.466796875,6409.1748046875,6359.83203125,6370.06494140625,86340200,6370.06494140625,"Indonesia","^JKSE"
2018-01-15,6379.0732421875,6390.88916015625,6361.60986328125,6382.19482421875,73531200,6382.19482421875,"Indonesia","^JKSE"
2018-01-16,6386.216796875,6429.69189453125,6381.31005859375,6429.69189453125,81954500,6429.69189453125,"Indonesia","^JKSE"
2018-01-17,6429.77294921875,6452.5068359375,6420.06005859375,6444.51806640625,86927700,6444.51806640625,"Indonesia","^JKSE"
2018-01-18,6456.89892578125,6483.26904296875,6452.05419921875,6472.666015625,111698100,6472.666015625,"Indonesia","^JKSE"
2018-01-19,6483.8330078125,6490.89599609375,6443.009765625,6490.89599609375,70168900,6490.89599609375,"Indonesia","^JKSE"
2018-01-22,6495.3837890625,6529.201171875,6484.12109375,6500.52880859375,87812600,6500.52880859375,"Indonesia","^JKSE"
2018-01-23,6538.01318359375,6635.333984375,6537.078125,6635.333984375,85330100,6635.333984375,"Indonesia","^JKSE"
2018-01-24,6635.7587890625,6641.1728515625,6588.625,6615.4921875,116046200,6615.4921875,"Indonesia","^JKSE"
2018-01-25,6629.3681640625,6636.5859375,6581.6728515625,6615.328125,121967500,6615.328125,"Indonesia","^JKSE"
2018-01-26,6616.1259765625,6677.3662109375,6615.8662109375,6660.6181640625,102507800,6660.6181640625,"Indonesia","^JKSE"
2018-01-29,6672.990234375,6686.34716796875,6634.88818359375,6680.619140625,99262500,6680.619140625,"Indonesia","^JKSE"
2018-01-30,6666.8271484375,6675.759765625,6546.64599609375,6575.4921875,99970800,6575.4921875,"Indonesia","^JKSE"
2018-01-31,6547.98681640625,6627.8349609375,6522.6611328125,6605.630859375,113846700,6605.630859375,"Indonesia","^JKSE"
2018-02-01,6625.35400390625,6658.876953125,6598.458984375,6598.458984375,119722100,6598.458984375,"Indonesia","^JKSE"
2018-02-02,6638.1630859375,6655.61279296875,6621.44287109375,6628.81982421875,88106200,6628.81982421875,"Indonesia","^JKSE"
2018-02-05,6556.67919921875,6612.451171875,6522.544921875,6589.6748046875,97541600,6589.6748046875,"Indonesia","^JKSE"
2018-02-06,6505.19287109375,6519.291015625,6426.76416015625,6478.54296875,139033900,6478.54296875,"Indonesia","^JKSE"
2018-02-07,6525.56298828125,6582.51123046875,6512.07177734375,6534.869140625,117224500,6534.869140625,"Indonesia","^JKSE"
2018-02-08,6543.625,6549.17919921875,6519.09423828125,6544.6337890625,106322700,6544.6337890625,"Indonesia","^JKSE"
2018-02-09,6491.2861328125,6505.52294921875,6460.64306640625,6505.52294921875,95625500,6505.52294921875,"Indonesia","^JKSE"
2018-02-12,6508.0517578125,6531.56005859375,6498.68798828125,6523.4541015625,118793800,6523.4541015625,"Indonesia","^JKSE"
2018-02-13,6545,6595.89599609375,6544.671875,6578.17822265625,102882100,6578.17822265625,"Indonesia","^JKSE"
2018-02-14,6577.11083984375,6599.31103515625,6572.4990234375,6594.40087890625,77060800,6594.40087890625,"Indonesia","^JKSE"
2018-02-15,6615.90380859375,6624.626953125,6583.18603515625,6591.58203125,85432100,6591.58203125,"Indonesia","^JKSE"
2018-02-16,NA,NA,NA,NA,NA,NA,"Indonesia","^JKSE"
2018-02-19,6610.73291015625,6689.287109375,6607.9072265625,6689.287109375,96729300,6689.287109375,"Indonesia","^JKSE"
2018-02-20,6687.23095703125,6693.4658203125,6625.7421875,6662.8759765625,129364100,6662.8759765625,"Indonesia","^JKSE"
2018-02-21,6649.17919921875,6665.89306640625,6614.23388671875,6643.39990234375,179201300,6643.39990234375,"Indonesia","^JKSE"
2018-02-22,6646.34716796875,6648.751953125,6586.31103515625,6593.06005859375,107066100,6593.06005859375,"Indonesia","^JKSE"
2018-02-23,6608.5341796875,6659.26123046875,6608.5341796875,6619.80419921875,93737300,6619.80419921875,"Indonesia","^JKSE"
2018-02-26,6615.3740234375,6624.02001953125,6554.6728515625,6554.6728515625,97778800,6554.6728515625,"Indonesia","^JKSE"
2018-02-27,6573.69580078125,6598.92578125,6562.83984375,6598.92578125,107099600,6598.92578125,"Indonesia","^JKSE"
2018-02-28,6595.85986328125,6609.40380859375,6564.48193359375,6597.2177734375,97106200,6597.2177734375,"Indonesia","^JKSE"
2018-03-01,6605.31396484375,6630.12890625,6596.8720703125,6606.05322265625,92351900,6606.05322265625,"Indonesia","^JKSE"
2018-03-02,6597.7099609375,6597.7099609375,6561.044921875,6582.31591796875,82306900,6582.31591796875,"Indonesia","^JKSE"
2018-03-05,6594.51611328125,6607.1650390625,6543.6611328125,6550.5927734375,77760400,6550.5927734375,"Indonesia","^JKSE"
2018-03-06,6577.17919921875,6589.72119140625,6492.951171875,6500.11083984375,77769000,6500.11083984375,"Indonesia","^JKSE"
2018-03-07,6500.9638671875,6516.88818359375,6346.6650390625,6368.26708984375,108599800,6368.26708984375,"Indonesia","^JKSE"
2018-03-08,6410.708984375,6443.05908203125,6371.97216796875,6443.02099609375,87324300,6443.02099609375,"Indonesia","^JKSE"
2018-03-09,6448.19384765625,6459.03076171875,6382.89306640625,6433.32177734375,73609100,6433.32177734375,"Indonesia","^JKSE"
2018-03-12,6459.32080078125,6500.68603515625,6459.32080078125,6500.68603515625,76177600,6500.68603515625,"Indonesia","^JKSE"
2018-03-13,6497.4638671875,6501.130859375,6399.39111328125,6412.84619140625,82608900,6412.84619140625,"Indonesia","^JKSE"
2018-03-14,6410.88818359375,6412.74609375,6363.630859375,6382.623046875,86246600,6382.623046875,"Indonesia","^JKSE"
2018-03-15,6366.93017578125,6372.091796875,6316.2099609375,6321.90380859375,82187500,6321.90380859375,"Indonesia","^JKSE"
2018-03-16,6323.4130859375,6328.7890625,6236.23876953125,6304.9521484375,88297100,6304.9521484375,"Indonesia","^JKSE"
2018-03-19,6315.33203125,6319.65185546875,6277.7587890625,6289.57177734375,77658600,6289.57177734375,"Indonesia","^JKSE"
2018-03-20,6266.5810546875,6271.716796875,6207.16796875,6243.5771484375,76662600,6243.5771484375,"Indonesia","^JKSE"
2018-03-21,6260.18505859375,6315.06689453125,6260.06689453125,6312.8310546875,89583500,6312.8310546875,"Indonesia","^JKSE"
2018-03-22,6331.97998046875,6351.30810546875,6252.97509765625,6254.07421875,77992400,6254.07421875,"Indonesia","^JKSE"
2018-03-23,6138.10888671875,6210.6982421875,6085.205078125,6210.6982421875,75539100,6210.6982421875,"Indonesia","^JKSE"
2018-03-26,6178.72802734375,6205.5732421875,6167.3388671875,6200.171875,62145400,6200.171875,"Indonesia","^JKSE"
2018-03-27,6246.22802734375,6274.298828125,6188.60791015625,6209.35009765625,70878900,6209.35009765625,"Indonesia","^JKSE"
2018-03-28,6195.47705078125,6197.005859375,6116.88720703125,6140.8369140625,61446800,6140.8369140625,"Indonesia","^JKSE"
2018-03-29,6153.64501953125,6188.98681640625,6101.76513671875,6188.98681640625,59162000,6188.98681640625,"Indonesia","^JKSE"
2018-03-30,NA,NA,NA,NA,NA,NA,"Indonesia","^JKSE"
2018-04-02,6194.51318359375,6240.57080078125,6168.373046875,6240.57080078125,58966000,6240.57080078125,"Indonesia","^JKSE"
2018-04-03,6212.76708984375,6234.56884765625,6202.12890625,6229.01318359375,61788600,6229.01318359375,"Indonesia","^JKSE"
2018-04-04,6240.98388671875,6250.14208984375,6137.162109375,6157.09619140625,72730600,6157.09619140625,"Indonesia","^JKSE"
2018-04-05,6194.10107421875,6211.87109375,6176.7041015625,6183.22705078125,62063900,6183.22705078125,"Indonesia","^JKSE"
2018-04-06,6184.8701171875,6192.4228515625,6165.205078125,6175.0517578125,59659700,6175.0517578125,"Indonesia","^JKSE"
2018-04-09,6179.380859375,6246.130859375,6178.1767578125,6246.130859375,64251100,6246.130859375,"Indonesia","^JKSE"
2018-04-10,6244.35205078125,6334.47021484375,6243,6325.81787109375,63897300,6325.81787109375,"Indonesia","^JKSE"
2018-04-11,6352.60498046875,6380.35400390625,6349.64208984375,6360.93212890625,72747400,6360.93212890625,"Indonesia","^JKSE"
2018-04-12,6351.046875,6356.14599609375,6289.86376953125,6310.8017578125,65143600,6310.8017578125,"Indonesia","^JKSE"
2018-04-13,6322.94677734375,6335.205078125,6270.3271484375,6270.3271484375,55764300,6270.3271484375,"Indonesia","^JKSE"
2018-04-16,6279.6328125,6305.03076171875,6262.23876953125,6286.748046875,56984800,6286.748046875,"Indonesia","^JKSE"
2018-04-17,6290.86376953125,6303.97119140625,6259.5927734375,6285.76220703125,89647000,6285.76220703125,"Indonesia","^JKSE"
2018-04-18,6302.97900390625,6320.0048828125,6297.94677734375,6320.0048828125,79669800,6320.0048828125,"Indonesia","^JKSE"
2018-04-19,6321.22412109375,6355.90087890625,6319.576171875,6355.90087890625,75020900,6355.90087890625,"Indonesia","^JKSE"
2018-04-20,6355.99609375,6360.31591796875,6314.2021484375,6337.69482421875,60183000,6337.69482421875,"Indonesia","^JKSE"
2018-04-23,6328.64599609375,6335.44921875,6298.37890625,6308.14794921875,62110600,6308.14794921875,"Indonesia","^JKSE"
2018-04-24,6313.72314453125,6316.703125,6225.5478515625,6229.634765625,58631000,6229.634765625,"Indonesia","^JKSE"
2018-04-25,6219.76416015625,6220.0380859375,6070.7900390625,6079.85009765625,58356100,6079.85009765625,"Indonesia","^JKSE"
2018-04-26,6080.3837890625,6089.09521484375,5894.15478515625,5909.1982421875,67664100,5909.1982421875,"Indonesia","^JKSE"
2018-04-27,5968.876953125,5997.5009765625,5885.341796875,5919.23779296875,55164900,5919.23779296875,"Indonesia","^JKSE"
2018-04-30,5937.0751953125,6005.87890625,5936.52685546875,5994.59521484375,59188600,5994.59521484375,"Indonesia","^JKSE"
2018-05-01,NA,NA,NA,NA,NA,NA,"Indonesia","^JKSE"
2018-05-02,5999.36181640625,6012.93896484375,5970.39892578125,6012.23779296875,67805700,6012.23779296875,"Indonesia","^JKSE"
2018-05-03,5990.1611328125,5996.48583984375,5858.73193359375,5858.73193359375,61109700,5858.73193359375,"Indonesia","^JKSE"
2018-05-04,5849.30908203125,5855.10595703125,5768.3837890625,5792.34521484375,52388700,5792.34521484375,"Indonesia","^JKSE"
2018-05-07,5814.9560546875,5885.09814453125,5808.18896484375,5885.09814453125,52856100,5885.09814453125,"Indonesia","^JKSE"
2018-05-08,5862.77978515625,5866.0791015625,5752.80078125,5774.7158203125,57813800,5774.7158203125,"Indonesia","^JKSE"
2018-05-09,5734.18017578125,5917.81689453125,5716.64599609375,5907.93798828125,66282300,5907.93798828125,"Indonesia","^JKSE"
2018-05-10,NA,NA,NA,NA,NA,NA,"Indonesia","^JKSE"
2018-05-11,5923.0927734375,6023.041015625,5921.19384765625,5956.83203125,66776200,5956.83203125,"Indonesia","^JKSE"
2018-05-14,5933.4609375,5947.15478515625,5853.43896484375,5947.15478515625,56191400,5947.15478515625,"Indonesia","^JKSE"
2018-05-15,5926.0771484375,5940.421875,5833.634765625,5838.1162109375,64487000,5838.1162109375,"Indonesia","^JKSE"
2018-05-16,5780.8779296875,5841.4638671875,5738.578125,5841.4638671875,62283300,5841.4638671875,"Indonesia","^JKSE"
2018-05-17,5854.869140625,5898.2978515625,5815.919921875,5815.919921875,67370600,5815.919921875,"Indonesia","^JKSE"
2018-05-18,5831.0517578125,5843.451171875,5783.31005859375,5783.31005859375,55495900,5783.31005859375,"Indonesia","^JKSE"
2018-05-21,5779.2421875,5786.39111328125,5719.47509765625,5733.85400390625,63717500,5733.85400390625,"Indonesia","^JKSE"
2018-05-22,5767.6279296875,5813.42919921875,5751.119140625,5751.119140625,67420300,5751.119140625,"Indonesia","^JKSE"
2018-05-23,5764.4189453125,5850.5390625,5764.31201171875,5792.0009765625,60646300,5792.0009765625,"Indonesia","^JKSE"
2018-05-24,5833.6162109375,5954.30810546875,5833.35302734375,5946.5380859375,71497000,5946.5380859375,"Indonesia","^JKSE"
2018-05-25,5957.42578125,6003.244140625,5949.52197265625,5975.7421875,58672900,5975.7421875,"Indonesia","^JKSE"
2018-05-28,5979.6201171875,6080.5068359375,5977.00390625,6068.3251953125,66767100,6068.3251953125,"Indonesia","^JKSE"
2018-05-29,NA,NA,NA,NA,NA,NA,"Indonesia","^JKSE"
2018-05-30,6037.43408203125,6095.828125,6001.8017578125,6011.05517578125,76998100,6011.05517578125,"Indonesia","^JKSE"
2018-05-31,6037.26220703125,6055.01513671875,5934.80419921875,5983.5869140625,91923400,5983.5869140625,"Indonesia","^JKSE"
2018-06-01,NA,NA,NA,NA,NA,NA,"Indonesia","^JKSE"
2018-06-04,6004.119140625,6032.9931640625,6001.201171875,6014.81884765625,77906000,6014.81884765625,"Indonesia","^JKSE"
2018-06-05,6031.3701171875,6088.7900390625,6025.55712890625,6088.7900390625,71163800,6088.7900390625,"Indonesia","^JKSE"
2018-06-06,6083.9208984375,6096.72314453125,6063.3349609375,6069.712890625,68433200,6069.712890625,"Indonesia","^JKSE"
2018-06-07,6090.97509765625,6116.43310546875,6077.85595703125,6106.6982421875,61086000,6106.6982421875,"Indonesia","^JKSE"
2018-06-08,6083.33203125,6096.6572265625,5987.3291015625,5993.626953125,53952100,5993.626953125,"Indonesia","^JKSE"
2018-06-11,NA,NA,NA,NA,NA,NA,"Indonesia","^JKSE"
2018-06-12,NA,NA,NA,NA,NA,NA,"Indonesia","^JKSE"
2018-06-13,NA,NA,NA,NA,NA,NA,"Indonesia","^JKSE"
2018-06-14,NA,NA,NA,NA,NA,NA,"Indonesia","^JKSE"
2018-06-15,NA,NA,NA,NA,NA,NA,"Indonesia","^JKSE"
2018-06-18,NA,NA,NA,NA,NA,NA,"Indonesia","^JKSE"
2018-06-19,NA,NA,NA,NA,NA,NA,"Indonesia","^JKSE"
2018-06-20,5941.7939453125,5947.7841796875,5834.134765625,5884.0390625,62441700,5884.0390625,"Indonesia","^JKSE"
2018-06-21,5890.06494140625,5922.7021484375,5815.453125,5822.3330078125,51405000,5822.3330078125,"Indonesia","^JKSE"
2018-06-22,5820.18798828125,5837.65283203125,5787.68212890625,5821.81201171875,58773500,5821.81201171875,"Indonesia","^JKSE"
2018-06-25,5850.31396484375,5891.48193359375,5801.59423828125,5859.0830078125,54948400,5859.0830078125,"Indonesia","^JKSE"
2018-06-26,5831.59521484375,5878.037109375,5820.751953125,5825.64892578125,59068400,5825.64892578125,"Indonesia","^JKSE"
2018-06-27,5832.5849609375,5859.60302734375,5787.5517578125,5787.5517578125,55552900,5787.5517578125,"Indonesia","^JKSE"
2018-06-28,5791.5830078125,5801.34912109375,5661.0078125,5667.31884765625,60061700,5667.31884765625,"Indonesia","^JKSE"
2018-06-29,5691.68603515625,5799.23681640625,5682.658203125,5799.23681640625,65331400,5799.23681640625,"Indonesia","^JKSE"
2018-07-02,5828.4951171875,5832.22216796875,5746.77001953125,5746.77001953125,48029600,5746.77001953125,"Indonesia","^JKSE"
2018-07-03,5737.35498046875,5752.31787109375,5630.10009765625,5633.93701171875,49554000,5633.93701171875,"Indonesia","^JKSE"
2018-07-04,5640.56298828125,5738.92578125,5557.55810546875,5733.63916015625,56623500,5733.63916015625,"Indonesia","^JKSE"
2018-07-05,5727.912109375,5739.33203125,5685.751953125,5739.33203125,51660500,5739.33203125,"Indonesia","^JKSE"
2018-07-06,5733.130859375,5743.35986328125,5694.912109375,5694.912109375,46286700,5694.912109375,"Indonesia","^JKSE"
2018-07-09,5719.85693359375,5815.44677734375,5716.39404296875,5807.375,52683800,5807.375,"Indonesia","^JKSE"
2018-07-10,5839.0361328125,5888.5927734375,5829.68115234375,5881.759765625,53761000,5881.759765625,"Indonesia","^JKSE"
2018-07-11,5842.990234375,5897.95703125,5822.751953125,5893.35888671875,62397700,5893.35888671875,"Indonesia","^JKSE"
2018-07-12,5873.048828125,5931.51904296875,5873.048828125,5907.8720703125,57014300,5907.8720703125,"Indonesia","^JKSE"
2018-07-13,5908.47802734375,5961.3369140625,5908.47802734375,5944.07421875,54856000,5944.07421875,"Indonesia","^JKSE"
2018-07-16,5941.912109375,5956.796875,5847.3408203125,5905.158203125,46500100,5905.158203125,"Indonesia","^JKSE"
2018-07-17,5881.791015625,5884.7998046875,5840.93701171875,5861.5078125,52518200,5861.5078125,"Indonesia","^JKSE"
2018-07-18,5868.87109375,5899.65283203125,5858.97509765625,5890.73095703125,69005100,5890.73095703125,"Indonesia","^JKSE"
2018-07-19,5902.02587890625,5920.92919921875,5857.14306640625,5871.0771484375,61506700,5871.0771484375,"Indonesia","^JKSE"
2018-07-20,5867.80810546875,5884.6337890625,5842.93017578125,5872.7841796875,56088500,5872.7841796875,"Indonesia","^JKSE"
2018-07-23,5886.51611328125,5928.080078125,5884.97607421875,5915.7958984375,51917100,5915.7958984375,"Indonesia","^JKSE"
2018-07-24,5934.408203125,5945.85009765625,5925.0498046875,5931.841796875,59374900,5931.841796875,"Indonesia","^JKSE"
2018-07-25,5941.1298828125,5947.501953125,5923.2001953125,5933.88916015625,84148200,5933.88916015625,"Indonesia","^JKSE"
2018-07-26,5949.6572265625,5967.59521484375,5928.7431640625,5946.13623046875,82412300,5946.13623046875,"Indonesia","^JKSE"
2018-07-27,5947.35595703125,5992.05322265625,5947.06005859375,5989.13623046875,65570700,5989.13623046875,"Indonesia","^JKSE"
2018-07-30,5998.09716796875,6027.93603515625,5994.0791015625,6027.93603515625,72156300,6027.93603515625,"Indonesia","^JKSE"
2018-07-31,6012.9267578125,6013.86376953125,5910.52880859375,5936.44287109375,86530400,5936.44287109375,"Indonesia","^JKSE"
2018-08-01,5952.93896484375,6034.548828125,5945.44287109375,6033.4189453125,59853600,6033.4189453125,"Indonesia","^JKSE"
2018-08-02,6039.5869140625,6055.06689453125,6011.72314453125,6011.72314453125,77818300,6011.72314453125,"Indonesia","^JKSE"
2018-08-03,6014.796875,6023.47509765625,5994.04296875,6007.5380859375,57227000,6007.5380859375,"Indonesia","^JKSE"
2018-08-06,6025.60693359375,6102.5390625,6025.42578125,6101.130859375,66226000,6101.130859375,"Indonesia","^JKSE"
2018-08-07,6100.0029296875,6113.9912109375,6079.47998046875,6091.25,60294800,6091.25,"Indonesia","^JKSE"
2018-08-08,6110.8408203125,6117.29296875,6081.6337890625,6094.8291015625,64676700,6094.8291015625,"Indonesia","^JKSE"
2018-08-09,6084.751953125,6105.91796875,6055.26904296875,6065.255859375,62375600,6065.255859375,"Indonesia","^JKSE"
2018-08-10,6084.8017578125,6107.69580078125,6059.98876953125,6077.1728515625,52870700,6077.1728515625,"Indonesia","^JKSE"
2018-08-13,6029.46923828125,6034.56005859375,5861.24609375,5861.24609375,60906300,5861.24609375,"Indonesia","^JKSE"
2018-08-14,5850.71923828125,5890.98876953125,5744.5751953125,5769.873046875,56998100,5769.873046875,"Indonesia","^JKSE"
2018-08-15,5782.3818359375,5819.64208984375,5689.93603515625,5816.58984375,62023800,5816.58984375,"Indonesia","^JKSE"
2018-08-16,5788.06298828125,5811.625,5743.4951171875,5783.7978515625,53443300,5783.7978515625,"Indonesia","^JKSE"
2018-08-17,NA,NA,NA,NA,NA,NA,"Indonesia","^JKSE"
2018-08-20,5833.5390625,5919.33203125,5833.5390625,5892.19189453125,55005100,5892.19189453125,"Indonesia","^JKSE"
2018-08-21,5899.2978515625,5953.9072265625,5899.2978515625,5944.30078125,59014700,5944.30078125,"Indonesia","^JKSE"
2018-08-22,NA,NA,NA,NA,NA,NA,"Indonesia","^JKSE"
2018-08-23,5962.10107421875,5991.298828125,5934.2900390625,5982.98486328125,53558900,5982.98486328125,"Indonesia","^JKSE"
2018-08-24,5975.4150390625,5993.60498046875,5949.60791015625,5968.75,49474100,5968.75,"Indonesia","^JKSE"
2018-08-27,5993.76318359375,6025.9677734375,5993.703125,6025.9677734375,65676000,6025.9677734375,"Indonesia","^JKSE"
2018-08-28,6042.89111328125,6065.25390625,6023.22119140625,6042.64990234375,59104800,6042.64990234375,"Indonesia","^JKSE"
2018-08-29,6025.60205078125,6065.14892578125,6003.494140625,6065.14892578125,63016700,6065.14892578125,"Indonesia","^JKSE"
2018-08-30,6075.27001953125,6086.94384765625,6013.373046875,6018.9638671875,58498700,6018.9638671875,"Indonesia","^JKSE"
2018-08-31,5984.9619140625,6018.4599609375,5940.64892578125,6018.4599609375,59513900,6018.4599609375,"Indonesia","^JKSE"
2018-09-03,6025.4111328125,6026.9150390625,5954.92822265625,5967.5791015625,44310800,5967.5791015625,"Indonesia","^JKSE"
2018-09-04,5974.76318359375,5978.72998046875,5889.09521484375,5905.30078125,53980900,5905.30078125,"Indonesia","^JKSE"
2018-09-05,5868.77587890625,5868.77587890625,5621.60400390625,5683.5009765625,71761700,5683.5009765625,"Indonesia","^JKSE"
2018-09-06,5661.9638671875,5786.6650390625,5660.865234375,5776.09521484375,57940400,5776.09521484375,"Indonesia","^JKSE"
2018-09-07,5780.80615234375,5851.46484375,5769.251953125,5851.46484375,54320700,5851.46484375,"Indonesia","^JKSE"
2018-09-10,5835.3759765625,5840.8671875,5776.01513671875,5831.1171875,53873400,5831.1171875,"Indonesia","^JKSE"
2018-09-11,NA,NA,NA,NA,NA,NA,"Indonesia","^JKSE"
2018-09-12,5839.31494140625,5870.59912109375,5798.15087890625,5798.15087890625,61414500,5798.15087890625,"Indonesia","^JKSE"
2018-09-13,5834.76513671875,5865.06884765625,5834.76513671875,5858.27392578125,66435500,5858.27392578125,"Indonesia","^JKSE"
2018-09-14,5870.98486328125,5931.28076171875,5870.98486328125,5931.28076171875,56571400,5931.28076171875,"Indonesia","^JKSE"
2018-09-17,5908.42578125,5911.65283203125,5811.919921875,5824.2568359375,59608300,5824.2568359375,"Indonesia","^JKSE"
2018-09-18,5818.72021484375,5844.951171875,5781.2890625,5811.7900390625,70975800,5811.7900390625,"Indonesia","^JKSE"
2018-09-19,5835.794921875,5882.66015625,5835.794921875,5873.59716796875,69601100,5873.59716796875,"Indonesia","^JKSE"
2018-09-20,5898.48193359375,5941.01513671875,5897.59814453125,5931.26611328125,70876500,5931.26611328125,"Indonesia","^JKSE"
2018-09-21,5956.4990234375,5975.169921875,5935.0380859375,5957.744140625,86255700,5957.744140625,"Indonesia","^JKSE"
2018-09-24,5958.56787109375,5958.56787109375,5876.64892578125,5882.22021484375,68687600,5882.22021484375,"Indonesia","^JKSE"
2018-09-25,5875.158203125,5895.02001953125,5850.75,5874.298828125,65935500,5874.298828125,"Indonesia","^JKSE"
2018-09-26,5871.55810546875,5908.5888671875,5870.2998046875,5873.27099609375,75063400,5873.27099609375,"Indonesia","^JKSE"
2018-09-27,5871.43505859375,5931.72412109375,5870.5380859375,5929.2158203125,59721100,5929.2158203125,"Indonesia","^JKSE"
2018-09-28,5930.60498046875,5976.55322265625,5930.60498046875,5976.55322265625,62677100,5976.55322265625,"Indonesia","^JKSE"
2018-10-01,5950.85791015625,5982.06494140625,5944.60107421875,5944.60107421875,60605000,5944.60107421875,"Indonesia","^JKSE"
2018-10-02,5947.25,5956.77783203125,5862.955078125,5875.619140625,87701600,5875.619140625,"Indonesia","^JKSE"
2018-10-03,5874.4951171875,5921.56689453125,5848.162109375,5867.73681640625,72943100,5867.73681640625,"Indonesia","^JKSE"
2018-10-04,5847.59912109375,5847.59912109375,5742.30810546875,5756.619140625,87537800,5756.619140625,"Indonesia","^JKSE"
2018-10-05,5738.59423828125,5758.27001953125,5706.39892578125,5731.93505859375,64862100,5731.93505859375,"Indonesia","^JKSE"
2018-10-08,5728.6982421875,5794.43212890625,5728.63818359375,5761.0732421875,73665700,5761.0732421875,"Indonesia","^JKSE"
2018-10-09,5771.9169921875,5796.7900390625,5756.2421875,5796.7900390625,64525600,5796.7900390625,"Indonesia","^JKSE"
2018-10-10,5815.2861328125,5832.92822265625,5798.7431640625,5820.66796875,68341300,5820.66796875,"Indonesia","^JKSE"
2018-10-11,5733.99609375,5746.2431640625,5669.72314453125,5702.82177734375,90536700,5702.82177734375,"Indonesia","^JKSE"
2018-10-12,5722.48681640625,5788.68017578125,5722.48681640625,5756.490234375,60181200,5756.490234375,"Indonesia","^JKSE"
2018-10-15,5786.6640625,5816.04296875,5725.580078125,5727.255859375,65107300,5727.255859375,"Indonesia","^JKSE"
2018-10-16,5737.94189453125,5800.81689453125,5719.5087890625,5800.81689453125,64884300,5800.81689453125,"Indonesia","^JKSE"
2018-10-17,5833.2529296875,5868.6201171875,5819.1748046875,5868.6201171875,64580100,5868.6201171875,"Indonesia","^JKSE"
2018-10-18,5850.1240234375,5858.7880859375,5811.9248046875,5845.2421875,62773900,5845.2421875,"Indonesia","^JKSE"
2018-10-19,5810.1298828125,5861.990234375,5796.7841796875,5837.291015625,63540800,5837.291015625,"Indonesia","^JKSE"
2018-10-22,5841.4189453125,5869.65185546875,5827.6298828125,5840.43505859375,68594500,5840.43505859375,"Indonesia","^JKSE"
2018-10-23,5838.69091796875,5848.0439453125,5797.3359375,5797.89111328125,61556000,5797.89111328125,"Indonesia","^JKSE"
2018-10-24,5795.7509765625,5818.83984375,5709.4169921875,5709.4169921875,71593900,5709.4169921875,"Indonesia","^JKSE"
2018-10-25,5629.9501953125,5754.96484375,5623.8427734375,5754.96484375,51569200,5754.96484375,"Indonesia","^JKSE"
2018-10-26,5761.451171875,5790.953125,5748.61376953125,5784.9208984375,52533300,5784.9208984375,"Indonesia","^JKSE"
2018-10-29,5788.9248046875,5814.67919921875,5747.0341796875,5754.60693359375,49595700,5754.60693359375,"Indonesia","^JKSE"
2018-10-30,5755.02001953125,5789.10009765625,5733.240234375,5789.10009765625,59748100,5789.10009765625,"Indonesia","^JKSE"
2018-10-31,5817.4921875,5835.173828125,5769.544921875,5831.64990234375,69910100,5831.64990234375,"Indonesia","^JKSE"
2018-11-01,5855.22216796875,5883.22021484375,5815.7568359375,5835.919921875,63198100,5835.919921875,"Indonesia","^JKSE"
2018-11-02,5873.0068359375,5906.2919921875,5827.15380859375,5906.2919921875,67022200,5906.2919921875,"Indonesia","^JKSE"
2018-11-05,5895.2431640625,5926.634765625,5886.2060546875,5920.59423828125,53671600,5920.59423828125,"Indonesia","^JKSE"
2018-11-06,5942.32177734375,5959.9658203125,5898.56396484375,5923.93017578125,53343100,5923.93017578125,"Indonesia","^JKSE"
2018-11-07,5942.22314453125,5947.60888671875,5891.14013671875,5939.88623046875,62481200,5939.88623046875,"Indonesia","^JKSE"
2018-11-08,5972.3271484375,5996.8408203125,5949.51611328125,5976.80615234375,73188500,5976.80615234375,"Indonesia","^JKSE"
2018-11-09,5934.17822265625,5936.0341796875,5859.087890625,5874.15380859375,65342000,5874.15380859375,"Indonesia","^JKSE"
2018-11-12,5865.7412109375,5884.0810546875,5777.05322265625,5777.05322265625,53857800,5777.05322265625,"Indonesia","^JKSE"
2018-11-13,5754.59814453125,5850.376953125,5747.53076171875,5835.1982421875,58918000,5835.1982421875,"Indonesia","^JKSE"
2018-11-14,5857.72119140625,5896.8017578125,5851.79296875,5858.29296875,72751500,5858.29296875,"Indonesia","^JKSE"
2018-11-15,5885.216796875,5960.39892578125,5880.212890625,5955.73583984375,60149800,5955.73583984375,"Indonesia","^JKSE"
2018-11-16,5975.11083984375,6058.8251953125,5968.673828125,6012.35009765625,61140800,6012.35009765625,"Indonesia","^JKSE"
2018-11-19,6028.3369140625,6036.98876953125,5974.134765625,6005.296875,56032100,6005.296875,"Indonesia","^JKSE"
2018-11-20,NA,NA,NA,NA,NA,NA,"Indonesia","^JKSE"
2018-11-21,5942.19921875,5978.59521484375,5908.0029296875,5948.0517578125,62393500,5948.0517578125,"Indonesia","^JKSE"
2018-11-22,5936.6611328125,5997.63720703125,5936.6611328125,5990.81005859375,76590600,5990.81005859375,"Indonesia","^JKSE"
2018-11-23,5998.02783203125,6017.4580078125,5971.98876953125,6006.2021484375,62607300,6006.2021484375,"Indonesia","^JKSE"
2018-11-26,5997.73291015625,6025.9912109375,5990.98486328125,6022.77783203125,67223700,6022.77783203125,"Indonesia","^JKSE"
2018-11-27,6002.39111328125,6034.18408203125,5992.8837890625,6013.5888671875,69182000,6013.5888671875,"Indonesia","^JKSE"
2018-11-28,6027.58203125,6030.89599609375,5990.34521484375,5991.24609375,72385300,5991.24609375,"Indonesia","^JKSE"
2018-11-29,6030.73876953125,6107.16796875,6029.6611328125,6107.16796875,71888500,6107.16796875,"Indonesia","^JKSE"
2018-11-30,6104.63720703125,6117.19482421875,6056.1240234375,6056.1240234375,104904600,6056.1240234375,"Indonesia","^JKSE"
2018-12-03,6118.06396484375,6157.30078125,6101.7431640625,6118.31982421875,84784300,6118.31982421875,"Indonesia","^JKSE"
2018-12-04,6118.6337890625,6152.85986328125,6118.46923828125,6152.85986328125,65189800,6152.85986328125,"Indonesia","^JKSE"
2018-12-05,6097.64404296875,6133.1201171875,6064.83203125,6133.1201171875,67897200,6133.1201171875,"Indonesia","^JKSE"
2018-12-06,6095.0068359375,6131.6318359375,6086.1318359375,6115.4931640625,65929300,6115.4931640625,"Indonesia","^JKSE"
2018-12-07,6108.9501953125,6141.47021484375,6103.1767578125,6126.35595703125,66079200,6126.35595703125,"Indonesia","^JKSE"
2018-12-10,6103.09716796875,6121.78076171875,6078.6318359375,6111.35986328125,56866400,6111.35986328125,"Indonesia","^JKSE"
2018-12-11,6095.34912109375,6106.98486328125,6069.1611328125,6076.5869140625,71781900,6076.5869140625,"Indonesia","^JKSE"
2018-12-12,6097.73095703125,6118.22607421875,6084.3388671875,6115.5771484375,79263500,6115.5771484375,"Indonesia","^JKSE"
2018-12-13,6140.8759765625,6186.046875,6139.33203125,6177.72021484375,82093700,6177.72021484375,"Indonesia","^JKSE"
2018-12-14,6178.56689453125,6185.47998046875,6160.35205078125,6169.8427734375,61924800,6169.8427734375,"Indonesia","^JKSE"
2018-12-17,6163.6279296875,6174.22021484375,6089.30517578125,6089.30517578125,61873200,6089.30517578125,"Indonesia","^JKSE"
2018-12-18,6056.23291015625,6081.8671875,6014.794921875,6081.8671875,60526100,6081.8671875,"Indonesia","^JKSE"
2018-12-19,6076.294921875,6176.09423828125,6076.22119140625,6176.09423828125,82872200,6176.09423828125,"Indonesia","^JKSE"
2018-12-20,6144.93603515625,6160.4130859375,6112.05517578125,6147.8759765625,64812900,6147.8759765625,"Indonesia","^JKSE"
2018-12-21,6117.8359375,6165.2841796875,6110.60986328125,6163.59619140625,59446800,6163.59619140625,"Indonesia","^JKSE"
2018-12-24,NA,NA,NA,NA,NA,NA,"Indonesia","^JKSE"
2018-12-25,NA,NA,NA,NA,NA,NA,"Indonesia","^JKSE"
2018-12-26,6126.65283203125,6144.60498046875,6094.412109375,6127.85009765625,53220400,6127.85009765625,"Indonesia","^JKSE"
2018-12-27,6173.51806640625,6191.703125,6157.65283203125,6190.64306640625,65545500,6190.64306640625,"Indonesia","^JKSE"
2018-12-28,6200.296875,6212.125,6176.630859375,6194.498046875,69954900,6194.498046875,"Indonesia","^JKSE"
2018-12-31,NA,NA,NA,NA,NA,NA,"Indonesia","^JKSE"
2019-01-01,NA,NA,NA,NA,NA,NA,"Indonesia","^JKSE"
2019-01-02,6197.87109375,6205.89501953125,6164.833984375,6181.1748046875,52797800,6181.1748046875,"Indonesia","^JKSE"
2019-01-03,6176.15185546875,6221.009765625,6176.15185546875,6221.009765625,72166700,6221.009765625,"Indonesia","^JKSE"
2019-01-04,6211.09619140625,6274.5400390625,6200.85400390625,6274.5400390625,80858100,6274.5400390625,"Indonesia","^JKSE"
2019-01-07,6317.6259765625,6354.7578125,6287.22412109375,6287.22412109375,90278300,6287.22412109375,"Indonesia","^JKSE"
2019-01-08,6292.26318359375,6316.240234375,6251.3759765625,6262.84716796875,90537400,6262.84716796875,"Indonesia","^JKSE"
2019-01-09,6296.115234375,6311.5791015625,6265.326171875,6272.23779296875,105604200,6272.23779296875,"Indonesia","^JKSE"
2019-01-10,6293.9580078125,6328.7138671875,6268.5078125,6328.7138671875,122462300,6328.7138671875,"Indonesia","^JKSE"
2019-01-11,6347.97314453125,6361.46484375,6337.5478515625,6361.46484375,78112000,6361.46484375,"Indonesia","^JKSE"
2019-01-14,6351.3291015625,6359.875,6302.39599609375,6336.1162109375,79731000,6336.1162109375,"Indonesia","^JKSE"
2019-01-15,6347.10107421875,6408.7841796875,6333.64404296875,6408.7841796875,95139900,6408.7841796875,"Indonesia","^JKSE"
2019-01-16,6417.130859375,6425.94091796875,6385.58984375,6413.35986328125,104252800,6413.35986328125,"Indonesia","^JKSE"
2019-01-17,6421.4072265625,6457.73486328125,6410.9501953125,6423.77978515625,99214400,6423.77978515625,"Indonesia","^JKSE"
2019-01-18,6444.212890625,6452.55810546875,6409.09521484375,6448.15576171875,77604300,6448.15576171875,"Indonesia","^JKSE"
2019-01-21,6448.5361328125,6472.14990234375,6438.90087890625,6450.833984375,101769000,6450.833984375,"Indonesia","^JKSE"
2019-01-22,6452.60400390625,6468.56201171875,6416.5927734375,6468.56201171875,100776200,6468.56201171875,"Indonesia","^JKSE"
2019-01-23,6452.90576171875,6484.19580078125,6449.919921875,6451.169921875,109468500,6451.169921875,"Indonesia","^JKSE"
2019-01-24,6451.2568359375,6478.8837890625,6446.58203125,6466.65478515625,120391000,6466.65478515625,"Indonesia","^JKSE"
2019-01-25,6474.1591796875,6498.333984375,6470.123046875,6482.8427734375,92035400,6482.8427734375,"Indonesia","^JKSE"
2019-01-28,6488.90185546875,6501.0859375,6433.81982421875,6458.7119140625,95548600,6458.7119140625,"Indonesia","^JKSE"
2019-01-29,6454.47314453125,6485.2470703125,6428.47021484375,6436.47998046875,73064200,6436.47998046875,"Indonesia","^JKSE"
2019-01-30,6445.4091796875,6464.9267578125,6435.41796875,6464.18896484375,78683300,6464.18896484375,"Indonesia","^JKSE"
2019-01-31,6491.38916015625,6544.47900390625,6491.38916015625,6532.96923828125,104349100,6532.96923828125,"Indonesia","^JKSE"
2019-02-01,6552.05712890625,6581.73193359375,6516.43603515625,6538.63818359375,88866200,6538.63818359375,"Indonesia","^JKSE"
2019-02-04,6540.77392578125,6555.98681640625,6479.0498046875,6481.451171875,89042000,6481.451171875,"Indonesia","^JKSE"
2019-02-05,NA,NA,NA,NA,NA,NA,"Indonesia","^JKSE"
2019-02-06,6503.578125,6552.216796875,6503.578125,6547.876953125,106799500,6547.876953125,"Indonesia","^JKSE"
2019-02-07,6556.115234375,6563.98193359375,6517.22509765625,6536.45703125,115112600,6536.45703125,"Indonesia","^JKSE"
2019-02-08,6513.7431640625,6526.8662109375,6498.96484375,6521.6630859375,96579400,6521.6630859375,"Indonesia","^JKSE"
2019-02-11,6523.7021484375,6535.17822265625,6494.125,6495.001953125,94974200,6495.001953125,"Indonesia","^JKSE"
2019-02-12,6503.05078125,6513.10205078125,6392.23681640625,6426.3251953125,118209700,6426.3251953125,"Indonesia","^JKSE"
2019-02-13,6445.17919921875,6456.57080078125,6398.89208984375,6419.1162109375,122590200,6419.1162109375,"Indonesia","^JKSE"
2019-02-14,6429.1318359375,6446.3359375,6402.43017578125,6420.01806640625,117183600,6420.01806640625,"Indonesia","^JKSE"
2019-02-15,6425.81396484375,6433.68505859375,6374.89892578125,6389.0849609375,98204900,6389.0849609375,"Indonesia","^JKSE"
2019-02-18,6428.27587890625,6501.02783203125,6425.9169921875,6497.81494140625,97765700,6497.81494140625,"Indonesia","^JKSE"
2019-02-19,6500.701171875,6534.0078125,6493.30908203125,6494.6669921875,98372900,6494.6669921875,"Indonesia","^JKSE"
2019-02-20,6521.80810546875,6552.15185546875,6483.07080078125,6512.7841796875,110588600,6512.7841796875,"Indonesia","^JKSE"
2019-02-21,6510.5732421875,6539.06787109375,6498.990234375,6537.76611328125,102022900,6537.76611328125,"Indonesia","^JKSE"
2019-02-22,6518.18798828125,6530.22021484375,6481.47509765625,6501.3779296875,101594400,6501.3779296875,"Indonesia","^JKSE"
2019-02-25,6522.31005859375,6538.4912109375,6507.9248046875,6525.35791015625,95685700,6525.35791015625,"Indonesia","^JKSE"
2019-02-26,6527.72119140625,6540.9501953125,6497.7578125,6540.9501953125,111994800,6540.9501953125,"Indonesia","^JKSE"
2019-02-27,6532.0390625,6539.28515625,6499.81494140625,6525.68310546875,89352100,6525.68310546875,"Indonesia","^JKSE"
2019-02-28,6526.93310546875,6526.93310546875,6433.244140625,6443.34814453125,100223700,6443.34814453125,"Indonesia","^JKSE"
2019-03-01,6468.6201171875,6505.09619140625,6466.1572265625,6499.8837890625,78269700,6499.8837890625,"Indonesia","^JKSE"
2019-03-04,6508.26416015625,6537.23095703125,6487.85302734375,6488.419921875,89179000,6488.419921875,"Indonesia","^JKSE"
2019-03-05,6485.580078125,6485.64404296875,6409.337890625,6441.27978515625,82023100,6441.27978515625,"Indonesia","^JKSE"
2019-03-06,6460.80712890625,6473.01220703125,6424.2578125,6457.9560546875,91098200,6457.9560546875,"Indonesia","^JKSE"
2019-03-07,NA,NA,NA,NA,NA,NA,"Indonesia","^JKSE"
2019-03-08,6439.8408203125,6442.2041015625,6381.73095703125,6383.06787109375,92588600,6383.06787109375,"Indonesia","^JKSE"
2019-03-11,6418.8828125,6420.7822265625,6366.0390625,6366.43408203125,97316700,6366.43408203125,"Indonesia","^JKSE"
2019-03-12,6395.880859375,6404.43017578125,6339.9677734375,6353.77392578125,84514000,6353.77392578125,"Indonesia","^JKSE"
2019-03-13,6343.12109375,6377.5751953125,6337.8740234375,6377.5751953125,100029400,6377.5751953125,"Indonesia","^JKSE"
2019-03-14,6374.9169921875,6413.26611328125,6372.96484375,6413.26611328125,96692700,6413.26611328125,"Indonesia","^JKSE"
2019-03-15,6420.18212890625,6489.19482421875,6419.64404296875,6461.18310546875,122938800,6461.18310546875,"Indonesia","^JKSE"
2019-03-18,6481.5927734375,6509.44677734375,6477.2880859375,6509.44677734375,105004500,6509.44677734375,"Indonesia","^JKSE"
2019-03-19,6515.56103515625,6522.205078125,6473.2861328125,6480.27587890625,113972800,6480.27587890625,"Indonesia","^JKSE"
2019-03-20,6486.8828125,6498.42578125,6463.94384765625,6482.7099609375,106335600,6482.7099609375,"Indonesia","^JKSE"
2019-03-21,6499.27197265625,6515.97119140625,6484.31298828125,6501.77587890625,120956200,6501.77587890625,"Indonesia","^JKSE"
2019-03-22,6510.85205078125,6525.27392578125,6491.90478515625,6525.27392578125,129537900,6525.27392578125,"Indonesia","^JKSE"
2019-03-25,6473.85595703125,6474.64794921875,6391.51904296875,6411.2509765625,105721300,6411.2509765625,"Indonesia","^JKSE"
2019-03-26,6440.916015625,6478.0478515625,6439.58203125,6469.9990234375,85932800,6469.9990234375,"Indonesia","^JKSE"
2019-03-27,6480.55712890625,6485.42578125,6443.97412109375,6444.73779296875,90444600,6444.73779296875,"Indonesia","^JKSE"
2019-03-28,6460.48681640625,6480.7880859375,6445.35888671875,6480.7880859375,92075400,6480.7880859375,"Indonesia","^JKSE"
2019-03-29,6480.98291015625,6485.958984375,6440.9169921875,6468.7548828125,102927100,6468.7548828125,"Indonesia","^JKSE"
2019-04-01,6485.72119140625,6492.9111328125,6444.84423828125,6452.61083984375,93229400,6452.61083984375,"Indonesia","^JKSE"
2019-04-02,6476.623046875,6490.0732421875,6454.98388671875,6476.06591796875,97657900,6476.06591796875,"Indonesia","^JKSE"
2019-04-03,NA,NA,NA,NA,NA,NA,"Indonesia","^JKSE"
2019-04-04,6489.78515625,6505.798828125,6480.0751953125,6494.6298828125,115935300,6494.6298828125,"Indonesia","^JKSE"
2019-04-05,6501.09912109375,6506.80078125,6473.955078125,6474.01806640625,104044400,6474.01806640625,"Indonesia","^JKSE"
2019-04-08,6480.18408203125,6484.14794921875,6390.7099609375,6425.73388671875,104784600,6425.73388671875,"Indonesia","^JKSE"
2019-04-09,6434.6181640625,6484.39013671875,6429.53515625,6484.34814453125,103220100,6484.34814453125,"Indonesia","^JKSE"
2019-04-10,6476.77978515625,6487.755859375,6456.666015625,6478.326171875,85785100,6478.326171875,"Indonesia","^JKSE"
2019-04-11,6468.255859375,6472.72998046875,6410.166015625,6410.166015625,98465700,6410.166015625,"Indonesia","^JKSE"
2019-04-12,6395.0732421875,6422.27197265625,6394.9140625,6405.8662109375,115690900,6405.8662109375,"Indonesia","^JKSE"
2019-04-15,6426.90478515625,6442.0341796875,6415.115234375,6435.15087890625,89372600,6435.15087890625,"Indonesia","^JKSE"
2019-04-16,6440.72119140625,6485.12109375,6438.39697265625,6481.541015625,113905400,6481.541015625,"Indonesia","^JKSE"
2019-04-17,NA,NA,NA,NA,NA,NA,"Indonesia","^JKSE"
2019-04-18,6568.84521484375,6636.33203125,6487.22705078125,6507.22119140625,112896400,6507.22119140625,"Indonesia","^JKSE"
2019-04-19,NA,NA,NA,NA,NA,NA,"Indonesia","^JKSE"
2019-04-22,6511.0859375,6516.2421875,6410.0390625,6414.7431640625,94956300,6414.7431640625,"Indonesia","^JKSE"
2019-04-23,6420.1630859375,6482.81884765625,6415.455078125,6462.82177734375,105904400,6462.82177734375,"Indonesia","^JKSE"
2019-04-24,6460.26513671875,6472.52783203125,6433.97216796875,6447.884765625,95981100,6447.884765625,"Indonesia","^JKSE"
2019-04-25,6423.837890625,6431.591796875,6353.283203125,6372.787109375,95830800,6372.787109375,"Indonesia","^JKSE"
2019-04-26,6349.923828125,6401.080078125,6321.66015625,6401.080078125,84764000,6401.080078125,"Indonesia","^JKSE"
2019-04-29,6388.3818359375,6428.34423828125,6376.705078125,6425.89501953125,87784100,6425.89501953125,"Indonesia","^JKSE"
2019-04-30,6437.97509765625,6457.82177734375,6428.251953125,6455.35205078125,94646800,6455.35205078125,"Indonesia","^JKSE"
2019-05-01,NA,NA,NA,NA,NA,NA,"Indonesia","^JKSE"
2019-05-02,6458.12109375,6465.77294921875,6363.0400390625,6374.421875,105193000,6374.421875,"Indonesia","^JKSE"
2019-05-03,6366.75,6367.6201171875,6261.25,6319.458984375,93047100,6319.458984375,"Indonesia","^JKSE"
2019-05-06,6254.81103515625,6263.0869140625,6207.623046875,6256.35205078125,76667800,6256.35205078125,"Indonesia","^JKSE"
2019-05-07,6271.9619140625,6310.93994140625,6268.31982421875,6297.31787109375,99893700,6297.31787109375,"Indonesia","^JKSE"
2019-05-08,6260.69677734375,6270.8837890625,6231.36279296875,6270.2021484375,92019200,6270.2021484375,"Indonesia","^JKSE"
2019-05-09,6242.18017578125,6259.626953125,6195.38623046875,6198.80419921875,92161300,6198.80419921875,"Indonesia","^JKSE"
2019-05-10,6203.10302734375,6232.6640625,6149.22021484375,6209.1181640625,83315100,6209.1181640625,"Indonesia","^JKSE"
2019-05-13,6225.39501953125,6238.26220703125,6135.39599609375,6135.39599609375,73081800,6135.39599609375,"Indonesia","^JKSE"
2019-05-14,6081.40185546875,6101.08984375,6033.6181640625,6071.2021484375,102612300,6071.2021484375,"Indonesia","^JKSE"
2019-05-15,6091.64306640625,6107.43994140625,5980.884765625,5980.884765625,90189500,5980.884765625,"Indonesia","^JKSE"
2019-05-16,5969.85595703125,6009.6279296875,5889.55517578125,5895.73779296875,90700800,5895.73779296875,"Indonesia","^JKSE"
2019-05-17,5930.26904296875,5936.97021484375,5826.8681640625,5826.8681640625,88536300,5826.8681640625,"Indonesia","^JKSE"
2019-05-20,5822.47412109375,5930.15478515625,5767.40087890625,5907.12109375,88516800,5907.12109375,"Indonesia","^JKSE"
2019-05-21,5925.416015625,5996.5400390625,5925.416015625,5951.3720703125,88868800,5951.3720703125,"Indonesia","^JKSE"
2019-05-22,5948.3828125,5966.7978515625,5918.89990234375,5939.63623046875,73752300,5939.63623046875,"Indonesia","^JKSE"
2019-05-23,5944.0322265625,6044.57177734375,5942.171875,6032.69580078125,80007700,6032.69580078125,"Indonesia","^JKSE"
2019-05-24,6042.5751953125,6080.19189453125,6037.080078125,6057.35302734375,94909100,6057.35302734375,"Indonesia","^JKSE"
2019-05-27,6056.4140625,6114.53076171875,6054.76806640625,6098.97412109375,79120000,6098.97412109375,"Indonesia","^JKSE"
2019-05-28,6101.8427734375,6118.90576171875,6033.14208984375,6033.14208984375,107550600,6033.14208984375,"Indonesia","^JKSE"
2019-05-29,6059.53076171875,6112.43115234375,6054.57080078125,6104.10595703125,79068400,6104.10595703125,"Indonesia","^JKSE"
2019-05-30,NA,NA,NA,NA,NA,NA,"Indonesia","^JKSE"
2019-05-31,6110.52001953125,6209.1171875,6110.47802734375,6209.1171875,94994300,6209.1171875,"Indonesia","^JKSE"
2019-06-03,NA,NA,NA,NA,NA,NA,"Indonesia","^JKSE"
2019-06-04,NA,NA,NA,NA,NA,NA,"Indonesia","^JKSE"
2019-06-05,NA,NA,NA,NA,NA,NA,"Indonesia","^JKSE"
2019-06-06,NA,NA,NA,NA,NA,NA,"Indonesia","^JKSE"
2019-06-07,NA,NA,NA,NA,NA,NA,"Indonesia","^JKSE"
2019-06-10,6277.29296875,6334.64501953125,6276.27978515625,6289.60986328125,94734500,6289.60986328125,"Indonesia","^JKSE"
2019-06-11,6286.7998046875,6310,6255.26416015625,6305.9921875,86434200,6305.9921875,"Indonesia","^JKSE"
2019-06-12,6270.35205078125,6296.81787109375,6257.43896484375,6276.1767578125,90308800,6276.1767578125,"Indonesia","^JKSE"
2019-06-13,6282.60791015625,6284.4580078125,6250.1171875,6273.08203125,95630400,6273.08203125,"Indonesia","^JKSE"
2019-06-14,6278.02587890625,6294.64892578125,6234.98583984375,6250.26513671875,86134100,6250.26513671875,"Indonesia","^JKSE"
2019-06-17,6259.53515625,6263.4990234375,6190.52490234375,6190.52490234375,94608600,6190.52490234375,"Indonesia","^JKSE"
2019-06-18,6195.1337890625,6257.330078125,6195.1337890625,6257.330078125,94426600,6257.330078125,"Indonesia","^JKSE"
2019-06-19,6289.4521484375,6339.26220703125,6289.4521484375,6339.26220703125,104524400,6339.26220703125,"Indonesia","^JKSE"
2019-06-20,6346.01318359375,6357.4599609375,6311.251953125,6335.6982421875,93519900,6335.6982421875,"Indonesia","^JKSE"
2019-06-21,6343.48193359375,6352.52880859375,6269.69091796875,6315.43603515625,111701800,6315.43603515625,"Indonesia","^JKSE"
2019-06-24,6307.9267578125,6320.53515625,6280.22216796875,6288.46484375,113990600,6288.46484375,"Indonesia","^JKSE"
2019-06-25,6312.10107421875,6327.98193359375,6308.0029296875,6320.44482421875,104114600,6320.44482421875,"Indonesia","^JKSE"
2019-06-26,6323.81103515625,6334.17919921875,6303.34912109375,6310.48876953125,117335500,6310.48876953125,"Indonesia","^JKSE"
2019-06-27,6324.69287109375,6357.92822265625,6320.08984375,6352.7099609375,99586800,6352.7099609375,"Indonesia","^JKSE"
2019-06-28,6367.01806640625,6377.35009765625,6351.505859375,6358.62890625,106200900,6358.62890625,"Indonesia","^JKSE"
2019-07-01,6381.18115234375,6395.6259765625,6369.19287109375,6379.68798828125,128295500,6379.68798828125,"Indonesia","^JKSE"
2019-07-02,6388.22216796875,6394.4541015625,6365.3720703125,6384.89794921875,128839600,6384.89794921875,"Indonesia","^JKSE"
2019-07-03,6362.9580078125,6385.373046875,6334.748046875,6362.6220703125,115118100,6362.6220703125,"Indonesia","^JKSE"
2019-07-04,6364.06787109375,6385.12890625,6359.4150390625,6375.966796875,138923400,6375.966796875,"Indonesia","^JKSE"
2019-07-05,6373.31787109375,6386.64404296875,6362.9248046875,6373.47705078125,132400300,6373.47705078125,"Indonesia","^JKSE"
2019-07-08,6360.2138671875,6367.36181640625,6324.72119140625,6351.8271484375,106782100,6351.8271484375,"Indonesia","^JKSE"
2019-07-09,6351.48486328125,6388.3232421875,6351.4228515625,6388.3232421875,120669200,6388.3232421875,"Indonesia","^JKSE"
2019-07-10,6393.18994140625,6412.82421875,6393.18994140625,6410.68310546875,116571800,6410.68310546875,"Indonesia","^JKSE"
2019-07-11,6424.62890625,6434.908203125,6397.22216796875,6417.06591796875,123096800,6417.06591796875,"Indonesia","^JKSE"
2019-07-12,6414.1982421875,6425.31787109375,6369.49609375,6373.34521484375,132748400,6373.34521484375,"Indonesia","^JKSE"
2019-07-15,6408.30810546875,6439.19287109375,6405.4501953125,6418.23388671875,138330000,6418.23388671875,"Indonesia","^JKSE"
2019-07-16,6414.72900390625,6428.26806640625,6389.39794921875,6401.8798828125,120399800,6401.8798828125,"Indonesia","^JKSE"
2019-07-17,6395.4638671875,6403.5009765625,6377.5029296875,6394.60888671875,142137300,6394.60888671875,"Indonesia","^JKSE"
2019-07-18,6385.05810546875,6407.2568359375,6375.6171875,6403.2939453125,150696400,6403.2939453125,"Indonesia","^JKSE"
2019-07-19,6417.44287109375,6456.5390625,6417.44287109375,6456.5390625,129678900,6456.5390625,"Indonesia","^JKSE"
2019-07-22,6461.4111328125,6468.2470703125,6420.34912109375,6433.546875,125797900,6433.546875,"Indonesia","^JKSE"
2019-07-23,6443.7109375,6454.0888671875,6396.6748046875,6403.81005859375,129238000,6403.81005859375,"Indonesia","^JKSE"
2019-07-24,6413.31982421875,6419.22119140625,6380.01123046875,6384.98681640625,149335200,6384.98681640625,"Indonesia","^JKSE"
2019-07-25,6392.38818359375,6412.71484375,6386.291015625,6401.365234375,124582800,6401.365234375,"Indonesia","^JKSE"
2019-07-26,6379.2041015625,6385.587890625,6314.41015625,6325.23681640625,122282900,6325.23681640625,"Indonesia","^JKSE"
2019-07-29,6336.84521484375,6349.3671875,6283.60205078125,6299.03515625,126988300,6299.03515625,"Indonesia","^JKSE"
2019-07-30,6317.5732421875,6376.99609375,6317.0361328125,6376.99609375,127506100,6376.99609375,"Indonesia","^JKSE"
2019-07-31,6362.10888671875,6390.5048828125,6348.9970703125,6390.5048828125,114214500,6390.5048828125,"Indonesia","^JKSE"
2019-08-01,6385.26416015625,6404.5810546875,6372.705078125,6381.5419921875,107634100,6381.5419921875,"Indonesia","^JKSE"
2019-08-02,6341.123046875,6353.11083984375,6317.27099609375,6340.18017578125,93321300,6340.18017578125,"Indonesia","^JKSE"
2019-08-05,6311.1640625,6315.06298828125,6175.703125,6175.703125,122385300,6175.703125,"Indonesia","^JKSE"
2019-08-06,6105.0908203125,6157.76220703125,6022.59912109375,6119.47119140625,113648900,6119.47119140625,"Indonesia","^JKSE"
2019-08-07,6155.828125,6221.6611328125,6153.64404296875,6204.19482421875,115751900,6204.19482421875,"Indonesia","^JKSE"
2019-08-08,6224.89794921875,6281.10009765625,6224.89794921875,6274.6708984375,108941500,6274.6708984375,"Indonesia","^JKSE"
2019-08-09,6300.0927734375,6319.43994140625,6280.66796875,6282.1318359375,102271800,6282.1318359375,"Indonesia","^JKSE"
2019-08-12,6300.6728515625,6309.10205078125,6245.27685546875,6250.59521484375,98246100,6250.59521484375,"Indonesia","^JKSE"
2019-08-13,6251.30810546875,6251.30810546875,6198.06591796875,6210.9619140625,106057400,6210.9619140625,"Indonesia","^JKSE"
2019-08-14,6255.509765625,6274.5751953125,6240.2041015625,6267.3349609375,116897700,6267.3349609375,"Indonesia","^JKSE"
2019-08-15,6192.4560546875,6257.5859375,6161.6650390625,6257.5859375,118749900,6257.5859375,"Indonesia","^JKSE"
2019-08-16,6264.3798828125,6292.375,6235.701171875,6286.6572265625,122425200,6286.6572265625,"Indonesia","^JKSE"
2019-08-19,6310.6328125,6329.73876953125,6284.77587890625,6296.71484375,107478400,6296.71484375,"Indonesia","^JKSE"
2019-08-20,6311.9072265625,6317.69091796875,6279.56494140625,6295.73779296875,115615800,6295.73779296875,"Indonesia","^JKSE"
2019-08-21,6290.81103515625,6308.35205078125,6247.990234375,6252.966796875,97455300,6252.966796875,"Indonesia","^JKSE"
2019-08-22,6257.55615234375,6265.95703125,6210.537109375,6239.2451171875,102340600,6239.2451171875,"Indonesia","^JKSE"
2019-08-23,6228.1298828125,6255.59716796875,6204.18798828125,6255.59716796875,104137900,6255.59716796875,"Indonesia","^JKSE"
2019-08-26,6193.23095703125,6230.31494140625,6149.02001953125,6214.509765625,120581400,6214.509765625,"Indonesia","^JKSE"
2019-08-27,6244.5732421875,6289.884765625,6223.744140625,6278.1708984375,117748900,6278.1708984375,"Indonesia","^JKSE"
2019-08-28,6289.65087890625,6306.3291015625,6267.19482421875,6281.64599609375,107048900,6281.64599609375,"Indonesia","^JKSE"
2019-08-29,6288.18603515625,6306.89599609375,6276.4208984375,6289.119140625,111978400,6289.119140625,"Indonesia","^JKSE"
2019-08-30,6316.119140625,6329.8837890625,6305.037109375,6328.47021484375,132856400,6328.47021484375,"Indonesia","^JKSE"
2019-09-02,6331.14794921875,6338.11279296875,6281.60498046875,6290.5458984375,126521700,6290.5458984375,"Indonesia","^JKSE"
2019-09-03,6293.36181640625,6310.630859375,6248.796875,6261.58984375,122848800,6261.58984375,"Indonesia","^JKSE"
2019-09-04,6266.76416015625,6273.60400390625,6239.0009765625,6269.6640625,111903900,6269.6640625,"Indonesia","^JKSE"
2019-09-05,6294.283203125,6307.34814453125,6281.9541015625,6306.80322265625,110321300,6306.80322265625,"Indonesia","^JKSE"
2019-09-06,6329.412109375,6336.912109375,6305.01708984375,6308.9501953125,114218400,6308.9501953125,"Indonesia","^JKSE"
2019-09-09,6328.2822265625,6333.89697265625,6306.73583984375,6326.212890625,109132800,6326.212890625,"Indonesia","^JKSE"
2019-09-10,6331.72607421875,6342.005859375,6311.3408203125,6336.6728515625,113186400,6336.6728515625,"Indonesia","^JKSE"
2019-09-11,6334.591796875,6381.9541015625,6328.68798828125,6381.9541015625,136654000,6381.9541015625,"Indonesia","^JKSE"
2019-09-12,6398.9951171875,6414.48388671875,6337.52392578125,6342.173828125,111986600,6342.173828125,"Indonesia","^JKSE"
2019-09-13,6369.4228515625,6375.80419921875,6318.919921875,6334.8427734375,106712000,6334.8427734375,"Indonesia","^JKSE"
2019-09-16,6262.2880859375,6266.14013671875,6193.51318359375,6219.43505859375,102809600,6219.43505859375,"Indonesia","^JKSE"
2019-09-17,6215.23681640625,6240.34814453125,6205.3017578125,6236.68994140625,112446500,6236.68994140625,"Indonesia","^JKSE"
2019-09-18,6238.705078125,6276.6328125,6236.47607421875,6276.6328125,108718500,6276.6328125,"Indonesia","^JKSE"
2019-09-19,6274.17822265625,6282.06298828125,6242.89306640625,6244.47021484375,106914500,6244.47021484375,"Indonesia","^JKSE"
2019-09-20,6248.97412109375,6256.82177734375,6213.2431640625,6231.47314453125,134219300,6231.47314453125,"Indonesia","^JKSE"
2019-09-23,6240.14404296875,6247.5771484375,6197.38818359375,6206.19921875,118747800,6206.19921875,"Indonesia","^JKSE"
2019-09-24,6188.76904296875,6194.58984375,6115.9501953125,6137.60791015625,90097100,6137.60791015625,"Indonesia","^JKSE"
2019-09-25,6121.490234375,6146.40380859375,6086.001953125,6146.40380859375,91732400,6146.40380859375,"Indonesia","^JKSE"
2019-09-26,6168.66796875,6230.333984375,6165.92578125,6230.333984375,105163800,6230.333984375,"Indonesia","^JKSE"
2019-09-27,6213.93212890625,6219.77001953125,6191.6640625,6196.88916015625,112420600,6196.88916015625,"Indonesia","^JKSE"
2019-09-30,6190.3720703125,6195.72802734375,6152.49609375,6169.10205078125,93299700,6169.10205078125,"Indonesia","^JKSE"
2019-10-01,6163.97900390625,6176.60595703125,6134.77001953125,6138.25,99171900,6138.25,"Indonesia","^JKSE"
2019-10-02,6124.44287109375,6153.99609375,6051.68798828125,6055.4248046875,116223100,6055.4248046875,"Indonesia","^JKSE"
2019-10-03,6033.02685546875,6050.60400390625,5997.69189453125,6038.52880859375,121133700,6038.52880859375,"Indonesia","^JKSE"
2019-10-04,6052.7470703125,6076.56005859375,6046.1298828125,6061.251953125,111920200,6061.251953125,"Indonesia","^JKSE"
2019-10-07,6077.740234375,6084.1650390625,5988.8720703125,6000.58203125,127549800,6000.58203125,"Indonesia","^JKSE"
2019-10-08,6021.69287109375,6046.4580078125,6009.3818359375,6039.60107421875,124640500,6039.60107421875,"Indonesia","^JKSE"
2019-10-09,6030.458984375,6047.79296875,6017.35986328125,6029.16015625,111759600,6029.16015625,"Indonesia","^JKSE"
2019-10-10,6023.97607421875,6044.11376953125,6018.44580078125,6023.64111328125,89240100,6023.64111328125,"Indonesia","^JKSE"
2019-10-11,6033.32177734375,6109.1181640625,6033.32177734375,6105.7998046875,105411100,6105.7998046875,"Indonesia","^JKSE"
2019-10-14,6129.23388671875,6153.578125,6099.23876953125,6126.876953125,118521000,6126.876953125,"Indonesia","^JKSE"
2019-10-15,6130.2998046875,6158.166015625,6118.26220703125,6158.166015625,118739300,6158.166015625,"Indonesia","^JKSE"
2019-10-16,6170.56201171875,6183.583984375,6143.84619140625,6169.591796875,114463100,6169.591796875,"Indonesia","^JKSE"
2019-10-17,6169.90380859375,6197.93505859375,6161.39208984375,6181.01416015625,119164000,6181.01416015625,"Indonesia","^JKSE"
2019-10-18,6185.21484375,6201.1748046875,6178.498046875,6191.94677734375,125611600,6191.94677734375,"Indonesia","^JKSE"
2019-10-21,6207.88916015625,6228.22705078125,6187.36083984375,6198.98681640625,146413800,6198.98681640625,"Indonesia","^JKSE"
2019-10-22,6207.4921875,6229.39892578125,6178.55517578125,6225.4970703125,114083500,6225.4970703125,"Indonesia","^JKSE"
2019-10-23,6224.41796875,6257.80615234375,6197.9541015625,6257.80615234375,135886700,6257.80615234375,"Indonesia","^JKSE"
2019-10-24,6271.51416015625,6339.64697265625,6270.18603515625,6339.64697265625,130619300,6339.64697265625,"Indonesia","^JKSE"
2019-10-25,6342.60888671875,6348.31494140625,6243.24609375,6252.34521484375,151346100,6252.34521484375,"Indonesia","^JKSE"
2019-10-28,6256.7900390625,6278.1630859375,6243.34912109375,6265.3837890625,145042900,6265.3837890625,"Indonesia","^JKSE"
2019-10-29,6267.68017578125,6281.13818359375,6245.93798828125,6281.13818359375,148492100,6281.13818359375,"Indonesia","^JKSE"
2019-10-30,6302.087890625,6304.0498046875,6264.93896484375,6295.7470703125,139603200,6295.7470703125,"Indonesia","^JKSE"
2019-10-31,6290.56689453125,6301.5927734375,6216.2900390625,6228.31689453125,163955700,6228.31689453125,"Indonesia","^JKSE"
2019-11-01,6225.81494140625,6228.4111328125,6193.88720703125,6207.19091796875,142104600,6207.19091796875,"Indonesia","^JKSE"
2019-11-04,6219.126953125,6242.083984375,6180.34423828125,6180.34423828125,103975100,6180.34423828125,"Indonesia","^JKSE"
2019-11-05,6204.43896484375,6264.15185546875,6195.30419921875,6264.15185546875,95988100,6264.15185546875,"Indonesia","^JKSE"
2019-11-06,6273.91796875,6274.2919921875,6198.49609375,6217.544921875,70278100,6217.544921875,"Indonesia","^JKSE"
2019-11-07,6234.60400390625,6235.63818359375,6119.4208984375,6165.6240234375,67284200,6165.6240234375,"Indonesia","^JKSE"
2019-11-08,6165.76611328125,6180.19921875,6139.8232421875,6177.98583984375,60698400,6177.98583984375,"Indonesia","^JKSE"
2019-11-11,6171.43701171875,6182.81591796875,6127.876953125,6148.740234375,47286600,6148.740234375,"Indonesia","^JKSE"
2019-11-12,6135.4931640625,6180.9921875,6133.5341796875,6180.9921875,57719100,6180.9921875,"Indonesia","^JKSE"
2019-11-13,6177.66015625,6183.8271484375,6132.2529296875,6142.5009765625,51900400,6142.5009765625,"Indonesia","^JKSE"
2019-11-14,6137.53515625,6146.39794921875,6062.97998046875,6098.9501953125,72169800,6098.9501953125,"Indonesia","^JKSE"
2019-11-15,6115.7587890625,6137.35595703125,6092.6162109375,6128.34521484375,46157800,6128.34521484375,"Indonesia","^JKSE"
2019-11-18,6126.4130859375,6134.31494140625,6098.0810546875,6122.625,47079600,6122.625,"Indonesia","^JKSE"
2019-11-19,6136.93701171875,6152.08984375,6113.3330078125,6152.08984375,51414200,6152.08984375,"Indonesia","^JKSE"
2019-11-20,6136.2529296875,6167.4111328125,6123.5849609375,6155.10888671875,51663000,6155.10888671875,"Indonesia","^JKSE"
2019-11-21,6135.76416015625,6137.27099609375,6099.56787109375,6117.36376953125,50800300,6117.36376953125,"Indonesia","^JKSE"
2019-11-22,6115.791015625,6122.48095703125,6086.8271484375,6100.2421875,51362000,6100.2421875,"Indonesia","^JKSE"
2019-11-25,6094.748046875,6105.09716796875,6052.26513671875,6070.76220703125,48496000,6070.76220703125,"Indonesia","^JKSE"
2019-11-26,6091.23779296875,6096.6611328125,6026.18798828125,6026.18798828125,81161800,6026.18798828125,"Indonesia","^JKSE"
2019-11-27,6025.94091796875,6052.4921875,6002.98779296875,6023.0390625,57364300,6023.0390625,"Indonesia","^JKSE"
2019-11-28,6013.27099609375,6036.828125,5945.75,5953.06005859375,51713900,5953.06005859375,"Indonesia","^JKSE"
2019-11-29,5949.8837890625,6015.69921875,5939.40380859375,6011.830078125,51024700,6011.830078125,"Indonesia","^JKSE"
2019-12-02,6023.61181640625,6130.05517578125,6023.009765625,6130.05517578125,52565500,6130.05517578125,"Indonesia","^JKSE"
2019-12-03,6119.90185546875,6148.3662109375,6107.64208984375,6133.89599609375,52634500,6133.89599609375,"Indonesia","^JKSE"
2019-12-04,6121.3330078125,6127.97705078125,6095.30615234375,6112.87890625,50339400,6112.87890625,"Indonesia","^JKSE"
2019-12-05,6132.0390625,6157.93115234375,6131.5888671875,6152.1171875,52261600,6152.1171875,"Indonesia","^JKSE"
2019-12-06,6160.783203125,6186.8681640625,6145.119140625,6186.8681640625,49098600,6186.8681640625,"Indonesia","^JKSE"
2019-12-09,6194.08203125,6210.77880859375,6180.8369140625,6193.791015625,54834500,6193.791015625,"Indonesia","^JKSE"
2019-12-10,6186.7529296875,6205.1337890625,6179.51806640625,6183.5048828125,51058500,6183.5048828125,"Indonesia","^JKSE"
2019-12-11,6190.5771484375,6204.60400390625,6171.9267578125,6180.09912109375,49556800,6180.09912109375,"Indonesia","^JKSE"
2019-12-12,6185.41796875,6201.02392578125,6139.39697265625,6139.39697265625,51845400,6139.39697265625,"Indonesia","^JKSE"
2019-12-13,6181.05517578125,6197.31787109375,6167.64013671875,6197.31787109375,48546800,6197.31787109375,"Indonesia","^JKSE"
2019-12-16,6197.31396484375,6237.916015625,6197.31396484375,6211.591796875,55299700,6211.591796875,"Indonesia","^JKSE"
2019-12-17,6223.44287109375,6244.35205078125,6205.6279296875,6244.35205078125,53264500,6244.35205078125,"Indonesia","^JKSE"
2019-12-18,6287.25,6287.25,6287.25,6287.25,0,6287.25,"Indonesia","^JKSE"
2019-12-19,6274.38818359375,6281.416015625,6235.84423828125,6249.93017578125,47624800,6249.93017578125,"Indonesia","^JKSE"
2019-12-20,6257.16015625,6284.3720703125,6231.4658203125,6284.3720703125,52766200,6284.3720703125,"Indonesia","^JKSE"
2019-12-23,6309.6708984375,6315.72119140625,6270.5390625,6305.91015625,39077900,6305.91015625,"Indonesia","^JKSE"
2019-12-26,6303.05908203125,6326.26806640625,6303.05908203125,6319.44287109375,33608900,6319.44287109375,"Indonesia","^JKSE"
2019-12-27,6321.56884765625,6337.3359375,6312.380859375,6329.31396484375,42100200,6329.31396484375,"Indonesia","^JKSE"
2019-12-30,6329.134765625,6336.919921875,6289.546875,6299.5390625,47557400,6299.5390625,"Indonesia","^JKSE"
2020-01-02,6313.1279296875,6317.01318359375,6263.67578125,6283.5810546875,33043700,6283.5810546875,"Indonesia","^JKSE"
2020-01-03,6306.18701171875,6323.4658203125,6287.7060546875,6323.4658203125,44625300,6323.4658203125,"Indonesia","^JKSE"
2020-01-06,6293.4990234375,6300.43603515625,6252.634765625,6257.40283203125,41421300,6257.40283203125,"Indonesia","^JKSE"
2020-01-07,6272.22021484375,6284.89208984375,6246.12890625,6279.34619140625,39441600,6279.34619140625,"Indonesia","^JKSE"
2020-01-08,6248.44287109375,6250.1220703125,6218.1298828125,6225.68603515625,44622600,6225.68603515625,"Indonesia","^JKSE"
2020-01-09,6248.6611328125,6274.4931640625,6238.98291015625,6274.4931640625,41868400,6274.4931640625,"Indonesia","^JKSE"
2020-01-10,6287.1669921875,6295.3701171875,6271.97998046875,6274.94091796875,52213500,6274.94091796875,"Indonesia","^JKSE"
2020-01-13,6287.912109375,6297.77587890625,6269.48095703125,6296.56689453125,44003800,6296.56689453125,"Indonesia","^JKSE"
2020-01-14,6308.89013671875,6325.40576171875,6298.60791015625,6325.40576171875,44467400,6325.40576171875,"Indonesia","^JKSE"
2020-01-15,6326.166015625,6348.52587890625,6255.498046875,6283.365234375,51089200,6283.365234375,"Indonesia","^JKSE"
2020-01-16,6275.9560546875,6299.541015625,6255.4931640625,6286.0478515625,42118300,6286.0478515625,"Indonesia","^JKSE"
2020-01-17,6293.7822265625,6301.48486328125,6266.93212890625,6291.6572265625,37597900,6291.6572265625,"Indonesia","^JKSE"
2020-01-20,6310.5009765625,6312.98876953125,6240.18994140625,6245.04296875,38818200,6245.04296875,"Indonesia","^JKSE"
2020-01-21,6251.9970703125,6257.884765625,6226.06396484375,6238.15283203125,41929600,6238.15283203125,"Indonesia","^JKSE"
2020-01-22,6241.5751953125,6265.51416015625,6223.18994140625,6233.453125,51077800,6233.453125,"Indonesia","^JKSE"
2020-01-23,6243.998046875,6255.04296875,6229.130859375,6249.2099609375,41256500,6249.2099609375,"Indonesia","^JKSE"
2020-01-24,6242.8349609375,6258.85107421875,6234.8251953125,6244.10888671875,38828900,6244.10888671875,"Indonesia","^JKSE"
2020-01-27,6240.81787109375,6242.1767578125,6130.92822265625,6133.2080078125,43723000,6133.2080078125,"Indonesia","^JKSE"
2020-01-28,6111.18408203125,6111.18408203125,6111.18408203125,6111.18408203125,0,6111.18408203125,"Indonesia","^JKSE"
2020-01-29,6123.09521484375,6152.5888671875,6102.7958984375,6113.044921875,34605300,6113.044921875,"Indonesia","^JKSE"
2020-01-30,6057.59619140625,6057.59619140625,6057.59619140625,6057.59619140625,0,6057.59619140625,"Indonesia","^JKSE"
2020-01-31,6076.458984375,6078.93017578125,5937.02197265625,5940.0478515625,41508700,5940.0478515625,"Indonesia","^JKSE"
2020-02-03,5920.9677734375,5942.7822265625,5877.201171875,5884.169921875,34951000,5884.169921875,"Indonesia","^JKSE"
2020-02-04,5947.5068359375,5952.94677734375,5911.375,5922.3388671875,36217700,5922.3388671875,"Indonesia","^JKSE"
2020-02-05,5955.51904296875,5978.509765625,5924.3740234375,5978.509765625,39786600,5978.509765625,"Indonesia","^JKSE"
2020-02-06,6002.919921875,6013.69921875,5969.48486328125,5987.14501953125,39909700,5987.14501953125,"Indonesia","^JKSE"
2020-02-07,5988.05810546875,6004.81201171875,5981.64404296875,5999.60693359375,35281700,5999.60693359375,"Indonesia","^JKSE"
2020-02-10,5993.376953125,5996.4658203125,5937.380859375,5952.0830078125,34305400,5952.0830078125,"Indonesia","^JKSE"
2020-02-11,5974,5975.16015625,5946.22021484375,5954.39697265625,33700000,5954.39697265625,"Indonesia","^JKSE"
2020-02-12,5957.06005859375,5962.34716796875,5895.72412109375,5913.0810546875,29256800,5913.0810546875,"Indonesia","^JKSE"
2020-02-13,5921.912109375,5929.4990234375,5860.2548828125,5871.9541015625,33248200,5871.9541015625,"Indonesia","^JKSE"
2020-02-14,5857.72119140625,5890.02880859375,5843.43212890625,5866.94482421875,27655200,5866.94482421875,"Indonesia","^JKSE"
2020-02-17,5863.9140625,5878.4638671875,5853.59814453125,5867.52294921875,28723300,5867.52294921875,"Indonesia","^JKSE"
2020-02-18,5856.880859375,5907.13916015625,5855.9248046875,5886.9619140625,34641400,5886.9619140625,"Indonesia","^JKSE"
2020-02-19,5898.89990234375,5928.791015625,5898.701171875,5928.791015625,34517800,5928.791015625,"Indonesia","^JKSE"
2020-02-20,5941.4501953125,5960.712890625,5929.14501953125,5942.48681640625,37350100,5942.48681640625,"Indonesia","^JKSE"
2020-02-21,5940.78515625,5944.205078125,5873.73193359375,5882.2548828125,36665400,5882.2548828125,"Indonesia","^JKSE"
2020-02-24,5846.14599609375,5863.1240234375,5787.919921875,5807.0498046875,40039600,5807.0498046875,"Indonesia","^JKSE"
2020-02-25,5784.73681640625,5814.67919921875,5752.3349609375,5787.13818359375,39502600,5787.13818359375,"Indonesia","^JKSE"
2020-02-26,5757.1669921875,5757.740234375,5688.9208984375,5688.9208984375,39521300,5688.9208984375,"Indonesia","^JKSE"
2020-02-27,5680.43701171875,5684.2861328125,5526.81689453125,5535.69384765625,41308700,5535.69384765625,"Indonesia","^JKSE"
2020-02-28,5436.171875,5456.27587890625,5288.3701171875,5452.7041015625,49636800,5452.7041015625,"Indonesia","^JKSE"
2020-03-02,5455.0458984375,5491.134765625,5354.6201171875,5361.24609375,40235000,5361.24609375,"Indonesia","^JKSE"
2020-03-03,5431.2958984375,5545.77392578125,5431.2958984375,5518.6279296875,42974300,5518.6279296875,"Indonesia","^JKSE"
2020-03-04,5524.09423828125,5651.85498046875,5516.80517578125,5650.13623046875,45255400,5650.13623046875,"Indonesia","^JKSE"
2020-03-05,5688.77880859375,5715.94091796875,5613.71923828125,5638.1298828125,40684000,5638.1298828125,"Indonesia","^JKSE"
2020-03-06,5575.56591796875,5577.8017578125,5498.5400390625,5498.5400390625,32430900,5498.5400390625,"Indonesia","^JKSE"
2020-03-09,5364.60400390625,5364.60400390625,5133.15087890625,5136.80908203125,42737600,5136.80908203125,"Indonesia","^JKSE"
2020-03-10,5149.4931640625,5278.4228515625,5149.4521484375,5220.826171875,44495700,5220.826171875,"Indonesia","^JKSE"
2020-03-11,5231.60888671875,5264.47998046875,5112.31884765625,5154.10498046875,46650100,5154.10498046875,"Indonesia","^JKSE"
2020-03-12,5040.96484375,5040.98779296875,4895.748046875,4895.748046875,36992900,4895.748046875,"Indonesia","^JKSE"
2020-03-13,4895.748046875,4937.9931640625,4639.9140625,4907.57080078125,46288600,4907.57080078125,"Indonesia","^JKSE"
2020-03-16,4907.57080078125,4907.57080078125,4677.75,4690.6572265625,30471900,4690.6572265625,"Indonesia","^JKSE"
2020-03-17,4690.6572265625,4698.0439453125,4447.9560546875,4456.7490234375,30662200,4456.7490234375,"Indonesia","^JKSE"
2020-03-18,4456.7490234375,4473.82421875,4284.6748046875,4330.673828125,38642900,4330.673828125,"Indonesia","^JKSE"
2020-03-19,4330.673828125,4330.673828125,4093.71411132812,4105.421875,26383700,4105.421875,"Indonesia","^JKSE"
2020-03-20,4105.421875,4238.26318359375,3918.34008789062,4194.94384765625,63008300,4194.94384765625,"Indonesia","^JKSE"
2020-03-23,4194.94384765625,4194.94384765625,3975.19091796875,3989.51708984375,32514300,3989.51708984375,"Indonesia","^JKSE"
2020-03-24,3989.51708984375,4123.56201171875,3911.71606445312,3937.63208007812,45744100,3937.63208007812,"Indonesia","^JKSE"
2020-03-26,3937.63208007812,4370.66015625,3935.9140625,4338.90380859375,81100100,4338.90380859375,"Indonesia","^JKSE"
2020-03-27,4338.90380859375,4697.666015625,4338.90380859375,4545.57080078125,77851100,4545.57080078125,"Indonesia","^JKSE"
2020-03-30,4545.57080078125,4545.57080078125,4317.7138671875,4414.5,27552200,4414.5,"Indonesia","^JKSE"
2020-03-31,4414.5,4569.47314453125,4414.5,4538.93017578125,43426600,4538.93017578125,"Indonesia","^JKSE"
2020-04-01,4538.93017578125,4627.41796875,4445.13818359375,4466.037109375,41848000,4466.037109375,"Indonesia","^JKSE"
2020-04-02,4466.037109375,4531.68505859375,4393.6689453125,4531.68505859375,46011500,4531.68505859375,"Indonesia","^JKSE"
2020-04-03,4531.68505859375,4623.42919921875,4531.68505859375,4623.42919921875,58684300,4623.42919921875,"Indonesia","^JKSE"
2020-04-06,4623.42919921875,4811.8271484375,4623.42919921875,4811.8271484375,70452900,4811.8271484375,"Indonesia","^JKSE"
2020-04-07,4811.8271484375,4975.5361328125,4721.72119140625,4778.63916015625,86224800,4778.63916015625,"Indonesia","^JKSE"
2020-04-08,4778.63916015625,4780.21484375,4583.90087890625,4626.69482421875,45557700,4626.69482421875,"Indonesia","^JKSE"
2020-04-09,4626.69482421875,4669.7099609375,4562.90185546875,4649.0791015625,53523100,4649.0791015625,"Indonesia","^JKSE"
2020-04-13,4649.0791015625,4659.02978515625,4591.72802734375,4623.89404296875,45586600,4623.89404296875,"Indonesia","^JKSE"
2020-04-14,4623.89404296875,4706.4912109375,4623.89404296875,4706.4912109375,55226400,4706.4912109375,"Indonesia","^JKSE"
2020-04-15,4706.4912109375,4747.72509765625,4605.05419921875,4625.90478515625,63059600,4625.90478515625,"Indonesia","^JKSE"
2020-04-16,4480.60693359375,4480.60693359375,4480.60693359375,4480.60693359375,0,4480.60693359375,"Indonesia","^JKSE"
2020-04-17,4480.60693359375,4637.2421875,4480.60693359375,4634.82080078125,54547300,4634.82080078125,"Indonesia","^JKSE"
2020-04-20,4634.82080078125,4669.5419921875,4573.77392578125,4575.90478515625,52113500,4575.90478515625,"Indonesia","^JKSE"
2020-04-21,4575.90478515625,4575.90478515625,4482.63916015625,4501.9189453125,42328500,4501.9189453125,"Indonesia","^JKSE"
2020-04-22,4501.9189453125,4580.68017578125,4441.08984375,4567.56201171875,48368900,4567.56201171875,"Indonesia","^JKSE"
2020-04-23,4567.56201171875,4629.02587890625,4567.56201171875,4593.55419921875,49463700,4593.55419921875,"Indonesia","^JKSE"
2020-04-24,4593.55419921875,4593.830078125,4496.06396484375,4496.06396484375,46122600,4496.06396484375,"Indonesia","^JKSE"
2020-04-27,4496.06396484375,4541.31201171875,4474.89306640625,4513.14111328125,36774700,4513.14111328125,"Indonesia","^JKSE"
2020-04-28,4513.14111328125,4532.37890625,4494.47021484375,4529.55419921875,45440500,4529.55419921875,"Indonesia","^JKSE"
2020-04-29,4529.55419921875,4568.6650390625,4523.955078125,4567.3232421875,41461800,4567.3232421875,"Indonesia","^JKSE"
2020-04-30,4567.3232421875,4726.77392578125,4567.3232421875,4716.40283203125,60229700,4716.40283203125,"Indonesia","^JKSE"
2020-05-04,4716.40283203125,4716.40283203125,4576.22802734375,4605.48681640625,39084200,4605.48681640625,"Indonesia","^JKSE"
2020-05-05,4605.48681640625,4667.7861328125,4605.48681640625,4630.1328125,47829500,4630.1328125,"Indonesia","^JKSE"
2020-05-06,4630.1328125,4647.52490234375,4597.7509765625,4608.7900390625,45079300,4608.7900390625,"Indonesia","^JKSE"
2020-05-08,4608.7900390625,4630.5888671875,4586.73876953125,4597.43017578125,47798700,4597.43017578125,"Indonesia","^JKSE"
2020-05-11,4597.43017578125,4659.86181640625,4597.43017578125,4639.10498046875,45461000,4639.10498046875,"Indonesia","^JKSE"
2020-05-12,4639.10498046875,4644.134765625,4552.38720703125,4588.73388671875,46906900,4588.73388671875,"Indonesia","^JKSE"
2020-05-13,4588.73388671875,4588.73388671875,4519.97802734375,4554.35888671875,45092300,4554.35888671875,"Indonesia","^JKSE"
2020-05-14,4554.35888671875,4564.14990234375,4494.15380859375,4513.833984375,47342600,4513.833984375,"Indonesia","^JKSE"
2020-05-15,4513.833984375,4540.4208984375,4460.27294921875,4507.60693359375,46257200,4507.60693359375,"Indonesia","^JKSE"
2020-05-18,4507.60693359375,4527.9677734375,4487.17919921875,4511.05810546875,45156900,4511.05810546875,"Indonesia","^JKSE"
2020-05-19,4511.05810546875,4609.0419921875,4511.05810546875,4548.65576171875,51665300,4548.65576171875,"Indonesia","^JKSE"
2020-05-20,4548.65576171875,4561.55419921875,4521.47021484375,4545.9521484375,42464800,4545.9521484375,"Indonesia","^JKSE"
2020-05-26,4545.9521484375,4634.65283203125,4541.833984375,4626.798828125,53757500,4626.798828125,"Indonesia","^JKSE"
2020-05-27,4626.798828125,4641.55517578125,4597.3720703125,4641.55517578125,60985400,4641.55517578125,"Indonesia","^JKSE"
2020-05-28,4641.55517578125,4741.60302734375,4638.80810546875,4716.18505859375,68549600,4716.18505859375,"Indonesia","^JKSE"
2020-05-29,4716.18505859375,4755.95703125,4704.7880859375,4753.61181640625,104791300,4753.61181640625,"Indonesia","^JKSE"
2020-06-02,4753.61181640625,4884.01123046875,4753.61181640625,4847.5068359375,73135500,4847.5068359375,"Indonesia","^JKSE"
2020-06-03,4847.5068359375,4960.07080078125,4847.5068359375,4941.005859375,101631500,4941.005859375,"Indonesia","^JKSE"
2020-06-04,4941.005859375,5014.76416015625,4899.39013671875,4916.7041015625,110933800,4916.7041015625,"Indonesia","^JKSE"
2020-06-05,4916.7041015625,4948.51220703125,4851.14892578125,4947.7822265625,86864800,4947.7822265625,"Indonesia","^JKSE"
2020-06-08,4947.7822265625,5103.0859375,4947.7822265625,5070.56103515625,138169200,5070.56103515625,"Indonesia","^JKSE"
2020-06-09,5070.56103515625,5139.40576171875,5023.76708984375,5035.05517578125,115140600,5035.05517578125,"Indonesia","^JKSE"
2020-06-10,5035.05517578125,5036.85595703125,4892.81787109375,4920.68212890625,84234700,4920.68212890625,"Indonesia","^JKSE"
2020-06-11,4920.68212890625,4931.2421875,4812.19287109375,4854.75390625,71655200,4854.75390625,"Indonesia","^JKSE"
2020-06-12,4854.75390625,4880.35888671875,4712.0732421875,4880.35888671875,80885000,4880.35888671875,"Indonesia","^JKSE"
2020-06-15,4880.35888671875,4918.05615234375,4809.619140625,4816.3359375,64138400,4816.3359375,"Indonesia","^JKSE"
2020-06-16,4816.3359375,4989.52685546875,4816.3359375,4986.4580078125,75836700,4986.4580078125,"Indonesia","^JKSE"
2020-06-17,4986.4580078125,5018.98486328125,4968.92578125,4987.77587890625,68366200,4987.77587890625,"Indonesia","^JKSE"
2020-06-18,4987.77587890625,4993.61376953125,4925.248046875,4925.248046875,70877500,4925.248046875,"Indonesia","^JKSE"
2020-06-19,4925.248046875,4970.06689453125,4925.248046875,4942.27490234375,57556700,4942.27490234375,"Indonesia","^JKSE"
2020-06-22,4942.27490234375,4957.666015625,4904.76611328125,4918.8310546875,47869800,4918.8310546875,"Indonesia","^JKSE"
2020-06-23,4918.8310546875,4938.39404296875,4879.1328125,4879.1328125,54884300,4879.1328125,"Indonesia","^JKSE"
2020-06-24,4879.1328125,4977.65087890625,4879.1328125,4964.73486328125,62466500,4964.73486328125,"Indonesia","^JKSE"
2020-06-25,4964.73486328125,4964.73486328125,4883.7099609375,4896.72998046875,50705900,4896.72998046875,"Indonesia","^JKSE"
2020-06-26,4896.72998046875,4941.13818359375,4882.14111328125,4904.087890625,44280300,4904.087890625,"Indonesia","^JKSE"
2020-06-29,4904.087890625,4909.90576171875,4862.041015625,4901.81787109375,44174500,4901.81787109375,"Indonesia","^JKSE"
2020-06-30,4901.81787109375,4939.83984375,4894.1201171875,4905.39208984375,51279100,4905.39208984375,"Indonesia","^JKSE"
2020-07-01,4905.39208984375,4928.61181640625,4885.60205078125,4914.38818359375,43243400,4914.38818359375,"Indonesia","^JKSE"
2020-07-02,4914.38818359375,4966.77978515625,4914.38818359375,4966.77978515625,55396200,4966.77978515625,"Indonesia","^JKSE"
2020-07-03,4966.77978515625,4997.48193359375,4964.10791015625,4973.7939453125,55723400,4973.7939453125,"Indonesia","^JKSE"
2020-07-06,4973.7939453125,5009.34521484375,4973.490234375,4988.8662109375,64282100,4988.8662109375,"Indonesia","^JKSE"
2020-07-07,4988.8662109375,5011.712890625,4982.333984375,4987.08203125,72834600,4987.08203125,"Indonesia","^JKSE"
2020-07-08,4987.08203125,5080.251953125,4985.01708984375,5076.173828125,73499000,5076.173828125,"Indonesia","^JKSE"
2020-07-09,5076.173828125,5111.56396484375,5041.93017578125,5052.7939453125,79794300,5052.7939453125,"Indonesia","^JKSE"
2020-07-10,5052.7939453125,5076.52099609375,5022.169921875,5031.255859375,67684500,5031.255859375,"Indonesia","^JKSE"
2020-07-13,5031.255859375,5075.09814453125,5024.93408203125,5064.44677734375,65331900,5064.44677734375,"Indonesia","^JKSE"
2020-07-14,5064.44677734375,5079.1220703125,5053.72216796875,5079.1220703125,71530500,5079.1220703125,"Indonesia","^JKSE"
2020-07-15,5079.1220703125,5116.4638671875,5069.380859375,5075.7978515625,82580500,5075.7978515625,"Indonesia","^JKSE"
2020-07-16,5075.7978515625,5107.259765625,5075.7978515625,5098.3740234375,68710400,5098.3740234375,"Indonesia","^JKSE"
2020-07-17,5098.3740234375,5110.43017578125,5073.55712890625,5079.5849609375,61709100,5079.5849609375,"Indonesia","^JKSE"
2020-07-20,5079.5849609375,5100.19189453125,5031.88818359375,5051.10595703125,68632100,5051.10595703125,"Indonesia","^JKSE"
2020-07-21,5051.10595703125,5135.55908203125,5047.0859375,5114.708984375,83156800,5114.708984375,"Indonesia","^JKSE"
2020-07-22,5114.708984375,5142.0439453125,5099.56689453125,5110.18701171875,79454100,5110.18701171875,"Indonesia","^JKSE"
2020-07-23,5110.22021484375,5162.97998046875,5110.22021484375,5145.009765625,98800000,5145.009765625,"Indonesia","^JKSE"
2020-07-24,5145.01123046875,5149.58984375,5074.4921875,5082.9912109375,97013800,5082.9912109375,"Indonesia","^JKSE"
2020-07-27,5082.9912109375,5116.666015625,5080.12109375,5116.666015625,103523300,5116.666015625,"Indonesia","^JKSE"
2020-07-28,5116.666015625,5143.2861328125,5097.4189453125,5112.98876953125,91890400,5112.98876953125,"Indonesia","^JKSE"
2020-07-29,5111.10986328125,5149.6298828125,5091.39990234375,5149.6298828125,80750000,5149.6298828125,"Indonesia","^JKSE"
2020-07-30,5111.11279296875,5149.626953125,5091.39990234375,5149.626953125,80749900,5149.626953125,"Indonesia","^JKSE"
2020-08-03,5149.626953125,5157.27294921875,4928.4677734375,5006.22314453125,83815200,5006.22314453125,"Indonesia","^JKSE"
2020-08-04,5006.22314453125,5075.001953125,5006.22314453125,5075.001953125,73766600,5075.001953125,"Indonesia","^JKSE"
2020-08-05,5075.001953125,5127.05078125,5059.0888671875,5127.05078125,84611300,5127.05078125,"Indonesia","^JKSE"
2020-08-06,5127.05078125,5187.9638671875,5127.05078125,5178.27197265625,90452400,5178.27197265625,"Indonesia","^JKSE"
2020-08-07,5178.27197265625,5187.3740234375,5119.68310546875,5143.89306640625,91282400,5143.89306640625,"Indonesia","^JKSE"
2020-08-10,5157.833984375,5157.833984375,5157.833984375,5157.833984375,0,5157.833984375,"Indonesia","^JKSE"
2020-08-11,5157.93017578125,5201.4501953125,5157.93017578125,5190.169921875,88400000,5190.169921875,"Indonesia","^JKSE"
2020-08-12,5190.166015625,5235.52001953125,5178.458984375,5233.4521484375,96807400,5233.4521484375,"Indonesia","^JKSE"
2020-08-13,5233.4521484375,5279.34912109375,5218.4130859375,5239.25,84601700,5239.25,"Indonesia","^JKSE"
2020-08-14,5239.25,5255.3740234375,5221.919921875,5247.68994140625,70397600,5247.68994140625,"Indonesia","^JKSE"
2020-08-18,5247.68994140625,5316.1328125,5243.9951171875,5295.173828125,95642400,5295.173828125,"Indonesia","^JKSE"
2020-08-19,5295.173828125,5327.31591796875,5268.5068359375,5272.81005859375,92676400,5272.81005859375,"Indonesia","^JKSE"
2020-08-24,5272.81005859375,5294.15380859375,5261.408203125,5277.041015625,138410800,5277.041015625,"Indonesia","^JKSE"
2020-08-25,5277.041015625,5341.376953125,5276.95703125,5338.88818359375,146510200,5338.88818359375,"Indonesia","^JKSE"
2020-08-26,5338.88818359375,5351.47119140625,5324.61279296875,5340.328125,137729200,5340.328125,"Indonesia","^JKSE"
2020-08-27,5340.328125,5371.47216796875,5325.48779296875,5371.47216796875,134549700,5371.47216796875,"Indonesia","^JKSE"
2020-08-28,5371.47216796875,5381.9482421875,5325.60498046875,5346.6591796875,107955900,5346.6591796875,"Indonesia","^JKSE"
2020-08-31,5346.6591796875,5369.44677734375,5233.14306640625,5238.48681640625,124088000,5238.48681640625,"Indonesia","^JKSE"
2020-09-01,5238.48681640625,5310.67919921875,5219.2080078125,5310.67919921875,90465800,5310.67919921875,"Indonesia","^JKSE"
2020-09-02,5310.67919921875,5337.09912109375,5295.27685546875,5311.97021484375,121613800,5311.97021484375,"Indonesia","^JKSE"
2020-09-03,5311.97021484375,5331.16796875,5242.171875,5280.81298828125,136923000,5280.81298828125,"Indonesia","^JKSE"
2020-09-04,5280.81298828125,5280.81298828125,5188.60888671875,5239.85107421875,95095800,5239.85107421875,"Indonesia","^JKSE"
2020-09-07,5235.009765625,5245.34912109375,5195.865234375,5230.19580078125,80111600,5230.19580078125,"Indonesia","^JKSE"
2020-09-08,5232.91796875,5256.30517578125,5232.91796875,5244.07177734375,103353200,5244.07177734375,"Indonesia","^JKSE"
2020-09-09,5214.0322265625,5216.02001953125,5135.81201171875,5149.3759765625,101220300,5149.3759765625,"Indonesia","^JKSE"
2020-09-10,5084.326171875,5084.48388671875,4878.27978515625,4891.4609375,82384700,4891.4609375,"Indonesia","^JKSE"
2020-09-11,4804.64404296875,5016.7119140625,4754.798828125,5016.7119140625,125812400,5016.7119140625,"Indonesia","^JKSE"
2020-09-14,5060.02392578125,5161.828125,5059.26708984375,5161.828125,109865600,5161.828125,"Indonesia","^JKSE"
2020-09-15,5169.2451171875,5187.27880859375,5091.2939453125,5100.865234375,113645500,5100.865234375,"Indonesia","^JKSE"
2020-09-16,5108.1279296875,5117.287109375,5051.75390625,5058.48193359375,88769100,5058.48193359375,"Indonesia","^JKSE"
2020-09-17,5058.9501953125,5099.5771484375,5013.18603515625,5038.40087890625,85305000,5038.40087890625,"Indonesia","^JKSE"
2020-09-18,5037.369140625,5072.68017578125,5023.44384765625,5059.22314453125,105751600,5059.22314453125,"Indonesia","^JKSE"
2020-09-21,5058.990234375,5075.81884765625,4987.748046875,4999.35986328125,106452100,4999.35986328125,"Indonesia","^JKSE"
2020-09-22,4947.73095703125,4978.44091796875,4919.10986328125,4934.0927734375,74792200,4934.0927734375,"Indonesia","^JKSE"
2020-09-23,4946.5029296875,4984.23876953125,4873.02099609375,4917.955078125,70609200,4917.955078125,"Indonesia","^JKSE"
2020-09-24,4876.35107421875,4897.3369140625,4820.3310546875,4842.755859375,65673400,4842.755859375,"Indonesia","^JKSE"
2020-09-25,4867.962890625,4949.30322265625,4848.02490234375,4945.791015625,88843900,4945.791015625,"Indonesia","^JKSE"
2020-09-28,4962.953125,4991.76220703125,4905.51123046875,4906.5478515625,83772300,4906.5478515625,"Indonesia","^JKSE"
2020-09-29,4929.3330078125,4950.9677734375,4859.7861328125,4879.09814453125,86481700,4879.09814453125,"Indonesia","^JKSE"
2020-09-30,4896.43212890625,4903.86376953125,4841.36181640625,4870.0390625,85378000,4870.0390625,"Indonesia","^JKSE"
2020-10-01,4899.64404296875,4970.09423828125,4898.9970703125,4970.09423828125,96362100,4970.09423828125,"Indonesia","^JKSE"
2020-10-02,4969.2451171875,4972.8232421875,4881.9130859375,4926.73388671875,88815300,4926.73388671875,"Indonesia","^JKSE"
2020-10-05,4947.0400390625,4962.79296875,4915.68505859375,4958.76904296875,70868100,4958.76904296875,"Indonesia","^JKSE"
2020-10-06,5004.39599609375,5023.89404296875,4992.48193359375,4999.22119140625,108547800,4999.22119140625,"Indonesia","^JKSE"
2020-10-07,4976.56787109375,5014.60986328125,4962.08984375,5004.3271484375,92870700,5004.3271484375,"Indonesia","^JKSE"
2020-10-08,5018.73681640625,5039.14208984375,5001.51904296875,5039.14208984375,80288700,5039.14208984375,"Indonesia","^JKSE"
2020-10-09,5036.47607421875,5057.8359375,5029.15185546875,5053.6630859375,69016600,5053.6630859375,"Indonesia","^JKSE"
2020-10-12,5078.12890625,5103.5029296875,5078.12890625,5093.09912109375,91642100,5093.09912109375,"Indonesia","^JKSE"
2020-10-13,5093.421875,5132.958984375,5064.1708984375,5132.57177734375,110621000,5132.57177734375,"Indonesia","^JKSE"
2020-10-14,5134.662109375,5177.9248046875,5125.044921875,5176.09912109375,119876700,5176.09912109375,"Indonesia","^JKSE"
2020-10-15,5172.5908203125,5182.53076171875,5105.14990234375,5105.14990234375,110523700,5105.14990234375,"Indonesia","^JKSE"
2020-10-16,5111.43408203125,5115.55810546875,5067.5888671875,5103.4140625,92480400,5103.4140625,"Indonesia","^JKSE"
2020-10-19,5116.7578125,5128.65185546875,5090.77685546875,5126.330078125,111112200,5126.330078125,"Indonesia","^JKSE"
2020-10-20,5120.9130859375,5135.078125,5080.9560546875,5099.83984375,88592600,5099.83984375,"Indonesia","^JKSE"
2020-10-21,5116.7900390625,5131.5068359375,5083.66015625,5096.44580078125,104786700,5096.44580078125,"Indonesia","^JKSE"
2020-10-22,5084.7900390625,5093.8251953125,5063.69677734375,5091.81591796875,122922500,5091.81591796875,"Indonesia","^JKSE"
2020-10-23,5112.787109375,5121.02001953125,5095.5068359375,5112.18798828125,95498300,5112.18798828125,"Indonesia","^JKSE"
2020-10-26,5113.14892578125,5158.26513671875,5113.02294921875,5144.048828125,103314100,5144.048828125,"Indonesia","^JKSE"
2020-10-27,5133.537109375,5155.56591796875,5110.6181640625,5128.22509765625,107122400,5128.22509765625,"Indonesia","^JKSE"
2020-11-02,5108.02880859375,5130.68603515625,5073.5,5115.1279296875,97646200,5115.1279296875,"Indonesia","^JKSE"
2020-11-03,5133.98193359375,5162.34716796875,5131.94921875,5159.4521484375,101351100,5159.4521484375,"Indonesia","^JKSE"
2020-11-04,5170.8232421875,5188.0087890625,5105.19921875,5105.19921875,103974300,5105.19921875,"Indonesia","^JKSE"
2020-11-05,5161.39013671875,5260.326171875,5161.39013671875,5260.326171875,108832000,5260.326171875,"Indonesia","^JKSE"
2020-11-06,5276.1640625,5335.52880859375,5246.701171875,5335.52880859375,104732100,5335.52880859375,"Indonesia","^JKSE"
2020-11-09,5371.97119140625,5395.7119140625,5319.419921875,5356.0048828125,121516500,5356.0048828125,"Indonesia","^JKSE"
2020-11-10,5424.73193359375,5469.18310546875,5412.59423828125,5462.73876953125,149596500,5462.73876953125,"Indonesia","^JKSE"
2020-11-11,5475.56494140625,5520.908203125,5471.591796875,5509.51318359375,165238700,5509.51318359375,"Indonesia","^JKSE"
2020-11-12,5494.48486328125,5500.416015625,5449.796875,5458.60205078125,119777900,5458.60205078125,"Indonesia","^JKSE"
2020-11-13,5449.10107421875,5466.56396484375,5427.6318359375,5461.05810546875,113428800,5461.05810546875,"Indonesia","^JKSE"
2020-11-16,5500.0341796875,5519.67919921875,5462.4599609375,5494.8720703125,119907500,5494.8720703125,"Indonesia","^JKSE"
2020-11-17,5516.580078125,5562.537109375,5515.51904296875,5529.93994140625,146811400,5529.93994140625,"Indonesia","^JKSE"
2020-11-18,5530.8759765625,5574.72802734375,5530.8759765625,5557.51806640625,140753000,5557.51806640625,"Indonesia","^JKSE"
2020-11-19,5541.421875,5598.52392578125,5541.31396484375,5594.05908203125,166665200,5594.05908203125,"Indonesia","^JKSE"
2020-11-20,5602.783203125,5628.44189453125,5563.65478515625,5571.65576171875,215797300,5571.65576171875,"Indonesia","^JKSE"
2020-11-23,5583.330078125,5652.76416015625,5583.330078125,5652.76416015625,189943100,5652.76416015625,"Indonesia","^JKSE"
2020-11-24,5677.2998046875,5710.380859375,5667.3681640625,5701.02880859375,240469400,5701.02880859375,"Indonesia","^JKSE"
2020-11-25,5735.13623046875,5770.6611328125,5666.76416015625,5679.2470703125,325423300,5679.2470703125,"Indonesia","^JKSE"
2020-11-26,5669.6640625,5759.916015625,5669.6640625,5759.916015625,248292500,5759.916015625,"Indonesia","^JKSE"
2020-11-27,5773.55517578125,5795.8359375,5745.884765625,5783.3349609375,251434900,5783.3349609375,"Indonesia","^JKSE"
2020-11-30,5779.6708984375,5798.2919921875,5563.86181640625,5612.4150390625,319900500,5612.4150390625,"Indonesia","^JKSE"
2020-12-01,5637.89404296875,5736.31884765625,5594.27783203125,5724.7421875,209477700,5724.7421875,"Indonesia","^JKSE"
2020-12-02,5755.17578125,5813.98681640625,5734.26123046875,5813.98681640625,219110200,5813.98681640625,"Indonesia","^JKSE"
2020-12-03,5833.3232421875,5853.15576171875,5797.01318359375,5822.94189453125,238397400,5822.94189453125,"Indonesia","^JKSE"
2020-12-04,5820.81982421875,5823.32421875,5775.56982421875,5810.48291015625,173857900,5810.48291015625,"Indonesia","^JKSE"
2020-12-07,5854.30322265625,5941.35205078125,5854.30322265625,5930.7587890625,226790300,5930.7587890625,"Indonesia","^JKSE"
2020-12-08,5947.658203125,5961.77880859375,5911.09814453125,5944.4091796875,294205100,5944.4091796875,"Indonesia","^JKSE"
2020-12-10,5976.9990234375,6004.4228515625,5911.9140625,5933.6982421875,264587600,5933.6982421875,"Indonesia","^JKSE"
2020-12-11,5946.35888671875,5976.56884765625,5924.37109375,5938.3291015625,217654500,5938.3291015625,"Indonesia","^JKSE"
2020-12-14,5959.27490234375,6013.951171875,5959.27490234375,6012.51611328125,226876100,6012.51611328125,"Indonesia","^JKSE"
2020-12-15,6013.51123046875,6023.21484375,5965.80517578125,6010.1279296875,194411200,6010.1279296875,"Indonesia","^JKSE"
2020-12-16,6046.8662109375,6123.953125,6046.8662109375,6118.40185546875,291042900,6118.40185546875,"Indonesia","^JKSE"
2020-12-17,6133.09619140625,6160.97705078125,6075.83203125,6113.3818359375,321737000,6113.3818359375,"Indonesia","^JKSE"
2020-12-18,6106.2509765625,6142.85791015625,6091.39794921875,6104.32421875,257981400,6104.32421875,"Indonesia","^JKSE"
2020-12-21,6131.623046875,6195.15380859375,6119.91796875,6165.6240234375,238612700,6165.6240234375,"Indonesia","^JKSE"
2020-12-22,6146.64599609375,6174.458984375,6010.2109375,6023.2890625,250085200,6023.2890625,"Indonesia","^JKSE"
2020-12-23,6061.84814453125,6104.35498046875,5853.26123046875,6008.708984375,203528500,6008.708984375,"Indonesia","^JKSE"
2020-12-28,6067,6095.0078125,5979.90478515625,6093.55419921875,180855700,6093.55419921875,"Indonesia","^JKSE"
2020-12-29,6112.72021484375,6143.8701171875,6026.705078125,6036.173828125,175135000,6036.173828125,"Indonesia","^JKSE"
2020-12-30,6052.12109375,6055.97021484375,5962.009765625,5979.0732421875,170039300,5979.0732421875,"Indonesia","^JKSE"
2021-01-04,5997.830078125,6104.89794921875,5929.0478515625,6104.89794921875,183917000,6104.89794921875,"Indonesia","^JKSE"
2021-01-05,6105.7939453125,6145.61279296875,6073.416015625,6137.3427734375,174687000,6137.3427734375,"Indonesia","^JKSE"
2021-01-06,6139.13720703125,6166.62890625,5987.78515625,6065.68212890625,199163800,6065.68212890625,"Indonesia","^JKSE"
2021-01-07,6091.716796875,6158.037109375,6090.36083984375,6153.6328125,227517900,6153.6328125,"Indonesia","^JKSE"
2021-01-08,6190.9482421875,6275.7421875,6190.10107421875,6257.8349609375,221751300,6257.8349609375,"Indonesia","^JKSE"
2021-01-11,6278.4130859375,6382.93701171875,6278.3740234375,6382.93701171875,297901100,6382.93701171875,"Indonesia","^JKSE"
2021-01-12,6393.90283203125,6435.9599609375,6353.30712890625,6395.6689453125,279603400,6395.6689453125,"Indonesia","^JKSE"
2021-01-13,6439.93408203125,6464.35009765625,6393.89892578125,6435.205078125,343008100,6435.205078125,"Indonesia","^JKSE"
2021-01-14,6445.90087890625,6465.5322265625,6407.56982421875,6428.31494140625,344812000,6428.31494140625,"Indonesia","^JKSE"
2021-01-15,6447.98486328125,6472.31201171875,6341.2509765625,6373.412109375,262275900,6373.412109375,"Indonesia","^JKSE"
2021-01-18,6365.02587890625,6428.31494140625,6316.875,6389.833984375,337569400,6389.833984375,"Indonesia","^JKSE"
2021-01-19,6421.86083984375,6434.8427734375,6288.97802734375,6321.85595703125,223716900,6321.85595703125,"Indonesia","^JKSE"
2021-01-20,6334.51220703125,6440.796875,6299.39208984375,6429.7578125,190944100,6429.7578125,"Indonesia","^JKSE"
2021-01-21,6476.09423828125,6504.9921875,6399.666015625,6413.89208984375,171080400,6413.89208984375,"Indonesia","^JKSE"
2021-01-22,6419.5732421875,6428.4970703125,6283.31298828125,6307.126953125,157918500,6307.126953125,"Indonesia","^JKSE"
2021-01-25,6322.51904296875,6322.72705078125,6148.30712890625,6258.57177734375,154806200,6258.57177734375,"Indonesia","^JKSE"
2021-01-26,6252.7138671875,6269.6650390625,6123.0087890625,6140.1708984375,172159800,6140.1708984375,"Indonesia","^JKSE"
2021-01-27,6153.078125,6154.60498046875,5998.89892578125,6109.16796875,181402600,6109.16796875,"Indonesia","^JKSE"
2021-01-28,6065.7880859375,6123.4609375,5957.5517578125,5979.38720703125,157336200,5979.38720703125,"Indonesia","^JKSE"
2021-01-29,6010.3427734375,6068.1279296875,5825.2919921875,5862.35205078125,147664800,5862.35205078125,"Indonesia","^JKSE"
2021-02-01,5856.77685546875,6070.73486328125,5735.46923828125,6067.544921875,208886800,6067.544921875,"Indonesia","^JKSE"
2021-02-02,6119.01123046875,6157.2490234375,6018.09423828125,6043.8408203125,227307800,6043.8408203125,"Indonesia","^JKSE"
2021-02-03,6096.583984375,6137.68115234375,6047.412109375,6077.7451171875,153874400,6077.7451171875,"Indonesia","^JKSE"
2021-02-04,6111.7578125,6179.3681640625,6069.5498046875,6107.2158203125,148241900,6107.2158203125,"Indonesia","^JKSE"
2021-02-05,6136.39306640625,6151.72900390625,6090.98095703125,6151.72900390625,134669100,6151.72900390625,"Indonesia","^JKSE"
2021-02-08,6193.55078125,6224.4140625,6180.73193359375,6208.8662109375,161586900,6208.8662109375,"Indonesia","^JKSE"
2021-02-09,6232.10205078125,6286.291015625,6157.134765625,6181.671875,175273400,6181.671875,"Indonesia","^JKSE"
2021-02-10,6198.0322265625,6216.93896484375,6168.01318359375,6201.828125,122608700,6201.828125,"Indonesia","^JKSE"
2021-02-11,6221.6337890625,6232.85009765625,6194.009765625,6222.52099609375,104014000,6222.52099609375,"Indonesia","^JKSE"
2021-02-15,6244.384765625,6283.4150390625,6244.384765625,6270.32421875,123956100,6270.32421875,"Indonesia","^JKSE"
2021-02-16,6291.0078125,6308.81103515625,6274.35302734375,6292.39599609375,144173700,6292.39599609375,"Indonesia","^JKSE"
2021-02-17,6292.97021484375,6314.55517578125,6209.31494140625,6227.72802734375,169907100,6227.72802734375,"Indonesia","^JKSE"
2021-02-18,6230.35693359375,6281.35791015625,6200.30810546875,6200.30810546875,167455200,6200.30810546875,"Indonesia","^JKSE"
2021-02-19,6196.89892578125,6231.93212890625,6173.59423828125,6231.93212890625,133625600,6231.93212890625,"Indonesia","^JKSE"
2021-02-22,6267.02490234375,6312.873046875,6255.31201171875,6255.31201171875,145005700,6255.31201171875,"Indonesia","^JKSE"
2021-02-23,6267.4541015625,6279.14306640625,6241.951171875,6272.80712890625,126272800,6272.80712890625,"Indonesia","^JKSE"
2021-02-24,6283.794921875,6294.14013671875,6223.64892578125,6251.05419921875,152221800,6251.05419921875,"Indonesia","^JKSE"
2021-02-25,6280.72705078125,6309.7578125,6274.4970703125,6289.64599609375,237490100,6289.64599609375,"Indonesia","^JKSE"
2021-02-26,6246.31689453125,6302.39404296875,6184.51708984375,6241.7958984375,219493200,6241.7958984375,"Indonesia","^JKSE"
2021-03-01,6281.85693359375,6339.0087890625,6261.55908203125,6338.51318359375,173079500,6338.51318359375,"Indonesia","^JKSE"
2021-03-02,6367.43896484375,6388.12109375,6329.498046875,6359.205078125,180676700,6359.205078125,"Indonesia","^JKSE"
2021-03-03,6378.7978515625,6394.4521484375,6334.244140625,6376.7568359375,242358700,6376.7568359375,"Indonesia","^JKSE"
2021-03-04,6355.3759765625,6369.4111328125,6270.10791015625,6290.798828125,238207200,6290.798828125,"Indonesia","^JKSE"
2021-03-05,6263.0439453125,6307.68310546875,6245.30810546875,6258.7490234375,153557700,6258.7490234375,"Indonesia","^JKSE"
2021-03-08,6304,6325.51513671875,6239.0498046875,6248.46484375,155718400,6248.46484375,"Indonesia","^JKSE"
2021-03-09,6258.669921875,6267.423828125,6167.7177734375,6199.64697265625,188106700,6199.64697265625,"Indonesia","^JKSE"
2021-03-10,6233.6162109375,6276.158203125,6225.455078125,6264.67919921875,121957600,6264.67919921875,"Indonesia","^JKSE"
2021-03-12,6316.880859375,6364.35693359375,6298.52294921875,6358.208984375,186241800,6358.208984375,"Indonesia","^JKSE"
2021-03-15,6374.76220703125,6387.73583984375,6324.2587890625,6324.2587890625,137895500,6324.2587890625,"Indonesia","^JKSE"
2021-03-16,6347.18896484375,6355.4111328125,6296.89697265625,6309.69921875,155061500,6309.69921875,"Indonesia","^JKSE"
2021-03-17,6318.06884765625,6321.3369140625,6268.8388671875,6277.22802734375,138044900,6277.22802734375,"Indonesia","^JKSE"
2021-03-18,6309.5751953125,6358.42578125,6307,6347.8291015625,149718200,6347.8291015625,"Indonesia","^JKSE"
2021-03-19,6346.0087890625,6356.16015625,6307.10107421875,6356.16015625,162089200,6356.16015625,"Indonesia","^JKSE"
2021-03-22,6346.794921875,6354.93896484375,6290.02197265625,6301.130859375,128638500,6301.130859375,"Indonesia","^JKSE"
2021-03-23,6331.6982421875,6342.1298828125,6245.9912109375,6252.7119140625,173805000,6252.7119140625,"Indonesia","^JKSE"
2021-03-24,6231.712890625,6239.546875,6143.380859375,6156.14013671875,138290000,6156.14013671875,"Indonesia","^JKSE"
2021-03-25,6159.619140625,6176.4267578125,6058.8427734375,6122.8759765625,147353000,6122.8759765625,"Indonesia","^JKSE"
2021-03-26,6141.60595703125,6195.56201171875,6106.078125,6195.56201171875,124284100,6195.56201171875,"Indonesia","^JKSE"
2021-03-29,6205.56884765625,6230.990234375,6165.55322265625,6166.81787109375,114609800,6166.81787109375,"Indonesia","^JKSE"
2021-03-30,6163.72119140625,6170.6689453125,6046.4677734375,6071.44189453125,118686600,6071.44189453125,"Indonesia","^JKSE"
2021-03-31,6062.9501953125,6066.8369140625,5892.64501953125,5985.52197265625,123071400,5985.52197265625,"Indonesia","^JKSE"
2021-04-01,5988.02294921875,6020.1640625,5960.81689453125,6011.4560546875,106367400,6011.4560546875,"Indonesia","^JKSE"
2021-04-05,6040.05517578125,6051.62109375,5964.48388671875,5970.2861328125,122053600,5970.2861328125,"Indonesia","^JKSE"
2021-04-06,5973.98681640625,6008.5048828125,5944.4208984375,6002.77001953125,126386100,6002.77001953125,"Indonesia","^JKSE"
2021-04-07,6011.9580078125,6040.4560546875,5982.06689453125,6036.6162109375,141523800,6036.6162109375,"Indonesia","^JKSE"
2021-04-08,6035.037109375,6073.9140625,6030.2861328125,6071.72412109375,169546400,6071.72412109375,"Indonesia","^JKSE"
2021-04-09,6101.72314453125,6113.15576171875,6070.208984375,6070.208984375,161275600,6070.208984375,"Indonesia","^JKSE"
2021-04-12,6080.7919921875,6088.828125,5942.7138671875,5948.56884765625,130244200,5948.56884765625,"Indonesia","^JKSE"
2021-04-13,5944.52587890625,5957.61181640625,5883.52392578125,5927.43505859375,107375400,5927.43505859375,"Indonesia","^JKSE"
2021-04-14,5964.02978515625,6050.27587890625,5962.31689453125,6050.27587890625,141883200,6050.27587890625,"Indonesia","^JKSE"
2021-04-15,6057.61083984375,6079.5009765625,6029.15380859375,6079.5009765625,132167700,6079.5009765625,"Indonesia","^JKSE"
2021-04-16,6102.3779296875,6115.6201171875,6062.921875,6086.2578125,158024500,6086.2578125,"Indonesia","^JKSE"
2021-04-19,6084.78515625,6096.9951171875,6031.83203125,6052.5400390625,159845500,6052.5400390625,"Indonesia","^JKSE"
2021-04-20,6029.9921875,6045.69384765625,5997.9482421875,6038.32177734375,106712400,6038.32177734375,"Indonesia","^JKSE"
2021-04-21,6010.26806640625,6025.5,5989.98388671875,5993.2421875,117327800,5993.2421875,"Indonesia","^JKSE"
2021-04-22,6004.7939453125,6024.93798828125,5980.455078125,5994.18408203125,139778300,5994.18408203125,"Indonesia","^JKSE"
2021-04-23,6000.912109375,6027.05908203125,5973.2470703125,6016.86376953125,151530300,6016.86376953125,"Indonesia","^JKSE"
2021-04-26,6018.33984375,6027.7529296875,5955.6181640625,5964.82080078125,122797700,5964.82080078125,"Indonesia","^JKSE"
2021-04-27,5986.99609375,6003.91796875,5950.8681640625,5959.62109375,122928600,5959.62109375,"Indonesia","^JKSE"
2021-04-28,5959.951171875,5981.89599609375,5953.94287109375,5974.47900390625,127681000,5974.47900390625,"Indonesia","^JKSE"
2021-04-29,6005.798828125,6019.02490234375,5987.7431640625,6012.9609375,130962400,6012.9609375,"Indonesia","^JKSE"
2021-04-30,6026.52783203125,6033.89990234375,5985.02197265625,5995.6162109375,136841700,5995.6162109375,"Indonesia","^JKSE"
2021-05-03,5999.6611328125,6004.0078125,5938.8759765625,5952.59716796875,152015700,5952.59716796875,"Indonesia","^JKSE"
2021-05-04,5955.39501953125,5974.68212890625,5932.31787109375,5963.81982421875,141538100,5963.81982421875,"Indonesia","^JKSE"
2021-05-05,5974.56005859375,5992.93212890625,5971.30908203125,5975.9111328125,131241100,5975.9111328125,"Indonesia","^JKSE"
2021-05-06,5987.06591796875,6005.087890625,5950.89990234375,5970.240234375,120448300,5970.240234375,"Indonesia","^JKSE"
2021-05-07,5987.330078125,5994.330078125,5922.4931640625,5928.30908203125,121835200,5928.30908203125,"Indonesia","^JKSE"
2021-05-10,5942.10595703125,5985.3720703125,5941.9267578125,5975.787109375,120144700,5975.787109375,"Indonesia","^JKSE"
2021-05-11,5965.85205078125,5966.6640625,5911.3759765625,5938.35107421875,120811100,5938.35107421875,"Indonesia","^JKSE"
2021-05-17,5950.13720703125,5958.79296875,5817.70703125,5833.85986328125,150604900,5833.85986328125,"Indonesia","^JKSE"
2021-05-18,5836.083984375,5855.6669921875,5782.77685546875,5834.39404296875,160329900,5834.39404296875,"Indonesia","^JKSE"
2021-05-19,5817.13623046875,5828.2109375,5752.2568359375,5760.583984375,138298600,5760.583984375,"Indonesia","^JKSE"
2021-05-20,5759.6298828125,5814.77978515625,5751.3408203125,5797.59716796875,114025600,5797.59716796875,"Indonesia","^JKSE"
2021-05-21,5824.10986328125,5838.22900390625,5742.0380859375,5773.1201171875,133703000,5773.1201171875,"Indonesia","^JKSE"
2021-05-24,5793.06689453125,5805.15283203125,5759.33984375,5763.6318359375,141371900,5763.6318359375,"Indonesia","^JKSE"
2021-05-25,5772.93701171875,5848.55419921875,5769.287109375,5815.83984375,144613700,5815.83984375,"Indonesia","^JKSE"
2021-05-27,5850.501953125,5904.837890625,5841.828125,5841.828125,211859200,5841.828125,"Indonesia","^JKSE"
2021-05-28,5875.27099609375,5891.47216796875,5833.3427734375,5848.6162109375,181542500,5848.6162109375,"Indonesia","^JKSE"
2021-05-31,5869.2177734375,5947.462890625,5860.5361328125,5947.462890625,169049900,5947.462890625,"Indonesia","^JKSE"
2021-06-02,6002.48095703125,6031.578125,5991.5068359375,6031.578125,178537100,6031.578125,"Indonesia","^JKSE"
2021-06-03,6038.85693359375,6091.51318359375,6005.63623046875,6091.51318359375,181262300,6091.51318359375,"Indonesia","^JKSE"
2021-06-04,6091.1298828125,6103.85888671875,6043.85693359375,6065.166015625,158659400,6065.166015625,"Indonesia","^JKSE"
2021-06-07,6075.5068359375,6088,6050.80078125,6069.93505859375,200000700,6069.93505859375,"Indonesia","^JKSE"
2021-06-08,6071.25,6075.88623046875,5992.1181640625,5999.369140625,265159600,5999.369140625,"Indonesia","^JKSE"
2021-06-09,5973.0361328125,6047.47509765625,5972.44921875,6047.47509765625,239289300,6047.47509765625,"Indonesia","^JKSE"
2021-06-10,6065.92578125,6111.44580078125,6064.93310546875,6107.5380859375,215823100,6107.5380859375,"Indonesia","^JKSE"
2021-06-11,6118.3798828125,6134.8818359375,6084.23876953125,6095.4970703125,196526600,6095.4970703125,"Indonesia","^JKSE"
2021-06-14,6110.796875,6124.8720703125,6071.72509765625,6080.3837890625,196186700,6080.3837890625,"Indonesia","^JKSE"
2021-06-15,6085.36083984375,6091.3671875,6051.2451171875,6089.0380859375,163564500,6089.0380859375,"Indonesia","^JKSE"
2021-06-16,6071.43896484375,6114.09619140625,6049.5751953125,6078.56787109375,152950200,6078.56787109375,"Indonesia","^JKSE"
2021-06-17,6063.537109375,6082.2919921875,6034.8271484375,6068.44677734375,205095900,6068.44677734375,"Indonesia","^JKSE"
2021-06-18,6065.51904296875,6070.416015625,5944.05322265625,6007.1201171875,238006900,6007.1201171875,"Indonesia","^JKSE"
2021-06-21,5959.96484375,6021.494140625,5884.91796875,5996.2529296875,159997500,5996.2529296875,"Indonesia","^JKSE"
2021-06-22,6006.6650390625,6118.86181640625,6006.6650390625,6087.841796875,151167900,6087.841796875,"Indonesia","^JKSE"
2021-06-23,6095.89501953125,6130.09619140625,6034.54296875,6034.54296875,199578400,6034.54296875,"Indonesia","^JKSE"
2021-06-24,6052.080078125,6060.48876953125,6003.19677734375,6012.05615234375,168548200,6012.05615234375,"Indonesia","^JKSE"
2021-06-25,6027.22021484375,6067.791015625,6019.40478515625,6022.39892578125,172441600,6022.39892578125,"Indonesia","^JKSE"
2021-06-28,6015.27880859375,6030.89013671875,5939.47119140625,5939.47119140625,145849200,5939.47119140625,"Indonesia","^JKSE"
2021-06-29,5944.2421875,5992.86376953125,5913.5908203125,5949.0498046875,188801800,5949.0498046875,"Indonesia","^JKSE"
2021-06-30,5950.43310546875,6011.2568359375,5950.423828125,5985.48876953125,203167100,5985.48876953125,"Indonesia","^JKSE"
2021-07-01,6001.12109375,6039.0341796875,5969.09912109375,6005.9580078125,140966500,6005.9580078125,"Indonesia","^JKSE"
2021-07-02,6020.07421875,6043.43212890625,6014.87109375,6023.0078125,146766100,6023.0078125,"Indonesia","^JKSE"
2021-07-05,6024.1650390625,6036.97900390625,5985.35400390625,6005.60888671875,131732000,6005.60888671875,"Indonesia","^JKSE"
2021-07-06,6015.5810546875,6054.60791015625,6013.06201171875,6047.11083984375,161021000,6047.11083984375,"Indonesia","^JKSE"
2021-07-07,6062.76904296875,6066.994140625,6022.30517578125,6044.037109375,165513600,6044.037109375,"Indonesia","^JKSE"
2021-07-08,6052.80419921875,6080.22216796875,6028.60791015625,6039.89599609375,159513500,6039.89599609375,"Indonesia","^JKSE"
2021-07-09,6037.00390625,6060.541015625,6026.5478515625,6039.84423828125,136425200,6039.84423828125,"Indonesia","^JKSE"
2021-07-12,6060.05419921875,6097.1201171875,6055.98583984375,6078.56787109375,135385400,6078.56787109375,"Indonesia","^JKSE"
2021-07-13,6097.22900390625,6114.2861328125,6004.82177734375,6012.0322265625,172635900,6012.0322265625,"Indonesia","^JKSE"
2021-07-14,6008.2412109375,6013.0419921875,5947.6181640625,5979.21484375,138499900,5979.21484375,"Indonesia","^JKSE"
2021-07-15,5986.64990234375,6046.75390625,5982.80419921875,6046.75390625,141035200,6046.75390625,"Indonesia","^JKSE"
2021-07-16,6063.421875,6079.13916015625,6051.7578125,6072.509765625,129367700,6072.509765625,"Indonesia","^JKSE"
2021-07-19,6062.9658203125,6063.64697265625,6015.14892578125,6017.39404296875,123010800,6017.39404296875,"Indonesia","^JKSE"
2021-07-21,6034.57177734375,6053.19287109375,6020.86376953125,6029.97607421875,153050600,6029.97607421875,"Indonesia","^JKSE"
2021-07-22,6057.541015625,6137.546875,6057.541015625,6137.546875,178417800,6137.546875,"Indonesia","^JKSE"
2021-07-23,6145.76123046875,6166.30517578125,6090.60302734375,6101.68994140625,143269200,6101.68994140625,"Indonesia","^JKSE"
2021-07-26,6109.03076171875,6137.0458984375,6091.01513671875,6106.39404296875,156210200,6106.39404296875,"Indonesia","^JKSE"
2021-07-27,6120.92919921875,6144.5849609375,6068.51220703125,6097.048828125,179173700,6097.048828125,"Indonesia","^JKSE"
2021-07-28,6094.541015625,6116.5048828125,6074.8671875,6088.52294921875,161217600,6088.52294921875,"Indonesia","^JKSE"
2021-07-29,6106.61181640625,6135.34912109375,6096.5029296875,6120.72705078125,178890400,6120.72705078125,"Indonesia","^JKSE"
2021-07-30,6136.3681640625,6160.462890625,6069.83984375,6070.0390625,193641700,6070.0390625,"Indonesia","^JKSE"
2021-08-02,6098.0078125,6112.8291015625,6048.10107421875,6096.54296875,216299000,6096.54296875,"Indonesia","^JKSE"
2021-08-03,6107.99609375,6142.51513671875,6105.10986328125,6130.57080078125,226801300,6130.57080078125,"Indonesia","^JKSE"
2021-08-04,6142.47509765625,6163.81494140625,6112.72021484375,6159.03515625,271201100,6159.03515625,"Indonesia","^JKSE"
2021-08-05,6174.60791015625,6218.64599609375,6173.57421875,6205.4169921875,268332500,6205.4169921875,"Indonesia","^JKSE"
2021-08-06,6223.833984375,6263.5390625,6190.85693359375,6203.43115234375,245459900,6203.43115234375,"Indonesia","^JKSE"
2021-08-09,6203.7470703125,6239.01513671875,6110.546875,6127.4560546875,293622300,6127.4560546875,"Indonesia","^JKSE"
2021-08-10,6139.33984375,6147.76513671875,6042.47509765625,6088.408203125,205029900,6088.408203125,"Indonesia","^JKSE"
2021-08-12,6092.2451171875,6139.80810546875,6051.85205078125,6139.65185546875,206955800,6139.65185546875,"Indonesia","^JKSE"
2021-08-13,6154.0517578125,6179.89599609375,6113.26318359375,6139.4921875,163739300,6139.4921875,"Indonesia","^JKSE"
2021-08-16,6144.94287109375,6147.30419921875,6056.73681640625,6087.9130859375,171745600,6087.9130859375,"Indonesia","^JKSE"
2021-08-18,6109.56103515625,6136.2822265625,6040.60302734375,6118.14990234375,208983000,6118.14990234375,"Indonesia","^JKSE"
2021-08-19,6110.5498046875,6111.01220703125,5958.0439453125,5992.32177734375,214361500,5992.32177734375,"Indonesia","^JKSE"
2021-08-20,5988.7578125,6030.77197265625,5938.4072265625,6030.77197265625,200995800,6030.77197265625,"Indonesia","^JKSE"
2021-08-23,6037.7001953125,6109.828125,6037.7001953125,6109.828125,193786700,6109.828125,"Indonesia","^JKSE"
2021-08-24,6114.6669921875,6138.4970703125,6053.5732421875,6089.4970703125,238973300,6089.4970703125,"Indonesia","^JKSE"
2021-08-25,6094.14501953125,6131.91015625,6093.09521484375,6113.240234375,214295900,6113.240234375,"Indonesia","^JKSE"
2021-08-26,6107.0400390625,6119.6572265625,6034.0498046875,6058.080078125,172987800,6058.080078125,"Indonesia","^JKSE"
2021-08-27,6052.8271484375,6066.4912109375,6021.9541015625,6041.3662109375,156989800,6041.3662109375,"Indonesia","^JKSE"
2021-08-30,6062.11279296875,6144.90185546875,6062.11279296875,6144.90185546875,159300800,6144.90185546875,"Indonesia","^JKSE"
2021-08-31,6148.76806640625,6158.06982421875,6117.5029296875,6150.298828125,189133300,6150.298828125,"Indonesia","^JKSE"
2021-09-01,6157.82080078125,6169.05615234375,6089.23291015625,6090.93310546875,194563800,6090.93310546875,"Indonesia","^JKSE"
2021-09-02,6092.65087890625,6110.0498046875,6054.28076171875,6078.22900390625,179403300,6078.22900390625,"Indonesia","^JKSE"
2021-09-03,6085.6279296875,6126.9208984375,6056.18603515625,6126.9208984375,171489500,6126.9208984375,"Indonesia","^JKSE"
2021-09-06,6137.1259765625,6150.35791015625,6100.93115234375,6126.93798828125,173887900,6126.93798828125,"Indonesia","^JKSE"
2021-09-07,6135.8701171875,6145.48876953125,6100.94384765625,6112.39990234375,180693200,6112.39990234375,"Indonesia","^JKSE"
2021-09-08,6114.47705078125,6123.755859375,6001.5791015625,6026.02001953125,196394300,6026.02001953125,"Indonesia","^JKSE"
2021-09-09,6024.31689453125,6072.64306640625,5982.76611328125,6068.21923828125,214651900,6068.21923828125,"Indonesia","^JKSE"
2021-09-10,6059.15478515625,6102.8310546875,6047.60888671875,6094.873046875,192886100,6094.873046875,"Indonesia","^JKSE"
2021-09-13,6080.06201171875,6094.98779296875,6052.97021484375,6088.1572265625,158870000,6088.1572265625,"Indonesia","^JKSE"
2021-09-14,6100.62890625,6130.86279296875,6099.158203125,6129.09521484375,201683300,6129.09521484375,"Indonesia","^JKSE"
2021-09-15,6123.91015625,6125.333984375,6100.00390625,6110.22900390625,188698800,6110.22900390625,"Indonesia","^JKSE"
2021-09-16,6126.55517578125,6137.6689453125,6098.876953125,6109.94189453125,218872800,6109.94189453125,"Indonesia","^JKSE"
2021-09-17,6098.8779296875,6133.24609375,6086.083984375,6133.24609375,224719500,6133.24609375,"Indonesia","^JKSE"
2021-09-20,6132.0341796875,6133.1708984375,6053.93212890625,6076.31494140625,176619400,6076.31494140625,"Indonesia","^JKSE"
2021-09-21,6049.79296875,6068.79296875,5996.4072265625,6060.7568359375,179600700,6060.7568359375,"Indonesia","^JKSE"
2021-09-22,6060.30517578125,6123.7412109375,6059.6279296875,6108.26513671875,184349300,6108.26513671875,"Indonesia","^JKSE"
2021-09-23,6117.64306640625,6148.14697265625,6117.576171875,6142.7119140625,213294700,6142.7119140625,"Indonesia","^JKSE"
2021-09-24,6142.287109375,6163.8837890625,6119.13720703125,6144.81494140625,196295300,6144.81494140625,"Indonesia","^JKSE"
2021-09-27,6141.47021484375,6163.27978515625,6109.666015625,6122.4951171875,206632900,6122.4951171875,"Indonesia","^JKSE"
2021-09-28,6128.05810546875,6137.9541015625,6097.72216796875,6113.11181640625,272570100,6113.11181640625,"Indonesia","^JKSE"
2021-09-29,6100.826171875,6162.55419921875,6086.26318359375,6162.55419921875,230726900,6162.55419921875,"Indonesia","^JKSE"
2021-09-30,6175.416015625,6286.94287109375,6174.18212890625,6286.94287109375,202745700,6286.94287109375,"Indonesia","^JKSE"
2021-10-01,6269.23779296875,6272.06494140625,6202.90576171875,6228.84521484375,190252600,6228.84521484375,"Indonesia","^JKSE"
2021-10-04,6234.798828125,6342.68603515625,6234.798828125,6342.68603515625,257881700,6342.68603515625,"Indonesia","^JKSE"
2021-10-05,6337.326171875,6361.453125,6277.7001953125,6288.048828125,268318400,6288.048828125,"Indonesia","^JKSE"
2021-10-06,6313.65283203125,6441.50390625,6307.10888671875,6417.3232421875,231440600,6417.3232421875,"Indonesia","^JKSE"
2021-10-07,6414.912109375,6458.63818359375,6392.72705078125,6416.39599609375,183232100,6416.39599609375,"Indonesia","^JKSE"
2021-10-08,6440,6497.65576171875,6436.51708984375,6481.76904296875,231302300,6481.76904296875,"Indonesia","^JKSE"
2021-10-11,6482.95703125,6506.091796875,6451.67822265625,6459.69677734375,204779900,6459.69677734375,"Indonesia","^JKSE"
2021-10-12,6462.31494140625,6504.01318359375,6460.0869140625,6486.26708984375,204607300,6486.26708984375,"Indonesia","^JKSE"
2021-10-13,6502.1572265625,6600.51806640625,6492.65576171875,6536.90380859375,193450700,6536.90380859375,"Indonesia","^JKSE"
2021-10-14,6552.2109375,6637.39990234375,6552.2109375,6626.11376953125,178191500,6626.11376953125,"Indonesia","^JKSE"
2021-10-15,6645.259765625,6680.0087890625,6573.3427734375,6633.337890625,160148800,6633.337890625,"Indonesia","^JKSE"
2021-10-18,6649.28076171875,6684.81884765625,6620.84521484375,6658.76806640625,188565300,6658.76806640625,"Indonesia","^JKSE"
2021-10-19,6665.71923828125,6677.59716796875,6613.88916015625,6655.998046875,188504800,6655.998046875,"Indonesia","^JKSE"
2021-10-21,6670.27294921875,6687.1337890625,6602.06591796875,6632.97216796875,215065000,6632.97216796875,"Indonesia","^JKSE"
2021-10-22,6620.6591796875,6655.44287109375,6585.55712890625,6643.73779296875,165782200,6643.73779296875,"Indonesia","^JKSE"
2021-10-25,6626.3671875,6673.51513671875,6625.69677734375,6625.69677734375,175632400,6625.69677734375,"Indonesia","^JKSE"
2021-10-26,6640.0517578125,6680.1171875,6638.02783203125,6656.93701171875,180194900,6656.93701171875,"Indonesia","^JKSE"
2021-10-27,6664.373046875,6670.80908203125,6590.5048828125,6602.208984375,182503600,6602.208984375,"Indonesia","^JKSE"
2021-10-28,6578.5830078125,6600.2470703125,6509.8779296875,6524.076171875,189347200,6524.076171875,"Indonesia","^JKSE"
2021-10-29,6561.712890625,6596.76904296875,6551.5390625,6591.34619140625,171512200,6591.34619140625,"Indonesia","^JKSE"
2021-11-01,6618.1220703125,6627.85107421875,6552.88916015625,6552.88916015625,182528900,6552.88916015625,"Indonesia","^JKSE"
2021-11-02,6557.94482421875,6573.69384765625,6480.009765625,6493.27490234375,165299300,6493.27490234375,"Indonesia","^JKSE"
2021-11-03,6497.865234375,6561.81005859375,6485.2509765625,6552.1298828125,171604200,6552.1298828125,"Indonesia","^JKSE"
2021-11-04,6588.18896484375,6617.86181640625,6583.169921875,6586.44287109375,155291000,6586.44287109375,"Indonesia","^JKSE"
2021-11-05,6600.72216796875,6608.4248046875,6550.1171875,6581.78515625,154117700,6581.78515625,"Indonesia","^JKSE"
2021-11-08,6599.40478515625,6637.01123046875,6592.05517578125,6632.296875,167444200,6632.296875,"Indonesia","^JKSE"
2021-11-09,6640.22119140625,6669.9248046875,6633.2080078125,6669.9248046875,192392200,6669.9248046875,"Indonesia","^JKSE"
2021-11-10,6665.548828125,6683.14501953125,6651.7978515625,6683.14501953125,153422900,6683.14501953125,"Indonesia","^JKSE"
2021-11-11,6694.5830078125,6704.4638671875,6671.22705078125,6691.341796875,209193300,6691.341796875,"Indonesia","^JKSE"
2021-11-12,6710.85302734375,6714.158203125,6646.31591796875,6651.05419921875,198646700,6651.05419921875,"Indonesia","^JKSE"
2021-11-15,6661.84912109375,6675.59521484375,6610.8232421875,6616.02880859375,203267300,6616.02880859375,"Indonesia","^JKSE"
2021-11-16,6598.408203125,6654.51513671875,6592.22802734375,6651.20703125,207039500,6651.20703125,"Indonesia","^JKSE"
2021-11-17,6667.86181640625,6679.30419921875,6650.494140625,6675.80419921875,217158400,6675.80419921875,"Indonesia","^JKSE"
2021-11-18,6653.7001953125,6669.7861328125,6621.69287109375,6636.46923828125,248016700,6636.46923828125,"Indonesia","^JKSE"
2021-11-19,6651.77880859375,6720.98779296875,6651.77880859375,6720.26318359375,258781800,6720.26318359375,"Indonesia","^JKSE"
2021-11-22,6731.51513671875,6754.4638671875,6690.81787109375,6723.38623046875,218097200,6723.38623046875,"Indonesia","^JKSE"
2021-11-23,6716.1572265625,6732.89794921875,6662.5380859375,6677.8759765625,186336800,6677.8759765625,"Indonesia","^JKSE"
2021-11-24,6697.423828125,6698.4140625,6668.05419921875,6683.27685546875,224587000,6683.27685546875,"Indonesia","^JKSE"
2021-11-25,6694.95703125,6751.001953125,6694.796875,6699.34619140625,215655400,6699.34619140625,"Indonesia","^JKSE"
2021-11-26,6688.56884765625,6691.7119140625,6544.89599609375,6561.55322265625,242523500,6561.55322265625,"Indonesia","^JKSE"
2021-11-29,6552.80322265625,6617.287109375,6487.748046875,6608.2900390625,0,6608.2900390625,"Indonesia","^JKSE"
2021-11-30,6605.796875,6647.47705078125,6533.93212890625,6533.93212890625,216798600,6533.93212890625,"Indonesia","^JKSE"
2021-12-01,6544.51708984375,6593.07421875,6494.4970703125,6507.6767578125,195068500,6507.6767578125,"Indonesia","^JKSE"
2021-12-02,6517.3388671875,6586.89599609375,6484.578125,6583.81982421875,210837500,6583.81982421875,"Indonesia","^JKSE"
2021-12-03,6588.01416015625,6600.1650390625,6536.9072265625,6538.505859375,172625500,6538.505859375,"Indonesia","^JKSE"
2021-12-06,6552.81591796875,6585.26318359375,6525.98486328125,6547.1162109375,180052400,6547.1162109375,"Indonesia","^JKSE"
2021-12-07,6575.97607421875,6608.6337890625,6573.10986328125,6602.56884765625,212352000,6602.56884765625,"Indonesia","^JKSE"
2021-12-08,6618.7548828125,6632.94091796875,6584.96923828125,6603.7978515625,216901600,6603.7978515625,"Indonesia","^JKSE"
2021-12-09,6617.1328125,6643.93212890625,6602.876953125,6643.93212890625,240218200,6643.93212890625,"Indonesia","^JKSE"
2021-12-10,6618.68603515625,6652.921875,6605.416015625,6652.921875,229170800,6652.921875,"Indonesia","^JKSE"
2021-12-13,6663.73876953125,6688.37890625,6659.1669921875,6662.87109375,232086300,6662.87109375,"Indonesia","^JKSE"
2021-12-14,6665.3828125,6671.31298828125,6598.69482421875,6615.63720703125,187591100,6615.63720703125,"Indonesia","^JKSE"
2021-12-15,6615.72412109375,6662.83984375,6610.4521484375,6626.2568359375,196016500,6626.2568359375,"Indonesia","^JKSE"
2021-12-16,6648.2880859375,6661.94482421875,6579.36376953125,6594.7978515625,185929900,6594.7978515625,"Indonesia","^JKSE"
2021-12-17,6584.88720703125,6609.044921875,6559.30322265625,6601.93212890625,210214300,6601.93212890625,"Indonesia","^JKSE"
2021-12-20,6571.34521484375,6579.12890625,6533.52294921875,6547.11181640625,181341400,6547.11181640625,"Indonesia","^JKSE"
2021-12-21,6545.537109375,6579.89208984375,6531.56494140625,6554.30908203125,186470700,6554.30908203125,"Indonesia","^JKSE"
2021-12-22,6572.53515625,6592.1669921875,6529.5927734375,6529.5927734375,187213900,6529.5927734375,"Indonesia","^JKSE"
2021-12-23,6537.59912109375,6570.287109375,6531.77783203125,6555.55078125,209975800,6555.55078125,"Indonesia","^JKSE"
2021-12-24,6559.0888671875,6583.85986328125,6554.97998046875,6562.89990234375,176357600,6562.89990234375,"Indonesia","^JKSE"
2021-12-27,6570.55810546875,6588.42578125,6562.55419921875,6575.44384765625,179010000,6575.44384765625,"Indonesia","^JKSE"
2021-12-28,6588.1337890625,6615.94580078125,6586.52001953125,6598.3427734375,191799500,6598.3427734375,"Indonesia","^JKSE"
2021-12-29,6603.755859375,6621.5791015625,6585.39599609375,6600.6767578125,200549500,6600.6767578125,"Indonesia","^JKSE"
2021-12-30,6609.44287109375,6613.72802734375,6581.48193359375,6581.48193359375,192017600,6581.48193359375,"Indonesia","^JKSE"
2022-01-03,6586.259765625,6677.19921875,6586.1328125,6665.30810546875,182552700,6665.30810546875,"Indonesia","^JKSE"
2022-01-04,6675.1298828125,6720.6572265625,6675.1298828125,6695.373046875,185900100,6695.373046875,"Indonesia","^JKSE"
2022-01-05,6703.171875,6738.10986328125,6634.8388671875,6662.298828125,179080500,6662.298828125,"Indonesia","^JKSE"
2022-01-06,6674.85205078125,6679.85107421875,6593.22900390625,6653.35107421875,179990500,6653.35107421875,"Indonesia","^JKSE"
2022-01-07,6669.51123046875,6712.14697265625,6647.712890625,6701.31591796875,157064700,6701.31591796875,"Indonesia","^JKSE"
2022-01-10,6697.3759765625,6725.02392578125,6689.2822265625,6691.1240234375,159382400,6691.1240234375,"Indonesia","^JKSE"
2022-01-11,6705.7958984375,6727.76708984375,6636.5009765625,6647.97021484375,181053500,6647.97021484375,"Indonesia","^JKSE"
2022-01-12,6662.39501953125,6690.3232421875,6625.7568359375,6647.06494140625,192900600,6647.06494140625,"Indonesia","^JKSE"
2022-01-13,6659.97314453125,6667.94091796875,6626.3388671875,6658.35595703125,180765500,6658.35595703125,"Indonesia","^JKSE"
2022-01-14,6653.64599609375,6699.4130859375,6631.0458984375,6693.40087890625,140467300,6693.40087890625,"Indonesia","^JKSE"
2022-01-17,6711.40576171875,6711.82177734375,6625.86279296875,6645.0478515625,148626000,6645.0478515625,"Indonesia","^JKSE"
2022-01-18,6654.958984375,6667.40478515625,6534.27001953125,6614.05908203125,172778900,6614.05908203125,"Indonesia","^JKSE"
2022-01-19,6609.83203125,6615.451171875,6575.380859375,6591.98095703125,171354300,6591.98095703125,"Indonesia","^JKSE"
2022-01-20,6607.798828125,6637.20703125,6587.76513671875,6626.87109375,158271000,6626.87109375,"Indonesia","^JKSE"
2022-01-21,6626.34814453125,6726.373046875,6607.41796875,6726.373046875,154628300,6726.373046875,"Indonesia","^JKSE"
2022-01-24,6700.82177734375,6712.26220703125,6645.4091796875,6655.166015625,176239200,6655.166015625,"Indonesia","^JKSE"
2022-01-25,6630.8779296875,6632.953125,6523.92919921875,6568.1728515625,213235100,6568.1728515625,"Indonesia","^JKSE"
2022-01-26,6569.81787109375,6601.3369140625,6549.52099609375,6600.81884765625,226349800,6600.81884765625,"Indonesia","^JKSE"
2022-01-27,6586.85400390625,6627.40576171875,6570.75,6611.1611328125,177817500,6611.1611328125,"Indonesia","^JKSE"
2022-01-28,6618.7177734375,6645.51123046875,6603.4912109375,6645.51123046875,192680600,6645.51123046875,"Indonesia","^JKSE"
2022-01-31,6656.70703125,6669.9111328125,6626.65576171875,6631.15087890625,182548300,6631.15087890625,"Indonesia","^JKSE"
2022-02-02,6657.7919921875,6716.59716796875,6650.30322265625,6707.65185546875,214830000,6707.65185546875,"Indonesia","^JKSE"
2022-02-03,6724.39892578125,6730.59814453125,6648.078125,6683.85107421875,202406000,6683.85107421875,"Indonesia","^JKSE"
2022-02-04,6697.94287109375,6731.39111328125,6685.40380859375,6731.39111328125,177332600,6731.39111328125,"Indonesia","^JKSE"
2022-02-07,6751.34912109375,6806.72998046875,6748.9091796875,6804.93701171875,225856300,6804.93701171875,"Indonesia","^JKSE"
2022-02-08,6813.18408203125,6860.75,6780.4169921875,6789.52197265625,255862800,6789.52197265625,"Indonesia","^JKSE"
2022-02-09,6811.75390625,6840.39404296875,6796.6328125,6834.60595703125,253458500,6834.60595703125,"Indonesia","^JKSE"
2022-02-10,6859.333984375,6874.35107421875,6814.2109375,6823.64208984375,279507200,6823.64208984375,"Indonesia","^JKSE"
2022-02-11,6813.60791015625,6825.06201171875,6773.537109375,6815.60693359375,223574800,6815.60693359375,"Indonesia","^JKSE"
2022-02-14,6791.31591796875,6796.7119140625,6698.5087890625,6734.48583984375,202907800,6734.48583984375,"Indonesia","^JKSE"
2022-02-15,6746.35888671875,6807.4970703125,6727.35888671875,6807.4970703125,210390400,6807.4970703125,"Indonesia","^JKSE"
2022-02-16,6821.92578125,6857.64990234375,6821.158203125,6850.1982421875,216253600,6850.1982421875,"Indonesia","^JKSE"
2022-02-17,6836.18310546875,6859.7060546875,6790.5908203125,6835.1171875,229539500,6835.1171875,"Indonesia","^JKSE"
2022-02-18,6837.51904296875,6899.41015625,6812.35595703125,6892.81787109375,233754300,6892.81787109375,"Indonesia","^JKSE"
2022-02-21,6896.751953125,6927.9091796875,6886.1328125,6902.96484375,231576400,6902.96484375,"Indonesia","^JKSE"
2022-02-22,6879.81884765625,6903.99609375,6823.94482421875,6861.994140625,196218500,6861.994140625,"Indonesia","^JKSE"
2022-02-23,6878.625,6920.05615234375,6873.81396484375,6920.05615234375,204842700,6920.05615234375,"Indonesia","^JKSE"
2022-02-24,6912.47705078125,6929.9111328125,6758.86083984375,6817.81982421875,282680700,6817.81982421875,"Indonesia","^JKSE"
2022-02-25,6825.37109375,6904.91015625,6822.244140625,6888.1708984375,211896500,6888.1708984375,"Indonesia","^JKSE"
2022-03-01,6964.69677734375,6996.93505859375,6915.97607421875,6921.44091796875,196006400,6921.44091796875,"Indonesia","^JKSE"
2022-03-02,6956.6181640625,6973.35791015625,6861.958984375,6868.40185546875,325795100,6868.40185546875,"Indonesia","^JKSE"
2022-03-04,6921.31591796875,6936.98876953125,6895.73095703125,6928.328125,247492300,6928.328125,"Indonesia","^JKSE"
2022-03-07,6905.32421875,6917.93310546875,6843.81201171875,6869.06591796875,261271800,6869.06591796875,"Indonesia","^JKSE"
2022-03-08,6895.630859375,6929.86279296875,6814.18310546875,6814.18310546875,246218500,6814.18310546875,"Indonesia","^JKSE"
2022-03-09,6836.671875,6888.93017578125,6824.0908203125,6864.44091796875,209971800,6864.44091796875,"Indonesia","^JKSE"
2022-03-10,6897.1748046875,6924.0078125,6837.72509765625,6924.0078125,194071700,6924.0078125,"Indonesia","^JKSE"
2022-03-11,6872.6318359375,6922.60205078125,6853.85791015625,6922.60205078125,174120300,6922.60205078125,"Indonesia","^JKSE"
2022-03-14,6949.2060546875,6969.9931640625,6918.31298828125,6952.2041015625,193318000,6952.2041015625,"Indonesia","^JKSE"
2022-03-15,6968.34912109375,6996.32080078125,6894.9208984375,6918.18505859375,189709300,6918.18505859375,"Indonesia","^JKSE"
2022-03-16,6951.35205078125,6992.39501953125,6946.8427734375,6992.39501953125,171297500,6992.39501953125,"Indonesia","^JKSE"
2022-03-17,7016.5322265625,7032.7021484375,6949.166015625,6964.384765625,197411300,6964.384765625,"Indonesia","^JKSE"
2022-03-18,6981.26220703125,7000.587890625,6926.4140625,6954.96484375,198102900,6954.96484375,"Indonesia","^JKSE"
2022-03-21,6945.89306640625,6974.15380859375,6929.93408203125,6955.18115234375,216686100,6955.18115234375,"Indonesia","^JKSE"
2022-03-22,6974.97705078125,7003.259765625,6968.201171875,7000.82177734375,188258200,7000.82177734375,"Indonesia","^JKSE"
2022-03-23,7010.8388671875,7022.0439453125,6976.1591796875,6996.115234375,214242900,6996.115234375,"Indonesia","^JKSE"
2022-03-24,6986.18310546875,7049.68505859375,6977.833984375,7049.68505859375,264967400,7049.68505859375,"Indonesia","^JKSE"
2022-03-25,7050.55322265625,7055.3408203125,6978.39892578125,7002.5322265625,201857500,7002.5322265625,"Indonesia","^JKSE"
2022-03-28,6996.31787109375,7051.541015625,6987.22314453125,7049.60302734375,174012100,7049.60302734375,"Indonesia","^JKSE"
2022-03-29,7052.73486328125,7072.77783203125,7007.91015625,7011.68896484375,185204100,7011.68896484375,"Indonesia","^JKSE"
2022-03-30,7037.2021484375,7055.8662109375,7022.65185546875,7053.18994140625,194572800,7053.18994140625,"Indonesia","^JKSE"
2022-03-31,7070.76123046875,7099.4970703125,7049.81005859375,7071.44189453125,178707400,7071.44189453125,"Indonesia","^JKSE"
2022-04-01,7093.69921875,7099.3017578125,7040.4912109375,7078.759765625,157645900,7078.759765625,"Indonesia","^JKSE"
2022-04-04,7082.2470703125,7116.2177734375,7060.2138671875,7116.2177734375,173611100,7116.2177734375,"Indonesia","^JKSE"
2022-04-05,7122.9140625,7148.298828125,7110.11083984375,7148.298828125,184230300,7148.298828125,"Indonesia","^JKSE"
2022-04-06,7128.412109375,7147.9921875,7090.22412109375,7104.2158203125,216736400,7104.2158203125,"Indonesia","^JKSE"
2022-04-07,7115.0869140625,7145.16796875,7097.90380859375,7127.3671875,204797800,7127.3671875,"Indonesia","^JKSE"
2022-04-08,7157.30908203125,7216.494140625,7151.2587890625,7210.8349609375,207396700,7210.8349609375,"Indonesia","^JKSE"
2022-04-11,7212.0029296875,7355.2998046875,7194.60791015625,7203.7939453125,334575500,7203.7939453125,"Indonesia","^JKSE"
2022-04-12,7205.0771484375,7320.23681640625,7146.5859375,7214.78076171875,253923400,7214.78076171875,"Indonesia","^JKSE"
2022-04-13,7240.18896484375,7266.39892578125,7212.85791015625,7262.77685546875,245926100,7262.77685546875,"Indonesia","^JKSE"
2022-04-14,7265.31982421875,7282.90576171875,7234.3330078125,7235.5322265625,238683900,7235.5322265625,"Indonesia","^JKSE"
2022-04-18,7245.50390625,7277.0751953125,7243.36083984375,7275.2890625,210765700,7275.2890625,"Indonesia","^JKSE"
2022-04-19,7283.4169921875,7297.39404296875,7199.23193359375,7199.23193359375,214778100,7199.23193359375,"Indonesia","^JKSE"
2022-04-20,7226.8720703125,7262.55810546875,7184.96484375,7227.36181640625,266258400,7227.36181640625,"Indonesia","^JKSE"
2022-04-21,7249.4970703125,7294.671875,7245.72607421875,7276.19287109375,177135800,7276.19287109375,"Indonesia","^JKSE"
2022-04-22,7251.98095703125,7291.47998046875,7174.81005859375,7225.60595703125,249844600,7225.60595703125,"Indonesia","^JKSE"
2022-04-25,7204.1611328125,7234.31494140625,7121.85986328125,7215.97900390625,212314600,7215.97900390625,"Indonesia","^JKSE"
2022-04-26,7208.9228515625,7247.47509765625,7161.6591796875,7232.15283203125,197362000,7232.15283203125,"Indonesia","^JKSE"
2022-04-27,7211.7109375,7226.01904296875,7175.06689453125,7196.76416015625,201981800,7196.76416015625,"Indonesia","^JKSE"
2022-04-28,7260.27001953125,7267.11181640625,7204.59912109375,7228.9140625,194334400,7228.9140625,"Indonesia","^JKSE"
2022-05-09,7154.9169921875,7156.48388671875,6896.9990234375,6909.7509765625,212774700,6909.7509765625,"Indonesia","^JKSE"
2022-05-10,6747.56298828125,6832.09814453125,6662.61181640625,6819.7939453125,193141700,6819.7939453125,"Indonesia","^JKSE"
2022-05-11,6833.19384765625,6902.2158203125,6796.2958984375,6816.203125,0,6816.203125,"Indonesia","^JKSE"
2022-05-12,6802.328125,6802.328125,6576.30908203125,6599.83984375,194742800,6599.83984375,"Indonesia","^JKSE"
2022-05-13,6586.5771484375,6633.01416015625,6509.87890625,6597.9931640625,177689000,6597.9931640625,"Indonesia","^JKSE"
2022-05-17,6603.89306640625,6703.05078125,6574.13623046875,6644.466796875,195947200,6644.466796875,"Indonesia","^JKSE"
2022-05-18,6676.39404296875,6804.9072265625,6648.94091796875,6793.4140625,192322000,6793.4140625,"Indonesia","^JKSE"
2022-05-19,6719.7568359375,6851.7177734375,6620.68408203125,6823.3349609375,234684500,6823.3349609375,"Indonesia","^JKSE"
2022-05-20,6839.01611328125,6965.10595703125,6804.9072265625,6918.14404296875,193153300,6918.14404296875,"Indonesia","^JKSE"
2022-05-23,6930.93896484375,6972.18017578125,6802.712890625,6840.77490234375,181821900,6840.77490234375,"Indonesia","^JKSE"
2022-05-24,6859.22216796875,6941.6669921875,6822.14013671875,6914.14111328125,197751100,6914.14111328125,"Indonesia","^JKSE"
2022-05-25,6914.64501953125,6944.48291015625,6858.69580078125,6883.50390625,173878500,6883.50390625,"Indonesia","^JKSE"
2022-05-27,6948.22607421875,7032.82177734375,6938.29296875,7026.255859375,196905500,7026.255859375,"Indonesia","^JKSE"
2022-05-30,7052.1728515625,7069.2509765625,6974.6162109375,7037.56494140625,201457000,7037.56494140625,"Indonesia","^JKSE"
2022-05-31,7064.22607421875,7148.97021484375,7033.755859375,7148.97021484375,279640300,7148.97021484375,"Indonesia","^JKSE"
2022-06-02,7130.60107421875,7209.0791015625,7117.97900390625,7148.72314453125,227362900,7148.72314453125,"Indonesia","^JKSE"
2022-06-03,7176.68212890625,7233.9951171875,7170.69287109375,7182.9609375,240581300,7182.9609375,"Indonesia","^JKSE"
2022-06-06,7163.173828125,7194.5361328125,7056.1748046875,7096.58203125,231204100,7096.58203125,"Indonesia","^JKSE"
2022-06-07,7101.31298828125,7192.54296875,7062.9658203125,7141.044921875,275161800,7141.044921875,"Indonesia","^JKSE"
2022-06-08,7133.4970703125,7220.0849609375,7102.86181640625,7193.31396484375,260589300,7193.31396484375,"Indonesia","^JKSE"
2022-06-09,7186.89208984375,7257.9970703125,7174.81982421875,7182.830078125,270045800,7182.830078125,"Indonesia","^JKSE"
2022-06-10,7143.2412109375,7160.1162109375,7051.22314453125,7086.64794921875,244570500,7086.64794921875,"Indonesia","^JKSE"
2022-06-13,6992.22998046875,6996.7138671875,6924.9521484375,6995.44189453125,262879000,6995.44189453125,"Indonesia","^JKSE"
2022-06-14,6949.64794921875,7049.8818359375,6932.7138671875,7049.8818359375,234982700,7049.8818359375,"Indonesia","^JKSE"
2022-06-15,7031.19921875,7086.3818359375,6966.02685546875,7007.0498046875,274136800,7007.0498046875,"Indonesia","^JKSE"
2022-06-16,7063.0771484375,7138.49609375,7025.93115234375,7050.326171875,268578900,7050.326171875,"Indonesia","^JKSE"
2022-06-17,6987.751953125,6999.5390625,6882.64404296875,6936.966796875,281566500,6936.966796875,"Indonesia","^JKSE"
2022-06-20,6937.0078125,6976.376953125,6859.59912109375,6976.376953125,270432200,6976.376953125,"Indonesia","^JKSE"
2022-06-21,6976.3359375,7049.9091796875,6967.623046875,7044.07080078125,235393100,7044.07080078125,"Indonesia","^JKSE"
2022-06-22,7044.11083984375,7063.2587890625,6968.296875,6984.31103515625,214189700,6984.31103515625,"Indonesia","^JKSE"
2022-06-23,6984.31103515625,7010.27294921875,6920.73486328125,6998.26708984375,212119400,6998.26708984375,"Indonesia","^JKSE"
2022-06-24,6998.34814453125,7067.7470703125,6997.919921875,7042.93701171875,201464700,7042.93701171875,"Indonesia","^JKSE"
2022-06-27,7043.01806640625,7070.51904296875,6973.658203125,7016.05517578125,181378000,7016.05517578125,"Indonesia","^JKSE"
2022-06-28,7016.13623046875,7016.9169921875,6960.07177734375,6996.4560546875,172583900,6996.4560546875,"Indonesia","^JKSE"
2022-06-29,6996.4560546875,7016.05615234375,6942.35107421875,6942.35107421875,164738900,6942.35107421875,"Indonesia","^JKSE"
2022-06-30,6942.35107421875,6990.86181640625,6897.67578125,6911.58203125,164820700,6911.58203125,"Indonesia","^JKSE"
2022-07-01,6911.58203125,6940.97998046875,6777.31689453125,6794.328125,157368000,6794.328125,"Indonesia","^JKSE"
2022-07-04,6794.3681640625,6796.51904296875,6559.63720703125,6639.171875,172853700,6639.171875,"Indonesia","^JKSE"
2022-07-05,6639.2119140625,6767.8291015625,6639.2119140625,6703.26611328125,181055000,6703.26611328125,"Indonesia","^JKSE"
2022-07-06,6703.26611328125,6709.921875,6602.89697265625,6646.41015625,140628200,6646.41015625,"Indonesia","^JKSE"
2022-07-07,6646.41015625,6682.6669921875,6632.38720703125,6652.5869140625,157996000,6652.5869140625,"Indonesia","^JKSE"
2022-07-08,6652.6669921875,6740.21923828125,6652.6669921875,6740.21923828125,157598800,6740.21923828125,"Indonesia","^JKSE"
2022-07-11,6740.01904296875,6757.0869140625,6690.6162109375,6722.14501953125,163555700,6722.14501953125,"Indonesia","^JKSE"
2022-07-12,6722.18505859375,6745.42578125,6708.17578125,6718.2939453125,184326800,6718.2939453125,"Indonesia","^JKSE"
2022-07-13,6718.2939453125,6727.9228515625,6636.048828125,6640.990234375,169282000,6640.990234375,"Indonesia","^JKSE"
2022-07-14,6640.990234375,6700.05322265625,6607.7021484375,6690.0869140625,131271000,6690.0869140625,"Indonesia","^JKSE"
2022-07-15,6690.0869140625,6716.9560546875,6645.90283203125,6651.90478515625,145685800,6651.90478515625,"Indonesia","^JKSE"
2022-07-18,6652.06494140625,6702.07421875,6611.92578125,6659.2529296875,143740000,6659.2529296875,"Indonesia","^JKSE"
2022-07-19,6659.29296875,6740.0751953125,6626.2548828125,6736.091796875,170776400,6736.091796875,"Indonesia","^JKSE"
2022-07-20,6736.171875,6880.7568359375,6736.06396484375,6874.7431640625,182468200,6874.7431640625,"Indonesia","^JKSE"
2022-07-21,6874.783203125,6893.3759765625,6809.7158203125,6864.130859375,156437900,6864.130859375,"Indonesia","^JKSE"
2022-07-22,6864.130859375,6901.72021484375,6850.48876953125,6886.9619140625,199589800,6886.9619140625,"Indonesia","^JKSE"
2022-07-25,6887.0419921875,6908.19189453125,6858.4072265625,6858.4072265625,210616100,6858.4072265625,"Indonesia","^JKSE"
2022-07-26,6858.44677734375,6899.92919921875,6857.80078125,6871.537109375,320241300,6871.537109375,"Indonesia","^JKSE"
2022-07-27,6871.4970703125,6911.89990234375,6861.44677734375,6898.2158203125,276772700,6898.2158203125,"Indonesia","^JKSE"
2022-07-28,6898.2958984375,6984.5322265625,6898.2958984375,6956.81689453125,287336500,6956.81689453125,"Indonesia","^JKSE"
2022-07-29,6956.89697265625,7032.35302734375,6951.123046875,6951.123046875,292504000,6951.123046875,"Indonesia","^JKSE"
2022-08-01,6951.123046875,7005.29296875,6949.634765625,6968.783203125,238507600,6968.783203125,"Indonesia","^JKSE"
2022-08-02,6968.783203125,6991.39208984375,6902.6298828125,6988.1572265625,216232400,6988.1572265625,"Indonesia","^JKSE"
2022-08-03,6988.1572265625,7046.634765625,6971.73583984375,7046.634765625,225842100,7046.634765625,"Indonesia","^JKSE"
2022-08-04,7046.634765625,7075.56005859375,7025.05419921875,7057.34814453125,248154300,7057.34814453125,"Indonesia","^JKSE"
2022-08-05,7057.34814453125,7090.76708984375,7045.98193359375,7084.65478515625,173887000,7084.65478515625,"Indonesia","^JKSE"
2022-08-08,7084.65478515625,7100.80810546875,7050.82421875,7086.84912109375,219012400,7086.84912109375,"Indonesia","^JKSE"
2022-08-09,7086.84912109375,7144.2021484375,7086.84912109375,7102.8798828125,263201500,7102.8798828125,"Indonesia","^JKSE"
2022-08-10,7102.8798828125,7104.0341796875,7021.6728515625,7086.23583984375,200438400,7086.23583984375,"Indonesia","^JKSE"
2022-08-11,7086.27587890625,7181.10009765625,7086.27587890625,7160.384765625,246280600,7160.384765625,"Indonesia","^JKSE"
2022-08-12,7160.384765625,7164.669921875,7113.5791015625,7129.27685546875,240074700,7129.27685546875,"Indonesia","^JKSE"
2022-08-15,7129.27685546875,7156.919921875,7081.30419921875,7093.27587890625,228243500,7093.27587890625,"Indonesia","^JKSE"
2022-08-16,7093.27587890625,7147.97021484375,7080.7529296875,7133.453125,231209400,7133.453125,"Indonesia","^JKSE"
2022-08-18,7133.453125,7186.55810546875,7125.39404296875,7186.55810546875,239294800,7186.55810546875,"Indonesia","^JKSE"
2022-08-19,7186.59814453125,7230.11083984375,7172.43408203125,7172.43408203125,232876500,7172.43408203125,"Indonesia","^JKSE"
2022-08-22,7172.43408203125,7174.283203125,7064.5009765625,7107.98291015625,204493100,7107.98291015625,"Indonesia","^JKSE"
2022-08-23,7107.86279296875,7183.2587890625,7106.8349609375,7163.26513671875,260557700,7163.26513671875,"Indonesia","^JKSE"
2022-08-24,7163.30517578125,7204.419921875,7154.64404296875,7194.7060546875,221550000,7194.7060546875,"Indonesia","^JKSE"
2022-08-25,7194.7060546875,7210.1630859375,7146.31201171875,7174.2080078125,280881500,7174.2080078125,"Indonesia","^JKSE"
2022-08-26,7174.2880859375,7194.0810546875,7135.248046875,7135.248046875,273878800,7135.248046875,"Indonesia","^JKSE"
2022-08-29,7135.087890625,7135.087890625,7015.34716796875,7132.044921875,256806700,7132.044921875,"Indonesia","^JKSE"
2022-08-30,7132.0849609375,7223.1259765625,7131.6162109375,7159.47314453125,308273200,7159.47314453125,"Indonesia","^JKSE"
2022-08-31,7159.51318359375,7178.58984375,7073.22216796875,7178.58984375,256857200,7178.58984375,"Indonesia","^JKSE"
2022-09-01,7178.58984375,7197.05615234375,7135.02490234375,7153.10400390625,252393900,7153.10400390625,"Indonesia","^JKSE"
2022-09-02,7153.10400390625,7207.615234375,7146.81103515625,7177.17919921875,284827600,7177.17919921875,"Indonesia","^JKSE"
2022-09-05,7177.13916015625,7245.40087890625,7147.97607421875,7231.8828125,309176400,7231.8828125,"Indonesia","^JKSE"
2022-09-06,7231.9228515625,7287.7001953125,7230.79296875,7233.15478515625,346421400,7233.15478515625,"Indonesia","^JKSE"
2022-09-07,7233.15478515625,7243.52294921875,7166.6259765625,7186.7568359375,328200100,7186.7568359375,"Indonesia","^JKSE"
2022-09-08,7186.7568359375,7277.8837890625,7186.56396484375,7232.01708984375,277671500,7232.01708984375,"Indonesia","^JKSE"
2022-09-09,7232.05712890625,7270.296875,7206.3720703125,7242.65576171875,273581100,7242.65576171875,"Indonesia","^JKSE"
2022-09-12,7242.69580078125,7276.419921875,7218.4638671875,7254.4638671875,300778400,7254.4638671875,"Indonesia","^JKSE"
2022-09-13,7254.4638671875,7345.4560546875,7254.416015625,7318.01611328125,285339000,7318.01611328125,"Indonesia","^JKSE"
2022-09-14,7317.89599609375,7317.89599609375,7219.31982421875,7278.078125,250200100,7278.078125,"Indonesia","^JKSE"
2022-09-15,7278.1982421875,7377.4951171875,7278.1982421875,7305.60107421875,274253400,7305.60107421875,"Indonesia","^JKSE"
2022-09-16,7305.60107421875,7306.1630859375,7163.0732421875,7168.8701171875,351796400,7168.8701171875,"Indonesia","^JKSE"
2022-09-19,7168.9501953125,7231.416015625,7151.615234375,7195.48779296875,252816300,7195.48779296875,"Indonesia","^JKSE"
2022-09-20,7195.56787109375,7252.18603515625,7186.24609375,7196.951171875,279749000,7196.951171875,"Indonesia","^JKSE"
2022-09-21,7196.87109375,7204.90185546875,7134.78515625,7188.31396484375,246224300,7188.31396484375,"Indonesia","^JKSE"
2022-09-22,7188.19384765625,7225.55078125,7127.45703125,7218.90576171875,282626800,7218.90576171875,"Indonesia","^JKSE"
2022-09-23,7219.02587890625,7219.02587890625,7172.533203125,7178.5830078125,205509000,7178.5830078125,"Indonesia","^JKSE"
2022-09-26,7178.5029296875,7178.5029296875,7039.2412109375,7127.5029296875,193399700,7127.5029296875,"Indonesia","^JKSE"
2022-09-27,7127.5029296875,7133.4111328125,7075.65380859375,7112.44921875,227195500,7112.44921875,"Indonesia","^JKSE"
2022-09-28,7112.4091796875,7156.97998046875,7073.47314453125,7077.03076171875,193422200,7077.03076171875,"Indonesia","^JKSE"
2022-09-29,7077.11083984375,7135.5009765625,7023.2109375,7036.1982421875,214141900,7036.1982421875,"Indonesia","^JKSE"
2022-09-30,7036.1982421875,7056.169921875,6926.85986328125,7040.7978515625,208540900,7040.7978515625,"Indonesia","^JKSE"
2022-10-03,7040.7978515625,7047.6240234375,6995.06201171875,7009.7177734375,179996500,7009.7177734375,"Indonesia","^JKSE"
2022-10-04,7009.8369140625,7101.47216796875,7009.8369140625,7072.255859375,216377800,7072.255859375,"Indonesia","^JKSE"
2022-10-05,7072.294921875,7131.8798828125,7070.212890625,7075.384765625,219700600,7075.384765625,"Indonesia","^JKSE"
2022-10-06,7075.384765625,7135.908203125,7066.47119140625,7076.623046875,177554400,7076.623046875,"Indonesia","^JKSE"
2022-10-07,7076.623046875,7081.01806640625,7008.14404296875,7026.783203125,226928900,7026.783203125,"Indonesia","^JKSE"
2022-10-10,7026.6630859375,7026.6630859375,6947.71923828125,6994.39501953125,220135300,6994.39501953125,"Indonesia","^JKSE"
2022-10-11,6994.39501953125,7001.96923828125,6937.80908203125,6939.14501953125,237406700,6939.14501953125,"Indonesia","^JKSE"
2022-10-12,6939.14501953125,6990.587890625,6870.2822265625,6909.208984375,225826800,6909.208984375,"Indonesia","^JKSE"
2022-10-13,6909.208984375,6933.7080078125,6880.625,6880.625,175237300,6880.625,"Indonesia","^JKSE"
2022-10-14,6880.6650390625,6943.85498046875,6814.52978515625,6814.52978515625,188093100,6814.52978515625,"Indonesia","^JKSE"
2022-10-17,6814.52978515625,6836.97509765625,6747.3798828125,6831.115234375,217793900,6831.115234375,"Indonesia","^JKSE"
2022-10-18,6831.15478515625,6891.98486328125,6809.98486328125,6834.494140625,204836800,6834.494140625,"Indonesia","^JKSE"
2022-10-19,6834.494140625,6883.9169921875,6806.11376953125,6860.416015625,165404100,6860.416015625,"Indonesia","^JKSE"
2022-10-20,6860.416015625,6986.205078125,6847.06689453125,6980.65185546875,225664700,6980.65185546875,"Indonesia","^JKSE"
2022-10-21,6980.69189453125,7058.9111328125,6974.962890625,7017.77099609375,181511700,7017.77099609375,"Indonesia","^JKSE"
2022-10-24,7017.81103515625,7092.169921875,7017.4609375,7053.0439453125,203913800,7053.0439453125,"Indonesia","^JKSE"
2022-10-25,7053.083984375,7108.81591796875,7032.5419921875,7048.3798828125,223456200,7048.3798828125,"Indonesia","^JKSE"
2022-10-26,7048.419921875,7081.8798828125,7017.93505859375,7043.93896484375,187797900,7043.93896484375,"Indonesia","^JKSE"
2022-10-27,7043.97900390625,7104.85302734375,7043.97900390625,7091.76123046875,188078500,7091.76123046875,"Indonesia","^JKSE"
2022-10-28,7091.76123046875,7100.80810546875,7016.7021484375,7056.0400390625,186703600,7056.0400390625,"Indonesia","^JKSE"
2022-10-31,7056.0400390625,7113.11279296875,7051.42919921875,7098.89013671875,192397100,7098.89013671875,"Indonesia","^JKSE"
2022-11-01,7098.93017578125,7128.13623046875,7018.5517578125,7052.30322265625,193069500,7052.30322265625,"Indonesia","^JKSE"
2022-11-02,7052.30322265625,7074.23291015625,6976.87109375,7015.68994140625,165214300,7015.68994140625,"Indonesia","^JKSE"
2022-11-03,7015.68994140625,7050.380859375,6962.85302734375,7034.5732421875,176601600,7034.5732421875,"Indonesia","^JKSE"
2022-11-04,7034.5732421875,7045.52685546875,6973.31884765625,7045.52685546875,180561000,7045.52685546875,"Indonesia","^JKSE"
2022-11-07,7045.52685546875,7102.39599609375,7011.56396484375,7102.39599609375,194075900,7102.39599609375,"Indonesia","^JKSE"
2022-11-08,7102.43603515625,7111.43994140625,7039.251953125,7050.1259765625,193397800,7050.1259765625,"Indonesia","^JKSE"
2022-11-09,7050.0859375,7073.5517578125,7037.30712890625,7070.083984375,187445600,7070.083984375,"Indonesia","^JKSE"
2022-11-10,7070.083984375,7070.083984375,6956.2880859375,6966.8369140625,188518000,6966.8369140625,"Indonesia","^JKSE"
2022-11-11,6966.99609375,7106.06005859375,6966.99609375,7089.2060546875,226055800,7089.2060546875,"Indonesia","^JKSE"
2022-11-14,7089.2060546875,7104.76416015625,7014.2978515625,7019.39208984375,174641100,7019.39208984375,"Indonesia","^JKSE"
2022-11-15,7019.39208984375,7048.39013671875,6999.23583984375,7035.5,167825000,7035.5,"Indonesia","^JKSE"
2022-11-16,7035.5,7046.9990234375,6955.52880859375,7014.3837890625,165129900,7014.3837890625,"Indonesia","^JKSE"
2022-11-17,7014.3837890625,7051.27490234375,6965.76220703125,7044.98583984375,156588900,7044.98583984375,"Indonesia","^JKSE"
2022-11-18,7045.02587890625,7094.09716796875,7027.74609375,7082.18115234375,167164400,7082.18115234375,"Indonesia","^JKSE"
2022-11-21,7082.18115234375,7107.3232421875,7050.44091796875,7063.2470703125,162801100,7063.2470703125,"Indonesia","^JKSE"
2022-11-22,7063.2470703125,7108.8310546875,7030.587890625,7030.587890625,177602200,7030.587890625,"Indonesia","^JKSE"
2022-11-23,7030.626953125,7089.69384765625,7026.39111328125,7054.123046875,157476700,7054.123046875,"Indonesia","^JKSE"
2022-11-24,7054.162109375,7104.88916015625,7054.162109375,7080.51513671875,159926700,7080.51513671875,"Indonesia","^JKSE"
2022-11-25,7080.55419921875,7086.56201171875,7013.22119140625,7053.14990234375,158716200,7053.14990234375,"Indonesia","^JKSE"
2022-11-28,7053.10986328125,7083.37890625,7011.453125,7017.35791015625,187211500,7017.35791015625,"Indonesia","^JKSE"
2022-11-29,7017.31787109375,7036.5380859375,6990.90087890625,7012.06884765625,164098100,7012.06884765625,"Indonesia","^JKSE"
2022-11-30,7012.10888671875,7081.31298828125,6993.69580078125,7081.31298828125,273493300,7081.31298828125,"Indonesia","^JKSE"
2022-12-01,7081.19482421875,7090.27685546875,7018.26904296875,7020.80322265625,167994300,7020.80322265625,"Indonesia","^JKSE"
2022-12-02,7020.80322265625,7021.81396484375,6967.9501953125,7019.63916015625,139459800,7019.63916015625,"Indonesia","^JKSE"
2022-12-05,7019.63916015625,7053.90283203125,6987.328125,6987.328125,165306000,6987.328125,"Indonesia","^JKSE"
2022-12-06,6987.3681640625,6987.3681640625,6862.56494140625,6892.56982421875,149697900,6892.56982421875,"Indonesia","^JKSE"
2022-12-07,6892.56982421875,6892.6630859375,6799.2998046875,6818.751953125,158724300,6818.751953125,"Indonesia","^JKSE"
2022-12-08,6818.791015625,6821.05078125,6683.62890625,6804.22705078125,162316700,6804.22705078125,"Indonesia","^JKSE"
2022-12-09,6804.22705078125,6804.22705078125,6695.3818359375,6715.1181640625,127123900,6715.1181640625,"Indonesia","^JKSE"
2022-12-12,6715.1181640625,6734.4521484375,6641.81005859375,6734.4521484375,134471100,6734.4521484375,"Indonesia","^JKSE"
2022-12-13,6734.4912109375,6826.1162109375,6714.8720703125,6810.31591796875,396136700,6810.31591796875,"Indonesia","^JKSE"
2022-12-14,6810.35595703125,6854.09814453125,6774.1318359375,6801.7490234375,215430000,6801.7490234375,"Indonesia","^JKSE"
2022-12-15,6801.7890625,6801.837890625,6740.955078125,6751.85986328125,145093400,6751.85986328125,"Indonesia","^JKSE"
2022-12-16,6751.85986328125,6812.19287109375,6693.76513671875,6812.19287109375,156126900,6812.19287109375,"Indonesia","^JKSE"
2022-12-19,6812.15380859375,6827.81494140625,6754.087890625,6779.6982421875,127896600,6779.6982421875,"Indonesia","^JKSE"
2022-12-20,6779.6982421875,6792.203125,6715.044921875,6768.31591796875,151817000,6768.31591796875,"Indonesia","^JKSE"
2022-12-21,6768.31591796875,6820.6630859375,6763.69677734375,6820.6630859375,139079800,6820.6630859375,"Indonesia","^JKSE"
2022-12-22,6820.7021484375,6844.12109375,6800.6171875,6824.43212890625,129012900,6824.43212890625,"Indonesia","^JKSE"
2022-12-23,6824.39306640625,6824.39306640625,6784.5869140625,6800.6728515625,120430300,6800.6728515625,"Indonesia","^JKSE"
2022-12-26,6800.712890625,6858.14697265625,6796.1669921875,6835.80810546875,117543200,6835.80810546875,"Indonesia","^JKSE"
2022-12-27,6835.84716796875,6933.88916015625,6835.662109375,6923.02685546875,121669200,6923.02685546875,"Indonesia","^JKSE"
2022-12-28,6923.06591796875,6953.0390625,6828.14013671875,6850.52001953125,120571100,6850.52001953125,"Indonesia","^JKSE"
2022-12-29,6850.52001953125,6879.5849609375,6786.98193359375,6860.0771484375,141016100,6860.0771484375,"Indonesia","^JKSE"
2022-12-30,6860.1162109375,6888.73583984375,6838.5888671875,6850.619140625,129302000,6850.619140625,"Indonesia","^JKSE"
2023-01-02,6850.740234375,6856.88916015625,6823.47900390625,6850.98388671875,109645000,6850.98388671875,"Indonesia","^JKSE"
2023-01-03,6850.98388671875,6908.001953125,6838.57421875,6888.7578125,156894900,6888.7578125,"Indonesia","^JKSE"
2023-01-04,6888.798828125,6900.60302734375,6813.23876953125,6813.23876953125,142541400,6813.23876953125,"Indonesia","^JKSE"
2023-01-05,6813.27978515625,6813.421875,6621.98681640625,6653.8408203125,180589300,6653.8408203125,"Indonesia","^JKSE"
2023-01-06,6653.759765625,6708.63720703125,6598.64599609375,6684.55810546875,109855600,6684.55810546875,"Indonesia","^JKSE"
2023-01-09,6684.55810546875,6726.9658203125,6638.64599609375,6688.26513671875,135949700,6688.26513671875,"Indonesia","^JKSE"
2023-01-10,6688.26513671875,6690.22900390625,6570.2431640625,6622.4990234375,144817300,6622.4990234375,"Indonesia","^JKSE"
2023-01-11,6622.5390625,6622.794921875,6557.919921875,6584.453125,124903900,6584.453125,"Indonesia","^JKSE"
2023-01-12,6584.494140625,6662.22900390625,6574.0888671875,6629.93408203125,148901900,6629.93408203125,"Indonesia","^JKSE"
2023-01-13,6629.93408203125,6658.47607421875,6600.59423828125,6641.830078125,165594900,6641.830078125,"Indonesia","^JKSE"
2023-01-16,6641.830078125,6688.05712890625,6627.69677734375,6688.05712890625,154893500,6688.05712890625,"Indonesia","^JKSE"
2023-01-17,6688.05712890625,6801.87109375,6688.05712890625,6767.33984375,217634400,6767.33984375,"Indonesia","^JKSE"
2023-01-18,6767.17822265625,6790.1640625,6721.4638671875,6765.7861328125,194959200,6765.7861328125,"Indonesia","^JKSE"
2023-01-19,6765.74609375,6820.98486328125,6754.5517578125,6819.9072265625,154234600,6819.9072265625,"Indonesia","^JKSE"
2023-01-20,6819.9072265625,6874.93115234375,6819.5322265625,6874.93115234375,173846000,6874.93115234375,"Indonesia","^JKSE"
2023-01-24,6874.93115234375,6906.791015625,6841.0068359375,6860.85400390625,196805400,6860.85400390625,"Indonesia","^JKSE"
2023-01-25,6860.85400390625,6871.36376953125,6821.27978515625,6829.93017578125,187905300,6829.93017578125,"Indonesia","^JKSE"
2023-01-26,6829.97021484375,6874.869140625,6815.78515625,6864.81787109375,171067600,6864.81787109375,"Indonesia","^JKSE"
2023-01-27,6864.81787109375,6932.708984375,6864.81787109375,6898.98095703125,149187500,6898.98095703125,"Indonesia","^JKSE"
2023-01-30,6899.02197265625,6925.46923828125,6834.0810546875,6872.48095703125,134698100,6872.48095703125,"Indonesia","^JKSE"
2023-01-31,6872.52099609375,6880.9599609375,6827.2431640625,6839.341796875,151785000,6839.341796875,"Indonesia","^JKSE"
2023-02-01,6838.916015625,6893.18408203125,6838.916015625,6862.2578125,145899200,6862.2578125,"Indonesia","^JKSE"
2023-02-02,6862.2578125,6896.73193359375,6855.3671875,6890.57177734375,189189500,6890.57177734375,"Indonesia","^JKSE"
2023-02-03,6890.7138671875,6951.966796875,6890.7138671875,6911.73193359375,202858400,6911.73193359375,"Indonesia","^JKSE"
2023-02-06,6911.73193359375,6924.8828125,6835.7578125,6873.791015625,143480000,6873.791015625,"Indonesia","^JKSE"
2023-02-07,6873.791015625,6946.23388671875,6873.791015625,6935.30078125,173101600,6935.30078125,"Indonesia","^JKSE"
2023-02-08,6935.30078125,6961.9189453125,6912.10888671875,6940.1240234375,172668200,6940.1240234375,"Indonesia","^JKSE"
2023-02-09,6940.1240234375,6961.15185546875,6896.0400390625,6897.365234375,176681300,6897.365234375,"Indonesia","^JKSE"
2023-02-10,6895.23779296875,6895.23779296875,6803.41796875,6880.3291015625,140803700,6880.3291015625,"Indonesia","^JKSE"
2023-02-13,6880.3291015625,6915.14404296875,6871.8828125,6900.14013671875,213914100,6900.14013671875,"Indonesia","^JKSE"
2023-02-14,6900.14013671875,6941.85498046875,6900.14013671875,6941.85498046875,162808100,6941.85498046875,"Indonesia","^JKSE"
2023-02-15,6941.85498046875,6946.0341796875,6872.869140625,6914.5380859375,148477900,6914.5380859375,"Indonesia","^JKSE"
2023-02-16,6914.5380859375,6933.28076171875,6875.30078125,6895.6640625,173648600,6895.6640625,"Indonesia","^JKSE"
2023-02-17,6895.6640625,6919.091796875,6868.27978515625,6895.7138671875,180098400,6895.7138671875,"Indonesia","^JKSE"
2023-02-20,6895.85595703125,6910.5048828125,6863.6708984375,6894.716796875,175859700,6894.716796875,"Indonesia","^JKSE"
2023-02-21,6894.716796875,6923.6728515625,6870.9111328125,6873.40478515625,144215700,6873.40478515625,"Indonesia","^JKSE"
2023-02-22,6873.26318359375,6875.39013671875,6781.22900390625,6809.9677734375,149215500,6809.9677734375,"Indonesia","^JKSE"
2023-02-23,6810.10888671875,6839.4541015625,6806.9970703125,6839.4541015625,124488600,6839.4541015625,"Indonesia","^JKSE"
2023-02-24,6839.4541015625,6880.31201171875,6839.4541015625,6856.576171875,130300200,6856.576171875,"Indonesia","^JKSE"
2023-02-27,6856.576171875,6871.11181640625,6819.8720703125,6854.77685546875,127631500,6854.77685546875,"Indonesia","^JKSE"
2023-02-28,6854.77685546875,6890.35400390625,6843.23876953125,6843.23876953125,167931100,6843.23876953125,"Indonesia","^JKSE"
2023-03-01,6843.09814453125,6889.51416015625,6833.18896484375,6844.93603515625,146293200,6844.93603515625,"Indonesia","^JKSE"
2023-03-02,6845.078125,6875.09814453125,6841.86181640625,6857.4150390625,136086000,6857.4150390625,"Indonesia","^JKSE"
2023-03-03,6857.4150390625,6884.1162109375,6804.47607421875,6813.63623046875,118736600,6813.63623046875,"Indonesia","^JKSE"
2023-03-06,6813.9189453125,6856.56884765625,6801.18994140625,6807.0009765625,137055800,6807.0009765625,"Indonesia","^JKSE"
2023-03-07,6806.85888671875,6812.958984375,6758.0009765625,6766.7578125,140398600,6766.7578125,"Indonesia","^JKSE"
2023-03-08,6766.7578125,6776.3701171875,6728.19091796875,6776.3701171875,144130900,6776.3701171875,"Indonesia","^JKSE"
2023-03-09,6776.3701171875,6824.6640625,6776.3701171875,6799.794921875,113187000,6799.794921875,"Indonesia","^JKSE"
2023-03-10,6799.794921875,6799.794921875,6741.41015625,6765.3017578125,131746200,6765.3017578125,"Indonesia","^JKSE"
2023-03-13,6765.01806640625,6812.8740234375,6727.44287109375,6786.955078125,141798000,6786.955078125,"Indonesia","^JKSE"
2023-03-14,6786.671875,6786.671875,6635.3759765625,6641.81396484375,166605500,6641.81396484375,"Indonesia","^JKSE"
2023-03-15,6641.81396484375,6709.86083984375,6628.13720703125,6628.13720703125,139210500,6628.13720703125,"Indonesia","^JKSE"
2023-03-16,6628.13720703125,6630.76806640625,6542.7919921875,6565.72802734375,154420700,6565.72802734375,"Indonesia","^JKSE"
2023-03-17,6565.72802734375,6683.09423828125,6565.72802734375,6678.23681640625,455755600,6678.23681640625,"Indonesia","^JKSE"
2023-03-20,6678.23681640625,6678.23681640625,6587.68896484375,6612.490234375,128905000,6612.490234375,"Indonesia","^JKSE"
2023-03-21,6612.490234375,6691.61083984375,6609.22314453125,6691.61083984375,145475100,6691.61083984375,"Indonesia","^JKSE"
2023-03-24,6694.01708984375,6776.90478515625,6692.166015625,6762.25390625,146575100,6762.25390625,"Indonesia","^JKSE"
2023-03-27,6762.25390625,6772.59521484375,6704.751953125,6708.93310546875,135182600,6708.93310546875,"Indonesia","^JKSE"
2023-03-28,6708.93310546875,6764.65478515625,6708.93310546875,6760.328125,126113300,6760.328125,"Indonesia","^JKSE"
2023-03-29,6760.328125,6851.505859375,6760.328125,6839.43603515625,143324900,6839.43603515625,"Indonesia","^JKSE"
2023-03-30,6839.43603515625,6868.6328125,6803.0927734375,6808.951171875,140466800,6808.951171875,"Indonesia","^JKSE"
2023-03-31,6809.0927734375,6831.55322265625,6789.60986328125,6805.27685546875,139015200,6805.27685546875,"Indonesia","^JKSE"
2023-04-03,6805.27685546875,6849.35791015625,6805.126953125,6827.1748046875,127453100,6827.1748046875,"Indonesia","^JKSE"
2023-04-04,6827.033203125,6859.69287109375,6781.52392578125,6833.17822265625,131576400,6833.17822265625,"Indonesia","^JKSE"
2023-04-05,6833.17822265625,6867.3369140625,6816.43017578125,6819.6748046875,123965500,6819.6748046875,"Indonesia","^JKSE"
2023-04-06,6819.6748046875,6832.72998046875,6786.287109375,6792.76513671875,172852900,6792.76513671875,"Indonesia","^JKSE"
2023-04-10,6792.76513671875,6799.494140625,6735.19287109375,6771.23486328125,129368500,6771.23486328125,"Indonesia","^JKSE"
2023-04-11,6771.23486328125,6811.31396484375,6738.76611328125,6811.31396484375,161404500,6811.31396484375,"Indonesia","^JKSE"
2023-04-12,6811.455078125,6833.744140625,6775.2841796875,6798.9638671875,151427200,6798.9638671875,"Indonesia","^JKSE"
2023-04-13,6798.541015625,6816.884765625,6764.6591796875,6785.59814453125,161495800,6785.59814453125,"Indonesia","^JKSE"
2023-04-14,6785.8798828125,6838.07177734375,6785.7001953125,6818.57421875,137035000,6818.57421875,"Indonesia","^JKSE"
2023-04-17,6818.71484375,6829.509765625,6765.14208984375,6787.58203125,94860100,6787.58203125,"Indonesia","^JKSE"
2023-04-18,6787.58203125,6839.7587890625,6784.1728515625,6821.80712890625,103660800,6821.80712890625,"Indonesia","^JKSE"
2023-04-26,6821.80712890625,6910.14697265625,6821.59912109375,6910.14697265625,120164300,6910.14697265625,"Indonesia","^JKSE"
2023-04-27,6910.84814453125,6971.91015625,6877.64990234375,6945.47705078125,161595900,6945.47705078125,"Indonesia","^JKSE"
2023-04-28,6945.47705078125,6958.6728515625,6897.708984375,6915.7158203125,130620700,6915.7158203125,"Indonesia","^JKSE"
2023-05-02,6915.7158203125,6920.3359375,6814.34423828125,6863.3017578125,136480100,6863.3017578125,"Indonesia","^JKSE"
2023-05-03,6863.3017578125,6865.61181640625,6776.89599609375,6812.72216796875,121306900,6812.72216796875,"Indonesia","^JKSE"
2023-05-04,6812.72216796875,6846.1240234375,6780.0869140625,6844.02685546875,137517900,6844.02685546875,"Indonesia","^JKSE"
2023-05-05,6844.02685546875,6851.5859375,6733.77587890625,6787.630859375,148189400,6787.630859375,"Indonesia","^JKSE"
2023-05-08,6787.4912109375,6798.32177734375,6756.6611328125,6769.630859375,179625500,6769.630859375,"Indonesia","^JKSE"
2023-05-09,6769.630859375,6793.76611328125,6742.17919921875,6779.97998046875,172097200,6779.97998046875,"Indonesia","^JKSE"
2023-05-10,6780.40087890625,6820.123046875,6775.19287109375,6811.90478515625,181480200,6811.90478515625,"Indonesia","^JKSE"
2023-05-11,6811.90478515625,6814.1240234375,6717.4248046875,6755.93798828125,162906200,6755.93798828125,"Indonesia","^JKSE"
2023-05-12,6755.93798828125,6755.93798828125,6704.56591796875,6707.76318359375,173779500,6707.76318359375,"Indonesia","^JKSE"
2023-05-15,6708.4638671875,6729.2998046875,6656.64794921875,6711.740234375,142578400,6711.740234375,"Indonesia","^JKSE"
2023-05-16,6711.740234375,6729.07421875,6659.0732421875,6676.56396484375,156372400,6676.56396484375,"Indonesia","^JKSE"
2023-05-17,6676.423828125,6706.59521484375,6661.4677734375,6663.11376953125,180449300,6663.11376953125,"Indonesia","^JKSE"
2023-05-19,6663.11376953125,6715.03076171875,6662.7490234375,6700.56103515625,161565100,6700.56103515625,"Indonesia","^JKSE"
2023-05-22,6700.56103515625,6757.6240234375,6675.876953125,6729.64697265625,167491100,6729.64697265625,"Indonesia","^JKSE"
2023-05-23,6729.64697265625,6772.64697265625,6727.06787109375,6736.68408203125,162216500,6736.68408203125,"Indonesia","^JKSE"
2023-05-24,6736.68408203125,6755.8828125,6713.89306640625,6745.80419921875,137679300,6745.80419921875,"Indonesia","^JKSE"
2023-05-25,6745.80419921875,6749.712890625,6702.52978515625,6704.23095703125,156986800,6704.23095703125,"Indonesia","^JKSE"
2023-05-26,6704.23095703125,6727.2861328125,6669.23583984375,6687.0009765625,181504900,6687.0009765625,"Indonesia","^JKSE"
2023-05-29,6687.28076171875,6708.3671875,6617.23681640625,6681.10205078125,164801800,6681.10205078125,"Indonesia","^JKSE"
2023-05-30,6681.10205078125,6700.23779296875,6636.4228515625,6636.4228515625,173775000,6636.4228515625,"Indonesia","^JKSE"
2023-05-31,6636.4228515625,6657.64990234375,6562.955078125,6633.26123046875,615071900,6633.26123046875,"Indonesia","^JKSE"
2023-06-05,6633.26123046875,6663.71484375,6598.509765625,6633.43701171875,152714500,6633.43701171875,"Indonesia","^JKSE"
2023-06-06,6633.43701171875,6677.56787109375,6602.00390625,6618.9228515625,231838500,6618.9228515625,"Indonesia","^JKSE"
2023-06-07,6619.06298828125,6638.5810546875,6578.755859375,6619.7548828125,162881000,6619.7548828125,"Indonesia","^JKSE"
2023-06-08,6619.7548828125,6666.330078125,6598.419921875,6666.330078125,168616600,6666.330078125,"Indonesia","^JKSE"
2023-06-09,6666.0498046875,6703.82421875,6648.958984375,6694.02392578125,182769600,6694.02392578125,"Indonesia","^JKSE"
2023-06-12,6694.583984375,6722.373046875,6670.52197265625,6722.373046875,158712000,6722.373046875,"Indonesia","^JKSE"
2023-06-13,6722.373046875,6744.0380859375,6697.07080078125,6719.01416015625,176568000,6719.01416015625,"Indonesia","^JKSE"
2023-06-14,6718.8740234375,6744.64404296875,6672.85595703125,6699.716796875,178279800,6699.716796875,"Indonesia","^JKSE"
2023-06-15,6699.716796875,6717.4560546875,6660.9091796875,6713.794921875,151187300,6713.794921875,"Indonesia","^JKSE"
2023-06-16,6713.51513671875,6726.4560546875,6669.3359375,6698.546875,172061800,6698.546875,"Indonesia","^JKSE"
2023-06-19,6698.546875,6705.0380859375,6669.0498046875,6686.05908203125,161424500,6686.05908203125,"Indonesia","^JKSE"
2023-06-20,6686.05908203125,6692.44091796875,6626.14892578125,6660.455078125,118276600,6660.455078125,"Indonesia","^JKSE"
2023-06-21,6660.455078125,6702.625,6635.673828125,6702.625,120273100,6702.625,"Indonesia","^JKSE"
2023-06-22,6702.76513671875,6717.97607421875,6652.26123046875,6652.26123046875,168533600,6652.26123046875,"Indonesia","^JKSE"
2023-06-23,6652.26123046875,6665.6630859375,6635.48193359375,6639.73291015625,113447100,6639.73291015625,"Indonesia","^JKSE"
2023-06-26,6639.73291015625,6674.06005859375,6622.18408203125,6664.66796875,126037100,6664.66796875,"Indonesia","^JKSE"
2023-06-27,6664.66796875,6679.6259765625,6652.90380859375,6661.87890625,142328900,6661.87890625,"Indonesia","^JKSE"
2023-07-03,6661.73583984375,6696.7158203125,6660.82421875,6696.7158203125,125551000,6696.7158203125,"Indonesia","^JKSE"
2023-07-04,6696.85888671875,6713.9931640625,6672.77392578125,6681.75390625,146273000,6681.75390625,"Indonesia","^JKSE"
2023-07-05,6681.75390625,6719.05615234375,6676.93408203125,6718.97705078125,148911000,6718.97705078125,"Indonesia","^JKSE"
2023-07-06,6718.26318359375,6766.27294921875,6712.07421875,6757.3310546875,179543000,6757.3310546875,"Indonesia","^JKSE"
2023-07-07,6757.0478515625,6757.0478515625,6711.22314453125,6716.458984375,158332900,6716.458984375,"Indonesia","^JKSE"
2023-07-10,6716.458984375,6763.5458984375,6716.458984375,6731.0380859375,123617000,6731.0380859375,"Indonesia","^JKSE"
2023-07-11,6731.18017578125,6796.923828125,6730.6298828125,6796.923828125,160428000,6796.923828125,"Indonesia","^JKSE"
2023-07-12,6796.923828125,6820.17919921875,6785.85595703125,6808.208984375,161722800,6808.208984375,"Indonesia","^JKSE"
2023-07-13,6808.35107421875,6835.73779296875,6783.7412109375,6810.212890625,171443900,6810.212890625,"Indonesia","^JKSE"
2023-07-14,6810.212890625,6874.77587890625,6810.212890625,6869.57177734375,160702800,6869.57177734375,"Indonesia","^JKSE"
2023-07-17,6869.712890625,6931.27197265625,6867.14404296875,6867.14404296875,176805700,6867.14404296875,"Indonesia","^JKSE"
2023-07-18,6867.14404296875,6902.14306640625,6798.43212890625,6830.203125,150363000,6830.203125,"Indonesia","^JKSE"
2023-07-20,6830.06103515625,6874.89208984375,6827.9990234375,6864.18896484375,142032500,6864.18896484375,"Indonesia","^JKSE"
2023-07-21,6864.18896484375,6880.8017578125,6837.64599609375,6880.8017578125,131640100,6880.8017578125,"Indonesia","^JKSE"
2023-07-24,6880.8017578125,6929.68408203125,6877.9482421875,6899.39599609375,150084400,6899.39599609375,"Indonesia","^JKSE"
2023-07-25,6897.97802734375,6944.6201171875,6897.97802734375,6917.7109375,150504400,6917.7109375,"Indonesia","^JKSE"
2023-07-26,6917.7109375,6955.97509765625,6917.4072265625,6948.27880859375,149683800,6948.27880859375,"Indonesia","^JKSE"
2023-07-27,6948.27880859375,6966.1669921875,6896.6630859375,6896.6630859375,158624100,6896.6630859375,"Indonesia","^JKSE"
2023-07-28,6896.80517578125,6904.10498046875,6857.3681640625,6900.22998046875,146686100,6900.22998046875,"Indonesia","^JKSE"
2023-07-31,6900.22998046875,6931.35888671875,6895.0732421875,6931.35888671875,171457600,6931.35888671875,"Indonesia","^JKSE"
2023-08-01,6931.0751953125,6934.38720703125,6880.466796875,6886.49609375,196062700,6886.49609375,"Indonesia","^JKSE"
2023-08-02,6886.49609375,6886.49609375,6833.97998046875,6854.509765625,183858400,6854.509765625,"Indonesia","^JKSE"
2023-08-03,6854.509765625,6924.05322265625,6839.7431640625,6898.0771484375,163613400,6898.0771484375,"Indonesia","^JKSE"
2023-08-04,6898.21923828125,6925.01416015625,6850.89990234375,6852.841796875,118791000,6852.841796875,"Indonesia","^JKSE"
2023-08-07,6852.841796875,6904.35595703125,6852.841796875,6886.3662109375,134540800,6886.3662109375,"Indonesia","^JKSE"
2023-08-08,6886.5068359375,6915.05078125,6861.634765625,6868.81298828125,170357400,6868.81298828125,"Indonesia","^JKSE"
2023-08-09,6868.81298828125,6901.06005859375,6863.083984375,6875.11181640625,218491200,6875.11181640625,"Indonesia","^JKSE"
2023-08-10,6875.11181640625,6910.7548828125,6875.11181640625,6893.27587890625,162734000,6893.27587890625,"Indonesia","^JKSE"
2023-08-11,6893.27587890625,6906.64501953125,6865.11181640625,6879.97900390625,130736700,6879.97900390625,"Indonesia","^JKSE"
2023-08-14,6879.97900390625,6910.171875,6823.75390625,6910.171875,138804900,6910.171875,"Indonesia","^JKSE"
2023-08-15,6910.455078125,6928.6298828125,6898.3818359375,6915.10107421875,172760000,6915.10107421875,"Indonesia","^JKSE"
2023-08-16,6915.10107421875,6915.10107421875,6855.88818359375,6900.5380859375,152291200,6900.5380859375,"Indonesia","^JKSE"
2023-08-18,6899.830078125,6899.830078125,6856.37890625,6859.912109375,130737900,6859.912109375,"Indonesia","^JKSE"
2023-08-21,6860.05322265625,6890.27587890625,6859.4228515625,6866.033203125,207708300,6866.033203125,"Indonesia","^JKSE"
2023-08-22,6866.033203125,6927.4482421875,6860.68896484375,6916.4501953125,158573900,6916.4501953125,"Indonesia","^JKSE"
2023-08-23,6916.4501953125,6959.43212890625,6916.4501953125,6921.41015625,170674700,6921.41015625,"Indonesia","^JKSE"
2023-08-24,6921.41015625,6937.64892578125,6898.38818359375,6899.39208984375,142846200,6899.39208984375,"Indonesia","^JKSE"
2023-08-25,6899.39208984375,6906.083984375,6869.6328125,6895.44287109375,129994800,6895.44287109375,"Indonesia","^JKSE"
2023-08-28,6895.8681640625,6940.12109375,6895.8681640625,6921.72705078125,185488900,6921.72705078125,"Indonesia","^JKSE"
2023-08-29,6921.72705078125,6964.73388671875,6921.72705078125,6957.8349609375,244345800,6957.8349609375,"Indonesia","^JKSE"
2023-08-30,6958.259765625,7008.48681640625,6958.259765625,6966.65576171875,159326300,6966.65576171875,"Indonesia","^JKSE"
2023-08-31,6966.65576171875,6982.34521484375,6924.22509765625,6953.259765625,233127700,6953.259765625,"Indonesia","^JKSE"
2023-09-01,6953.259765625,6992.634765625,6950.26416015625,6977.65380859375,145790000,6977.65380859375,"Indonesia","^JKSE"
2023-09-04,6977.7958984375,7007.8017578125,6974.8232421875,6996.75,154577900,6996.75,"Indonesia","^JKSE"
2023-09-05,6996.75,7014.47998046875,6972.626953125,6991.7080078125,183173900,6991.7080078125,"Indonesia","^JKSE"
2023-09-06,6991.7080078125,7020.966796875,6989.7900390625,6995.953125,165422100,6995.953125,"Indonesia","^JKSE"
2023-09-07,6996.09521484375,7003.671875,6927.4208984375,6954.80810546875,191159400,6954.80810546875,"Indonesia","^JKSE"
2023-09-08,6954.80810546875,6966.76611328125,6900.5869140625,6924.77978515625,140402900,6924.77978515625,"Indonesia","^JKSE"
2023-09-11,6924.77978515625,6963.39306640625,6904.36279296875,6963.39306640625,174103700,6963.39306640625,"Indonesia","^JKSE"
2023-09-12,6963.39306640625,6976.47998046875,6928.22900390625,6933.96923828125,174683500,6933.96923828125,"Indonesia","^JKSE"
2023-09-13,6934.10986328125,6944.82080078125,6903.23486328125,6935.47607421875,163898700,6935.47607421875,"Indonesia","^JKSE"
2023-09-14,6935.3349609375,6968.97705078125,6927.68017578125,6959.3330078125,171813100,6959.3330078125,"Indonesia","^JKSE"
2023-09-15,6959.19091796875,7011.87890625,6945.06982421875,6982.791015625,346903000,6982.791015625,"Indonesia","^JKSE"
2023-09-18,6982.791015625,6999.39794921875,6928.77099609375,6936.0830078125,153763100,6936.0830078125,"Indonesia","^JKSE"
2023-09-19,6936.3671875,6994.037109375,6934.7109375,6980.32080078125,135442200,6980.32080078125,"Indonesia","^JKSE"
2023-09-20,6980.32080078125,7046.47509765625,6980.32080078125,7011.68115234375,146616600,7011.68115234375,"Indonesia","^JKSE"
2023-09-21,7011.68115234375,7021.2939453125,6974.0087890625,6991.4658203125,138027800,6991.4658203125,"Indonesia","^JKSE"
2023-09-22,6991.4658203125,7040.1298828125,6985.958984375,7016.84423828125,155659000,7016.84423828125,"Indonesia","^JKSE"
2023-09-25,7016.98486328125,7029.76611328125,6994.43896484375,6998.380859375,182991900,6998.380859375,"Indonesia","^JKSE"
2023-09-26,6998.09716796875,7019.5517578125,6913.81689453125,6923.7998046875,222491300,6923.7998046875,"Indonesia","^JKSE"
2023-09-27,6923.7998046875,6970.84619140625,6913.35205078125,6937.828125,154929800,6937.828125,"Indonesia","^JKSE"
2023-09-29,6937.828125,6978.5927734375,6937.828125,6939.89208984375,165659400,6939.89208984375,"Indonesia","^JKSE"
2023-10-02,6939.89208984375,6984.5791015625,6939.61083984375,6961.458984375,157872500,6961.458984375,"Indonesia","^JKSE"
2023-10-03,6961.458984375,6992.626953125,6940.88720703125,6940.88720703125,167668900,6940.88720703125,"Indonesia","^JKSE"
2023-10-04,6940.88720703125,6943.27392578125,6839.85791015625,6886.576171875,196090300,6886.576171875,"Indonesia","^JKSE"
2023-10-05,6886.98583984375,6934.80419921875,6874.826171875,6874.826171875,167955300,6874.826171875,"Indonesia","^JKSE"
2023-10-06,6875.09912109375,6913.01220703125,6875.09912109375,6888.51806640625,142303700,6888.51806640625,"Indonesia","^JKSE"
2023-10-09,6888.51806640625,6929.97119140625,6880.5380859375,6891.455078125,139709000,6891.455078125,"Indonesia","^JKSE"
2023-10-10,6891.455078125,6954.0087890625,6891.455078125,6922.18798828125,123670000,6922.18798828125,"Indonesia","^JKSE"
2023-10-11,6922.18798828125,6965.8251953125,6914.72119140625,6931.7529296875,178123100,6931.7529296875,"Indonesia","^JKSE"
2023-10-12,6931.88916015625,6986.8828125,6931.88916015625,6935.15087890625,218808900,6935.15087890625,"Indonesia","^JKSE"
2023-10-13,6934.8779296875,6973.751953125,6902.05908203125,6926.77978515625,216335000,6926.77978515625,"Indonesia","^JKSE"
2023-10-16,6926.916015625,6970.59814453125,6878.26318359375,6896.2919921875,341572100,6896.2919921875,"Indonesia","^JKSE"
2023-10-17,6896.2919921875,6948.0390625,6892.23291015625,6939.615234375,176866700,6939.615234375,"Indonesia","^JKSE"
2023-10-18,6939.615234375,6968.2548828125,6908.2861328125,6927.90576171875,187464900,6927.90576171875,"Indonesia","^JKSE"
2023-10-19,6927.6328125,6927.98095703125,6840.365234375,6846.4267578125,205941400,6846.4267578125,"Indonesia","^JKSE"
2023-10-20,6846.4267578125,6869.47412109375,6803.19287109375,6849.16796875,194064800,6849.16796875,"Indonesia","^JKSE"
2023-10-23,6849.16796875,6853.44921875,6730.8759765625,6741.9638671875,168543100,6741.9638671875,"Indonesia","^JKSE"
2023-10-24,6741.828125,6826.048828125,6738.533203125,6806.76220703125,141478700,6806.76220703125,"Indonesia","^JKSE"
2023-10-25,6806.89892578125,6878.56005859375,6806.89892578125,6834.38818359375,153802700,6834.38818359375,"Indonesia","^JKSE"
2023-10-26,6833.97900390625,6838.80908203125,6704.52001953125,6714.51904296875,168306200,6714.51904296875,"Indonesia","^JKSE"
2023-10-27,6714.51904296875,6781.39306640625,6713.93701171875,6758.79296875,163096100,6758.79296875,"Indonesia","^JKSE"
2023-10-30,6758.6572265625,6775.212890625,6692.77978515625,6735.89208984375,157763400,6735.89208984375,"Indonesia","^JKSE"
2023-10-31,6735.89208984375,6754.51611328125,6666.41015625,6752.2109375,195489700,6752.2109375,"Indonesia","^JKSE"
2023-11-01,6751.93896484375,6773.98095703125,6639.82421875,6642.41796875,206571400,6642.41796875,"Indonesia","^JKSE"
2023-11-02,6642.68994140625,6784.9951171875,6642.68994140625,6751.38623046875,221191100,6751.38623046875,"Indonesia","^JKSE"
2023-11-03,6751.38623046875,6826.6181640625,6748.69580078125,6788.85009765625,231714900,6788.85009765625,"Indonesia","^JKSE"
2023-11-06,6788.85009765625,6878.8359375,6787.22802734375,6878.8359375,228787500,6878.8359375,"Indonesia","^JKSE"
2023-11-07,6878.8359375,6887.02294921875,6806.8818359375,6843.7900390625,193087900,6843.7900390625,"Indonesia","^JKSE"
2023-11-08,6843.65380859375,6843.91796875,6760.10205078125,6804.10595703125,151412300,6804.10595703125,"Indonesia","^JKSE"
2023-11-09,6804.10595703125,6865.0771484375,6793.76416015625,6838.23291015625,120495400,6838.23291015625,"Indonesia","^JKSE"
2023-11-10,6838.23291015625,6843.95703125,6801.9189453125,6809.26318359375,133618500,6809.26318359375,"Indonesia","^JKSE"
2023-11-13,6809.26318359375,6857.10302734375,6809.26318359375,6838.31201171875,187630200,6838.31201171875,"Indonesia","^JKSE"
2023-11-14,6838.0400390625,6886.81005859375,6829.94921875,6862.05517578125,152609900,6862.05517578125,"Indonesia","^JKSE"
2023-11-15,6862.3271484375,6985.5908203125,6862.3271484375,6958.205078125,181839600,6958.205078125,"Indonesia","^JKSE"
2023-11-16,6958.3408203125,6964.1689453125,6906.59423828125,6958.0078125,122880300,6958.0078125,"Indonesia","^JKSE"
2023-11-17,6958.14501953125,6977.66796875,6919.6298828125,6977.66796875,122926700,6977.66796875,"Indonesia","^JKSE"
2023-11-20,6977.66796875,7011.05908203125,6962.7509765625,6994.88818359375,150491900,6994.88818359375,"Indonesia","^JKSE"
2023-11-21,6994.88818359375,7010.97802734375,6946.9609375,6961.7900390625,160615900,6961.7900390625,"Indonesia","^JKSE"
2023-11-22,6961.7900390625,6965.4111328125,6893.5068359375,6906.953125,181914600,6906.953125,"Indonesia","^JKSE"
2023-11-23,6907.0888671875,7018.42919921875,6906.60986328125,7004.34423828125,219080000,7004.34423828125,"Indonesia","^JKSE"
2023-11-24,7004.47998046875,7049.541015625,7000.09716796875,7009.630859375,181146200,7009.630859375,"Indonesia","^JKSE"
2023-11-27,7009.630859375,7061.8271484375,7008.81298828125,7013.40576171875,163462500,7013.40576171875,"Indonesia","^JKSE"
2023-11-28,7013.40576171875,7067.14306640625,7010.8251953125,7041.0732421875,167633600,7041.0732421875,"Indonesia","^JKSE"
2023-11-29,7041.0732421875,7070.19091796875,7020.01220703125,7036.0869140625,167555900,7036.0869140625,"Indonesia","^JKSE"
2023-11-30,7036.0869140625,7109.60888671875,7036.0869140625,7080.7412109375,259745500,7080.7412109375,"Indonesia","^JKSE"
2023-12-01,7080.06103515625,7083.85595703125,7022.76513671875,7059.90576171875,265990100,7059.90576171875,"Indonesia","^JKSE"
2023-12-04,7060.0419921875,7149.244140625,7060.0419921875,7093.60009765625,308380600,7093.60009765625,"Indonesia","^JKSE"
2023-12-05,7093.05615234375,7117.578125,7047.6318359375,7100.85498046875,319577000,7100.85498046875,"Indonesia","^JKSE"
2023-12-06,7100.85498046875,7140.1572265625,7085.81201171875,7087.39501953125,272847500,7087.39501953125,"Indonesia","^JKSE"
2023-12-07,7087.39501953125,7134.623046875,7041.0087890625,7134.623046875,235230700,7134.623046875,"Indonesia","^JKSE"
2023-12-08,7134.623046875,7201.62890625,7123.037109375,7159.59814453125,270037600,7159.59814453125,"Indonesia","^JKSE"
2023-12-11,7139.27587890625,7153.115234375,7045.1728515625,7088.78515625,490104800,7088.78515625,"Indonesia","^JKSE"
2023-12-12,7104.97216796875,7134.22021484375,7082.8798828125,7125.30712890625,255110500,7125.30712890625,"Indonesia","^JKSE"
2023-12-13,7110.0771484375,7124.47509765625,7045.94287109375,7075.3408203125,182766500,7075.3408203125,"Indonesia","^JKSE"
2023-12-14,7134.0419921875,7191.1591796875,7115.44677734375,7176.01611328125,228648300,7176.01611328125,"Indonesia","^JKSE"
2023-12-15,7183.14892578125,7215.93701171875,7169.43017578125,7190.98779296875,207901200,7190.98779296875,"Indonesia","^JKSE"
2023-12-18,7181.43408203125,7192.89208984375,7092.02783203125,7119.52490234375,239480200,7119.52490234375,"Indonesia","^JKSE"
2023-12-19,7116.5458984375,7187.84619140625,7112.81787109375,7187.84619140625,155446500,7187.84619140625,"Indonesia","^JKSE"
2023-12-20,7207.18017578125,7237.9658203125,7196.2412109375,7219.6669921875,142313600,7219.6669921875,"Indonesia","^JKSE"
2023-12-21,7222.0927734375,7229.2880859375,7173.0078125,7209.619140625,144347800,7209.619140625,"Indonesia","^JKSE"
2023-12-22,7225.6201171875,7248.5478515625,7218.1748046875,7237.51904296875,111284900,7237.51904296875,"Indonesia","^JKSE"
2023-12-27,7256.158203125,7293.52490234375,7239.6630859375,7245.916015625,124953000,7245.916015625,"Indonesia","^JKSE"
2023-12-28,7266.56884765625,7308.205078125,7262.25390625,7303.88818359375,123036000,7303.88818359375,"Indonesia","^JKSE"
2023-12-29,7307.11083984375,7309.7822265625,7259.68212890625,7272.796875,123172800,7272.796875,"Indonesia","^JKSE"
2024-01-02,7268.39794921875,7323.587890625,7245.56591796875,7323.587890625,121359000,7323.587890625,"Indonesia","^JKSE"
2024-01-03,7316.10888671875,7321.87890625,7275.8740234375,7279.0908203125,159498400,7279.0908203125,"Indonesia","^JKSE"
2024-01-04,7290.06494140625,7371.23486328125,7280.4072265625,7359.76318359375,155674900,7359.76318359375,"Indonesia","^JKSE"
2024-01-05,7376.2880859375,7403.578125,7350.619140625,7350.619140625,163057200,7350.619140625,"Indonesia","^JKSE"
2024-01-08,7362.046875,7393.1318359375,7275.1708984375,7283.5751953125,140602400,7283.5751953125,"Indonesia","^JKSE"
2024-01-09,7299.783203125,7311.63818359375,7180.1572265625,7200.203125,152570700,7200.203125,"Indonesia","^JKSE"
2024-01-10,7187.580078125,7259.60107421875,7152.8779296875,7227.296875,152699300,7227.296875,"Indonesia","^JKSE"
2024-01-11,7253.4560546875,7277.5009765625,7219.9638671875,7219.9638671875,190523900,7219.9638671875,"Indonesia","^JKSE"
2024-01-12,7242.3671875,7271.8720703125,7205.7587890625,7241.13818359375,152196500,7241.13818359375,"Indonesia","^JKSE"
2024-01-15,7254.044921875,7281.26123046875,7206.30712890625,7224.0009765625,132959600,7224.0009765625,"Indonesia","^JKSE"
2024-01-16,7231.63916015625,7268.17822265625,7210.02880859375,7242.787109375,130295500,7242.787109375,"Indonesia","^JKSE"
2024-01-17,7248.01416015625,7252.45703125,7162.48486328125,7200.634765625,202143100,7200.634765625,"Indonesia","^JKSE"
2024-01-18,7198.85009765625,7267.080078125,7185.37890625,7252.966796875,158921700,7252.966796875,"Indonesia","^JKSE"
2024-01-19,7271.341796875,7277.97900390625,7170.80517578125,7227.40185546875,137359600,7227.40185546875,"Indonesia","^JKSE"
2024-01-22,7233.1728515625,7247.92822265625,7194.951171875,7247.92822265625,141722200,7247.92822265625,"Indonesia","^JKSE"
2024-01-23,7232.51611328125,7256.22900390625,7201.8291015625,7256.22900390625,132610200,7256.22900390625,"Indonesia","^JKSE"
2024-01-24,7255.77001953125,7271.9580078125,7170.2978515625,7227.8232421875,128902300,7227.8232421875,"Indonesia","^JKSE"
2024-01-25,7215.52685546875,7253.72021484375,7176.11181640625,7178.0419921875,130391900,7178.0419921875,"Indonesia","^JKSE"
2024-01-26,7152.26904296875,7166.68994140625,7099.083984375,7137.087890625,140214300,7137.087890625,"Indonesia","^JKSE"
2024-01-29,7147.71484375,7177.69677734375,7115.0361328125,7157.1748046875,160408500,7157.1748046875,"Indonesia","^JKSE"
2024-01-30,7147.23583984375,7213.18896484375,7133.61376953125,7192.2158203125,182161800,7192.2158203125,"Indonesia","^JKSE"
2024-01-31,7213.30712890625,7247.51806640625,7192.64404296875,7207.94091796875,170270400,7207.94091796875,"Indonesia","^JKSE"
2024-02-01,7221.85205078125,7248.52978515625,7191.69482421875,7201.69580078125,157409100,7201.69580078125,"Indonesia","^JKSE"
2024-02-02,7221.90087890625,7238.78515625,7180.35693359375,7238.78515625,114364900,7238.78515625,"Indonesia","^JKSE"
2024-02-05,7237.3349609375,7254.0888671875,7186.1708984375,7198.615234375,137325900,7198.615234375,"Indonesia","^JKSE"
2024-02-06,7230.14892578125,7268.1318359375,7212.14013671875,7247.408203125,138020300,7247.408203125,"Indonesia","^JKSE"
2024-02-07,7264.97607421875,7285.1279296875,7225.44921875,7235.15185546875,138054800,7235.15185546875,"Indonesia","^JKSE"
2024-02-12,7268.3349609375,7306.158203125,7250.31005859375,7297.6689453125,178661300,7297.6689453125,"Indonesia","^JKSE"
2024-02-13,7301.587890625,7301.587890625,7197.8271484375,7209.7412109375,128287400,7209.7412109375,"Indonesia","^JKSE"
2024-02-15,7337.630859375,7365.68212890625,7298.48193359375,7303.28076171875,184420400,7303.28076171875,"Indonesia","^JKSE"
2024-02-16,7337.81591796875,7370.56982421875,7314.8828125,7335.544921875,146427800,7335.544921875,"Indonesia","^JKSE"
2024-02-19,7323.31201171875,7339.755859375,7277.537109375,7296.7021484375,151238000,7296.7021484375,"Indonesia","^JKSE"
2024-02-20,7320.72314453125,7354.10791015625,7309.498046875,7352.60107421875,129972000,7352.60107421875,"Indonesia","^JKSE"
2024-02-21,7345.791015625,7370.8818359375,7286.669921875,7349.02099609375,152570100,7349.02099609375,"Indonesia","^JKSE"
2024-02-22,7334.9521484375,7365.76123046875,7321.52294921875,7339.63623046875,154523800,7339.63623046875,"Indonesia","^JKSE"
2024-02-23,7326.52685546875,7340.18994140625,7262.10009765625,7295.09521484375,146259500,7295.09521484375,"Indonesia","^JKSE"
2024-02-26,7277.64013671875,7295.14208984375,7252.2841796875,7283.8232421875,147080400,7283.8232421875,"Indonesia","^JKSE"
2024-02-27,7263.98779296875,7292.93115234375,7255.1240234375,7285.31689453125,183851000,7285.31689453125,"Indonesia","^JKSE"
2024-02-28,7292.0751953125,7328.73876953125,7289.2578125,7328.63623046875,220356500,7328.63623046875,"Indonesia","^JKSE"
2024-02-29,7326.80322265625,7337.9228515625,7289.341796875,7316.11083984375,230050900,7316.11083984375,"Indonesia","^JKSE"
2024-03-01,7318.666015625,7331.31591796875,7269.89404296875,7311.9072265625,134622000,7311.9072265625,"Indonesia","^JKSE"
2024-03-04,7318.83203125,7328.384765625,7259.78076171875,7276.7490234375,168064100,7276.7490234375,"Indonesia","^JKSE"
2024-03-05,7296.5341796875,7305.44677734375,7238.3388671875,7247.4599609375,152811800,7247.4599609375,"Indonesia","^JKSE"
2024-03-06,7252.0849609375,7331.0810546875,7248.52783203125,7329.80078125,180285900,7329.80078125,"Indonesia","^JKSE"
2024-03-07,7338.73193359375,7386.8740234375,7334.30810546875,7373.9638671875,193312700,7373.9638671875,"Indonesia","^JKSE"
2024-03-08,7398.42919921875,7416.43310546875,7376.15576171875,7381.9072265625,125243200,7381.9072265625,"Indonesia","^JKSE"
2024-03-13,7422.3017578125,7441.6162109375,7392.01123046875,7421.20703125,135225800,7421.20703125,"Indonesia","^JKSE"
2024-03-14,7405.56689453125,7454.4482421875,7380.64794921875,7433.31494140625,129206200,7433.31494140625,"Indonesia","^JKSE"
2024-03-15,7408.658203125,7416.3388671875,7308.03515625,7328.05419921875,231480500,7328.05419921875,"Indonesia","^JKSE"
2024-03-18,7338.076171875,7358.55078125,7300.94091796875,7302.44921875,155334600,7302.44921875,"Indonesia","^JKSE"
2024-03-19,7320.5380859375,7361.52978515625,7314.18017578125,7336.74609375,137594400,7336.74609375,"Indonesia","^JKSE"
2024-03-20,7303.92919921875,7343.4599609375,7295.35009765625,7331.1279296875,169731600,7331.1279296875,"Indonesia","^JKSE"
2024-03-21,7360.55810546875,7396.47119140625,7336.59521484375,7338.35302734375,139792200,7338.35302734375,"Indonesia","^JKSE"
2024-03-22,7327.51416015625,7350.15185546875,7318.43603515625,7350.15185546875,123735900,7350.15185546875,"Indonesia","^JKSE"
2024-03-25,7339.52392578125,7377.759765625,7316.92919921875,7377.759765625,124315600,7377.759765625,"Indonesia","^JKSE"
2024-03-26,7337.6611328125,7371.84423828125,7330.4638671875,7365.6640625,138442500,7365.6640625,"Indonesia","^JKSE"
2024-03-27,7364.23095703125,7375.39990234375,7292.7978515625,7310.091796875,125276700,7310.091796875,"Indonesia","^JKSE"
2024-03-28,7289.158203125,7313.01416015625,7244.9541015625,7288.81298828125,124084200,7288.81298828125,"Indonesia","^JKSE"
2024-04-01,7286.11376953125,7295.0029296875,7137.4638671875,7205.06103515625,124345600,7205.06103515625,"Indonesia","^JKSE"
2024-04-02,7199.1240234375,7236.98388671875,7153.93896484375,7236.98388671875,127711500,7236.98388671875,"Indonesia","^JKSE"
2024-04-03,7214.02001953125,7226.35302734375,7158.740234375,7166.84423828125,111040300,7166.84423828125,"Indonesia","^JKSE"
2024-04-04,7170.71923828125,7254.39892578125,7165.8310546875,7254.39892578125,108900300,7254.39892578125,"Indonesia","^JKSE"
2024-04-05,7245.32177734375,7298.85888671875,7239.27392578125,7286.8818359375,94886600,7286.8818359375,"Indonesia","^JKSE"
2024-04-16,7130.6279296875,7188.0888671875,7066.5732421875,7164.80712890625,175642500,7164.80712890625,"Indonesia","^JKSE"
2024-04-17,7199.830078125,7234.3740234375,7130.8408203125,7130.8408203125,143541300,7130.8408203125,"Indonesia","^JKSE"
2024-04-18,7151.73779296875,7180.55908203125,7135.52001953125,7166.81396484375,129376600,7166.81396484375,"Indonesia","^JKSE"
2024-04-19,7131.455078125,7141.5810546875,7036.2060546875,7087.31689453125,150694500,7087.31689453125,"Indonesia","^JKSE"
2024-04-22,7099.51708984375,7117.02392578125,7026.47705078125,7073.81982421875,121595900,7073.81982421875,"Indonesia","^JKSE"
2024-04-23,7102.80810546875,7165.9541015625,7099.841796875,7110.81298828125,172892100,7110.81298828125,"Indonesia","^JKSE"
2024-04-24,7127.0478515625,7191.1767578125,7126.85009765625,7174.533203125,154056000,7174.533203125,"Indonesia","^JKSE"
2024-04-25,7167.98388671875,7177.06494140625,7132.10205078125,7155.2939453125,140400000,7155.2939453125,"Indonesia","^JKSE"
2024-04-26,7137.93408203125,7149.25390625,7036.0751953125,7036.0751953125,137603900,7036.0751953125,"Indonesia","^JKSE"
2024-04-29,7021.4921875,7155.7841796875,7021.4921875,7155.7841796875,129998600,7155.7841796875,"Indonesia","^JKSE"
2024-04-30,7187.4140625,7266.8681640625,7179.68505859375,7234.19677734375,156560600,7234.19677734375,"Indonesia","^JKSE"
2024-05-02,7227.60791015625,7232.9521484375,7072.47412109375,7117.4248046875,145628700,7117.4248046875,"Indonesia","^JKSE"
2024-05-03,7142.86376953125,7165.10205078125,7094.6162109375,7134.72412109375,159524500,7134.72412109375,"Indonesia","^JKSE"
2024-05-06,7171.58984375,7178.76708984375,7102.68505859375,7135.89013671875,164988900,7135.89013671875,"Indonesia","^JKSE"
2024-05-07,7136.85205078125,7159.76708984375,7108.17578125,7123.61181640625,148490800,7123.61181640625,"Indonesia","^JKSE"
2024-05-08,7129.4560546875,7164.30810546875,7071.34521484375,7088.794921875,147871800,7088.794921875,"Indonesia","^JKSE"
2024-05-13,7061.373046875,7111.59912109375,7052.22998046875,7099.26123046875,134590500,7099.26123046875,"Indonesia","^JKSE"
2024-05-14,7095.52197265625,7136.64013671875,7071.501953125,7083.76318359375,137468100,7083.76318359375,"Indonesia","^JKSE"
2024-05-15,7085.37890625,7192.14501953125,7082.1181640625,7179.8310546875,139854300,7179.8310546875,"Indonesia","^JKSE"
2024-05-16,7203.169921875,7270.7568359375,7201.9150390625,7246.69580078125,154713600,7246.69580078125,"Indonesia","^JKSE"
2024-05-17,7249.72705078125,7356.71484375,7245.19580078125,7317.23779296875,181505100,7317.23779296875,"Indonesia","^JKSE"
2024-05-20,7329.39990234375,7374.546875,7243.01220703125,7266.69091796875,158071100,7266.69091796875,"Indonesia","^JKSE"
2024-05-21,7258.4111328125,7295.05615234375,7179.52880859375,7186.037109375,135589400,7186.037109375,"Indonesia","^JKSE"
2024-05-22,7198.19287109375,7239.86181640625,7191.10595703125,7222.3818359375,135720300,7222.3818359375,"Indonesia","^JKSE"
2024-05-27,7219.98193359375,7256.18408203125,7171.48583984375,7176.419921875,190885600,7176.419921875,"Indonesia","^JKSE"
2024-05-28,7228.5078125,7308.13720703125,7228.4111328125,7253.6259765625,166427200,7253.6259765625,"Indonesia","^JKSE"
2024-05-29,7275.52978515625,7282,7127.208984375,7140.22900390625,144619600,7140.22900390625,"Indonesia","^JKSE"
2024-05-30,7125.77197265625,7134.70703125,6984.97900390625,7034.14208984375,177693800,7034.14208984375,"Indonesia","^JKSE"
2024-05-31,7076.373046875,7102.21923828125,6959.22705078125,6970.73583984375,269684600,6970.73583984375,"Indonesia","^JKSE"
2024-06-03,7030.20703125,7088.40087890625,6993.09423828125,7036.19091796875,141774800,7036.19091796875,"Indonesia","^JKSE"
2024-06-04,7071.09423828125,7149.19287109375,7065.0341796875,7099.31201171875,160663800,7099.31201171875,"Indonesia","^JKSE"
2024-06-05,7114.53515625,7118.34912109375,6934.94287109375,6947.669921875,137116300,6947.669921875,"Indonesia","^JKSE"
2024-06-06,6992.56298828125,7032.57421875,6939.5458984375,6974.89697265625,129986000,6974.89697265625,"Indonesia","^JKSE"
2024-06-07,6987.7939453125,6994.115234375,6887.81201171875,6897.9501953125,109886700,6897.9501953125,"Indonesia","^JKSE"
2024-06-10,6910.72021484375,6929.09716796875,6846.380859375,6921.5478515625,228419200,6921.5478515625,"Indonesia","^JKSE"
2024-06-11,6900.31005859375,6932.4619140625,6855.69091796875,6855.69091796875,150124200,6855.69091796875,"Indonesia","^JKSE"
2024-06-12,6859.34912109375,6866.26611328125,6821.5078125,6850.09716796875,165086100,6850.09716796875,"Indonesia","^JKSE"
2024-06-13,6893.8408203125,6896.65283203125,6831.56396484375,6831.56396484375,154352200,6831.56396484375,"Indonesia","^JKSE"
2024-06-14,6829.9931640625,6840.19677734375,6713.27197265625,6734.83203125,143790500,6734.83203125,"Indonesia","^JKSE"
2024-06-19,6739.89501953125,6791.52685546875,6698.84814453125,6726.9189453125,215680300,6726.9189453125,"Indonesia","^JKSE"
2024-06-20,6751.23583984375,6825.55517578125,6728.40185546875,6819.32080078125,138884000,6819.32080078125,"Indonesia","^JKSE"
2024-06-21,6838.47802734375,6945.833984375,6823.06201171875,6879.97802734375,202168500,6879.97802734375,"Indonesia","^JKSE"
2024-06-24,6877.4677734375,6914.81201171875,6870.30517578125,6889.1650390625,113953400,6889.1650390625,"Indonesia","^JKSE"
2024-06-25,6874.8671875,6890.44287109375,6843.64697265625,6882.7041015625,103645300,6882.7041015625,"Indonesia","^JKSE"
2024-06-26,6885.81591796875,6936.26220703125,6885.40283203125,6905.64208984375,111785600,6905.64208984375,"Indonesia","^JKSE"
2024-06-27,6929.14501953125,6968.13623046875,6915.830078125,6967.951171875,85223100,6967.951171875,"Indonesia","^JKSE"
2024-06-28,6989.3740234375,7084.623046875,6987.80078125,7063.5771484375,104714500,7063.5771484375,"Indonesia","^JKSE"
2024-07-01,7076.6259765625,7139.6259765625,7075.375,7139.6259765625,108297900,7139.6259765625,"Indonesia","^JKSE"
2024-07-02,7149.0439453125,7176.869140625,7099.0498046875,7125.14208984375,121880100,7125.14208984375,"Indonesia","^JKSE"
2024-07-03,7153.76611328125,7196.7548828125,7126.81494140625,7196.7548828125,126775400,7196.7548828125,"Indonesia","^JKSE"
2024-07-04,7212.703125,7262.837890625,7204.43896484375,7220.88916015625,158574300,7220.88916015625,"Indonesia","^JKSE"
2024-07-05,7248.72314453125,7275.93798828125,7213.39013671875,7253.3720703125,130902100,7253.3720703125,"Indonesia","^JKSE"
2024-07-08,7261.98291015625,7265.083984375,7215.4677734375,7250.97705078125,160069900,7250.97705078125,"Indonesia","^JKSE"
2024-07-09,7254.1572265625,7302.94189453125,7239.63818359375,7269.80078125,136101900,7269.80078125,"Indonesia","^JKSE"
2024-07-10,7283.18896484375,7313.2001953125,7272.1220703125,7287.0419921875,214279500,7287.0419921875,"Indonesia","^JKSE"
2024-07-11,7302.5048828125,7328.26904296875,7274.06201171875,7300.4072265625,146390900,7300.4072265625,"Indonesia","^JKSE"
2024-07-12,7336.48388671875,7354.1630859375,7300.7451171875,7327.580078125,130722300,7327.580078125,"Indonesia","^JKSE"
2024-07-15,7336.30810546875,7346.10400390625,7252.81103515625,7278.86279296875,107422000,7278.86279296875,"Indonesia","^JKSE"
2024-07-16,7289.80908203125,7294.7919921875,7213.2841796875,7224.29296875,107863200,7224.29296875,"Indonesia","^JKSE"
2024-07-17,7261.22021484375,7265.0869140625,7207.5830078125,7224.2177734375,218209000,7224.2177734375,"Indonesia","^JKSE"
2024-07-18,7231.72998046875,7330.80810546875,7220.09619140625,7321.07080078125,146217900,7321.07080078125,"Indonesia","^JKSE"
2024-07-19,7304.27880859375,7315.13916015625,7249.81689453125,7294.4951171875,125286800,7294.4951171875,"Indonesia","^JKSE"
2024-07-22,7316.248046875,7341.908203125,7301.4189453125,7321.97607421875,140918600,7321.97607421875,"Indonesia","^JKSE"
2024-07-23,7336.27685546875,7347.01708984375,7293.30908203125,7313.85693359375,251719000,7313.85693359375,"Indonesia","^JKSE"
2024-07-24,7298.5078125,7311.15185546875,7249.27685546875,7262.7587890625,149278800,7262.7587890625,"Indonesia","^JKSE"
2024-07-25,7264.2138671875,7268.046875,7207.81787109375,7240.27685546875,125922000,7240.27685546875,"Indonesia","^JKSE"
2024-07-26,7262.1298828125,7298.9560546875,7256.5341796875,7288.1669921875,128745600,7288.1669921875,"Indonesia","^JKSE"
2024-07-29,7304.59814453125,7333.89892578125,7274.2529296875,7288.89697265625,131946800,7288.89697265625,"Indonesia","^JKSE"
2024-07-30,7283.9169921875,7292.55517578125,7226.7822265625,7241.86376953125,124088300,7241.86376953125,"Indonesia","^JKSE"
2024-07-31,7251.80419921875,7275.18603515625,7226.49609375,7255.76220703125,140459400,7255.76220703125,"Indonesia","^JKSE"
2024-08-01,7274.51708984375,7325.98486328125,7258.8740234375,7325.98486328125,119012300,7325.98486328125,"Indonesia","^JKSE"
2024-08-02,7304.0859375,7337.98095703125,7264.0078125,7308.123046875,130681400,7308.123046875,"Indonesia","^JKSE"
2024-08-05,7254.61279296875,7257.47607421875,6998.81103515625,7059.65283203125,196047200,7059.65283203125,"Indonesia","^JKSE"
2024-08-06,7098.6728515625,7167.259765625,7066.5009765625,7129.21484375,122457600,7129.21484375,"Indonesia","^JKSE"
2024-08-07,7149.5087890625,7246.2578125,7147.29296875,7212.130859375,128572200,7212.130859375,"Indonesia","^JKSE"
2024-08-08,7212.7412109375,7234.44677734375,7181.76611328125,7195.12109375,125248900,7195.12109375,"Indonesia","^JKSE"
2024-08-09,7219.98388671875,7267.421875,7219.9228515625,7256.99609375,112712600,7256.99609375,"Indonesia","^JKSE"
2024-08-12,7265.15087890625,7297.625,7230.78515625,7297.625,156405500,7297.625,"Indonesia","^JKSE"
2024-08-13,7316.42822265625,7366.65087890625,7286.5498046875,7356.63818359375,146066800,7356.63818359375,"Indonesia","^JKSE"
2024-08-14,7377.0068359375,7445.6640625,7372.89111328125,7436.0390625,168060500,7436.0390625,"Indonesia","^JKSE"
2024-08-15,7442.91015625,7460.38720703125,7386.73681640625,7409.5009765625,150416800,7409.5009765625,"Indonesia","^JKSE"
2024-08-16,7443.93505859375,7459.7490234375,7417.20703125,7432.08984375,151268200,7432.08984375,"Indonesia","^JKSE"
2024-08-19,7428.7412109375,7466.8310546875,7420.3759765625,7466.8310546875,138674400,7466.8310546875,"Indonesia","^JKSE"
2024-08-20,7490.31982421875,7538.1572265625,7482.5048828125,7533.98486328125,183613200,7533.98486328125,"Indonesia","^JKSE"
2024-08-21,7563.08203125,7594.546875,7543.63916015625,7554.5927734375,199930800,7554.5927734375,"Indonesia","^JKSE"
2024-08-22,7531.34716796875,7540.27294921875,7460.40380859375,7488.67578125,140745300,7488.67578125,"Indonesia","^JKSE"
2024-08-23,7510.6640625,7567.51416015625,7507.73779296875,7544.2978515625,128771000,7544.2978515625,"Indonesia","^JKSE"
2024-08-26,7549.412109375,7619.90283203125,7549.412109375,7606.19482421875,142108800,7606.19482421875,"Indonesia","^JKSE"
2024-08-27,7598.4638671875,7610.201171875,7547.26318359375,7597.880859375,141150100,7597.880859375,"Indonesia","^JKSE"
2024-08-28,7604.3271484375,7672.287109375,7581.048828125,7658.875,152042100,7658.875,"Indonesia","^JKSE"
2024-08-29,7679.52783203125,7715.7587890625,7627.60400390625,7627.60400390625,153940300,7627.60400390625,"Indonesia","^JKSE"
2024-08-30,7642.77880859375,7673.18212890625,7616.34521484375,7670.73291015625,194479000,7670.73291015625,"Indonesia","^JKSE"
2024-09-02,7686.5390625,7726.18798828125,7669.921875,7694.52978515625,156165700,7694.52978515625,"Indonesia","^JKSE"
2024-09-03,7706.65087890625,7726.662109375,7598.46923828125,7616.52099609375,165704700,7616.52099609375,"Indonesia","^JKSE"
2024-09-04,7577.09619140625,7672.89599609375,7546.048828125,7672.89599609375,147636500,7672.89599609375,"Indonesia","^JKSE"
2024-09-05,7679.64892578125,7722.22509765625,7650.80419921875,7681.04296875,137717400,7681.04296875,"Indonesia","^JKSE"
2024-09-06,7684.81201171875,7754.47509765625,7683.7041015625,7721.84619140625,122729500,7721.84619140625,"Indonesia","^JKSE"
2024-09-09,7729.2548828125,7748.3251953125,7654.72509765625,7702.73876953125,138539000,7702.73876953125,"Indonesia","^JKSE"
2024-09-10,7725.283203125,7764.77978515625,7723.30078125,7761.38818359375,196539800,7761.38818359375,"Indonesia","^JKSE"
2024-09-11,7770.26806640625,7802.47607421875,7736.78076171875,7760.955078125,171932600,7760.955078125,"Indonesia","^JKSE"
2024-09-12,7782.01611328125,7833.27197265625,7782.01611328125,7798.15380859375,252749100,7798.15380859375,"Indonesia","^JKSE"
2024-09-13,7805.68994140625,7828.9658203125,7775.63623046875,7812.130859375,162457200,7812.130859375,"Indonesia","^JKSE"
2024-09-17,7832.52490234375,7854.01806640625,7802.27001953125,7831.77880859375,216113800,7831.77880859375,"Indonesia","^JKSE"
2024-09-18,7845.81396484375,7879.0439453125,7818.9599609375,7829.134765625,241800200,7829.134765625,"Indonesia","^JKSE"
2024-09-19,7858.11279296875,7910.55615234375,7853.35302734375,7905.39013671875,259454000,7905.39013671875,"Indonesia","^JKSE"
2024-09-20,7904.39501953125,7904.51318359375,7738.32080078125,7743.00390625,317741900,7743.00390625,"Indonesia","^JKSE"
2024-09-23,7743.201171875,7775.73095703125,7675.291015625,7775.73095703125,260227800,7775.73095703125,"Indonesia","^JKSE"
2024-09-24,7774.55615234375,7810.5400390625,7717.8388671875,7778.4912109375,182808900,7778.4912109375,"Indonesia","^JKSE"
2024-09-25,7747.85498046875,7760.8837890625,7633.44677734375,7740.90185546875,276661800,7740.90185546875,"Indonesia","^JKSE"
2024-09-26,7723.09716796875,7763.0810546875,7673.0478515625,7744.51611328125,202756700,7744.51611328125,"Indonesia","^JKSE"
2024-09-27,7713.7998046875,7736.916015625,7663.47607421875,7696.916015625,190512300,7696.916015625,"Indonesia","^JKSE"
2024-09-30,7674.2861328125,7679.2421875,7527.92919921875,7527.92919921875,222223500,7527.92919921875,"Indonesia","^JKSE"
2024-10-01,7551.4619140625,7642.1328125,7547.11083984375,7642.1328125,206962900,7642.1328125,"Indonesia","^JKSE"
2024-10-02,7601.73779296875,7619.10400390625,7501.4599609375,7563.26220703125,315317300,7563.26220703125,"Indonesia","^JKSE"
2024-10-03,7567.44921875,7581.333984375,7504.4072265625,7543.828125,189365800,7543.828125,"Indonesia","^JKSE"
2024-10-04,7531.7919921875,7549.23291015625,7467.7958984375,7496.0908203125,223945300,7496.0908203125,"Indonesia","^JKSE"
2024-10-07,7493.6572265625,7540.23583984375,7450.1982421875,7504.134765625,235809600,7504.134765625,"Indonesia","^JKSE"
2024-10-08,7486.72119140625,7592.8837890625,7449.47900390625,7557.14208984375,194830700,7557.14208984375,"Indonesia","^JKSE"
2024-10-09,7556.55517578125,7595.576171875,7501.216796875,7501.28515625,169190500,7501.28515625,"Indonesia","^JKSE"
2024-10-10,7501.869140625,7528.953125,7467.81884765625,7480.080078125,157952700,7480.080078125,"Indonesia","^JKSE"
2024-10-11,7520.52978515625,7549.541015625,7506.27587890625,7520.60205078125,159472100,7520.60205078125,"Indonesia","^JKSE"
2024-10-14,7518.81298828125,7570.26708984375,7518.81298828125,7559.65478515625,205872100,7559.65478515625,"Indonesia","^JKSE"
2024-10-15,7579.0458984375,7635.0439453125,7573.4521484375,7626.951171875,218732600,7626.951171875,"Indonesia","^JKSE"
2024-10-16,7645.2119140625,7658.39794921875,7616.60400390625,7648.93994140625,197424300,7648.93994140625,"Indonesia","^JKSE"
2024-10-17,7661.0732421875,7758.669921875,7657.72119140625,7735.0390625,224594300,7735.0390625,"Indonesia","^JKSE"
2024-10-18,7762.15185546875,7790.7109375,7718.6767578125,7760.06005859375,234291900,7760.06005859375,"Indonesia","^JKSE"
2024-10-21,7780.2451171875,7795.0869140625,7739.88720703125,7772.59619140625,246855900,7772.59619140625,"Indonesia","^JKSE"
2024-10-22,7752.3837890625,7801.40380859375,7731.9609375,7788.98291015625,286785700,7788.98291015625,"Indonesia","^JKSE"
2024-10-23,7774.009765625,7805.9169921875,7761.251953125,7787.56494140625,269650200,7787.56494140625,"Indonesia","^JKSE"
2024-10-24,7778.65576171875,7794.86279296875,7716.548828125,7716.548828125,242869700,7716.548828125,"Indonesia","^JKSE"
2024-10-25,7717.42578125,7752.2509765625,7678.17822265625,7694.66015625,205788500,7694.66015625,"Indonesia","^JKSE"
2024-10-28,7705.873046875,7714.73876953125,7599.62109375,7634.630859375,197205700,7634.630859375,"Indonesia","^JKSE"
2024-10-29,7625.4677734375,7666.43017578125,7587.2099609375,7606.60009765625,182774700,7606.60009765625,"Indonesia","^JKSE"
2024-10-30,7558.7958984375,7581.9091796875,7521.73486328125,7569.85009765625,168203300,7569.85009765625,"Indonesia","^JKSE"
2024-10-31,7569.71923828125,7617.36279296875,7558.68310546875,7574.01904296875,203290200,7574.01904296875,"Indonesia","^JKSE"
2024-11-01,7573.7939453125,7583.68798828125,7485.45703125,7505.2568359375,155270800,7505.2568359375,"Indonesia","^JKSE"
2024-11-04,7505.11083984375,7529.703125,7415.80908203125,7479.5029296875,212287900,7479.5029296875,"Indonesia","^JKSE"
2024-11-05,7474.4521484375,7496.99609375,7451.5478515625,7491.93115234375,182653900,7491.93115234375,"Indonesia","^JKSE"
2024-11-06,7495.130859375,7506.60107421875,7363.03076171875,7383.8681640625,235788800,7383.8681640625,"Indonesia","^JKSE"
2024-11-07,7373.56689453125,7381.7578125,7243.85986328125,7243.85986328125,204087800,7243.85986328125,"Indonesia","^JKSE"
2024-11-08,7263.9619140625,7350.36181640625,7263.9619140625,7287.19091796875,148863600,7287.19091796875,"Indonesia","^JKSE"
2024-11-11,7259.2900390625,7282.19580078125,7182.31201171875,7266.4599609375,221004900,7266.4599609375,"Indonesia","^JKSE"
2024-11-12,7271.173828125,7344.07421875,7268.60888671875,7321.98583984375,287694700,7321.98583984375,"Indonesia","^JKSE"
2024-11-13,7344.0078125,7370.39306640625,7304.873046875,7308.6708984375,226286700,7308.6708984375,"Indonesia","^JKSE"
2024-11-14,7303.90087890625,7318.77587890625,7214.56103515625,7214.56103515625,209423400,7214.56103515625,"Indonesia","^JKSE"
2024-11-15,7192.208984375,7241.6591796875,7122.67578125,7161.2578125,213100000,7161.2578125,"Indonesia","^JKSE"
2024-11-18,7152.076171875,7174.7529296875,7118.869140625,7134.27685546875,191734000,7134.27685546875,"Indonesia","^JKSE"
2024-11-19,7140.19482421875,7229.8310546875,7136.69091796875,7195.71484375,205098000,7195.71484375,"Indonesia","^JKSE"
2024-11-20,7213.9951171875,7229.7060546875,7171.26513671875,7180.3349609375,164074200,7180.3349609375,"Indonesia","^JKSE"
2024-11-21,7168.326171875,7209.35791015625,7140.912109375,7140.912109375,155717100,7140.912109375,"Indonesia","^JKSE"
2024-11-22,7154.68212890625,7215.68701171875,7154.4521484375,7195.56494140625,205841500,7195.56494140625,"Indonesia","^JKSE"
2024-11-25,7218.9521484375,7329.4921875,7218.828125,7314.10791015625,264819900,7314.10791015625,"Indonesia","^JKSE"
2024-11-26,7329.5322265625,7341.59521484375,7245.88818359375,7245.88818359375,164096700,7245.88818359375,"Indonesia","^JKSE"
2024-11-28,7215.9072265625,7249.69287109375,7195.66796875,7200.1572265625,178995100,7200.1572265625,"Indonesia","^JKSE"
2024-11-29,7168.00390625,7189.12890625,7107.2841796875,7114.26611328125,218431100,7114.26611328125,"Indonesia","^JKSE"
2024-12-02,7117.75390625,7153.02978515625,7041.341796875,7046.98583984375,163941100,7046.98583984375,"Indonesia","^JKSE"
2024-12-03,7104.93017578125,7196.01708984375,7102.216796875,7196.01708984375,176316700,7196.01708984375,"Indonesia","^JKSE"
2024-12-04,7198.09814453125,7328.32421875,7187.47802734375,7326.76416015625,166379200,7326.76416015625,"Indonesia","^JKSE"
2024-12-05,7326.02392578125,7338.60400390625,7283.5,7313.31298828125,131417800,7313.31298828125,"Indonesia","^JKSE"
2024-12-06,7302.6650390625,7382.80908203125,7287.59619140625,7382.78515625,130161700,7382.78515625,"Indonesia","^JKSE"
2024-12-09,7382.61376953125,7440.97900390625,7380.66015625,7437.73095703125,230130900,7437.73095703125,"Indonesia","^JKSE"
2024-12-10,7448.76806640625,7457.80517578125,7396.7900390625,7453.287109375,203350400,7453.287109375,"Indonesia","^JKSE"
2024-12-11,7444.85888671875,7530.55908203125,7444.173828125,7464.751953125,235486300,7464.751953125,"Indonesia","^JKSE"
2024-12-12,7441.97314453125,7470.89404296875,7380.02685546875,7394.23779296875,147665300,7394.23779296875,"Indonesia","^JKSE"
2024-12-13,7379.7509765625,7399.89697265625,7324.7890625,7324.7890625,120050700,7324.7890625,"Indonesia","^JKSE"
2024-12-16,7304.2177734375,7320.794921875,7204.65380859375,7258.630859375,186546900,7258.630859375,"Indonesia","^JKSE"
2024-12-17,7238.173828125,7263.31494140625,7132.05712890625,7157.73193359375,157427600,7157.73193359375,"Indonesia","^JKSE"
2024-12-18,7168.966796875,7216.8828125,7105.06787109375,7107.875,122373300,7107.875,"Indonesia","^JKSE"
2024-12-19,7034.6171875,7040.548828125,6951.0517578125,6977.23779296875,170862900,6977.23779296875,"Indonesia","^JKSE"
2024-12-20,6980.1748046875,7032.40087890625,6931.5810546875,6983.865234375,145749700,6983.865234375,"Indonesia","^JKSE"
2024-12-23,7037.52978515625,7096.44482421875,7035.72705078125,7096.44482421875,138664700,7096.44482421875,"Indonesia","^JKSE"
2024-12-24,7115.63720703125,7120.576171875,7063.7548828125,7065.74609375,110632900,7065.74609375,"Indonesia","^JKSE"
2024-12-27,7073.375,7100.27001953125,7024.71484375,7036.57080078125,144277600,7036.57080078125,"Indonesia","^JKSE"
2024-12-30,7026.77685546875,7079.90478515625,6993.07177734375,7079.90478515625,159672400,7079.90478515625,"Indonesia","^JKSE"
