"date","open","high","low","close","volume","adjusted","country","ticker_used"
2010-01-04,3051.30004882812,3052.28002929688,3005.01000976562,3005.01000976562,0,3004.23754882812,"Philippines","PSEI.PS"
2010-01-05,3012.55004882812,3034.07006835938,3011.48999023438,3028.4599609375,0,3027.68139648438,"Philippines","PSEI.PS"
2010-01-06,3035.2900390625,3041.27001953125,3029.51000976562,3039.92993164062,0,3039.1484375,"Philippines","PSEI.PS"
2010-01-07,3043.09008789062,3077.78002929688,3041.86010742188,3077.78002929688,0,3076.98876953125,"Philippines","PSEI.PS"
2010-01-08,3077.48999023438,3077.48999023438,3062.55004882812,3077.17993164062,0,3076.38891601562,"Philippines","PSEI.PS"
2010-01-11,3078.35009765625,3089.3798828125,3071.42993164062,3087.35009765625,0,3086.55639648438,"Philippines","PSEI.PS"
2010-01-12,3091.25,3110.84008789062,3091.25,3105.6201171875,0,3104.82177734375,"Philippines","PSEI.PS"
2010-01-13,3103.330078125,3106.36010742188,3082.31005859375,3096.69995117188,0,3095.90380859375,"Philippines","PSEI.PS"
2010-01-14,3098.34008789062,3121.90991210938,3096.82006835938,3121.90991210938,0,3121.107421875,"Philippines","PSEI.PS"
2010-01-15,3124.07006835938,3133.53002929688,3116.419921875,3118.46997070312,0,3117.66821289062,"Philippines","PSEI.PS"
2010-01-18,3113.19995117188,3114.35009765625,3090.19995117188,3106.30004882812,0,3105.50146484375,"Philippines","PSEI.PS"
2010-01-19,3103.669921875,3105.830078125,3072.03002929688,3084.57006835938,0,3083.77709960938,"Philippines","PSEI.PS"
2010-01-20,3110.1298828125,3110.17993164062,3076.88989257812,3083.86010742188,0,3083.0673828125,"Philippines","PSEI.PS"
2010-01-21,3074.64990234375,3086.51000976562,3065.75,3085.580078125,0,3084.78686523438,"Philippines","PSEI.PS"
2010-01-22,3082.580078125,3082.580078125,3016.669921875,3023.46997070312,0,3022.69262695312,"Philippines","PSEI.PS"
2010-01-25,3008.76000976562,3008.76000976562,2949.63989257812,2967.9599609375,0,2967.19702148438,"Philippines","PSEI.PS"
2010-01-26,2976.830078125,2995.90991210938,2951.11010742188,2955.69995117188,0,2954.94018554688,"Philippines","PSEI.PS"
2010-01-27,2957.4599609375,2960.85009765625,2903.85009765625,2919.47998046875,0,2918.7294921875,"Philippines","PSEI.PS"
2010-01-28,2928.1201171875,2963.17993164062,2912.5400390625,2961.6298828125,0,2960.86840820312,"Philippines","PSEI.PS"
2010-01-29,2941.01000976562,2955.1201171875,2928.01000976562,2953.18994140625,0,2952.4306640625,"Philippines","PSEI.PS"
2010-02-01,2950.02001953125,2950.02001953125,2861.42993164062,2883.2099609375,0,2882.46875,"Philippines","PSEI.PS"
2010-02-02,2895.98999023438,2909.44995117188,2847.06005859375,2864.17993164062,0,2863.44360351562,"Philippines","PSEI.PS"
2010-02-03,2867.61010742188,2892.89990234375,2867.61010742188,2884.81005859375,0,2884.068359375,"Philippines","PSEI.PS"
2010-02-04,2889.669921875,2920.7900390625,2889.669921875,2914.8701171875,0,2914.12084960938,"Philippines","PSEI.PS"
2010-02-05,2859.86010742188,2864.11010742188,2826.580078125,2855.63989257812,0,2854.90576171875,"Philippines","PSEI.PS"
2010-02-08,2854.84008789062,2854.84008789062,2832.11010742188,2846.60009765625,0,2845.86840820312,"Philippines","PSEI.PS"
2010-02-09,2830.05004882812,2830.05004882812,2787.65991210938,2797.61010742188,0,2796.89086914062,"Philippines","PSEI.PS"
2010-02-10,2823.42993164062,2864.69995117188,2823.42993164062,2857.23999023438,0,2856.50537109375,"Philippines","PSEI.PS"
2010-02-11,2857.55004882812,2908.8798828125,2856.88989257812,2908.8798828125,0,2908.13208007812,"Philippines","PSEI.PS"
2010-02-12,2936.1201171875,2955.90991210938,2932.86010742188,2949.64990234375,0,2948.8916015625,"Philippines","PSEI.PS"
2010-02-15,2958.30004882812,2970.25,2949.169921875,2963.23999023438,0,2962.47827148438,"Philippines","PSEI.PS"
2010-02-16,2962.76000976562,2973.43994140625,2954.8701171875,2967.7099609375,0,2966.94702148438,"Philippines","PSEI.PS"
2010-02-17,2988.59008789062,3018.669921875,2981.30004882812,3018.669921875,0,3017.89379882812,"Philippines","PSEI.PS"
2010-02-18,3022.419921875,3022.419921875,2985,2999.93994140625,0,2999.16870117188,"Philippines","PSEI.PS"
2010-02-19,2992.46997070312,2999.5400390625,2977.169921875,2978.53002929688,0,2977.76440429688,"Philippines","PSEI.PS"
2010-02-23,3006.2900390625,3022.53002929688,3002.1298828125,3013.13989257812,0,3012.365234375,"Philippines","PSEI.PS"
2010-02-24,2989.169921875,2997.77001953125,2980.52001953125,2981.13989257812,0,2980.37353515625,"Philippines","PSEI.PS"
2010-02-25,2985.09008789062,3031.26000976562,2985.09008789062,3031.26000976562,0,3030.48071289062,"Philippines","PSEI.PS"
2010-02-26,3018.61010742188,3043.75,3014.21997070312,3043.75,0,3042.96752929688,"Philippines","PSEI.PS"
2010-03-01,3037.67993164062,3078.90991210938,3037.67993164062,3078.90991210938,0,3078.11840820312,"Philippines","PSEI.PS"
2010-03-02,3089.31005859375,3099.47998046875,3057.419921875,3061.88989257812,0,3061.10278320312,"Philippines","PSEI.PS"
2010-03-03,3069.330078125,3081.6201171875,3057.65991210938,3069.2900390625,0,3068.5009765625,"Philippines","PSEI.PS"
2010-03-04,3067.080078125,3067.080078125,3034.1298828125,3034.1298828125,0,3033.34985351562,"Philippines","PSEI.PS"
2010-03-05,3044.86010742188,3070.78002929688,3040.44995117188,3040.919921875,0,3040.13818359375,"Philippines","PSEI.PS"
2010-03-08,3077.92993164062,3097.93994140625,3077.22998046875,3094.97998046875,0,3094.18432617188,"Philippines","PSEI.PS"
2010-03-09,3094.80004882812,3107.35009765625,3085.03002929688,3107.35009765625,0,3106.55126953125,"Philippines","PSEI.PS"
2010-03-10,3110.3701171875,3125.22998046875,3110.23999023438,3119.6298828125,0,3118.82788085938,"Philippines","PSEI.PS"
2010-03-11,3130.330078125,3130.330078125,3115.0400390625,3125.56005859375,0,3124.75659179688,"Philippines","PSEI.PS"
2010-03-12,3116.94995117188,3116.94995117188,3072.90991210938,3072.90991210938,0,3072.11987304688,"Philippines","PSEI.PS"
2010-03-15,3072.48999023438,3094.8798828125,3072.48999023438,3076.7900390625,0,3075.9990234375,"Philippines","PSEI.PS"
2010-03-16,3071.52001953125,3085.1298828125,3062.169921875,3085.1298828125,0,3084.33666992188,"Philippines","PSEI.PS"
2010-03-17,3079.7900390625,3099.7099609375,3079.7900390625,3088.05004882812,0,3087.25610351562,"Philippines","PSEI.PS"
2010-03-18,3099.40991210938,3103.25,3081.2900390625,3100.94995117188,0,3100.15283203125,"Philippines","PSEI.PS"
2010-03-19,3090.10009765625,3101.6201171875,3087.669921875,3097.22998046875,0,3096.43383789062,"Philippines","PSEI.PS"
2010-03-22,3099.25,3100.63989257812,3080.52001953125,3083.88989257812,0,3083.09716796875,"Philippines","PSEI.PS"
2010-03-23,3097.73999023438,3130.73999023438,3097.73999023438,3129.23999023438,0,3128.435546875,"Philippines","PSEI.PS"
2010-03-24,3155.73999023438,3169.6298828125,3151.3798828125,3166.60009765625,0,3165.7861328125,"Philippines","PSEI.PS"
2010-03-25,3164.31005859375,3174.53002929688,3148.6298828125,3171.13989257812,0,3170.32470703125,"Philippines","PSEI.PS"
2010-03-26,3176.15991210938,3181,3168.30004882812,3180.67993164062,0,3179.8623046875,"Philippines","PSEI.PS"
2010-03-29,3177.73999023438,3180.03002929688,3152.89990234375,3177.56005859375,0,3176.7431640625,"Philippines","PSEI.PS"
2010-03-30,3184.10009765625,3204.21997070312,3184.10009765625,3202.169921875,0,3201.3466796875,"Philippines","PSEI.PS"
2010-03-31,3198.07006835938,3200.78002929688,3161.80004882812,3161.80004882812,0,3160.9873046875,"Philippines","PSEI.PS"
2010-04-05,3172.5400390625,3197.8701171875,3172.5400390625,3186.77001953125,0,3185.95068359375,"Philippines","PSEI.PS"
2010-04-06,3189.43994140625,3261.51000976562,3188.03002929688,3253.47998046875,0,3252.6435546875,"Philippines","PSEI.PS"
2010-04-07,3249.93994140625,3282.25,3248.92993164062,3270.3701171875,0,3269.529296875,"Philippines","PSEI.PS"
2010-04-08,3251.1298828125,3257.6298828125,3232.06005859375,3256.1201171875,0,3255.28295898438,"Philippines","PSEI.PS"
2010-04-12,3256.1201171875,3300.56005859375,3256.1201171875,3294.830078125,0,3293.98315429688,"Philippines","PSEI.PS"
2010-04-13,3299.419921875,3309.48999023438,3275.3798828125,3299.89990234375,0,3299.05151367188,"Philippines","PSEI.PS"
2010-04-14,3302.30004882812,3312.94995117188,3288.68994140625,3299.68994140625,0,3298.84155273438,"Philippines","PSEI.PS"
2010-04-15,3318.1298828125,3322.89990234375,3266.4599609375,3278.84008789062,0,3277.9970703125,"Philippines","PSEI.PS"
2010-04-16,3286.77001953125,3288.71997070312,3240.3701171875,3265.5400390625,0,3264.70043945312,"Philippines","PSEI.PS"
2010-04-19,3232.17993164062,3232.17993164062,3202.77001953125,3203.90991210938,0,3203.08618164062,"Philippines","PSEI.PS"
2010-04-20,3208.52001953125,3208.52001953125,3145.46997070312,3147.5,0,3146.69091796875,"Philippines","PSEI.PS"
2010-04-21,3159.17993164062,3209.55004882812,3159.17993164062,3204.46997070312,0,3203.64624023438,"Philippines","PSEI.PS"
2010-04-22,3211.64990234375,3237.57006835938,3211.5,3237.57006835938,0,3236.73779296875,"Philippines","PSEI.PS"
2010-04-23,3239.89990234375,3251.98999023438,3228.17993164062,3244.44995117188,0,3243.61596679688,"Philippines","PSEI.PS"
2010-04-26,3260.2099609375,3296.96997070312,3260.2099609375,3292.59008789062,0,3291.74365234375,"Philippines","PSEI.PS"
2010-04-27,3290.06005859375,3315.2099609375,3290.06005859375,3307.7099609375,0,3306.85961914062,"Philippines","PSEI.PS"
2010-04-28,3298.56005859375,3298.56005859375,3247.78002929688,3284.78002929688,0,3283.935546875,"Philippines","PSEI.PS"
2010-04-29,3287.32006835938,3315.61010742188,3287.32006835938,3297,0,3296.15234375,"Philippines","PSEI.PS"
2010-04-30,3297,3327.98999023438,3284.3701171875,3290.09008789062,0,3289.24438476562,"Philippines","PSEI.PS"
2010-05-04,3305.59008789062,3306.330078125,3274.05004882812,3290.67993164062,0,3289.833984375,"Philippines","PSEI.PS"
2010-05-05,3249.8798828125,3249.8798828125,3162.14990234375,3176.85009765625,0,3176.03344726562,"Philippines","PSEI.PS"
2010-05-06,3169.60009765625,3174.6201171875,3142.60009765625,3167.830078125,0,3167.015625,"Philippines","PSEI.PS"
2010-05-07,3092.39990234375,3154.69995117188,3073.7099609375,3142.06005859375,0,3141.25219726562,"Philippines","PSEI.PS"
2010-05-10,3142.06005859375,3142.06005859375,3142.06005859375,3142.06005859375,0,3141.25219726562,"Philippines","PSEI.PS"
2010-05-11,3260.7099609375,3298.9599609375,3256.56005859375,3262.92993164062,0,3262.09106445312,"Philippines","PSEI.PS"
2010-05-12,3271.28002929688,3276.14990234375,3253.419921875,3269.40991210938,0,3268.5693359375,"Philippines","PSEI.PS"
2010-05-13,3281.82006835938,3332.38989257812,3278.98999023438,3327.68994140625,0,3326.83447265625,"Philippines","PSEI.PS"
2010-05-14,3318.53002929688,3342.31005859375,3303.18994140625,3330.419921875,0,3329.56372070312,"Philippines","PSEI.PS"
2010-05-17,3316.85009765625,3322.43994140625,3271.61010742188,3289.31005859375,0,3288.46435546875,"Philippines","PSEI.PS"
2010-05-18,3303.60009765625,3305.2099609375,3247.9599609375,3265.07006835938,0,3264.23071289062,"Philippines","PSEI.PS"
2010-05-19,3227.75,3231.5,3208.63989257812,3222.18994140625,0,3221.36157226562,"Philippines","PSEI.PS"
2010-05-20,3207.30004882812,3240.830078125,3206.25,3213.80004882812,0,3212.97387695312,"Philippines","PSEI.PS"
2010-05-21,3166.6298828125,3184.26000976562,3147.8798828125,3179.36010742188,0,3178.54272460938,"Philippines","PSEI.PS"
2010-05-24,3198.53002929688,3212.8701171875,3179.81005859375,3191.2900390625,0,3190.4697265625,"Philippines","PSEI.PS"
2010-05-25,3170.52001953125,3173.7099609375,3093.8798828125,3102.59008789062,0,3101.79248046875,"Philippines","PSEI.PS"
2010-05-26,3111.669921875,3134.60009765625,3111.669921875,3125.14990234375,0,3124.34643554688,"Philippines","PSEI.PS"
2010-05-27,3113.72998046875,3173.080078125,3108.53002929688,3156.53002929688,0,3155.71850585938,"Philippines","PSEI.PS"
2010-05-28,3156.3798828125,3252.6298828125,3156.3798828125,3252.6298828125,0,3251.79370117188,"Philippines","PSEI.PS"
2010-05-31,3235.98999023438,3272.72998046875,3232.72998046875,3272.72998046875,0,3271.888671875,"Philippines","PSEI.PS"
2010-06-01,3267.93994140625,3275.38989257812,3251.18994140625,3266.6201171875,0,3265.7802734375,"Philippines","PSEI.PS"
2010-06-02,3263.4599609375,3293.68994140625,3263.4599609375,3289.56005859375,0,3288.71435546875,"Philippines","PSEI.PS"
2010-06-03,3314.669921875,3355.22998046875,3314.669921875,3355.22998046875,0,3354.36743164062,"Philippines","PSEI.PS"
2010-06-04,3354.59008789062,3367.89990234375,3344.14990234375,3357.05004882812,0,3356.18701171875,"Philippines","PSEI.PS"
2010-06-07,3293.96997070312,3297.27001953125,3266.11010742188,3266.11010742188,0,3265.2705078125,"Philippines","PSEI.PS"
2010-06-08,3266.43994140625,3283.67993164062,3259.57006835938,3274.26000976562,0,3273.41821289062,"Philippines","PSEI.PS"
2010-06-09,3284.17993164062,3289.03002929688,3248.1298828125,3254.830078125,0,3253.99340820312,"Philippines","PSEI.PS"
2010-06-10,3252.81005859375,3252.81005859375,3219.4599609375,3224.48999023438,0,3223.6611328125,"Philippines","PSEI.PS"
2010-06-11,3272.57006835938,3288.4599609375,3253.78002929688,3265.43994140625,0,3264.6005859375,"Philippines","PSEI.PS"
2010-06-15,3266.22998046875,3291.93994140625,3266.22998046875,3282.419921875,0,3281.576171875,"Philippines","PSEI.PS"
2010-06-16,3314.419921875,3329.32006835938,3305.919921875,3307.64990234375,0,3306.79956054688,"Philippines","PSEI.PS"
2010-06-17,3312.27001953125,3315.01000976562,3300.5,3313.52001953125,0,3312.66821289062,"Philippines","PSEI.PS"
2010-06-18,3317.53002929688,3336.97998046875,3313.71997070312,3335.47998046875,0,3334.62255859375,"Philippines","PSEI.PS"
2010-06-21,3342.67993164062,3362.6201171875,3342.67993164062,3357.8798828125,0,3357.0166015625,"Philippines","PSEI.PS"
2010-06-22,3362.13989257812,3363.86010742188,3348.06005859375,3351.68994140625,0,3350.82836914062,"Philippines","PSEI.PS"
2010-06-23,3343.6298828125,3345.1201171875,3327.01000976562,3342.96997070312,0,3342.11059570312,"Philippines","PSEI.PS"
2010-06-24,3346.80004882812,3346.8701171875,3323.22998046875,3333.96997070312,0,3333.11279296875,"Philippines","PSEI.PS"
2010-06-25,3320.47998046875,3358.84008789062,3315.85009765625,3352.4599609375,0,3351.59814453125,"Philippines","PSEI.PS"
2010-06-28,3363.51000976562,3374.01000976562,3354.28002929688,3363.89990234375,0,3363.03515625,"Philippines","PSEI.PS"
2010-06-29,3367.11010742188,3373.78002929688,3360.23999023438,3372.7099609375,0,3371.84301757812,"Philippines","PSEI.PS"
2010-07-01,3321.38989257812,3333.44995117188,3315.17993164062,3315.26000976562,0,3314.40771484375,"Philippines","PSEI.PS"
2010-07-02,3313.080078125,3320.46997070312,3282.73999023438,3290.97998046875,0,3290.13403320312,"Philippines","PSEI.PS"
2010-07-05,3291.81005859375,3314.30004882812,3281.3798828125,3311.73999023438,0,3310.888671875,"Philippines","PSEI.PS"
2010-07-06,3294.46997070312,3339.8701171875,3294.46997070312,3335.7099609375,0,3334.8525390625,"Philippines","PSEI.PS"
2010-07-07,3349.56005859375,3355.84008789062,3341.78002929688,3350.080078125,0,3349.21875,"Philippines","PSEI.PS"
2010-07-08,3374.82006835938,3405.78002929688,3374.82006835938,3398.15991210938,0,3397.28637695312,"Philippines","PSEI.PS"
2010-07-09,3403.9599609375,3412.40991210938,3394.14990234375,3394.56005859375,0,3393.6875,"Philippines","PSEI.PS"
2010-07-12,3395.330078125,3414.32006835938,3395.330078125,3406.9599609375,0,3406.08422851562,"Philippines","PSEI.PS"
2010-07-13,3412.47998046875,3435.85009765625,3412.47998046875,3435.85009765625,0,3434.966796875,"Philippines","PSEI.PS"
2010-07-15,3468.98999023438,3485.93994140625,3458.88989257812,3467.6298828125,0,3466.73852539062,"Philippines","PSEI.PS"
2010-07-16,3461.330078125,3463.80004882812,3434.080078125,3442.67993164062,0,3441.794921875,"Philippines","PSEI.PS"
2010-07-19,3427.19995117188,3429.7900390625,3412.59008789062,3424.2900390625,0,3423.40966796875,"Philippines","PSEI.PS"
2010-07-20,3426.71997070312,3431.31005859375,3397.56005859375,3405.68994140625,0,3404.814453125,"Philippines","PSEI.PS"
2010-07-21,3421.3798828125,3425.93994140625,3413.73999023438,3418.7099609375,0,3417.8310546875,"Philippines","PSEI.PS"
2010-07-22,3414.77001953125,3422.19995117188,3402.30004882812,3414.89990234375,0,3414.02197265625,"Philippines","PSEI.PS"
2010-07-23,3435.14990234375,3445.8701171875,3414.26000976562,3416.10009765625,0,3415.22192382812,"Philippines","PSEI.PS"
2010-07-26,3416.10009765625,3422.44995117188,3371.10009765625,3414.03002929688,0,3413.15234375,"Philippines","PSEI.PS"
2010-07-27,3414.03002929688,3437.57006835938,3414.03002929688,3436.59008789062,0,3435.70654296875,"Philippines","PSEI.PS"
2010-07-28,3436.59008789062,3463.84008789062,3436.59008789062,3451.90991210938,0,3451.0224609375,"Philippines","PSEI.PS"
2010-07-29,3454.80004882812,3456.080078125,3429.10009765625,3429.35009765625,0,3428.46850585938,"Philippines","PSEI.PS"
2010-07-30,3429.35009765625,3434.919921875,3422.2900390625,3426.94995117188,0,3426.06884765625,"Philippines","PSEI.PS"
2010-08-02,3426.94995117188,3457.26000976562,3426.4599609375,3455.23999023438,0,3454.35180664062,"Philippines","PSEI.PS"
2010-08-03,3455.23999023438,3489.57006835938,3455.23999023438,3484.080078125,0,3483.18432617188,"Philippines","PSEI.PS"
2010-08-04,3484.080078125,3506.93994140625,3483.6298828125,3503.48999023438,0,3502.58935546875,"Philippines","PSEI.PS"
2010-08-05,3503.48999023438,3526.419921875,3503.48999023438,3521.10009765625,0,3520.19482421875,"Philippines","PSEI.PS"
2010-08-06,3522.36010742188,3533.28002929688,3515.71997070312,3516.28002929688,0,3515.3759765625,"Philippines","PSEI.PS"
2010-08-09,3515.84008789062,3531.59008789062,3515.84008789062,3524.69995117188,0,3523.7939453125,"Philippines","PSEI.PS"
2010-08-10,3524.69995117188,3536.14990234375,3523.80004882812,3525.81005859375,0,3524.90356445312,"Philippines","PSEI.PS"
2010-08-11,3525.81005859375,3539.2900390625,3521.1201171875,3522.71997070312,0,3521.814453125,"Philippines","PSEI.PS"
2010-08-12,3522.71997070312,3522.71997070312,3477.23999023438,3483.02001953125,0,3482.12451171875,"Philippines","PSEI.PS"
2010-08-13,3483.02001953125,3483.63989257812,3464.98999023438,3469.52001953125,0,3468.62817382812,"Philippines","PSEI.PS"
2010-08-16,3469.52001953125,3482.2099609375,3460.26000976562,3479.669921875,0,3478.775390625,"Philippines","PSEI.PS"
2010-08-17,3479.669921875,3503.38989257812,3479.669921875,3502.25,0,3501.349609375,"Philippines","PSEI.PS"
2010-08-18,3502.25,3534.80004882812,3502.25,3534.80004882812,0,3533.89135742188,"Philippines","PSEI.PS"
2010-08-19,3534.80004882812,3560.38989257812,3534.80004882812,3560.38989257812,0,3559.474609375,"Philippines","PSEI.PS"
2010-08-20,3560.38989257812,3597.5400390625,3535.07006835938,3593.60009765625,0,3592.67626953125,"Philippines","PSEI.PS"
2010-08-24,3613.3701171875,3613.3701171875,3530.48999023438,3530.48999023438,0,3529.58227539062,"Philippines","PSEI.PS"
2010-08-25,3530.48999023438,3576,3530.48999023438,3554.14990234375,0,3553.236328125,"Philippines","PSEI.PS"
2010-08-26,3554.14990234375,3600.830078125,3554.14990234375,3595.580078125,0,3594.65576171875,"Philippines","PSEI.PS"
2010-08-27,3595.580078125,3595.86010742188,3558.63989257812,3558.669921875,0,3557.75512695312,"Philippines","PSEI.PS"
2010-08-31,3508.09008789062,3566.96997070312,3508.09008789062,3566.22998046875,0,3565.31323242188,"Philippines","PSEI.PS"
2010-09-01,3566.22998046875,3593.40991210938,3566.22998046875,3593.40991210938,0,3592.48608398438,"Philippines","PSEI.PS"
2010-09-02,3593.40991210938,3666.919921875,3593.40991210938,3666.5400390625,0,3665.59741210938,"Philippines","PSEI.PS"
2010-09-03,3666.5400390625,3739.43994140625,3666.5400390625,3734.69995117188,0,3733.73974609375,"Philippines","PSEI.PS"
2010-09-06,3734.71997070312,3787.34008789062,3734.71997070312,3744.01000976562,0,3743.04760742188,"Philippines","PSEI.PS"
2010-09-07,3744.01000976562,3775.419921875,3718.92993164062,3775.419921875,0,3774.44946289062,"Philippines","PSEI.PS"
2010-09-08,3775.419921875,3804.72998046875,3718.5400390625,3804.72998046875,0,3803.751953125,"Philippines","PSEI.PS"
2010-09-09,3804.72998046875,3902.56005859375,3802.71997070312,3902.56005859375,0,3901.55688476562,"Philippines","PSEI.PS"
2010-09-13,3902.56005859375,3972.60009765625,3902.56005859375,3972.60009765625,0,3971.57885742188,"Philippines","PSEI.PS"
2010-09-14,3972.60009765625,4011.27001953125,3924.98999023438,3968.2900390625,0,3967.26977539062,"Philippines","PSEI.PS"
2010-09-15,3968.2900390625,3988.05004882812,3958.68994140625,3973.47998046875,0,3972.45849609375,"Philippines","PSEI.PS"
2010-09-16,3973.47998046875,4014.42993164062,3973.47998046875,4005.4599609375,0,4004.43017578125,"Philippines","PSEI.PS"
2010-09-17,4005.4599609375,4021.330078125,3968.39990234375,3979.35009765625,0,3978.3271484375,"Philippines","PSEI.PS"
2010-09-20,3979.35009765625,4053.32006835938,3979.35009765625,4053.32006835938,0,4052.27807617188,"Philippines","PSEI.PS"
2010-09-21,4053.32006835938,4125.5,4053.32006835938,4087.9599609375,0,4086.90893554688,"Philippines","PSEI.PS"
2010-09-22,4087.9599609375,4096.66015625,4020.14990234375,4054.17993164062,0,4053.1376953125,"Philippines","PSEI.PS"
2010-09-23,4054.17993164062,4069.31005859375,4054.17993164062,4067.42993164062,0,4066.38427734375,"Philippines","PSEI.PS"
2010-09-24,4067.42993164062,4079.78002929688,4063.85009765625,4078.8701171875,0,4077.82153320312,"Philippines","PSEI.PS"
2010-09-27,4079.31005859375,4129.2001953125,4079.31005859375,4122.830078125,0,4121.77001953125,"Philippines","PSEI.PS"
2010-09-28,4122.830078125,4124.18017578125,4104.35986328125,4123.9501953125,0,4122.89013671875,"Philippines","PSEI.PS"
2010-09-29,4123.9501953125,4142.85009765625,4110.14013671875,4111.0498046875,0,4109.9931640625,"Philippines","PSEI.PS"
2010-09-30,4111.0498046875,4112.3701171875,4055.15991210938,4100.06982421875,0,4099.015625,"Philippines","PSEI.PS"
2010-10-01,4100.06982421875,4117,4067.15991210938,4111.990234375,0,4110.93310546875,"Philippines","PSEI.PS"
2010-10-04,4111.990234375,4188.31005859375,4111.990234375,4188.31005859375,0,4187.2333984375,"Philippines","PSEI.PS"
2010-10-05,4188.31005859375,4199.56982421875,4171.8701171875,4171.8701171875,0,4170.7978515625,"Philippines","PSEI.PS"
2010-10-06,4171.8701171875,4226.47998046875,4171.8701171875,4196.72998046875,0,4195.65087890625,"Philippines","PSEI.PS"
2010-10-07,4196.72998046875,4245.0498046875,4196.72998046875,4245.0498046875,0,4243.95849609375,"Philippines","PSEI.PS"
2010-10-08,4245.0498046875,4251.64990234375,4222.1201171875,4236.97998046875,0,4235.890625,"Philippines","PSEI.PS"
2010-10-11,4236.97998046875,4253.75,4218.7900390625,4218.7900390625,0,4217.70556640625,"Philippines","PSEI.PS"
2010-10-12,4218.7900390625,4224.97021484375,4166,4166.52001953125,0,4165.44873046875,"Philippines","PSEI.PS"
2010-10-13,4166.52001953125,4194.06005859375,4146.35986328125,4194.06005859375,0,4192.98193359375,"Philippines","PSEI.PS"
2010-10-14,4194.06005859375,4242.240234375,4194.06005859375,4233.3798828125,0,4232.29150390625,"Philippines","PSEI.PS"
2010-10-15,4233.3798828125,4246.919921875,4207.10986328125,4216.35009765625,0,4215.26611328125,"Philippines","PSEI.PS"
2010-10-18,4216.35009765625,4235.669921875,4187.830078125,4215.10986328125,0,4214.0263671875,"Philippines","PSEI.PS"
2010-10-19,4215.10986328125,4227.830078125,4174.7900390625,4191.25,0,4190.17236328125,"Philippines","PSEI.PS"
2010-10-20,4191.25,4202.169921875,4148.22021484375,4191.9599609375,0,4190.88232421875,"Philippines","PSEI.PS"
2010-10-21,4249.169921875,4249.169921875,4193.0400390625,4249.169921875,0,4248.07763671875,"Philippines","PSEI.PS"
2010-10-22,4249.169921875,4290.16015625,4193.0400390625,4286.8701171875,0,4285.76806640625,"Philippines","PSEI.PS"
2010-10-26,4286.8701171875,4299.080078125,4264.2900390625,4279.52978515625,0,4278.4296875,"Philippines","PSEI.PS"
2010-10-27,4284.509765625,4299.009765625,4282.0498046875,4285.06982421875,0,4283.96826171875,"Philippines","PSEI.PS"
2010-10-28,4285.06982421875,4294.72998046875,4257.509765625,4260.68994140625,0,4259.5947265625,"Philippines","PSEI.PS"
2010-10-29,4260.68994140625,4279.89013671875,4256.75,4268.740234375,0,4267.64306640625,"Philippines","PSEI.PS"
2010-11-02,4268.740234375,4342.22021484375,4268.740234375,4341.740234375,0,4340.6240234375,"Philippines","PSEI.PS"
2010-11-03,4341.740234375,4390.60009765625,4341.740234375,4381.85986328125,0,4380.7333984375,"Philippines","PSEI.PS"
2010-11-04,4381.85986328125,4397.2998046875,4379.740234375,4397.2998046875,0,4396.16943359375,"Philippines","PSEI.PS"
2010-11-05,4397.2998046875,4413.419921875,4347.490234375,4349.10986328125,0,4347.99169921875,"Philippines","PSEI.PS"
2010-11-08,4349.10986328125,4379.9501953125,4295.6201171875,4295.6201171875,0,4294.515625,"Philippines","PSEI.PS"
2010-11-09,4295.6201171875,4297.6201171875,4258.10986328125,4266.4501953125,0,4265.353515625,"Philippines","PSEI.PS"
2010-11-10,4265.8798828125,4275.31005859375,4172.22998046875,4197.56982421875,0,4196.49072265625,"Philippines","PSEI.PS"
2010-11-11,4197.56982421875,4214.89990234375,4090.82006835938,4144.41015625,0,4143.3447265625,"Philippines","PSEI.PS"
2010-11-12,4144.41015625,4149.81982421875,4049.080078125,4076.67993164062,0,4075.6318359375,"Philippines","PSEI.PS"
2010-11-15,4078.3798828125,4141.43994140625,4062.14990234375,4139.31982421875,0,4138.255859375,"Philippines","PSEI.PS"
2010-11-17,4116.419921875,4120.91015625,4069.31005859375,4069.31005859375,0,4068.26391601562,"Philippines","PSEI.PS"
2010-11-18,4069.31005859375,4120.6201171875,4069.31005859375,4120.6201171875,0,4119.56103515625,"Philippines","PSEI.PS"
2010-11-19,4122.39990234375,4204.08984375,4122.39990234375,4203.60009765625,0,4202.51953125,"Philippines","PSEI.PS"
2010-11-22,4204.56982421875,4221.72021484375,4172.490234375,4186.89013671875,277800,4185.81396484375,"Philippines","PSEI.PS"
2010-11-23,4186.93994140625,4186.93994140625,4142.91015625,4147.35009765625,303400,4146.28369140625,"Philippines","PSEI.PS"
2010-11-25,4125.919921875,4157.68017578125,4089.75,4097.490234375,405800,4096.43701171875,"Philippines","PSEI.PS"
2010-11-26,4098.06005859375,4104.93994140625,4034.25,4053.580078125,458400,4052.5380859375,"Philippines","PSEI.PS"
2010-11-30,4050.43994140625,4070.73999023438,3953.69995117188,3953.69995117188,604200,3952.68359375,"Philippines","PSEI.PS"
2010-12-01,3967.86010742188,4031.5400390625,3967.86010742188,4002.8798828125,560200,4001.85083007812,"Philippines","PSEI.PS"
2010-12-02,4061.48999023438,4149.3798828125,4061.48999023438,4148.89990234375,519000,4147.83349609375,"Philippines","PSEI.PS"
2010-12-03,4180.4501953125,4194.3798828125,4132.72998046875,4176.47998046875,328400,4175.40625,"Philippines","PSEI.PS"
2010-12-06,4181.10986328125,4223.1201171875,4181.10986328125,4223.1201171875,325200,4222.03466796875,"Philippines","PSEI.PS"
2010-12-07,4223.1201171875,4225.85986328125,4182.5,4197.919921875,429600,4196.8408203125,"Philippines","PSEI.PS"
2010-12-08,4198.27001953125,4229.72998046875,4198.27001953125,4221.08984375,276000,4220.0048828125,"Philippines","PSEI.PS"
2010-12-09,4220.8798828125,4235.33984375,4204.02001953125,4209.419921875,224200,4208.337890625,"Philippines","PSEI.PS"
2010-12-10,4209.419921875,4209.419921875,4126.31982421875,4135.75,367800,4134.68701171875,"Philippines","PSEI.PS"
2010-12-13,4147.89013671875,4147.89013671875,4102.68994140625,4115.3798828125,199600,4114.32177734375,"Philippines","PSEI.PS"
2010-12-14,4116.43017578125,4148.02978515625,4116.43017578125,4148.02978515625,276600,4146.96337890625,"Philippines","PSEI.PS"
2010-12-15,4150.06005859375,4160.56982421875,4071.1201171875,4089.75,303200,4088.69873046875,"Philippines","PSEI.PS"
2010-12-16,4089.75,4089.75,4003.84008789062,4039.39990234375,297400,4038.36157226562,"Philippines","PSEI.PS"
2010-12-17,4042.94995117188,4057.330078125,4026.60009765625,4057.330078125,211000,4056.287109375,"Philippines","PSEI.PS"
2010-12-20,4060.92993164062,4086.96997070312,4060.26000976562,4077.06005859375,212800,4076.01196289062,"Philippines","PSEI.PS"
2010-12-21,4076.02001953125,4096.759765625,4074,4091.86010742188,424000,4090.80810546875,"Philippines","PSEI.PS"
2010-12-22,4091.86010742188,4118.18994140625,4086.0400390625,4113.68994140625,427800,4112.63232421875,"Philippines","PSEI.PS"
2010-12-23,4123.7998046875,4166.0400390625,4123.7998046875,4166.0400390625,336200,4164.96923828125,"Philippines","PSEI.PS"
2010-12-28,4164.68994140625,4170.27001953125,4148.35986328125,4163.990234375,233800,4162.919921875,"Philippines","PSEI.PS"
2010-12-29,4163.5400390625,4199.31005859375,4161.5400390625,4199.31005859375,373000,4198.23046875,"Philippines","PSEI.PS"
2010-12-30,4211.740234375,4218.06005859375,4198.16015625,4201.14013671875,417000,4200.06005859375,"Philippines","PSEI.PS"
2011-01-03,4206.009765625,4230.77978515625,4206.009765625,4215.2099609375,282600,4214.12646484375,"Philippines","PSEI.PS"
2011-01-04,4219.27001953125,4246.27001953125,4214,4218.72998046875,258800,4217.6455078125,"Philippines","PSEI.PS"
2011-01-05,4220.02978515625,4225.919921875,4203.75,4212.97998046875,242600,4211.89697265625,"Philippines","PSEI.PS"
2011-01-06,4211.35986328125,4228.9501953125,4206.83984375,4217.25,248600,4216.166015625,"Philippines","PSEI.PS"
2011-01-07,4216.7900390625,4225.06982421875,4196.89013671875,4202.52001953125,185000,4201.439453125,"Philippines","PSEI.PS"
2011-01-10,4201.85009765625,4206.91015625,4108.4599609375,4112.580078125,263800,4111.52294921875,"Philippines","PSEI.PS"
2011-01-11,4105.490234375,4105.89013671875,4008.39990234375,4032.3701171875,270600,4031.33349609375,"Philippines","PSEI.PS"
2011-01-12,4032.3701171875,4072.1298828125,4032.3701171875,4037.22998046875,345600,4036.19213867188,"Philippines","PSEI.PS"
2011-01-13,4042.5400390625,4087.919921875,4042.5400390625,4070.11010742188,396200,4069.06372070312,"Philippines","PSEI.PS"
2011-01-14,4070,4132.0400390625,4070,4132.0400390625,458800,4130.97802734375,"Philippines","PSEI.PS"
2011-01-17,4145.5498046875,4165.4501953125,4132.169921875,4148.16015625,345000,4147.09375,"Philippines","PSEI.PS"
2011-01-18,4148.22021484375,4149.5498046875,4064.98999023438,4072.59008789062,786400,4071.54321289062,"Philippines","PSEI.PS"
2011-01-19,4076.31005859375,4076.89990234375,4027.46997070312,4039.56005859375,435200,4038.521484375,"Philippines","PSEI.PS"
2011-01-20,4039.93994140625,4044.1201171875,4005.84008789062,4006.23999023438,338000,4005.21020507812,"Philippines","PSEI.PS"
2011-01-21,4003.61010742188,4004.11010742188,3941.580078125,3951.0400390625,292000,3950.0244140625,"Philippines","PSEI.PS"
2011-01-24,3951.0400390625,3951.0400390625,3881.34008789062,3902.7099609375,286600,3901.70678710938,"Philippines","PSEI.PS"
2011-01-25,3963.919921875,3963.919921875,3942.43994140625,3960.30004882812,279400,3959.28198242188,"Philippines","PSEI.PS"
2011-01-26,3958.419921875,3958.419921875,3919.8701171875,3931.63989257812,311800,3930.62915039062,"Philippines","PSEI.PS"
2011-01-27,3937,3996.03002929688,3937,3990.48999023438,209600,3989.46411132812,"Philippines","PSEI.PS"
2011-01-28,3998.22998046875,4026.3798828125,3963.30004882812,3970.34008789062,209800,3969.3193359375,"Philippines","PSEI.PS"
2011-01-31,3943.14990234375,3943.14990234375,3869.89990234375,3881.46997070312,256400,3880.47216796875,"Philippines","PSEI.PS"
2011-02-01,3893.1201171875,3896.46997070312,3830.48999023438,3830.48999023438,404400,3829.50537109375,"Philippines","PSEI.PS"
2011-02-02,3831.55004882812,3891.07006835938,3831.55004882812,3891.07006835938,339400,3890.06982421875,"Philippines","PSEI.PS"
2011-02-03,3888.78002929688,3901.919921875,3872.2099609375,3888.55004882812,323800,3887.55029296875,"Philippines","PSEI.PS"
2011-02-04,3888.65991210938,3903.72998046875,3862.86010742188,3872.35009765625,210400,3871.3544921875,"Philippines","PSEI.PS"
2011-02-07,3876.52001953125,3885.93994140625,3862.06005859375,3880.03002929688,172000,3879.03247070312,"Philippines","PSEI.PS"
2011-02-08,3882.03002929688,3908.919921875,3866.57006835938,3878.47998046875,222600,3877.48291015625,"Philippines","PSEI.PS"
2011-02-09,3878.47998046875,3889.39990234375,3843.3701171875,3843.3701171875,266000,3842.38208007812,"Philippines","PSEI.PS"
2011-02-10,3835.84008789062,3835.84008789062,3728.19995117188,3738.31005859375,324000,3737.34912109375,"Philippines","PSEI.PS"
2011-02-11,3739.36010742188,3772.080078125,3723.28002929688,3749.14990234375,319200,3748.18603515625,"Philippines","PSEI.PS"
2011-02-14,3750.44995117188,3803.90991210938,3750.44995117188,3796.72998046875,204000,3795.75390625,"Philippines","PSEI.PS"
2011-02-15,3809.669921875,3812.65991210938,3782.84008789062,3790.78002929688,0,3789.80541992188,"Philippines","PSEI.PS"
2011-02-16,3791.22998046875,3818.18994140625,3784.5400390625,3812.0400390625,254200,3811.06005859375,"Philippines","PSEI.PS"
2011-02-17,3812.61010742188,3871.11010742188,3812.61010742188,3866.3798828125,235000,3865.38598632812,"Philippines","PSEI.PS"
2011-02-18,3868.42993164062,3891.89990234375,3849.47998046875,3851.23999023438,196600,3850.25,"Philippines","PSEI.PS"
2011-02-21,3851.47998046875,3869.69995117188,3828.86010742188,3837.43994140625,209200,3836.45336914062,"Philippines","PSEI.PS"
2011-02-22,3829.42993164062,3829.42993164062,3778.43994140625,3784.07006835938,211200,3783.09716796875,"Philippines","PSEI.PS"
2011-02-23,3775.57006835938,3775.57006835938,3705.580078125,3757.0400390625,232000,3756.07421875,"Philippines","PSEI.PS"
2011-02-24,3758.67993164062,3758.67993164062,3730.69995117188,3730.84008789062,229000,3729.88110351562,"Philippines","PSEI.PS"
2011-02-25,3730.3701171875,3748.080078125,3729.82006835938,3737.0400390625,304800,3736.07934570312,"Philippines","PSEI.PS"
2011-02-28,3731.330078125,3767.169921875,3705.17993164062,3766.72998046875,428600,3765.76171875,"Philippines","PSEI.PS"
2011-03-01,3772.8701171875,3802.55004882812,3763.5400390625,3784.22998046875,415600,3783.25708007812,"Philippines","PSEI.PS"
2011-03-02,3780.59008789062,3780.59008789062,3752.3798828125,3773.7099609375,260400,3772.73974609375,"Philippines","PSEI.PS"
2011-03-03,3777.31005859375,3861.61010742188,3777.31005859375,3834.05004882812,334400,3833.064453125,"Philippines","PSEI.PS"
2011-03-04,3849.1201171875,3905.02001953125,3849.1201171875,3882.7099609375,380000,3881.7119140625,"Philippines","PSEI.PS"
2011-03-07,3884.40991210938,3905.06005859375,3879.11010742188,3886.47998046875,246200,3885.48095703125,"Philippines","PSEI.PS"
2011-03-08,3889.97998046875,3907.92993164062,3889.97998046875,3898.8701171875,271400,3897.86791992188,"Philippines","PSEI.PS"
2011-03-09,3908.830078125,3935.8701171875,3908.830078125,3926.86010742188,412600,3925.8505859375,"Philippines","PSEI.PS"
2011-03-10,3930.27001953125,3959.93994140625,3930.27001953125,3959.93994140625,337000,3958.921875,"Philippines","PSEI.PS"
2011-03-11,3953.19995117188,3953.19995117188,3873.07006835938,3924.35009765625,247200,3923.34130859375,"Philippines","PSEI.PS"
2011-03-14,3899.73999023438,3918.69995117188,3888.31005859375,3918.69995117188,240800,3917.69262695312,"Philippines","PSEI.PS"
2011-03-15,3918.98999023438,3954.80004882812,3892.35009765625,3896.31005859375,435400,3895.30834960938,"Philippines","PSEI.PS"
2011-03-16,3894.57006835938,3902,3865.01000976562,3878.43994140625,348400,3877.44287109375,"Philippines","PSEI.PS"
2011-03-17,3875.32006835938,3875.32006835938,3816.77001953125,3817.3798828125,323800,3816.3984375,"Philippines","PSEI.PS"
2011-03-18,3820.92993164062,3853.21997070312,3820.92993164062,3839.8798828125,428600,3838.89282226562,"Philippines","PSEI.PS"
2011-03-21,3846.44995117188,3860.23999023438,3840.30004882812,3844.31005859375,279200,3843.32177734375,"Philippines","PSEI.PS"
2011-03-22,3849.53002929688,3868.73999023438,3848.01000976562,3854.13989257812,244800,3853.14916992188,"Philippines","PSEI.PS"
2011-03-23,3855.9599609375,3862.169921875,3846.93994140625,3855.52001953125,208600,3854.52880859375,"Philippines","PSEI.PS"
2011-03-24,3857.17993164062,3862.81005859375,3827.75,3841.5400390625,181200,3840.55249023438,"Philippines","PSEI.PS"
2011-03-25,3848.8701171875,3875.81005859375,3848.10009765625,3875.81005859375,238400,3874.81372070312,"Philippines","PSEI.PS"
2011-03-28,3877.39990234375,3920.96997070312,3877.39990234375,3913.97998046875,222000,3912.97387695312,"Philippines","PSEI.PS"
2011-03-29,3922.4599609375,3922.4599609375,3902.72998046875,3907.22998046875,209400,3906.2255859375,"Philippines","PSEI.PS"
2011-03-30,3909.06005859375,4025.69995117188,3909.06005859375,4023.73999023438,661200,4022.70556640625,"Philippines","PSEI.PS"
2011-03-31,4025.43994140625,4056.64990234375,4025.43994140625,4055.13989257812,409400,4054.09741210938,"Philippines","PSEI.PS"
2011-04-01,4055.580078125,4129.5400390625,4055.580078125,4129.5400390625,353800,4128.478515625,"Philippines","PSEI.PS"
2011-04-04,4130.68017578125,4212.68017578125,4130.68017578125,4209.43017578125,805000,4208.34814453125,"Philippines","PSEI.PS"
2011-04-05,4207.740234375,4210.2099609375,4167.08984375,4167.08984375,521200,4166.0185546875,"Philippines","PSEI.PS"
2011-04-06,4164.830078125,4216.35986328125,4159.47021484375,4212.52001953125,637400,4211.43701171875,"Philippines","PSEI.PS"
2011-04-07,4212.52001953125,4242.9599609375,4209.9501953125,4219.43017578125,406800,4218.345703125,"Philippines","PSEI.PS"
2011-04-08,4218.7099609375,4241.009765625,4216.080078125,4241.009765625,272400,4239.91943359375,"Philippines","PSEI.PS"
2011-04-11,4240.9599609375,4255.27978515625,4209.66015625,4227.990234375,316400,4226.9033203125,"Philippines","PSEI.PS"
2011-04-12,4227.669921875,4227.669921875,4185.89990234375,4199.47998046875,271200,4198.400390625,"Philippines","PSEI.PS"
2011-04-13,4191.83984375,4203.68017578125,4160.419921875,4203.68017578125,232700,4202.599609375,"Philippines","PSEI.PS"
2011-04-14,4208.64013671875,4238.68994140625,4208.64013671875,4234.9599609375,401300,4233.87109375,"Philippines","PSEI.PS"
2011-04-15,4242.68017578125,4261.759765625,4242.68017578125,4251.64013671875,666100,4250.54736328125,"Philippines","PSEI.PS"
2011-04-18,4253.83984375,4280.669921875,4247.490234375,4269.18994140625,472000,4268.09228515625,"Philippines","PSEI.PS"
2011-04-19,4267.8701171875,4267.8701171875,4237.22021484375,4245.2099609375,617800,4244.11865234375,"Philippines","PSEI.PS"
2011-04-20,4247.39013671875,4283.2099609375,4247.39013671875,4274.77001953125,881300,4273.6708984375,"Philippines","PSEI.PS"
2011-04-25,4275.52001953125,4331.6298828125,4275.52001953125,4331.3701171875,556000,4330.2568359375,"Philippines","PSEI.PS"
2011-04-26,4332.43017578125,4340.68994140625,4300.240234375,4305.56982421875,779400,4304.462890625,"Philippines","PSEI.PS"
2011-04-27,4314.31005859375,4325.2001953125,4311.52001953125,4321.31982421875,590600,4320.208984375,"Philippines","PSEI.PS"
2011-04-28,4323.7900390625,4344.10009765625,4278.830078125,4278.830078125,389000,4277.72998046875,"Philippines","PSEI.PS"
2011-04-29,4280.56005859375,4324.68994140625,4280.56005859375,4319.509765625,488300,4318.3994140625,"Philippines","PSEI.PS"
2011-05-02,4319.56982421875,4332.919921875,4319.56982421875,4326.759765625,550700,4325.6474609375,"Philippines","PSEI.PS"
2011-05-03,4324.31005859375,4332.1201171875,4312.1298828125,4319.3701171875,355000,4318.259765625,"Philippines","PSEI.PS"
2011-05-04,4320.22998046875,4324.77978515625,4294.1201171875,4298.2099609375,547800,4297.10498046875,"Philippines","PSEI.PS"
2011-05-05,4299.0498046875,4299.0498046875,4248.68017578125,4248.68017578125,931000,4247.587890625,"Philippines","PSEI.PS"
2011-05-06,4244.72998046875,4244.72998046875,4173.60986328125,4219.06982421875,912000,4217.9853515625,"Philippines","PSEI.PS"
2011-05-09,4219.27001953125,4257.14990234375,4219.27001953125,4257.14990234375,927700,4256.0556640625,"Philippines","PSEI.PS"
2011-05-10,4258.490234375,4309.4599609375,4258.490234375,4303.1298828125,905100,4302.0234375,"Philippines","PSEI.PS"
2011-05-11,4301.259765625,4335.0400390625,4301.259765625,4335.0400390625,170300,4333.92578125,"Philippines","PSEI.PS"
2011-05-12,4333.52978515625,4337.580078125,4312.009765625,4312.009765625,590900,4310.9013671875,"Philippines","PSEI.PS"
2011-05-13,4312.25,4329.7099609375,4292.10986328125,4292.10986328125,771100,4291.00634765625,"Philippines","PSEI.PS"
2011-05-16,4291.919921875,4302.6298828125,4283.759765625,4300.81005859375,532600,4299.70458984375,"Philippines","PSEI.PS"
2011-05-17,4300.14013671875,4316.25,4261.60009765625,4261.60009765625,491000,4260.50439453125,"Philippines","PSEI.PS"
2011-05-18,4260.66015625,4303.4599609375,4259.990234375,4303.31005859375,856600,4302.20361328125,"Philippines","PSEI.PS"
2011-05-19,4315.009765625,4326.27001953125,4297.93017578125,4297.93017578125,891700,4296.8251953125,"Philippines","PSEI.PS"
2011-05-20,4297.93017578125,4312.58984375,4278.02978515625,4285.16015625,704300,4284.05859375,"Philippines","PSEI.PS"
2011-05-23,4282.4501953125,4287.72998046875,4257.56982421875,4263.18994140625,4200,4262.09375,"Philippines","PSEI.PS"
2011-05-24,4242.89013671875,4242.89013671875,4211.77978515625,4227.080078125,703800,4225.9931640625,"Philippines","PSEI.PS"
2011-05-25,4221.68994140625,4221.68994140625,4179.85009765625,4190.97998046875,631100,4189.90234375,"Philippines","PSEI.PS"
2011-05-26,4205.7998046875,4241.9599609375,4205.7998046875,4230.56005859375,452800,4229.47265625,"Philippines","PSEI.PS"
2011-05-27,4230.56005859375,4276.27978515625,4230.56005859375,4274.509765625,594900,4273.4111328125,"Philippines","PSEI.PS"
2011-05-30,4283.66015625,4300.14990234375,4283.3798828125,4295.240234375,382700,4294.13623046875,"Philippines","PSEI.PS"
2011-05-31,4289.85986328125,4289.85986328125,4238.5498046875,4244.64013671875,519900,4243.548828125,"Philippines","PSEI.PS"
2011-06-01,4243.93017578125,4309.5400390625,4243.93017578125,4286.4599609375,720200,4285.35791015625,"Philippines","PSEI.PS"
2011-06-02,4264.3798828125,4324.97998046875,4246.43017578125,4324.97998046875,740400,4323.8681640625,"Philippines","PSEI.PS"
2011-06-03,4325.93994140625,4332.60009765625,4297.6201171875,4297.6201171875,743500,4296.51513671875,"Philippines","PSEI.PS"
2011-06-06,4299.7900390625,4299.7900390625,4258.89990234375,4258.89990234375,598400,4257.80517578125,"Philippines","PSEI.PS"
2011-06-07,4258,4259.08984375,4227.3701171875,4236.4501953125,589700,4235.361328125,"Philippines","PSEI.PS"
2011-06-08,4237.77978515625,4255.43994140625,4230.35986328125,4255.43994140625,559100,4254.34619140625,"Philippines","PSEI.PS"
2011-06-09,4257.52978515625,4259.39013671875,4224.33984375,4224.33984375,312700,4223.25390625,"Philippines","PSEI.PS"
2011-06-10,4225.0498046875,4248.419921875,4219.580078125,4219.580078125,289300,4218.4951171875,"Philippines","PSEI.PS"
2011-06-13,4219.919921875,4219.919921875,4171.5400390625,4171.5400390625,569100,4170.4677734375,"Philippines","PSEI.PS"
2011-06-14,4173.43017578125,4197.72998046875,4123.7001953125,4140.27001953125,577200,4139.20556640625,"Philippines","PSEI.PS"
2011-06-15,4150.4599609375,4201.3798828125,4150.4599609375,4201.3798828125,592600,4200.2998046875,"Philippines","PSEI.PS"
2011-06-16,4200.58984375,4209.18994140625,4167.89013671875,4173.080078125,572900,4172.00732421875,"Philippines","PSEI.PS"
2011-06-17,4176.6298828125,4209.68994140625,4153.10986328125,4153.10986328125,577200,4152.0419921875,"Philippines","PSEI.PS"
2011-06-21,4154.83984375,4211.81005859375,4154.83984375,4211.81005859375,441100,4210.7275390625,"Philippines","PSEI.PS"
2011-06-22,4225.97021484375,4251.85009765625,4225.68017578125,4245.27978515625,345900,4244.1884765625,"Philippines","PSEI.PS"
2011-06-23,4244.009765625,4252.81982421875,4237.47021484375,4241.14013671875,440100,4240.0498046875,"Philippines","PSEI.PS"
2011-06-24,4247.39990234375,4291.43994140625,4242.22021484375,4291.43994140625,396300,4290.3369140625,"Philippines","PSEI.PS"
2011-06-27,4292.31005859375,4295.259765625,4281.47998046875,4289.2900390625,269400,4288.1875,"Philippines","PSEI.PS"
2011-06-28,4292.06982421875,4304.759765625,4286.5,4289.990234375,487800,4288.88720703125,"Philippines","PSEI.PS"
2011-06-29,4289.52978515625,4289.52978515625,4245.60009765625,4249.35009765625,536900,4248.2578125,"Philippines","PSEI.PS"
2011-06-30,4250.10009765625,4291.2099609375,4250.10009765625,4291.2099609375,511900,4290.10693359375,"Philippines","PSEI.PS"
2011-07-01,4304.68017578125,4351.6298828125,4294.240234375,4351.6298828125,311200,4350.51123046875,"Philippines","PSEI.PS"
2011-07-04,4352.2001953125,4421.56005859375,4352.2001953125,4421.56005859375,524400,4420.42333984375,"Philippines","PSEI.PS"
2011-07-05,4422.22998046875,4464.22998046875,4422.22998046875,4439.60986328125,563600,4438.46875,"Philippines","PSEI.PS"
2011-07-06,4445.43017578125,4445.43017578125,4398.75,4398.75,329000,4397.619140625,"Philippines","PSEI.PS"
2011-07-07,4398.75,4407.56982421875,4375.85009765625,4375.85009765625,332500,4374.72509765625,"Philippines","PSEI.PS"
2011-07-08,4378.22021484375,4411.3701171875,4378.22021484375,4391.4599609375,456400,4390.3310546875,"Philippines","PSEI.PS"
2011-07-11,4392.169921875,4392.169921875,4374.18994140625,4375.85986328125,293600,4374.73486328125,"Philippines","PSEI.PS"
2011-07-12,4375.85986328125,4375.85986328125,4333.3701171875,4350.08984375,841500,4348.9716796875,"Philippines","PSEI.PS"
2011-07-13,4350.6201171875,4419.509765625,4350.6201171875,4404,1252800,4402.86767578125,"Philippines","PSEI.PS"
2011-07-14,4404.2998046875,4429.39013671875,4404.2998046875,4423.5498046875,488100,4422.41259765625,"Philippines","PSEI.PS"
2011-07-15,4423.7001953125,4458.740234375,4423.7001953125,4458.740234375,391200,4457.59423828125,"Philippines","PSEI.PS"
2011-07-18,4454.02978515625,4476.009765625,4451.68994140625,4476.009765625,442900,4474.85888671875,"Philippines","PSEI.PS"
2011-07-19,4475.669921875,4485.64990234375,4473.330078125,4485.64990234375,696500,4484.49658203125,"Philippines","PSEI.PS"
2011-07-20,4483.1298828125,4515.77001953125,4483.1298828125,4507.0400390625,752200,4505.88134765625,"Philippines","PSEI.PS"
2011-07-21,4502.08984375,4507.0498046875,4480.009765625,4480.009765625,470800,4478.85791015625,"Philippines","PSEI.PS"
2011-07-22,4481.39013671875,4488.2099609375,4472.58984375,4478.35986328125,524100,4477.20849609375,"Philippines","PSEI.PS"
2011-07-25,4478.39013671875,4481.02978515625,4467.18017578125,4480.5,587500,4479.34814453125,"Philippines","PSEI.PS"
2011-07-26,4476.52001953125,4489.14990234375,4465.8701171875,4465.8701171875,359800,4464.72216796875,"Philippines","PSEI.PS"
2011-07-27,4464.490234375,4484.72021484375,4451.64990234375,4482.89013671875,618000,4481.73779296875,"Philippines","PSEI.PS"
2011-07-28,4482.7900390625,4482.7998046875,4470.58984375,4482.7998046875,476800,4481.6474609375,"Philippines","PSEI.PS"
2011-07-29,4483.6298828125,4503.6298828125,4483.6298828125,4503.6298828125,318000,4502.47216796875,"Philippines","PSEI.PS"
2011-08-01,4503.0400390625,4550.52978515625,4498.93994140625,4550.52978515625,386000,4549.35986328125,"Philippines","PSEI.PS"
2011-08-02,4552.2099609375,4563.64990234375,4533.5400390625,4541.22998046875,449200,4540.0625,"Philippines","PSEI.PS"
2011-08-03,4542.3701171875,4542.3701171875,4473.9501953125,4488.4501953125,690000,4487.29638671875,"Philippines","PSEI.PS"
2011-08-04,4488.64990234375,4506.330078125,4478.60986328125,4501.52978515625,695400,4500.37255859375,"Philippines","PSEI.PS"
2011-08-05,4494.77001953125,4494.77001953125,4342.06005859375,4437.5498046875,1052700,4436.4091796875,"Philippines","PSEI.PS"
2011-08-08,4425.6201171875,4425.6201171875,4320.580078125,4331.240234375,512900,4330.126953125,"Philippines","PSEI.PS"
2011-08-09,4208.5498046875,4208.5498046875,4129.2998046875,4157.02978515625,860500,4155.9609375,"Philippines","PSEI.PS"
2011-08-10,4250.41015625,4290.14013671875,4250.41015625,4290.14013671875,914700,4289.037109375,"Philippines","PSEI.PS"
2011-08-11,4286.4501953125,4311.02001953125,4208.669921875,4311.02001953125,851200,4309.91162109375,"Philippines","PSEI.PS"
2011-08-12,4314.85009765625,4360.81982421875,4314.85009765625,4321.72998046875,808000,4320.619140625,"Philippines","PSEI.PS"
2011-08-15,4322.43017578125,4348.81982421875,4322.43017578125,4332.6298828125,687000,4331.51611328125,"Philippines","PSEI.PS"
2011-08-16,4337.2001953125,4379.68017578125,4337.2001953125,4372.7001953125,682400,4371.576171875,"Philippines","PSEI.PS"
2011-08-17,4375.39990234375,4375.39990234375,4332.7001953125,4340.27001953125,722000,4339.154296875,"Philippines","PSEI.PS"
2011-08-18,4351.0498046875,4403.5400390625,4349.81982421875,4403.5400390625,769300,4402.408203125,"Philippines","PSEI.PS"
2011-08-19,4393.22998046875,4393.22998046875,4324,4339.89990234375,614500,4338.7841796875,"Philippines","PSEI.PS"
2011-08-22,4327.02978515625,4327.02978515625,4291.10986328125,4291.10986328125,600100,4290.0068359375,"Philippines","PSEI.PS"
2011-08-23,4302.27001953125,4375.39013671875,4302.27001953125,4375.39013671875,732500,4374.26513671875,"Philippines","PSEI.PS"
2011-08-24,4377.85986328125,4381.85009765625,4354.4501953125,4366.4501953125,722500,4365.32763671875,"Philippines","PSEI.PS"
2011-08-25,4363.14990234375,4363.14990234375,4342.68994140625,4342.68994140625,1454500,4341.57373046875,"Philippines","PSEI.PS"
2011-08-26,4334.009765625,4342.77978515625,4299.58984375,4305.56005859375,951000,4304.453125,"Philippines","PSEI.PS"
2011-08-31,4319.06005859375,4351.56982421875,4319.06005859375,4348.5,513300,4347.38232421875,"Philippines","PSEI.PS"
2011-09-01,4348.5,4394.830078125,4348.5,4366.58984375,852000,4365.46728515625,"Philippines","PSEI.PS"
2011-09-02,4369.83984375,4397.97998046875,4368.4599609375,4392.91015625,776700,4391.78076171875,"Philippines","PSEI.PS"
2011-09-05,4382.27978515625,4382.56005859375,4358.68994140625,4382.56005859375,602900,4381.43359375,"Philippines","PSEI.PS"
2011-09-06,4377.58984375,4378.06982421875,4303.080078125,4303.080078125,708600,4301.9736328125,"Philippines","PSEI.PS"
2011-09-07,4303.5498046875,4331.4599609375,4303.5498046875,4315.2099609375,1024500,4314.1005859375,"Philippines","PSEI.PS"
2011-09-08,4324.81982421875,4356.72998046875,4324.81982421875,4356.72998046875,712900,4355.60986328125,"Philippines","PSEI.PS"
2011-09-09,4361.02978515625,4364.56005859375,4346.06982421875,4346.06982421875,388300,4344.95263671875,"Philippines","PSEI.PS"
2011-09-12,4346.06982421875,4348.39990234375,4293.10986328125,4296.0498046875,249400,4294.9453125,"Philippines","PSEI.PS"
2011-09-13,4296.39990234375,4313.5400390625,4289.60986328125,4292.91015625,183200,4291.806640625,"Philippines","PSEI.PS"
2011-09-14,4293.58984375,4306.68017578125,4257.06005859375,4258.85986328125,618300,4257.76513671875,"Philippines","PSEI.PS"
2011-09-15,4262.8701171875,4307.52978515625,4262.8701171875,4291.39990234375,749700,4290.296875,"Philippines","PSEI.PS"
2011-09-16,4293.6201171875,4333.72021484375,4290.169921875,4290.169921875,506000,4289.06689453125,"Philippines","PSEI.PS"
2011-09-19,4306.7001953125,4316.419921875,4295.8798828125,4307.990234375,300700,4306.8828125,"Philippines","PSEI.PS"
2011-09-20,4291.43017578125,4291.43017578125,4219.81982421875,4219.81982421875,349900,4218.73486328125,"Philippines","PSEI.PS"
2011-09-21,4221.3798828125,4248.81982421875,4203.2998046875,4204.2900390625,266700,4203.208984375,"Philippines","PSEI.PS"
2011-09-22,4182.64013671875,4182.64013671875,4089.53002929688,4096.10009765625,634700,4095.04711914062,"Philippines","PSEI.PS"
2011-09-23,4090.92993164062,4090.92993164062,3879.02001953125,3885.9599609375,820800,3884.9609375,"Philippines","PSEI.PS"
2011-09-26,3894.77001953125,3900.36010742188,3715.01000976562,3721.21997070312,666300,3720.26342773438,"Philippines","PSEI.PS"
2011-09-28,3906.5,3937.25,3876.1201171875,3876.1201171875,647200,3875.12377929688,"Philippines","PSEI.PS"
2011-09-29,3838.7900390625,3893.4599609375,3815.59008789062,3877.6298828125,541500,3876.63305664062,"Philippines","PSEI.PS"
2011-09-30,3894.43994140625,4003.47998046875,3894.43994140625,3999.64990234375,578400,3998.62158203125,"Philippines","PSEI.PS"
2011-10-03,3989.0400390625,3989.0400390625,3865.830078125,3865.830078125,239300,3864.83618164062,"Philippines","PSEI.PS"
2011-10-04,3837.1298828125,3877.51000976562,3798.06005859375,3829.919921875,462800,3828.93530273438,"Philippines","PSEI.PS"
2011-10-05,3835.73999023438,3866.6201171875,3823.1298828125,3823.1298828125,298800,3822.14697265625,"Philippines","PSEI.PS"
2011-10-06,3828.86010742188,3890.52001953125,3828.86010742188,3890.52001953125,589100,3889.51977539062,"Philippines","PSEI.PS"
2011-10-07,3912.61010742188,4009.26000976562,3912.61010742188,4009.26000976562,502400,4008.22924804688,"Philippines","PSEI.PS"
2011-10-10,4007.25,4040.580078125,3993.75,4040.580078125,238300,4039.54125976562,"Philippines","PSEI.PS"
2011-10-11,4045.51000976562,4120.10009765625,4045.51000976562,4109.27001953125,499400,4108.2138671875,"Philippines","PSEI.PS"
2011-10-12,4112.33984375,4121.52978515625,4079.38989257812,4119.7099609375,219200,4118.65087890625,"Philippines","PSEI.PS"
2011-10-13,4159.89013671875,4169.89013671875,4132.85009765625,4134.47998046875,492400,4133.4169921875,"Philippines","PSEI.PS"
2011-10-14,4155.740234375,4165.080078125,4146.14990234375,4153.39990234375,234000,4152.33203125,"Philippines","PSEI.PS"
2011-10-17,4153.39990234375,4218.60986328125,4153.39990234375,4214.4501953125,394100,4213.36669921875,"Philippines","PSEI.PS"
2011-10-18,4171.9501953125,4184.66015625,4153.259765625,4157.259765625,358800,4156.19091796875,"Philippines","PSEI.PS"
2011-10-19,4160.8798828125,4196.47021484375,4160.8798828125,4193.5498046875,401100,4192.4716796875,"Philippines","PSEI.PS"
2011-10-20,4194,4199.2998046875,4160.14990234375,4170.56982421875,116300,4169.49755859375,"Philippines","PSEI.PS"
2011-10-21,4171.93994140625,4189.58984375,4158.330078125,4166.60009765625,250700,4165.52880859375,"Philippines","PSEI.PS"
2011-10-24,4175.75,4211.7998046875,4175.75,4201.080078125,174700,4200,"Philippines","PSEI.PS"
2011-10-25,4205.7900390625,4258.43017578125,4205.7900390625,4242.52001953125,275300,4241.42919921875,"Philippines","PSEI.PS"
2011-10-26,4236.9501953125,4238.509765625,4218.77001953125,4224.759765625,180100,4223.673828125,"Philippines","PSEI.PS"
2011-10-27,4225.3798828125,4273.080078125,4225.3798828125,4267.5,145100,4266.40283203125,"Philippines","PSEI.PS"
2011-10-28,4335.080078125,4345.75,4326.25,4333.72021484375,447600,4332.60595703125,"Philippines","PSEI.PS"
2011-11-02,4332.93017578125,4332.93017578125,4254.43994140625,4260.41015625,193400,4259.31494140625,"Philippines","PSEI.PS"
2011-11-03,4264.2001953125,4286.259765625,4207.43994140625,4210.25,346300,4209.16748046875,"Philippines","PSEI.PS"
2011-11-04,4229.72021484375,4275.7001953125,4229.72021484375,4271.72021484375,196700,4270.6220703125,"Philippines","PSEI.PS"
2011-11-08,4277.7001953125,4322.259765625,4277.7001953125,4314.669921875,146900,4313.560546875,"Philippines","PSEI.PS"
2011-11-09,4324.3798828125,4346.2001953125,4308.06982421875,4346.2001953125,135200,4345.0830078125,"Philippines","PSEI.PS"
2011-11-10,4338.580078125,4338.580078125,4269.669921875,4285.06005859375,168200,4283.95849609375,"Philippines","PSEI.PS"
2011-11-11,4285.35009765625,4315.77978515625,4285.35009765625,4312.9599609375,175700,4311.85107421875,"Philippines","PSEI.PS"
2011-11-14,4312.9599609375,4362.3798828125,4312.9599609375,4356.8701171875,196500,4355.75,"Philippines","PSEI.PS"
2011-11-15,4350.81982421875,4363.72998046875,4337.919921875,4363.72998046875,383500,4362.6083984375,"Philippines","PSEI.PS"
2011-11-16,4362.22998046875,4394.89990234375,4337.56005859375,4341.6201171875,471600,4340.50390625,"Philippines","PSEI.PS"
2011-11-17,4339.4599609375,4354.4599609375,4323.16015625,4334.66015625,667100,4333.5458984375,"Philippines","PSEI.PS"
2011-11-18,4323.0498046875,4323.0498046875,4302.43017578125,4302.43017578125,544500,4301.32421875,"Philippines","PSEI.PS"
2011-11-21,4301.25,4301.25,4286.759765625,4299.47021484375,555300,4298.36474609375,"Philippines","PSEI.PS"
2011-11-22,4283.7001953125,4289.75,4259.97021484375,4289.75,662500,4288.64697265625,"Philippines","PSEI.PS"
2011-11-23,4284.7001953125,4293.0400390625,4268.7001953125,4271.58984375,628200,4270.49169921875,"Philippines","PSEI.PS"
2011-11-24,4269.89013671875,4269.89013671875,4212.43017578125,4237.64990234375,724800,4236.560546875,"Philippines","PSEI.PS"
2011-11-25,4240.64990234375,4261.58984375,4227.81982421875,4261.58984375,351100,4260.494140625,"Philippines","PSEI.PS"
2011-11-28,4261.58984375,4274.83984375,4227.8798828125,4227.8798828125,232600,4226.79296875,"Philippines","PSEI.PS"
2011-11-29,4228.1201171875,4255.5,4211.0400390625,4211.0400390625,454400,4209.95751953125,"Philippines","PSEI.PS"
2011-12-01,4288.14990234375,4296.8701171875,4276.4501953125,4290.58984375,763500,4289.48681640625,"Philippines","PSEI.PS"
2011-12-02,4288.89990234375,4299.5,4278.3701171875,4290.919921875,743800,4289.81689453125,"Philippines","PSEI.PS"
2011-12-05,4293.7900390625,4293.7900390625,4271.5,4291.72021484375,160400,4290.61669921875,"Philippines","PSEI.PS"
2011-12-06,4288.47021484375,4288.47021484375,4269.9599609375,4282.77001953125,136200,4281.6689453125,"Philippines","PSEI.PS"
2011-12-07,4284.419921875,4315.169921875,4282.56982421875,4315.169921875,104400,4314.060546875,"Philippines","PSEI.PS"
2011-12-08,4319.85009765625,4320.080078125,4291.2001953125,4312.89013671875,151600,4311.78125,"Philippines","PSEI.PS"
2011-12-09,4284.60009765625,4304.7998046875,4266.240234375,4292.5,117800,4291.396484375,"Philippines","PSEI.PS"
2011-12-12,4302.43017578125,4318.18994140625,4276.33984375,4276.33984375,259800,4275.24072265625,"Philippines","PSEI.PS"
2011-12-13,4276.33984375,4298.27001953125,4267.330078125,4282.6201171875,211900,4281.51904296875,"Philippines","PSEI.PS"
2011-12-14,4283.85009765625,4295.75,4282.97998046875,4285.93017578125,206200,4284.82861328125,"Philippines","PSEI.PS"
2011-12-15,4286.47998046875,4295.85009765625,4273.9501953125,4282.669921875,116400,4281.56884765625,"Philippines","PSEI.PS"
2011-12-16,4283.259765625,4311.77978515625,4283.259765625,4304.93994140625,217400,4303.8330078125,"Philippines","PSEI.PS"
2011-12-19,4304.93994140625,4326.66015625,4304.93994140625,4318.1201171875,112800,4317.01025390625,"Philippines","PSEI.PS"
2011-12-20,4319.66015625,4342.18017578125,4301.1298828125,4342.18017578125,722200,4341.06396484375,"Philippines","PSEI.PS"
2011-12-21,4362.759765625,4383.7900390625,4362.759765625,4368.8798828125,170500,4367.7568359375,"Philippines","PSEI.PS"
2011-12-22,4365.83984375,4385.31005859375,4352.10009765625,4370.4599609375,98800,4369.33642578125,"Philippines","PSEI.PS"
2011-12-23,4374.2001953125,4388.85009765625,4372.240234375,4372.240234375,114900,4371.1162109375,"Philippines","PSEI.PS"
2011-12-26,4375.5,4387.06005859375,4372.080078125,4387.06005859375,52600,4385.93212890625,"Philippines","PSEI.PS"
2011-12-27,4386.89013671875,4386.89013671875,4340.18994140625,4361.43017578125,83700,4360.30908203125,"Philippines","PSEI.PS"
2011-12-28,4359.5400390625,4366.56005859375,4335.06982421875,4336.6298828125,70400,4335.51513671875,"Philippines","PSEI.PS"
2011-12-29,4336.6298828125,4371.9599609375,4336.6298828125,4371.9599609375,86200,4370.8359375,"Philippines","PSEI.PS"
2012-01-02,4371.9599609375,4397.080078125,4370.830078125,4397.080078125,16600,4395.94970703125,"Philippines","PSEI.PS"
2012-01-03,4398.85986328125,4422.22021484375,4398.85986328125,4422.22021484375,52000,4421.08349609375,"Philippines","PSEI.PS"
2012-01-04,4422.9501953125,4487.77001953125,4422.9501953125,4487.77001953125,82500,4486.6162109375,"Philippines","PSEI.PS"
2012-01-05,4487.77001953125,4527.2099609375,4480.06005859375,4518.91015625,118400,4517.74853515625,"Philippines","PSEI.PS"
2012-01-06,4517.66015625,4520.330078125,4476.0400390625,4483.35986328125,52400,4482.20751953125,"Philippines","PSEI.PS"
2012-01-10,4542.8701171875,4591.259765625,4533.81005859375,4561.080078125,141600,4559.90771484375,"Philippines","PSEI.PS"
2012-01-11,4576.31982421875,4656.27001953125,4576.31982421875,4645.85986328125,196200,4644.66552734375,"Philippines","PSEI.PS"
2012-01-12,4644.169921875,4654.64990234375,4629.60009765625,4648.10986328125,216900,4646.9150390625,"Philippines","PSEI.PS"
2012-01-13,4649,4663.35009765625,4602.02001953125,4613.830078125,158800,4612.64404296875,"Philippines","PSEI.PS"
2012-01-16,4606.97021484375,4610.56982421875,4578.919921875,4578.919921875,52100,4577.74267578125,"Philippines","PSEI.PS"
2012-01-17,4581.7001953125,4642.759765625,4581.7001953125,4642.759765625,96500,4641.56640625,"Philippines","PSEI.PS"
2012-01-18,4642.97998046875,4692.18017578125,4642.33984375,4677.6201171875,99300,4676.41748046875,"Philippines","PSEI.PS"
2012-01-19,4678.7998046875,4713.56982421875,4675.52001953125,4700.3701171875,89600,4699.16162109375,"Philippines","PSEI.PS"
2012-01-20,4704.6298828125,4747.89990234375,4704.6298828125,4747.89990234375,109200,4746.67919921875,"Philippines","PSEI.PS"
2012-01-24,4748.0400390625,4756.77978515625,4707.72998046875,4714.35009765625,67700,4713.13818359375,"Philippines","PSEI.PS"
2012-01-25,4715.56982421875,4715.56982421875,4668.68017578125,4670.490234375,56800,4669.28955078125,"Philippines","PSEI.PS"
2012-01-26,4673.06005859375,4673.06005859375,4587.77001953125,4611.68017578125,160700,4610.49462890625,"Philippines","PSEI.PS"
2012-01-27,4615.7900390625,4679.89013671875,4615.3798828125,4679.89013671875,150000,4678.68701171875,"Philippines","PSEI.PS"
2012-01-30,4680.6298828125,4680.6298828125,4612.1201171875,4644.490234375,188200,4643.29638671875,"Philippines","PSEI.PS"
2012-01-31,4645.18017578125,4682.43994140625,4635.91015625,4682.43994140625,160200,4681.236328125,"Philippines","PSEI.PS"
2012-02-01,4676.580078125,4721.9501953125,4673,4715.64013671875,184000,4714.427734375,"Philippines","PSEI.PS"
2012-02-02,4716.2001953125,4822.080078125,4716.2001953125,4822.080078125,157200,4820.84033203125,"Philippines","PSEI.PS"
2012-02-03,4800.47021484375,4804.81005859375,4739.8701171875,4758.56982421875,205100,4757.3466796875,"Philippines","PSEI.PS"
2012-02-06,4782.93017578125,4855,4782.2099609375,4816.330078125,156100,4815.091796875,"Philippines","PSEI.PS"
2012-02-07,4816.0400390625,4818.7998046875,4755.97998046875,4755.97998046875,87300,4754.75732421875,"Philippines","PSEI.PS"
2012-02-08,4757.43994140625,4806.97021484375,4757.43994140625,4805.7998046875,127000,4804.564453125,"Philippines","PSEI.PS"
2012-02-09,4807.31982421875,4811.97021484375,4745.14013671875,4769.6201171875,216000,4768.39404296875,"Philippines","PSEI.PS"
2012-02-10,4769.2998046875,4796.47021484375,4746.6201171875,4783.52001953125,93300,4782.29052734375,"Philippines","PSEI.PS"
2012-02-13,4796.169921875,4812.5,4779.35986328125,4802.02978515625,72500,4800.79541015625,"Philippines","PSEI.PS"
2012-02-14,4806.22998046875,4806.22998046875,4770.2099609375,4775.93017578125,112400,4774.70263671875,"Philippines","PSEI.PS"
2012-02-15,4780.0400390625,4780.169921875,4752.31982421875,4772.47021484375,83000,4771.2431640625,"Philippines","PSEI.PS"
2012-02-16,4772.47021484375,4795.330078125,4757.0498046875,4766.56982421875,52400,4765.34423828125,"Philippines","PSEI.PS"
2012-02-17,4831.97998046875,4886.990234375,4825.33984375,4880.7099609375,95900,4879.455078125,"Philippines","PSEI.PS"
2012-02-20,4894.35986328125,4966.93994140625,4894.35986328125,4943.83984375,161500,4942.56884765625,"Philippines","PSEI.PS"
2012-02-21,4943.10986328125,4943.10986328125,4898.02978515625,4900.93994140625,88100,4899.68017578125,"Philippines","PSEI.PS"
2012-02-22,4899.919921875,4955.60986328125,4897.990234375,4934.2900390625,244100,4933.021484375,"Philippines","PSEI.PS"
2012-02-23,4934.64990234375,4997.0400390625,4893.47998046875,4893.47998046875,122800,4892.22216796875,"Philippines","PSEI.PS"
2012-02-24,4923.02001953125,4961.02001953125,4864.330078125,4893,93100,4891.7421875,"Philippines","PSEI.PS"
2012-02-27,4893.5,4908.1201171875,4794.240234375,4799.2900390625,82100,4798.05615234375,"Philippines","PSEI.PS"
2012-02-28,4797.0400390625,4837.4501953125,4790.830078125,4820.43017578125,72700,4819.19091796875,"Philippines","PSEI.PS"
2012-02-29,4827.10009765625,4897.64990234375,4827.10009765625,4897.64990234375,115300,4896.390625,"Philippines","PSEI.PS"
2012-03-01,4900.830078125,5011.08984375,4896.2099609375,4938.60986328125,274100,4937.34033203125,"Philippines","PSEI.PS"
2012-03-02,4962.3798828125,5016.2998046875,4962.3798828125,5016.2998046875,144500,5015.01025390625,"Philippines","PSEI.PS"
2012-03-05,5016.1298828125,5030.580078125,4995.7001953125,5030.580078125,101700,5029.28662109375,"Philippines","PSEI.PS"
2012-03-06,5039.2900390625,5039.2900390625,4941.43017578125,4967.39013671875,127000,4966.11328125,"Philippines","PSEI.PS"
2012-03-07,4961.97021484375,4961.97021484375,4899.2001953125,4921.35986328125,90400,4920.0947265625,"Philippines","PSEI.PS"
2012-03-08,4925.85009765625,4969.7998046875,4925.85009765625,4956.18994140625,154800,4954.916015625,"Philippines","PSEI.PS"
2012-03-09,4955.75,4983.009765625,4955.75,4980.7099609375,72200,4979.4296875,"Philippines","PSEI.PS"
2012-03-12,4983.22021484375,4986.1298828125,4965.39013671875,4975.169921875,146500,4973.89111328125,"Philippines","PSEI.PS"
2012-03-13,4977.0400390625,5005.75,4964.83984375,5005.75,80800,5004.46337890625,"Philippines","PSEI.PS"
2012-03-14,5006.240234375,5070.2001953125,5006.240234375,5050.990234375,136800,5049.69189453125,"Philippines","PSEI.PS"
2012-03-15,5030.97998046875,5061.009765625,5030.97998046875,5031.77978515625,230600,5030.486328125,"Philippines","PSEI.PS"
2012-03-16,5040.22021484375,5145.89013671875,5040.22021484375,5145.89013671875,179700,5144.5673828125,"Philippines","PSEI.PS"
2012-03-19,5146.169921875,5146.169921875,5117.5498046875,5127,213900,5125.68212890625,"Philippines","PSEI.PS"
2012-03-20,5130.16015625,5131.97998046875,5100.47021484375,5102.240234375,194400,5100.9287109375,"Philippines","PSEI.PS"
2012-03-21,5101.990234375,5101.990234375,5037.93994140625,5037.93994140625,116600,5036.64501953125,"Philippines","PSEI.PS"
2012-03-22,5041.6298828125,5063.68994140625,5041.6298828125,5043.52001953125,190100,5042.2236328125,"Philippines","PSEI.PS"
2012-03-23,5056.3798828125,5062.6298828125,5026.72021484375,5042.43994140625,233200,5041.1435546875,"Philippines","PSEI.PS"
2012-03-26,5042.43994140625,5063.56982421875,5029.6298828125,5029.6298828125,127900,5028.3369140625,"Philippines","PSEI.PS"
2012-03-27,5029.93017578125,5092.06005859375,5029.93017578125,5078.10009765625,158300,5076.79443359375,"Philippines","PSEI.PS"
2012-03-28,5078.22998046875,5093.580078125,5060.1201171875,5067.66015625,114500,5066.357421875,"Philippines","PSEI.PS"
2012-03-29,5073.8701171875,5094.77978515625,5049.990234375,5085.240234375,159100,5083.93310546875,"Philippines","PSEI.PS"
2012-03-30,5088.3701171875,5120.47021484375,5088.3701171875,5107.72998046875,75800,5106.4169921875,"Philippines","PSEI.PS"
2012-04-02,5107.72998046875,5115.60986328125,5080.66015625,5110.85986328125,43400,5109.5458984375,"Philippines","PSEI.PS"
2012-04-03,5101.7001953125,5110.56982421875,5056.47998046875,5056.47998046875,86000,5055.18017578125,"Philippines","PSEI.PS"
2012-04-04,5056.68017578125,5081.97021484375,5028.33984375,5038.919921875,47100,5037.62451171875,"Philippines","PSEI.PS"
2012-04-10,5037.2900390625,5037.2900390625,4990.75,5022.2900390625,143800,5020.9990234375,"Philippines","PSEI.PS"
2012-04-11,5016.81982421875,5017.43994140625,4998.10986328125,5017.43994140625,74800,5016.14990234375,"Philippines","PSEI.PS"
2012-04-12,5018.259765625,5047.2099609375,5014.02001953125,5046.77978515625,67300,5045.482421875,"Philippines","PSEI.PS"
2012-04-13,5055.169921875,5097.2998046875,5055.169921875,5097.2998046875,95200,5095.9892578125,"Philippines","PSEI.PS"
2012-04-16,5097.2998046875,5119.47021484375,5070.759765625,5117.4599609375,59600,5116.14453125,"Philippines","PSEI.PS"
2012-04-17,5117.259765625,5186.52001953125,5117.259765625,5157.27978515625,123000,5155.9541015625,"Philippines","PSEI.PS"
2012-04-18,5165.2998046875,5219.2900390625,5165.2998046875,5186.2001953125,153800,5184.8671875,"Philippines","PSEI.PS"
2012-04-19,5190.68017578125,5193.419921875,5167.93994140625,5173.27978515625,71600,5171.94970703125,"Philippines","PSEI.PS"
2012-04-20,5175.66015625,5189.35009765625,5147.06005859375,5156.4599609375,82200,5155.13427734375,"Philippines","PSEI.PS"
2012-04-23,5160.72021484375,5183.0400390625,5152.10009765625,5163.08984375,161400,5161.7626953125,"Philippines","PSEI.PS"
2012-04-24,5159.06005859375,5169.60009765625,5133.259765625,5169.60009765625,230300,5168.27099609375,"Philippines","PSEI.PS"
2012-04-25,5182.89013671875,5226.5400390625,5182.89013671875,5204.83984375,284000,5203.501953125,"Philippines","PSEI.PS"
2012-04-26,5212.740234375,5247.14013671875,5208.2001953125,5218.97021484375,126800,5217.62841796875,"Philippines","PSEI.PS"
2012-04-27,5217.3798828125,5225.009765625,5169.0498046875,5169.0498046875,160100,5167.72119140625,"Philippines","PSEI.PS"
2012-04-30,5185.06005859375,5220.27001953125,5180.56982421875,5202.7001953125,98100,5201.36279296875,"Philippines","PSEI.PS"
2012-05-02,5207.2001953125,5269.97021484375,5207.2001953125,5228.83984375,97600,5227.49560546875,"Philippines","PSEI.PS"
2012-05-03,5233.22021484375,5300.52001953125,5233.22021484375,5300.41015625,106500,5299.04736328125,"Philippines","PSEI.PS"
2012-05-04,5298.52978515625,5329.759765625,5275.7900390625,5297.5498046875,180700,5296.18798828125,"Philippines","PSEI.PS"
2012-05-07,5276.0498046875,5276.759765625,5200.8798828125,5229.52978515625,177800,5228.185546875,"Philippines","PSEI.PS"
2012-05-08,5229.10009765625,5245.2900390625,5198.58984375,5242.06005859375,144300,5240.71240234375,"Philippines","PSEI.PS"
2012-05-09,5241.02978515625,5249.8701171875,5214.7900390625,5214.7900390625,84100,5213.44921875,"Philippines","PSEI.PS"
2012-05-10,5214.3701171875,5226.68994140625,5150.41015625,5192.10009765625,148300,5190.76513671875,"Philippines","PSEI.PS"
2012-05-11,5209.759765625,5215.1201171875,5158.14013671875,5158.14013671875,56300,5156.81396484375,"Philippines","PSEI.PS"
2012-05-14,5157.6201171875,5164.02001953125,5042.3798828125,5083.6201171875,108800,5082.3134765625,"Philippines","PSEI.PS"
2012-05-15,5022.60009765625,5024.9599609375,4944.3798828125,4977.4501953125,103600,4976.17041015625,"Philippines","PSEI.PS"
2012-05-16,4992.830078125,5004.759765625,4863.419921875,4864.22998046875,142100,4862.9794921875,"Philippines","PSEI.PS"
2012-05-17,4864.22998046875,5029.77978515625,4864.22998046875,5017.02001953125,120800,5015.73046875,"Philippines","PSEI.PS"
2012-05-18,5014.740234375,5014.740234375,4879.419921875,4879.419921875,103600,4878.16552734375,"Philippines","PSEI.PS"
2012-05-21,4883.83984375,4977.52978515625,4883.83984375,4954,74300,4952.7265625,"Philippines","PSEI.PS"
2012-05-22,4954.4599609375,5026.4501953125,4954.4599609375,4958.43017578125,71800,4957.1552734375,"Philippines","PSEI.PS"
2012-05-23,4936.22998046875,4941.509765625,4917.89013671875,4928.52978515625,41200,4927.2626953125,"Philippines","PSEI.PS"
2012-05-24,4929.169921875,4954.3701171875,4904.22021484375,4904.22021484375,47300,4902.95947265625,"Philippines","PSEI.PS"
2012-05-25,4916.52978515625,4925.97021484375,4910.830078125,4925.97021484375,44600,4924.7041015625,"Philippines","PSEI.PS"
2012-05-28,4925.56005859375,4952.740234375,4923.4599609375,4952.740234375,45400,4951.466796875,"Philippines","PSEI.PS"
2012-05-29,4954.77978515625,5046.5498046875,4954.77978515625,5023.10986328125,43800,5021.818359375,"Philippines","PSEI.PS"
2012-05-30,5057.240234375,5070.56005859375,4995.0400390625,5018.31982421875,89000,5017.02978515625,"Philippines","PSEI.PS"
2012-05-31,5021.2900390625,5095.1298828125,4951.240234375,5091.22998046875,83000,5089.92138671875,"Philippines","PSEI.PS"
2012-06-01,5057.85009765625,5063.2099609375,5034.3798828125,5062.43994140625,61000,5061.138671875,"Philippines","PSEI.PS"
2012-06-04,5008.52978515625,5008.52978515625,4890.2001953125,4890.2001953125,69900,4888.94287109375,"Philippines","PSEI.PS"
2012-06-05,4909.64013671875,4951.4599609375,4898.5498046875,4925.669921875,45100,4924.40380859375,"Philippines","PSEI.PS"
2012-06-06,4932.35986328125,4977.52978515625,4926.41015625,4966.580078125,52600,4965.30322265625,"Philippines","PSEI.PS"
2012-06-07,4976.93017578125,5044.58984375,4976.93017578125,5022.9501953125,60700,5021.65869140625,"Philippines","PSEI.PS"
2012-06-08,5026,5027.8798828125,4994.06982421875,4994.06982421875,52800,4992.7861328125,"Philippines","PSEI.PS"
2012-06-11,4997.1201171875,5086.77001953125,4997.1201171875,5075.85009765625,70100,5074.54541015625,"Philippines","PSEI.PS"
2012-06-13,5076.10986328125,5109.60986328125,5061.56005859375,5109.60986328125,105200,5108.29638671875,"Philippines","PSEI.PS"
2012-06-14,5109.64013671875,5109.64013671875,5020.85009765625,5020.85009765625,106800,5019.5595703125,"Philippines","PSEI.PS"
2012-06-15,5038,5061.18017578125,4929.8798828125,4930.6298828125,59300,4929.3623046875,"Philippines","PSEI.PS"
2012-06-18,4996.52001953125,5050.41015625,4996.52001953125,5050.41015625,98700,5049.11181640625,"Philippines","PSEI.PS"
2012-06-19,5049.1298828125,5081.60986328125,5037.7001953125,5081.60986328125,56700,5080.3037109375,"Philippines","PSEI.PS"
2012-06-20,5081.10009765625,5146.4599609375,5081.10009765625,5146.4599609375,134400,5145.13671875,"Philippines","PSEI.PS"
2012-06-21,5146.4599609375,5156.919921875,5109.43017578125,5109.43017578125,213900,5108.11669921875,"Philippines","PSEI.PS"
2012-06-22,5099.72998046875,5133.56982421875,5058.759765625,5120.06982421875,99300,5118.75341796875,"Philippines","PSEI.PS"
2012-06-25,5144.91015625,5205.080078125,5144.91015625,5167.2001953125,118700,5165.8720703125,"Philippines","PSEI.PS"
2012-06-26,5167.85009765625,5201.2001953125,5163.75,5193.83984375,67300,5192.50439453125,"Philippines","PSEI.PS"
2012-06-27,5196.990234375,5266.43994140625,5196.990234375,5257.919921875,248200,5256.568359375,"Philippines","PSEI.PS"
2012-06-28,5277.740234375,5285.83984375,5234.52978515625,5256.14990234375,186200,5254.798828125,"Philippines","PSEI.PS"
2012-06-29,5257.8701171875,5258.830078125,5234.58984375,5246.41015625,200900,5245.0615234375,"Philippines","PSEI.PS"
2012-07-02,5278.27978515625,5316.8701171875,5278.27978515625,5300.240234375,180300,5298.87744140625,"Philippines","PSEI.PS"
2012-07-03,5300.1298828125,5374.35009765625,5300.1298828125,5365.7001953125,125100,5364.32080078125,"Philippines","PSEI.PS"
2012-07-04,5366.580078125,5403.16015625,5351.740234375,5354.72021484375,195200,5353.34375,"Philippines","PSEI.PS"
2012-07-05,5355.18017578125,5388.6298828125,5355.18017578125,5369.97998046875,120600,5368.599609375,"Philippines","PSEI.PS"
2012-07-06,5370.43994140625,5383.43994140625,5349.81982421875,5362.68017578125,127500,5361.3017578125,"Philippines","PSEI.PS"
2012-07-09,5352.25,5352.25,5263.740234375,5263.740234375,65100,5262.38720703125,"Philippines","PSEI.PS"
2012-07-10,5276.2998046875,5277.39013671875,5240.27978515625,5240.27978515625,52900,5238.9326171875,"Philippines","PSEI.PS"
2012-07-11,5198.41015625,5235.43994140625,5190.2998046875,5235.43994140625,92600,5234.09423828125,"Philippines","PSEI.PS"
2012-07-12,5234.919921875,5243.169921875,5205.18994140625,5205.18994140625,35000,5203.85205078125,"Philippines","PSEI.PS"
2012-07-13,5204.5498046875,5228.77978515625,5201.9501953125,5214.52001953125,64900,5213.1796875,"Philippines","PSEI.PS"
2012-07-16,5217.5498046875,5297.990234375,5217.5498046875,5297.990234375,71900,5296.62841796875,"Philippines","PSEI.PS"
2012-07-17,5296.43994140625,5296.43994140625,5266.31005859375,5285.1201171875,52200,5283.76123046875,"Philippines","PSEI.PS"
2012-07-18,5278.85009765625,5278.85009765625,5214.77978515625,5220.5498046875,71300,5219.20751953125,"Philippines","PSEI.PS"
2012-07-19,5217.4501953125,5237.47021484375,5179.35009765625,5189.3701171875,63500,5188.0361328125,"Philippines","PSEI.PS"
2012-07-20,5180.8798828125,5215.89013671875,5180.5,5210.89013671875,36400,5209.55078125,"Philippines","PSEI.PS"
2012-07-23,5210.5400390625,5210.5400390625,5120.68994140625,5139.39990234375,51000,5138.07861328125,"Philippines","PSEI.PS"
2012-07-24,5140.41015625,5187.669921875,5116.5498046875,5159.740234375,48600,5158.41357421875,"Philippines","PSEI.PS"
2012-07-25,5150.3701171875,5171.52001953125,5149.18994140625,5161.7998046875,84400,5160.47265625,"Philippines","PSEI.PS"
2012-07-26,5160.56982421875,5171.18994140625,5152.5,5152.56005859375,90700,5151.2353515625,"Philippines","PSEI.PS"
2012-07-27,5152.56005859375,5219.5498046875,5152.56005859375,5219.5498046875,66300,5218.2080078125,"Philippines","PSEI.PS"
2012-07-30,5220.2900390625,5282.81005859375,5220.2900390625,5277.89990234375,63300,5276.54296875,"Philippines","PSEI.PS"
2012-07-31,5278.66015625,5325.759765625,5278.66015625,5307.66015625,69100,5306.2958984375,"Philippines","PSEI.PS"
2012-08-01,5309.740234375,5315.31982421875,5267.22021484375,5298.72021484375,47100,5297.35791015625,"Philippines","PSEI.PS"
2012-08-02,5298.43994140625,5322.35009765625,5292.43017578125,5293.39990234375,52900,5292.0390625,"Philippines","PSEI.PS"
2012-08-03,5290.919921875,5302.27978515625,5280.18017578125,5285.91015625,57700,5284.55126953125,"Philippines","PSEI.PS"
2012-08-06,5286.56005859375,5323.2099609375,5276.5,5284.16015625,60000,5282.8017578125,"Philippines","PSEI.PS"
2012-08-08,5283.22021484375,5330.25,5280.93994140625,5308.669921875,159300,5307.30517578125,"Philippines","PSEI.PS"
2012-08-09,5309.35986328125,5312.39013671875,5253.2001953125,5256.60986328125,39300,5255.25830078125,"Philippines","PSEI.PS"
2012-08-10,5253.5,5270.8798828125,5230.85986328125,5263.35009765625,60800,5261.9970703125,"Philippines","PSEI.PS"
2012-08-13,5261.9599609375,5280.7900390625,5239.740234375,5271.77978515625,47300,5270.42431640625,"Philippines","PSEI.PS"
2012-08-14,5271.1201171875,5284.16015625,5258.6298828125,5265.93994140625,73100,5264.58642578125,"Philippines","PSEI.PS"
2012-08-15,5266.7001953125,5280.47998046875,5255.009765625,5266.66015625,48800,5265.30615234375,"Philippines","PSEI.PS"
2012-08-16,5267.91015625,5268.259765625,5210.56005859375,5219.509765625,50700,5218.16796875,"Philippines","PSEI.PS"
2012-08-17,5217.2998046875,5231.02978515625,5201.08984375,5206.81005859375,69600,5205.4716796875,"Philippines","PSEI.PS"
2012-08-22,5203.830078125,5203.830078125,5148.75,5152.14990234375,64800,5150.8251953125,"Philippines","PSEI.PS"
2012-08-23,5156.2001953125,5202.83984375,5154.41015625,5202.83984375,51300,5201.50244140625,"Philippines","PSEI.PS"
2012-08-24,5177.3798828125,5177.3798828125,5125.89013671875,5143.35009765625,66100,5142.02783203125,"Philippines","PSEI.PS"
2012-08-28,5144.97021484375,5188.06005859375,5114.9501953125,5175.6201171875,47700,5174.28955078125,"Philippines","PSEI.PS"
2012-08-29,5179.68994140625,5196.1298828125,5179.60009765625,5195.72021484375,45100,5194.384765625,"Philippines","PSEI.PS"
2012-08-30,5193.10986328125,5198.330078125,5149.31005859375,5149.31005859375,69500,5147.986328125,"Philippines","PSEI.PS"
2012-08-31,5149.33984375,5196.18994140625,5125.5400390625,5196.18994140625,45500,5194.85400390625,"Philippines","PSEI.PS"
2012-09-03,5200.1201171875,5220.18994140625,5175.16015625,5219.080078125,36400,5217.73828125,"Philippines","PSEI.PS"
2012-09-04,5219.009765625,5221.2900390625,5175.8701171875,5175.8701171875,37300,5174.53955078125,"Philippines","PSEI.PS"
2012-09-05,5175.81982421875,5192.22021484375,5149.2998046875,5150.81005859375,56900,5149.48583984375,"Philippines","PSEI.PS"
2012-09-06,5150.89013671875,5168.009765625,5148.56005859375,5150.10986328125,44300,5148.7861328125,"Philippines","PSEI.PS"
2012-09-07,5175.759765625,5218.31005859375,5175.759765625,5201.31982421875,86800,5199.98291015625,"Philippines","PSEI.PS"
2012-09-10,5201.919921875,5202.08984375,5188.509765625,5190.81005859375,102000,5189.4755859375,"Philippines","PSEI.PS"
2012-09-11,5199.06982421875,5205.60009765625,5177.39990234375,5186.0498046875,65300,5184.716796875,"Philippines","PSEI.PS"
2012-09-12,5189.93994140625,5208.77001953125,5186.81005859375,5207.10009765625,38700,5205.76171875,"Philippines","PSEI.PS"
2012-09-13,5207.60009765625,5246.77001953125,5204.91015625,5240.5,46900,5239.15283203125,"Philippines","PSEI.PS"
2012-09-14,5240.81982421875,5334.0400390625,5240.81982421875,5322.47021484375,114800,5321.10205078125,"Philippines","PSEI.PS"
2012-09-17,5361.77001953125,5367.83984375,5337.43994140625,5350.89990234375,99900,5349.5244140625,"Philippines","PSEI.PS"
2012-09-18,5351.97021484375,5351.97021484375,5330.669921875,5331.1298828125,77900,5329.75927734375,"Philippines","PSEI.PS"
2012-09-19,5331.8701171875,5331.8701171875,5300.60009765625,5317.02978515625,96000,5315.6630859375,"Philippines","PSEI.PS"
2012-09-20,5317.580078125,5329.85986328125,5289.4501953125,5294.97021484375,78600,5293.60888671875,"Philippines","PSEI.PS"
2012-09-21,5301.2900390625,5305.27001953125,5284.60986328125,5292.06005859375,69700,5290.69970703125,"Philippines","PSEI.PS"
2012-09-24,5294.009765625,5325.60009765625,5292.97021484375,5325.60009765625,49600,5324.23095703125,"Philippines","PSEI.PS"
2012-09-25,5322.72021484375,5335.25,5313.43994140625,5325.169921875,37400,5323.80078125,"Philippines","PSEI.PS"
2012-09-26,5317.10009765625,5317.10009765625,5276.83984375,5292.6298828125,81200,5291.26904296875,"Philippines","PSEI.PS"
2012-09-27,5292.6298828125,5304.02001953125,5291.16015625,5301.490234375,58600,5300.12744140625,"Philippines","PSEI.PS"
2012-09-28,5310.06005859375,5346.10009765625,5309.5400390625,5346.10009765625,99200,5344.7255859375,"Philippines","PSEI.PS"
2012-10-01,5344.81982421875,5344.81982421875,5305.39990234375,5308.52001953125,96400,5307.1552734375,"Philippines","PSEI.PS"
2012-10-02,5321.7099609375,5355.31005859375,5317.759765625,5348.68017578125,67600,5347.30517578125,"Philippines","PSEI.PS"
2012-10-03,5355.35009765625,5380.35009765625,5350.490234375,5375.52001953125,148100,5374.13818359375,"Philippines","PSEI.PS"
2012-10-04,5383.97998046875,5451.9599609375,5380.5,5443.740234375,173500,5442.3408203125,"Philippines","PSEI.PS"
2012-10-05,5443.740234375,5484.6298828125,5439.58984375,5439.83984375,341100,5438.44140625,"Philippines","PSEI.PS"
2012-10-08,5440.009765625,5449.56982421875,5415.990234375,5434.1298828125,67600,5432.73291015625,"Philippines","PSEI.PS"
2012-10-09,5437.33984375,5443.35009765625,5393.5,5394.89990234375,64600,5393.51318359375,"Philippines","PSEI.PS"
2012-10-10,5394.08984375,5408.02001953125,5365.169921875,5369.60009765625,141000,5368.2197265625,"Philippines","PSEI.PS"
2012-10-11,5376.18994140625,5384.830078125,5353.47021484375,5353.47021484375,82400,5352.09375,"Philippines","PSEI.PS"
2012-10-12,5353.7099609375,5372.68017578125,5353.7099609375,5369.72021484375,73700,5368.33984375,"Philippines","PSEI.PS"
2012-10-15,5366.919921875,5383.22021484375,5360.91015625,5383.22021484375,69900,5381.83642578125,"Philippines","PSEI.PS"
2012-10-16,5383.89990234375,5406.02001953125,5383.89990234375,5399.93994140625,106500,5398.5517578125,"Philippines","PSEI.PS"
2012-10-17,5400.52978515625,5445.9501953125,5400.52978515625,5438.3798828125,131300,5436.98193359375,"Philippines","PSEI.PS"
2012-10-18,5445.2998046875,5452.02001953125,5428.72998046875,5435.93994140625,59600,5434.54248046875,"Philippines","PSEI.PS"
2012-10-19,5435.93994140625,5460.919921875,5424.52001953125,5432.35986328125,54100,5430.96337890625,"Philippines","PSEI.PS"
2012-10-22,5432.27978515625,5432.27978515625,5403.2998046875,5424.7900390625,35800,5423.3955078125,"Philippines","PSEI.PS"
2012-10-23,5424.0498046875,5442.93994140625,5424.0498046875,5432.31982421875,44600,5430.92333984375,"Philippines","PSEI.PS"
2012-10-24,5425.1201171875,5425.43017578125,5385.7099609375,5398.68994140625,52200,5397.30224609375,"Philippines","PSEI.PS"
2012-10-25,5403.39013671875,5415.14013671875,5383.89990234375,5405.16015625,86800,5403.7705078125,"Philippines","PSEI.PS"
2012-10-29,5404.7900390625,5420.740234375,5394.81982421875,5397.419921875,86900,5396.0322265625,"Philippines","PSEI.PS"
2012-10-30,5394.08984375,5426.669921875,5393.990234375,5426.669921875,78200,5425.27490234375,"Philippines","PSEI.PS"
2012-10-31,5426.669921875,5447.72998046875,5422.14990234375,5424.509765625,101200,5423.115234375,"Philippines","PSEI.PS"
2012-11-05,5428.259765625,5483.93017578125,5428.259765625,5457.81982421875,125300,5456.4169921875,"Philippines","PSEI.PS"
2012-11-06,5459.740234375,5477.56982421875,5458.47998046875,5473.60986328125,105700,5472.20263671875,"Philippines","PSEI.PS"
2012-11-07,5467.06005859375,5467.5,5425.89990234375,5437.2900390625,81600,5435.89208984375,"Philippines","PSEI.PS"
2012-11-08,5437.080078125,5446.7099609375,5402.39990234375,5446.7099609375,61000,5445.3095703125,"Philippines","PSEI.PS"
2012-11-09,5445.8798828125,5468.7900390625,5427.85986328125,5468.7900390625,48500,5467.38427734375,"Philippines","PSEI.PS"
2012-11-12,5466.35986328125,5488.919921875,5466.35986328125,5470.7001953125,128300,5469.2939453125,"Philippines","PSEI.PS"
2012-11-13,5471.25,5481.72998046875,5455.18017578125,5455.919921875,68100,5454.517578125,"Philippines","PSEI.PS"
2012-11-14,5467.60009765625,5484.7099609375,5451.08984375,5451.08984375,69500,5449.6884765625,"Philippines","PSEI.PS"
2012-11-15,5451.08984375,5457.2998046875,5406.06982421875,5414.81982421875,102600,5413.427734375,"Philippines","PSEI.PS"
2012-11-16,5414.81982421875,5439.27978515625,5412.68994140625,5439.27978515625,54700,5437.88134765625,"Philippines","PSEI.PS"
2012-11-19,5436.669921875,5449.89013671875,5434.97021484375,5449.5498046875,39700,5448.14892578125,"Philippines","PSEI.PS"
2012-11-20,5453.97998046875,5510,5451.60986328125,5500.580078125,85300,5499.166015625,"Philippines","PSEI.PS"
2012-11-21,5505.33984375,5553.56982421875,5505.33984375,5534.18017578125,69600,5532.75732421875,"Philippines","PSEI.PS"
2012-11-22,5538.259765625,5579.18017578125,5513.3701171875,5513.3701171875,61900,5511.95263671875,"Philippines","PSEI.PS"
2012-11-23,5513.83984375,5552.990234375,5513.83984375,5552.33984375,59600,5550.91259765625,"Philippines","PSEI.PS"
2012-11-26,5555.7900390625,5585.08984375,5555.7900390625,5579.419921875,82100,5577.9853515625,"Philippines","PSEI.PS"
2012-11-27,5579.419921875,5615.6201171875,5579.419921875,5586.4501953125,66100,5585.01416015625,"Philippines","PSEI.PS"
2012-11-28,5584.39990234375,5636.330078125,5575.3798828125,5633.72021484375,131700,5632.27197265625,"Philippines","PSEI.PS"
2012-11-29,5633.81982421875,5650.10009765625,5613.35009765625,5640.4501953125,97500,5639,"Philippines","PSEI.PS"
2012-12-03,5622.72998046875,5672.7001953125,5613.97021484375,5672.7001953125,218800,5671.24169921875,"Philippines","PSEI.PS"
2012-12-04,5663.93994140625,5706.27978515625,5663.93994140625,5706.27978515625,113000,5704.81298828125,"Philippines","PSEI.PS"
2012-12-05,5704.419921875,5705.6298828125,5679.669921875,5687.72021484375,176900,5686.2578125,"Philippines","PSEI.PS"
2012-12-06,5694.75,5777.240234375,5694.75,5763.64013671875,158600,5762.15869140625,"Philippines","PSEI.PS"
2012-12-07,5766.2998046875,5797.93017578125,5756.509765625,5794.2001953125,115200,5792.71044921875,"Philippines","PSEI.PS"
2012-12-10,5791.14013671875,5793.93017578125,5732.580078125,5757.5400390625,81200,5756.06005859375,"Philippines","PSEI.PS"
2012-12-11,5759.16015625,5831.5,5759.16015625,5831.5,112100,5830.0009765625,"Philippines","PSEI.PS"
2012-12-12,5831.68017578125,5859.5400390625,5819.7900390625,5819.7900390625,119300,5818.2939453125,"Philippines","PSEI.PS"
2012-12-13,5821.39013671875,5866.830078125,5773.02978515625,5787.9501953125,126000,5786.46240234375,"Philippines","PSEI.PS"
2012-12-14,5786.60009765625,5786.60009765625,5700.580078125,5707.10986328125,31900,5705.642578125,"Philippines","PSEI.PS"
2012-12-17,5707.330078125,5732.47998046875,5623.85009765625,5623.85009765625,78700,5622.404296875,"Philippines","PSEI.PS"
2012-12-18,5624.169921875,5688.68994140625,5604.18994140625,5636.58984375,69800,5635.140625,"Philippines","PSEI.PS"
2012-12-19,5637.0498046875,5752.39013671875,5637.0498046875,5752.39013671875,82700,5750.9111328125,"Philippines","PSEI.PS"
2012-12-20,5751.56982421875,5802.259765625,5749.93994140625,5797.740234375,53200,5796.25,"Philippines","PSEI.PS"
2012-12-21,5797.759765625,5860.1201171875,5785.85009765625,5823.93994140625,98100,5822.44287109375,"Philippines","PSEI.PS"
2012-12-26,5826.52978515625,5855.259765625,5822.9501953125,5832.830078125,40500,5831.33056640625,"Philippines","PSEI.PS"
2012-12-27,5835.6201171875,5849.97021484375,5794.89013671875,5794.89013671875,39000,5793.400390625,"Philippines","PSEI.PS"
2012-12-28,5810.39990234375,5848.31982421875,5810.22021484375,5812.72998046875,51800,5811.23583984375,"Philippines","PSEI.PS"
2013-01-02,5810.47021484375,5860.990234375,5808.93994140625,5860.990234375,50400,5859.4833984375,"Philippines","PSEI.PS"
2013-01-03,5861.81982421875,5960.740234375,5861.81982421875,5934.0498046875,146800,5932.5244140625,"Philippines","PSEI.PS"
2013-01-04,5949.33984375,5971.4501953125,5948.2998046875,5971.4501953125,143500,5969.9150390625,"Philippines","PSEI.PS"
2013-01-07,5972.81005859375,6044.91015625,5972.81005859375,6044.91015625,166200,6043.35595703125,"Philippines","PSEI.PS"
2013-01-08,6046.75,6055.419921875,6024.0498046875,6048.89990234375,136600,6047.3447265625,"Philippines","PSEI.PS"
2013-01-09,6050.18994140625,6095.06982421875,6050.18994140625,6091.18017578125,159300,6089.6142578125,"Philippines","PSEI.PS"
2013-01-10,6091.18017578125,6098.14013671875,5999.89013671875,6018.56982421875,98000,6017.0224609375,"Philippines","PSEI.PS"
2013-01-11,6034.16015625,6057.47998046875,6034.080078125,6051.75,80000,6050.1943359375,"Philippines","PSEI.PS"
2013-01-14,6066.02001953125,6115.18017578125,6066.02001953125,6093.89990234375,69200,6092.33349609375,"Philippines","PSEI.PS"
2013-01-15,6093.89990234375,6140.72021484375,6071.31982421875,6087.669921875,93000,6086.10498046875,"Philippines","PSEI.PS"
2013-01-16,6087.52978515625,6104.5400390625,6037.009765625,6047.52001953125,91600,6045.96533203125,"Philippines","PSEI.PS"
2013-01-17,6054.2998046875,6076.9501953125,6048.990234375,6072.18017578125,78400,6070.619140625,"Philippines","PSEI.PS"
2013-01-18,6070.7900390625,6150.6201171875,6070.7900390625,6139.2099609375,71800,6137.6318359375,"Philippines","PSEI.PS"
2013-01-21,6164.85986328125,6193.25,6164.4599609375,6171.7001953125,52100,6170.11376953125,"Philippines","PSEI.PS"
2013-01-22,6171.669921875,6176.1201171875,6103.169921875,6104.89990234375,59600,6103.33056640625,"Philippines","PSEI.PS"
2013-01-23,6104.8798828125,6104.8798828125,6068.43994140625,6092.52978515625,162100,6090.96337890625,"Philippines","PSEI.PS"
2013-01-24,6092.25,6124.89990234375,6092.25,6117.27001953125,97300,6115.697265625,"Philippines","PSEI.PS"
2013-01-25,6120.990234375,6167.64013671875,6120.990234375,6167.64013671875,77300,6166.0546875,"Philippines","PSEI.PS"
2013-01-28,6167.64013671875,6192.419921875,6165.080078125,6192.419921875,118000,6190.828125,"Philippines","PSEI.PS"
2013-01-29,6192.419921875,6254.0400390625,6192.419921875,6234.72998046875,208500,6233.126953125,"Philippines","PSEI.PS"
2013-01-30,6235.85009765625,6320.60009765625,6235.85009765625,6271.22998046875,212700,6269.61767578125,"Philippines","PSEI.PS"
2013-01-31,6320.740234375,6332.27001953125,6240.72998046875,6242.740234375,133400,6241.13525390625,"Philippines","PSEI.PS"
2013-02-01,6253.85986328125,6342.72021484375,6253.83984375,6318.60986328125,119400,6316.9853515625,"Philippines","PSEI.PS"
2013-02-04,6349.080078125,6449.43994140625,6349.080078125,6435.97998046875,140300,6434.32568359375,"Philippines","PSEI.PS"
2013-02-05,6426.85986328125,6479.31005859375,6407.43994140625,6470.490234375,138300,6468.82666015625,"Philippines","PSEI.PS"
2013-02-06,6479.52978515625,6486.4501953125,6431.35009765625,6431.35009765625,136000,6429.69677734375,"Philippines","PSEI.PS"
2013-02-07,6433.31005859375,6459.990234375,6433.31005859375,6459.990234375,102500,6458.32958984375,"Philippines","PSEI.PS"
2013-02-08,6461.18994140625,6489.89990234375,6453.39990234375,6458.669921875,91100,6457.009765625,"Philippines","PSEI.PS"
2013-02-11,6458.33984375,6500.080078125,6458.009765625,6458.009765625,65000,6456.349609375,"Philippines","PSEI.PS"
2013-02-12,6459.2099609375,6477.81982421875,6455,6459.93017578125,45800,6458.26953125,"Philippines","PSEI.PS"
2013-02-13,6465.3701171875,6531.7900390625,6464.5400390625,6527.990234375,77500,6526.31201171875,"Philippines","PSEI.PS"
2013-02-14,6528.419921875,6542.509765625,6497.5400390625,6513.41015625,113900,6511.73583984375,"Philippines","PSEI.PS"
2013-02-15,6494.83984375,6522.27001953125,6494.83984375,6521.64013671875,149600,6519.96337890625,"Philippines","PSEI.PS"
2013-02-18,6521.77001953125,6582.509765625,6521.77001953125,6565.22998046875,177300,6563.5419921875,"Philippines","PSEI.PS"
2013-02-19,6584.39990234375,6632.56005859375,6577.9599609375,6620.72021484375,145800,6619.01806640625,"Philippines","PSEI.PS"
2013-02-20,6644.4599609375,6690,6615.7001953125,6648.56982421875,183900,6646.86083984375,"Philippines","PSEI.PS"
2013-02-21,6637.830078125,6667.41015625,6617.27978515625,6667.41015625,196300,6665.6962890625,"Philippines","PSEI.PS"
2013-02-22,6669.9501953125,6669.9501953125,6565.259765625,6665.06005859375,96500,6663.3466796875,"Philippines","PSEI.PS"
2013-02-25,6664.919921875,6721.330078125,6664.919921875,6721.330078125,112500,6719.60205078125,"Philippines","PSEI.PS"
2013-02-26,6718.02001953125,6718.02001953125,6622.740234375,6630.669921875,121400,6628.96533203125,"Philippines","PSEI.PS"
2013-02-27,6671.6201171875,6687.490234375,6616.27001953125,6616.27001953125,142400,6614.5693359375,"Philippines","PSEI.PS"
2013-02-28,6662.41015625,6721.4501953125,6636.22021484375,6721.4501953125,159800,6719.72216796875,"Philippines","PSEI.PS"
2013-03-01,6725.35986328125,6725.35986328125,6610.22021484375,6642.27001953125,170300,6640.5625,"Philippines","PSEI.PS"
2013-03-04,6642.83984375,6664.16015625,6564.77001953125,6637.56005859375,151700,6635.853515625,"Philippines","PSEI.PS"
2013-03-05,6638.10986328125,6723.7099609375,6632.39013671875,6711.72021484375,198600,6709.99462890625,"Philippines","PSEI.PS"
2013-03-06,6714.1201171875,6842.97021484375,6714.1201171875,6835.2099609375,204200,6833.45263671875,"Philippines","PSEI.PS"
2013-03-07,6835.85986328125,6835.85986328125,6722.1298828125,6725.1298828125,111600,6723.40087890625,"Philippines","PSEI.PS"
2013-03-08,6771.5,6859.7900390625,6771.5,6833.77001953125,183700,6832.01318359375,"Philippines","PSEI.PS"
2013-03-11,6835.16015625,6867.10009765625,6813.9501953125,6813.9501953125,94700,6812.19873046875,"Philippines","PSEI.PS"
2013-03-12,6847.5498046875,6853.93994140625,6772.10009765625,6786.419921875,103500,6784.67529296875,"Philippines","PSEI.PS"
2013-03-13,6812.60009765625,6812.60009765625,6748.72021484375,6776.56005859375,65500,6774.81787109375,"Philippines","PSEI.PS"
2013-03-14,6753.2900390625,6753.77001953125,6647.81982421875,6694.7099609375,108700,6692.98876953125,"Philippines","PSEI.PS"
2013-03-15,6717.35009765625,6732.64013671875,6653.4501953125,6654.60009765625,134000,6652.88916015625,"Philippines","PSEI.PS"
2013-03-18,6666.7998046875,6690.27978515625,6514.89013671875,6536.18017578125,99200,6534.5,"Philippines","PSEI.PS"
2013-03-19,6531.6298828125,6531.6298828125,6392.330078125,6426.25,152700,6424.59814453125,"Philippines","PSEI.PS"
2013-03-20,6416.419921875,6471.97998046875,6310.3701171875,6419.6201171875,148000,6417.9697265625,"Philippines","PSEI.PS"
2013-03-21,6456.72998046875,6483.85009765625,6443.10009765625,6472.97998046875,102100,6471.31591796875,"Philippines","PSEI.PS"
2013-03-22,6472.89990234375,6551.06005859375,6472.89990234375,6518.7099609375,90500,6517.0341796875,"Philippines","PSEI.PS"
2013-03-25,6531.4599609375,6600.509765625,6531.4599609375,6597.58984375,94100,6595.8935546875,"Philippines","PSEI.PS"
2013-03-26,6601.39013671875,6681.27978515625,6601.39013671875,6665.1201171875,154000,6663.40673828125,"Philippines","PSEI.PS"
2013-03-27,6668.81982421875,6873.89013671875,6668.81982421875,6847.47021484375,82900,6845.7099609375,"Philippines","PSEI.PS"
2013-04-01,6874.33984375,6956.919921875,6839.58984375,6839.58984375,133700,6837.83154296875,"Philippines","PSEI.PS"
2013-04-02,6837.9599609375,6837.9599609375,6748.43017578125,6748.43017578125,80100,6746.6953125,"Philippines","PSEI.PS"
2013-04-03,6751.35009765625,6832.91015625,6751.35009765625,6815.2998046875,98700,6813.5478515625,"Philippines","PSEI.PS"
2013-04-04,6816.47998046875,6816.47998046875,6767.08984375,6783.72021484375,75800,6781.97607421875,"Philippines","PSEI.PS"
2013-04-05,6784.169921875,6784.75,6710.5,6727.14013671875,71400,6725.41064453125,"Philippines","PSEI.PS"
2013-04-08,6726.08984375,6745.419921875,6703.7998046875,6732.22021484375,67700,6730.48974609375,"Philippines","PSEI.PS"
2013-04-10,6760.31005859375,6828.27978515625,6760.31005859375,6815.83984375,73100,6814.087890625,"Philippines","PSEI.PS"
2013-04-11,6815.89013671875,6872.31982421875,6815.89013671875,6831.740234375,77500,6829.98388671875,"Philippines","PSEI.PS"
2013-04-12,6833.2998046875,6891.43017578125,6833.2998046875,6891.43017578125,73900,6889.65869140625,"Philippines","PSEI.PS"
2013-04-15,6883.25,6887.3798828125,6832.02978515625,6837.77001953125,73100,6836.01220703125,"Philippines","PSEI.PS"
2013-04-16,6837.330078125,6837.330078125,6723.1298828125,6786.330078125,103500,6784.58544921875,"Philippines","PSEI.PS"
2013-04-17,6796.509765625,6850.259765625,6796.509765625,6850.259765625,97900,6848.49853515625,"Philippines","PSEI.PS"
2013-04-18,6851.22021484375,6863.43994140625,6827.9501953125,6857.47998046875,159400,6855.71728515625,"Philippines","PSEI.PS"
2013-04-19,6860.81005859375,6957.10009765625,6860.81005859375,6957.10009765625,106900,6955.3115234375,"Philippines","PSEI.PS"
2013-04-22,6968.490234375,7120.47998046875,6968.490234375,7120.47998046875,88200,7118.6494140625,"Philippines","PSEI.PS"
2013-04-23,7044.919921875,7062.240234375,6982.35986328125,6982.35986328125,163000,6980.56494140625,"Philippines","PSEI.PS"
2013-04-24,7021.7099609375,7042.7998046875,6956.14990234375,6972.68994140625,119800,6970.8974609375,"Philippines","PSEI.PS"
2013-04-25,6977.08984375,6995.4599609375,6955.35986328125,6995.4599609375,111800,6993.66162109375,"Philippines","PSEI.PS"
2013-04-26,7003.919921875,7065.240234375,7003.919921875,7025.43994140625,90800,7023.6337890625,"Philippines","PSEI.PS"
2013-04-29,7025.43994140625,7048.97998046875,7021.3701171875,7028.35009765625,50800,7026.54345703125,"Philippines","PSEI.PS"
2013-04-30,7030.2998046875,7071.2099609375,7030.2998046875,7070.990234375,97200,7069.17236328125,"Philippines","PSEI.PS"
2013-05-02,7072.56005859375,7108.27978515625,7041.83984375,7093.419921875,72000,7091.59619140625,"Philippines","PSEI.PS"
2013-05-03,7190.22021484375,7230.39990234375,7185.740234375,7215.35009765625,148200,7213.4951171875,"Philippines","PSEI.PS"
2013-05-06,7217.60986328125,7284.33984375,7170.64990234375,7170.64990234375,77000,7168.806640625,"Philippines","PSEI.PS"
2013-05-07,7171.72998046875,7214.43994140625,7136.2998046875,7146.1201171875,70000,7144.283203125,"Philippines","PSEI.PS"
2013-05-08,7158.490234375,7187.330078125,7158.080078125,7181.2998046875,69200,7179.45361328125,"Philippines","PSEI.PS"
2013-05-09,7193.27978515625,7202.5498046875,7176.68017578125,7194.43017578125,53400,7192.58056640625,"Philippines","PSEI.PS"
2013-05-10,7191.490234375,7262.3798828125,7191.490234375,7262.3798828125,92800,7260.5126953125,"Philippines","PSEI.PS"
2013-05-14,7259.259765625,7349.9501953125,7241.91015625,7313.4599609375,199000,7311.580078125,"Philippines","PSEI.PS"
2013-05-15,7326.9501953125,7403.64990234375,7326.9501953125,7392.2001953125,94400,7390.2998046875,"Philippines","PSEI.PS"
2013-05-16,7388.1298828125,7399.7900390625,7267.83984375,7310.93994140625,200200,7309.060546875,"Philippines","PSEI.PS"
2013-05-17,7308.85009765625,7315.830078125,7254.52978515625,7279.8701171875,136000,7277.99853515625,"Philippines","PSEI.PS"
2013-05-20,7288.3798828125,7308.22021484375,7270.669921875,7275.3798828125,126000,7273.509765625,"Philippines","PSEI.PS"
2013-05-21,7296.22021484375,7327.580078125,7292.83984375,7327.580078125,1e+05,7325.6962890625,"Philippines","PSEI.PS"
2013-05-22,7327.580078125,7385.06982421875,7312.16015625,7385.06982421875,78600,7383.17138671875,"Philippines","PSEI.PS"
2013-05-23,7384.0400390625,7388.39013671875,7218.33984375,7314.3798828125,88000,7312.49951171875,"Philippines","PSEI.PS"
2013-05-24,7312.5,7312.7900390625,7250.2099609375,7268.91015625,99400,7267.04150390625,"Philippines","PSEI.PS"
2013-05-27,7270.2900390625,7270.2900390625,7089.31982421875,7097.509765625,88400,7095.68505859375,"Philippines","PSEI.PS"
2013-05-28,7094.85986328125,7113.22021484375,7026.830078125,7113.22021484375,91400,7111.3916015625,"Philippines","PSEI.PS"
2013-05-29,7113.490234375,7228.56982421875,7113.490234375,7228.56982421875,101400,7226.71142578125,"Philippines","PSEI.PS"
2013-05-30,7222.259765625,7222.259765625,6943.72021484375,6953.35009765625,132600,6951.5625,"Philippines","PSEI.PS"
2013-05-31,6944.240234375,7028.5,6880.60009765625,7021.9501953125,155600,7020.14501953125,"Philippines","PSEI.PS"
2013-06-03,6966.06982421875,6966.06982421875,6719.89013671875,6763.3798828125,126200,6761.64111328125,"Philippines","PSEI.PS"
2013-06-04,6781.85009765625,6798.93994140625,6590.08984375,6673.47021484375,179800,6671.75439453125,"Philippines","PSEI.PS"
2013-06-05,6673.47021484375,6701.72998046875,6526.18994140625,6557.89013671875,123400,6556.2041015625,"Philippines","PSEI.PS"
2013-06-06,6557.89013671875,6616.10009765625,6393.56005859375,6609.009765625,197200,6607.310546875,"Philippines","PSEI.PS"
2013-06-07,6611.33984375,6734.5,6611.33984375,6701.9501953125,131800,6700.22705078125,"Philippines","PSEI.PS"
2013-06-10,6767.35986328125,6906.3701171875,6767.35986328125,6875.60009765625,124400,6873.83251953125,"Philippines","PSEI.PS"
2013-06-11,6875.5,6877.14013671875,6549.68017578125,6556.64990234375,106800,6554.96435546875,"Philippines","PSEI.PS"
2013-06-13,6457.830078125,6457.830078125,6114.080078125,6114.080078125,192400,6112.50830078125,"Philippines","PSEI.PS"
2013-06-14,6255.60009765625,6376.580078125,6242.259765625,6242.259765625,195600,6240.6552734375,"Philippines","PSEI.PS"
2013-06-17,6249.10986328125,6339.41015625,6170.47998046875,6339.41015625,58000,6337.7802734375,"Philippines","PSEI.PS"
2013-06-18,6340.8798828125,6518.77001953125,6340.8798828125,6518.77001953125,105600,6517.09423828125,"Philippines","PSEI.PS"
2013-06-19,6545.81982421875,6548.259765625,6445.27001953125,6513.2001953125,78800,6511.52587890625,"Philippines","PSEI.PS"
2013-06-20,6492.31982421875,6492.31982421875,6305.47021484375,6326.669921875,97600,6325.04345703125,"Philippines","PSEI.PS"
2013-06-21,6315.10009765625,6315.10009765625,6122.2900390625,6182.169921875,138200,6180.58056640625,"Philippines","PSEI.PS"
2013-06-24,6180.93994140625,6185.31982421875,5957.85009765625,5971.0498046875,99400,5969.5146484375,"Philippines","PSEI.PS"
2013-06-25,5923.85009765625,5991.43017578125,5678.72998046875,5789.06005859375,237000,5787.57177734375,"Philippines","PSEI.PS"
2013-06-26,5811.89013671875,6131.08984375,5811.89013671875,6118.93994140625,174000,6117.36669921875,"Philippines","PSEI.PS"
2013-06-27,6245.83984375,6345.64990234375,6244.75,6328,259600,6326.373046875,"Philippines","PSEI.PS"
2013-06-28,6387.2001953125,6475.240234375,6378.740234375,6465.27978515625,142600,6463.61767578125,"Philippines","PSEI.PS"
2013-07-01,6464.47021484375,6559.97998046875,6397.1201171875,6526.6201171875,110800,6524.9423828125,"Philippines","PSEI.PS"
2013-07-02,6562.27001953125,6595.7998046875,6448.18017578125,6448.18017578125,112200,6446.5224609375,"Philippines","PSEI.PS"
2013-07-03,6446.89013671875,6485.75,6421.75,6480.1201171875,122000,6478.4541015625,"Philippines","PSEI.PS"
2013-07-04,6480.89990234375,6519.64013671875,6451.25,6464.259765625,78600,6462.59814453125,"Philippines","PSEI.PS"
2013-07-05,6464.259765625,6530.97021484375,6464.259765625,6500.47998046875,44400,6498.80908203125,"Philippines","PSEI.PS"
2013-07-08,6499.3798828125,6499.3798828125,6318.91015625,6318.91015625,95200,6317.28564453125,"Philippines","PSEI.PS"
2013-07-09,6321.2900390625,6376.740234375,6285.18017578125,6327.02001953125,58800,6325.3935546875,"Philippines","PSEI.PS"
2013-07-10,6325.68017578125,6341.91015625,6244.2900390625,6308.18017578125,85400,6306.55859375,"Philippines","PSEI.PS"
2013-07-11,6319.009765625,6426,6319.009765625,6407.35986328125,72800,6405.712890625,"Philippines","PSEI.PS"
2013-07-12,6409.52001953125,6593.580078125,6409.52001953125,6574.2099609375,131600,6572.52001953125,"Philippines","PSEI.PS"
2013-07-15,6577.89013671875,6650.52978515625,6577.89013671875,6619.9501953125,130400,6618.24853515625,"Philippines","PSEI.PS"
2013-07-16,6633.93994140625,6644.009765625,6565.35986328125,6583.5498046875,102000,6581.857421875,"Philippines","PSEI.PS"
2013-07-17,6583.72021484375,6592.3701171875,6514.10009765625,6574.72021484375,70000,6573.02978515625,"Philippines","PSEI.PS"
2013-07-18,6574.72021484375,6651.72021484375,6574.72021484375,6648.35009765625,85000,6646.64111328125,"Philippines","PSEI.PS"
2013-07-19,6648.35009765625,6655.4599609375,6598.64013671875,6621.02001953125,83000,6619.31787109375,"Philippines","PSEI.PS"
2013-07-22,6620.68017578125,6652.85009765625,6620.68017578125,6627.35986328125,38400,6625.65625,"Philippines","PSEI.PS"
2013-07-23,6635.31005859375,6743.2099609375,6635.31005859375,6743.2099609375,135200,6741.4765625,"Philippines","PSEI.PS"
2013-07-24,6747.1298828125,6811.5,6747.1298828125,6804.16015625,82800,6802.4111328125,"Philippines","PSEI.PS"
2013-07-25,6804.06005859375,6829.9599609375,6781.72021484375,6800.10986328125,104600,6798.36181640625,"Philippines","PSEI.PS"
2013-07-26,6799.58984375,6818.31982421875,6750.7099609375,6763.6201171875,59000,6761.88134765625,"Philippines","PSEI.PS"
2013-07-29,6764.1298828125,6764.1298828125,6694.509765625,6717.66015625,74800,6715.93310546875,"Philippines","PSEI.PS"
2013-07-30,6725.4599609375,6748.1298828125,6724.580078125,6728,45700,6726.2705078125,"Philippines","PSEI.PS"
2013-07-31,6728.419921875,6750.72998046875,6623.009765625,6639.1201171875,99000,6637.41357421875,"Philippines","PSEI.PS"
2013-08-01,6644.56005859375,6682.22998046875,6644.56005859375,6661.43994140625,83300,6659.7275390625,"Philippines","PSEI.PS"
2013-08-02,6621.7001953125,6643.52001953125,6532.2998046875,6533.9501953125,71000,6532.2705078125,"Philippines","PSEI.PS"
2013-08-05,6543.31005859375,6564,6509.72998046875,6509.72998046875,54500,6508.056640625,"Philippines","PSEI.PS"
2013-08-06,6510.4599609375,6510.4599609375,6402.169921875,6420.77978515625,75100,6419.12939453125,"Philippines","PSEI.PS"
2013-08-07,6419.39990234375,6450.41015625,6372.39013671875,6420.7900390625,74500,6419.1396484375,"Philippines","PSEI.PS"
2013-08-08,6430.06005859375,6438.7998046875,6370.85009765625,6404.22998046875,44200,6402.58349609375,"Philippines","PSEI.PS"
2013-08-12,6416.60009765625,6452.1201171875,6384.4501953125,6443.81005859375,43200,6442.1533203125,"Philippines","PSEI.PS"
2013-08-13,6447.5,6555.89990234375,6447.5,6554.6201171875,79000,6552.93505859375,"Philippines","PSEI.PS"
2013-08-14,6553.5400390625,6656.60986328125,6540.9599609375,6656.60986328125,70900,6654.8984375,"Philippines","PSEI.PS"
2013-08-15,6650.3798828125,6650.3798828125,6497.5400390625,6580.7099609375,76900,6579.01806640625,"Philippines","PSEI.PS"
2013-08-16,6577.81005859375,6577.81005859375,6498.740234375,6525.9501953125,61900,6524.2724609375,"Philippines","PSEI.PS"
2013-08-19,NA,NA,NA,NA,NA,NA,"Philippines","PSEI.PS"
2013-08-20,NA,NA,NA,NA,NA,NA,"Philippines","PSEI.PS"
2013-08-22,6150.25,6165.2900390625,6074.02001953125,6136.72998046875,171400,6135.15234375,"Philippines","PSEI.PS"
2013-08-23,6136.93994140625,6174.2001953125,6121.10009765625,6161.2099609375,79200,6159.6259765625,"Philippines","PSEI.PS"
2013-08-27,6161.2099609375,6161.2099609375,5873.240234375,5916.990234375,111200,5915.46923828125,"Philippines","PSEI.PS"
2013-08-28,5716.7099609375,5738.06005859375,5562.1298828125,5738.06005859375,135600,5736.5849609375,"Philippines","PSEI.PS"
2013-08-29,5771.3798828125,5965.85009765625,5771.3798828125,5944.2099609375,126800,5942.681640625,"Philippines","PSEI.PS"
2013-08-30,5984.31982421875,6096.47021484375,5972.080078125,6075.169921875,99800,6073.60791015625,"Philippines","PSEI.PS"
2013-09-02,6073.22021484375,6115.68017578125,6019.02001953125,6061.7998046875,48600,6060.24169921875,"Philippines","PSEI.PS"
2013-09-03,6057.52001953125,6083.91015625,6044.14990234375,6083.91015625,39100,6082.34619140625,"Philippines","PSEI.PS"
2013-09-04,6088.1298828125,6092.4501953125,5936.81982421875,5968.330078125,48200,5966.7958984375,"Philippines","PSEI.PS"
2013-09-05,5967.16015625,6007.10986328125,5896.9599609375,5959.22021484375,67600,5957.6884765625,"Philippines","PSEI.PS"
2013-09-06,5958.16015625,6006.3798828125,5958.16015625,5974.6201171875,55200,5973.083984375,"Philippines","PSEI.PS"
2013-09-09,5981.27001953125,6037.18994140625,5981.27001953125,5997.0400390625,72600,5995.49853515625,"Philippines","PSEI.PS"
2013-09-10,6018.830078125,6131.2099609375,6018.830078125,6089.72021484375,100400,6088.15478515625,"Philippines","PSEI.PS"
2013-09-11,6115.330078125,6215.3701171875,6115.330078125,6214.89990234375,104600,6213.30224609375,"Philippines","PSEI.PS"
2013-09-12,6216.83984375,6259.75,6174.77001953125,6195.60986328125,85700,6194.01708984375,"Philippines","PSEI.PS"
2013-09-13,6154.97998046875,6154.97998046875,6079.02001953125,6133.240234375,129000,6131.66357421875,"Philippines","PSEI.PS"
2013-09-16,6130.85009765625,6315.6201171875,6130.85009765625,6302.7099609375,125500,6301.08984375,"Philippines","PSEI.PS"
2013-09-17,6305.72998046875,6344.14013671875,6305.72998046875,6344.14013671875,121600,6342.50927734375,"Philippines","PSEI.PS"
2013-09-18,6343.81982421875,6349.7099609375,6311.580078125,6333.9599609375,77600,6332.33154296875,"Philippines","PSEI.PS"
2013-09-19,6527.06982421875,6587.47998046875,6511.7001953125,6511.7001953125,277200,6510.0263671875,"Philippines","PSEI.PS"
2013-09-20,6506.97998046875,6543.9599609375,6424.4501953125,6424.4501953125,129000,6422.798828125,"Philippines","PSEI.PS"
2013-09-23,6428.5,6477.93994140625,6395.3701171875,6477.93994140625,80900,6476.2744140625,"Philippines","PSEI.PS"
2013-09-24,6469.64013671875,6472.2099609375,6440.740234375,6461.3798828125,70000,6459.71875,"Philippines","PSEI.PS"
2013-09-25,6454.89990234375,6454.89990234375,6414.56982421875,6420.419921875,63700,6418.76953125,"Philippines","PSEI.PS"
2013-09-26,6420.18994140625,6426.7900390625,6370.33984375,6407.4599609375,80300,6405.81298828125,"Philippines","PSEI.PS"
2013-09-27,6407.990234375,6462.60986328125,6379.81005859375,6379.81005859375,81900,6378.169921875,"Philippines","PSEI.PS"
2013-09-30,6359.43994140625,6359.43994140625,6191.7998046875,6191.7998046875,57200,6190.2080078125,"Philippines","PSEI.PS"
2013-10-01,6194.56005859375,6251.2001953125,6191.47021484375,6197.83984375,88500,6196.24658203125,"Philippines","PSEI.PS"
2013-10-02,6277.580078125,6380.81005859375,6277.580078125,6362.259765625,81800,6360.6240234375,"Philippines","PSEI.PS"
2013-10-03,6355.08984375,6418.14990234375,6300.2001953125,6387.64990234375,80700,6386.0078125,"Philippines","PSEI.PS"
2013-10-04,6388.02001953125,6390.47998046875,6331.93017578125,6390.47998046875,55500,6388.8369140625,"Philippines","PSEI.PS"
2013-10-07,6395.9501953125,6459.7900390625,6395.9501953125,6443.2099609375,81600,6441.5537109375,"Philippines","PSEI.PS"
2013-10-08,6444.43017578125,6455.990234375,6409.39990234375,6454.85986328125,52600,6453.20068359375,"Philippines","PSEI.PS"
2013-10-09,6443.56982421875,6443.56982421875,6372.3701171875,6377.75,96500,6376.1103515625,"Philippines","PSEI.PS"
2013-10-10,6375.2998046875,6443,6375.2998046875,6435.97021484375,130600,6434.31591796875,"Philippines","PSEI.PS"
2013-10-11,6518.740234375,6536.85009765625,6480.56982421875,6489.7998046875,64200,6488.13134765625,"Philippines","PSEI.PS"
2013-10-14,6491.66015625,6491.66015625,6407.58984375,6442.7001953125,31100,6441.0439453125,"Philippines","PSEI.PS"
2013-10-16,6443.43017578125,6503.259765625,6433.18994140625,6483.56982421875,96900,6481.90283203125,"Philippines","PSEI.PS"
2013-10-17,6533.39013671875,6568.39013671875,6528.22021484375,6560.8798828125,93400,6559.193359375,"Philippines","PSEI.PS"
2013-10-18,6563.39990234375,6615.64013671875,6563.39990234375,6607.830078125,108700,6606.13134765625,"Philippines","PSEI.PS"
2013-10-21,6607.830078125,6621.60009765625,6586.2001953125,6597.56005859375,97600,6595.86376953125,"Philippines","PSEI.PS"
2013-10-22,6606.72021484375,6634.14013671875,6603.60009765625,6603.60009765625,89700,6601.90234375,"Philippines","PSEI.PS"
2013-10-23,6623.1298828125,6648.080078125,6603.22998046875,6635.10986328125,49400,6633.404296875,"Philippines","PSEI.PS"
2013-10-24,6631.39013671875,6631.39013671875,6578.02001953125,6583.77001953125,51800,6582.07763671875,"Philippines","PSEI.PS"
2013-10-25,6584.240234375,6586.3701171875,6505.2001953125,6539.81005859375,0,6538.12890625,"Philippines","PSEI.PS"
2013-10-29,6535.0498046875,6551.8798828125,6500.7900390625,6543.4599609375,66200,6541.77783203125,"Philippines","PSEI.PS"
2013-10-30,6544.83984375,6606.08984375,6541.60009765625,6597.2099609375,96700,6595.51416015625,"Philippines","PSEI.PS"
2013-10-31,6597.72021484375,6618.3798828125,6549.08984375,6585.3798828125,107000,6583.68701171875,"Philippines","PSEI.PS"
2013-11-04,6586.8701171875,6586.8701171875,6509.3701171875,6543.39013671875,43800,6541.7080078125,"Philippines","PSEI.PS"
2013-11-05,6556.27001953125,6563.39990234375,6504.669921875,6519.580078125,75000,6517.904296875,"Philippines","PSEI.PS"
2013-11-06,6519.81005859375,6523.60986328125,6459.7998046875,6477.2998046875,81800,6475.634765625,"Philippines","PSEI.PS"
2013-11-07,6478.27001953125,6487.7099609375,6420.68017578125,6436.490234375,62900,6434.83544921875,"Philippines","PSEI.PS"
2013-11-08,6417.2998046875,6418.14013671875,6355.18017578125,6355.18017578125,82800,6353.54638671875,"Philippines","PSEI.PS"
2013-11-11,6356.1201171875,6356.1201171875,6202.10009765625,6265.22998046875,82000,6263.619140625,"Philippines","PSEI.PS"
2013-11-12,6281.759765625,6335.58984375,6271.77001953125,6324.169921875,66000,6322.5439453125,"Philippines","PSEI.PS"
2013-11-13,6321.2099609375,6331.9599609375,6261.83984375,6320.9599609375,55900,6319.3349609375,"Philippines","PSEI.PS"
2013-11-14,6323.22998046875,6365.35986328125,6315.8798828125,6327.8798828125,102300,6326.2529296875,"Philippines","PSEI.PS"
2013-11-15,6342.39013671875,6380.91015625,6337.33984375,6346.39990234375,83700,6344.7685546875,"Philippines","PSEI.PS"
2013-11-18,6368.60009765625,6386.6201171875,6324.240234375,6343.25,67300,6341.619140625,"Philippines","PSEI.PS"
2013-11-19,6346.52978515625,6352.2099609375,6267.85009765625,6267.85009765625,106100,6266.23876953125,"Philippines","PSEI.PS"
2013-11-20,6267.64013671875,6267.64013671875,6114.64013671875,6155.33984375,95900,6153.75732421875,"Philippines","PSEI.PS"
2013-11-21,6155.33984375,6155.33984375,6049.1298828125,6122.89013671875,104100,6121.31591796875,"Philippines","PSEI.PS"
2013-11-22,6125.64990234375,6164.89013671875,6079.56982421875,6084.83984375,63000,6083.275390625,"Philippines","PSEI.PS"
2013-11-25,6081.2099609375,6083.47998046875,5998.3798828125,6004.259765625,52600,6002.71630859375,"Philippines","PSEI.PS"
2013-11-26,6007,6025.3701171875,5955.06982421875,6025.3701171875,83400,6023.8212890625,"Philippines","PSEI.PS"
2013-11-27,6027.7900390625,6067.1201171875,6002.830078125,6053.8701171875,119900,6052.31396484375,"Philippines","PSEI.PS"
2013-11-28,6057.669921875,6169.9599609375,6057.669921875,6169.9599609375,60500,6168.3740234375,"Philippines","PSEI.PS"
2013-11-29,6164.8701171875,6208.81982421875,6103.81982421875,6208.81982421875,75800,6207.2236328125,"Philippines","PSEI.PS"
2013-12-02,6215.10986328125,6269.68994140625,6212.89013671875,6223.3701171875,49300,6221.77001953125,"Philippines","PSEI.PS"
2013-12-03,6225.93017578125,6225.93017578125,6179.5,6179.5,46500,6177.91162109375,"Philippines","PSEI.PS"
2013-12-04,6176.43017578125,6177.1298828125,6105.18994140625,6105.22998046875,42100,6103.66064453125,"Philippines","PSEI.PS"
2013-12-05,6106.77001953125,6139.89990234375,6025.080078125,6030.9501953125,45400,6029.39990234375,"Philippines","PSEI.PS"
2013-12-06,6031.2998046875,6033.56005859375,5987.22021484375,6014.93994140625,57900,6013.3935546875,"Philippines","PSEI.PS"
2013-12-09,6033.77978515625,6067.06005859375,5989.080078125,6008.93994140625,56400,6007.39501953125,"Philippines","PSEI.PS"
2013-12-10,6009.85986328125,6016.3798828125,5886.39990234375,5886.39990234375,65700,5884.88671875,"Philippines","PSEI.PS"
2013-12-11,5883.93994140625,5914.43994140625,5873.68017578125,5888.740234375,100400,5887.2265625,"Philippines","PSEI.PS"
2013-12-12,5888.740234375,5888.740234375,5762.52978515625,5762.52978515625,75100,5761.04833984375,"Philippines","PSEI.PS"
2013-12-13,5740.93994140625,5777.919921875,5709.33984375,5767.1298828125,96100,5765.6474609375,"Philippines","PSEI.PS"
2013-12-16,5767.9501953125,5848.77978515625,5747.8701171875,5812.5400390625,68800,5811.0458984375,"Philippines","PSEI.PS"
2013-12-17,5830.56005859375,5932.68994140625,5830.56005859375,5928.990234375,78100,5927.4658203125,"Philippines","PSEI.PS"
2013-12-18,5928.93994140625,5962.080078125,5874.919921875,5961.5498046875,83200,5960.01708984375,"Philippines","PSEI.PS"
2013-12-19,6023.39990234375,6059.77978515625,5923.1201171875,5923.1201171875,90500,5921.59765625,"Philippines","PSEI.PS"
2013-12-20,5925.9599609375,5965.81005859375,5835.1298828125,5835.1298828125,47800,5833.6298828125,"Philippines","PSEI.PS"
2013-12-23,5847.60986328125,5885.93994140625,5847.60986328125,5854.8798828125,72000,5853.37451171875,"Philippines","PSEI.PS"
2013-12-26,5862.33984375,5891.490234375,5862.33984375,5878.31982421875,32900,5876.80859375,"Philippines","PSEI.PS"
2013-12-27,5891.93994140625,5911.68994140625,5889.830078125,5889.830078125,47100,5888.31591796875,"Philippines","PSEI.PS"
2014-01-02,5923.72021484375,5984.259765625,5923.72021484375,5984.259765625,80300,5982.72119140625,"Philippines","PSEI.PS"
2014-01-03,5971.35986328125,5971.35986328125,5903.77001953125,5947.93017578125,74900,5946.40087890625,"Philippines","PSEI.PS"
2014-01-06,5950.39013671875,5992.97998046875,5932.509765625,5985.81005859375,77800,5984.271484375,"Philippines","PSEI.PS"
2014-01-07,5986.18017578125,5991.93017578125,5946.72021484375,5947.43994140625,68800,5945.9111328125,"Philippines","PSEI.PS"
2014-01-08,5948.2998046875,5995.06982421875,5942.68017578125,5986.47998046875,55900,5984.94091796875,"Philippines","PSEI.PS"
2014-01-09,5990.31982421875,5994.4501953125,5937.509765625,5937.509765625,60700,5935.9833984375,"Philippines","PSEI.PS"
2014-01-10,5939.2001953125,5964.41015625,5842.8798828125,5842.8798828125,38600,5841.3779296875,"Philippines","PSEI.PS"
2014-01-13,5886.0498046875,5955.6201171875,5886.0498046875,5940.669921875,93600,5939.142578125,"Philippines","PSEI.PS"
2014-01-14,5945.2998046875,5945.2998046875,5910.9599609375,5935.56005859375,89000,5934.0341796875,"Philippines","PSEI.PS"
2014-01-15,5938.330078125,5969.16015625,5938.330078125,5958.1201171875,55600,5956.58837890625,"Philippines","PSEI.PS"
2014-01-16,5977.9599609375,5999.580078125,5972.39013671875,5982.240234375,44900,5980.7021484375,"Philippines","PSEI.PS"
2014-01-17,5993.08984375,6008.22021484375,5960.97998046875,5987.08984375,98800,5985.55078125,"Philippines","PSEI.PS"
2014-01-20,5988.39013671875,6019.75,5988.39013671875,6005.60009765625,0,6004.05615234375,"Philippines","PSEI.PS"
2014-01-21,6006.58984375,6030.97021484375,5983.89013671875,6019.240234375,57800,6017.69287109375,"Philippines","PSEI.PS"
2014-01-22,6020.39990234375,6147.18017578125,6020.39990234375,6139.85986328125,88600,6138.28125,"Philippines","PSEI.PS"
2014-01-23,6145.16015625,6180.72998046875,6139.740234375,6170.0498046875,71500,6168.4638671875,"Philippines","PSEI.PS"
2014-01-24,6166.580078125,6195.64013671875,6095.58984375,6191.5,88600,6189.908203125,"Philippines","PSEI.PS"
2014-01-27,6185.580078125,6185.580078125,6035.97998046875,6081.60986328125,107400,6080.04638671875,"Philippines","PSEI.PS"
2014-01-28,6080.16015625,6080.3798828125,6022.81005859375,6022.81005859375,91200,6021.26171875,"Philippines","PSEI.PS"
2014-01-29,6023.259765625,6090.39013671875,6023.259765625,6069.83984375,104600,6068.279296875,"Philippines","PSEI.PS"
2014-01-30,6061.7900390625,6061.7900390625,5984.1201171875,6041.18994140625,70600,6039.63671875,"Philippines","PSEI.PS"
2014-02-03,6041.77001953125,6042.5,5989.7900390625,6015.2998046875,57600,6013.75341796875,"Philippines","PSEI.PS"
2014-02-04,6011.47021484375,6011.47021484375,5886.009765625,5886.009765625,100300,5884.49658203125,"Philippines","PSEI.PS"
2014-02-05,5907.16015625,5930.080078125,5899.60986328125,5908.41015625,61500,5906.89111328125,"Philippines","PSEI.PS"
2014-02-06,5903.83984375,5945.7099609375,5903.83984375,5914.58984375,51200,5913.0693359375,"Philippines","PSEI.PS"
2014-02-07,5919.43017578125,6020.68017578125,5919.43017578125,6011.14013671875,80900,6009.5947265625,"Philippines","PSEI.PS"
2014-02-10,6011.5498046875,6063.5,6011.5498046875,6042.25,76000,6040.69677734375,"Philippines","PSEI.PS"
2014-02-11,6049.8701171875,6110.97998046875,6049.8701171875,6106.02978515625,69300,6104.4599609375,"Philippines","PSEI.PS"
2014-02-12,6107.64990234375,6146.72998046875,6099.7001953125,6112.31005859375,129600,6110.73876953125,"Philippines","PSEI.PS"
2014-02-13,6118.1298828125,6118.1298828125,6078.60986328125,6101.72021484375,66100,6100.15185546875,"Philippines","PSEI.PS"
2014-02-14,6107.43994140625,6119.330078125,6092.97998046875,6113.66015625,44900,6112.08837890625,"Philippines","PSEI.PS"
2014-02-17,NA,NA,NA,NA,NA,NA,"Philippines","PSEI.PS"
2014-02-18,6168.169921875,6203.18994140625,6168.169921875,6193.97021484375,81000,6192.3779296875,"Philippines","PSEI.PS"
2014-02-19,6197.66015625,6294.6201171875,6197.66015625,6294.6201171875,92800,6293.001953125,"Philippines","PSEI.PS"
2014-02-20,6312.91015625,6353.39013671875,6277.0400390625,6352.759765625,102100,6351.12646484375,"Philippines","PSEI.PS"
2014-02-21,6351.77001953125,6357.89990234375,6297.25,6308.35986328125,84100,6306.73828125,"Philippines","PSEI.PS"
2014-02-24,6329.72998046875,6372.669921875,6296.31982421875,6296.31982421875,106700,6294.701171875,"Philippines","PSEI.PS"
2014-02-26,6294.47021484375,6328.4599609375,6261.18017578125,6322.60009765625,85700,6320.974609375,"Philippines","PSEI.PS"
2014-02-27,6323.4501953125,6354.7900390625,6323.4501953125,6354.7900390625,99100,6353.15625,"Philippines","PSEI.PS"
2014-02-28,6362.06005859375,6424.990234375,6360.7099609375,6424.990234375,101000,6423.33837890625,"Philippines","PSEI.PS"
2014-03-03,6424.85009765625,6428.83984375,6370.759765625,6407.52001953125,62700,6405.873046875,"Philippines","PSEI.PS"
2014-03-04,6401.16015625,6412.97021484375,6385.97021484375,6394.60009765625,79400,6392.9560546875,"Philippines","PSEI.PS"
2014-03-05,6399.669921875,6482.14990234375,6399.669921875,6456.14013671875,105300,6454.48046875,"Philippines","PSEI.PS"
2014-03-06,6487.93994140625,6520.330078125,6487.93994140625,6516.81982421875,101600,6515.14453125,"Philippines","PSEI.PS"
2014-03-07,6528.85009765625,6550.93994140625,6481.830078125,6481.830078125,73600,6480.16357421875,"Philippines","PSEI.PS"
2014-03-10,6480.330078125,6501.16015625,6476.91015625,6487.22998046875,49200,6485.5625,"Philippines","PSEI.PS"
2014-03-11,6485.52001953125,6535.919921875,6485.52001953125,6529.580078125,88000,6527.9013671875,"Philippines","PSEI.PS"
2014-03-12,6524.669921875,6524.669921875,6462.47021484375,6462.47021484375,89100,6460.80908203125,"Philippines","PSEI.PS"
2014-03-13,6465.22021484375,6465.22021484375,6415.60009765625,6429.7900390625,59300,6428.13720703125,"Philippines","PSEI.PS"
2014-03-14,6423.18017578125,6423.18017578125,6343.85009765625,6391.240234375,47900,6389.59716796875,"Philippines","PSEI.PS"
2014-03-17,6389.43994140625,6402.64990234375,6371.7001953125,6399.990234375,80700,6398.3447265625,"Philippines","PSEI.PS"
2014-03-18,6399.7900390625,6471.1201171875,6399.7900390625,6466.5498046875,72700,6464.88720703125,"Philippines","PSEI.PS"
2014-03-19,6476.18017578125,6487.91015625,6456.330078125,6462.490234375,103500,6460.8291015625,"Philippines","PSEI.PS"
2014-03-20,6449.509765625,6449.509765625,6403.009765625,6417.35009765625,67000,6415.7001953125,"Philippines","PSEI.PS"
2014-03-21,6433.27001953125,6441.6298828125,6339.259765625,6339.259765625,67100,6337.6298828125,"Philippines","PSEI.PS"
2014-03-24,6370.41015625,6403.0498046875,6365.83984375,6400.669921875,52900,6399.0244140625,"Philippines","PSEI.PS"
2014-03-25,6384.72998046875,6384.72998046875,6330.77001953125,6336.33984375,56800,6334.7109375,"Philippines","PSEI.PS"
2014-03-26,6336.68017578125,6351.009765625,6324.4501953125,6348.5,62100,6346.8681640625,"Philippines","PSEI.PS"
2014-03-27,6349.72021484375,6361.27001953125,6307.919921875,6315.68994140625,86400,6314.06640625,"Philippines","PSEI.PS"
2014-03-28,6318.6298828125,6359.6201171875,6310.2099609375,6359.6201171875,76600,6357.9853515625,"Philippines","PSEI.PS"
2014-03-31,6374.14990234375,6428.7099609375,6374.14990234375,6428.7099609375,102900,6427.05712890625,"Philippines","PSEI.PS"
2014-04-01,6429.56005859375,6514.72021484375,6423.89990234375,6514.72021484375,115300,6513.04541015625,"Philippines","PSEI.PS"
2014-04-02,6515.72021484375,6602.81982421875,6515.72021484375,6587.72021484375,163400,6586.02685546875,"Philippines","PSEI.PS"
2014-04-03,6590.080078125,6618.52978515625,6551.72998046875,6587.080078125,101600,6585.38671875,"Philippines","PSEI.PS"
2014-04-04,6607.06005859375,6626.009765625,6561.2001953125,6561.2001953125,155500,6559.513671875,"Philippines","PSEI.PS"
2014-04-07,6562.39013671875,6617.2900390625,6558.14990234375,6614.39990234375,72700,6612.69970703125,"Philippines","PSEI.PS"
2014-04-08,6614.81005859375,6614.81005859375,6573.9501953125,6587.490234375,74300,6585.796875,"Philippines","PSEI.PS"
2014-04-10,6615.9501953125,6652.759765625,6615.9501953125,6638.89013671875,170000,6637.18359375,"Philippines","PSEI.PS"
2014-04-11,6635.490234375,6635.490234375,6570.60009765625,6596.9599609375,74700,6595.26416015625,"Philippines","PSEI.PS"
2014-04-14,6597.509765625,6600.8798828125,6572.52001953125,6589.5498046875,37800,6587.85595703125,"Philippines","PSEI.PS"
2014-04-15,6593.1201171875,6629.7001953125,6593.1201171875,6621.66015625,63700,6619.9580078125,"Philippines","PSEI.PS"
2014-04-16,6627.490234375,6675.56982421875,6627.43994140625,6671.18017578125,75900,6669.46533203125,"Philippines","PSEI.PS"
2014-04-21,6699.580078125,6768.8701171875,6699.580078125,6767.509765625,103100,6765.77001953125,"Philippines","PSEI.PS"
2014-04-22,6784.47998046875,6815.259765625,6781.27978515625,6784.9501953125,160700,6783.2060546875,"Philippines","PSEI.PS"
2014-04-23,6795.9501953125,6798.5400390625,6766.2099609375,6769.52001953125,84200,6767.77978515625,"Philippines","PSEI.PS"
2014-04-24,6766.43017578125,6767,6725.830078125,6731.330078125,54600,6729.599609375,"Philippines","PSEI.PS"
2014-04-25,6730.41015625,6733.14990234375,6685.10009765625,6685.10009765625,46100,6683.38134765625,"Philippines","PSEI.PS"
2014-04-28,6692.22021484375,6692.22021484375,6604.35009765625,6604.35009765625,75700,6602.65234375,"Philippines","PSEI.PS"
2014-04-29,6608.97021484375,6666.169921875,6608.97021484375,6636.4501953125,59500,6634.744140625,"Philippines","PSEI.PS"
2014-04-30,6652.02978515625,6710.0498046875,6652.02978515625,6707.91015625,70800,6706.185546875,"Philippines","PSEI.PS"
2014-05-02,6707.91015625,6752.1201171875,6707.91015625,6742.97021484375,62400,6741.23681640625,"Philippines","PSEI.PS"
2014-05-05,6738.27001953125,6772.89013671875,6723,6766.4599609375,22000,6764.720703125,"Philippines","PSEI.PS"
2014-05-06,6767.330078125,6771.85009765625,6749.77001953125,6765.93017578125,32400,6764.19091796875,"Philippines","PSEI.PS"
2014-05-07,6765.18017578125,6765.419921875,6742.68994140625,6748.509765625,59900,6746.77490234375,"Philippines","PSEI.PS"
2014-05-08,6750.990234375,6789.47021484375,6750.990234375,6765.2099609375,66600,6763.470703125,"Philippines","PSEI.PS"
2014-05-09,6766.81982421875,6853.830078125,6766.81982421875,6847.259765625,114700,6845.49951171875,"Philippines","PSEI.PS"
2014-05-12,6835.27978515625,6842.7001953125,6801.8798828125,6811.33984375,61700,6809.5888671875,"Philippines","PSEI.PS"
2014-05-13,6811.89990234375,6872.02978515625,6811.89990234375,6852.81005859375,75900,6851.04833984375,"Philippines","PSEI.PS"
2014-05-14,6869.25,6906.6298828125,6869.25,6880.43994140625,118300,6878.67138671875,"Philippines","PSEI.PS"
2014-05-15,6879.6298828125,6895.9599609375,6842.419921875,6849.330078125,139700,6847.5693359375,"Philippines","PSEI.PS"
2014-05-16,6849.85986328125,6849.85986328125,6787.669921875,6817.7099609375,138100,6815.95751953125,"Philippines","PSEI.PS"
2014-05-19,6818.16015625,6878.509765625,6818.16015625,6870.89990234375,123700,6869.1337890625,"Philippines","PSEI.PS"
2014-05-20,6878.93994140625,6908.58984375,6874.60009765625,6882.72998046875,106700,6880.96044921875,"Philippines","PSEI.PS"
2014-05-21,6885.8798828125,6885.8798828125,6759.490234375,6762.3798828125,75500,6760.6416015625,"Philippines","PSEI.PS"
2014-05-22,6769.25,6833.740234375,6769.25,6830.580078125,72900,6828.82421875,"Philippines","PSEI.PS"
2014-05-23,6830.580078125,6843.14013671875,6771.16015625,6811.330078125,83700,6809.5791015625,"Philippines","PSEI.PS"
2014-05-26,6811.58984375,6819.8798828125,6774.14990234375,6790.419921875,77200,6788.67431640625,"Philippines","PSEI.PS"
2014-05-27,6784.06005859375,6786.259765625,6770.89990234375,6780.259765625,51000,6778.5166015625,"Philippines","PSEI.PS"
2014-05-28,6780.259765625,6808.43017578125,6780.259765625,6787.8798828125,88600,6786.134765625,"Philippines","PSEI.PS"
2014-05-29,6797.18994140625,6811.06005859375,6676.669921875,6676.669921875,87700,6674.95361328125,"Philippines","PSEI.PS"
2014-05-30,6694.1298828125,6708.419921875,6647.64990234375,6647.64990234375,90900,6645.94091796875,"Philippines","PSEI.PS"
2014-06-02,6647.919921875,6715.27001953125,6647.919921875,6710.39990234375,55200,6708.6748046875,"Philippines","PSEI.PS"
2014-06-03,6710.740234375,6802.22998046875,6710.740234375,6800.83984375,83200,6799.09130859375,"Philippines","PSEI.PS"
2014-06-04,6801.43017578125,6836.16015625,6766.56982421875,6766.56982421875,66900,6764.830078125,"Philippines","PSEI.PS"
2014-06-05,6764.41015625,6772.43994140625,6743.81982421875,6772.43994140625,129100,6770.69873046875,"Philippines","PSEI.PS"
2014-06-06,6773.1201171875,6792.08984375,6760.5400390625,6762.6201171875,74300,6760.8818359375,"Philippines","PSEI.PS"
2014-06-09,6778.97021484375,6809.10986328125,6775.66015625,6802.72998046875,111000,6800.98095703125,"Philippines","PSEI.PS"
2014-06-10,6808.740234375,6813.2900390625,6761.669921875,6777.97998046875,66900,6776.2373046875,"Philippines","PSEI.PS"
2014-06-11,6778.8798828125,6832.81005859375,6778.8798828125,6809.18017578125,75200,6807.4296875,"Philippines","PSEI.PS"
2014-06-13,6807.580078125,6809.08984375,6773.169921875,6784.9501953125,75500,6783.2060546875,"Philippines","PSEI.PS"
2014-06-16,6782.97998046875,6800.06005859375,6758.4501953125,6758.4501953125,46800,6756.712890625,"Philippines","PSEI.PS"
2014-06-17,6758.4501953125,6758.4501953125,6691.22021484375,6704.93017578125,57600,6703.20654296875,"Philippines","PSEI.PS"
2014-06-18,6704.93017578125,6704.93017578125,6635.5498046875,6703.1298828125,93200,6701.40673828125,"Philippines","PSEI.PS"
2014-06-19,6730.0498046875,6733.740234375,6657.22021484375,6699.39013671875,75900,6697.66796875,"Philippines","PSEI.PS"
2014-06-20,6702.080078125,6743.81005859375,6702.080078125,6730.9599609375,90300,6729.2294921875,"Philippines","PSEI.PS"
2014-06-23,6730.9599609375,6784.14013671875,6730.9599609375,6761.990234375,68300,6760.251953125,"Philippines","PSEI.PS"
2014-06-24,6761.990234375,6793.259765625,6761.990234375,6793.06982421875,56300,6791.32373046875,"Philippines","PSEI.PS"
2014-06-25,6793.08984375,6854.58984375,6793.08984375,6834.68017578125,70700,6832.92333984375,"Philippines","PSEI.PS"
2014-06-26,6840.02001953125,6892.18017578125,6839.02001953125,6892.18017578125,94500,6890.408203125,"Philippines","PSEI.PS"
2014-06-27,6894.169921875,6900.830078125,6826.5400390625,6842.14990234375,63500,6840.39111328125,"Philippines","PSEI.PS"
2014-06-30,6846.41015625,6873.85009765625,6841.91015625,6844.31005859375,39700,6842.55078125,"Philippines","PSEI.PS"
2014-07-01,6858.009765625,6862.89990234375,6819.75,6826.60986328125,33100,6824.85498046875,"Philippines","PSEI.PS"
2014-07-02,6822.740234375,6854.47021484375,6822.740234375,6850.60009765625,51100,6848.8388671875,"Philippines","PSEI.PS"
2014-07-03,6870.1201171875,6907.31982421875,6868.66015625,6899.31005859375,46900,6897.53662109375,"Philippines","PSEI.PS"
2014-07-04,6899.3798828125,6966.7099609375,6899.3798828125,6962.27978515625,115900,6960.48974609375,"Philippines","PSEI.PS"
2014-07-07,6962.77978515625,7016.7099609375,6962.77978515625,6999.10009765625,102100,6997.30078125,"Philippines","PSEI.PS"
2014-07-08,6999.35009765625,6999.35009765625,6941.18994140625,6948.52001953125,69800,6946.73388671875,"Philippines","PSEI.PS"
2014-07-09,6951.6201171875,6951.6201171875,6880.47998046875,6903.7900390625,46600,6902.01513671875,"Philippines","PSEI.PS"
2014-07-10,6903.990234375,6937.2099609375,6903.990234375,6937.2099609375,88100,6935.4267578125,"Philippines","PSEI.PS"
2014-07-11,6937.35986328125,6937.35986328125,6885.9599609375,6901.08984375,52900,6899.31591796875,"Philippines","PSEI.PS"
2014-07-14,6890.35009765625,6890.35009765625,6826.4599609375,6830.3701171875,52600,6828.6142578125,"Philippines","PSEI.PS"
2014-07-15,6836.33984375,6836.33984375,6816.89990234375,6834.0400390625,58300,6832.283203125,"Philippines","PSEI.PS"
2014-07-16,NA,NA,NA,NA,NA,NA,"Philippines","PSEI.PS"
2014-07-17,6837.43017578125,6869.39990234375,6837.43017578125,6867.35986328125,59200,6865.59423828125,"Philippines","PSEI.PS"
2014-07-18,6865.8701171875,6865.8701171875,6825.3701171875,6853.06982421875,36700,6851.30810546875,"Philippines","PSEI.PS"
2014-07-21,6853.2001953125,6876.5,6853.2001953125,6874.8798828125,45600,6873.1123046875,"Philippines","PSEI.PS"
2014-07-22,6872.8798828125,6875.990234375,6855.39990234375,6869.93994140625,62100,6868.173828125,"Philippines","PSEI.PS"
2014-07-23,6871.18017578125,6904.91015625,6871.18017578125,6892.919921875,56200,6891.14794921875,"Philippines","PSEI.PS"
2014-07-24,6893.08984375,6903.16015625,6883.759765625,6889.89013671875,76500,6888.119140625,"Philippines","PSEI.PS"
2014-07-25,6889.89013671875,6893.18017578125,6871.7099609375,6889.5498046875,68700,6887.77880859375,"Philippines","PSEI.PS"
2014-07-28,6889.02978515625,6902.89013671875,6849.52978515625,6850.47021484375,74000,6848.708984375,"Philippines","PSEI.PS"
2014-07-29,NA,NA,NA,NA,NA,NA,"Philippines","PSEI.PS"
2014-07-30,6867.97021484375,6903.18017578125,6855.169921875,6867.58984375,81500,6865.82421875,"Philippines","PSEI.PS"
2014-07-31,6868.35986328125,6881.2001953125,6859.39990234375,6864.81982421875,83600,6863.05517578125,"Philippines","PSEI.PS"
2014-08-01,6863.97998046875,6894.22998046875,6800.16015625,6894.22998046875,68900,6892.45751953125,"Philippines","PSEI.PS"
2014-08-04,6873.47021484375,7005.7099609375,6873.47021484375,6998.3701171875,121300,6996.57080078125,"Philippines","PSEI.PS"
2014-08-05,6998.580078125,7000.35986328125,6958.490234375,6974,76800,6972.20703125,"Philippines","PSEI.PS"
2014-08-06,6971.58984375,6980.1201171875,6939.35986328125,6948.97021484375,36200,6947.18359375,"Philippines","PSEI.PS"
2014-08-07,6944.7001953125,6978.77001953125,6943.509765625,6955.2099609375,78200,6953.421875,"Philippines","PSEI.PS"
2014-08-08,6954.89990234375,6954.89990234375,6866.8701171875,6880.33984375,54200,6878.5712890625,"Philippines","PSEI.PS"
2014-08-11,6880.2099609375,6958.64990234375,6879.52001953125,6956.66015625,131500,6954.87158203125,"Philippines","PSEI.PS"
2014-08-12,6957.39013671875,6998.22021484375,6957.39013671875,6983.490234375,70000,6981.69482421875,"Philippines","PSEI.PS"
2014-08-13,6983.490234375,6991.81982421875,6968.18994140625,6986.240234375,69000,6984.4443359375,"Philippines","PSEI.PS"
2014-08-14,7057.2099609375,7093.06005859375,7053.1201171875,7061,108900,7059.1845703125,"Philippines","PSEI.PS"
2014-08-15,7061.27001953125,7066.52001953125,7002.47998046875,7008.509765625,79400,7006.7080078125,"Philippines","PSEI.PS"
2014-08-18,7008.81005859375,7044.509765625,7008.81005859375,7027.580078125,79500,7025.7734375,"Philippines","PSEI.PS"
2014-08-19,7045.169921875,7086.31005859375,7039.759765625,7082.75,122300,7080.92919921875,"Philippines","PSEI.PS"
2014-08-20,7086.7998046875,7130.97998046875,7086.7998046875,7096.490234375,127600,7094.666015625,"Philippines","PSEI.PS"
2014-08-22,7101.7099609375,7141.169921875,7101.7099609375,7133.08984375,117800,7131.25634765625,"Philippines","PSEI.PS"
2014-08-26,7133.08984375,7155.64013671875,7125.18017578125,7146.35009765625,96500,7144.51318359375,"Philippines","PSEI.PS"
2014-08-27,7153.77001953125,7176.22998046875,7145.35986328125,7160.4599609375,79100,7158.619140625,"Philippines","PSEI.PS"
2014-08-28,7160.4599609375,7165.8798828125,7096.16015625,7100.7001953125,74100,7098.875,"Philippines","PSEI.PS"
2014-08-29,7107.89013671875,7120.60986328125,7027.41015625,7050.89013671875,1e+05,7049.07763671875,"Philippines","PSEI.PS"
2014-09-01,7050.72021484375,7096.759765625,7050.72021484375,7083.490234375,69500,7081.66943359375,"Philippines","PSEI.PS"
2014-09-02,7084.16015625,7120.77001953125,7084.16015625,7106.56005859375,86400,7104.73291015625,"Philippines","PSEI.PS"
2014-09-03,7107.06982421875,7216.41015625,7107.06982421875,7206.02001953125,118000,7204.16748046875,"Philippines","PSEI.PS"
2014-09-04,7207.4599609375,7220.509765625,7196.2998046875,7204.10986328125,101200,7202.2578125,"Philippines","PSEI.PS"
2014-09-05,7206.66015625,7264.8701171875,7206.66015625,7263.580078125,100300,7261.712890625,"Philippines","PSEI.PS"
2014-09-08,7263.47998046875,7333.14013671875,7263.47998046875,7314.93994140625,73200,7313.0595703125,"Philippines","PSEI.PS"
2014-09-09,7314.31982421875,7314.31982421875,7251.2099609375,7253.669921875,48500,7251.80517578125,"Philippines","PSEI.PS"
2014-09-10,7248.7900390625,7254.64990234375,7198.080078125,7212.77978515625,45000,7210.92578125,"Philippines","PSEI.PS"
2014-09-11,7218.43017578125,7251.97021484375,7202.06005859375,7202.06005859375,53400,7200.20849609375,"Philippines","PSEI.PS"
2014-09-12,7204.06982421875,7214.9599609375,7190.77978515625,7201.8798828125,51900,7200.0283203125,"Philippines","PSEI.PS"
2014-09-15,7201.8798828125,7221.490234375,7157.60009765625,7161.27001953125,72000,7159.42919921875,"Philippines","PSEI.PS"
2014-09-16,7161.18017578125,7183.5400390625,7156.83984375,7180.33984375,53300,7178.494140625,"Philippines","PSEI.PS"
2014-09-17,7182.83984375,7250.10986328125,7182.83984375,7231.83984375,50100,7229.98095703125,"Philippines","PSEI.PS"
2014-09-18,7231.60986328125,7290.5498046875,7231.60986328125,7287.2900390625,57700,7285.41650390625,"Philippines","PSEI.PS"
2014-09-19,NA,NA,NA,NA,NA,NA,"Philippines","PSEI.PS"
2014-09-22,7288.2099609375,7304.4599609375,7241.16015625,7279.85986328125,97200,7277.98828125,"Philippines","PSEI.PS"
2014-09-23,7279.93017578125,7283.97021484375,7229.43017578125,7271.6201171875,86400,7269.7509765625,"Philippines","PSEI.PS"
2014-09-24,7270.919921875,7372.39013671875,7270.919921875,7355.2900390625,260400,7353.3994140625,"Philippines","PSEI.PS"
2014-09-25,7356.990234375,7413.6201171875,7294.2099609375,7294.2099609375,156100,7292.3349609375,"Philippines","PSEI.PS"
2014-09-26,7287.14990234375,7287.14990234375,7223.39990234375,7261.2998046875,90900,7259.43310546875,"Philippines","PSEI.PS"
2014-09-29,7261.47021484375,7298.5,7244.4501953125,7265.35986328125,69800,7263.4921875,"Philippines","PSEI.PS"
2014-09-30,7265.52001953125,7312.509765625,7265.52001953125,7283.06982421875,134000,7281.19775390625,"Philippines","PSEI.PS"
2014-10-01,7260.759765625,7283.58984375,7224.3798828125,7268.06005859375,69100,7266.19140625,"Philippines","PSEI.PS"
2014-10-02,7254.1298828125,7254.1298828125,7167.330078125,7196.259765625,84800,7194.40966796875,"Philippines","PSEI.PS"
2014-10-03,7192.740234375,7250.669921875,7191.18017578125,7247.02978515625,79700,7245.1669921875,"Philippines","PSEI.PS"
2014-10-06,NA,NA,NA,NA,NA,NA,"Philippines","PSEI.PS"
2014-10-07,7227.1201171875,7240.35009765625,7208.0400390625,7239.3798828125,66000,7237.51904296875,"Philippines","PSEI.PS"
2014-10-08,7201.5400390625,7204.14990234375,7153.4501953125,7185.68017578125,95400,7183.8330078125,"Philippines","PSEI.PS"
2014-10-09,7191.4599609375,7235.77001953125,7191.4599609375,7201.89013671875,73500,7200.03857421875,"Philippines","PSEI.PS"
2014-10-10,7200.490234375,7200.490234375,7117.3701171875,7167.35009765625,80600,7165.50732421875,"Philippines","PSEI.PS"
2014-10-13,7160.990234375,7160.990234375,6957.10986328125,6968.08984375,105200,6966.29833984375,"Philippines","PSEI.PS"
2014-10-14,6967.2099609375,6990.7900390625,6896.47021484375,6946.06005859375,123300,6944.2744140625,"Philippines","PSEI.PS"
2014-10-15,6951.18017578125,7025.81982421875,6951.18017578125,6991.18994140625,71000,6989.392578125,"Philippines","PSEI.PS"
2014-10-16,6989.58984375,7048.509765625,6946.66015625,7028.580078125,86600,7026.7734375,"Philippines","PSEI.PS"
2014-10-17,7049.759765625,7075.35009765625,7003.22021484375,7003.22021484375,48600,7001.419921875,"Philippines","PSEI.PS"
2014-10-20,7005.33984375,7069.83984375,7005.33984375,7057.52978515625,76200,7055.71533203125,"Philippines","PSEI.PS"
2014-10-21,7057.52978515625,7089.7099609375,7057.52978515625,7068.02978515625,70300,7066.212890625,"Philippines","PSEI.PS"
2014-10-22,7101.31982421875,7154.22021484375,7093.89013671875,7154.22021484375,66600,7152.380859375,"Philippines","PSEI.PS"
2014-10-23,7140.0400390625,7140.43017578125,7096.7998046875,7116.1298828125,83900,7114.30029296875,"Philippines","PSEI.PS"
2014-10-24,7142.669921875,7150.02001953125,7100.97998046875,7103.5498046875,58200,7101.7236328125,"Philippines","PSEI.PS"
2014-10-27,7103.2900390625,7123.0498046875,7080.5498046875,7103.5400390625,31300,7101.7138671875,"Philippines","PSEI.PS"
2014-10-28,7110.85009765625,7110.85009765625,7066.740234375,7066.740234375,36500,7064.92333984375,"Philippines","PSEI.PS"
2014-10-29,7068.35009765625,7111.1298828125,7068.35009765625,7093.31005859375,57100,7091.486328125,"Philippines","PSEI.PS"
2014-10-30,7096.509765625,7170.990234375,7083.9599609375,7170.990234375,47000,7169.14697265625,"Philippines","PSEI.PS"
2014-10-31,7180.39013671875,7215.72998046875,7167.16015625,7215.72998046875,94600,7213.875,"Philippines","PSEI.PS"
2014-11-03,7213.0498046875,7312.85009765625,7213.0498046875,7312.85009765625,61600,7310.97021484375,"Philippines","PSEI.PS"
2014-11-04,7330.72998046875,7342,7222.009765625,7222.009765625,41200,7220.1533203125,"Philippines","PSEI.PS"
2014-11-05,7225.47998046875,7225.47998046875,7176.1298828125,7208.81005859375,50400,7206.95703125,"Philippines","PSEI.PS"
2014-11-06,7209.41015625,7256.41015625,7188.35986328125,7236.6298828125,70200,7234.76953125,"Philippines","PSEI.PS"
2014-11-07,7221.330078125,7229.75,7205.72021484375,7205.72021484375,89300,7203.86767578125,"Philippines","PSEI.PS"
2014-11-10,7223.77978515625,7234.60009765625,7192.1201171875,7192.1201171875,32800,7190.27099609375,"Philippines","PSEI.PS"
2014-11-11,7194.5400390625,7218.66015625,7192.830078125,7204.5498046875,73400,7202.69775390625,"Philippines","PSEI.PS"
2014-11-12,7204.68994140625,7256.31982421875,7204.68994140625,7232.8701171875,91400,7231.0107421875,"Philippines","PSEI.PS"
2014-11-13,7232.68994140625,7268.3798828125,7198.6298828125,7198.6298828125,49100,7196.779296875,"Philippines","PSEI.PS"
2014-11-14,7200.7900390625,7221.330078125,7195.56005859375,7217.33984375,54300,7215.484375,"Philippines","PSEI.PS"
2014-11-17,7218.39013671875,7244.080078125,7218.39013671875,7229.72021484375,38000,7227.86181640625,"Philippines","PSEI.PS"
2014-11-18,7229.5498046875,7275.66015625,7224.14990234375,7275.66015625,82400,7273.78955078125,"Philippines","PSEI.PS"
2014-11-19,7297.1201171875,7299.18994140625,7261.66015625,7269.490234375,125400,7267.62158203125,"Philippines","PSEI.PS"
2014-11-20,7246.31005859375,7268.9501953125,7226.7001953125,7268.9501953125,48600,7267.08154296875,"Philippines","PSEI.PS"
2014-11-21,7273.5,7276.18017578125,7243.22998046875,7276.18017578125,70900,7274.3095703125,"Philippines","PSEI.PS"
2014-11-24,7277.330078125,7343.7998046875,7277.330078125,7325.1298828125,67300,7323.24658203125,"Philippines","PSEI.PS"
2014-11-25,7325.97998046875,7339.43017578125,7286.85009765625,7286.85009765625,38200,7284.97705078125,"Philippines","PSEI.PS"
2014-11-26,7327.31005859375,7372.56982421875,7323.60009765625,7356.58984375,85100,7354.69873046875,"Philippines","PSEI.PS"
2014-11-27,7358.419921875,7369.240234375,7265.33984375,7265.33984375,0,7263.47216796875,"Philippines","PSEI.PS"
2014-11-28,7266.93017578125,7309.97021484375,7263.52001953125,7294.3798828125,58600,7292.5048828125,"Philippines","PSEI.PS"
2014-12-01,7297.1298828125,7334.68994140625,7293.72021484375,7331.72998046875,0,7329.84521484375,"Philippines","PSEI.PS"
2014-12-02,7333.47998046875,7357.2900390625,7323.47998046875,7344.22998046875,74400,7342.341796875,"Philippines","PSEI.PS"
2014-12-03,7344.080078125,7372.16015625,7344.080078125,7360.75,62300,7358.85791015625,"Philippines","PSEI.PS"
2014-12-04,7354.39990234375,7354.39990234375,7299.85009765625,7299.85009765625,82900,7297.9736328125,"Philippines","PSEI.PS"
2014-12-05,7299.52978515625,7299.52978515625,7178.4501953125,7230.56005859375,105100,7228.701171875,"Philippines","PSEI.PS"
2014-12-08,NA,NA,NA,NA,NA,NA,"Philippines","PSEI.PS"
2014-12-09,7238.35986328125,7239.5400390625,7176.22998046875,7183.8701171875,69900,7182.0234375,"Philippines","PSEI.PS"
2014-12-10,7177.39013671875,7177.39013671875,7133.68994140625,7175.080078125,0,7173.2353515625,"Philippines","PSEI.PS"
2014-12-11,7120.580078125,7120.580078125,7029.68994140625,7072.10009765625,96400,7070.2822265625,"Philippines","PSEI.PS"
2014-12-12,7080.39013671875,7224.2099609375,7080.39013671875,7224.2099609375,99000,7222.35302734375,"Philippines","PSEI.PS"
2014-12-15,7209.93017578125,7275.6201171875,7077.58984375,7275.6201171875,67100,7273.74951171875,"Philippines","PSEI.PS"
2014-12-16,7274.52001953125,7274.52001953125,7160.3798828125,7160.3798828125,113300,7158.5390625,"Philippines","PSEI.PS"
2014-12-17,7159.0498046875,7169.27001953125,6966.2099609375,6966.2099609375,99800,6964.4189453125,"Philippines","PSEI.PS"
2014-12-18,6986.83984375,7077.25,6882.18017578125,7029.27978515625,101300,7027.47265625,"Philippines","PSEI.PS"
2014-12-19,7093.10986328125,7158.509765625,7093.10986328125,7125.6298828125,120800,7123.7978515625,"Philippines","PSEI.PS"
2014-12-22,7130.72998046875,7161.7998046875,7128.47998046875,7139.27001953125,44800,7137.4345703125,"Philippines","PSEI.PS"
2014-12-23,7138.25,7186.31982421875,7138.25,7186.31982421875,38400,7184.47216796875,"Philippines","PSEI.PS"
2014-12-29,7190.4599609375,7247.72998046875,7190.4599609375,7230.56982421875,54300,7228.7109375,"Philippines","PSEI.PS"
2015-01-05,7282.93994140625,7292.7998046875,7266.81005859375,7276.6298828125,59400,7274.75927734375,"Philippines","PSEI.PS"
2015-01-06,7262.39013671875,7279.919921875,7224.39990234375,7277.740234375,144500,7275.869140625,"Philippines","PSEI.PS"
2015-01-07,7268.91015625,7341.7001953125,7268.91015625,7309.7001953125,160200,7307.8212890625,"Philippines","PSEI.PS"
2015-01-08,7304.759765625,7373.66015625,7294.6201171875,7367.6298828125,93600,7365.73583984375,"Philippines","PSEI.PS"
2015-01-09,7367.7001953125,7446.66015625,7367.7001953125,7402.72021484375,83400,7400.8173828125,"Philippines","PSEI.PS"
2015-01-12,7371.2900390625,7382.64990234375,7348.89013671875,7358.35986328125,79200,7356.46826171875,"Philippines","PSEI.PS"
2015-01-13,7358.52978515625,7428.919921875,7358.52978515625,7399,63200,7397.09814453125,"Philippines","PSEI.PS"
2015-01-14,7412.89990234375,7530.41015625,7412.89990234375,7490.8798828125,128400,7488.9541015625,"Philippines","PSEI.PS"
2015-01-15,NA,NA,NA,NA,NA,NA,"Philippines","PSEI.PS"
2015-01-16,NA,NA,NA,NA,NA,NA,"Philippines","PSEI.PS"
2015-01-19,7494.7001953125,7502.0498046875,7454.43017578125,7485.31982421875,0,7483.3955078125,"Philippines","PSEI.PS"
2015-01-20,7487.4501953125,7508.77001953125,7447,7452.81005859375,0,7450.89404296875,"Philippines","PSEI.PS"
2015-01-21,7467.06005859375,7531.93994140625,7451.33984375,7474.10009765625,0,7472.1787109375,"Philippines","PSEI.PS"
2015-01-22,7475.08984375,7475.08984375,7400.02978515625,7416.31005859375,270600,7414.4033203125,"Philippines","PSEI.PS"
2015-01-23,7469.10009765625,7548.93017578125,7469.10009765625,7548.93017578125,107900,7546.98974609375,"Philippines","PSEI.PS"
2015-01-26,7548.93017578125,7586.669921875,7525.27001953125,7586.669921875,269000,7584.7197265625,"Philippines","PSEI.PS"
2015-01-27,7586.669921875,7631.85009765625,7582.259765625,7630.56982421875,271300,7628.6083984375,"Philippines","PSEI.PS"
2015-01-28,7630.56982421875,7661.18017578125,7623.72021484375,7661.18017578125,264900,7659.21044921875,"Philippines","PSEI.PS"
2015-01-29,7658.27978515625,7736.97021484375,7617.2998046875,7617.2998046875,361400,7615.341796875,"Philippines","PSEI.PS"
2015-01-30,7645.52001953125,7689.91015625,7645.52001953125,7689.91015625,46800,7687.93310546875,"Philippines","PSEI.PS"
2015-02-02,7689.91015625,7715.2900390625,7590.7099609375,7630.7099609375,17200,7628.74853515625,"Philippines","PSEI.PS"
2015-02-03,7631.18994140625,7631.18994140625,7582.0400390625,7613.14990234375,19500,7611.19287109375,"Philippines","PSEI.PS"
2015-02-04,7665.169921875,7738.1201171875,7665.169921875,7716.06005859375,0,7714.07666015625,"Philippines","PSEI.PS"
2015-02-05,7709.91015625,7709.91015625,7653.35986328125,7674.240234375,246000,7672.267578125,"Philippines","PSEI.PS"
2015-02-06,7669.830078125,7728.18017578125,7669.830078125,7728.18017578125,95700,7726.193359375,"Philippines","PSEI.PS"
2015-02-09,7728.39013671875,7786.77978515625,7728.39013671875,7782.56982421875,259800,7780.5693359375,"Philippines","PSEI.PS"
2015-02-10,7782.77001953125,7807.7099609375,7723.14013671875,7723.14013671875,321200,7721.15478515625,"Philippines","PSEI.PS"
2015-02-11,7727.6201171875,7758.4599609375,7686.27978515625,7686.43017578125,246900,7684.4541015625,"Philippines","PSEI.PS"
2015-02-12,7688.22998046875,7717.919921875,7688.22998046875,7714.5498046875,291800,7712.56640625,"Philippines","PSEI.PS"
2015-02-13,7714.58984375,7777.990234375,7714.58984375,7773.4501953125,218100,7771.45166015625,"Philippines","PSEI.PS"
2015-02-16,7773.4501953125,7801.02001953125,7773.4501953125,7784.64990234375,177200,7782.6484375,"Philippines","PSEI.PS"
2015-02-17,7785.4501953125,7795.419921875,7777.75,7793.39990234375,184600,7791.396484375,"Philippines","PSEI.PS"
2015-02-18,7794.77978515625,7840.39013671875,7788.330078125,7803.4501953125,226700,7801.4443359375,"Philippines","PSEI.PS"
2015-02-20,7814.39990234375,7825.39013671875,7806.81982421875,7825.39013671875,136600,7823.37841796875,"Philippines","PSEI.PS"
2015-02-23,7826.89013671875,7854.7998046875,7814.72998046875,7826.06982421875,201800,7824.05810546875,"Philippines","PSEI.PS"
2015-02-24,7835.5400390625,7848.6298828125,7827.60009765625,7834.85986328125,178700,7832.845703125,"Philippines","PSEI.PS"
2015-02-25,7853.169921875,7862.91015625,7816.72021484375,7844.06005859375,209400,7842.04345703125,"Philippines","PSEI.PS"
2015-02-26,7843.33984375,7843.33984375,7756.5400390625,7764.39013671875,250600,7762.39404296875,"Philippines","PSEI.PS"
2015-02-27,7773.25,7797.56005859375,7671.6298828125,7730.56982421875,386400,7728.58251953125,"Philippines","PSEI.PS"
2015-03-02,7730.56982421875,7773.919921875,7701.72998046875,7773.919921875,243800,7771.92138671875,"Philippines","PSEI.PS"
2015-03-03,7781.16015625,7809.52001953125,7776.509765625,7776.509765625,229500,7774.5107421875,"Philippines","PSEI.PS"
2015-03-04,7785.27978515625,7853.5400390625,7781,7847.830078125,173900,7845.8125,"Philippines","PSEI.PS"
2015-03-05,7847.5498046875,7847.669921875,7819.0400390625,7819.0400390625,280300,7817.02978515625,"Philippines","PSEI.PS"
2015-03-06,7822.35009765625,7861.330078125,7822.35009765625,7861.330078125,312500,7859.30908203125,"Philippines","PSEI.PS"
2015-03-09,7862.64013671875,7862.64013671875,7764.85986328125,7820.2900390625,219000,7818.27978515625,"Philippines","PSEI.PS"
2015-03-10,7821.43017578125,7834.35009765625,7812.83984375,7828.47998046875,214500,7826.46728515625,"Philippines","PSEI.PS"
2015-03-11,7828.47998046875,7828.47998046875,7772.77978515625,7790.7001953125,226600,7788.697265625,"Philippines","PSEI.PS"
2015-03-12,7790.08984375,7839.81982421875,7764.85009765625,7839.81982421875,225300,7837.80419921875,"Philippines","PSEI.PS"
2015-03-13,7845.83984375,7860.330078125,7809.5400390625,7809.5400390625,222100,7807.5322265625,"Philippines","PSEI.PS"
2015-03-16,7792.72021484375,7804.60009765625,7727.3798828125,7730.9501953125,189000,7728.962890625,"Philippines","PSEI.PS"
2015-03-17,7730.3798828125,7789.10009765625,7730.3798828125,7789.10009765625,217000,7787.09765625,"Philippines","PSEI.PS"
2015-03-18,7788.10986328125,7793.47021484375,7744.25,7756.580078125,281200,7754.5859375,"Philippines","PSEI.PS"
2015-03-19,7756.990234375,7830.22998046875,7756.990234375,7814.5498046875,257000,7812.541015625,"Philippines","PSEI.PS"
2015-03-20,7800.990234375,7818.3798828125,7774.740234375,7818.3798828125,438700,7816.3701171875,"Philippines","PSEI.PS"
2015-03-23,7823.43994140625,7850.2001953125,7817.68994140625,7840.490234375,179000,7838.474609375,"Philippines","PSEI.PS"
2015-03-24,7842.35009765625,7844.93017578125,7798.39013671875,7828.93994140625,192700,7826.92724609375,"Philippines","PSEI.PS"
2015-03-25,7828.27001953125,7843.509765625,7814.02978515625,7836.33984375,184800,7834.3251953125,"Philippines","PSEI.PS"
2015-03-26,7839.669921875,7871.10009765625,7803.81005859375,7871.10009765625,187900,7869.07666015625,"Philippines","PSEI.PS"
2015-03-27,7871.3701171875,7889.25,7849.2001953125,7877.9599609375,171400,7875.9345703125,"Philippines","PSEI.PS"
2015-03-30,7935.47998046875,8007.97998046875,7899.41015625,7899.41015625,216600,7897.37939453125,"Philippines","PSEI.PS"
2015-03-31,7899.41015625,7983.31982421875,7899.41015625,7940.490234375,177600,7938.44873046875,"Philippines","PSEI.PS"
2015-04-01,7941.8798828125,7993.08984375,7931.3798828125,7993.08984375,126300,7991.03515625,"Philippines","PSEI.PS"
2015-04-06,8009.4501953125,8062.7900390625,8006.7998046875,8053.740234375,150700,8051.669921875,"Philippines","PSEI.PS"
2015-04-07,8054.9501953125,8136.97021484375,8054.9501953125,8098.68017578125,170600,8096.59814453125,"Philippines","PSEI.PS"
2015-04-08,8098.68017578125,8098.68017578125,8026.81005859375,8052.68994140625,233700,8050.61962890625,"Philippines","PSEI.PS"
2015-04-10,8033.27001953125,8134.3798828125,8032.68994140625,8127.47998046875,257700,8125.390625,"Philippines","PSEI.PS"
2015-04-13,8129.8798828125,8130.47021484375,8052.22998046875,8073.25,158300,8071.1748046875,"Philippines","PSEI.PS"
2015-04-14,8080.75,8095.97998046875,8041.31982421875,8056.490234375,233600,8054.4189453125,"Philippines","PSEI.PS"
2015-04-15,8057.27978515625,8066.41015625,7859.60009765625,7906.4599609375,376500,7904.42724609375,"Philippines","PSEI.PS"
2015-04-16,7907.7001953125,7948.2001953125,7826.7998046875,7948.2001953125,294900,7946.15673828125,"Philippines","PSEI.PS"
2015-04-17,7955.43017578125,7996.43994140625,7919.60986328125,7946.89013671875,182300,7944.84716796875,"Philippines","PSEI.PS"
2015-04-20,7936.25,7936.25,7776.7099609375,7865.27001953125,192200,7863.248046875,"Philippines","PSEI.PS"
2015-04-21,7866.31982421875,7917.919921875,7815.08984375,7846.93994140625,176400,7844.9228515625,"Philippines","PSEI.PS"
2015-04-22,7850.89990234375,7862.2001953125,7780.47021484375,7833.02978515625,216300,7831.01611328125,"Philippines","PSEI.PS"
2015-04-23,7835.419921875,7919.759765625,7835.419921875,7892.0498046875,243900,7890.02099609375,"Philippines","PSEI.PS"
2015-04-24,7893.60986328125,7947.25,7893.60986328125,7947.25,239200,7945.20703125,"Philippines","PSEI.PS"
2015-04-27,7956.31982421875,7964.52978515625,7937.72021484375,7958.06982421875,182500,7956.02392578125,"Philippines","PSEI.PS"
2015-04-28,7941.18017578125,7946.06005859375,7861.64013671875,7886.56982421875,166900,7884.54248046875,"Philippines","PSEI.PS"
2015-04-29,7886.81982421875,7886.81982421875,7788.6201171875,7825.47021484375,215900,7823.45849609375,"Philippines","PSEI.PS"
2015-04-30,7826.2998046875,7842.259765625,7693.91015625,7714.81982421875,323100,7712.83642578125,"Philippines","PSEI.PS"
2015-05-04,7713.419921875,7816.43994140625,7689.91015625,7816.43994140625,215800,7814.4306640625,"Philippines","PSEI.PS"
2015-05-05,7820.35986328125,7919.2099609375,7820.35986328125,7919.2099609375,187200,7917.17431640625,"Philippines","PSEI.PS"
2015-05-06,7918.64990234375,7918.64990234375,7844.31982421875,7873.64013671875,175000,7871.6162109375,"Philippines","PSEI.PS"
2015-05-07,7766.52001953125,7828.740234375,7734.7099609375,7816.27001953125,183200,7814.2607421875,"Philippines","PSEI.PS"
2015-05-08,7818.7900390625,7834.81005859375,7755.39990234375,7763.2099609375,114900,7761.21435546875,"Philippines","PSEI.PS"
2015-05-11,7762.85009765625,7791.7001953125,7744.7900390625,7777.89990234375,104100,7775.900390625,"Philippines","PSEI.PS"
2015-05-12,7777.89990234375,7802.2099609375,7715.27001953125,7794.5498046875,164000,7792.5458984375,"Philippines","PSEI.PS"
2015-05-13,7794.5498046875,7820.06005859375,7774.52978515625,7808.35009765625,118300,7806.3427734375,"Philippines","PSEI.PS"
2015-05-14,7808.830078125,7834.89990234375,7782.66015625,7831.43994140625,260000,7829.4267578125,"Philippines","PSEI.PS"
2015-05-15,7854.02978515625,7900.8798828125,7854.02978515625,7881.9501953125,164100,7879.923828125,"Philippines","PSEI.PS"
2015-05-18,7881.9501953125,7923.1298828125,7881.9501953125,7910.43017578125,138800,7908.396484375,"Philippines","PSEI.PS"
2015-05-19,7906.10986328125,7906.10986328125,7860.72021484375,7871.31005859375,167800,7869.28662109375,"Philippines","PSEI.PS"
2015-05-20,7873.6298828125,7900.97998046875,7863.919921875,7881.93017578125,168900,7879.90380859375,"Philippines","PSEI.PS"
2015-05-21,7881.93017578125,7894.2099609375,7829.06982421875,7835.3798828125,204500,7833.36572265625,"Philippines","PSEI.PS"
2015-05-22,7846.3798828125,7870.419921875,7788.02978515625,7810.169921875,193200,7808.162109375,"Philippines","PSEI.PS"
2015-05-25,7810.31005859375,7832.7099609375,7755.8798828125,7761.52978515625,137900,7759.53466796875,"Philippines","PSEI.PS"
2015-05-26,7755.68994140625,7755.68994140625,7661.89990234375,7728.5,264300,7726.51318359375,"Philippines","PSEI.PS"
2015-05-27,7725.240234375,7725.240234375,7574.490234375,7598.7001953125,303000,7596.74658203125,"Philippines","PSEI.PS"
2015-05-28,7601.4501953125,7612.97021484375,7468.580078125,7505.02978515625,303100,7503.1005859375,"Philippines","PSEI.PS"
2015-05-29,7503.4599609375,7677.2001953125,7499.9501953125,7580.4599609375,330100,7578.51123046875,"Philippines","PSEI.PS"
2015-06-01,7580.4599609375,7670.3701171875,7521.169921875,7670.3701171875,114000,7668.3984375,"Philippines","PSEI.PS"
2015-06-02,7587,7588.52978515625,7530.31982421875,7551.9599609375,128400,7550.0185546875,"Philippines","PSEI.PS"
2015-06-03,7550.47998046875,7561.669921875,7498.18017578125,7561.669921875,200900,7559.72607421875,"Philippines","PSEI.PS"
2015-06-04,7561.64990234375,7562.0400390625,7515.77001953125,7553.64990234375,137800,7551.7080078125,"Philippines","PSEI.PS"
2015-06-05,7547.2001953125,7551.83984375,7491.81982421875,7526.7001953125,178600,7524.76513671875,"Philippines","PSEI.PS"
2015-06-08,7522.240234375,7522.240234375,7466.14990234375,7484.89013671875,138200,7482.9658203125,"Philippines","PSEI.PS"
2015-06-09,7448.580078125,7455.7900390625,7272.35986328125,7323.43994140625,179400,7321.55712890625,"Philippines","PSEI.PS"
2015-06-10,7321.330078125,7384.27001953125,7321.330078125,7384.27001953125,130500,7382.37158203125,"Philippines","PSEI.PS"
2015-06-11,7384.77001953125,7503.72021484375,7384.77001953125,7503.72021484375,160800,7501.791015625,"Philippines","PSEI.PS"
2015-06-15,7505.97021484375,7513.22021484375,7456.16015625,7456.16015625,166600,7454.2431640625,"Philippines","PSEI.PS"
2015-06-16,7459.5,7507.85009765625,7453.68994140625,7505.47998046875,144700,7503.55029296875,"Philippines","PSEI.PS"
2015-06-17,7506.580078125,7539.6201171875,7455.68017578125,7536.31005859375,192900,7534.37255859375,"Philippines","PSEI.PS"
2015-06-18,7560.97998046875,7607.919921875,7558.52001953125,7606.85986328125,137700,7604.904296875,"Philippines","PSEI.PS"
2015-06-19,7607.22021484375,7660.14990234375,7598.56005859375,7601.169921875,220600,7599.2158203125,"Philippines","PSEI.PS"
2015-06-22,7611.2998046875,7615.56982421875,7546.6201171875,7609.14013671875,108300,7607.18408203125,"Philippines","PSEI.PS"
2015-06-23,7617.43994140625,7637.2998046875,7551.56005859375,7551.56005859375,124000,7549.61865234375,"Philippines","PSEI.PS"
2015-06-24,7561.97998046875,7643.330078125,7561.97998046875,7643.330078125,122500,7641.365234375,"Philippines","PSEI.PS"
2015-06-25,7633.47021484375,7633.47021484375,7565.740234375,7581.91015625,147700,7579.9609375,"Philippines","PSEI.PS"
2015-06-26,7622.33984375,7627.7998046875,7591.41015625,7622.0498046875,120400,7620.09033203125,"Philippines","PSEI.PS"
2015-06-29,7577.169921875,7577.39013671875,7500.5,7567.3798828125,99800,7565.4345703125,"Philippines","PSEI.PS"
2015-06-30,7517.66015625,7564.5,7496.43017578125,7564.5,174300,7562.55517578125,"Philippines","PSEI.PS"
2015-07-01,7509,7575.14990234375,7484.52001953125,7575.14990234375,106800,7573.20263671875,"Philippines","PSEI.PS"
2015-07-02,7572.9599609375,7630.89990234375,7569.169921875,7578.31005859375,141100,7576.36181640625,"Philippines","PSEI.PS"
2015-07-03,7578.93994140625,7599.47021484375,7535.2998046875,7535.2998046875,66700,7533.36279296875,"Philippines","PSEI.PS"
2015-07-06,7537.22998046875,7537.6201171875,7439.419921875,7455.14990234375,57400,7453.2333984375,"Philippines","PSEI.PS"
2015-07-07,7471.7099609375,7501.18017578125,7427.02978515625,7442.64990234375,84200,7440.73681640625,"Philippines","PSEI.PS"
2015-07-08,7427.990234375,7431.81005859375,7342.58984375,7363.43017578125,164900,7361.537109375,"Philippines","PSEI.PS"
2015-07-09,7318.9599609375,7378.43994140625,7239.02001953125,7377.68994140625,143400,7375.79345703125,"Philippines","PSEI.PS"
2015-07-10,7345.68017578125,7392.58984375,7323.08984375,7392.58984375,118600,7390.689453125,"Philippines","PSEI.PS"
2015-07-13,7393.64013671875,7496.330078125,7374.81982421875,7496.330078125,91600,7494.40283203125,"Philippines","PSEI.PS"
2015-07-14,7538.759765625,7538.759765625,7538.759765625,7538.759765625,0,7536.82177734375,"Philippines","PSEI.PS"
2015-07-15,7547.1201171875,7565.8701171875,7523.83984375,7559.0400390625,162100,7557.0966796875,"Philippines","PSEI.PS"
2015-07-16,7558.5400390625,7617.1298828125,7553.83984375,7617.1298828125,140300,7615.171875,"Philippines","PSEI.PS"
2015-07-17,NA,NA,NA,NA,NA,NA,"Philippines","PSEI.PS"
2015-07-20,7606.4501953125,7610.33984375,7535.7998046875,7541.169921875,84900,7539.2314453125,"Philippines","PSEI.PS"
2015-07-21,7536.7001953125,7627.9599609375,7536.7001953125,7627.9599609375,121600,7625.9990234375,"Philippines","PSEI.PS"
2015-07-22,7627.7998046875,7635.6201171875,7584.72021484375,7635.6201171875,114500,7633.6572265625,"Philippines","PSEI.PS"
2015-07-23,7573.10009765625,7658.93017578125,7573.10009765625,7653.22021484375,108600,7651.2529296875,"Philippines","PSEI.PS"
2015-07-24,7647.169921875,7665.52001953125,7618.60009765625,7665.52001953125,83700,7663.54931640625,"Philippines","PSEI.PS"
2015-07-27,7631.5400390625,7635.41015625,7547.43994140625,7547.43994140625,76500,7545.49951171875,"Philippines","PSEI.PS"
2015-07-28,7528.7900390625,7528.7900390625,7467.1298828125,7479.02978515625,120100,7477.10693359375,"Philippines","PSEI.PS"
2015-07-29,7482.77978515625,7526.83984375,7482.77978515625,7482.830078125,113200,7480.90625,"Philippines","PSEI.PS"
2015-07-30,7495.27978515625,7540.740234375,7495.27978515625,7510.39013671875,109300,7508.45947265625,"Philippines","PSEI.PS"
2015-07-31,7521.8701171875,7550,7497.330078125,7550,94200,7548.05908203125,"Philippines","PSEI.PS"
2015-08-03,7563.43994140625,7573.259765625,7534.740234375,7573.259765625,150900,7571.31298828125,"Philippines","PSEI.PS"
2015-08-04,7568.0400390625,7601.52978515625,7560.60986328125,7598.2900390625,193500,7596.3369140625,"Philippines","PSEI.PS"
2015-08-05,7605.4501953125,7697.330078125,7605.4501953125,7662.5498046875,144400,7660.580078125,"Philippines","PSEI.PS"
2015-08-06,7656.89990234375,7692.16015625,7584.47021484375,7589.9501953125,124500,7587.9990234375,"Philippines","PSEI.PS"
2015-08-07,7585.91015625,7585.91015625,7508.83984375,7532.52001953125,93500,7530.58349609375,"Philippines","PSEI.PS"
2015-08-10,7526.419921875,7568.9599609375,7526.419921875,7534.35009765625,93500,7532.4130859375,"Philippines","PSEI.PS"
2015-08-11,7523.33984375,7572.27001953125,7522.2001953125,7570.4501953125,95200,7568.50390625,"Philippines","PSEI.PS"
2015-08-12,7536.56005859375,7536.56005859375,7478.91015625,7495.43017578125,152300,7493.50341796875,"Philippines","PSEI.PS"
2015-08-13,7508.89013671875,7514.1298828125,7397.60986328125,7439.7998046875,178300,7437.88720703125,"Philippines","PSEI.PS"
2015-08-14,7420.6201171875,7434.9599609375,7394.509765625,7408.43994140625,184100,7406.53564453125,"Philippines","PSEI.PS"
2015-08-17,7411.06982421875,7432.77001953125,7314.490234375,7336.83984375,124300,7334.95361328125,"Philippines","PSEI.PS"
2015-08-18,7328.97998046875,7357.72021484375,7314.31005859375,7333.4501953125,120500,7331.56494140625,"Philippines","PSEI.PS"
2015-08-19,7311.02978515625,7349.75,7288.06005859375,7344.72998046875,158900,7342.841796875,"Philippines","PSEI.PS"
2015-08-20,7341.080078125,7346.66015625,7265.990234375,7278.97998046875,116800,7277.10888671875,"Philippines","PSEI.PS"
2015-08-24,7112.47998046875,7112.47998046875,6726.47998046875,6791.009765625,280000,6789.26416015625,"Philippines","PSEI.PS"
2015-08-25,6621.259765625,6845.7900390625,6603.18994140625,6830.33984375,159400,6828.583984375,"Philippines","PSEI.PS"
2015-08-26,6832.93994140625,6894.259765625,6813.669921875,6867.919921875,300400,6866.154296875,"Philippines","PSEI.PS"
2015-08-27,6948.7998046875,7025.240234375,6946.8701171875,7022.08984375,305300,7020.28466796875,"Philippines","PSEI.PS"
2015-08-28,7066.39990234375,7116.16015625,7063.02978515625,7098.81005859375,135900,7096.9853515625,"Philippines","PSEI.PS"
2015-09-01,7065.08984375,7139.740234375,7065.08984375,7086.85986328125,207800,7085.0380859375,"Philippines","PSEI.PS"
2015-09-02,6993.7099609375,7072.4599609375,6887.41015625,7072.4599609375,115100,7070.6416015625,"Philippines","PSEI.PS"
2015-09-03,7098.68994140625,7105.759765625,7079.75,7098.759765625,78100,7096.93505859375,"Philippines","PSEI.PS"
2015-09-04,7074.27978515625,7082.27978515625,7035.10986328125,7051.77978515625,96500,7049.966796875,"Philippines","PSEI.PS"
2015-09-07,7006.41015625,7006.41015625,6921.3798828125,6926.81982421875,82200,6925.0390625,"Philippines","PSEI.PS"
2015-09-08,6930.39990234375,6946.1298828125,6862.7998046875,6891.2998046875,96200,6889.5283203125,"Philippines","PSEI.PS"
2015-09-09,6945.72021484375,6977.009765625,6912.7099609375,6942.47021484375,165700,6940.685546875,"Philippines","PSEI.PS"
2015-09-10,6932.02001953125,6932.02001953125,6874.27001953125,6893.5400390625,106500,6891.76806640625,"Philippines","PSEI.PS"
2015-09-11,6945.6201171875,6945.6201171875,6888.72021484375,6911.3798828125,98100,6909.60302734375,"Philippines","PSEI.PS"
2015-09-14,6922.02978515625,7069.18017578125,6922.02978515625,7069.18017578125,87600,7067.36279296875,"Philippines","PSEI.PS"
2015-09-15,7058.18994140625,7095.60009765625,7048.02978515625,7089.009765625,155300,7087.1875,"Philippines","PSEI.PS"
2015-09-16,7120.990234375,7160.77978515625,7085.580078125,7093.919921875,125700,7092.09619140625,"Philippines","PSEI.PS"
2015-09-17,7117.3798828125,7154.68017578125,7106.0498046875,7123.990234375,146700,7122.15869140625,"Philippines","PSEI.PS"
2015-09-18,7149.4599609375,7209.58984375,7131.91015625,7131.91015625,160800,7130.07666015625,"Philippines","PSEI.PS"
2015-09-21,7159.72998046875,7159.72998046875,7069.8701171875,7092.41015625,105100,7090.5869140625,"Philippines","PSEI.PS"
2015-09-22,7095.5400390625,7121.60009765625,7038.7001953125,7051.22998046875,142000,7049.41748046875,"Philippines","PSEI.PS"
2015-09-23,7025.2998046875,7025.2998046875,6922.47021484375,6926.91015625,132600,6925.12939453125,"Philippines","PSEI.PS"
2015-09-24,6938.6201171875,6938.6201171875,6853.080078125,6917.5498046875,101200,6915.771484375,"Philippines","PSEI.PS"
2015-09-25,NA,NA,NA,NA,NA,NA,"Philippines","PSEI.PS"
2015-09-28,6922.580078125,6928.68017578125,6815.58984375,6815.58984375,115000,6813.837890625,"Philippines","PSEI.PS"
2015-09-29,6789.509765625,6859.2900390625,6720.81982421875,6859.2900390625,118700,6857.52685546875,"Philippines","PSEI.PS"
2015-09-30,6880.56982421875,6899.06005859375,6848.14013671875,6893.97998046875,162400,6892.20751953125,"Philippines","PSEI.PS"
2015-10-01,6899.259765625,6953.58984375,6890.81982421875,6890.93994140625,127600,6889.16845703125,"Philippines","PSEI.PS"
2015-10-02,6914.08984375,6914.08984375,6821.85009765625,6850.60986328125,106300,6848.8486328125,"Philippines","PSEI.PS"
2015-10-05,6842.6201171875,7016.06982421875,6842.6201171875,6961.93017578125,187400,6960.140625,"Philippines","PSEI.PS"
2015-10-06,7043.77001953125,7085.919921875,7043.4501953125,7055.490234375,178100,7053.67626953125,"Philippines","PSEI.PS"
2015-10-07,7038.10986328125,7108.7998046875,7015.919921875,7108.7998046875,170200,7106.97216796875,"Philippines","PSEI.PS"
2015-10-08,7123.669921875,7142.85009765625,7090.85986328125,7106.7900390625,126900,7104.962890625,"Philippines","PSEI.PS"
2015-10-09,7145.10986328125,7163.27001953125,7111.06005859375,7138.91015625,111500,7137.07470703125,"Philippines","PSEI.PS"
2015-10-12,7164.08984375,7180.0498046875,7113.9501953125,7150.2900390625,97300,7148.45166015625,"Philippines","PSEI.PS"
2015-10-13,7162.0498046875,7162.0498046875,7013.43994140625,7013.43994140625,101200,7011.63671875,"Philippines","PSEI.PS"
2015-10-14,7034.77001953125,7048,6924.77001953125,6924.77001953125,111700,6922.98974609375,"Philippines","PSEI.PS"
2015-10-15,6979.43994140625,7052.2900390625,6966.72021484375,7045.39990234375,117400,7043.5888671875,"Philippines","PSEI.PS"
2015-10-16,7099.52001953125,7116.7900390625,7046.77978515625,7055.740234375,154400,7053.92626953125,"Philippines","PSEI.PS"
2015-10-19,7064.77001953125,7076.60009765625,7029.52978515625,7054.85986328125,107300,7053.04638671875,"Philippines","PSEI.PS"
2015-10-20,7065.47021484375,7075.4599609375,7046.39990234375,7060.85009765625,118500,7059.03515625,"Philippines","PSEI.PS"
2015-10-21,7069.5498046875,7107.68017578125,7065.3701171875,7092.89990234375,91300,7091.07666015625,"Philippines","PSEI.PS"
2015-10-22,7097.8701171875,7117.77978515625,7088.08984375,7117.77978515625,131200,7115.9501953125,"Philippines","PSEI.PS"
2015-10-23,7142.5400390625,7255.080078125,7142.5400390625,7236.3798828125,163300,7234.51953125,"Philippines","PSEI.PS"
2015-10-26,7294.6298828125,7377.47998046875,7294.6298828125,7324.39990234375,165400,7322.51708984375,"Philippines","PSEI.PS"
2015-10-27,7318.83984375,7347.64013671875,7269.18017578125,7325.759765625,116300,7323.87646484375,"Philippines","PSEI.PS"
2015-10-28,7329.31982421875,7329.31982421875,7274.56982421875,7289.259765625,101400,7287.3857421875,"Philippines","PSEI.PS"
2015-10-29,7295.85986328125,7310.18017578125,7177.919921875,7189.25,136800,7187.40185546875,"Philippines","PSEI.PS"
2015-10-30,7186.1298828125,7210.759765625,7134.259765625,7134.259765625,99100,7132.42578125,"Philippines","PSEI.PS"
2015-11-02,NA,NA,NA,NA,NA,NA,"Philippines","PSEI.PS"
2015-11-03,7206.8798828125,7237.97021484375,7197.31982421875,7210.72998046875,0,7208.87646484375,"Philippines","PSEI.PS"
2015-11-04,7228.6298828125,7239.93017578125,7146.47998046875,7201.02001953125,0,7199.1689453125,"Philippines","PSEI.PS"
2015-11-05,7191.31005859375,7191.31005859375,7109.740234375,7122.4501953125,0,7120.619140625,"Philippines","PSEI.PS"
2015-11-06,7115.27978515625,7124.85009765625,7078.35009765625,7118.2001953125,84300,7116.3701171875,"Philippines","PSEI.PS"
2015-11-09,7113.5,7120.1201171875,7047.580078125,7070.18994140625,0,7068.37255859375,"Philippines","PSEI.PS"
2015-11-10,7023.25,7030.02978515625,6984.830078125,7000.10986328125,0,6998.310546875,"Philippines","PSEI.PS"
2015-11-11,6975.2900390625,6983.72021484375,6953.97021484375,6983.72021484375,0,6981.9248046875,"Philippines","PSEI.PS"
2015-11-12,7016.22021484375,7054.72998046875,6909.81982421875,6909.81982421875,0,6908.04345703125,"Philippines","PSEI.PS"
2015-11-13,6900.35986328125,6919.080078125,6851.39990234375,6897.77001953125,114500,6895.99658203125,"Philippines","PSEI.PS"
2015-11-16,6830.77978515625,6830.77978515625,6715.919921875,6772.919921875,0,6771.1787109375,"Philippines","PSEI.PS"
2015-11-17,6803.39013671875,6885.6201171875,6803.39013671875,6825.3798828125,95900,6823.62548828125,"Philippines","PSEI.PS"
2015-11-18,NA,NA,NA,NA,NA,NA,"Philippines","PSEI.PS"
2015-11-19,NA,NA,NA,NA,NA,NA,"Philippines","PSEI.PS"
2015-11-20,6867.240234375,6932.81005859375,6857.22998046875,6932.81005859375,114300,6931.02783203125,"Philippines","PSEI.PS"
2015-11-23,6927.740234375,6996.18994140625,6920.10986328125,6996.18994140625,0,6994.3916015625,"Philippines","PSEI.PS"
2015-11-24,6997.68994140625,6998.31982421875,6971.2001953125,6992.60009765625,0,6990.80224609375,"Philippines","PSEI.PS"
2015-11-25,7037.25,7059.14013671875,7017.5,7059.14013671875,0,7057.3251953125,"Philippines","PSEI.PS"
2015-11-26,7084.259765625,7084.259765625,7043.8798828125,7063.25,0,7061.43408203125,"Philippines","PSEI.PS"
2015-11-27,7060.4501953125,7060.7001953125,6927.06982421875,6927.06982421875,147600,6925.2890625,"Philippines","PSEI.PS"
2015-12-01,6918.5498046875,7060.60009765625,6918.5498046875,7060.60009765625,0,7058.78515625,"Philippines","PSEI.PS"
2015-12-02,7049.14990234375,7062.6298828125,7031.60009765625,7047.080078125,0,7045.2685546875,"Philippines","PSEI.PS"
2015-12-03,7038.2001953125,7038.759765625,6959.68994140625,6994.10009765625,0,6992.30224609375,"Philippines","PSEI.PS"
2015-12-04,6961.52978515625,6964.3701171875,6910.27978515625,6921.93017578125,75000,6920.15087890625,"Philippines","PSEI.PS"
2015-12-07,6930.3798828125,6976.43994140625,6910.080078125,6911.85986328125,0,6910.0830078125,"Philippines","PSEI.PS"
2015-12-08,6887.419921875,6887.419921875,6838.419921875,6838.419921875,0,6836.662109375,"Philippines","PSEI.PS"
2015-12-09,6828.419921875,6874.6298828125,6827.22998046875,6848.25,0,6846.4892578125,"Philippines","PSEI.PS"
2015-12-10,6861.18994140625,6866.43017578125,6820.0498046875,6820.60009765625,0,6818.8466796875,"Philippines","PSEI.PS"
2015-12-11,6827.8701171875,6842.77978515625,6708.02978515625,6735.009765625,116500,6733.2783203125,"Philippines","PSEI.PS"
2015-12-14,6692.2998046875,6745.990234375,6610.81982421875,6745.990234375,0,6744.255859375,"Philippines","PSEI.PS"
2015-12-15,6724.60986328125,6743.7001953125,6701.35009765625,6701.35009765625,0,6699.62744140625,"Philippines","PSEI.PS"
2015-12-16,6732.5400390625,6810.85009765625,6732.5400390625,6807.72021484375,0,6805.97021484375,"Philippines","PSEI.PS"
2015-12-17,6875.5,6939.4501953125,6871.740234375,6905.7001953125,0,6903.9248046875,"Philippines","PSEI.PS"
2015-12-18,6876.2099609375,6876.2099609375,6796.5400390625,6867.06982421875,95500,6865.3046875,"Philippines","PSEI.PS"
2015-12-21,6865.14990234375,6914.77978515625,6822.2900390625,6910.33984375,0,6908.5634765625,"Philippines","PSEI.PS"
2015-12-22,6904.27001953125,6966.18017578125,6901.91015625,6966.18017578125,0,6964.38916015625,"Philippines","PSEI.PS"
2015-12-23,7004.58984375,7022.8798828125,6988.830078125,7002.419921875,55200,7000.61962890625,"Philippines","PSEI.PS"
2015-12-28,6880.31005859375,6983.60986328125,6880.31005859375,6983.60986328125,0,6981.814453125,"Philippines","PSEI.PS"
2015-12-29,6975.68994140625,6991.009765625,6908.27978515625,6952.080078125,83900,6950.29296875,"Philippines","PSEI.PS"
2016-01-04,6954.27001953125,6957.240234375,6833.419921875,6833.419921875,0,6831.6630859375,"Philippines","PSEI.PS"
2016-01-05,6823.919921875,6863.75,6785.72021484375,6835.1298828125,0,6833.37255859375,"Philippines","PSEI.PS"
2016-01-06,6846.990234375,6870.56005859375,6813.89990234375,6813.89990234375,0,6812.1484375,"Philippines","PSEI.PS"
2016-01-07,6823.3701171875,6823.3701171875,6618.8798828125,6618.8798828125,0,6617.17822265625,"Philippines","PSEI.PS"
2016-01-08,6588.080078125,6651,6555.4501953125,6575.43017578125,133300,6573.73974609375,"Philippines","PSEI.PS"
2016-01-11,6523.27978515625,6523.27978515625,6288.259765625,6288.259765625,0,6286.64306640625,"Philippines","PSEI.PS"
2016-01-12,6322.8701171875,6433.75,6322.8701171875,6330.5498046875,0,6328.92236328125,"Philippines","PSEI.PS"
2016-01-13,6371.93994140625,6506.91015625,6371.93994140625,6494.1298828125,0,6492.46044921875,"Philippines","PSEI.PS"
2016-01-14,6395.8701171875,6433.7001953125,6346,6408.759765625,0,6407.1123046875,"Philippines","PSEI.PS"
2016-01-15,6462.06982421875,6510.39990234375,6449.5,6449.5,106300,6447.841796875,"Philippines","PSEI.PS"
2016-01-18,6327.7001953125,6348.3701171875,6276.10009765625,6335.08984375,0,6333.46142578125,"Philippines","PSEI.PS"
2016-01-19,6348.02978515625,6376.25,6311.66015625,6357.0498046875,0,6355.41552734375,"Philippines","PSEI.PS"
2016-01-20,6348.6201171875,6374.5,6253.8798828125,6259.60986328125,0,6258.00048828125,"Philippines","PSEI.PS"
2016-01-21,6212.41015625,6213.8798828125,6084.27978515625,6084.27978515625,0,6082.7158203125,"Philippines","PSEI.PS"
2016-01-22,6116.31982421875,6208.0498046875,6116.14990234375,6208.0498046875,283200,6206.4541015625,"Philippines","PSEI.PS"
2016-01-25,6299.60009765625,6434.080078125,6287.25,6434.080078125,0,6432.42626953125,"Philippines","PSEI.PS"
2016-01-26,6317.240234375,6362.669921875,6258.8798828125,6311.60009765625,0,6309.9775390625,"Philippines","PSEI.PS"
2016-01-27,6344.06005859375,6507.22021484375,6344.06005859375,6507.22021484375,0,6505.54736328125,"Philippines","PSEI.PS"
2016-01-28,6495.56982421875,6564.66015625,6447.60986328125,6563.3798828125,0,6561.6923828125,"Philippines","PSEI.PS"
2016-01-29,6590.06982421875,6687.6201171875,6589.2900390625,6687.6201171875,240000,6685.90087890625,"Philippines","PSEI.PS"
2016-02-01,6705.52001953125,6736.8701171875,6650.97021484375,6701.35986328125,0,6699.63720703125,"Philippines","PSEI.PS"
2016-02-02,6619.68017578125,6653.1201171875,6619.68017578125,6642.4501953125,0,6640.74267578125,"Philippines","PSEI.PS"
2016-02-03,6604.2900390625,6604.2900390625,6521.2001953125,6521.47998046875,0,6519.8037109375,"Philippines","PSEI.PS"
2016-02-04,6553.6298828125,6652.830078125,6553.6298828125,6652.830078125,0,6651.11962890625,"Philippines","PSEI.PS"
2016-02-05,6664.18017578125,6769.080078125,6664.18017578125,6765.1298828125,212000,6763.390625,"Philippines","PSEI.PS"
2016-02-09,6723.2001953125,6723.2001953125,6637.43017578125,6637.43017578125,0,6635.7236328125,"Philippines","PSEI.PS"
2016-02-10,6609.7900390625,6637.47998046875,6550.1201171875,6637.47998046875,0,6635.7734375,"Philippines","PSEI.PS"
2016-02-11,6633.27978515625,6674.7001953125,6610.89013671875,6663.43017578125,142787800,6661.71728515625,"Philippines","PSEI.PS"
2016-02-12,6623.9599609375,6677.47998046875,6607.4599609375,6654.4501953125,143400,6652.73974609375,"Philippines","PSEI.PS"
2016-02-15,6684.5400390625,6711.740234375,6680.6201171875,6692.580078125,0,6690.859375,"Philippines","PSEI.PS"
2016-02-16,6718.0498046875,6777.43017578125,6718.0498046875,6743.9501953125,0,6742.21630859375,"Philippines","PSEI.PS"
2016-02-17,6776.6298828125,6779.2998046875,6727.93017578125,6756.81982421875,0,6755.0830078125,"Philippines","PSEI.PS"
2016-02-18,6781.47021484375,6848.8701171875,6778.93017578125,6848.8701171875,0,6847.109375,"Philippines","PSEI.PS"
2016-02-19,6844.9599609375,6844.9599609375,6789.10009765625,6792.06005859375,178800,6790.31396484375,"Philippines","PSEI.PS"
2016-02-22,6792.5400390625,6799.31982421875,6773.830078125,6783.080078125,0,6781.33642578125,"Philippines","PSEI.PS"
2016-02-23,6795.72998046875,6829.1201171875,6795.72998046875,6819.33984375,0,6817.5869140625,"Philippines","PSEI.PS"
2016-02-24,6812.41015625,6812.41015625,6713.81005859375,6769.259765625,99700,6767.51953125,"Philippines","PSEI.PS"
2016-02-26,6731.39990234375,6773.02978515625,6728.64990234375,6771.2998046875,116000,6769.55908203125,"Philippines","PSEI.PS"
2016-02-29,6777.0498046875,6818.0400390625,6671.0400390625,6671.0400390625,0,6669.3251953125,"Philippines","PSEI.PS"
2016-03-01,6670.75,6731.330078125,6661.68017578125,6729.52978515625,0,6727.7998046875,"Philippines","PSEI.PS"
2016-03-02,6781.43017578125,6882.4501953125,6781.43017578125,6882.4501953125,0,6880.6806640625,"Philippines","PSEI.PS"
2016-03-03,6886.27978515625,6988.68017578125,6883.93994140625,6963.43994140625,0,6961.64990234375,"Philippines","PSEI.PS"
2016-03-04,6973.89990234375,6987.22021484375,6899.06982421875,6899.06982421875,126300,6897.29638671875,"Philippines","PSEI.PS"
2016-03-07,6949.2001953125,6955.91015625,6871.830078125,6892.68994140625,0,6890.91796875,"Philippines","PSEI.PS"
2016-03-08,6897.25,6915.509765625,6840.0498046875,6915.509765625,0,6913.73193359375,"Philippines","PSEI.PS"
2016-03-09,6914.330078125,6951.0400390625,6889.6298828125,6948.18017578125,0,6946.39404296875,"Philippines","PSEI.PS"
2016-03-10,6938.10986328125,7052.25,6936.5400390625,7048.080078125,0,7046.26806640625,"Philippines","PSEI.PS"
2016-03-11,7002.06005859375,7119.85986328125,7002.06005859375,7098.64013671875,168200,7096.8154296875,"Philippines","PSEI.PS"
2016-03-14,7161.08984375,7204.60986328125,7112.89013671875,7112.89013671875,133500,7111.0615234375,"Philippines","PSEI.PS"
2016-03-15,7140.64990234375,7207.93017578125,7140.22998046875,7148.259765625,140700,7146.42236328125,"Philippines","PSEI.PS"
2016-03-16,7146.759765625,7156.27978515625,7065.39013671875,7065.39013671875,127300,7063.57373046875,"Philippines","PSEI.PS"
2016-03-17,7114.31005859375,7210.89990234375,7110.27001953125,7210.89990234375,119000,7209.04638671875,"Philippines","PSEI.PS"
2016-03-18,7229.72998046875,7318.490234375,7227.14013671875,7306.740234375,182500,7304.86181640625,"Philippines","PSEI.PS"
2016-03-21,7346.759765625,7412.330078125,7346.759765625,7376.41015625,161100,7374.513671875,"Philippines","PSEI.PS"
2016-03-22,7372.66015625,7383.2998046875,7295.669921875,7342.02978515625,156600,7340.142578125,"Philippines","PSEI.PS"
2016-03-23,7307.47998046875,7360.0498046875,7262.68994140625,7360.0498046875,105400,7358.15771484375,"Philippines","PSEI.PS"
2016-03-28,7355.58984375,7359.22998046875,7303.72998046875,7334.52001953125,78400,7332.63427734375,"Philippines","PSEI.PS"
2016-03-29,7323.93017578125,7339.080078125,7264.68994140625,7274.39990234375,107700,7272.52978515625,"Philippines","PSEI.PS"
2016-03-30,7299.43994140625,7362.60009765625,7293.6298828125,7299.22998046875,192800,7297.353515625,"Philippines","PSEI.PS"
2016-03-31,7329.6298828125,7357.9599609375,7229,7262.2998046875,140300,7260.4326171875,"Philippines","PSEI.PS"
2016-04-01,7273.8798828125,7285.6298828125,7205.6201171875,7245.1298828125,82000,7243.267578125,"Philippines","PSEI.PS"
2016-04-04,7245.7001953125,7302.6201171875,7235.89990234375,7254.52978515625,74300,7252.6650390625,"Philippines","PSEI.PS"
2016-04-05,7269.5,7269.830078125,7215.93994140625,7219.22998046875,91400,7217.3740234375,"Philippines","PSEI.PS"
2016-04-06,7223.080078125,7223.080078125,7171.1298828125,7180.5498046875,123500,7178.7041015625,"Philippines","PSEI.PS"
2016-04-07,7204.35986328125,7239.22021484375,7199.9599609375,7232.97021484375,91000,7231.11083984375,"Philippines","PSEI.PS"
2016-04-08,7217.3798828125,7247.2001953125,7189.08984375,7247.2001953125,104300,7245.3369140625,"Philippines","PSEI.PS"
2016-04-11,7252.009765625,7291.43017578125,7252.009765625,7291.43017578125,72800,7289.5556640625,"Philippines","PSEI.PS"
2016-04-12,7295.1201171875,7306.56005859375,7276.52001953125,7306.56005859375,100800,7304.681640625,"Philippines","PSEI.PS"
2016-04-13,7324.02001953125,7343.2900390625,7318.3701171875,7341,180400,7339.11279296875,"Philippines","PSEI.PS"
2016-04-14,7340.52978515625,7374.9599609375,7338.41015625,7357.27978515625,176900,7355.38818359375,"Philippines","PSEI.PS"
2016-04-15,7360.830078125,7363.0400390625,7303.2900390625,7321.2998046875,75900,7319.41748046875,"Philippines","PSEI.PS"
2016-04-18,7313.580078125,7313.580078125,7235.7900390625,7243.39990234375,78000,7241.53759765625,"Philippines","PSEI.PS"
2016-04-19,7244.68994140625,7264.490234375,7183.27978515625,7215.08984375,107800,7213.23486328125,"Philippines","PSEI.PS"
2016-04-20,7212.41015625,7229.7001953125,7189.52978515625,7201.3701171875,105100,7199.51904296875,"Philippines","PSEI.PS"
2016-04-21,7212.66015625,7257.85009765625,7194.080078125,7257.85009765625,118100,7255.984375,"Philippines","PSEI.PS"
2016-04-22,7253.2998046875,7272.419921875,7235.02978515625,7255.39013671875,107900,7253.52490234375,"Philippines","PSEI.PS"
2016-04-25,7260.0400390625,7267.43994140625,7227.25,7250.1298828125,87500,7248.26611328125,"Philippines","PSEI.PS"
2016-04-26,7245.6298828125,7249.85986328125,7202,7211.919921875,100500,7210.06591796875,"Philippines","PSEI.PS"
2016-04-27,7192.06982421875,7201,7137.77978515625,7180.52978515625,125200,7178.68408203125,"Philippines","PSEI.PS"
2016-04-28,7199.97998046875,7220.66015625,7158.6298828125,7162.56005859375,108100,7160.71875,"Philippines","PSEI.PS"
2016-04-29,7162.490234375,7162.490234375,7122.759765625,7159.2900390625,103100,7157.44970703125,"Philippines","PSEI.PS"
2016-05-02,7106.35009765625,7124.259765625,6980.18017578125,7053.8798828125,125800,7052.06640625,"Philippines","PSEI.PS"
2016-05-03,7064.4599609375,7098.47998046875,7046.56982421875,7046.56982421875,118600,7044.75830078125,"Philippines","PSEI.PS"
2016-05-04,7049.64013671875,7081.85986328125,6982.31982421875,7081.85986328125,81400,7080.0390625,"Philippines","PSEI.PS"
2016-05-05,7007.6298828125,7011.27978515625,6986.85986328125,6999.75,105100,6997.95068359375,"Philippines","PSEI.PS"
2016-05-06,6976.35986328125,7003.02978515625,6961.64990234375,6991.8701171875,133000,6990.07275390625,"Philippines","PSEI.PS"
2016-05-09,NA,NA,NA,NA,NA,NA,"Philippines","PSEI.PS"
2016-05-10,6966.35009765625,7174.8798828125,6941.419921875,7174.8798828125,228000,7173.03564453125,"Philippines","PSEI.PS"
2016-05-11,7227.5498046875,7423.52001953125,7227.5498046875,7396.52001953125,290800,7394.61865234375,"Philippines","PSEI.PS"
2016-05-12,7399.7900390625,7399.7900390625,7310.10009765625,7325.0400390625,156600,7323.15673828125,"Philippines","PSEI.PS"
2016-05-13,7368.93017578125,7517.9501953125,7352.02978515625,7436.7900390625,270000,7434.87841796875,"Philippines","PSEI.PS"
2016-05-16,7382.43017578125,7527.10986328125,7382.43017578125,7511.740234375,178900,7509.80908203125,"Philippines","PSEI.PS"
2016-05-17,7525.60986328125,7568.81982421875,7513.39990234375,7524.83984375,212100,7522.9052734375,"Philippines","PSEI.PS"
2016-05-18,7531.580078125,7542.830078125,7487.68017578125,7534.2998046875,193200,7532.36279296875,"Philippines","PSEI.PS"
2016-05-19,7539.25,7539.25,7427.330078125,7427.330078125,122500,7425.4208984375,"Philippines","PSEI.PS"
2016-05-20,7390.91015625,7395.60009765625,7295.27978515625,7299.02978515625,110700,7297.1533203125,"Philippines","PSEI.PS"
2016-05-23,7320.64990234375,7351.06982421875,7306.68994140625,7306.68994140625,94300,7304.8115234375,"Philippines","PSEI.PS"
2016-05-24,7309.02978515625,7363.9599609375,7304.56005859375,7356.72021484375,121300,7354.8291015625,"Philippines","PSEI.PS"
2016-05-25,7396,7466.72021484375,7396,7463.9501953125,0,7462.03125,"Philippines","PSEI.PS"
2016-05-26,7438.89013671875,7454.509765625,7354.169921875,7376.3798828125,113100,7374.4833984375,"Philippines","PSEI.PS"
2016-05-27,7393.8701171875,7430.93017578125,7373.9599609375,7411.68017578125,152600,7409.77490234375,"Philippines","PSEI.PS"
2016-05-30,7409.009765625,7465.22998046875,7409.009765625,7464.33984375,116400,7462.4208984375,"Philippines","PSEI.PS"
2016-05-31,7478.89013671875,7519.169921875,7401.60009765625,7401.60009765625,206400,7399.697265625,"Philippines","PSEI.PS"
2016-06-01,7447.27001953125,7507.47021484375,7434.5498046875,7500.7900390625,126200,7498.86181640625,"Philippines","PSEI.PS"
2016-06-02,7506.77978515625,7553.60009765625,7464.58984375,7464.58984375,138900,7462.6708984375,"Philippines","PSEI.PS"
2016-06-03,7511.7099609375,7533.47998046875,7497.52978515625,7514.22021484375,129100,7512.28857421875,"Philippines","PSEI.PS"
2016-06-06,7549.8701171875,7606.85009765625,7535.509765625,7598.22021484375,0,7596.26708984375,"Philippines","PSEI.PS"
2016-06-07,7645.35009765625,7744.5400390625,7634.3798828125,7710.5400390625,264400,7708.5576171875,"Philippines","PSEI.PS"
2016-06-08,7724.259765625,7792.33984375,7722.7900390625,7722.7900390625,190000,7720.8046875,"Philippines","PSEI.PS"
2016-06-09,7725.5498046875,7725.5498046875,7536.64990234375,7536.64990234375,105800,7534.71240234375,"Philippines","PSEI.PS"
2016-06-10,7567.740234375,7616.93994140625,7509.93994140625,7509.93994140625,150800,7508.00927734375,"Philippines","PSEI.PS"
2016-06-13,7510.31005859375,7554.39990234375,7407.22021484375,7554.39990234375,161000,7552.4580078125,"Philippines","PSEI.PS"
2016-06-14,7516.68017578125,7516.68017578125,7414.3701171875,7460.1201171875,105900,7458.2021484375,"Philippines","PSEI.PS"
2016-06-15,7455.10986328125,7521.60009765625,7451.56005859375,7501.64990234375,117700,7499.72119140625,"Philippines","PSEI.PS"
2016-06-16,7516.080078125,7576.81982421875,7513.419921875,7564.47021484375,116700,7562.525390625,"Philippines","PSEI.PS"
2016-06-17,7607.9501953125,7656.330078125,7607.9501953125,7622.06982421875,123500,7620.1103515625,"Philippines","PSEI.PS"
2016-06-20,7632.10009765625,7678.080078125,7624.080078125,7665.330078125,147600,7663.359375,"Philippines","PSEI.PS"
2016-06-21,7701.89990234375,7781.169921875,7700.68994140625,7767.22998046875,208500,7765.2333984375,"Philippines","PSEI.PS"
2016-06-22,7767.43994140625,7777.60009765625,7756.3701171875,7756.3701171875,162000,7754.3759765625,"Philippines","PSEI.PS"
2016-06-23,7761.3798828125,7763.0498046875,7711.56005859375,7729.77978515625,139400,7727.79248046875,"Philippines","PSEI.PS"
2016-06-24,7771.75,7813.580078125,7538.18017578125,7629.72021484375,216600,7627.7587890625,"Philippines","PSEI.PS"
2016-06-27,7571.330078125,7715.89990234375,7488.509765625,7715.89990234375,152900,7713.91650390625,"Philippines","PSEI.PS"
2016-06-28,7711.8798828125,7711.8798828125,7651.33984375,7666.68994140625,93900,7664.71923828125,"Philippines","PSEI.PS"
2016-06-29,7715.39990234375,7798.52978515625,7714.18017578125,7798.52978515625,139900,7796.52490234375,"Philippines","PSEI.PS"
2016-06-30,7819.14013671875,7980.75,7768.43994140625,7796.25,298700,7794.24560546875,"Philippines","PSEI.PS"
2016-07-01,7811.2001953125,7878.52001953125,7811.2001953125,7830.35009765625,137400,7828.3369140625,"Philippines","PSEI.PS"
2016-07-04,7856.669921875,7879.66015625,7832.1298828125,7846.5400390625,118700,7844.52294921875,"Philippines","PSEI.PS"
2016-07-05,7872.9599609375,7910.8798828125,7797.93994140625,7808.1298828125,194100,7806.12255859375,"Philippines","PSEI.PS"
2016-07-06,NA,NA,NA,NA,NA,NA,"Philippines","PSEI.PS"
2016-07-07,7816.259765625,7818.669921875,7748.8701171875,7753.4599609375,134100,7751.466796875,"Philippines","PSEI.PS"
2016-07-08,7752.6201171875,7774.39013671875,7752.02001953125,7771.52001953125,177800,7769.52197265625,"Philippines","PSEI.PS"
2016-07-11,7830.5,7890.56005859375,7827.509765625,7865.27001953125,194400,7863.248046875,"Philippines","PSEI.PS"
2016-07-12,7881.5400390625,7937.9501953125,7880.31005859375,7937.9501953125,232000,7935.90966796875,"Philippines","PSEI.PS"
2016-07-13,7951.0498046875,8005.72998046875,7944.02001953125,7944.02001953125,305500,7941.97802734375,"Philippines","PSEI.PS"
2016-07-14,7953.39013671875,7964.06982421875,7905.8798828125,7956.14013671875,141700,7954.0947265625,"Philippines","PSEI.PS"
2016-07-15,7968.6298828125,8037.41015625,7968.6298828125,8030.06005859375,180000,8027.99560546875,"Philippines","PSEI.PS"
2016-07-18,8024.47998046875,8024.47998046875,7969.35009765625,7986.25,83500,7984.19677734375,"Philippines","PSEI.PS"
2016-07-19,8001.1201171875,8036.009765625,7999.06982421875,8036.009765625,140400,8033.94384765625,"Philippines","PSEI.PS"
2016-07-20,8034.759765625,8051.97021484375,8023.27978515625,8051.97021484375,110000,8049.900390625,"Philippines","PSEI.PS"
2016-07-21,8050.259765625,8102.2998046875,8023.31005859375,8102.2998046875,165100,8100.216796875,"Philippines","PSEI.PS"
2016-07-22,8103.4501953125,8118.43994140625,8025.35009765625,8025.35009765625,136200,8023.287109375,"Philippines","PSEI.PS"
2016-07-25,8065.5400390625,8114.33984375,8038.10986328125,8049.1298828125,148100,8047.060546875,"Philippines","PSEI.PS"
2016-07-26,8061.9599609375,8092.9599609375,8024.5400390625,8024.5400390625,167100,8022.47705078125,"Philippines","PSEI.PS"
2016-07-27,8046.06982421875,8100.47998046875,8044.919921875,8100.47998046875,172200,8098.3974609375,"Philippines","PSEI.PS"
2016-07-28,8107.22998046875,8107.22998046875,7977.2900390625,8024.97998046875,0,8022.9169921875,"Philippines","PSEI.PS"
2016-07-29,8021.22021484375,8064.009765625,7963.10986328125,7963.10986328125,127700,7961.06298828125,"Philippines","PSEI.PS"
2016-08-01,8006.72021484375,8078.97998046875,8006.72021484375,8069.81005859375,95500,8067.7353515625,"Philippines","PSEI.PS"
2016-08-02,8075.1298828125,8075.1298828125,8010.6298828125,8037.77978515625,135900,8035.71337890625,"Philippines","PSEI.PS"
2016-08-03,8027.27001953125,8027.27001953125,7848.72998046875,7888.43994140625,141200,7886.412109375,"Philippines","PSEI.PS"
2016-08-04,7909.10986328125,7978.56982421875,7907.43994140625,7978.56982421875,107000,7976.5185546875,"Philippines","PSEI.PS"
2016-08-05,7986.31982421875,7987.169921875,7955.669921875,7970.35009765625,77700,7968.30126953125,"Philippines","PSEI.PS"
2016-08-08,7990.14990234375,7993.580078125,7957.0400390625,7993.580078125,125500,7991.52490234375,"Philippines","PSEI.PS"
2016-08-09,8012.759765625,8064.02001953125,8006.93994140625,8055.06005859375,187500,8052.9892578125,"Philippines","PSEI.PS"
2016-08-10,8053.419921875,8059.02978515625,8019.64013671875,8051.39990234375,159400,8049.330078125,"Philippines","PSEI.PS"
2016-08-11,8058.8798828125,8058.8798828125,7970.97021484375,7981.35009765625,209400,7979.29833984375,"Philippines","PSEI.PS"
2016-08-12,8020.83984375,8030.93994140625,7932.8798828125,7955.85986328125,180900,7953.814453125,"Philippines","PSEI.PS"
2016-08-15,7949.64013671875,7960.169921875,7894.56005859375,7960.169921875,155700,7958.12353515625,"Philippines","PSEI.PS"
2016-08-16,7969.22998046875,7983.3798828125,7944.39013671875,7983.3798828125,165900,7981.32763671875,"Philippines","PSEI.PS"
2016-08-17,7999.81005859375,8002.27978515625,7930.39013671875,7946.18994140625,188100,7944.14697265625,"Philippines","PSEI.PS"
2016-08-18,7948.2998046875,7993.9599609375,7936.2998046875,7952.81005859375,124700,7950.765625,"Philippines","PSEI.PS"
2016-08-19,7959.5,7964.85986328125,7916.669921875,7930.75,167000,7928.71142578125,"Philippines","PSEI.PS"
2016-08-22,7938.60986328125,7981.2099609375,7934.97998046875,7981.2099609375,107700,7979.158203125,"Philippines","PSEI.PS"
2016-08-23,7963.10009765625,7966.330078125,7912.9501953125,7935.18017578125,117300,7933.14013671875,"Philippines","PSEI.PS"
2016-08-24,7938.7001953125,7938.7001953125,7830.41015625,7866.1298828125,162700,7864.10791015625,"Philippines","PSEI.PS"
2016-08-25,7870.43017578125,7870.43017578125,7839.60009765625,7854.5400390625,141100,7852.52099609375,"Philippines","PSEI.PS"
2016-08-26,7849.60986328125,7849.60986328125,7804.27978515625,7845.490234375,195700,7843.47314453125,"Philippines","PSEI.PS"
2016-08-30,7863.14990234375,7863.14990234375,7719.14013671875,7794.93017578125,236300,7792.92626953125,"Philippines","PSEI.PS"
2016-08-31,7770.7900390625,7802.81005859375,7707.3798828125,7787.3701171875,223600,7785.3681640625,"Philippines","PSEI.PS"
2016-09-01,7775.77978515625,7780.39013671875,7646.2998046875,7773.31005859375,224900,7771.3115234375,"Philippines","PSEI.PS"
2016-09-02,7769.919921875,7829.7001953125,7769.919921875,7807.419921875,122600,7805.41259765625,"Philippines","PSEI.PS"
2016-09-05,7780.14013671875,7807.93017578125,7747.06005859375,7764.0498046875,94000,7762.0537109375,"Philippines","PSEI.PS"
2016-09-06,7769.68994140625,7771.75,7697.41015625,7719.18017578125,127900,7717.19580078125,"Philippines","PSEI.PS"
2016-09-07,7723.14013671875,7723.14013671875,7597.31982421875,7619.10009765625,295200,7617.1416015625,"Philippines","PSEI.PS"
2016-09-08,7588.77978515625,7667.6201171875,7536.06982421875,7667.06982421875,197000,7665.0986328125,"Philippines","PSEI.PS"
2016-09-09,7678.75,7678.89990234375,7581.7900390625,7581.7900390625,113700,7579.8408203125,"Philippines","PSEI.PS"
2016-09-12,NA,NA,NA,NA,NA,NA,"Philippines","PSEI.PS"
2016-09-13,7569.990234375,7571.009765625,7527.759765625,7550.27001953125,138400,7548.3291015625,"Philippines","PSEI.PS"
2016-09-14,7526.2998046875,7546.009765625,7493.64013671875,7546.009765625,169800,7544.06982421875,"Philippines","PSEI.PS"
2016-09-15,7537.14013671875,7708.419921875,7510.6201171875,7708.419921875,114100,7706.4384765625,"Philippines","PSEI.PS"
2016-09-16,7683.669921875,7683.669921875,7549.31982421875,7553.759765625,176200,7551.81787109375,"Philippines","PSEI.PS"
2016-09-19,7570.64013671875,7576.83984375,7519.81005859375,7575.83984375,86300,7573.89208984375,"Philippines","PSEI.PS"
2016-09-20,7590.18994140625,7671.72021484375,7590.18994140625,7671.72021484375,109000,7669.748046875,"Philippines","PSEI.PS"
2016-09-21,7686.259765625,7686.259765625,7632.25,7675.419921875,123100,7673.44677734375,"Philippines","PSEI.PS"
2016-09-22,7714.0498046875,7770.3701171875,7712.2900390625,7762.35009765625,133600,7760.3544921875,"Philippines","PSEI.PS"
2016-09-23,7768.31005859375,7781.93017578125,7692.990234375,7723.60009765625,115900,7721.61474609375,"Philippines","PSEI.PS"
2016-09-26,7715.31982421875,7715.31982421875,7615.4501953125,7632.4599609375,91100,7630.498046875,"Philippines","PSEI.PS"
2016-09-27,7627,7627,7538,7557.33984375,122100,7555.39697265625,"Philippines","PSEI.PS"
2016-09-28,7559.2998046875,7603.81005859375,7554.93994140625,7586.9599609375,83800,7585.009765625,"Philippines","PSEI.PS"
2016-09-29,7611.0400390625,7714.85986328125,7605.419921875,7714.85986328125,186600,7712.87646484375,"Philippines","PSEI.PS"
2016-09-30,7709.77001953125,7709.77001953125,7629.72998046875,7629.72998046875,102200,7627.7685546875,"Philippines","PSEI.PS"
2016-10-03,7643.33984375,7677.72998046875,7643.33984375,7677.72998046875,78200,7675.75634765625,"Philippines","PSEI.PS"
2016-10-04,7670.22021484375,7719.240234375,7666.39990234375,7719.240234375,97300,7717.255859375,"Philippines","PSEI.PS"
2016-10-05,7706.66015625,7706.66015625,7607.080078125,7639.7900390625,80000,7637.826171875,"Philippines","PSEI.PS"
2016-10-06,7635.75,7642.7099609375,7609.009765625,7620.16015625,86000,7618.201171875,"Philippines","PSEI.PS"
2016-10-07,7621.56982421875,7628.85009765625,7550.89013671875,7578.2900390625,147500,7576.341796875,"Philippines","PSEI.PS"
2016-10-10,7584.4599609375,7586.35986328125,7523.97021484375,7534.7099609375,51000,7532.77294921875,"Philippines","PSEI.PS"
2016-10-11,7529.18017578125,7566.009765625,7510.25,7520.81982421875,103700,7518.88623046875,"Philippines","PSEI.PS"
2016-10-12,7494.64990234375,7495.490234375,7393.509765625,7429.81982421875,135600,7427.90966796875,"Philippines","PSEI.PS"
2016-10-13,7381.580078125,7393.85986328125,7312.18017578125,7312.18017578125,198900,7310.30029296875,"Philippines","PSEI.PS"
2016-10-14,7321.7099609375,7403.81005859375,7321.7099609375,7389.2998046875,148000,7387.400390625,"Philippines","PSEI.PS"
2016-10-17,7378.759765625,7426.56005859375,7358.2099609375,7358.2099609375,111600,7356.318359375,"Philippines","PSEI.PS"
2016-10-18,7361.93994140625,7571.14990234375,7357.14990234375,7571.14990234375,142900,7569.20361328125,"Philippines","PSEI.PS"
2016-10-19,7578.9599609375,7721.56982421875,7576.35009765625,7721.56982421875,178400,7719.5849609375,"Philippines","PSEI.PS"
2016-10-20,7705.4599609375,7720.02978515625,7656.990234375,7713.31982421875,107200,7711.3369140625,"Philippines","PSEI.PS"
2016-10-21,7714.18017578125,7714.18017578125,7645.39990234375,7650.22021484375,69900,7648.25341796875,"Philippines","PSEI.PS"
2016-10-24,7593.35986328125,7614.580078125,7571.43994140625,7609.31005859375,91300,7607.35400390625,"Philippines","PSEI.PS"
2016-10-25,7599.52978515625,7624.77001953125,7580.22021484375,7580.22021484375,87200,7578.271484375,"Philippines","PSEI.PS"
2016-10-26,7542.35986328125,7546.8701171875,7478.5498046875,7494.41015625,114400,7492.4833984375,"Philippines","PSEI.PS"
2016-10-27,7496.0498046875,7497.1201171875,7424.6298828125,7445.14013671875,117800,7443.22607421875,"Philippines","PSEI.PS"
2016-10-28,7442.919921875,7447.60986328125,7317.72021484375,7404.7998046875,103000,7402.89599609375,"Philippines","PSEI.PS"
2016-11-02,7371.68017578125,7374.56982421875,7237.33984375,7252.39990234375,149500,7250.53564453125,"Philippines","PSEI.PS"
2016-11-03,7230.3701171875,7252.5498046875,7129.10009765625,7160.91015625,183100,7159.0693359375,"Philippines","PSEI.PS"
2016-11-04,7174.39990234375,7227.3701171875,7160.60986328125,7227.3701171875,130800,7225.51220703125,"Philippines","PSEI.PS"
2016-11-07,7201.89990234375,7232.18017578125,7164.89990234375,7197.18994140625,0,7195.33984375,"Philippines","PSEI.PS"
2016-11-08,7307.7998046875,7307.7998046875,7307.7998046875,7307.7998046875,0,7305.92138671875,"Philippines","PSEI.PS"
2016-11-09,7325.41015625,7329.240234375,7038.18994140625,7119.0400390625,0,7117.2099609375,"Philippines","PSEI.PS"
2016-11-10,7232.5,7254.27001953125,7172.64990234375,7181.8701171875,0,7180.02392578125,"Philippines","PSEI.PS"
2016-11-11,7146.08984375,7153.5,6971.580078125,6975.08984375,177800,6973.296875,"Philippines","PSEI.PS"
2016-11-14,6939.31005859375,6945.259765625,6865.93994140625,6871.47998046875,0,6869.71337890625,"Philippines","PSEI.PS"
2016-11-15,6883.10986328125,6948.60986328125,6857.14990234375,6857.14990234375,0,6855.38720703125,"Philippines","PSEI.PS"
2016-11-16,6900.89990234375,7001.35986328125,6900.89990234375,6966.27978515625,0,6964.48876953125,"Philippines","PSEI.PS"
2016-11-17,6999.3798828125,7115.759765625,6993.66015625,7050.1201171875,0,7048.3076171875,"Philippines","PSEI.PS"
2016-11-18,7071.240234375,7082.60009765625,7037.580078125,7067.72998046875,67200,7065.9130859375,"Philippines","PSEI.PS"
2016-11-21,7073.1201171875,7084.72021484375,6947.60986328125,6979.06005859375,0,6977.26611328125,"Philippines","PSEI.PS"
2016-11-22,6973.75,6973.75,6802.72998046875,6802.72998046875,0,6800.98095703125,"Philippines","PSEI.PS"
2016-11-23,6822.06982421875,6836.64013671875,6722.31005859375,6836.64013671875,0,6834.8828125,"Philippines","PSEI.PS"
2016-11-24,6847.06982421875,6873.31005859375,6808.169921875,6873.31005859375,0,6871.54296875,"Philippines","PSEI.PS"
2016-11-25,6884.2900390625,6904.93017578125,6845.72021484375,6889.77978515625,66500,6888.0087890625,"Philippines","PSEI.PS"
2016-11-28,6902.08984375,6907.08984375,6786.259765625,6825.39990234375,0,6823.6455078125,"Philippines","PSEI.PS"
2016-11-29,6823.60009765625,6825.5400390625,6769.10986328125,6781.2001953125,234400,6779.45703125,"Philippines","PSEI.PS"
2016-12-01,6902.14013671875,6943.2001953125,6864.8701171875,6864.8701171875,0,6863.10546875,"Philippines","PSEI.PS"
2016-12-02,6880.669921875,6902.35009765625,6834.64990234375,6886.740234375,152200,6884.9697265625,"Philippines","PSEI.PS"
2016-12-05,6902.509765625,6902.509765625,6776.41015625,6776.41015625,0,6774.66796875,"Philippines","PSEI.PS"
2016-12-06,6808.509765625,6835.490234375,6751.93017578125,6806.14013671875,0,6804.390625,"Philippines","PSEI.PS"
2016-12-07,6810.240234375,6866.81005859375,6789.93994140625,6866.81005859375,0,6865.044921875,"Philippines","PSEI.PS"
2016-12-08,6930.10009765625,7022.3798828125,6903.91015625,7022.3798828125,0,7020.57470703125,"Philippines","PSEI.PS"
2016-12-09,7044.41015625,7045.830078125,7018.990234375,7043.16015625,126500,7041.349609375,"Philippines","PSEI.PS"
2016-12-12,7048.740234375,7048.740234375,6844.83984375,6868.89013671875,0,6867.12451171875,"Philippines","PSEI.PS"
2016-12-13,6874.16015625,6880.91015625,6799.22021484375,6880.91015625,0,6879.14111328125,"Philippines","PSEI.PS"
2016-12-14,6888.60986328125,6928.33984375,6888.60986328125,6928.33984375,0,6926.55859375,"Philippines","PSEI.PS"
2016-12-15,6891.66015625,6891.66015625,6837.35986328125,6855.31005859375,0,6853.5478515625,"Philippines","PSEI.PS"
2016-12-16,6855.240234375,6881.2099609375,6825.31982421875,6850.7099609375,185700,6848.94873046875,"Philippines","PSEI.PS"
2016-12-19,6843.25,6848.3701171875,6683.35009765625,6714.1298828125,0,6712.40380859375,"Philippines","PSEI.PS"
2016-12-20,6707.990234375,6710.16015625,6589.68994140625,6658.66015625,0,6656.9482421875,"Philippines","PSEI.PS"
2016-12-21,6687.08984375,6732.2001953125,6681.02001953125,6686.35986328125,0,6684.64111328125,"Philippines","PSEI.PS"
2016-12-22,6664.5498046875,6676.60009765625,6564.14990234375,6587.169921875,0,6585.4765625,"Philippines","PSEI.PS"
2016-12-23,6545.52978515625,6563.669921875,6499,6563.669921875,111900,6561.982421875,"Philippines","PSEI.PS"
2016-12-26,NA,NA,NA,NA,NA,NA,"Philippines","PSEI.PS"
2016-12-27,6579.2099609375,6658.2001953125,6575.85009765625,6658.2001953125,0,6656.48876953125,"Philippines","PSEI.PS"
2016-12-28,6688.93994140625,6846.43994140625,6677.06005859375,6846.43994140625,0,6844.6796875,"Philippines","PSEI.PS"
2016-12-29,6846.5498046875,6855.3701171875,6797.66015625,6840.64013671875,0,6838.88134765625,"Philippines","PSEI.PS"
2017-01-03,6840.06005859375,6861.31005859375,6746.7998046875,6861.31005859375,56100,6859.54638671875,"Philippines","PSEI.PS"
2017-01-04,6874.68017578125,7041.06005859375,6874.68017578125,7030.9501953125,204000,7029.142578125,"Philippines","PSEI.PS"
2017-01-05,7051.85986328125,7279.919921875,7049.33984375,7209.43994140625,223900,7207.58642578125,"Philippines","PSEI.PS"
2017-01-06,7184.4599609375,7289.509765625,7181.68994140625,7248.2001953125,205900,7246.3369140625,"Philippines","PSEI.PS"
2017-01-09,7255.18017578125,7276.33984375,7210.7998046875,7276.33984375,110300,7274.46923828125,"Philippines","PSEI.PS"
2017-01-10,7278.56982421875,7371.83984375,7276.72021484375,7364.33984375,256700,7362.44677734375,"Philippines","PSEI.PS"
2017-01-11,7362.240234375,7402.5400390625,7316.77978515625,7321.81982421875,162000,7319.9375,"Philippines","PSEI.PS"
2017-01-12,7335.66015625,7347.81982421875,7260.7099609375,7264.5498046875,127400,7262.68212890625,"Philippines","PSEI.PS"
2017-01-13,7256.72021484375,7270.85009765625,7227.16015625,7238.52001953125,109400,7236.6591796875,"Philippines","PSEI.PS"
2017-01-16,7243.5498046875,7279.47998046875,7225.43017578125,7238.4501953125,105000,7236.58935546875,"Philippines","PSEI.PS"
2017-01-17,7244.02978515625,7244.02978515625,7123.330078125,7123.330078125,223300,7121.4990234375,"Philippines","PSEI.PS"
2017-01-18,7136.14990234375,7165.14990234375,7129.89013671875,7156.35986328125,91900,7154.52001953125,"Philippines","PSEI.PS"
2017-01-19,7183.990234375,7246.080078125,7172.18994140625,7246.080078125,128200,7244.21728515625,"Philippines","PSEI.PS"
2017-01-20,7252.43994140625,7255.169921875,7204.27001953125,7232.66015625,128600,7230.80078125,"Philippines","PSEI.PS"
2017-01-23,7242.6201171875,7374.35009765625,7237.330078125,7374.35009765625,132800,7372.4541015625,"Philippines","PSEI.PS"
2017-01-24,7373.89013671875,7384.580078125,7340.5400390625,7370.64990234375,180700,7368.7548828125,"Philippines","PSEI.PS"
2017-01-25,7383.68017578125,7398.2900390625,7323.35986328125,7323.35986328125,153100,7321.47705078125,"Philippines","PSEI.PS"
2017-01-26,7320.64013671875,7361.77978515625,7320.64013671875,7332.64013671875,148200,7330.7548828125,"Philippines","PSEI.PS"
2017-01-27,7338.22021484375,7366.0400390625,7333.669921875,7333.669921875,150000,7331.78466796875,"Philippines","PSEI.PS"
2017-01-30,7350.89013671875,7376.93017578125,7336.7099609375,7336.7099609375,79500,7334.82373046875,"Philippines","PSEI.PS"
2017-01-31,7327.89990234375,7343.93017578125,7229.66015625,7229.66015625,112000,7227.8017578125,"Philippines","PSEI.PS"
2017-02-01,7297.72021484375,7300.2099609375,7209.72998046875,7227.4501953125,89800,7225.59228515625,"Philippines","PSEI.PS"
2017-02-02,7228.85009765625,7282.0400390625,7208.14013671875,7225.91015625,120500,7224.052734375,"Philippines","PSEI.PS"
2017-02-03,7223.33984375,7227.10009765625,7186.43994140625,7226.7001953125,140200,7224.84228515625,"Philippines","PSEI.PS"
2017-02-06,7244.31005859375,7294.39990234375,7243.64990234375,7294.39990234375,165300,7292.52490234375,"Philippines","PSEI.PS"
2017-02-07,7283.85009765625,7283.85009765625,7241.6201171875,7262.64013671875,118800,7260.77294921875,"Philippines","PSEI.PS"
2017-02-08,7277.89013671875,7286.43994140625,7221.43994140625,7234.81982421875,137100,7232.9599609375,"Philippines","PSEI.PS"
2017-02-09,7238.4501953125,7252.66015625,7227.85009765625,7252.66015625,109500,7250.7958984375,"Philippines","PSEI.PS"
2017-02-10,7257.72021484375,7265.52001953125,7196.75,7235.2099609375,138500,7233.35009765625,"Philippines","PSEI.PS"
2017-02-13,7241.7998046875,7294.669921875,7237.22998046875,7294.669921875,86100,7292.79443359375,"Philippines","PSEI.PS"
2017-02-14,7279.85009765625,7282.4599609375,7206.83984375,7206.83984375,110800,7204.9873046875,"Philippines","PSEI.PS"
2017-02-15,7217.240234375,7234.39990234375,7174.2998046875,7174.2998046875,185000,7172.45556640625,"Philippines","PSEI.PS"
2017-02-16,7176.64013671875,7293.16015625,7176.64013671875,7283.25,132900,7281.37744140625,"Philippines","PSEI.PS"
2017-02-17,7289.6298828125,7292.6201171875,7236.91015625,7244.7900390625,182500,7242.927734375,"Philippines","PSEI.PS"
2017-02-20,7252.5400390625,7281.18994140625,7252.5400390625,7281.18994140625,99700,7279.318359375,"Philippines","PSEI.PS"
2017-02-21,7284.93017578125,7284.93017578125,7258.31005859375,7282.68017578125,99400,7280.80810546875,"Philippines","PSEI.PS"
2017-02-22,7275.509765625,7304.4501953125,7263.2001953125,7304.4501953125,178000,7302.572265625,"Philippines","PSEI.PS"
2017-02-23,7312.419921875,7339.89990234375,7290.2099609375,7335.56005859375,173800,7333.67431640625,"Philippines","PSEI.PS"
2017-02-24,7328.9501953125,7331.72021484375,7258.990234375,7258.990234375,148800,7257.1240234375,"Philippines","PSEI.PS"
2017-02-27,7266.77978515625,7296,7232.47021484375,7232.47021484375,94500,7230.61083984375,"Philippines","PSEI.PS"
2017-02-28,7239.64013671875,7245.60009765625,7152.4501953125,7212.08984375,161300,7210.23583984375,"Philippines","PSEI.PS"
2017-03-01,7167.89013671875,7186.47998046875,7150.60986328125,7170.7001953125,205700,7168.85693359375,"Philippines","PSEI.PS"
2017-03-02,7183.4501953125,7244.0498046875,7183.4501953125,7234.93994140625,122300,7233.080078125,"Philippines","PSEI.PS"
2017-03-03,7232.47021484375,7247.1201171875,7197.16015625,7247.1201171875,100900,7245.2568359375,"Philippines","PSEI.PS"
2017-03-06,7228.919921875,7316.56982421875,7216.1201171875,7313.8701171875,150300,7311.98974609375,"Philippines","PSEI.PS"
2017-03-07,7310.64990234375,7326.06982421875,7285.25,7294.52001953125,143100,7292.64501953125,"Philippines","PSEI.PS"
2017-03-08,7314.419921875,7341.580078125,7294.56005859375,7294.56005859375,96700,7292.6845703125,"Philippines","PSEI.PS"
2017-03-09,7298.10009765625,7326.830078125,7295.4501953125,7295.4501953125,112000,7293.57470703125,"Philippines","PSEI.PS"
2017-03-10,7298.18017578125,7298.740234375,7146.27001953125,7146.27001953125,171500,7144.43310546875,"Philippines","PSEI.PS"
2017-03-13,7213.740234375,7238.60009765625,7202.169921875,7233.08984375,134100,7231.23046875,"Philippines","PSEI.PS"
2017-03-14,7253.1298828125,7281.56982421875,7244,7261.75,148100,7259.88330078125,"Philippines","PSEI.PS"
2017-03-15,7268.35009765625,7275.97998046875,7214.9599609375,7253.7900390625,191300,7251.92529296875,"Philippines","PSEI.PS"
2017-03-16,7279.85986328125,7320.5,7268.18017578125,7278.60009765625,117400,7276.72900390625,"Philippines","PSEI.PS"
2017-03-17,7307.009765625,7417.759765625,7274.68017578125,7345.02001953125,438500,7343.1318359375,"Philippines","PSEI.PS"
2017-03-20,7374.4501953125,7380.56982421875,7297.31982421875,7316.56982421875,151400,7314.68896484375,"Philippines","PSEI.PS"
2017-03-21,7319.919921875,7361.43994140625,7318.18994140625,7323.31005859375,191800,7321.42724609375,"Philippines","PSEI.PS"
2017-03-22,7300.4599609375,7300.4599609375,7230.169921875,7254.93017578125,211500,7253.06494140625,"Philippines","PSEI.PS"
2017-03-23,7299.89013671875,7315.89013671875,7281.85009765625,7301.02978515625,171100,7299.15283203125,"Philippines","PSEI.PS"
2017-03-24,7308.64990234375,7317.25,7269.6201171875,7269.6201171875,202700,7267.75146484375,"Philippines","PSEI.PS"
2017-03-27,7268.64013671875,7276,7222.14990234375,7245.97021484375,186200,7244.107421875,"Philippines","PSEI.PS"
2017-03-28,7276.259765625,7331.4599609375,7274.60009765625,7331.4599609375,156400,7329.5751953125,"Philippines","PSEI.PS"
2017-03-29,7320.08984375,7354.4599609375,7310.02001953125,7324,229800,7322.1171875,"Philippines","PSEI.PS"
2017-03-30,7327,7360,7327,7332.58984375,0,7330.70458984375,"Philippines","PSEI.PS"
2017-03-31,7336.60986328125,7340.64013671875,7301.68994140625,7311.72021484375,153400,7309.84033203125,"Philippines","PSEI.PS"
2017-04-03,7323.740234375,7346,7317.740234375,7341.64990234375,152500,7339.7626953125,"Philippines","PSEI.PS"
2017-04-04,7363.8798828125,7456.259765625,7354.56982421875,7446.490234375,166200,7444.576171875,"Philippines","PSEI.PS"
2017-04-05,7478.5,7584.85986328125,7476.56982421875,7584.2099609375,245400,7582.26025390625,"Philippines","PSEI.PS"
2017-04-06,7580.240234375,7603.89990234375,7529.47021484375,7565.31982421875,311100,7563.375,"Philippines","PSEI.PS"
2017-04-07,7559.64990234375,7667.330078125,7553.52001953125,7583.75,283500,7581.80029296875,"Philippines","PSEI.PS"
2017-04-10,7598.240234375,7624.2001953125,7580.35986328125,7617.91015625,168400,7615.95166015625,"Philippines","PSEI.PS"
2017-04-11,7615.9501953125,7645.10009765625,7588.81982421875,7601.39990234375,151300,7599.44580078125,"Philippines","PSEI.PS"
2017-04-12,7600.77978515625,7631.7998046875,7594.72021484375,7629.64013671875,158100,7627.6787109375,"Philippines","PSEI.PS"
2017-04-17,7615.43994140625,7621.5,7584.33984375,7588.52978515625,93900,7586.5791015625,"Philippines","PSEI.PS"
2017-04-18,7594.919921875,7607.830078125,7573.7099609375,7588.97998046875,105100,7587.02880859375,"Philippines","PSEI.PS"
2017-04-19,7586.43994140625,7591.81005859375,7502.93017578125,7522.97998046875,103900,7521.0458984375,"Philippines","PSEI.PS"
2017-04-20,7502.2900390625,7563.4501953125,7493.9599609375,7563.4501953125,185000,7561.505859375,"Philippines","PSEI.PS"
2017-04-21,7585.0400390625,7609.64990234375,7575.33984375,7578.16015625,131300,7576.2119140625,"Philippines","PSEI.PS"
2017-04-24,7585.35986328125,7599.0498046875,7565.02001953125,7588.8798828125,110800,7586.92919921875,"Philippines","PSEI.PS"
2017-04-25,7599.89990234375,7719.669921875,7596.39013671875,7700.4599609375,171400,7698.48046875,"Philippines","PSEI.PS"
2017-04-26,7708.85009765625,7733.77978515625,7683.47021484375,7726.4501953125,114000,7724.4638671875,"Philippines","PSEI.PS"
2017-04-27,7721.16015625,7721.16015625,7661.009765625,7661.009765625,120400,7659.04052734375,"Philippines","PSEI.PS"
2017-04-28,NA,NA,NA,NA,NA,NA,"Philippines","PSEI.PS"
2017-05-02,7687.2900390625,7720.330078125,7685.5400390625,7703.10009765625,140600,7701.11962890625,"Philippines","PSEI.PS"
2017-05-03,7713.85986328125,7731.97998046875,7682.259765625,7682.259765625,125500,7680.28466796875,"Philippines","PSEI.PS"
2017-05-04,7696.22021484375,7767.91015625,7689.2001953125,7755.75,148500,7753.75634765625,"Philippines","PSEI.PS"
2017-05-05,7753.06005859375,7908.97021484375,7742.509765625,7841.990234375,199200,7839.97412109375,"Philippines","PSEI.PS"
2017-05-08,7849.89013671875,7962.330078125,7849.89013671875,7962.330078125,234800,7960.283203125,"Philippines","PSEI.PS"
2017-05-09,7980.35986328125,8018.39013671875,7913.14013671875,7923.5,182000,7921.462890625,"Philippines","PSEI.PS"
2017-05-10,7915.06005859375,7943.72021484375,7794.169921875,7794.169921875,209900,7792.166015625,"Philippines","PSEI.PS"
2017-05-11,7798.81005859375,7863.97021484375,7773.169921875,7816.39990234375,204800,7814.390625,"Philippines","PSEI.PS"
2017-05-12,7797.83984375,7815.52978515625,7724.3701171875,7815.52978515625,169400,7813.5205078125,"Philippines","PSEI.PS"
2017-05-15,7818.02001953125,7860.31005859375,7772.93017578125,7772.93017578125,147200,7770.93212890625,"Philippines","PSEI.PS"
2017-05-16,7805.52978515625,7840.68017578125,7789.1298828125,7791.06982421875,2e+05,7789.06689453125,"Philippines","PSEI.PS"
2017-05-17,7805.56982421875,7842.2099609375,7803.08984375,7826.52978515625,159900,7824.517578125,"Philippines","PSEI.PS"
2017-05-18,7797.52001953125,7797.52001953125,7718.9599609375,7757.68994140625,141300,7755.69580078125,"Philippines","PSEI.PS"
2017-05-19,7755.35009765625,7767.6201171875,7738.75,7767.6201171875,117400,7765.623046875,"Philippines","PSEI.PS"
2017-05-22,7795.2900390625,7821.27978515625,7795.2900390625,7806.56982421875,186900,7804.56298828125,"Philippines","PSEI.PS"
2017-05-23,7823.02978515625,7848.14013671875,7812.14013671875,7812.14013671875,236600,7810.1318359375,"Philippines","PSEI.PS"
2017-05-24,7788.10986328125,7837.81982421875,7761.60986328125,7837.81982421875,122600,7835.8046875,"Philippines","PSEI.PS"
2017-05-25,7845.81005859375,7873.85986328125,7828.93994140625,7871.64990234375,131000,7869.62646484375,"Philippines","PSEI.PS"
2017-05-26,7870.02978515625,7885.419921875,7858.77001953125,7867.490234375,175600,7865.4677734375,"Philippines","PSEI.PS"
2017-05-29,7866.47998046875,7925.89990234375,7866.39990234375,7886.02978515625,167800,7884.00244140625,"Philippines","PSEI.PS"
2017-05-30,7891.75,7897.77001953125,7850.47021484375,7860.77001953125,148800,7858.7490234375,"Philippines","PSEI.PS"
2017-05-31,7855.97998046875,7858.2001953125,7816.60986328125,7837.1201171875,455100,7835.10546875,"Philippines","PSEI.PS"
2017-06-01,7835.27001953125,7936.02978515625,7835.27001953125,7927.490234375,203800,7925.4521484375,"Philippines","PSEI.PS"
2017-06-02,7921.39990234375,8002.31982421875,7907.66015625,7907.66015625,216000,7905.62744140625,"Philippines","PSEI.PS"
2017-06-05,7954.6201171875,8040.33984375,7954.6201171875,8001.3798828125,139700,7999.32275390625,"Philippines","PSEI.PS"
2017-06-06,8019.2001953125,8020.10009765625,7953.1201171875,7953.1201171875,142600,7951.07568359375,"Philippines","PSEI.PS"
2017-06-07,7964.02001953125,8018.25,7964.02001953125,8002.31982421875,185000,8000.2626953125,"Philippines","PSEI.PS"
2017-06-08,8007.0400390625,8046.6298828125,7947.7099609375,7958.6298828125,173100,7956.583984375,"Philippines","PSEI.PS"
2017-06-09,7961.4599609375,8026.330078125,7956.7099609375,7990.240234375,149000,7988.18603515625,"Philippines","PSEI.PS"
2017-06-12,NA,NA,NA,NA,NA,NA,"Philippines","PSEI.PS"
2017-06-13,7995.97998046875,7998.759765625,7900.10986328125,7917.89013671875,202300,7915.8544921875,"Philippines","PSEI.PS"
2017-06-14,7933.75,7966.009765625,7901.83984375,7966.009765625,151500,7963.9619140625,"Philippines","PSEI.PS"
2017-06-15,7975.43017578125,8028.22021484375,7964.490234375,7964.490234375,144900,7962.44287109375,"Philippines","PSEI.PS"
2017-06-16,7961.93994140625,7961.93994140625,7882.22021484375,7882.22021484375,414700,7880.19384765625,"Philippines","PSEI.PS"
2017-06-19,7900.72021484375,7951.080078125,7900.72021484375,7943.75,97000,7941.7080078125,"Philippines","PSEI.PS"
2017-06-20,7944.83984375,7950.56982421875,7917.85986328125,7917.85986328125,100200,7915.82421875,"Philippines","PSEI.PS"
2017-06-21,7921.8798828125,7921.8798828125,7851.97021484375,7886.3701171875,107800,7884.3427734375,"Philippines","PSEI.PS"
2017-06-22,7886.58984375,7886.58984375,7831.81982421875,7858.33984375,162500,7856.31982421875,"Philippines","PSEI.PS"
2017-06-23,7872.58984375,7872.58984375,7799.89013671875,7814.169921875,91600,7812.1611328125,"Philippines","PSEI.PS"
2017-06-26,NA,NA,NA,NA,NA,NA,"Philippines","PSEI.PS"
2017-06-27,7851.93017578125,7890.6298828125,7837.22998046875,7876.3701171875,89500,7874.34521484375,"Philippines","PSEI.PS"
2017-06-28,7889.7998046875,7894.330078125,7854.77978515625,7857.18017578125,108800,7855.16015625,"Philippines","PSEI.PS"
2017-06-29,7877.35009765625,7877.68994140625,7774.490234375,7788.06005859375,156800,7786.05810546875,"Philippines","PSEI.PS"
2017-06-30,7774.91015625,7843.16015625,7734.52001953125,7843.16015625,209200,7841.14404296875,"Philippines","PSEI.PS"
2017-07-03,7840.22998046875,7866.52001953125,7797.830078125,7866.52001953125,94000,7864.49755859375,"Philippines","PSEI.PS"
2017-07-04,7854.97998046875,7858.89990234375,7830.330078125,7833.9599609375,81400,7831.9462890625,"Philippines","PSEI.PS"
2017-07-05,7848.02978515625,7848.83984375,7821.3701171875,7848.83984375,101500,7846.822265625,"Philippines","PSEI.PS"
2017-07-06,7850.5,7892.7099609375,7849.080078125,7888.31005859375,167500,7886.2822265625,"Philippines","PSEI.PS"
2017-07-07,7887.68994140625,7894.60986328125,7880.1298828125,7889.330078125,139700,7887.3017578125,"Philippines","PSEI.PS"
2017-07-10,7889.47021484375,7900.27978515625,7837.47021484375,7837.47021484375,109400,7835.45556640625,"Philippines","PSEI.PS"
2017-07-11,7846.83984375,7863.66015625,7844.6298828125,7858.14013671875,129900,7856.1201171875,"Philippines","PSEI.PS"
2017-07-12,7872.6298828125,7952.9599609375,7872.6298828125,7938.3701171875,231200,7936.32958984375,"Philippines","PSEI.PS"
2017-07-13,7963.72998046875,7994.27001953125,7911.830078125,7936.85009765625,175400,7934.8095703125,"Philippines","PSEI.PS"
2017-07-14,7952.8701171875,7958.080078125,7875.52001953125,7885.89990234375,123400,7883.87255859375,"Philippines","PSEI.PS"
2017-07-17,7915.43017578125,7955.009765625,7914.43994140625,7934.5,89300,7932.46044921875,"Philippines","PSEI.PS"
2017-07-18,7941.3701171875,7967.81005859375,7941.3701171875,7952.919921875,134100,7950.87548828125,"Philippines","PSEI.PS"
2017-07-19,7974.4501953125,8005.31005859375,7967.7001953125,7972.89990234375,184100,7970.85009765625,"Philippines","PSEI.PS"
2017-07-20,7988.14013671875,8001.58984375,7904.33984375,7904.33984375,163000,7902.3076171875,"Philippines","PSEI.PS"
2017-07-21,7917.259765625,7989.72998046875,7849.259765625,7989.72998046875,133100,7987.67578125,"Philippines","PSEI.PS"
2017-07-24,7985.0400390625,7985.0400390625,7949.41015625,7962.64013671875,90400,7960.59326171875,"Philippines","PSEI.PS"
2017-07-25,7985.419921875,7999,7958.9501953125,7971.72021484375,134100,7969.6708984375,"Philippines","PSEI.PS"
2017-07-26,8007.7001953125,8062.990234375,7998.14013671875,8037.509765625,218500,8035.443359375,"Philippines","PSEI.PS"
2017-07-27,8072.2099609375,8106.740234375,8045.77978515625,8045.77978515625,172300,8043.71142578125,"Philippines","PSEI.PS"
2017-07-28,8075.72021484375,8079.7001953125,8046.759765625,8071.47021484375,115600,8069.39501953125,"Philippines","PSEI.PS"
2017-07-31,8068.66015625,8070.0400390625,7953.47021484375,8018.0498046875,175300,8015.98876953125,"Philippines","PSEI.PS"
2017-08-01,8015.68017578125,8017.18017578125,7906.60009765625,7906.60009765625,162200,7904.5673828125,"Philippines","PSEI.PS"
2017-08-02,7936.89013671875,8037.91015625,7872.64990234375,7872.64990234375,154400,7870.6259765625,"Philippines","PSEI.PS"
2017-08-03,7897.83984375,7946.31005859375,7862.10986328125,7876.66015625,114100,7874.63525390625,"Philippines","PSEI.PS"
2017-08-04,7918.91015625,7960.7998046875,7918.02978515625,7932.81982421875,250700,7930.7802734375,"Philippines","PSEI.PS"
2017-08-07,7955.3701171875,7992.27001953125,7955.10009765625,7992.27001953125,108700,7990.21533203125,"Philippines","PSEI.PS"
2017-08-08,8030.06982421875,8039.0498046875,7986.509765625,7986.509765625,157000,7984.45654296875,"Philippines","PSEI.PS"
2017-08-09,8007.25,8011.58984375,7940.97021484375,7985.830078125,148900,7983.77734375,"Philippines","PSEI.PS"
2017-08-10,7966.25,7966.25,7966.25,7966.25,0,7964.2021484375,"Philippines","PSEI.PS"
2017-08-11,7953.89013671875,7953.89013671875,7873.31005859375,7928.43017578125,108800,7926.39208984375,"Philippines","PSEI.PS"
2017-08-14,7954.89013671875,7973.33984375,7951.56982421875,7962.1201171875,105400,7960.0732421875,"Philippines","PSEI.PS"
2017-08-15,8003.080078125,8009.41015625,7964.330078125,8009.41015625,139300,8007.35107421875,"Philippines","PSEI.PS"
2017-08-16,8015.68994140625,8082.490234375,7996.009765625,8046.58984375,152700,8044.521484375,"Philippines","PSEI.PS"
2017-08-17,8084.41015625,8105.009765625,8049.60986328125,8072.75,117300,8070.6748046875,"Philippines","PSEI.PS"
2017-08-18,8079,8079,8015.68017578125,8016.72998046875,78100,8014.6689453125,"Philippines","PSEI.PS"
2017-08-21,8079,8079,8015.68017578125,8016.72998046875,80514400,8014.6689453125,"Philippines","PSEI.PS"
2017-08-22,8018.14013671875,8026.31005859375,7969.740234375,8015.93017578125,111500,8013.86962890625,"Philippines","PSEI.PS"
2017-08-23,8027.97021484375,8028.89990234375,7998.75,7998.75,87800,7996.69384765625,"Philippines","PSEI.PS"
2017-08-24,8023.39990234375,8023.39990234375,7978.85986328125,8004.93017578125,75900,8002.8720703125,"Philippines","PSEI.PS"
2017-08-25,8018.2001953125,8031.5,8009.72021484375,8015.14013671875,88900,8013.07958984375,"Philippines","PSEI.PS"
2017-08-28,NA,NA,NA,NA,NA,NA,"Philippines","PSEI.PS"
2017-08-29,8036.0400390625,8036.0400390625,7931.77978515625,7948.39013671875,113000,7946.3466796875,"Philippines","PSEI.PS"
2017-08-30,7978.7998046875,7984.3798828125,7912.43017578125,7956.72998046875,102900,7954.6845703125,"Philippines","PSEI.PS"
2017-08-31,7975.509765625,7976.2998046875,7943.2099609375,7958.56982421875,195900,7956.52392578125,"Philippines","PSEI.PS"
2017-09-01,NA,NA,NA,NA,NA,NA,"Philippines","PSEI.PS"
2017-09-04,NA,NA,NA,NA,NA,NA,"Philippines","PSEI.PS"
2017-09-05,8038.27978515625,8049.35009765625,7995.1298828125,8049.35009765625,152700,8047.28076171875,"Philippines","PSEI.PS"
2017-09-06,8025.240234375,8027.22021484375,7972.6201171875,7983.97021484375,155800,7981.91796875,"Philippines","PSEI.PS"
2017-09-07,8003.830078125,8025.740234375,7994.830078125,8022.97998046875,153000,8020.91748046875,"Philippines","PSEI.PS"
2017-09-08,8044.60009765625,8048.509765625,8018.91015625,8022.75,148000,8020.6875,"Philippines","PSEI.PS"
2017-09-11,8036.93017578125,8055.6298828125,8012.5498046875,8049.31005859375,96300,8047.24072265625,"Philippines","PSEI.PS"
2017-09-12,NA,NA,NA,NA,NA,NA,"Philippines","PSEI.PS"
2017-09-13,8097.27001953125,8103.68017578125,8047.0400390625,8053.8798828125,168400,8051.8095703125,"Philippines","PSEI.PS"
2017-09-14,8073.240234375,8169.64013671875,8071.759765625,8144.91015625,196500,8142.81640625,"Philippines","PSEI.PS"
2017-09-15,8141.39013671875,8180.85009765625,8104.9501953125,8180.85009765625,221100,8178.7470703125,"Philippines","PSEI.PS"
2017-09-18,8185.240234375,8294.1396484375,8155.93994140625,8294.1396484375,152700,8292.0078125,"Philippines","PSEI.PS"
2017-09-19,8299.8095703125,8299.849609375,8162.7001953125,8162.7001953125,198000,8160.6015625,"Philippines","PSEI.PS"
2017-09-20,8201.6904296875,8250,8201.6904296875,8219.3203125,123800,8217.20703125,"Philippines","PSEI.PS"
2017-09-21,8239.2197265625,8321.8095703125,8237.830078125,8286.8603515625,191100,8284.73046875,"Philippines","PSEI.PS"
2017-09-22,8297.9404296875,8314.4404296875,8275.4501953125,8281.26953125,97700,8279.140625,"Philippines","PSEI.PS"
2017-09-25,8247.41015625,8252.2001953125,8195.4501953125,8244.73046875,136100,8242.611328125,"Philippines","PSEI.PS"
2017-09-26,8230.5595703125,8230.5595703125,8119.58984375,8170.14013671875,380500,8168.0400390625,"Philippines","PSEI.PS"
2017-09-27,8159.18017578125,8221.919921875,8113.2998046875,8221.919921875,445500,8219.806640625,"Philippines","PSEI.PS"
2017-09-28,8223.6904296875,8223.6904296875,8151.85986328125,8156.0400390625,176700,8153.943359375,"Philippines","PSEI.PS"
2017-09-29,8151.580078125,8240.51953125,8151.580078125,8171.43017578125,171600,8169.32958984375,"Philippines","PSEI.PS"
2017-10-02,8210.759765625,8257.830078125,8197.8896484375,8256.2802734375,110100,8254.158203125,"Philippines","PSEI.PS"
2017-10-03,8261.2900390625,8321.2197265625,8261.2900390625,8312.9296875,112300,8310.79296875,"Philippines","PSEI.PS"
2017-10-04,8328.740234375,8377.7900390625,8328.740234375,8344.0498046875,96200,8341.904296875,"Philippines","PSEI.PS"
2017-10-05,8353.23046875,8355.6298828125,8294.009765625,8294.009765625,86100,8291.8779296875,"Philippines","PSEI.PS"
2017-10-06,8332.5595703125,8406.33984375,8297.01953125,8310.8798828125,109600,8308.7431640625,"Philippines","PSEI.PS"
2017-10-09,8333.7001953125,8367.3798828125,8326.7802734375,8367.3798828125,59200,8365.228515625,"Philippines","PSEI.PS"
2017-10-10,8354.8798828125,8409.919921875,8340.169921875,8398.0400390625,79300,8395.880859375,"Philippines","PSEI.PS"
2017-10-11,8418.330078125,8427.1298828125,8353.1103515625,8358.4697265625,156600,8356.3212890625,"Philippines","PSEI.PS"
2017-10-12,8367.08984375,8406.3603515625,8361.4404296875,8402.8095703125,111400,8400.6494140625,"Philippines","PSEI.PS"
2017-10-13,8422.2197265625,8447.9404296875,8399.83984375,8447.9404296875,132200,8445.7685546875,"Philippines","PSEI.PS"
2017-10-16,NA,NA,NA,NA,NA,NA,"Philippines","PSEI.PS"
2017-10-17,8484.9404296875,8586.73046875,8484.9404296875,8497.740234375,174100,8495.5556640625,"Philippines","PSEI.PS"
2017-10-18,8537.66015625,8548.580078125,8332.2998046875,8431.73046875,129200,8429.5625,"Philippines","PSEI.PS"
2017-10-19,8441.3603515625,8487.3701171875,8375.08984375,8487.3701171875,85500,8485.1884765625,"Philippines","PSEI.PS"
2017-10-20,8465.6396484375,8474.1796875,8415.900390625,8420.9501953125,78200,8418.78515625,"Philippines","PSEI.PS"
2017-10-23,8429.8896484375,8456.98046875,8342.2001953125,8348.3203125,94600,8346.173828125,"Philippines","PSEI.PS"
2017-10-24,8351.0302734375,8373.4501953125,8279.919921875,8279.919921875,88000,8277.791015625,"Philippines","PSEI.PS"
2017-10-25,8299.6796875,8327.759765625,8244.1103515625,8303.349609375,106100,8301.21484375,"Philippines","PSEI.PS"
2017-10-26,8301.169921875,8313.48046875,8225.9501953125,8267.919921875,78200,8265.794921875,"Philippines","PSEI.PS"
2017-10-27,8260.599609375,8295.9501953125,8209.8798828125,8295.9501953125,72000,8293.8173828125,"Philippines","PSEI.PS"
2017-10-30,8332.330078125,8365.259765625,8305.650390625,8365.259765625,66000,8363.109375,"Philippines","PSEI.PS"
2017-10-31,NA,NA,NA,NA,NA,NA,"Philippines","PSEI.PS"
2017-11-01,NA,NA,NA,NA,NA,NA,"Philippines","PSEI.PS"
2017-11-02,8342.98046875,8543.7998046875,8321.650390625,8516.01953125,153100,8513.830078125,"Philippines","PSEI.PS"
2017-11-03,8544.01953125,8605.150390625,8376.1298828125,8376.1298828125,163200,8373.9765625,"Philippines","PSEI.PS"
2017-11-06,8523.0703125,8523.0703125,8523.0703125,8523.0703125,0,8520.87890625,"Philippines","PSEI.PS"
2017-11-07,8519.66015625,8543.41015625,8462.2197265625,8521.8095703125,0,8519.619140625,"Philippines","PSEI.PS"
2017-11-08,8525.0400390625,8532.4501953125,8486.51953125,8508.490234375,0,8506.302734375,"Philippines","PSEI.PS"
2017-11-09,8515.400390625,8563.509765625,8506.76953125,8519.8203125,0,8517.6298828125,"Philippines","PSEI.PS"
2017-11-10,8548.0703125,8548.2099609375,8433.48046875,8433.48046875,101100,8431.3125,"Philippines","PSEI.PS"
2017-11-13,8460.6201171875,8486.6103515625,8330.01953125,8330.01953125,0,8327.8779296875,"Philippines","PSEI.PS"
2017-11-14,8349.6103515625,8379.6396484375,8280.4296875,8379.6396484375,0,8377.4853515625,"Philippines","PSEI.PS"
2017-11-15,8335.8701171875,8348.51953125,8260.6103515625,8273.4404296875,0,8271.3134765625,"Philippines","PSEI.PS"
2017-11-16,8211.0302734375,8332.9404296875,8206.4404296875,8206.4404296875,0,8204.3310546875,"Philippines","PSEI.PS"
2017-11-17,8274.8896484375,8326.8095703125,8262.900390625,8311.080078125,101500,8308.943359375,"Philippines","PSEI.PS"
2017-11-20,8332.7099609375,8371.9501953125,8321.98046875,8321.98046875,0,8319.8408203125,"Philippines","PSEI.PS"
2017-11-21,8339.8095703125,8340.6298828125,8289.1904296875,8289.1904296875,0,8287.0595703125,"Philippines","PSEI.PS"
2017-11-22,8306.7197265625,8346.919921875,8265.6796875,8265.6796875,0,8263.5546875,"Philippines","PSEI.PS"
2017-11-23,8291.8603515625,8343.23046875,8278.509765625,8343.23046875,0,8341.0859375,"Philippines","PSEI.PS"
2017-11-24,8330.08984375,8365.1103515625,8261.150390625,8365.1103515625,123000,8362.9599609375,"Philippines","PSEI.PS"
2017-11-27,8358.349609375,8361.6904296875,8261.2802734375,8361.6904296875,0,8359.541015625,"Philippines","PSEI.PS"
2017-11-28,8341.76953125,8341.76953125,8254.25,8291.8798828125,0,8289.748046875,"Philippines","PSEI.PS"
2017-11-29,8272.0703125,8304.3798828125,8213.650390625,8254.0302734375,206300,8251.908203125,"Philippines","PSEI.PS"
2017-11-30,8272.0703125,8304.3798828125,8213.650390625,8254.0302734375,0,8251.908203125,"Philippines","PSEI.PS"
2017-12-01,8236.150390625,8236.150390625,8122.31982421875,8144.02001953125,153000,8141.92626953125,"Philippines","PSEI.PS"
2017-12-04,8108.2099609375,8126.97021484375,8051.85986328125,8084.4501953125,0,8082.3720703125,"Philippines","PSEI.PS"
2017-12-05,8093.6298828125,8149.22021484375,8085.43994140625,8093.6298828125,0,8091.54931640625,"Philippines","PSEI.PS"
2017-12-06,8157.60009765625,8197.3896484375,8119.3701171875,8129.6201171875,0,8127.5302734375,"Philippines","PSEI.PS"
2017-12-07,8128.06005859375,8174.93017578125,8109.56982421875,8174.93017578125,0,8172.82861328125,"Philippines","PSEI.PS"
2017-12-08,8176.2099609375,8304.7001953125,8167.60009765625,8304.7001953125,115600,8302.5654296875,"Philippines","PSEI.PS"
2017-12-11,8296.23046875,8358.5703125,8277.259765625,8358.5703125,0,8356.421875,"Philippines","PSEI.PS"
2017-12-12,8346.26953125,8362.2802734375,8311.6796875,8334.0595703125,0,8331.9169921875,"Philippines","PSEI.PS"
2017-12-13,8341.8095703125,8363.150390625,8321.58984375,8359.6103515625,0,8357.4609375,"Philippines","PSEI.PS"
2017-12-14,8366.599609375,8461.0595703125,8344.01953125,8461.0595703125,0,8458.884765625,"Philippines","PSEI.PS"
2017-12-15,8425.66015625,8425.66015625,8337.0400390625,8337.0400390625,220000,8334.896484375,"Philippines","PSEI.PS"
2017-12-18,8422.8203125,8422.8203125,8422.8203125,8422.8203125,0,8420.6552734375,"Philippines","PSEI.PS"
2017-12-19,8422.08984375,8422.76953125,8348.8798828125,8365.9599609375,0,8363.8095703125,"Philippines","PSEI.PS"
2017-12-20,8376.3203125,8377.5703125,8343.990234375,8362.6103515625,0,8360.4609375,"Philippines","PSEI.PS"
2017-12-21,8371.91015625,8378.2802734375,8323.009765625,8378.2802734375,0,8376.1259765625,"Philippines","PSEI.PS"
2017-12-22,8377.919921875,8432.3095703125,8364.419921875,8432.3095703125,45600,8430.1416015625,"Philippines","PSEI.PS"
2017-12-25,NA,NA,NA,NA,NA,NA,"Philippines","PSEI.PS"
2017-12-26,NA,NA,NA,NA,NA,NA,"Philippines","PSEI.PS"
2017-12-27,8427.0498046875,8490.91015625,8412.8896484375,8490.91015625,0,8488.7275390625,"Philippines","PSEI.PS"
2017-12-28,8474.990234375,8571.4599609375,8468.1904296875,8535.08984375,0,8532.8955078125,"Philippines","PSEI.PS"
2017-12-29,8562.8603515625,8640.0400390625,8535.099609375,8558.419921875,165400,8556.2197265625,"Philippines","PSEI.PS"
2018-01-01,NA,NA,NA,NA,NA,NA,"Philippines","PSEI.PS"
2018-01-02,NA,NA,NA,NA,NA,NA,"Philippines","PSEI.PS"
2018-01-03,8584.4599609375,8724.1298828125,8580.5,8724.1298828125,0,8721.88671875,"Philippines","PSEI.PS"
2018-01-04,8710,8760.259765625,8690.33984375,8739.830078125,0,8737.5830078125,"Philippines","PSEI.PS"
2018-01-05,8743.41015625,8858.0703125,8739.740234375,8770,153500,8767.7451171875,"Philippines","PSEI.PS"
2018-01-08,8818.900390625,8820.5302734375,8713.8603515625,8745.1201171875,0,8742.8720703125,"Philippines","PSEI.PS"
2018-01-09,8758.9599609375,8923.7197265625,8755.400390625,8923.7197265625,0,8921.42578125,"Philippines","PSEI.PS"
2018-01-10,8914.25,8926.7802734375,8877.98046875,8920.2900390625,0,8917.9970703125,"Philippines","PSEI.PS"
2018-01-11,8908.6396484375,8909,8745.6298828125,8813.25,0,8810.984375,"Philippines","PSEI.PS"
2018-01-12,8836.2900390625,8868.5595703125,8803.6201171875,8814.6201171875,122000,8812.3544921875,"Philippines","PSEI.PS"
2018-01-15,8844.349609375,8897.5595703125,8809.5302734375,8857.7197265625,0,8855.4423828125,"Philippines","PSEI.PS"
2018-01-16,8890.740234375,8969.1796875,8865.1298828125,8865.1298828125,0,8862.8505859375,"Philippines","PSEI.PS"
2018-01-17,8879.669921875,8902.26953125,8821.41015625,8848.990234375,0,8846.7158203125,"Philippines","PSEI.PS"
2018-01-18,8790.0498046875,8822.400390625,8772.4501953125,8820.740234375,0,8818.47265625,"Philippines","PSEI.PS"
2018-01-19,8824.7197265625,8915.919921875,8802.7802734375,8915.919921875,120800,8913.6279296875,"Philippines","PSEI.PS"
2018-01-22,8893.1396484375,8975.1201171875,8883,8950.6201171875,0,8948.3193359375,"Philippines","PSEI.PS"
2018-01-23,8952.8095703125,8999.01953125,8916.0703125,8999.01953125,0,8996.7060546875,"Philippines","PSEI.PS"
2018-01-24,8992.3701171875,8992.3701171875,8898.2099609375,8920.23046875,0,8917.9375,"Philippines","PSEI.PS"
2018-01-25,8907.4501953125,8999.169921875,8907.240234375,8999.169921875,0,8996.8564453125,"Philippines","PSEI.PS"
2018-01-26,8995.6103515625,9041.2001953125,8945.3203125,9041.2001953125,113200,9038.8759765625,"Philippines","PSEI.PS"
2018-01-29,9061.75,9078.3701171875,9008.41015625,9058.6201171875,0,9056.291015625,"Philippines","PSEI.PS"
2018-01-30,9025.2900390625,9025.2900390625,8838.6904296875,8910.48046875,0,8908.189453125,"Philippines","PSEI.PS"
2018-01-31,8831.830078125,8831.830078125,8721.849609375,8764.009765625,0,8761.7568359375,"Philippines","PSEI.PS"
2018-02-01,8748.3798828125,8818.099609375,8738.7197265625,8738.7197265625,0,8736.4736328125,"Philippines","PSEI.PS"
2018-02-02,8746.8603515625,8810.75,8746.8603515625,8810.75,142600,8808.4853515625,"Philippines","PSEI.PS"
2018-02-05,8680.58984375,8680.58984375,8555.5498046875,8616,0,8613.78515625,"Philippines","PSEI.PS"
2018-02-06,8475.080078125,8550.419921875,8379.830078125,8550.419921875,0,8548.2216796875,"Philippines","PSEI.PS"
2018-02-07,8648,9700.5595703125,8603.1796875,8667.5595703125,0,8665.3310546875,"Philippines","PSEI.PS"
2018-02-08,8679.3701171875,8679.3701171875,8601.5302734375,8645.080078125,0,8642.857421875,"Philippines","PSEI.PS"
2018-02-09,8545.8798828125,8546.01953125,8421.740234375,8503.6904296875,110800,8501.50390625,"Philippines","PSEI.PS"
2018-02-12,8533.7998046875,8554.509765625,8460.5595703125,8487.91015625,0,8485.728515625,"Philippines","PSEI.PS"
2018-02-13,8514.0595703125,8570.1396484375,8476.4599609375,8570.1396484375,0,8567.9365234375,"Philippines","PSEI.PS"
2018-02-14,8563.5703125,8598.1103515625,8498.5703125,8598.1103515625,0,8595.900390625,"Philippines","PSEI.PS"
2018-02-15,8603.7099609375,8612.4404296875,8505.8603515625,8612.4404296875,174300,8610.2265625,"Philippines","PSEI.PS"
2018-02-16,NA,NA,NA,NA,NA,NA,"Philippines","PSEI.PS"
2018-02-19,8593.8701171875,8757.830078125,8538.2001953125,8710.2197265625,0,8707.98046875,"Philippines","PSEI.PS"
2018-02-20,8727.16015625,8728.080078125,8637.76953125,8722.7001953125,0,8720.4580078125,"Philippines","PSEI.PS"
2018-02-21,8677.509765625,8677.509765625,8613.5,8613.650390625,0,8611.4365234375,"Philippines","PSEI.PS"
2018-02-22,8598.5,8605.9296875,8472.8896484375,8515.5703125,0,8513.380859375,"Philippines","PSEI.PS"
2018-02-23,8520.73046875,8526.23046875,8465.7900390625,8467.5595703125,111100,8465.3828125,"Philippines","PSEI.PS"
2018-02-26,8450.150390625,8499.98046875,8373.6796875,8499.98046875,0,8497.794921875,"Philippines","PSEI.PS"
2018-02-27,8507.6796875,8592.3798828125,8507.4501953125,8592.3798828125,0,8590.1708984375,"Philippines","PSEI.PS"
2018-02-28,8538.5302734375,8575.4404296875,8475.2900390625,8475.2900390625,0,8473.111328125,"Philippines","PSEI.PS"
2018-03-01,8471.2197265625,8503.6796875,8429.75,8465.76953125,0,8463.5927734375,"Philippines","PSEI.PS"
2018-03-02,8414.9404296875,8458.5703125,8337.6904296875,8458.5703125,83800,8456.3955078125,"Philippines","PSEI.PS"
2018-03-05,8434.669921875,8449.8203125,8350.5302734375,8386.169921875,0,8384.013671875,"Philippines","PSEI.PS"
2018-03-06,8388.01953125,8411.759765625,8344.83984375,8360.2197265625,0,8358.0703125,"Philippines","PSEI.PS"
2018-03-07,8373.6201171875,8404.6904296875,8333.1103515625,8404.6904296875,0,8402.5302734375,"Philippines","PSEI.PS"
2018-03-08,8388.080078125,8389.740234375,8350.5302734375,8381.849609375,0,8379.6953125,"Philippines","PSEI.PS"
2018-03-09,8401.330078125,8409.75,8367.6298828125,8372.509765625,97800,8370.357421875,"Philippines","PSEI.PS"
2018-03-12,8442.25,8484.650390625,8425.9296875,8453.5,132000,8451.3271484375,"Philippines","PSEI.PS"
2018-03-13,8454.08984375,8462.25,8397.9599609375,8419.5703125,93100,8417.40625,"Philippines","PSEI.PS"
2018-03-14,8430.0302734375,8430.0302734375,8284.759765625,8348.740234375,98200,8346.59375,"Philippines","PSEI.PS"
2018-03-15,8322.099609375,8326.009765625,8190.009765625,8190.009765625,107600,8187.904296875,"Philippines","PSEI.PS"
2018-03-16,8200.1396484375,8258.08984375,8156.18994140625,8238.150390625,280800,8236.0322265625,"Philippines","PSEI.PS"
2018-03-19,8236.5400390625,8240.1298828125,8169,8235.5400390625,148100,8233.4228515625,"Philippines","PSEI.PS"
2018-03-20,8180.25,8180.25,8015.490234375,8059.60009765625,130700,8057.5283203125,"Philippines","PSEI.PS"
2018-03-21,8097.58984375,8097.58984375,7909.06982421875,7909.06982421875,152900,7907.03662109375,"Philippines","PSEI.PS"
2018-03-22,7934.830078125,8124.4501953125,7928.75,8124.4501953125,126600,8122.36181640625,"Philippines","PSEI.PS"
2018-03-23,7980.66015625,7980.66015625,7923.64990234375,7970.7998046875,102000,7968.75048828125,"Philippines","PSEI.PS"
2018-03-26,7948.0498046875,7949.60986328125,7834.10986328125,7932.3798828125,85100,7930.3408203125,"Philippines","PSEI.PS"
2018-03-27,7947.2099609375,8047.02978515625,7947.2099609375,8047.02978515625,94700,8044.9609375,"Philippines","PSEI.PS"
2018-03-28,8016.35009765625,8056.22021484375,7967.27978515625,7979.830078125,118100,7977.77880859375,"Philippines","PSEI.PS"
2018-03-29,NA,NA,NA,NA,NA,NA,"Philippines","PSEI.PS"
2018-03-30,NA,NA,NA,NA,NA,NA,"Philippines","PSEI.PS"
2018-04-02,7993.6298828125,8039.4501953125,7944.85986328125,8039.4501953125,60000,8037.38330078125,"Philippines","PSEI.PS"
2018-04-03,7976.330078125,8071.68017578125,7976.330078125,8048.72021484375,117400,8046.65087890625,"Philippines","PSEI.PS"
2018-04-04,8084.93017578125,8084.93017578125,7991.60009765625,7997.669921875,83500,7995.61376953125,"Philippines","PSEI.PS"
2018-04-05,8035.64013671875,8043.66015625,7988.3701171875,8022.16015625,57700,8020.09765625,"Philippines","PSEI.PS"
2018-04-06,8018.77001953125,8047.7001953125,7901.7900390625,7945.66015625,74400,7943.61767578125,"Philippines","PSEI.PS"
2018-04-09,NA,NA,NA,NA,NA,NA,"Philippines","PSEI.PS"
2018-04-10,7946.4501953125,7984.64013671875,7890.31005859375,7934.68017578125,115900,7932.64013671875,"Philippines","PSEI.PS"
2018-04-11,7958.330078125,7990.97998046875,7930.66015625,7943.93017578125,89900,7941.88818359375,"Philippines","PSEI.PS"
2018-04-12,7962.66015625,8043.06982421875,7951.08984375,8043.06982421875,83000,8041.001953125,"Philippines","PSEI.PS"
2018-04-13,8031.22998046875,8031.22998046875,7899.97998046875,7899.97998046875,123200,7897.94921875,"Philippines","PSEI.PS"
2018-04-16,7928.990234375,7928.990234375,7845.47021484375,7870.25,80900,7868.2265625,"Philippines","PSEI.PS"
2018-04-17,7861.72021484375,7861.72021484375,7691.7900390625,7723.39013671875,124500,7721.40478515625,"Philippines","PSEI.PS"
2018-04-18,7743.14013671875,7828.85009765625,7743.14013671875,7793.1298828125,121500,7791.12646484375,"Philippines","PSEI.PS"
2018-04-19,7689.35009765625,7756.39990234375,7537.419921875,7682.240234375,294800,7680.26513671875,"Philippines","PSEI.PS"
2018-04-20,7698.080078125,7783.5498046875,7691.93017578125,7726.72021484375,115500,7724.73388671875,"Philippines","PSEI.PS"
2018-04-23,7736.08984375,7746.85986328125,7663.52978515625,7719.47021484375,93800,7717.48583984375,"Philippines","PSEI.PS"
2018-04-24,7704.18017578125,7704.27001953125,7600.35986328125,7600.35986328125,101100,7598.40576171875,"Philippines","PSEI.PS"
2018-04-25,7595.490234375,7636.56982421875,7526.2998046875,7557.91015625,108800,7555.96728515625,"Philippines","PSEI.PS"
2018-04-26,7544.02001953125,7617.419921875,7529.1298828125,7617.419921875,79300,7615.4619140625,"Philippines","PSEI.PS"
2018-04-27,7631.43994140625,7721.02001953125,7604.5400390625,7721.02001953125,125500,7719.03515625,"Philippines","PSEI.PS"
2018-04-30,7726.9599609375,7822.83984375,7726.27001953125,7819.25,131400,7817.23974609375,"Philippines","PSEI.PS"
2018-05-01,NA,NA,NA,NA,NA,NA,"Philippines","PSEI.PS"
2018-05-02,7791.6298828125,7856.5,7736.06982421875,7736.06982421875,98800,7734.0810546875,"Philippines","PSEI.PS"
2018-05-03,7792.41015625,7792.41015625,7535.10009765625,7535.10009765625,140500,7533.1630859375,"Philippines","PSEI.PS"
2018-05-04,7541,7558.31005859375,7499.259765625,7546.18994140625,91700,7544.25,"Philippines","PSEI.PS"
2018-05-07,7578.7998046875,7581.72021484375,7517.08984375,7533.27978515625,58800,7531.34326171875,"Philippines","PSEI.PS"
2018-05-08,7544.10009765625,7615.22021484375,7543.35009765625,7577.56982421875,105500,7575.62158203125,"Philippines","PSEI.PS"
2018-05-09,7587.68017578125,7590.7998046875,7535.93017578125,7555.27001953125,104800,7553.32763671875,"Philippines","PSEI.PS"
2018-05-10,7547.4599609375,7630.2900390625,7531.66015625,7571,95400,7569.0537109375,"Philippines","PSEI.PS"
2018-05-11,7625.10009765625,7760.259765625,7625.10009765625,7752.10986328125,115100,7750.1171875,"Philippines","PSEI.PS"
2018-05-14,NA,NA,NA,NA,NA,NA,"Philippines","PSEI.PS"
2018-05-15,7771.89990234375,7906.4501953125,7765.4599609375,7885.97021484375,158700,7883.94287109375,"Philippines","PSEI.PS"
2018-05-16,7869.47998046875,7869.56005859375,7751.330078125,7869.56005859375,155200,7867.537109375,"Philippines","PSEI.PS"
2018-05-17,7855.89990234375,7855.89990234375,7694.1201171875,7694.1201171875,130800,7692.14208984375,"Philippines","PSEI.PS"
2018-05-18,7742.39013671875,7742.39013671875,7639.14990234375,7672.27978515625,79800,7670.3076171875,"Philippines","PSEI.PS"
2018-05-21,7693.22021484375,7715.66015625,7658.0498046875,7658.0498046875,66800,7656.0810546875,"Philippines","PSEI.PS"
2018-05-22,7698.22998046875,7698.64990234375,7633.52001953125,7646.2001953125,80900,7644.234375,"Philippines","PSEI.PS"
2018-05-23,7673.6201171875,7673.6201171875,7517.56005859375,7560.47021484375,99000,7558.5263671875,"Philippines","PSEI.PS"
2018-05-24,7573.669921875,7652.52978515625,7555.4501953125,7652.52978515625,70200,7650.5625,"Philippines","PSEI.PS"
2018-05-25,7673.81982421875,7674.2900390625,7605.97998046875,7647.509765625,77700,7645.5439453125,"Philippines","PSEI.PS"
2018-05-28,7669.9599609375,7669.9599609375,7598.1298828125,7642.89990234375,74600,7640.93505859375,"Philippines","PSEI.PS"
2018-05-29,7662.3701171875,7662.3701171875,7585.16015625,7602.35986328125,91500,7600.4052734375,"Philippines","PSEI.PS"
2018-05-30,7575.3798828125,7575.3798828125,7461.72998046875,7470.14013671875,112200,7468.2197265625,"Philippines","PSEI.PS"
2018-05-31,7496.10986328125,7537.6298828125,7457.0498046875,7497.169921875,376200,7495.24267578125,"Philippines","PSEI.PS"
2018-06-01,7499.89990234375,7630.259765625,7487.3701171875,7630.259765625,109900,7628.29833984375,"Philippines","PSEI.PS"
2018-06-04,7619.3798828125,7620.1298828125,7551.89013671875,7579.60986328125,75300,7577.6611328125,"Philippines","PSEI.PS"
2018-06-05,7594.5498046875,7685.759765625,7550.64013671875,7685.759765625,129300,7683.7841796875,"Philippines","PSEI.PS"
2018-06-06,7666.77001953125,7702.330078125,7654.1298828125,7689.14013671875,102400,7687.16357421875,"Philippines","PSEI.PS"
2018-06-07,7693.2998046875,7814.8798828125,7687.93994140625,7803.31005859375,152900,7801.30419921875,"Philippines","PSEI.PS"
2018-06-08,7803.35009765625,7803.35009765625,7718.330078125,7740.740234375,80000,7738.75048828125,"Philippines","PSEI.PS"
2018-06-11,7738.27978515625,7779.259765625,7699.669921875,7771.2998046875,58900,7769.3017578125,"Philippines","PSEI.PS"
2018-06-12,NA,NA,NA,NA,NA,NA,"Philippines","PSEI.PS"
2018-06-13,7722.43017578125,7723.85009765625,7553.740234375,7602.97998046875,121100,7601.025390625,"Philippines","PSEI.PS"
2018-06-14,7553.7998046875,7561.43994140625,7479.56982421875,7529.5400390625,272100,7527.6044921875,"Philippines","PSEI.PS"
2018-06-15,NA,NA,NA,NA,NA,NA,"Philippines","PSEI.PS"
2018-06-18,7403.93017578125,7414.10986328125,7328.2998046875,7414.10986328125,133400,7412.2041015625,"Philippines","PSEI.PS"
2018-06-19,7347.43994140625,7348.22998046875,7253.1201171875,7312.60986328125,120500,7310.72998046875,"Philippines","PSEI.PS"
2018-06-20,7316.2900390625,7349.740234375,7261.009765625,7261.6201171875,112700,7259.75341796875,"Philippines","PSEI.PS"
2018-06-21,7262.72998046875,7271.2099609375,7092.16015625,7098.14990234375,143000,7096.3251953125,"Philippines","PSEI.PS"
2018-06-22,7092.0400390625,7132.7099609375,6923.669921875,7063.2001953125,170000,7061.38427734375,"Philippines","PSEI.PS"
2018-06-25,7240.06005859375,7240.06005859375,6986.8798828125,6986.8798828125,118100,6985.08349609375,"Philippines","PSEI.PS"
2018-06-26,7014.0498046875,7021.259765625,6929.85986328125,7007.2099609375,111900,7005.40869140625,"Philippines","PSEI.PS"
2018-06-27,6997.990234375,7176.43017578125,6984.14013671875,7176.43017578125,119600,7174.58544921875,"Philippines","PSEI.PS"
2018-06-28,7128.509765625,7128.509765625,7055.6298828125,7066.56982421875,90200,7064.75341796875,"Philippines","PSEI.PS"
2018-06-29,7061.47998046875,7193.68017578125,7061.47998046875,7193.68017578125,132400,7191.8310546875,"Philippines","PSEI.PS"
2018-07-02,7184.6201171875,7261.2900390625,7160.830078125,7227.9599609375,100900,7226.10205078125,"Philippines","PSEI.PS"
2018-07-03,7223.0400390625,7267.33984375,7194.5498046875,7267.33984375,68200,7265.4716796875,"Philippines","PSEI.PS"
2018-07-04,7272.02978515625,7348.419921875,7227.2900390625,7348.419921875,99100,7346.53076171875,"Philippines","PSEI.PS"
2018-07-05,7306.009765625,7306.009765625,7225.06982421875,7233.56982421875,94400,7231.71044921875,"Philippines","PSEI.PS"
2018-07-06,7225.9501953125,7225.9501953125,7143.56982421875,7186.7099609375,69000,7184.8623046875,"Philippines","PSEI.PS"
2018-07-09,7196.830078125,7214.56982421875,7162.64013671875,7186.6201171875,71400,7184.7724609375,"Philippines","PSEI.PS"
2018-07-10,7218.25,7233.2900390625,7192.580078125,7233.2900390625,75400,7231.4306640625,"Philippines","PSEI.PS"
2018-07-11,7245.72998046875,7333.72998046875,7239.10986328125,7333.72998046875,76200,7331.8447265625,"Philippines","PSEI.PS"
2018-07-12,7328.0400390625,7370.4599609375,7307.60009765625,7350.580078125,91000,7348.6904296875,"Philippines","PSEI.PS"
2018-07-13,7372.47998046875,7405.419921875,7366.5,7399.18017578125,74000,7397.27783203125,"Philippines","PSEI.PS"
2018-07-16,7388.97998046875,7390,7334.8798828125,7369.43994140625,47300,7367.54541015625,"Philippines","PSEI.PS"
2018-07-17,7375.10009765625,7385.9501953125,7346.77978515625,7381.68017578125,51300,7379.78271484375,"Philippines","PSEI.PS"
2018-07-18,7381.740234375,7451.3701171875,7379.97021484375,7451.3701171875,59200,7449.45458984375,"Philippines","PSEI.PS"
2018-07-19,7443.93994140625,7459.14013671875,7365.68994140625,7387.8701171875,69600,7385.970703125,"Philippines","PSEI.PS"
2018-07-20,7390.56982421875,7411.4501953125,7327.35009765625,7399.60986328125,87400,7397.70751953125,"Philippines","PSEI.PS"
2018-07-23,7388.5,7408.16015625,7368.52001953125,7376.7998046875,84700,7374.9033203125,"Philippines","PSEI.PS"
2018-07-24,7362.97998046875,7447.02001953125,7362.97998046875,7447.02001953125,89500,7445.10546875,"Philippines","PSEI.PS"
2018-07-25,7438.85009765625,7620.39013671875,7438.85009765625,7514,149100,7512.068359375,"Philippines","PSEI.PS"
2018-07-26,7557.85986328125,7665.85009765625,7557.85986328125,7665.85009765625,160600,7663.87939453125,"Philippines","PSEI.PS"
2018-07-27,7661.66015625,7701.3798828125,7586.33984375,7701.3798828125,132900,7699.39990234375,"Philippines","PSEI.PS"
2018-07-30,7693.4501953125,7773.31982421875,7683.10009765625,7773.31982421875,96200,7771.3212890625,"Philippines","PSEI.PS"
2018-07-31,7730.08984375,7742.85009765625,7623.77001953125,7672,153400,7670.02783203125,"Philippines","PSEI.PS"
2018-08-01,7664.990234375,7838.22021484375,7655.2998046875,7838.22021484375,137400,7836.205078125,"Philippines","PSEI.PS"
2018-08-02,7824.52001953125,7824.52001953125,7746.08984375,7759.5498046875,92600,7757.55517578125,"Philippines","PSEI.PS"
2018-08-03,7763.490234375,7819.39013671875,7709.85986328125,7819.39013671875,99500,7817.3798828125,"Philippines","PSEI.PS"
2018-08-06,7809.3798828125,7843.58984375,7784.0498046875,7817.31005859375,79000,7815.30029296875,"Philippines","PSEI.PS"
2018-08-07,7813.3798828125,7814.89013671875,7725.85009765625,7725.85009765625,85000,7723.86376953125,"Philippines","PSEI.PS"
2018-08-08,7737.490234375,7851.4599609375,7737.490234375,7851.4599609375,126600,7849.44140625,"Philippines","PSEI.PS"
2018-08-09,7856.7001953125,7879.27001953125,7751.419921875,7820.7099609375,143900,7818.69921875,"Philippines","PSEI.PS"
2018-08-10,7804.02001953125,7840.6298828125,7781.81982421875,7804.97998046875,98300,7802.9736328125,"Philippines","PSEI.PS"
2018-08-13,7782.10986328125,7782.10986328125,7634.60009765625,7635.27001953125,78500,7633.30712890625,"Philippines","PSEI.PS"
2018-08-14,7623.10986328125,7623.10986328125,7508.830078125,7527.77978515625,77300,7525.8447265625,"Philippines","PSEI.PS"
2018-08-15,7520.990234375,7566.6201171875,7513.43994140625,7540.919921875,54400,7538.9814453125,"Philippines","PSEI.PS"
2018-08-16,7534.56982421875,7541.919921875,7478.93994140625,7517.35986328125,75700,7515.42724609375,"Philippines","PSEI.PS"
2018-08-17,7529.9599609375,7617.490234375,7529.9599609375,7583.52001953125,94500,7581.5703125,"Philippines","PSEI.PS"
2018-08-20,7592.169921875,7606.81005859375,7500.52978515625,7500.52978515625,43600,7498.6015625,"Philippines","PSEI.PS"
2018-08-21,NA,NA,NA,NA,NA,NA,"Philippines","PSEI.PS"
2018-08-22,7551.64990234375,7632.259765625,7529.64013671875,7632.259765625,73400,7630.2978515625,"Philippines","PSEI.PS"
2018-08-23,7623.77001953125,7804.02978515625,7623.77001953125,7804.02978515625,121500,7802.0234375,"Philippines","PSEI.PS"
2018-08-24,7775.52001953125,7783.2900390625,7718.169921875,7766.47021484375,131000,7764.4736328125,"Philippines","PSEI.PS"
2018-08-27,NA,NA,NA,NA,NA,NA,"Philippines","PSEI.PS"
2018-08-28,7769.81005859375,7861.60009765625,7769.81005859375,7844.60986328125,123400,7842.59326171875,"Philippines","PSEI.PS"
2018-08-29,7803.0400390625,7831.33984375,7773.06982421875,7830.9599609375,159700,7828.94677734375,"Philippines","PSEI.PS"
2018-08-30,7818.27001953125,7875.16015625,7818.27001953125,7853.16015625,151000,7851.14111328125,"Philippines","PSEI.PS"
2018-08-31,7838.06005859375,7855.7099609375,7776.85009765625,7855.7099609375,174700,7853.6904296875,"Philippines","PSEI.PS"
2018-09-03,7879,7879,7820.919921875,7832.22021484375,147800,7830.20654296875,"Philippines","PSEI.PS"
2018-09-04,7842.68017578125,7881.81982421875,7828.3798828125,7881.81982421875,89700,7879.79345703125,"Philippines","PSEI.PS"
2018-09-05,7859.759765625,7861.39990234375,7699.02001953125,7752.27001953125,120200,7750.27734375,"Philippines","PSEI.PS"
2018-09-06,7715.14013671875,7715.14013671875,7552.240234375,7638.7099609375,121200,7636.74609375,"Philippines","PSEI.PS"
2018-09-07,7597.419921875,7620.8798828125,7526.72998046875,7598.64013671875,112000,7596.6865234375,"Philippines","PSEI.PS"
2018-09-10,7591.509765625,7605.56982421875,7466.27001953125,7596.14990234375,111600,7594.197265625,"Philippines","PSEI.PS"
2018-09-11,7582.81005859375,7582.81005859375,7492.39990234375,7518.009765625,77400,7516.0771484375,"Philippines","PSEI.PS"
2018-09-12,7505.2001953125,7534.22998046875,7449.2001953125,7449.2001953125,88900,7447.28515625,"Philippines","PSEI.PS"
2018-09-13,7473.39990234375,7517.3701171875,7452.81005859375,7517.3701171875,87000,7515.4375,"Philippines","PSEI.PS"
2018-09-14,7508.33984375,7517.6298828125,7413.14990234375,7413.14990234375,88300,7411.244140625,"Philippines","PSEI.PS"
2018-09-17,7424.8798828125,7433.68994140625,7399.18994140625,7413.56005859375,53600,7411.654296875,"Philippines","PSEI.PS"
2018-09-18,7411.77001953125,7418.5400390625,7273.97998046875,7286.33984375,96700,7284.466796875,"Philippines","PSEI.PS"
2018-09-19,7285.56982421875,7337.68017578125,7203.35986328125,7221.22998046875,100500,7219.37353515625,"Philippines","PSEI.PS"
2018-09-20,7256.52978515625,7259.759765625,7134.72998046875,7134.72998046875,90400,7132.89599609375,"Philippines","PSEI.PS"
2018-09-21,7184.56982421875,7383,7180,7383,194300,7381.10205078125,"Philippines","PSEI.PS"
2018-09-24,7361.580078125,7433.60986328125,7361.580078125,7433.60986328125,67700,7431.69873046875,"Philippines","PSEI.PS"
2018-09-25,7426.66015625,7426.66015625,7331.75,7332.169921875,57200,7330.28515625,"Philippines","PSEI.PS"
2018-09-26,7342.60986328125,7342.60986328125,7205.0400390625,7268.2099609375,136300,7266.34130859375,"Philippines","PSEI.PS"
2018-09-27,7272.43994140625,7320.58984375,7215.669921875,7320.58984375,78900,7318.7080078125,"Philippines","PSEI.PS"
2018-09-28,7313.669921875,7375.52001953125,7276.81982421875,7276.81982421875,103200,7274.94921875,"Philippines","PSEI.PS"
2018-10-01,7256.5400390625,7261.39990234375,7176.2001953125,7222.080078125,63300,7220.2236328125,"Philippines","PSEI.PS"
2018-10-02,7237.41015625,7237.41015625,7093.919921875,7132.35986328125,101400,7130.5263671875,"Philippines","PSEI.PS"
2018-10-03,7129.39990234375,7210.8701171875,7095.259765625,7210.8701171875,56300,7209.0166015625,"Philippines","PSEI.PS"
2018-10-04,7190.830078125,7194.06005859375,7093.33984375,7093.33984375,60100,7091.51611328125,"Philippines","PSEI.PS"
2018-10-05,7093.919921875,7102.330078125,7072.27978515625,7078.2001953125,59600,7076.38037109375,"Philippines","PSEI.PS"
2018-10-08,7079.8798828125,7123.2900390625,7050.81982421875,7050.81982421875,56300,7049.00732421875,"Philippines","PSEI.PS"
2018-10-09,7063.91015625,7066.10986328125,7016.47998046875,7059.3798828125,59800,7057.56494140625,"Philippines","PSEI.PS"
2018-10-10,7092.7998046875,7092.7998046875,6960.43017578125,7001.14013671875,86300,6999.34033203125,"Philippines","PSEI.PS"
2018-10-11,6934.759765625,6934.759765625,6790.580078125,6884.3798828125,96400,6882.60986328125,"Philippines","PSEI.PS"
2018-10-12,6872.89013671875,7004.77001953125,6847.85986328125,7004.77001953125,87000,7002.96923828125,"Philippines","PSEI.PS"
2018-10-15,7035.97021484375,7063.3798828125,6926.509765625,6926.509765625,72300,6924.72900390625,"Philippines","PSEI.PS"
2018-10-16,6936.169921875,6987.02001953125,6894.2900390625,6987.02001953125,82500,6985.2236328125,"Philippines","PSEI.PS"
2018-10-17,7015.5498046875,7140.080078125,7015.5498046875,7099.68017578125,99600,7097.85498046875,"Philippines","PSEI.PS"
2018-10-18,7095.89013671875,7141.25,7060.83984375,7141.25,47700,7139.4140625,"Philippines","PSEI.PS"
2018-10-19,7122.5,7162.68017578125,7086.56982421875,7151.52001953125,88100,7149.681640625,"Philippines","PSEI.PS"
2018-10-22,7144.97998046875,7251.080078125,7124.7001953125,7236.16015625,79300,7234.2998046875,"Philippines","PSEI.PS"
2018-10-23,7262.7099609375,7265.10986328125,7159.72021484375,7197.6201171875,66100,7195.77001953125,"Philippines","PSEI.PS"
2018-10-24,7185.830078125,7186.31982421875,7129.419921875,7129.419921875,77900,7127.5869140625,"Philippines","PSEI.PS"
2018-10-25,7086.169921875,7086.169921875,6941.10009765625,6966.83984375,108300,6965.048828125,"Philippines","PSEI.PS"
2018-10-26,6987.7998046875,7065.3798828125,6979.06982421875,7064.330078125,59300,7062.51416015625,"Philippines","PSEI.PS"
2018-10-29,7054.64990234375,7109.02978515625,7046.10986328125,7109.02978515625,51300,7107.2021484375,"Philippines","PSEI.PS"
2018-10-30,7093.75,7097.39013671875,7016.06005859375,7016.06005859375,47000,7014.25634765625,"Philippines","PSEI.PS"
2018-10-31,7032.6298828125,7140.2900390625,7032.6298828125,7140.2900390625,150600,7138.45458984375,"Philippines","PSEI.PS"
2018-11-01,NA,NA,NA,NA,NA,NA,"Philippines","PSEI.PS"
2018-11-02,NA,NA,NA,NA,NA,NA,"Philippines","PSEI.PS"
2018-11-05,7204.1298828125,7242.990234375,7189.6298828125,7213.43994140625,71402900,7211.58544921875,"Philippines","PSEI.PS"
2018-11-06,7213.2099609375,7276.5400390625,7162.169921875,7180.10986328125,0,7178.26416015625,"Philippines","PSEI.PS"
2018-11-07,7181.259765625,7185.60986328125,6994.259765625,7133.93017578125,0,7132.09619140625,"Philippines","PSEI.PS"
2018-11-08,7025.080078125,7027,6946.830078125,7006.5400390625,0,7004.73876953125,"Philippines","PSEI.PS"
2018-11-09,7039.39013671875,7039.39013671875,6941.990234375,6968.81982421875,84800,6967.0283203125,"Philippines","PSEI.PS"
2018-11-12,6926.2001953125,6926.2001953125,6926.2001953125,6926.2001953125,0,6924.41943359375,"Philippines","PSEI.PS"
2018-11-13,6912.14013671875,6913.509765625,6820.22021484375,6843.830078125,0,6842.07080078125,"Philippines","PSEI.PS"
2018-11-14,6867.330078125,6932.39990234375,6861.08984375,6923.080078125,0,6921.30029296875,"Philippines","PSEI.PS"
2018-11-15,6912.18994140625,6971.6298828125,6898.5498046875,6952.58984375,0,6950.802734375,"Philippines","PSEI.PS"
2018-11-16,7009.080078125,7121.85009765625,7009.080078125,7083.33984375,162700,7081.51904296875,"Philippines","PSEI.PS"
2018-11-19,7105.81005859375,7270.259765625,7099.68017578125,7270.259765625,0,7268.390625,"Philippines","PSEI.PS"
2018-11-20,7234.81005859375,7311.5400390625,7171.7998046875,7302.93994140625,0,7301.0625,"Philippines","PSEI.PS"
2018-11-21,7262.240234375,7267.1298828125,7202.93994140625,7265.4501953125,0,7263.58251953125,"Philippines","PSEI.PS"
2018-11-22,7260.81005859375,7278.8798828125,7228.35009765625,7268.3798828125,0,7266.51123046875,"Philippines","PSEI.PS"
2018-11-23,7277.919921875,7348.14013671875,7264.3701171875,7340.18017578125,87300,7338.29296875,"Philippines","PSEI.PS"
2018-11-26,7352.2900390625,7428.2900390625,7332.43017578125,7397.8701171875,0,7395.96826171875,"Philippines","PSEI.PS"
2018-11-27,7399.89013671875,7413.6298828125,7349.72021484375,7413.6298828125,0,7411.72412109375,"Philippines","PSEI.PS"
2018-11-28,7420.259765625,7423.77978515625,7350.27978515625,7382.43017578125,0,7380.5322265625,"Philippines","PSEI.PS"
2018-11-29,7409.35009765625,7482.35009765625,7367.85009765625,7367.85009765625,344400,7365.9560546875,"Philippines","PSEI.PS"
2018-11-30,NA,NA,NA,NA,NA,NA,"Philippines","PSEI.PS"
2018-12-03,7468.6201171875,7539.669921875,7468.6201171875,7532.89990234375,0,7530.96337890625,"Philippines","PSEI.PS"
2018-12-04,7537.41015625,7703.919921875,7522.97021484375,7703.919921875,0,7701.939453125,"Philippines","PSEI.PS"
2018-12-05,7579.9599609375,7634.08984375,7550.9599609375,7630.89990234375,0,7628.93798828125,"Philippines","PSEI.PS"
2018-12-06,7633.919921875,7637.18017578125,7535.31982421875,7535.31982421875,0,7533.3828125,"Philippines","PSEI.PS"
2018-12-07,7529.9501953125,7538.18994140625,7449.9501953125,7461.06005859375,88300,7459.14208984375,"Philippines","PSEI.PS"
2018-12-10,7445.509765625,7445.509765625,7348.2099609375,7348.2099609375,0,7346.32080078125,"Philippines","PSEI.PS"
2018-12-11,7386.10986328125,7451.080078125,7379.0498046875,7451.080078125,0,7449.16455078125,"Philippines","PSEI.PS"
2018-12-12,7455.97998046875,7488.240234375,7425.66015625,7488.240234375,0,7486.3154296875,"Philippines","PSEI.PS"
2018-12-13,7514.35009765625,7556.240234375,7513.56005859375,7522.919921875,0,7520.98583984375,"Philippines","PSEI.PS"
2018-12-14,7506.39990234375,7559.27001953125,7503.08984375,7524.3701171875,128800,7522.435546875,"Philippines","PSEI.PS"
2018-12-17,7501.27001953125,7538.14013671875,7490.56005859375,7520.39990234375,0,7518.466796875,"Philippines","PSEI.PS"
2018-12-18,7478.35986328125,7482.2099609375,7397.22998046875,7420.39990234375,0,7418.4921875,"Philippines","PSEI.PS"
2018-12-19,7412.27978515625,7579.6201171875,7406.52978515625,7579.6201171875,0,7577.67138671875,"Philippines","PSEI.PS"
2018-12-20,7514.06982421875,7584.43994140625,7498.18994140625,7563.41015625,0,7561.4658203125,"Philippines","PSEI.PS"
2018-12-21,7536.8701171875,7548.1298828125,7452.240234375,7479.7099609375,123500,7477.787109375,"Philippines","PSEI.PS"
2018-12-24,NA,NA,NA,NA,NA,NA,"Philippines","PSEI.PS"
2018-12-25,NA,NA,NA,NA,NA,NA,"Philippines","PSEI.PS"
2018-12-26,7436.72998046875,7453.22021484375,7378.8798828125,7450.009765625,0,7448.0947265625,"Philippines","PSEI.PS"
2018-12-27,7465.0400390625,7514.330078125,7447.22021484375,7482.66015625,0,7480.736328125,"Philippines","PSEI.PS"
2018-12-28,7497.16015625,7507.2900390625,7466.02001953125,7466.02001953125,82400,7464.1005859375,"Philippines","PSEI.PS"
2018-12-31,NA,NA,NA,NA,NA,NA,"Philippines","PSEI.PS"
2019-01-01,NA,NA,NA,NA,NA,NA,"Philippines","PSEI.PS"
2019-01-02,7496.56982421875,7540.259765625,7465.759765625,7489.2001953125,0,7487.27490234375,"Philippines","PSEI.PS"
2019-01-03,7507.47998046875,7680.60009765625,7490.27978515625,7680.60009765625,0,7678.62548828125,"Philippines","PSEI.PS"
2019-01-04,7657.18017578125,7801.5,7657.18017578125,7761.10986328125,160400,7759.11474609375,"Philippines","PSEI.PS"
2019-01-07,7800.8798828125,7900.7001953125,7787.66015625,7787.66015625,0,7785.658203125,"Philippines","PSEI.PS"
2019-01-08,7820.259765625,7826.080078125,7702.1201171875,7702.1201171875,0,7700.14013671875,"Philippines","PSEI.PS"
2019-01-09,7775.2099609375,7858.35986328125,7765.91015625,7855.22021484375,0,7853.20068359375,"Philippines","PSEI.PS"
2019-01-10,7931.8701171875,7992.330078125,7898.6298828125,7985.22998046875,0,7983.17724609375,"Philippines","PSEI.PS"
2019-01-11,7965.43994140625,7965.43994140625,7855.68994140625,7904.08984375,138400,7902.05810546875,"Philippines","PSEI.PS"
2019-01-14,7886.39990234375,8024.14013671875,7818.9501953125,8024.14013671875,0,8022.0771484375,"Philippines","PSEI.PS"
2019-01-15,8009.080078125,8027.919921875,7976.43017578125,8013.419921875,0,8011.35986328125,"Philippines","PSEI.PS"
2019-01-16,7983.4599609375,7990.64990234375,7848.7001953125,7864.7001953125,0,7862.67822265625,"Philippines","PSEI.PS"
2019-01-17,7866.419921875,7937.97998046875,7865.1298828125,7927.2001953125,0,7925.162109375,"Philippines","PSEI.PS"
2019-01-18,7932.10986328125,8057.56982421875,7919.5,8047.1201171875,169200,8045.05126953125,"Philippines","PSEI.PS"
2019-01-21,8055.47998046875,8067.080078125,7964.06005859375,8007.4599609375,0,8005.4013671875,"Philippines","PSEI.PS"
2019-01-22,8023.83984375,8029.7998046875,7979.14013671875,8008.669921875,0,8006.611328125,"Philippines","PSEI.PS"
2019-01-23,7941.0498046875,7989.64990234375,7901.64013671875,7989.64990234375,0,7987.59619140625,"Philippines","PSEI.PS"
2019-01-24,8000.64990234375,8068.47998046875,8000.64990234375,8064.89990234375,0,8062.82666015625,"Philippines","PSEI.PS"
2019-01-25,8075.66015625,8116.22998046875,8038.93994140625,8053.2001953125,76400,8051.1298828125,"Philippines","PSEI.PS"
2019-01-28,8071.1201171875,8143.60986328125,8042.2001953125,8053.919921875,0,8051.849609375,"Philippines","PSEI.PS"
2019-01-29,8086.93017578125,8087.39013671875,8014.93994140625,8050.81982421875,0,8048.75,"Philippines","PSEI.PS"
2019-01-30,8038.77001953125,8046.9501953125,7912.16015625,7979.9501953125,0,7977.89892578125,"Philippines","PSEI.PS"
2019-01-31,7999.41015625,8099.22998046875,7999.41015625,8007.47998046875,0,8005.42138671875,"Philippines","PSEI.PS"
2019-02-01,8038.64990234375,8165.66015625,8038.64990234375,8144.16015625,107200,8142.06640625,"Philippines","PSEI.PS"
2019-02-04,8131.5498046875,8148.8798828125,8068.740234375,8069.47998046875,46700,8067.40576171875,"Philippines","PSEI.PS"
2019-02-05,NA,NA,NA,NA,NA,NA,"Philippines","PSEI.PS"
2019-02-06,8091.4501953125,8213.7099609375,8058.4501953125,8058.4501953125,0,8056.37841796875,"Philippines","PSEI.PS"
2019-02-07,8093.169921875,8127.080078125,8087.72998046875,8100.2998046875,0,8098.21728515625,"Philippines","PSEI.PS"
2019-02-08,8091.7001953125,8096.47021484375,8035.83984375,8070.89013671875,108500,8068.8154296875,"Philippines","PSEI.PS"
2019-02-11,8088.33984375,8105.580078125,8061.5400390625,8061.5400390625,0,8059.4677734375,"Philippines","PSEI.PS"
2019-02-12,8076.60009765625,8083.52978515625,7984.419921875,8009.919921875,0,8007.86083984375,"Philippines","PSEI.PS"
2019-02-13,8040.33984375,8040.43017578125,7889.4599609375,7920.240234375,0,7918.2041015625,"Philippines","PSEI.PS"
2019-02-14,7960.18994140625,7996.2099609375,7920.6201171875,7991.25,0,7989.19580078125,"Philippines","PSEI.PS"
2019-02-15,7965.169921875,7999.83984375,7908.89013671875,7908.89013671875,153100,7906.85693359375,"Philippines","PSEI.PS"
2019-02-18,7924.60009765625,7964.0498046875,7910.580078125,7910.580078125,0,7908.54638671875,"Philippines","PSEI.PS"
2019-02-19,7923.35986328125,7938.7900390625,7830.6298828125,7833.75,0,7831.736328125,"Philippines","PSEI.PS"
2019-02-20,7849.080078125,7944.58984375,7848.47021484375,7939.240234375,0,7937.19921875,"Philippines","PSEI.PS"
2019-02-21,7946.66015625,7946.66015625,7892.580078125,7931.2998046875,0,7929.2607421875,"Philippines","PSEI.PS"
2019-02-22,7940.2900390625,7962.1298828125,7894.56005859375,7962.1298828125,73500,7960.0830078125,"Philippines","PSEI.PS"
2019-02-25,NA,NA,NA,NA,NA,NA,"Philippines","PSEI.PS"
2019-02-26,7996.14990234375,7996.14990234375,7945.02978515625,7988.16015625,0,7986.1064453125,"Philippines","PSEI.PS"
2019-02-27,7962.10009765625,7972.68994140625,7877.6298828125,7889.1201171875,0,7887.091796875,"Philippines","PSEI.PS"
2019-02-28,7919.990234375,7919.990234375,7705.490234375,7705.490234375,0,7703.50927734375,"Philippines","PSEI.PS"
2019-03-01,7711.7001953125,7754.4501953125,7587.990234375,7641.77001953125,144200,7639.8056640625,"Philippines","PSEI.PS"
2019-03-04,7631.89990234375,7698.43994140625,7595.919921875,7675.47021484375,0,7673.4970703125,"Philippines","PSEI.PS"
2019-03-05,7700.3798828125,7734.7099609375,7667.14013671875,7670.6201171875,0,7668.6484375,"Philippines","PSEI.PS"
2019-03-06,7674.56005859375,7821.33984375,7674.56005859375,7821.33984375,0,7819.3291015625,"Philippines","PSEI.PS"
2019-03-07,7806.5,7881.7900390625,7795.2099609375,7881.7900390625,0,7879.763671875,"Philippines","PSEI.PS"
2019-03-08,7868.5,7884.4599609375,7797.10986328125,7797.10986328125,77300,7795.10546875,"Philippines","PSEI.PS"
2019-03-11,7815.27978515625,7823.7998046875,7708.72021484375,7708.72021484375,127600,7706.73828125,"Philippines","PSEI.PS"
2019-03-12,7728.27001953125,7773.60986328125,7728.27001953125,7747.5400390625,0,7745.54833984375,"Philippines","PSEI.PS"
2019-03-13,7725.6201171875,7766.14990234375,7724.7900390625,7766.14990234375,85400,7764.1533203125,"Philippines","PSEI.PS"
2019-03-14,7741.77978515625,7763.97021484375,7718.77001953125,7750.419921875,109900,7748.42724609375,"Philippines","PSEI.PS"
2019-03-15,7748.06982421875,7798.27978515625,7701.740234375,7798.27978515625,340800,7796.27490234375,"Philippines","PSEI.PS"
2019-03-18,7794.580078125,7873.02001953125,7760.509765625,7873.02001953125,83500,7870.99609375,"Philippines","PSEI.PS"
2019-03-19,7863.7001953125,7878.7998046875,7843.41015625,7843.41015625,98600,7841.39404296875,"Philippines","PSEI.PS"
2019-03-20,7848.16015625,7875.6201171875,7823.60009765625,7858.2001953125,87800,7856.18017578125,"Philippines","PSEI.PS"
2019-03-21,7875.77978515625,7954.72021484375,7869.31005859375,7954.72021484375,134100,7952.67529296875,"Philippines","PSEI.PS"
2019-03-22,7956.669921875,8032.39990234375,7951.06005859375,8013.419921875,166500,8011.35986328125,"Philippines","PSEI.PS"
2019-03-25,7994.33984375,7994.33984375,7808.31982421875,7863.02001953125,87100,7860.99853515625,"Philippines","PSEI.PS"
2019-03-26,7875.2998046875,7910.68994140625,7869.43017578125,7907.02978515625,76200,7904.9970703125,"Philippines","PSEI.PS"
2019-03-27,7915.91015625,7915.91015625,7840.64013671875,7861.0498046875,83500,7859.02880859375,"Philippines","PSEI.PS"
2019-03-28,7897.72021484375,7898.47021484375,7856.08984375,7876.39990234375,87900,7874.375,"Philippines","PSEI.PS"
2019-03-29,7891.08984375,7920.93017578125,7887.47021484375,7920.93017578125,129100,7918.89404296875,"Philippines","PSEI.PS"
2019-04-01,7923.16015625,7923.830078125,7809.60986328125,7840.31005859375,90900,7838.29443359375,"Philippines","PSEI.PS"
2019-04-02,7854.35009765625,7893.5,7854.35009765625,7879.2099609375,93500,7877.1845703125,"Philippines","PSEI.PS"
2019-04-03,7880.47998046875,7895.06005859375,7860.509765625,7895.06005859375,74400,7893.0302734375,"Philippines","PSEI.PS"
2019-04-04,7892.6201171875,7897.60986328125,7835.740234375,7854.1298828125,128600,7852.11083984375,"Philippines","PSEI.PS"
2019-04-05,7866.41015625,7886.6298828125,7866.41015625,7873.18017578125,96700,7871.15625,"Philippines","PSEI.PS"
2019-04-08,7879.47021484375,7955.27001953125,7879.47021484375,7915.6298828125,132600,7913.59521484375,"Philippines","PSEI.PS"
2019-04-09,NA,NA,NA,NA,NA,NA,"Philippines","PSEI.PS"
2019-04-10,7976.43994140625,8008.52978515625,7953.14013671875,8008.52978515625,172600,8006.47119140625,"Philippines","PSEI.PS"
2019-04-11,7990.7099609375,7999.52001953125,7955.7998046875,7955.7998046875,104500,7953.75439453125,"Philippines","PSEI.PS"
2019-04-12,7970.9599609375,7979.52978515625,7880.81982421875,7880.81982421875,93500,7878.7939453125,"Philippines","PSEI.PS"
2019-04-15,7887.77978515625,7914.75,7787.97998046875,7787.97998046875,112000,7785.97802734375,"Philippines","PSEI.PS"
2019-04-16,7800.06005859375,7859.72021484375,7799.1298828125,7826.4599609375,163500,7824.44775390625,"Philippines","PSEI.PS"
2019-04-17,7832.7099609375,7860.740234375,7823.85986328125,7835.14990234375,129800,7833.1357421875,"Philippines","PSEI.PS"
2019-04-18,NA,NA,NA,NA,NA,NA,"Philippines","PSEI.PS"
2019-04-19,NA,NA,NA,NA,NA,NA,"Philippines","PSEI.PS"
2019-04-22,7840.22998046875,7858.83984375,7818.0400390625,7832.43017578125,84200,7830.41650390625,"Philippines","PSEI.PS"
2019-04-23,7827.02978515625,7834.77978515625,7769.72021484375,7818.93017578125,90800,7816.919921875,"Philippines","PSEI.PS"
2019-04-24,7799.06005859375,7846.990234375,7799.06005859375,7846.990234375,166600,7844.97314453125,"Philippines","PSEI.PS"
2019-04-25,7848.4501953125,7894.4501953125,7831.6201171875,7894.4501953125,133200,7892.4208984375,"Philippines","PSEI.PS"
2019-04-26,7892.89990234375,7899.56982421875,7839.52001953125,7868.27978515625,104900,7866.2568359375,"Philippines","PSEI.PS"
2019-04-29,7861.22021484375,7897.02001953125,7846.330078125,7897.02001953125,0,7894.98974609375,"Philippines","PSEI.PS"
2019-04-30,7891.56982421875,7952.72021484375,7888.8701171875,7952.72021484375,106600,7950.67578125,"Philippines","PSEI.PS"
2019-05-01,NA,NA,NA,NA,NA,NA,"Philippines","PSEI.PS"
2019-05-02,7952.52001953125,8040.77978515625,7946.7900390625,8001.56982421875,131000,7999.5126953125,"Philippines","PSEI.PS"
2019-05-03,8004.27001953125,8077.509765625,7967.97998046875,7967.97998046875,168900,7965.931640625,"Philippines","PSEI.PS"
2019-05-06,7972.85986328125,7974.35986328125,7851.16015625,7862.2998046875,121700,7860.27880859375,"Philippines","PSEI.PS"
2019-05-07,7871.509765625,7922.0498046875,7861.33984375,7910.6298828125,0,7908.59619140625,"Philippines","PSEI.PS"
2019-05-08,7902.64013671875,7926.68994140625,7754.9501953125,7926.68994140625,143900,7924.65234375,"Philippines","PSEI.PS"
2019-05-09,7857.75,7864.02001953125,7755.6201171875,7755.6201171875,168200,7753.62646484375,"Philippines","PSEI.PS"
2019-05-10,7755.93994140625,7841.64990234375,7719.43017578125,7742.2001953125,117200,7740.2099609375,"Philippines","PSEI.PS"
2019-05-13,NA,NA,NA,NA,NA,NA,"Philippines","PSEI.PS"
2019-05-14,7718.31005859375,7718.31005859375,7577.72021484375,7646.66015625,182100,7644.6943359375,"Philippines","PSEI.PS"
2019-05-15,7671.16015625,7711.18994140625,7576.7099609375,7576.7099609375,116000,7574.76220703125,"Philippines","PSEI.PS"
2019-05-16,7559.9501953125,7586.1201171875,7475.16015625,7475.16015625,178700,7473.23828125,"Philippines","PSEI.PS"
2019-05-17,7482.47021484375,7636.91015625,7482.47021484375,7583.81982421875,134400,7581.8701171875,"Philippines","PSEI.PS"
2019-05-20,7586.9501953125,7660.14013671875,7533.9501953125,7660.14013671875,83800,7658.1708984375,"Philippines","PSEI.PS"
2019-05-21,7662.47998046875,7740.8798828125,7639.58984375,7721.56005859375,96500,7719.5751953125,"Philippines","PSEI.PS"
2019-05-22,7731.02978515625,7838.5498046875,7725.43017578125,7815.06982421875,111600,7813.060546875,"Philippines","PSEI.PS"
2019-05-23,7807.5,7821.89013671875,7764.10986328125,7804.02978515625,82300,7802.0234375,"Philippines","PSEI.PS"
2019-05-24,7770.6298828125,7770.6298828125,7664.52001953125,7747.08984375,85800,7745.09814453125,"Philippines","PSEI.PS"
2019-05-27,7718.7998046875,7742.4501953125,7693.93994140625,7725.009765625,69900,7723.02392578125,"Philippines","PSEI.PS"
2019-05-28,7728.39013671875,7784.66015625,7702.89990234375,7761.2900390625,350900,7759.294921875,"Philippines","PSEI.PS"
2019-05-29,7778.47998046875,7816.3798828125,7778.47998046875,7797.75,96800,7795.74560546875,"Philippines","PSEI.PS"
2019-05-30,7810.56005859375,7908.5,7809.10986328125,7836.5498046875,159300,7834.53515625,"Philippines","PSEI.PS"
2019-05-31,7872.77001953125,7970.02001953125,7872.77001953125,7970.02001953125,148600,7967.97119140625,"Philippines","PSEI.PS"
2019-06-03,7963.330078125,8139.740234375,7951.8701171875,8084.8798828125,166500,8082.80126953125,"Philippines","PSEI.PS"
2019-06-04,8075.77978515625,8083.3701171875,7945.3701171875,7945.3701171875,105000,7943.32763671875,"Philippines","PSEI.PS"
2019-06-05,NA,NA,NA,NA,NA,NA,"Philippines","PSEI.PS"
2019-06-06,7980.39013671875,7980.39013671875,7937.72998046875,7959.85986328125,119900,7957.8134765625,"Philippines","PSEI.PS"
2019-06-07,7955.7998046875,7983.97998046875,7921.7998046875,7983.97998046875,60300,7981.927734375,"Philippines","PSEI.PS"
2019-06-10,7981.58984375,8055.0498046875,7967.240234375,8045.39013671875,90200,8043.32177734375,"Philippines","PSEI.PS"
2019-06-11,8045.97998046875,8108.259765625,8030.97998046875,8030.97998046875,106100,8028.91552734375,"Philippines","PSEI.PS"
2019-06-12,NA,NA,NA,NA,NA,NA,"Philippines","PSEI.PS"
2019-06-13,8032.22021484375,8051.759765625,7953.27978515625,8051.759765625,113400,8049.68994140625,"Philippines","PSEI.PS"
2019-06-14,8058.2099609375,8058.2099609375,7944.81982421875,7990.2001953125,96300,7988.14599609375,"Philippines","PSEI.PS"
2019-06-17,7991.77978515625,7991.77978515625,7908.990234375,7908.990234375,59500,7906.95703125,"Philippines","PSEI.PS"
2019-06-18,7898.43994140625,7935.14013671875,7875.5,7922.0400390625,73900,7920.00341796875,"Philippines","PSEI.PS"
2019-06-19,7941.490234375,8017.009765625,7937.9599609375,8017.009765625,84200,8014.94873046875,"Philippines","PSEI.PS"
2019-06-20,7984.7998046875,8022.419921875,7952.85986328125,8022.419921875,109900,8020.357421875,"Philippines","PSEI.PS"
2019-06-21,8032.85986328125,8055.47021484375,7999.02001953125,8055.47021484375,219200,8053.3994140625,"Philippines","PSEI.PS"
2019-06-24,8067.580078125,8103.91015625,8060.580078125,8060.580078125,101300,8058.5078125,"Philippines","PSEI.PS"
2019-06-25,8074.14990234375,8100.080078125,8034.08984375,8034.08984375,105100,8032.0244140625,"Philippines","PSEI.PS"
2019-06-26,8025.0400390625,8051.58984375,7983.14013671875,8013.56982421875,114400,8011.509765625,"Philippines","PSEI.PS"
2019-06-27,8003.3701171875,8057.64013671875,8003.22021484375,8057.64013671875,104800,8055.56884765625,"Philippines","PSEI.PS"
2019-06-28,8032.2998046875,8042.22021484375,7951.33984375,7999.7099609375,122000,7997.6533203125,"Philippines","PSEI.PS"
2019-07-01,8011.47021484375,8043.7099609375,7993.66015625,8043.7099609375,75200,8041.64208984375,"Philippines","PSEI.PS"
2019-07-02,8038.22021484375,8093.60009765625,8022.52001953125,8093.60009765625,119000,8091.51953125,"Philippines","PSEI.PS"
2019-07-03,8100.35009765625,8122.39013671875,8092.259765625,8092.68017578125,101300,8090.599609375,"Philippines","PSEI.PS"
2019-07-04,8096.27978515625,8112.83984375,8064.919921875,8064.919921875,69800,8062.8466796875,"Philippines","PSEI.PS"
2019-07-05,8072.2099609375,8125.16015625,8072.2099609375,8117.93994140625,84800,8115.85302734375,"Philippines","PSEI.PS"
2019-07-08,8108.25,8108.5400390625,8051.52001953125,8051.52001953125,82400,8049.4501953125,"Philippines","PSEI.PS"
2019-07-09,8045.1201171875,8053.6201171875,8010.68994140625,8042.0400390625,89300,8039.97265625,"Philippines","PSEI.PS"
2019-07-10,8051.4501953125,8078.2099609375,8020.8701171875,8078.2099609375,86800,8076.13330078125,"Philippines","PSEI.PS"
2019-07-11,8098.3701171875,8154.490234375,8083.22021484375,8154.490234375,89700,8152.39404296875,"Philippines","PSEI.PS"
2019-07-12,8159.6298828125,8197.51953125,8141.81982421875,8141.81982421875,142200,8139.7265625,"Philippines","PSEI.PS"
2019-07-15,8153.8798828125,8365.2900390625,8153.8798828125,8365.2900390625,139400,8363.1396484375,"Philippines","PSEI.PS"
2019-07-16,8354.83984375,8419.58984375,8263.5703125,8263.5703125,179700,8261.4462890625,"Philippines","PSEI.PS"
2019-07-17,8286.8603515625,8311.6796875,8232.099609375,8233.48046875,87300,8231.3642578125,"Philippines","PSEI.PS"
2019-07-18,8241.58984375,8300.490234375,8241.58984375,8258.0498046875,70100,8255.9267578125,"Philippines","PSEI.PS"
2019-07-19,8280.23046875,8311.919921875,8264.5595703125,8270.0703125,110600,8267.9443359375,"Philippines","PSEI.PS"
2019-07-22,8163,8246.830078125,8163,8246.830078125,76600,8244.7099609375,"Philippines","PSEI.PS"
2019-07-23,8247.9296875,8264.8896484375,8226.23046875,8251.4599609375,92600,8249.3388671875,"Philippines","PSEI.PS"
2019-07-24,8217.6396484375,8243.830078125,8161.490234375,8161.490234375,72500,8159.39208984375,"Philippines","PSEI.PS"
2019-07-25,8169.919921875,8272.1796875,8115.43994140625,8272.1796875,96200,8270.052734375,"Philippines","PSEI.PS"
2019-07-26,8210.51953125,8235.4599609375,8177.0400390625,8183.990234375,75500,8181.88623046875,"Philippines","PSEI.PS"
2019-07-29,8190.02001953125,8205.150390625,8116.06005859375,8188.52001953125,54600,8186.4150390625,"Philippines","PSEI.PS"
2019-07-30,8176.60009765625,8176.60009765625,8120.72021484375,8150.4599609375,118900,8148.36474609375,"Philippines","PSEI.PS"
2019-07-31,8142.16015625,8142.16015625,8023.4501953125,8045.7998046875,105100,8043.7314453125,"Philippines","PSEI.PS"
2019-08-01,8035.75,8098.16015625,7975.52978515625,8098.16015625,90800,8096.078125,"Philippines","PSEI.PS"
2019-08-02,8083.31982421875,8129.93017578125,8006.5498046875,8129.93017578125,75200,8127.84033203125,"Philippines","PSEI.PS"
2019-08-05,8102,8102,7890.02001953125,7890.02001953125,124800,7887.99169921875,"Philippines","PSEI.PS"
2019-08-06,7832.68994140625,7832.68994140625,7720.02001953125,7766.75,163600,7764.75341796875,"Philippines","PSEI.PS"
2019-08-07,7792.31005859375,7917.39013671875,7792.31005859375,7917.39013671875,96000,7915.35498046875,"Philippines","PSEI.PS"
2019-08-08,7931.91015625,7959.33984375,7910.4599609375,7914.16015625,136100,7912.12548828125,"Philippines","PSEI.PS"
2019-08-09,7918.5400390625,7941.9599609375,7854.39013671875,7854.39013671875,101200,7852.37109375,"Philippines","PSEI.PS"
2019-08-12,NA,NA,NA,NA,NA,NA,"Philippines","PSEI.PS"
2019-08-13,7849.43017578125,7850.8701171875,7622.27001953125,7788.4501953125,235500,7786.44775390625,"Philippines","PSEI.PS"
2019-08-14,7858.64990234375,7858.64990234375,7858.64990234375,7858.64990234375,0,7856.6298828125,"Philippines","PSEI.PS"
2019-08-15,7719.02001953125,7828.85986328125,7624.2001953125,7828.85986328125,198000,7826.84716796875,"Philippines","PSEI.PS"
2019-08-16,7802.56005859375,7885.93994140625,7777.06982421875,7795.97998046875,167300,7793.97607421875,"Philippines","PSEI.PS"
2019-08-19,7813.919921875,7938.35009765625,7765.14990234375,7938.35009765625,214000,7936.3095703125,"Philippines","PSEI.PS"
2019-08-20,7917.58984375,7917.58984375,7845.14990234375,7886.91015625,123600,7884.8828125,"Philippines","PSEI.PS"
2019-08-21,NA,NA,NA,NA,NA,NA,"Philippines","PSEI.PS"
2019-08-22,7842.08984375,7848.830078125,7755.419921875,7848.830078125,268000,7846.8125,"Philippines","PSEI.PS"
2019-08-23,7806.0498046875,7889.41015625,7747.39013671875,7889.41015625,159400,7887.3818359375,"Philippines","PSEI.PS"
2019-08-26,NA,NA,NA,NA,NA,NA,"Philippines","PSEI.PS"
2019-08-27,7832.419921875,7832.419921875,7723.93994140625,7747.3798828125,282700,7745.38818359375,"Philippines","PSEI.PS"
2019-08-28,7762.580078125,7847.5,7734.419921875,7847.5,180200,7845.482421875,"Philippines","PSEI.PS"
2019-08-29,7851.259765625,7892.81005859375,7800.97021484375,7892.81005859375,132300,7890.78125,"Philippines","PSEI.PS"
2019-08-30,7918.43994140625,7986.259765625,7903.009765625,7979.66015625,235800,7977.60888671875,"Philippines","PSEI.PS"
2019-09-02,7954.14990234375,7956.68017578125,7918.52978515625,7918.52978515625,88800,7916.494140625,"Philippines","PSEI.PS"
2019-09-03,7804.7099609375,7804.7099609375,7804.7099609375,7804.7099609375,0,7802.70361328125,"Philippines","PSEI.PS"
2019-09-04,7838.77001953125,7852.16015625,7794.580078125,7840.85986328125,101200,7838.84423828125,"Philippines","PSEI.PS"
2019-09-05,7861.830078125,7916.9599609375,7854.16015625,7898.18994140625,230800,7896.15966796875,"Philippines","PSEI.PS"
2019-09-06,7915.6201171875,7969.33984375,7915.6201171875,7933.47021484375,104900,7931.4306640625,"Philippines","PSEI.PS"
2019-09-09,7952.8798828125,7961.009765625,7927.89013671875,7960.1201171875,52800,7958.07373046875,"Philippines","PSEI.PS"
2019-09-10,7933.22021484375,7938.330078125,7893.740234375,7929.47998046875,77700,7927.44140625,"Philippines","PSEI.PS"
2019-09-11,7931.3798828125,7967.89990234375,7921.58984375,7967.89990234375,107400,7965.8515625,"Philippines","PSEI.PS"
2019-09-12,7947.25,7960.240234375,7937.990234375,7944.43017578125,110100,7942.3876953125,"Philippines","PSEI.PS"
2019-09-13,7950.16015625,7995.1298828125,7941.52978515625,7992.31982421875,92800,7990.26513671875,"Philippines","PSEI.PS"
2019-09-16,7981.60986328125,7996.89990234375,7911.68994140625,7996.89990234375,85700,7994.84423828125,"Philippines","PSEI.PS"
2019-09-17,7969.669921875,7969.669921875,7910.25,7932.22998046875,76700,7930.19091796875,"Philippines","PSEI.PS"
2019-09-18,7932.68994140625,7932.68994140625,7892.9501953125,7915.2900390625,76200,7913.25537109375,"Philippines","PSEI.PS"
2019-09-19,7911.8798828125,7919.85009765625,7885.18017578125,7911.31982421875,62600,7909.2861328125,"Philippines","PSEI.PS"
2019-09-20,7902.330078125,7906.25,7864.10986328125,7871.10986328125,168900,7869.08642578125,"Philippines","PSEI.PS"
2019-09-23,7872.1201171875,7877.43994140625,7823.1298828125,7867.509765625,88400,7865.4873046875,"Philippines","PSEI.PS"
2019-09-24,7865.3798828125,7893.93994140625,7850.27001953125,7893.93994140625,171700,7891.91064453125,"Philippines","PSEI.PS"
2019-09-25,7890,7896.240234375,7790.2900390625,7896.240234375,109700,7894.21044921875,"Philippines","PSEI.PS"
2019-09-26,7893.669921875,7905.740234375,7865.10009765625,7896.47998046875,92500,7894.4501953125,"Philippines","PSEI.PS"
2019-09-27,7908.39013671875,7908.39013671875,7808.18994140625,7819.22021484375,167300,7817.2099609375,"Philippines","PSEI.PS"
2019-09-30,7825.2001953125,7825.2001953125,7775.509765625,7779.06982421875,156900,7777.06982421875,"Philippines","PSEI.PS"
2019-10-01,7785.240234375,7792.580078125,7710.5498046875,7739.85986328125,119400,7737.8701171875,"Philippines","PSEI.PS"
2019-10-02,7721.56005859375,7721.56005859375,7610.68017578125,7610.68017578125,136700,7608.7236328125,"Philippines","PSEI.PS"
2019-10-03,7587.68994140625,7587.68994140625,7514.0498046875,7545.5498046875,116800,7543.60986328125,"Philippines","PSEI.PS"
2019-10-04,7570.43017578125,7704.60009765625,7570.43017578125,7704.60009765625,137100,7702.61962890625,"Philippines","PSEI.PS"
2019-10-07,7697.419921875,7715.85009765625,7655.4599609375,7683.22021484375,88800,7681.2451171875,"Philippines","PSEI.PS"
2019-10-08,7706.77001953125,7792.5498046875,7691.0498046875,7756.72021484375,167400,7754.72607421875,"Philippines","PSEI.PS"
2019-10-09,7742.4599609375,7742.4599609375,7676.47021484375,7681.25,66000,7679.275390625,"Philippines","PSEI.PS"
2019-10-10,7711.22021484375,7765.02978515625,7706.77978515625,7765.02978515625,97200,7763.03369140625,"Philippines","PSEI.PS"
2019-10-11,7766.72021484375,7874.16015625,7749.5498046875,7849.93994140625,78800,7847.921875,"Philippines","PSEI.PS"
2019-10-14,7854.0400390625,7908.33984375,7853.919921875,7884.2900390625,119800,7882.26318359375,"Philippines","PSEI.PS"
2019-10-15,7887.4599609375,7887.4599609375,7816.080078125,7840.31005859375,153200,7838.29443359375,"Philippines","PSEI.PS"
2019-10-16,7838.830078125,7915.2998046875,7814.47021484375,7915.2998046875,169400,7913.26513671875,"Philippines","PSEI.PS"
2019-10-17,7913.5498046875,7930.5498046875,7894.580078125,7930.5498046875,77600,7928.51123046875,"Philippines","PSEI.PS"
2019-10-18,7934.08984375,7934.08984375,7885.22998046875,7885.22998046875,122600,7883.203125,"Philippines","PSEI.PS"
2019-10-21,7874.7998046875,7891.9501953125,7849.7900390625,7891.1298828125,61600,7889.10107421875,"Philippines","PSEI.PS"
2019-10-22,7884.990234375,7955.240234375,7884.02001953125,7955.240234375,106000,7953.1953125,"Philippines","PSEI.PS"
2019-10-23,7929.08984375,7933.759765625,7890.64990234375,7933.759765625,74300,7931.72021484375,"Philippines","PSEI.PS"
2019-10-24,7927.60009765625,7968.14013671875,7914.580078125,7950.97998046875,86600,7948.93603515625,"Philippines","PSEI.PS"
2019-10-25,7985.52001953125,7985.52001953125,7917.16015625,7922.5,170300,7920.46337890625,"Philippines","PSEI.PS"
2019-10-28,7935.009765625,7954.7099609375,7912.8701171875,7946.52978515625,88000,7944.48681640625,"Philippines","PSEI.PS"
2019-10-29,7947.56005859375,7991.18994140625,7928.72998046875,7991.18994140625,141700,7989.1357421875,"Philippines","PSEI.PS"
2019-10-30,8020.77001953125,8020.77001953125,7965.77001953125,8020.06005859375,104300,8017.99853515625,"Philippines","PSEI.PS"
2019-10-31,8020.43017578125,8020.68017578125,7967.5400390625,7977.1201171875,133700,7975.0693359375,"Philippines","PSEI.PS"
2019-11-01,NA,NA,NA,NA,NA,NA,"Philippines","PSEI.PS"
2019-11-04,8002.47021484375,8059.81982421875,8002.47021484375,8059.64990234375,109100,8057.578125,"Philippines","PSEI.PS"
2019-11-05,8055.8798828125,8216.6796875,8055.56005859375,8104.85009765625,133300,8102.7666015625,"Philippines","PSEI.PS"
2019-11-06,8216.919921875,8216.919921875,8025.8798828125,8025.8798828125,153700,8023.81640625,"Philippines","PSEI.PS"
2019-11-07,8083.0400390625,8083.0400390625,8020.91015625,8073.81005859375,92700,8071.734375,"Philippines","PSEI.PS"
2019-11-08,8044.89990234375,8065.759765625,7989.47998046875,8065.759765625,245300,8063.68603515625,"Philippines","PSEI.PS"
2019-11-11,8055.240234375,8059.580078125,8002.77001953125,8009.3798828125,105400,8007.32080078125,"Philippines","PSEI.PS"
2019-11-12,8009.97021484375,8012.33984375,7962.72021484375,8012.33984375,96700,8010.2802734375,"Philippines","PSEI.PS"
2019-11-13,7988.77978515625,7988.77978515625,7914.4501953125,7947.47021484375,95000,7945.42724609375,"Philippines","PSEI.PS"
2019-11-14,7926.06982421875,7933.7099609375,7881.240234375,7933.7099609375,106800,7931.67041015625,"Philippines","PSEI.PS"
2019-11-15,7938.58984375,7946.419921875,7905.52978515625,7932.9599609375,120500,7930.92041015625,"Philippines","PSEI.PS"
2019-11-18,7925.18994140625,7925.18994140625,7859.0400390625,7880.93994140625,67000,7878.9140625,"Philippines","PSEI.PS"
2019-11-19,7882.259765625,7912.14013671875,7882.259765625,7912.14013671875,296600,7910.10595703125,"Philippines","PSEI.PS"
2019-11-20,7896.56005859375,7898.06005859375,7851.85009765625,7898.06005859375,120500,7896.02978515625,"Philippines","PSEI.PS"
2019-11-21,7882.0400390625,7882.0400390625,7744.18017578125,7818.89013671875,139300,7816.8798828125,"Philippines","PSEI.PS"
2019-11-22,7882.0400390625,7882.0400390625,7744.18017578125,7818.89013671875,141800,7816.8798828125,"Philippines","PSEI.PS"
2019-11-25,7787.47998046875,7803.8701171875,7750.22998046875,7771.6201171875,151300,7769.6220703125,"Philippines","PSEI.PS"
2019-11-26,7760.3798828125,7817.2001953125,7707.7998046875,7707.7998046875,934800,7705.818359375,"Philippines","PSEI.PS"
2019-11-27,7747.43017578125,7842.52001953125,7744.02978515625,7836.89013671875,0,7834.87548828125,"Philippines","PSEI.PS"
2019-11-28,7808.580078125,7826.81982421875,7748.9501953125,7768.66015625,157200,7766.6630859375,"Philippines","PSEI.PS"
2019-11-29,7754.7001953125,7773.830078125,7712.39013671875,7738.9599609375,115000,7736.970703125,"Philippines","PSEI.PS"
2019-12-02,7769.259765625,7877.18994140625,7753.759765625,7877.18994140625,112900,7875.1650390625,"Philippines","PSEI.PS"
2019-12-03,7858.9599609375,7888.4599609375,7829.35009765625,7855.18017578125,123600,7853.16064453125,"Philippines","PSEI.PS"
2019-12-04,7848.52978515625,7848.52978515625,7772.0498046875,7815.93017578125,250600,7813.9208984375,"Philippines","PSEI.PS"
2019-12-05,7789.740234375,7817.97021484375,7777.06982421875,7790.91015625,171400,7788.9072265625,"Philippines","PSEI.PS"
2019-12-06,7796.43994140625,7811.18994140625,7760.75,7801.72021484375,152400,7799.71435546875,"Philippines","PSEI.PS"
2019-12-09,7825.1298828125,7838.490234375,7779.7998046875,7779.7998046875,171600,7777.7998046875,"Philippines","PSEI.PS"
2019-12-10,7760.169921875,7777.4501953125,7735.60986328125,7736.18017578125,117800,7734.19140625,"Philippines","PSEI.PS"
2019-12-11,7752.22998046875,7801.10009765625,7751.52978515625,7786.41015625,254700,7784.40869140625,"Philippines","PSEI.PS"
2019-12-12,7744.14990234375,7787.740234375,7720.5,7741.06982421875,327800,7739.07958984375,"Philippines","PSEI.PS"
2019-12-13,7818.39990234375,7884.169921875,7804.97998046875,7877.6298828125,390100,7875.60498046875,"Philippines","PSEI.PS"
2019-12-16,7882.759765625,7892.2900390625,7701.60009765625,7701.60009765625,0,7699.6201171875,"Philippines","PSEI.PS"
2019-12-17,7708.06982421875,7730.4501953125,7631.080078125,7730.4501953125,0,7728.462890625,"Philippines","PSEI.PS"
2019-12-18,7751.2900390625,7751.2900390625,7682.93994140625,7733.669921875,0,7731.681640625,"Philippines","PSEI.PS"
2019-12-19,7751.2099609375,7751.2099609375,7617.75,7653.93994140625,194600,7651.97216796875,"Philippines","PSEI.PS"
2019-12-20,7643.990234375,7773.1201171875,7469.41015625,7773.1201171875,303800,7771.1220703125,"Philippines","PSEI.PS"
2019-12-23,7745.9599609375,7872.60009765625,7745.259765625,7872.60009765625,124400,7870.576171875,"Philippines","PSEI.PS"
2019-12-24,NA,NA,NA,NA,NA,NA,"Philippines","PSEI.PS"
2019-12-25,NA,NA,NA,NA,NA,NA,"Philippines","PSEI.PS"
2019-12-26,7794.52978515625,7842.27978515625,7772.97021484375,7842.27978515625,96200,7840.263671875,"Philippines","PSEI.PS"
2019-12-27,7848.39013671875,7891.990234375,7815.259765625,7815.259765625,177800,7813.25048828125,"Philippines","PSEI.PS"
2019-12-30,NA,NA,NA,NA,NA,NA,"Philippines","PSEI.PS"
2019-12-31,NA,NA,NA,NA,NA,NA,"Philippines","PSEI.PS"
2020-01-01,NA,NA,NA,NA,NA,NA,"Philippines","PSEI.PS"
2020-01-02,7721.259765625,7742.52978515625,7643.97998046875,7742.52978515625,101100,7740.53955078125,"Philippines","PSEI.PS"
2020-01-03,7737.7001953125,7890.93994140625,7737.7001953125,7839.7900390625,118900,7837.7744140625,"Philippines","PSEI.PS"
2020-01-06,7802.85986328125,7802.85986328125,7697.89013671875,7797.8701171875,102100,7795.86572265625,"Philippines","PSEI.PS"
2020-01-07,7787.31982421875,7840.7001953125,7781.2099609375,7840.7001953125,248600,7838.6845703125,"Philippines","PSEI.PS"
2020-01-08,7762.47998046875,7767.6201171875,7721.2900390625,7736.240234375,122300,7734.25146484375,"Philippines","PSEI.PS"
2020-01-09,7736.6298828125,7797.64013671875,7736.6298828125,7797.64013671875,135500,7795.6357421875,"Philippines","PSEI.PS"
2020-01-10,7794.89990234375,7794.89990234375,7729.0498046875,7776.77001953125,102200,7774.77099609375,"Philippines","PSEI.PS"
2020-01-13,NA,NA,NA,NA,NA,NA,"Philippines","PSEI.PS"
2020-01-14,7761.58984375,7793.25,7684.27978515625,7793.25,187100,7791.24658203125,"Philippines","PSEI.PS"
2020-01-15,7784.14013671875,7784.14013671875,7664.39990234375,7664.39990234375,132800,7662.4296875,"Philippines","PSEI.PS"
2020-01-16,7674.47998046875,7679.27978515625,7614.72998046875,7653.18017578125,121400,7651.212890625,"Philippines","PSEI.PS"
2020-01-17,7691.8701171875,7722.580078125,7648.93994140625,7722.580078125,109300,7720.5947265625,"Philippines","PSEI.PS"
2020-01-20,7727.4501953125,7727.4501953125,7513.9501953125,7552.60009765625,149200,7550.65869140625,"Philippines","PSEI.PS"
2020-01-21,7570.2001953125,7586.58984375,7442.1298828125,7466.64990234375,152700,7464.73046875,"Philippines","PSEI.PS"
2020-01-22,7469.14013671875,7478.10009765625,7425.85986328125,7468.72998046875,140400,7466.81005859375,"Philippines","PSEI.PS"
2020-01-23,7503.64013671875,7616.35009765625,7495.60009765625,7616.35009765625,119100,7614.39208984375,"Philippines","PSEI.PS"
2020-01-24,7622.1201171875,7635.6201171875,7581.1201171875,7623.41015625,106100,7621.4501953125,"Philippines","PSEI.PS"
2020-01-27,7616.89990234375,7624.3701171875,7580.669921875,7587.6298828125,0,7585.67919921875,"Philippines","PSEI.PS"
2020-01-28,7563.1201171875,7563.1201171875,7468.7001953125,7468.7001953125,101500,7466.7802734375,"Philippines","PSEI.PS"
2020-01-29,7472.52978515625,7472.52978515625,7423.669921875,7462.31005859375,120400,7460.3916015625,"Philippines","PSEI.PS"
2020-01-30,7466.4501953125,7484.64990234375,7392.68017578125,7392.68017578125,0,7390.77978515625,"Philippines","PSEI.PS"
2020-01-31,7413.169921875,7446.259765625,7200.7900390625,7200.7900390625,219400,7198.93896484375,"Philippines","PSEI.PS"
2020-02-03,7206.22021484375,7219.60986328125,7129.18994140625,7137.02978515625,128900,7135.19482421875,"Philippines","PSEI.PS"
2020-02-04,7172.41015625,7276.39990234375,7158.2001953125,7226.89990234375,132800,7225.0419921875,"Philippines","PSEI.PS"
2020-02-05,7291.43994140625,7352.85009765625,7281.419921875,7352.85009765625,137600,7350.9599609375,"Philippines","PSEI.PS"
2020-02-06,7373.58984375,7506.509765625,7373.58984375,7506.2099609375,141000,7504.2802734375,"Philippines","PSEI.PS"
2020-02-07,7447.330078125,7507.2001953125,7429.60986328125,7507.2001953125,96700,7505.2705078125,"Philippines","PSEI.PS"
2020-02-10,7510.83984375,7510.83984375,7414.009765625,7430.85986328125,119500,7428.94970703125,"Philippines","PSEI.PS"
2020-02-11,7444.66015625,7444.66015625,7403.22998046875,7439.39990234375,104800,7437.4873046875,"Philippines","PSEI.PS"
2020-02-12,7435.25,7440.31005859375,7383.10009765625,7383.10009765625,0,7381.2021484375,"Philippines","PSEI.PS"
2020-02-13,7390.10009765625,7403.1201171875,7332.91015625,7403.1201171875,119200,7401.216796875,"Philippines","PSEI.PS"
2020-02-14,7405.14990234375,7405.14990234375,7282,7282,145100,7280.1279296875,"Philippines","PSEI.PS"
2020-02-17,7305.66015625,7348.0400390625,7292.9501953125,7326.85009765625,92800,7324.96630859375,"Philippines","PSEI.PS"
2020-02-18,7329.02978515625,7346,7311.5,7322.89013671875,92400,7321.0078125,"Philippines","PSEI.PS"
2020-02-19,7319.990234375,7396.93994140625,7319.990234375,7396.93994140625,114200,7395.03857421875,"Philippines","PSEI.PS"
2020-02-20,7426.91015625,7472.990234375,7413,7413,0,7411.09423828125,"Philippines","PSEI.PS"
2020-02-21,7430.56982421875,7431.02978515625,7366.7998046875,7369.77978515625,183300,7367.88525390625,"Philippines","PSEI.PS"
2020-02-24,7267.85986328125,7270.47021484375,7180.10009765625,7187.43994140625,120700,7185.59228515625,"Philippines","PSEI.PS"
2020-02-25,NA,NA,NA,NA,NA,NA,"Philippines","PSEI.PS"
2020-02-26,7101.8798828125,7101.8798828125,6879.08984375,6909.83984375,225400,6908.0634765625,"Philippines","PSEI.PS"
2020-02-27,6890.02001953125,6979.56982421875,6890.02001953125,6967.83984375,215900,6966.048828125,"Philippines","PSEI.PS"
2020-02-28,6858.91015625,6858.91015625,6769.97021484375,6787.91015625,247900,6786.1650390625,"Philippines","PSEI.PS"
2020-03-02,6759.3701171875,6866.1298828125,6700.75,6749.27978515625,155300,6747.544921875,"Philippines","PSEI.PS"
2020-03-03,6854.89990234375,6886.10986328125,6790.5400390625,6790.5400390625,170500,6788.79443359375,"Philippines","PSEI.PS"
2020-03-04,6791.14013671875,6867.259765625,6710.18017578125,6867.259765625,171100,6865.494140625,"Philippines","PSEI.PS"
2020-03-05,6899.02001953125,6941.2001953125,6872.97021484375,6884.77001953125,0,6883,"Philippines","PSEI.PS"
2020-03-06,6871.14013671875,6871.14013671875,6745.31982421875,6770.3798828125,227000,6768.63916015625,"Philippines","PSEI.PS"
2020-03-09,6575.5400390625,6575.5400390625,6312.60986328125,6312.60986328125,242800,6310.98681640625,"Philippines","PSEI.PS"
2020-03-10,6165.81982421875,6387.52978515625,6103.75,6318.3798828125,240000,6316.75537109375,"Philippines","PSEI.PS"
2020-03-11,6384.27978515625,6495.7099609375,6336.68017578125,6353.259765625,192100,6351.62646484375,"Philippines","PSEI.PS"
2020-03-12,6235.85009765625,6235.85009765625,5697.1298828125,5736.27001953125,265100,5734.79541015625,"Philippines","PSEI.PS"
2020-03-13,5362.919921875,5878.39990234375,5097.89990234375,5793.93994140625,334700,5792.45068359375,"Philippines","PSEI.PS"
2020-03-16,5506.9599609375,5533.169921875,5335.3701171875,5335.3701171875,246600,5333.99853515625,"Philippines","PSEI.PS"
2020-03-17,NA,NA,NA,NA,NA,NA,"Philippines","PSEI.PS"
2020-03-18,NA,NA,NA,NA,NA,NA,"Philippines","PSEI.PS"
2020-03-19,4623.419921875,4623.419921875,4623.419921875,4623.419921875,0,4622.2314453125,"Philippines","PSEI.PS"
2020-03-20,4761.89013671875,4936.2001953125,4677.66015625,4778.759765625,217900,4777.53125,"Philippines","PSEI.PS"
2020-03-23,4527.2900390625,4743.3701171875,4509.22021484375,4743.3701171875,217800,4742.15087890625,"Philippines","PSEI.PS"
2020-03-24,4817.06005859375,4864.85986328125,4771.77978515625,4774.27001953125,0,4773.04248046875,"Philippines","PSEI.PS"
2020-03-25,5006.759765625,5073.580078125,4964,5027.759765625,446800,5026.46728515625,"Philippines","PSEI.PS"
2020-03-26,5128.27001953125,5401.580078125,5076.259765625,5401.580078125,262200,5400.19140625,"Philippines","PSEI.PS"
2020-03-27,5493.580078125,5641.93994140625,5266.6201171875,5266.6201171875,275100,5265.26611328125,"Philippines","PSEI.PS"
2020-03-30,5234.990234375,5234.990234375,4984.7900390625,5131.16015625,0,5129.8408203125,"Philippines","PSEI.PS"
2020-03-31,5227.3701171875,5340.08984375,5226.27001953125,5321.22998046875,0,5319.86181640625,"Philippines","PSEI.PS"
2020-04-01,5321.7900390625,5408.52001953125,5290.85009765625,5408.52001953125,163800,5407.12939453125,"Philippines","PSEI.PS"
2020-04-02,5280.1298828125,5342.31005859375,5247.56982421875,5342.31005859375,131200,5340.9365234375,"Philippines","PSEI.PS"
2020-04-03,5370.85009765625,5372.7001953125,5315.39990234375,5346.97021484375,123300,5345.595703125,"Philippines","PSEI.PS"
2020-04-06,5380.509765625,5570.81005859375,5345.93994140625,5570.81005859375,220400,5569.3779296875,"Philippines","PSEI.PS"
2020-04-07,5694.68017578125,5713.6298828125,5597.97998046875,5650.009765625,231100,5648.55712890625,"Philippines","PSEI.PS"
2020-04-08,5593.7099609375,5593.7099609375,5498.5400390625,5510.830078125,186900,5509.41357421875,"Philippines","PSEI.PS"
2020-04-09,NA,NA,NA,NA,NA,NA,"Philippines","PSEI.PS"
2020-04-10,NA,NA,NA,NA,NA,NA,"Philippines","PSEI.PS"
2020-04-13,5551.9599609375,5610.97998046875,5521.490234375,5610.97998046875,169100,5609.53759765625,"Philippines","PSEI.PS"
2020-04-14,5657.759765625,5780.8798828125,5640.85009765625,5780.8798828125,205000,5779.3935546875,"Philippines","PSEI.PS"
2020-04-15,5824.759765625,5946.0498046875,5807.68017578125,5946.0498046875,279200,5944.52099609375,"Philippines","PSEI.PS"
2020-04-16,5828.759765625,5828.759765625,5525.60009765625,5525.60009765625,251800,5524.1796875,"Philippines","PSEI.PS"
2020-04-17,5704.39990234375,5789.97021484375,5694.93994140625,5789.97021484375,197200,5788.48193359375,"Philippines","PSEI.PS"
2020-04-20,5813.93017578125,5816.89990234375,5704.2001953125,5733.64990234375,121500,5732.17578125,"Philippines","PSEI.PS"
2020-04-21,5704.2998046875,5704.2998046875,5571.080078125,5592.25,139200,5590.8125,"Philippines","PSEI.PS"
2020-04-22,5517.669921875,5577.91015625,5461.93994140625,5573.75,113900,5572.31689453125,"Philippines","PSEI.PS"
2020-04-23,5631.83984375,5672.080078125,5599.5498046875,5599.5498046875,82000,5598.1103515625,"Philippines","PSEI.PS"
2020-04-24,5622.759765625,5622.759765625,5464.97998046875,5464.97998046875,135700,5463.5751953125,"Philippines","PSEI.PS"
2020-04-27,5493.2099609375,5493.2099609375,5390.97021484375,5450.4501953125,86600,5449.048828125,"Philippines","PSEI.PS"
2020-04-28,5470.830078125,5574.97998046875,5466.47021484375,5574.97998046875,126700,5573.546875,"Philippines","PSEI.PS"
2020-04-29,5589.27001953125,5656.009765625,5556.22998046875,5643.97021484375,127400,5642.51953125,"Philippines","PSEI.PS"
2020-04-30,5695.1298828125,5716.8798828125,5654.9599609375,5700.7099609375,161300,5699.24462890625,"Philippines","PSEI.PS"
2020-05-01,NA,NA,NA,NA,NA,NA,"Philippines","PSEI.PS"
2020-05-04,5601.39013671875,5601.39013671875,5502.0498046875,5572.08984375,135600,5570.6572265625,"Philippines","PSEI.PS"
2020-05-05,5610,5703.9599609375,5603.39990234375,5671.669921875,263900,5670.2119140625,"Philippines","PSEI.PS"
2020-05-06,5689.77978515625,5702.580078125,5594.81005859375,5639.27001953125,269200,5637.8203125,"Philippines","PSEI.PS"
2020-05-07,5661.9501953125,5670.33984375,5599.81982421875,5653.16015625,171900,5651.70703125,"Philippines","PSEI.PS"
2020-05-08,5674.47021484375,5696.31005859375,5621.93994140625,5621.93994140625,174600,5620.49462890625,"Philippines","PSEI.PS"
2020-05-11,5641.52978515625,5681.68017578125,5627.18994140625,5667.93017578125,116800,5666.47314453125,"Philippines","PSEI.PS"
2020-05-12,5667.419921875,5668.35986328125,5633.81982421875,5651.669921875,130000,5650.216796875,"Philippines","PSEI.PS"
2020-05-13,5656.18994140625,5661.18017578125,5607.77001953125,5626.25,144200,5624.8037109375,"Philippines","PSEI.PS"
2020-05-14,5612.97021484375,5654.7001953125,5556.81005859375,5654.7001953125,86900,5653.24658203125,"Philippines","PSEI.PS"
2020-05-15,5612.97021484375,5654.7001953125,5556.81005859375,5654.7001953125,121300,5653.24658203125,"Philippines","PSEI.PS"
2020-05-18,5557.990234375,5557.990234375,5466.8798828125,5479.35009765625,81300,5477.94140625,"Philippines","PSEI.PS"
2020-05-19,5543.58984375,5571.39990234375,5537.02001953125,5555.85009765625,115500,5554.421875,"Philippines","PSEI.PS"
2020-05-20,5568.39990234375,5581.9599609375,5518.52001953125,5581.9599609375,71700,5580.52490234375,"Philippines","PSEI.PS"
2020-05-21,5582.27001953125,5613.89990234375,5557.080078125,5604.490234375,101500,5603.04931640625,"Philippines","PSEI.PS"
2020-05-22,5582.27001953125,5613.89990234375,5557.080078125,5604.490234375,116500,5603.04931640625,"Philippines","PSEI.PS"
2020-05-25,NA,NA,NA,NA,NA,NA,"Philippines","PSEI.PS"
2020-05-26,5526.990234375,5533.64990234375,5396.1298828125,5496.830078125,129600,5495.4169921875,"Philippines","PSEI.PS"
2020-05-27,5499.97021484375,5523.77978515625,5423.77978515625,5523.77978515625,136000,5522.35986328125,"Philippines","PSEI.PS"
2020-05-28,5533.22021484375,5574.22021484375,5492.08984375,5570.22021484375,158400,5568.7880859375,"Philippines","PSEI.PS"
2020-05-29,5600.72021484375,5838.83984375,5600.72021484375,5838.83984375,484200,5837.3388671875,"Philippines","PSEI.PS"
2020-06-01,5791.31982421875,5931.64990234375,5750,5930.169921875,192500,5928.6455078125,"Philippines","PSEI.PS"
2020-06-02,5933.43017578125,6043.08984375,5930.0498046875,6025.169921875,221100,6023.62109375,"Philippines","PSEI.PS"
2020-06-03,6064.669921875,6245.64990234375,6062.0498046875,6245.64990234375,227700,6244.04443359375,"Philippines","PSEI.PS"
2020-06-04,6231.56005859375,6517.490234375,6231.56005859375,6517.490234375,330100,6515.81494140625,"Philippines","PSEI.PS"
2020-06-05,6452.64013671875,6465.1298828125,6299.830078125,6465.1298828125,219600,6463.4677734375,"Philippines","PSEI.PS"
2020-06-08,6487.759765625,6551.259765625,6430.72021484375,6514,264900,6512.3251953125,"Philippines","PSEI.PS"
2020-06-09,6527.35986328125,6583.83984375,6438.97021484375,6583.83984375,252500,6582.1474609375,"Philippines","PSEI.PS"
2020-06-10,6551.31982421875,6551.31982421875,6349.2001953125,6439.3701171875,221000,6437.71484375,"Philippines","PSEI.PS"
2020-06-11,6398.18994140625,6476.240234375,6263.2001953125,6476.240234375,211100,6474.5751953125,"Philippines","PSEI.PS"
2020-06-12,NA,NA,NA,NA,NA,NA,"Philippines","PSEI.PS"
2020-06-15,6340.31982421875,6340.31982421875,6163.81982421875,6163.81982421875,211000,6162.2353515625,"Philippines","PSEI.PS"
2020-06-16,6226.9599609375,6316.22998046875,6197.2900390625,6281.75,163600,6280.13525390625,"Philippines","PSEI.PS"
2020-06-17,6348.8798828125,6352.89990234375,6278.02001953125,6282.009765625,240200,6280.39501953125,"Philippines","PSEI.PS"
2020-06-18,6258.8798828125,6348.4501953125,6205.25,6348.4501953125,162200,6346.818359375,"Philippines","PSEI.PS"
2020-06-19,6293.18017578125,6375.02978515625,6260.18017578125,6315.06982421875,335200,6313.4462890625,"Philippines","PSEI.PS"
2020-06-22,6316.2001953125,6347.43017578125,6249.47021484375,6347.43017578125,226800,6345.79833984375,"Philippines","PSEI.PS"
2020-06-23,6324.52001953125,6324.52001953125,6258.3701171875,6297.77978515625,219500,6296.16064453125,"Philippines","PSEI.PS"
2020-06-24,6304.330078125,6306.2099609375,6188.830078125,6188.830078125,209500,6187.2392578125,"Philippines","PSEI.PS"
2020-06-25,6156.7900390625,6162.22021484375,6109.22021484375,6118.259765625,253400,6116.68701171875,"Philippines","PSEI.PS"
2020-06-26,6137.60986328125,6191.83984375,6092.009765625,6191.83984375,151500,6190.248046875,"Philippines","PSEI.PS"
2020-06-29,6125.56982421875,6125.56982421875,6040.43017578125,6105.18017578125,188500,6103.61083984375,"Philippines","PSEI.PS"
2020-06-30,6134.490234375,6207.72021484375,6131.22021484375,6207.72021484375,152300,6206.12451171875,"Philippines","PSEI.PS"
2020-07-01,6223.5400390625,6223.5400390625,6139.43994140625,6209.7099609375,104900,6208.11376953125,"Philippines","PSEI.PS"
2020-07-02,6211.509765625,6382.60009765625,6183.02978515625,6364.080078125,164400,6362.44384765625,"Philippines","PSEI.PS"
2020-07-03,6383.3701171875,6398.7900390625,6322.919921875,6372.66015625,114800,6371.02197265625,"Philippines","PSEI.PS"
2020-07-06,6378.2900390625,6381.06005859375,6299.97998046875,6328.41015625,119000,6326.783203125,"Philippines","PSEI.PS"
2020-07-07,6349.1201171875,6349.60986328125,6267.39990234375,6267.39990234375,121800,6265.78857421875,"Philippines","PSEI.PS"
2020-07-08,6265.43017578125,6287.740234375,6227.740234375,6285.5,347400,6283.88427734375,"Philippines","PSEI.PS"
2020-07-09,6282.43017578125,6282.43017578125,6192.580078125,6192.580078125,1e+05,6190.98828125,"Philippines","PSEI.PS"
2020-07-10,6157.47021484375,6197.3798828125,6098.52978515625,6197.3798828125,121500,6195.78662109375,"Philippines","PSEI.PS"
2020-07-13,6187.77978515625,6187.77978515625,6151.10986328125,6172.56982421875,124800,6170.98291015625,"Philippines","PSEI.PS"
2020-07-14,6158.39990234375,6178.68017578125,6135.2900390625,6172.81005859375,122800,6171.22314453125,"Philippines","PSEI.PS"
2020-07-15,6166.31982421875,6166.31982421875,6010.8798828125,6016.509765625,204800,6014.962890625,"Philippines","PSEI.PS"
2020-07-16,6034.759765625,6147.66015625,6034.759765625,6147.66015625,103000,6146.07958984375,"Philippines","PSEI.PS"
2020-07-17,6116.2001953125,6141.22998046875,6032.2998046875,6088.75,93400,6087.1845703125,"Philippines","PSEI.PS"
2020-07-20,6112.580078125,6150.7001953125,6070.18994140625,6150.7001953125,80300,6149.119140625,"Philippines","PSEI.PS"
2020-07-21,6114.08984375,6152.06005859375,6095.740234375,6136.31005859375,99400,6134.732421875,"Philippines","PSEI.PS"
2020-07-22,6138.3798828125,6149.2001953125,6064.259765625,6064.259765625,135100,6062.70068359375,"Philippines","PSEI.PS"
2020-07-23,6076.89990234375,6076.89990234375,5915.830078125,6029.009765625,120900,6027.4599609375,"Philippines","PSEI.PS"
2020-07-24,6002.2001953125,6024.64990234375,5968.72021484375,6003.259765625,61800,6001.71630859375,"Philippines","PSEI.PS"
2020-07-27,5985.240234375,5985.240234375,5858.27978515625,5860.93994140625,108700,5859.43310546875,"Philippines","PSEI.PS"
2020-07-28,5849.830078125,5939.60009765625,5799.10986328125,5927.10986328125,105000,5925.5859375,"Philippines","PSEI.PS"
2020-07-29,5923.10009765625,5966.27001953125,5870.830078125,5966.27001953125,80500,5964.736328125,"Philippines","PSEI.PS"
2020-07-30,5968.1298828125,5968.1298828125,5928.4501953125,5928.4501953125,120600,5926.92626953125,"Philippines","PSEI.PS"
2020-07-31,NA,NA,NA,NA,NA,NA,"Philippines","PSEI.PS"
2020-08-03,5816.22998046875,5816.22998046875,5695.52978515625,5715.919921875,0,5714.45068359375,"Philippines","PSEI.PS"
2020-08-04,5691.740234375,5802.490234375,5691.740234375,5775.5,130800,5774.01513671875,"Philippines","PSEI.PS"
2020-08-05,5812.22021484375,5888.85009765625,5803.580078125,5833.580078125,161800,5832.08056640625,"Philippines","PSEI.PS"
2020-08-06,5860.35986328125,5902.580078125,5819.3701171875,5902.580078125,151500,5901.0625,"Philippines","PSEI.PS"
2020-08-07,5906.8701171875,5906.8701171875,5834.85986328125,5846.02001953125,129400,5844.51708984375,"Philippines","PSEI.PS"
2020-08-10,5853.1201171875,5930.919921875,5832.60009765625,5930.919921875,89900,5929.39501953125,"Philippines","PSEI.PS"
2020-08-11,5934.91015625,5984.35009765625,5913.58984375,5953.93994140625,136900,5952.4091796875,"Philippines","PSEI.PS"
2020-08-12,5980.490234375,5995,5966.97021484375,5995,0,5993.458984375,"Philippines","PSEI.PS"
2020-08-13,6015.259765625,6097.77978515625,6010.60009765625,6097.77978515625,110700,6096.21240234375,"Philippines","PSEI.PS"
2020-08-14,6069.669921875,6076.91015625,6014.77978515625,6076.91015625,251900,6075.34814453125,"Philippines","PSEI.PS"
2020-08-17,6081.10986328125,6081.10986328125,6012.14013671875,6068.77978515625,119400,6067.2197265625,"Philippines","PSEI.PS"
2020-08-18,6098.080078125,6156.4501953125,6058.97998046875,6156.4501953125,135000,6154.86767578125,"Philippines","PSEI.PS"
2020-08-19,6167.1298828125,6167.1298828125,6042.1201171875,6042.1201171875,115500,6040.56689453125,"Philippines","PSEI.PS"
2020-08-20,6058.35009765625,6064.08984375,5962.64013671875,6005.39990234375,73500,6003.85595703125,"Philippines","PSEI.PS"
2020-08-21,NA,NA,NA,NA,NA,NA,"Philippines","PSEI.PS"
2020-08-24,5997.5498046875,5997.5498046875,5925.7998046875,5943.580078125,626500,5942.05224609375,"Philippines","PSEI.PS"
2020-08-25,5934.259765625,5962.89013671875,5893.14013671875,5953.43994140625,80700,5951.90966796875,"Philippines","PSEI.PS"
2020-08-26,5935.830078125,5935.830078125,5895.7001953125,5931.330078125,118100,5929.80517578125,"Philippines","PSEI.PS"
2020-08-27,5930.0400390625,5950.52978515625,5919.740234375,5921.5498046875,116200,5920.02734375,"Philippines","PSEI.PS"
2020-08-28,5917.7099609375,5931.39013671875,5872.259765625,5884.18017578125,203000,5882.66748046875,"Philippines","PSEI.PS"
2020-08-31,NA,NA,NA,NA,NA,NA,"Philippines","PSEI.PS"
2020-09-01,5922.06005859375,5946.22021484375,5799.240234375,5799.240234375,149300,5797.74951171875,"Philippines","PSEI.PS"
2020-09-02,5820.7001953125,5820.7001953125,5703.58984375,5738.39013671875,140800,5736.9150390625,"Philippines","PSEI.PS"
2020-09-03,5751.14013671875,5775.97021484375,5723.4599609375,5772.85986328125,121100,5771.3759765625,"Philippines","PSEI.PS"
2020-09-04,5750.16015625,5785.08984375,5695.77978515625,5785.08984375,92800,5783.6025390625,"Philippines","PSEI.PS"
2020-09-07,5787.7001953125,5935.85009765625,5772.009765625,5935.85009765625,115600,5934.32421875,"Philippines","PSEI.PS"
2020-09-08,5917.5400390625,6034.02978515625,5908.47021484375,6034.02978515625,141500,6032.478515625,"Philippines","PSEI.PS"
2020-09-09,6000.16015625,6000.16015625,5932.83984375,5932.83984375,120400,5931.314453125,"Philippines","PSEI.PS"
2020-09-10,5955.5498046875,5973.58984375,5902.39013671875,5902.39013671875,117600,5900.87255859375,"Philippines","PSEI.PS"
2020-09-11,5906.93994140625,5967.9599609375,5888.35986328125,5967.9599609375,92200,5966.42578125,"Philippines","PSEI.PS"
2020-09-14,5954.22998046875,5997.14013671875,5934.47021484375,5997.14013671875,105400,5995.5986328125,"Philippines","PSEI.PS"
2020-09-15,5989.43994140625,6018.2099609375,5947.85009765625,6018.2099609375,102700,6016.66259765625,"Philippines","PSEI.PS"
2020-09-16,5996.990234375,5996.990234375,5943.919921875,5946.6201171875,84400,5945.09130859375,"Philippines","PSEI.PS"
2020-09-17,5946.0498046875,5946.0498046875,5886.330078125,5943.52001953125,92800,5941.9921875,"Philippines","PSEI.PS"
2020-09-18,5945.25,5952.10009765625,5886.3701171875,5908.89990234375,170600,5907.380859375,"Philippines","PSEI.PS"
2020-09-21,5913.60009765625,5925.31005859375,5879.759765625,5909.31982421875,60400,5907.80078125,"Philippines","PSEI.PS"
2020-09-22,5893.18994140625,5894.27978515625,5837.02978515625,5894.27978515625,78600,5892.7646484375,"Philippines","PSEI.PS"
2020-09-23,5900.8798828125,5903.580078125,5876.77978515625,5892.72021484375,83100,5891.20556640625,"Philippines","PSEI.PS"
2020-09-24,5888.2001953125,5888.2001953125,5845.7998046875,5845.7998046875,102000,5844.296875,"Philippines","PSEI.PS"
2020-09-25,5842.81005859375,5880.18017578125,5829.66015625,5838.66015625,89300,5837.1591796875,"Philippines","PSEI.PS"
2020-09-28,5870.52001953125,5872.18994140625,5846.22998046875,5861.39013671875,77100,5859.88330078125,"Philippines","PSEI.PS"
2020-09-29,5878.27978515625,5878.31982421875,5841.60009765625,5841.60009765625,91500,5840.09814453125,"Philippines","PSEI.PS"
2020-09-30,5863.5,5878.52978515625,5849.5,5864.22998046875,98100,5862.72265625,"Philippines","PSEI.PS"
2020-10-01,5881.89990234375,5944.8701171875,5857.3798828125,5944.8701171875,77200,5943.341796875,"Philippines","PSEI.PS"
2020-10-02,5942.14990234375,5999.39990234375,5924.85986328125,5999.39990234375,164000,5997.857421875,"Philippines","PSEI.PS"
2020-10-05,6005.580078125,6010.759765625,5938.9501953125,5938.9501953125,181400,5937.42333984375,"Philippines","PSEI.PS"
2020-10-06,5938.41015625,5949.669921875,5850.85009765625,5910.64013671875,152000,5909.12060546875,"Philippines","PSEI.PS"
2020-10-07,5904.91015625,5904.91015625,5845.68017578125,5867.8798828125,175900,5866.37158203125,"Philippines","PSEI.PS"
2020-10-08,5888.4501953125,5942.66015625,5825.47998046875,5942.66015625,189500,5941.13232421875,"Philippines","PSEI.PS"
2020-10-09,5943.7099609375,5943.7099609375,5908.52001953125,5931.60986328125,175200,5930.0849609375,"Philippines","PSEI.PS"
2020-10-12,5935.39990234375,5954.47021484375,5910.72998046875,5937.0498046875,146600,5935.5234375,"Philippines","PSEI.PS"
2020-10-13,5938.60986328125,5946.06982421875,5920.77001953125,5923.22998046875,128600,5921.70703125,"Philippines","PSEI.PS"
2020-10-14,5923.919921875,5933.830078125,5913.009765625,5925.2998046875,133800,5923.7763671875,"Philippines","PSEI.PS"
2020-10-15,5930.43017578125,5950.5,5919.5498046875,5938.330078125,152800,5936.8037109375,"Philippines","PSEI.PS"
2020-10-16,5921.33984375,5939.6201171875,5898.47021484375,5898.47021484375,140600,5896.9541015625,"Philippines","PSEI.PS"
2020-10-19,5913.77978515625,6019.259765625,5913.77978515625,6019.259765625,112200,6017.71240234375,"Philippines","PSEI.PS"
2020-10-20,6022.60986328125,6133,6018.330078125,6112.7099609375,183300,6111.138671875,"Philippines","PSEI.PS"
2020-10-21,6146.0400390625,6290.68017578125,6146.0400390625,6278.58984375,287400,6276.9755859375,"Philippines","PSEI.PS"
2020-10-22,6309.8701171875,6344.6298828125,6241.31005859375,6344.6298828125,258300,6342.9990234375,"Philippines","PSEI.PS"
2020-10-23,6370.919921875,6484.4501953125,6370.919921875,6484.06005859375,203800,6482.39306640625,"Philippines","PSEI.PS"
2020-10-26,6496.18994140625,6517.259765625,6453.2001953125,6491.18994140625,141900,6489.52099609375,"Philippines","PSEI.PS"
2020-10-27,6467.4501953125,6467.4501953125,6381.18994140625,6415.080078125,150500,6413.43115234375,"Philippines","PSEI.PS"
2020-10-28,6413.60009765625,6415.02978515625,6377.7900390625,6377.7900390625,129000,6376.150390625,"Philippines","PSEI.PS"
2020-10-29,6326.31005859375,6326.31005859375,6248.47998046875,6249.39013671875,164500,6247.78369140625,"Philippines","PSEI.PS"
2020-10-30,6233.60009765625,6328.3798828125,6202.89990234375,6324,147400,6322.3740234375,"Philippines","PSEI.PS"
2020-11-02,NA,NA,NA,NA,NA,NA,"Philippines","PSEI.PS"
2020-11-03,6282.89013671875,6358.419921875,6250.8701171875,6335.56005859375,92400,6333.93115234375,"Philippines","PSEI.PS"
2020-11-04,6374.47021484375,6464.0498046875,6334.08984375,6464.0498046875,126900,6462.38818359375,"Philippines","PSEI.PS"
2020-11-05,6477.16015625,6702.75,6477.16015625,6644.77001953125,202300,6643.06201171875,"Philippines","PSEI.PS"
2020-11-06,6686.1298828125,6709.72998046875,6571,6685.68994140625,196100,6683.97119140625,"Philippines","PSEI.PS"
2020-11-09,6665.080078125,6685.85009765625,6619.58984375,6685.85009765625,148700,6684.13134765625,"Philippines","PSEI.PS"
2020-11-10,6792.580078125,7035.47998046875,6792.580078125,7035.47998046875,273800,7033.67138671875,"Philippines","PSEI.PS"
2020-11-11,6968.93017578125,7079.18017578125,6944.10986328125,7024.259765625,296400,7022.4541015625,"Philippines","PSEI.PS"
2020-11-12,NA,NA,NA,NA,NA,NA,"Philippines","PSEI.PS"
2020-11-13,6933.89013671875,6972.66015625,6917.02001953125,6969.8798828125,191300,6968.087890625,"Philippines","PSEI.PS"
2020-11-16,6991.39013671875,6991.39013671875,6857.89013671875,6918.0498046875,174100,6916.271484375,"Philippines","PSEI.PS"
2020-11-17,6950.52001953125,6971.60009765625,6921.1201171875,6959.14013671875,172000,6957.35107421875,"Philippines","PSEI.PS"
2020-11-18,6971.89990234375,7051.77978515625,6970.490234375,7051.77978515625,181900,7049.966796875,"Philippines","PSEI.PS"
2020-11-19,7008.9599609375,7012.5400390625,6974.64990234375,6997.6201171875,0,6997.6201171875,"Philippines","PSEI.PS"
2020-11-20,7024.22998046875,7169.7900390625,7021.18017578125,7169.7900390625,226700,7169.7900390625,"Philippines","PSEI.PS"
2020-11-23,7163.97998046875,7263.7099609375,7158.68017578125,7178.6201171875,414300,7178.6201171875,"Philippines","PSEI.PS"
2020-11-24,7211.1298828125,7228.1201171875,7016.10986328125,7108.669921875,210400,7108.669921875,"Philippines","PSEI.PS"
2020-11-25,7125.43994140625,7146.1298828125,6994.7900390625,7001.509765625,268200,7001.509765625,"Philippines","PSEI.PS"
2020-11-26,6987.31982421875,6987.31982421875,6843.10986328125,6927.75,186000,6927.75,"Philippines","PSEI.PS"
2020-11-27,6885.06982421875,6909.02978515625,6791.4599609375,6791.4599609375,594700,6791.4599609375,"Philippines","PSEI.PS"
2020-11-30,NA,NA,NA,NA,NA,NA,"Philippines","PSEI.PS"
2020-12-01,6740.2998046875,7009.56005859375,6740.2998046875,7009.56005859375,172400,7009.56005859375,"Philippines","PSEI.PS"
2020-12-02,7019.25,7080.6201171875,6988.27001953125,7080.6201171875,0,7080.6201171875,"Philippines","PSEI.PS"
2020-12-03,7077.6298828125,7194.1298828125,7022.85986328125,7194.1298828125,0,7194.1298828125,"Philippines","PSEI.PS"
2020-12-04,7184.56982421875,7196.9599609375,7097.35009765625,7134.56005859375,176200,7134.56005859375,"Philippines","PSEI.PS"
2020-12-07,7173.7001953125,7203.669921875,7142.2998046875,7203.669921875,150500,7203.669921875,"Philippines","PSEI.PS"
2020-12-08,NA,NA,NA,NA,NA,NA,"Philippines","PSEI.PS"
2020-12-09,7197.06982421875,7247.33984375,7102.66015625,7102.66015625,226200,7102.66015625,"Philippines","PSEI.PS"
2020-12-10,7114.68994140625,7166.85009765625,7114.68994140625,7154.43017578125,127900,7154.43017578125,"Philippines","PSEI.PS"
2020-12-11,7183.8798828125,7304.89990234375,7181.22021484375,7246.16015625,167300,7246.16015625,"Philippines","PSEI.PS"
2020-12-14,7244.3798828125,7311.2099609375,7214.93994140625,7281.35009765625,176200,7281.35009765625,"Philippines","PSEI.PS"
2020-12-15,7281.91015625,7290.60009765625,7214.14013671875,7227.72998046875,203800,7227.72998046875,"Philippines","PSEI.PS"
2020-12-16,7242.47021484375,7299.7001953125,7202.490234375,7299.7001953125,138900,7299.7001953125,"Philippines","PSEI.PS"
2020-12-17,7271.64990234375,7298.02001953125,7236.81982421875,7298.02001953125,111000,7298.02001953125,"Philippines","PSEI.PS"
2020-12-18,7266.9599609375,7286.669921875,7222.009765625,7272.7998046875,149700,7272.7998046875,"Philippines","PSEI.PS"
2020-12-21,7244.85009765625,7251.02001953125,7157.8798828125,7224.89013671875,111000,7224.89013671875,"Philippines","PSEI.PS"
2020-12-22,7206.330078125,7206.5400390625,7081.14013671875,7202.39013671875,172600,7202.39013671875,"Philippines","PSEI.PS"
2020-12-23,7169.0498046875,7206.4599609375,7075.18017578125,7204.3798828125,99900,7204.3798828125,"Philippines","PSEI.PS"
2020-12-24,7169.0498046875,7206.4599609375,7075.18017578125,7204.3798828125,0,7204.3798828125,"Philippines","PSEI.PS"
2020-12-25,NA,NA,NA,NA,NA,NA,"Philippines","PSEI.PS"
2020-12-28,7142.9501953125,7142.9501953125,7058.66015625,7122.25,89200,7122.25,"Philippines","PSEI.PS"
2020-12-29,7123.1201171875,7173.27001953125,7120.81982421875,7139.7099609375,118100,7139.7099609375,"Philippines","PSEI.PS"
2020-12-30,NA,NA,NA,NA,NA,NA,"Philippines","PSEI.PS"
2020-12-31,NA,NA,NA,NA,NA,NA,"Philippines","PSEI.PS"
2021-01-01,NA,NA,NA,NA,NA,NA,"Philippines","PSEI.PS"
2021-01-04,7149.64013671875,7207.7900390625,7137.91015625,7197.5,9100,7197.5,"Philippines","PSEI.PS"
2021-01-05,7186.72021484375,7186.72021484375,7104,7134.18017578125,123300,7134.18017578125,"Philippines","PSEI.PS"
2021-01-06,7126.91015625,7127.009765625,6928.89990234375,7047.85009765625,112000,7047.85009765625,"Philippines","PSEI.PS"
2021-01-07,7054.39013671875,7126.06982421875,7028.06005859375,7119.60986328125,92700,7119.60986328125,"Philippines","PSEI.PS"
2021-01-08,7141.35009765625,7289.8798828125,7134.75,7289.8798828125,159000,7289.8798828125,"Philippines","PSEI.PS"
2021-01-11,7292.990234375,7432.39990234375,7285.080078125,7304.7900390625,121200,7304.7900390625,"Philippines","PSEI.PS"
2021-01-12,7326.5400390625,7326.5400390625,7253.81005859375,7258.10986328125,102000,7258.10986328125,"Philippines","PSEI.PS"
2021-01-13,7259.4599609375,7284.60009765625,7233.990234375,7242.85009765625,104100,7242.85009765625,"Philippines","PSEI.PS"
2021-01-14,7183.9501953125,7308.43994140625,7180.8798828125,7273.14990234375,122600,7273.14990234375,"Philippines","PSEI.PS"
2021-01-15,7282.259765625,7297.41015625,7238.4599609375,7238.4599609375,90700,7238.4599609375,"Philippines","PSEI.PS"
2021-01-18,7230.0498046875,7230.0498046875,7157.6298828125,7203.43994140625,85700,7203.43994140625,"Philippines","PSEI.PS"
2021-01-19,7158.72998046875,7198.4501953125,7137.56005859375,7198.4501953125,73600,7198.4501953125,"Philippines","PSEI.PS"
2021-01-20,7164.06005859375,7172.16015625,7082.75,7143.2998046875,103600,7143.2998046875,"Philippines","PSEI.PS"
2021-01-21,7161.06982421875,7161.06982421875,7112.330078125,7140.2900390625,77800,7140.2900390625,"Philippines","PSEI.PS"
2021-01-22,7116.759765625,7116.759765625,7007.2001953125,7045.830078125,110200,7045.830078125,"Philippines","PSEI.PS"
2021-01-25,7026.77001953125,7071.5,7012.759765625,7071.5,82900,7071.5,"Philippines","PSEI.PS"
2021-01-26,7039.169921875,7039.169921875,6961.06005859375,6977.16015625,114700,6977.16015625,"Philippines","PSEI.PS"
2021-01-27,6947.52001953125,6949.47998046875,6824.8798828125,6863.60986328125,120000,6863.60986328125,"Philippines","PSEI.PS"
2021-01-28,6808.72021484375,6918.2998046875,6770.75,6851.83984375,82300,6851.83984375,"Philippines","PSEI.PS"
2021-01-29,6826.64990234375,6827.3798828125,6612.6201171875,6612.6201171875,175300,6612.6201171875,"Philippines","PSEI.PS"
2021-02-01,6634.58984375,6814.759765625,6634.58984375,6814.759765625,107300,6814.759765625,"Philippines","PSEI.PS"
2021-02-02,6838.259765625,6917.919921875,6837.31005859375,6867.8798828125,80800,6867.8798828125,"Philippines","PSEI.PS"
2021-02-03,6895.43017578125,6913.2998046875,6819.419921875,6859.4599609375,105600,6859.4599609375,"Philippines","PSEI.PS"
2021-02-04,6858.0400390625,6903.75,6809.41015625,6903.75,79200,6903.75,"Philippines","PSEI.PS"
2021-02-05,6899.14990234375,7019.18017578125,6843.830078125,7019.18017578125,96100,7019.18017578125,"Philippines","PSEI.PS"
2021-02-08,6997.27978515625,7032.1201171875,6965.93017578125,7024.47998046875,102200,7024.47998046875,"Philippines","PSEI.PS"
2021-02-09,7014.7900390625,7091.919921875,7014.7900390625,7065.5498046875,101500,7065.5498046875,"Philippines","PSEI.PS"
2021-02-10,7076.3798828125,7159.10986328125,7073.77978515625,7082.14990234375,115800,7082.14990234375,"Philippines","PSEI.PS"
2021-02-11,7059.47998046875,7076.009765625,6991.009765625,6991.009765625,132200,6991.009765625,"Philippines","PSEI.PS"
2021-02-12,NA,NA,NA,NA,NA,NA,"Philippines","PSEI.PS"
2021-02-15,6996.580078125,7026.39990234375,6959.2099609375,6959.2099609375,79100,6959.2099609375,"Philippines","PSEI.PS"
2021-02-16,6969.93017578125,7044.06005859375,6969.6298828125,7044.06005859375,92300,7044.06005859375,"Philippines","PSEI.PS"
2021-02-17,6991.35986328125,6995.60009765625,6916.7099609375,6966.43017578125,88300,6966.43017578125,"Philippines","PSEI.PS"
2021-02-18,6954.3701171875,6972.259765625,6849.64013671875,6849.64013671875,111400,6849.64013671875,"Philippines","PSEI.PS"
2021-02-19,6858.72021484375,6926.41015625,6841.47998046875,6926.41015625,103200,6926.41015625,"Philippines","PSEI.PS"
2021-02-22,6901.93017578125,6907.47021484375,6810.33984375,6810.33984375,78900,6810.33984375,"Philippines","PSEI.PS"
2021-02-23,6808.1298828125,6814.669921875,6736.419921875,6814.669921875,111800,6814.669921875,"Philippines","PSEI.PS"
2021-02-24,6808.419921875,6808.419921875,6735.83984375,6755.9501953125,85000,6755.9501953125,"Philippines","PSEI.PS"
2021-02-25,NA,NA,NA,NA,NA,NA,"Philippines","PSEI.PS"
2021-02-26,6718.06005859375,6827.169921875,6681.14013671875,6794.85986328125,198600,6794.85986328125,"Philippines","PSEI.PS"
2021-03-01,6828.7001953125,6874.39990234375,6798.81005859375,6872.97021484375,107500,6872.97021484375,"Philippines","PSEI.PS"
2021-03-02,6862.64013671875,6919.5400390625,6848.81005859375,6919.5400390625,113400,6919.5400390625,"Philippines","PSEI.PS"
2021-03-03,6918.740234375,6942.759765625,6871.18017578125,6942.759765625,80100,6942.759765625,"Philippines","PSEI.PS"
2021-03-04,6911.169921875,6921.10009765625,6839.33984375,6882.490234375,87500,6882.490234375,"Philippines","PSEI.PS"
2021-03-05,6864.580078125,6896.25,6829.2099609375,6881.3701171875,77500,6881.3701171875,"Philippines","PSEI.PS"
2021-03-08,6879.77001953125,6879.77001953125,6745.75,6756.919921875,106300,6756.919921875,"Philippines","PSEI.PS"
2021-03-09,6738.830078125,6769.3798828125,6668.330078125,6766.830078125,92600,6766.830078125,"Philippines","PSEI.PS"
2021-03-10,6752.89990234375,6808.31982421875,6727.10009765625,6808.31982421875,114000,6808.31982421875,"Philippines","PSEI.PS"
2021-03-11,6782.56982421875,6782.56982421875,6705.669921875,6719.18017578125,59000,6719.18017578125,"Philippines","PSEI.PS"
2021-03-12,6734.39990234375,6749.1298828125,6693.91015625,6728.5498046875,60800,6728.5498046875,"Philippines","PSEI.PS"
2021-03-15,6694.08984375,6694.08984375,6489.7900390625,6552.4599609375,126900,6552.4599609375,"Philippines","PSEI.PS"
2021-03-16,6529.10009765625,6610.52978515625,6519.18017578125,6559.080078125,74800,6559.080078125,"Philippines","PSEI.PS"
2021-03-17,6574.31005859375,6593.52978515625,6548.5400390625,6566.830078125,88600,6566.830078125,"Philippines","PSEI.PS"
2021-03-18,6581.47021484375,6675.83984375,6577.64013671875,6630.85009765625,94200,6630.85009765625,"Philippines","PSEI.PS"
2021-03-19,6628.740234375,6638.93017578125,6436.10009765625,6436.10009765625,149900,6436.10009765625,"Philippines","PSEI.PS"
2021-03-22,6381.58984375,6444.580078125,6325.64013671875,6395.169921875,77100,6395.169921875,"Philippines","PSEI.PS"
2021-03-23,6381.81982421875,6446.35009765625,6381.81982421875,6446.35009765625,83600,6446.35009765625,"Philippines","PSEI.PS"
2021-03-24,6427.72021484375,6497.009765625,6393.14013671875,6497.009765625,83800,6497.009765625,"Philippines","PSEI.PS"
2021-03-25,6498.509765625,6603.5498046875,6498.509765625,6581,125600,6581,"Philippines","PSEI.PS"
2021-03-26,6567.89013671875,6576.60009765625,6526.2900390625,6544.6298828125,104300,6544.6298828125,"Philippines","PSEI.PS"
2021-03-29,6469.259765625,6653.52001953125,6432.06982421875,6607.77978515625,107000,6607.77978515625,"Philippines","PSEI.PS"
2021-03-30,6586.93017578125,6603.06005859375,6504.18017578125,6545.5498046875,82200,6545.5498046875,"Philippines","PSEI.PS"
2021-03-31,6554.43017578125,6557.0400390625,6443.08984375,6443.08984375,114900,6443.08984375,"Philippines","PSEI.PS"
2021-04-01,NA,NA,NA,NA,NA,NA,"Philippines","PSEI.PS"
2021-04-02,NA,NA,NA,NA,NA,NA,"Philippines","PSEI.PS"
2021-04-05,6447.39990234375,6500.35009765625,6446.0400390625,6495.14990234375,77800,6495.14990234375,"Philippines","PSEI.PS"
2021-04-06,6521.259765625,6590.10986328125,6518.490234375,6590.10986328125,78800,6590.10986328125,"Philippines","PSEI.PS"
2021-04-07,6591.0498046875,6651.7099609375,6578.1201171875,6651.7099609375,133700,6651.7099609375,"Philippines","PSEI.PS"
2021-04-08,6648.7099609375,6648.7099609375,6542.27001953125,6545.169921875,93600,6545.169921875,"Philippines","PSEI.PS"
2021-04-09,NA,NA,NA,NA,NA,NA,"Philippines","PSEI.PS"
2021-04-12,6562.10986328125,6566.669921875,6504.58984375,6518.64013671875,93700,6518.64013671875,"Philippines","PSEI.PS"
2021-04-13,6520.02978515625,6520.02978515625,6431.7099609375,6457.7900390625,129700,6457.7900390625,"Philippines","PSEI.PS"
2021-04-14,6474.25,6523.2099609375,6453.259765625,6523.2099609375,117900,6523.2099609375,"Philippines","PSEI.PS"
2021-04-15,6505.1298828125,6539.9599609375,6464.490234375,6539.9599609375,140500,6539.9599609375,"Philippines","PSEI.PS"
2021-04-16,6533.56005859375,6533.56005859375,6490.68017578125,6494.81005859375,85300,6494.81005859375,"Philippines","PSEI.PS"
2021-04-19,6503.77001953125,6503.77001953125,6459.759765625,6459.759765625,131600,6459.759765625,"Philippines","PSEI.PS"
2021-04-20,6464.64990234375,6500.419921875,6459.43994140625,6500.419921875,105600,6500.419921875,"Philippines","PSEI.PS"
2021-04-21,6492.52001953125,6494.77978515625,6439.39013671875,6439.39013671875,140000,6439.39013671875,"Philippines","PSEI.PS"
2021-04-22,6451.22998046875,6451.64990234375,6374.330078125,6415.52978515625,146000,6415.52978515625,"Philippines","PSEI.PS"
2021-04-23,6423.2998046875,6424.5498046875,6371.43017578125,6378.06982421875,125700,6378.06982421875,"Philippines","PSEI.PS"
2021-04-26,6417.77001953125,6417.77001953125,6348.56005859375,6389.3798828125,107600,6389.3798828125,"Philippines","PSEI.PS"
2021-04-27,6387.14990234375,6397.740234375,6356.47021484375,6356.47021484375,139900,6356.47021484375,"Philippines","PSEI.PS"
2021-04-28,6381.740234375,6469.14013671875,6375.2900390625,6469.14013671875,139200,6469.14013671875,"Philippines","PSEI.PS"
2021-04-29,6453.259765625,6487.509765625,6420.93994140625,6487.509765625,118700,6487.509765625,"Philippines","PSEI.PS"
2021-04-30,6475.60986328125,6476.10986328125,6370.8701171875,6370.8701171875,116900,6370.8701171875,"Philippines","PSEI.PS"
2021-05-03,6392.97021484375,6419.52001953125,6369.27978515625,6369.27978515625,77800,6369.27978515625,"Philippines","PSEI.PS"
2021-05-04,6391.830078125,6397.18994140625,6356.14013671875,6359.14990234375,90400,6359.14990234375,"Philippines","PSEI.PS"
2021-05-05,6352.5498046875,6354.81005859375,6299.68994140625,6299.68994140625,109900,6299.68994140625,"Philippines","PSEI.PS"
2021-05-06,6310.3701171875,6322.169921875,6233.330078125,6282.77978515625,107300,6282.77978515625,"Philippines","PSEI.PS"
2021-05-07,6278.7001953125,6305.990234375,6257.5,6258.7099609375,86900,6258.7099609375,"Philippines","PSEI.PS"
2021-05-10,6279.7900390625,6321.509765625,6279.7900390625,6317.41015625,88700,6317.41015625,"Philippines","PSEI.PS"
2021-05-11,6298.919921875,6341.1201171875,6281.60986328125,6326.830078125,128700,6326.830078125,"Philippines","PSEI.PS"
2021-05-12,6310.330078125,6310.330078125,6221.93017578125,6236.39990234375,199300,6236.39990234375,"Philippines","PSEI.PS"
2021-05-13,NA,NA,NA,NA,NA,NA,"Philippines","PSEI.PS"
2021-05-14,6262.31005859375,6269.35986328125,6080.93994140625,6269.35986328125,286100,6269.35986328125,"Philippines","PSEI.PS"
2021-05-17,6226.830078125,6283.580078125,6188.740234375,6283.580078125,139300,6283.580078125,"Philippines","PSEI.PS"
2021-05-18,6230.5400390625,6258.77001953125,6210,6244.740234375,124200,6244.740234375,"Philippines","PSEI.PS"
2021-05-19,6262.52001953125,6269.990234375,6204.4501953125,6245.7099609375,113600,6245.7099609375,"Philippines","PSEI.PS"
2021-05-20,6253.02001953125,6253.02001953125,6197.64013671875,6197.64013671875,111000,6197.64013671875,"Philippines","PSEI.PS"
2021-05-21,6201.8798828125,6218.41015625,6172.18017578125,6199.25,115700,6199.25,"Philippines","PSEI.PS"
2021-05-24,6195.8701171875,6209.0498046875,6156.2001953125,6164.89013671875,165100,6164.89013671875,"Philippines","PSEI.PS"
2021-05-25,6173.25,6203,6164.89990234375,6196.7099609375,176300,6196.7099609375,"Philippines","PSEI.PS"
2021-05-26,6223.669921875,6377.10009765625,6213.43994140625,6341.240234375,235800,6341.240234375,"Philippines","PSEI.PS"
2021-05-27,6665.14013671875,6665.14013671875,6665.14013671875,6665.14013671875,0,6665.14013671875,"Philippines","PSEI.PS"
2021-05-28,6622.18017578125,6688.06982421875,6597.5,6674.509765625,301800,6674.509765625,"Philippines","PSEI.PS"
2021-05-31,6656.8798828125,6687.64013671875,6588.0400390625,6628.490234375,122400,6628.490234375,"Philippines","PSEI.PS"
2021-06-01,6619.02001953125,6644.81982421875,6576.64013671875,6627.43017578125,79100,6627.43017578125,"Philippines","PSEI.PS"
2021-06-02,6631.72021484375,6841.68994140625,6631.72021484375,6841.68994140625,226900,6841.68994140625,"Philippines","PSEI.PS"
2021-06-03,6835.240234375,6835.240234375,6760.18994140625,6791.8701171875,138900,6791.8701171875,"Philippines","PSEI.PS"
2021-06-04,6789.02978515625,6810.759765625,6761.91015625,6796.33984375,110600,6796.33984375,"Philippines","PSEI.PS"
2021-06-07,6801.35986328125,6801.35986328125,6758.08984375,6763.919921875,88800,6763.919921875,"Philippines","PSEI.PS"
2021-06-08,6781.0400390625,6809.72021484375,6767.33984375,6809.72021484375,83200,6809.72021484375,"Philippines","PSEI.PS"
2021-06-09,6811.4599609375,6922.8701171875,6805,6902.5400390625,184100,6902.5400390625,"Philippines","PSEI.PS"
2021-06-10,6923.9501953125,6925.14013671875,6872.72021484375,6875.7099609375,164100,6875.7099609375,"Philippines","PSEI.PS"
2021-06-11,6890.02978515625,6910.330078125,6872.58984375,6907.7900390625,120700,6907.7900390625,"Philippines","PSEI.PS"
2021-06-14,6898.2001953125,6917.490234375,6871.7099609375,6917.490234375,108300,6917.490234375,"Philippines","PSEI.PS"
2021-06-15,6908.81005859375,6976.72998046875,6893.4501953125,6976.72998046875,118000,6976.72998046875,"Philippines","PSEI.PS"
2021-06-16,6957.9501953125,7001.2099609375,6957.9501953125,6973.35009765625,153400,6973.35009765625,"Philippines","PSEI.PS"
2021-06-17,6968.56005859375,6974.56005859375,6878.47021484375,6887.919921875,111500,6887.919921875,"Philippines","PSEI.PS"
2021-06-18,6878.990234375,6896.35986328125,6800.7001953125,6851.3798828125,167100,6851.3798828125,"Philippines","PSEI.PS"
2021-06-21,6840.22021484375,6849.4501953125,6783.18994140625,6827.169921875,120700,6827.169921875,"Philippines","PSEI.PS"
2021-06-22,6834.18994140625,6910.169921875,6834.18994140625,6870.41015625,77100,6870.41015625,"Philippines","PSEI.PS"
2021-06-23,6871.830078125,6918.9599609375,6871.830078125,6918.41015625,80900,6918.41015625,"Philippines","PSEI.PS"
2021-06-24,6917.89990234375,6919.1298828125,6886,6886,109600,6886,"Philippines","PSEI.PS"
2021-06-25,6894.27001953125,6950.509765625,6894.27001953125,6950.509765625,92600,6950.509765625,"Philippines","PSEI.PS"
2021-06-28,6949.52978515625,6954.60986328125,6901.89013671875,6937.9599609375,139900,6937.9599609375,"Philippines","PSEI.PS"
2021-06-29,6939.25,6956.64990234375,6921.06982421875,6956.64990234375,119300,6956.64990234375,"Philippines","PSEI.PS"
2021-06-30,6941.16015625,6957.56005859375,6901.91015625,6901.91015625,140500,6901.91015625,"Philippines","PSEI.PS"
2021-07-01,6949.97998046875,7002.22998046875,6946.2099609375,6964.009765625,108700,6964.009765625,"Philippines","PSEI.PS"
2021-07-02,6976.27001953125,7002.259765625,6963.43994140625,7002.259765625,156300,7002.259765625,"Philippines","PSEI.PS"
2021-07-05,6993.68017578125,7037.14013671875,6992.7001953125,7036.3798828125,89900,7036.3798828125,"Philippines","PSEI.PS"
2021-07-06,7064.240234375,7064.240234375,6992.43017578125,6992.43017578125,120200,6992.43017578125,"Philippines","PSEI.PS"
2021-07-07,6994.1298828125,6994.1298828125,6924.2099609375,6943,141900,6943,"Philippines","PSEI.PS"
2021-07-08,6945.990234375,6966.52978515625,6917.3798828125,6924.990234375,116700,6924.990234375,"Philippines","PSEI.PS"
2021-07-09,6900.33984375,6900.33984375,6745.85009765625,6834.919921875,179100,6834.919921875,"Philippines","PSEI.PS"
2021-07-12,6838.18017578125,6913.8701171875,6838.18017578125,6913.8701171875,83300,6913.8701171875,"Philippines","PSEI.PS"
2021-07-13,6907.47998046875,6907.47998046875,6795.1298828125,6795.1298828125,116500,6795.1298828125,"Philippines","PSEI.PS"
2021-07-14,6811.58984375,6835.41015625,6785.83984375,6835.41015625,120800,6835.41015625,"Philippines","PSEI.PS"
2021-07-15,6829.0498046875,6832.68994140625,6727.93017578125,6727.93017578125,80900,6727.93017578125,"Philippines","PSEI.PS"
2021-07-16,6743.77978515625,6783.91015625,6653.52978515625,6693.830078125,142900,6693.830078125,"Philippines","PSEI.PS"
2021-07-19,6665.5400390625,6665.5400390625,6510.43017578125,6587.2001953125,148000,6587.2001953125,"Philippines","PSEI.PS"
2021-07-20,NA,NA,NA,NA,NA,NA,"Philippines","PSEI.PS"
2021-07-21,6611.669921875,6611.669921875,6451.1201171875,6476.2099609375,147800,6476.2099609375,"Philippines","PSEI.PS"
2021-07-22,6496.97021484375,6586.009765625,6496.97021484375,6576.6201171875,88000,6576.6201171875,"Philippines","PSEI.PS"
2021-07-23,6600.8798828125,6611.31005859375,6461.75,6520.740234375,86600,6520.740234375,"Philippines","PSEI.PS"
2021-07-26,6509.740234375,6509.740234375,6372.60986328125,6372.60986328125,73400,6372.60986328125,"Philippines","PSEI.PS"
2021-07-27,6404.2099609375,6522.580078125,6401.66015625,6522.580078125,74100,6522.580078125,"Philippines","PSEI.PS"
2021-07-28,6511.830078125,6511.830078125,6370.25,6473.02978515625,117600,6473.02978515625,"Philippines","PSEI.PS"
2021-07-29,6465.2099609375,6523.56005859375,6442.509765625,6496.52978515625,116900,6496.52978515625,"Philippines","PSEI.PS"
2021-07-30,6520.1201171875,6520.1201171875,6270.22998046875,6270.22998046875,145800,6270.22998046875,"Philippines","PSEI.PS"
2021-08-02,6304.02978515625,6446.31005859375,6293.66015625,6446.31005859375,91200,6446.31005859375,"Philippines","PSEI.PS"
2021-08-03,6442.39990234375,6560.06005859375,6376.10986328125,6560.06005859375,114000,6560.06005859375,"Philippines","PSEI.PS"
2021-08-04,6570.93994140625,6598.18017578125,6545.56005859375,6585.2099609375,90900,6585.2099609375,"Philippines","PSEI.PS"
2021-08-05,6605.4599609375,6605.4599609375,6539.91015625,6547.27001953125,134200,6547.27001953125,"Philippines","PSEI.PS"
2021-08-06,6549.89013671875,6578.41015625,6539.91015625,6539.91015625,137200,6539.91015625,"Philippines","PSEI.PS"
2021-08-09,6555.740234375,6637.43017578125,6537.2001953125,6632.56982421875,133200,6632.56982421875,"Philippines","PSEI.PS"
2021-08-10,6644.39013671875,6644.39013671875,6584.6298828125,6623.22998046875,150400,6623.22998046875,"Philippines","PSEI.PS"
2021-08-11,6630.06005859375,6666.85986328125,6630.06005859375,6666.85986328125,142200,6666.85986328125,"Philippines","PSEI.PS"
2021-08-12,6648.22998046875,6648.22998046875,6546.08984375,6556.56982421875,119000,6556.56982421875,"Philippines","PSEI.PS"
2021-08-13,6564.77978515625,6588.43994140625,6320.18994140625,6320.18994140625,381400,6320.18994140625,"Philippines","PSEI.PS"
2021-08-16,6420.31005859375,6513.68017578125,6413.77001953125,6513.68017578125,131900,6513.68017578125,"Philippines","PSEI.PS"
2021-08-17,6511.02001953125,6589.35009765625,6511.02001953125,6561.41015625,129200,6561.41015625,"Philippines","PSEI.PS"
2021-08-18,6568.72021484375,6680.18017578125,6567.52001953125,6680.18017578125,126000,6680.18017578125,"Philippines","PSEI.PS"
2021-08-19,6678.43017578125,6718.509765625,6615.240234375,6718.509765625,113200,6718.509765625,"Philippines","PSEI.PS"
2021-08-20,6717.93994140625,6743.27978515625,6633.22021484375,6633.22021484375,143800,6633.22021484375,"Philippines","PSEI.PS"
2021-08-23,6679.52001953125,6690.18017578125,6591.669921875,6591.669921875,107900,6591.669921875,"Philippines","PSEI.PS"
2021-08-24,6631.8701171875,6678.81982421875,6628.39990234375,6678.81982421875,126300,6678.81982421875,"Philippines","PSEI.PS"
2021-08-25,6682.93017578125,6822.14990234375,6666.93017578125,6822.14990234375,98900,6822.14990234375,"Philippines","PSEI.PS"
2021-08-26,6822.830078125,6850.18017578125,6808.93994140625,6820.52978515625,191300,6820.52978515625,"Philippines","PSEI.PS"
2021-08-27,6799.080078125,6831.259765625,6774.02001953125,6786.6201171875,91700,6786.6201171875,"Philippines","PSEI.PS"
2021-08-30,NA,NA,NA,NA,NA,NA,"Philippines","PSEI.PS"
2021-08-31,6786.10986328125,6855.43994140625,6651.009765625,6855.43994140625,286100,6855.43994140625,"Philippines","PSEI.PS"
2021-09-01,6829.580078125,6868.7900390625,6779.740234375,6785.93994140625,170300,6785.93994140625,"Philippines","PSEI.PS"
2021-09-02,6831.9599609375,6887.1201171875,6828.89013671875,6834.66015625,185900,6834.66015625,"Philippines","PSEI.PS"
2021-09-03,6841.1298828125,6897.1298828125,6841.1298828125,6897.1298828125,168600,6897.1298828125,"Philippines","PSEI.PS"
2021-09-06,6884.6298828125,6898.919921875,6867.1201171875,6877.10009765625,130500,6877.10009765625,"Philippines","PSEI.PS"
2021-09-07,6892.7998046875,6924.14013671875,6884.0498046875,6912.7099609375,125200,6912.7099609375,"Philippines","PSEI.PS"
2021-09-08,6893.16015625,6949.39013671875,6865.02978515625,6949.39013671875,115500,6949.39013671875,"Philippines","PSEI.PS"
2021-09-09,6939.10009765625,6949.60009765625,6897.1201171875,6924.02001953125,139700,6924.02001953125,"Philippines","PSEI.PS"
2021-09-10,6914.97021484375,6970.509765625,6908.669921875,6970.509765625,146300,6970.509765625,"Philippines","PSEI.PS"
2021-09-13,6960.97998046875,6973.080078125,6937.25,6968.14013671875,115600,6968.14013671875,"Philippines","PSEI.PS"
2021-09-14,6976.89013671875,7033.06005859375,6920.35986328125,6920.35986328125,151600,6920.35986328125,"Philippines","PSEI.PS"
2021-09-15,6927.47998046875,6974.97021484375,6861.009765625,6880.2001953125,160300,6880.2001953125,"Philippines","PSEI.PS"
2021-09-16,6893.5400390625,6968.43017578125,6885.7001953125,6968.43017578125,159200,6968.43017578125,"Philippines","PSEI.PS"
2021-09-17,6962.0400390625,6979.919921875,6912.85009765625,6912.85009765625,368200,6912.85009765625,"Philippines","PSEI.PS"
2021-09-20,6922.52001953125,6928.830078125,6824.60009765625,6857.89990234375,156900,6857.89990234375,"Philippines","PSEI.PS"
2021-09-21,6794.1298828125,6890.97021484375,6779.18994140625,6881.2001953125,127900,6881.2001953125,"Philippines","PSEI.PS"
2021-09-22,6891.43994140625,6934.41015625,6890.669921875,6890.72998046875,162100,6890.72998046875,"Philippines","PSEI.PS"
2021-09-23,6904.5,6974,6904.5,6915.27978515625,128700,6915.27978515625,"Philippines","PSEI.PS"
2021-09-24,6940.22021484375,6985.990234375,6939.97998046875,6951.52978515625,139800,6951.52978515625,"Philippines","PSEI.PS"
2021-09-27,6965.85986328125,6987.259765625,6947.33984375,6956.259765625,181900,6956.259765625,"Philippines","PSEI.PS"
2021-09-28,6984.5400390625,6984.5400390625,6868.33984375,6885.35986328125,168100,6885.35986328125,"Philippines","PSEI.PS"
2021-09-29,6875.16015625,6934.10986328125,6771.759765625,6934.10986328125,224200,6934.10986328125,"Philippines","PSEI.PS"
2021-09-30,6916.81982421875,6984.14013671875,6904.68994140625,6952.8798828125,174800,6952.8798828125,"Philippines","PSEI.PS"
2021-10-01,6964.490234375,6984.7900390625,6923.60009765625,6923.60009765625,92200,6923.60009765625,"Philippines","PSEI.PS"
2021-10-04,6929.7099609375,6964.0400390625,6929.7099609375,6960.89013671875,103500,6960.89013671875,"Philippines","PSEI.PS"
2021-10-05,6946.759765625,6981.240234375,6921.64990234375,6981.240234375,103200,6981.240234375,"Philippines","PSEI.PS"
2021-10-06,6989.5400390625,7073.10009765625,6973.27978515625,7057.4501953125,197000,7057.4501953125,"Philippines","PSEI.PS"
2021-10-07,7049.169921875,7098.2998046875,6951.2998046875,6951.2998046875,215700,6951.2998046875,"Philippines","PSEI.PS"
2021-10-08,6972.18017578125,7076.009765625,6906.85986328125,6906.85986328125,266400,6906.85986328125,"Philippines","PSEI.PS"
2021-10-11,6936.4599609375,7171.43017578125,6936.4599609375,7124.009765625,187400,7124.009765625,"Philippines","PSEI.PS"
2021-10-12,7115.240234375,7166.6298828125,7095.91015625,7107.81982421875,172300,7107.81982421875,"Philippines","PSEI.PS"
2021-10-13,7121.58984375,7159.419921875,7030.68017578125,7068.919921875,262900,7068.919921875,"Philippines","PSEI.PS"
2021-10-14,7132.18994140625,7194.58984375,7132.18994140625,7183.10986328125,217100,7183.10986328125,"Philippines","PSEI.PS"
2021-10-15,7194.990234375,7228.58984375,7168.419921875,7213.4599609375,227800,7213.4599609375,"Philippines","PSEI.PS"
2021-10-18,7193.56982421875,7225.740234375,7158.240234375,7219.81005859375,240900,7219.81005859375,"Philippines","PSEI.PS"
2021-10-19,7236.259765625,7289.97021484375,7236.259765625,7266.31005859375,230900,7266.31005859375,"Philippines","PSEI.PS"
2021-10-20,7250.4599609375,7297.080078125,7250.4599609375,7297.080078125,169100,7297.080078125,"Philippines","PSEI.PS"
2021-10-21,7321.25,7326.10009765625,7279.91015625,7311.72021484375,283000,7311.72021484375,"Philippines","PSEI.PS"
2021-10-22,7305.22021484375,7305.22021484375,7265.419921875,7289.60986328125,139000,7289.60986328125,"Philippines","PSEI.PS"
2021-10-25,7277.81982421875,7295.35009765625,7198.419921875,7211.5400390625,162400,7211.5400390625,"Philippines","PSEI.PS"
2021-10-26,7221.490234375,7252.10009765625,7181.47021484375,7252.10009765625,156400,7252.10009765625,"Philippines","PSEI.PS"
2021-10-27,7254.2001953125,7287.02978515625,7218.60986328125,7230.14990234375,180900,7230.14990234375,"Philippines","PSEI.PS"
2021-10-28,7235.22021484375,7251.47998046875,7144.43994140625,7157.72998046875,160200,7157.72998046875,"Philippines","PSEI.PS"
2021-10-29,7159.66015625,7182.60986328125,7043.68017578125,7054.7001953125,179200,7054.7001953125,"Philippines","PSEI.PS"
2021-11-01,NA,NA,NA,NA,NA,NA,"Philippines","PSEI.PS"
2021-11-02,7159.66015625,7182.60986328125,7043.68017578125,7106.009765625,0,7106.009765625,"Philippines","PSEI.PS"
2021-11-03,7136.669921875,7210.9599609375,7136.669921875,7184.72021484375,136500,7184.72021484375,"Philippines","PSEI.PS"
2021-11-04,7221.47021484375,7224.0498046875,7176.64013671875,7203.72021484375,101100,7203.72021484375,"Philippines","PSEI.PS"
2021-11-05,7247.2099609375,7354.3701171875,7243.27978515625,7340.77001953125,189900,7340.77001953125,"Philippines","PSEI.PS"
2021-11-08,7374.419921875,7424.93994140625,7373.52978515625,7396.22021484375,168500,7396.22021484375,"Philippines","PSEI.PS"
2021-11-09,7415.97021484375,7441.669921875,7407.27978515625,7441.669921875,192700,7441.669921875,"Philippines","PSEI.PS"
2021-11-10,7454.490234375,7475.75,7361.2998046875,7375.68017578125,131900,7375.68017578125,"Philippines","PSEI.PS"
2021-11-11,7360.89013671875,7376.72021484375,7315.22021484375,7331.64990234375,119800,7331.64990234375,"Philippines","PSEI.PS"
2021-11-12,7329.81005859375,7387.81982421875,7329.25,7382.83984375,184200,7382.83984375,"Philippines","PSEI.PS"
2021-11-15,7378.72998046875,7378.72998046875,7333.31005859375,7342.3701171875,109100,7342.3701171875,"Philippines","PSEI.PS"
2021-11-16,7343.240234375,7367.419921875,7307.7099609375,7367.419921875,184400,7367.419921875,"Philippines","PSEI.PS"
2021-11-17,7356.8701171875,7381.4599609375,7344.35986328125,7349.81982421875,105500,7349.81982421875,"Philippines","PSEI.PS"
2021-11-18,7358.06982421875,7358.06982421875,7292.77978515625,7299.33984375,108600,7299.33984375,"Philippines","PSEI.PS"
2021-11-19,7298.08984375,7298.08984375,7209.669921875,7280.56982421875,140000,7280.56982421875,"Philippines","PSEI.PS"
2021-11-22,7268.740234375,7282.669921875,7231.89990234375,7282.669921875,122600,7282.669921875,"Philippines","PSEI.PS"
2021-11-23,7272.7001953125,7401.16015625,7261.10986328125,7401.16015625,172700,7401.16015625,"Philippines","PSEI.PS"
2021-11-24,7395.490234375,7419.10009765625,7365.77001953125,7419.10009765625,135200,7419.10009765625,"Philippines","PSEI.PS"
2021-11-25,7389.10986328125,7397.580078125,7335.4599609375,7369.27001953125,135500,7369.27001953125,"Philippines","PSEI.PS"
2021-11-26,7346.06982421875,7346.06982421875,7263.43017578125,7278.43994140625,218500,7278.43994140625,"Philippines","PSEI.PS"
2021-11-29,7151.66015625,7202.72021484375,7000,7200.8798828125,795500,7200.8798828125,"Philippines","PSEI.PS"
2021-11-30,NA,NA,NA,NA,NA,NA,"Philippines","PSEI.PS"
2021-12-01,7194.08984375,7194.08984375,6928.2998046875,6947.06005859375,296500,6947.06005859375,"Philippines","PSEI.PS"
2021-12-02,6952.47998046875,7065.89013671875,6945.990234375,7032.5400390625,168900,7032.5400390625,"Philippines","PSEI.PS"
2021-12-03,7074.009765625,7120.06982421875,7055.18994140625,7055.18994140625,105200,7055.18994140625,"Philippines","PSEI.PS"
2021-12-06,7075.759765625,7151.759765625,7075.759765625,7130.740234375,119600,7130.740234375,"Philippines","PSEI.PS"
2021-12-07,7153.419921875,7170.81982421875,7098.02978515625,7147.2998046875,179700,7147.2998046875,"Philippines","PSEI.PS"
2021-12-08,NA,NA,NA,NA,NA,NA,"Philippines","PSEI.PS"
2021-12-09,7124.66015625,7234.919921875,7113.72021484375,7234.919921875,180400,7234.919921875,"Philippines","PSEI.PS"
2021-12-10,7231.240234375,7231.240234375,7180.35986328125,7192.169921875,100500,7192.169921875,"Philippines","PSEI.PS"
2021-12-13,7192.7998046875,7226.81982421875,7165.6298828125,7197.60986328125,115600,7197.60986328125,"Philippines","PSEI.PS"
2021-12-14,7252.009765625,7252.009765625,7158.64990234375,7241.990234375,115900,7241.990234375,"Philippines","PSEI.PS"
2021-12-15,7234.97021484375,7263.27001953125,7096.14990234375,7132.580078125,225500,7132.580078125,"Philippines","PSEI.PS"
2021-12-16,7132.580078125,7233.259765625,7132.580078125,7233.259765625,144300,7233.259765625,"Philippines","PSEI.PS"
2021-12-17,7195.43994140625,7297.66015625,7188.7099609375,7297.66015625,130700,7297.66015625,"Philippines","PSEI.PS"
2021-12-20,7236.1201171875,7239.85009765625,7179.41015625,7237.60986328125,83900,7237.60986328125,"Philippines","PSEI.PS"
2021-12-21,7226,7234.89990234375,7167.06005859375,7167.06005859375,197400,7167.06005859375,"Philippines","PSEI.PS"
2021-12-22,7119.18994140625,7119.18994140625,7119.18994140625,7119.18994140625,0,7119.18994140625,"Philippines","PSEI.PS"
2021-12-23,7143.669921875,7248.0498046875,7143.669921875,7248.0498046875,131800,7248.0498046875,"Philippines","PSEI.PS"
2021-12-24,7257.72021484375,7257.72021484375,7181.85986328125,7181.85986328125,45000,7181.85986328125,"Philippines","PSEI.PS"
2021-12-27,7184.8798828125,7254.7998046875,7166.93017578125,7254.7998046875,53100,7254.7998046875,"Philippines","PSEI.PS"
2021-12-28,7239.77978515625,7288.580078125,7239.77978515625,7286.56005859375,90800,7286.56005859375,"Philippines","PSEI.PS"
2021-12-29,7277.080078125,7334.56005859375,7237.009765625,7334.56005859375,161400,7334.56005859375,"Philippines","PSEI.PS"
2021-12-30,NA,NA,NA,NA,NA,NA,"Philippines","PSEI.PS"
2021-12-31,7274.68994140625,7274.68994140625,7119.43994140625,7122.6298828125,108200,7122.6298828125,"Philippines","PSEI.PS"
2022-01-03,7101.64013671875,7101.64013671875,7041.27001953125,7041.27001953125,86300,7041.27001953125,"Philippines","PSEI.PS"
2022-01-04,NA,NA,NA,NA,NA,NA,"Philippines","PSEI.PS"
2022-01-05,7069.169921875,7131,6999.169921875,7091.39990234375,167200,7091.39990234375,"Philippines","PSEI.PS"
2022-01-06,7037.990234375,7085.52001953125,7008.06982421875,7085.52001953125,114900,7085.52001953125,"Philippines","PSEI.PS"
2022-01-07,7074.990234375,7077.25,6978.080078125,7011.10986328125,152300,7011.10986328125,"Philippines","PSEI.PS"
2022-01-10,6990.06982421875,7156.83984375,6966.85009765625,7140.669921875,123400,7140.669921875,"Philippines","PSEI.PS"
2022-01-11,7114.8701171875,7160.7998046875,7067.97998046875,7085.68994140625,111400,7085.68994140625,"Philippines","PSEI.PS"
2022-01-12,7142.52978515625,7215.1298828125,7134,7215.1298828125,123100,7215.1298828125,"Philippines","PSEI.PS"
2022-01-13,7217.3798828125,7317.08984375,7217.3798828125,7307.75,129200,7307.75,"Philippines","PSEI.PS"
2022-01-14,7281.4501953125,7293.43994140625,7261.33984375,7261.33984375,89300,7261.33984375,"Philippines","PSEI.PS"
2022-01-17,7266.41015625,7280.10986328125,7223.830078125,7223.830078125,72900,7223.830078125,"Philippines","PSEI.PS"
2022-01-18,7246.35009765625,7343.9599609375,7244.83984375,7343.9599609375,70000,7343.9599609375,"Philippines","PSEI.PS"
2022-01-19,7304.6201171875,7304.6201171875,7242.27978515625,7261.5400390625,101500,7261.5400390625,"Philippines","PSEI.PS"
2022-01-20,7258.169921875,7281.56005859375,7218.68017578125,7239.27978515625,182000,7239.27978515625,"Philippines","PSEI.PS"
2022-01-21,7225.22021484375,7293.52001953125,7204.27001953125,7293.52001953125,77900,7293.52001953125,"Philippines","PSEI.PS"
2022-01-24,7256.39990234375,7256.85009765625,7215.27001953125,7252.64013671875,76900,7252.64013671875,"Philippines","PSEI.PS"
2022-01-25,7262.6298828125,7288.2099609375,7242.080078125,7288.2099609375,83400,7288.2099609375,"Philippines","PSEI.PS"
2022-01-26,7283.14990234375,7283.14990234375,7210.2099609375,7253.60986328125,108000,7253.60986328125,"Philippines","PSEI.PS"
2022-01-27,7243.68994140625,7275.27978515625,7237.7998046875,7273.52001953125,79200,7273.52001953125,"Philippines","PSEI.PS"
2022-01-28,7266.9599609375,7315.31005859375,7251.97021484375,7251.97021484375,132500,7251.97021484375,"Philippines","PSEI.PS"
2022-01-31,7279.0498046875,7369.93994140625,7279.0498046875,7361.64990234375,114000,7361.64990234375,"Philippines","PSEI.PS"
2022-02-01,NA,NA,NA,NA,NA,NA,"Philippines","PSEI.PS"
2022-02-02,7380.14013671875,7517.5,7380.14013671875,7458.990234375,127100,7458.990234375,"Philippines","PSEI.PS"
2022-02-03,7460.58984375,7460.58984375,7382.77001953125,7382.77001953125,101900,7382.77001953125,"Philippines","PSEI.PS"
2022-02-04,7407.97021484375,7470.1298828125,7394.43994140625,7456.35009765625,129600,7456.35009765625,"Philippines","PSEI.PS"
2022-02-07,7469.2900390625,7474.52978515625,7378.7001953125,7380.2998046875,166500,7380.2998046875,"Philippines","PSEI.PS"
2022-02-08,7400.89990234375,7473.7099609375,7400.89990234375,7458.22998046875,98100,7458.22998046875,"Philippines","PSEI.PS"
2022-02-09,7475.2099609375,7552.2001953125,7475.2099609375,7502.47998046875,158900,7502.47998046875,"Philippines","PSEI.PS"
2022-02-10,7508.72998046875,7538.77978515625,7427.43994140625,7432.6201171875,173800,7432.6201171875,"Philippines","PSEI.PS"
2022-02-11,7446.2099609375,7446.2099609375,7270.35986328125,7270.35986328125,425900,7270.35986328125,"Philippines","PSEI.PS"
2022-02-14,7276.6298828125,7361.14990234375,7276.6298828125,7361.14990234375,179500,7361.14990234375,"Philippines","PSEI.PS"
2022-02-15,7338.27978515625,7372.64990234375,7292.9501953125,7309.93994140625,218800,7309.93994140625,"Philippines","PSEI.PS"
2022-02-16,7324.8798828125,7452.81982421875,7324.8798828125,7452.81982421875,214500,7452.81982421875,"Philippines","PSEI.PS"
2022-02-17,7455.08984375,7464.18994140625,7423.9501953125,7438.93017578125,167300,7438.93017578125,"Philippines","PSEI.PS"
2022-02-18,7419.580078125,7425.43994140625,7368.669921875,7418.7900390625,187400,7418.7900390625,"Philippines","PSEI.PS"
2022-02-21,7330.43994140625,7372.25,7257.43017578125,7372.25,141800,7372.25,"Philippines","PSEI.PS"
2022-02-22,7341.35009765625,7440.91015625,7289.5498046875,7440.91015625,139800,7440.91015625,"Philippines","PSEI.PS"
2022-02-23,7414.990234375,7414.990234375,7347.43994140625,7364.2099609375,135300,7364.2099609375,"Philippines","PSEI.PS"
2022-02-24,7355.8701171875,7383.89990234375,7179.6298828125,7212.22998046875,219400,7212.22998046875,"Philippines","PSEI.PS"
2022-02-25,NA,NA,NA,NA,NA,NA,"Philippines","PSEI.PS"
2022-02-28,7175.81982421875,7326.06982421875,7175.81982421875,7311.009765625,228000,7311.009765625,"Philippines","PSEI.PS"
2022-03-01,7322.3798828125,7404.60986328125,7317.43994140625,7404.60986328125,126100,7404.60986328125,"Philippines","PSEI.PS"
2022-03-02,7375.6201171875,7379.1298828125,7286.259765625,7304.02001953125,104000,7304.02001953125,"Philippines","PSEI.PS"
2022-03-03,7319.8798828125,7388.08984375,7310.240234375,7388.08984375,109000,7388.08984375,"Philippines","PSEI.PS"
2022-03-04,7369.7998046875,7375.27978515625,7320.43994140625,7342.009765625,87200,7342.009765625,"Philippines","PSEI.PS"
2022-03-07,7304.759765625,7304.759765625,7158.330078125,7288.06982421875,158600,7288.06982421875,"Philippines","PSEI.PS"
2022-03-08,7167.9501953125,7176.18994140625,6977.72998046875,6977.72998046875,231700,6977.72998046875,"Philippines","PSEI.PS"
2022-03-09,6967.5400390625,7095.1201171875,6967.5400390625,6989.8798828125,156500,6989.8798828125,"Philippines","PSEI.PS"
2022-03-10,7094.77978515625,7125.39990234375,7043.4501953125,7124.7998046875,129800,7124.7998046875,"Philippines","PSEI.PS"
2022-03-11,7084.77978515625,7112.18994140625,7044.83984375,7112.18994140625,118900,7112.18994140625,"Philippines","PSEI.PS"
2022-03-14,7076.7900390625,7076.7900390625,6797.08984375,6816.9501953125,171900,6816.9501953125,"Philippines","PSEI.PS"
2022-03-15,6820.77978515625,7019.919921875,6638.39990234375,7019.919921875,172500,7019.919921875,"Philippines","PSEI.PS"
2022-03-16,7004.56982421875,7026.4501953125,6957.4599609375,7026.4501953125,143200,7026.4501953125,"Philippines","PSEI.PS"
2022-03-17,7053.5400390625,7156.77001953125,7046.56005859375,7122.4501953125,157900,7122.4501953125,"Philippines","PSEI.PS"
2022-03-18,7112,7140.89990234375,7007.6298828125,7007.6298828125,367900,7007.6298828125,"Philippines","PSEI.PS"
2022-03-21,7024.7900390625,7054.97998046875,6949.85009765625,6956.60009765625,127700,6956.60009765625,"Philippines","PSEI.PS"
2022-03-22,6940.85009765625,7008.93994140625,6900.490234375,7008.93994140625,118400,7008.93994140625,"Philippines","PSEI.PS"
2022-03-23,6986.18994140625,7013.669921875,6977.60986328125,7009.43017578125,94600,7009.43017578125,"Philippines","PSEI.PS"
2022-03-24,7013.39013671875,7082.60986328125,6985.47021484375,7082.60986328125,125100,7082.60986328125,"Philippines","PSEI.PS"
2022-03-25,7073.60986328125,7124.83984375,7048.52978515625,7124.83984375,102100,7124.83984375,"Philippines","PSEI.PS"
2022-03-28,7120.740234375,7134.35986328125,7080.3701171875,7134.35986328125,87900,7134.35986328125,"Philippines","PSEI.PS"
2022-03-29,7090.22021484375,7115.08984375,7062.72021484375,7115.08984375,115600,7115.08984375,"Philippines","PSEI.PS"
2022-03-30,7097.18017578125,7167.02001953125,7097.18017578125,7167.02001953125,164400,7167.02001953125,"Philippines","PSEI.PS"
2022-03-31,7173.68994140625,7203.47021484375,7156.490234375,7203.47021484375,172400,7203.47021484375,"Philippines","PSEI.PS"
2022-04-01,7160.47998046875,7162.43994140625,7103.47021484375,7152.8798828125,102000,7152.8798828125,"Philippines","PSEI.PS"
2022-04-04,7124.25,7163.2099609375,7124.25,7163.2099609375,78500,7163.2099609375,"Philippines","PSEI.PS"
2022-04-05,7158.56982421875,7158.56982421875,7106.490234375,7156.06982421875,70400,7156.06982421875,"Philippines","PSEI.PS"
2022-04-06,7129.27001953125,7130.919921875,7080.490234375,7109.259765625,82700,7109.259765625,"Philippines","PSEI.PS"
2022-04-07,7100.06005859375,7120.81982421875,6926.02978515625,6926.02978515625,149600,6926.02978515625,"Philippines","PSEI.PS"
2022-04-08,6957.419921875,7018.02001953125,6950.10009765625,7018.02001953125,87200,7018.02001953125,"Philippines","PSEI.PS"
2022-04-11,7017.9501953125,7026.919921875,6988.2900390625,6988.2900390625,57400,6988.2900390625,"Philippines","PSEI.PS"
2022-04-12,6992.97021484375,6992.97021484375,6895.35986328125,6895.35986328125,105300,6895.35986328125,"Philippines","PSEI.PS"
2022-04-13,6907.97021484375,6984.89990234375,6907.97021484375,6984.89990234375,76900,6984.89990234375,"Philippines","PSEI.PS"
2022-04-14,NA,NA,NA,NA,NA,NA,"Philippines","PSEI.PS"
2022-04-15,NA,NA,NA,NA,NA,NA,"Philippines","PSEI.PS"
2022-04-18,7010.919921875,7010.919921875,6977.39990234375,6996.10986328125,52800,6996.10986328125,"Philippines","PSEI.PS"
2022-04-19,7037.740234375,7037.740234375,7037.740234375,7037.740234375,0,7037.740234375,"Philippines","PSEI.PS"
2022-04-20,7085.22998046875,7142.419921875,7067.740234375,7142.419921875,92700,7142.419921875,"Philippines","PSEI.PS"
2022-04-21,7145.5,7156.85009765625,7050.6201171875,7061.490234375,104800,7061.490234375,"Philippines","PSEI.PS"
2022-04-22,7067.93017578125,7072.58984375,6959.9501953125,6998.58984375,76600,6998.58984375,"Philippines","PSEI.PS"
2022-04-25,6971.8798828125,7020.830078125,6913.43017578125,7020.830078125,84800,7020.830078125,"Philippines","PSEI.PS"
2022-04-26,6996.009765625,7001.91015625,6964,6980.02001953125,73100,6980.02001953125,"Philippines","PSEI.PS"
2022-04-27,6936.10009765625,6945.2998046875,6832.919921875,6863.91015625,89300,6863.91015625,"Philippines","PSEI.PS"
2022-04-28,6858,6909.4501953125,6828.85009765625,6909.4501953125,97700,6909.4501953125,"Philippines","PSEI.PS"
2022-04-29,6911.64013671875,6911.64013671875,6731.25,6731.25,189900,6731.25,"Philippines","PSEI.PS"
2022-05-02,6742.830078125,6764.10009765625,6668.39013671875,6721.080078125,79500,6721.080078125,"Philippines","PSEI.PS"
2022-05-03,NA,NA,NA,NA,NA,NA,"Philippines","PSEI.PS"
2022-05-04,6736.2998046875,6802.72998046875,6630.4599609375,6802.72998046875,111300,6802.72998046875,"Philippines","PSEI.PS"
2022-05-05,6827.93994140625,6881.58984375,6785.39013671875,6868.919921875,104500,6868.919921875,"Philippines","PSEI.PS"
2022-05-06,6800.93994140625,6855.009765625,6759.89990234375,6759.89990234375,93300,6759.89990234375,"Philippines","PSEI.PS"
2022-05-09,NA,NA,NA,NA,NA,NA,"Philippines","PSEI.PS"
2022-05-10,6632.35009765625,6720.93017578125,6547.43994140625,6720.93017578125,170500,6720.93017578125,"Philippines","PSEI.PS"
2022-05-11,6677.240234375,6695.85009765625,6630.52001953125,6635.85986328125,153700,6635.85986328125,"Philippines","PSEI.PS"
2022-05-12,6633.68017578125,6633.68017578125,6532.2998046875,6532.2998046875,170300,6532.2998046875,"Philippines","PSEI.PS"
2022-05-13,6545.52001953125,6569.35986328125,6379.169921875,6379.169921875,340000,6379.169921875,"Philippines","PSEI.PS"
2022-05-16,6458.56982421875,6539.330078125,6458.56982421875,6502.1201171875,173600,6502.1201171875,"Philippines","PSEI.PS"
2022-05-17,6518.1201171875,6594.66015625,6495.68017578125,6594.66015625,298100,6594.66015625,"Philippines","PSEI.PS"
2022-05-18,6621.169921875,6727.60009765625,6607.97998046875,6727.60009765625,223600,6727.60009765625,"Philippines","PSEI.PS"
2022-05-19,6651.169921875,6711.14990234375,6597.14013671875,6660.0498046875,225700,6660.0498046875,"Philippines","PSEI.PS"
2022-05-20,6683.14990234375,6763.740234375,6683.14990234375,6746.330078125,167000,6746.330078125,"Philippines","PSEI.PS"
2022-05-23,6757.58984375,6757.58984375,6678.009765625,6687.85009765625,143000,6687.85009765625,"Philippines","PSEI.PS"
2022-05-24,6693.60986328125,6693.60986328125,6577.4501953125,6577.4501953125,145000,6577.4501953125,"Philippines","PSEI.PS"
2022-05-25,6580.08984375,6612.080078125,6574.97998046875,6597.759765625,133800,6597.759765625,"Philippines","PSEI.PS"
2022-05-26,6607.18994140625,6645.52001953125,6589.18017578125,6645.52001953125,139200,6645.52001953125,"Philippines","PSEI.PS"
2022-05-27,6655.509765625,6726.14013671875,6641.16015625,6726.14013671875,142300,6726.14013671875,"Philippines","PSEI.PS"
2022-05-30,6741.9501953125,6839.27001953125,6729.89990234375,6822.31982421875,153900,6822.31982421875,"Philippines","PSEI.PS"
2022-05-31,6832.080078125,6832.080078125,6774.68017578125,6774.68017578125,1029500,6774.68017578125,"Philippines","PSEI.PS"
2022-06-01,6786.919921875,6786.919921875,6698.7900390625,6712.2099609375,118300,6712.2099609375,"Philippines","PSEI.PS"
2022-06-02,6722.72998046875,6722.72998046875,6653.41015625,6686.830078125,84400,6686.830078125,"Philippines","PSEI.PS"
2022-06-03,6667.6201171875,6743.14990234375,6653.9599609375,6741.39990234375,93800,6741.39990234375,"Philippines","PSEI.PS"
2022-06-06,6747.60009765625,6749.06982421875,6699.97021484375,6716.8798828125,132100,6716.8798828125,"Philippines","PSEI.PS"
2022-06-07,6717.6201171875,6754.009765625,6705.6298828125,6754.009765625,96500,6754.009765625,"Philippines","PSEI.PS"
2022-06-08,6768.35009765625,6797.5498046875,6733.14013671875,6769.6201171875,110200,6769.6201171875,"Philippines","PSEI.PS"
2022-06-09,6796.3798828125,6796.3798828125,6684.6298828125,6758.58984375,101700,6758.58984375,"Philippines","PSEI.PS"
2022-06-10,6713.330078125,6713.330078125,6530.0400390625,6530.0400390625,121100,6530.0400390625,"Philippines","PSEI.PS"
2022-06-13,6503.06005859375,6503.52978515625,6430.4501953125,6467.009765625,125300,6467.009765625,"Philippines","PSEI.PS"
2022-06-14,6416.8701171875,6474.52978515625,6384.41015625,6474.52978515625,131300,6474.52978515625,"Philippines","PSEI.PS"
2022-06-15,6443.85009765625,6472.64013671875,6319.419921875,6319.419921875,128000,6319.419921875,"Philippines","PSEI.PS"
2022-06-16,6374.43017578125,6393.3798828125,6327.22998046875,6393.009765625,128000,6393.009765625,"Philippines","PSEI.PS"
2022-06-17,6308.85986328125,6331.56005859375,6273.72998046875,6331.56005859375,281300,6331.56005859375,"Philippines","PSEI.PS"
2022-06-20,6341.97998046875,6349.009765625,6302.5,6333.93994140625,87100,6333.93994140625,"Philippines","PSEI.PS"
2022-06-21,6349.259765625,6370.740234375,6255.68017578125,6285.18994140625,108900,6285.18994140625,"Philippines","PSEI.PS"
2022-06-22,6289.27001953125,6299.41015625,6168,6168,149500,6168,"Philippines","PSEI.PS"
2022-06-23,6177.56005859375,6215.89990234375,6054.7900390625,6065.22998046875,140900,6065.22998046875,"Philippines","PSEI.PS"
2022-06-24,6096.47998046875,6217.56005859375,6096.47998046875,6217.56005859375,142500,6217.56005859375,"Philippines","PSEI.PS"
2022-06-27,6241.93994140625,6253.509765625,6197.97998046875,6238.81982421875,143300,6238.81982421875,"Philippines","PSEI.PS"
2022-06-28,6247.14013671875,6349.490234375,6232.0498046875,6345.41015625,162300,6345.41015625,"Philippines","PSEI.PS"
2022-06-29,6361.22998046875,6374.91015625,6303.18994140625,6303.18994140625,131200,6303.18994140625,"Philippines","PSEI.PS"
2022-06-30,6321.0400390625,6337.33984375,6140.22021484375,6155.43017578125,171500,6155.43017578125,"Philippines","PSEI.PS"
2022-07-01,6174.3701171875,6223.56005859375,6148.43017578125,6165.35009765625,124700,6165.35009765625,"Philippines","PSEI.PS"
2022-07-04,6195.89990234375,6210.830078125,6160.8798828125,6183.6201171875,100400,6183.6201171875,"Philippines","PSEI.PS"
2022-07-05,6193.16015625,6309.990234375,6193.16015625,6309.990234375,110700,6309.990234375,"Philippines","PSEI.PS"
2022-07-06,6323.6201171875,6445.009765625,6312.08984375,6445.009765625,132600,6445.009765625,"Philippines","PSEI.PS"
2022-07-07,6419.89990234375,6425.22998046875,6332.5400390625,6352.31982421875,127800,6352.31982421875,"Philippines","PSEI.PS"
2022-07-08,6366.68017578125,6497.97021484375,6358.43994140625,6361.81982421875,168600,6361.81982421875,"Philippines","PSEI.PS"
2022-07-11,6381.10986328125,6396,6315.52001953125,6388.64013671875,80800,6388.64013671875,"Philippines","PSEI.PS"
2022-07-12,6378.33984375,6393.68017578125,6349.93994140625,6349.93994140625,80100,6349.93994140625,"Philippines","PSEI.PS"
2022-07-13,6347.6298828125,6351.81982421875,6235.56982421875,6255.3701171875,128100,6255.3701171875,"Philippines","PSEI.PS"
2022-07-14,6250.06005859375,6255.9599609375,6166.60986328125,6248.1298828125,112000,6248.1298828125,"Philippines","PSEI.PS"
2022-07-15,6240.830078125,6240.830078125,6127.259765625,6195.259765625,111800,6195.259765625,"Philippines","PSEI.PS"
2022-07-18,6182.27001953125,6268.77978515625,6162.27001953125,6268.77978515625,80800,6268.77978515625,"Philippines","PSEI.PS"
2022-07-19,6255.56982421875,6287.02978515625,6249.259765625,6286.240234375,90200,6286.240234375,"Philippines","PSEI.PS"
2022-07-20,6294.97021484375,6351.77001953125,6263.990234375,6274.7998046875,116800,6274.7998046875,"Philippines","PSEI.PS"
2022-07-21,6298.31005859375,6347.580078125,6245.6298828125,6256.169921875,149200,6256.169921875,"Philippines","PSEI.PS"
2022-07-22,6258.56982421875,6266.6298828125,6233.41015625,6263.39013671875,63100,6263.39013671875,"Philippines","PSEI.PS"
2022-07-25,6239.35009765625,6241.66015625,6163.259765625,6209.52978515625,72300,6209.52978515625,"Philippines","PSEI.PS"
2022-07-26,6206.7998046875,6234.25,6201.97021484375,6223,74600,6223,"Philippines","PSEI.PS"
2022-07-27,6208.93017578125,6237.27001953125,6171.4501953125,6236.759765625,56400,6236.759765625,"Philippines","PSEI.PS"
2022-07-28,6274.72021484375,6379.259765625,6274.72021484375,6379.259765625,98800,6379.259765625,"Philippines","PSEI.PS"
2022-07-29,6351.7001953125,6351.7001953125,6265.9501953125,6315.93017578125,117500,6315.93017578125,"Philippines","PSEI.PS"
2022-08-01,6309.06982421875,6325.97021484375,6227.330078125,6312.02978515625,134700,6312.02978515625,"Philippines","PSEI.PS"
2022-08-02,6310.02978515625,6362.2998046875,6291.93994140625,6362.2998046875,117100,6362.2998046875,"Philippines","PSEI.PS"
2022-08-03,6359.97021484375,6430.080078125,6336.02001953125,6430.080078125,133200,6430.080078125,"Philippines","PSEI.PS"
2022-08-04,6435.60986328125,6483.10986328125,6415.39013671875,6483.10986328125,104800,6483.10986328125,"Philippines","PSEI.PS"
2022-08-05,6484.60986328125,6519.7998046875,6405.5,6405.5,270400,6405.5,"Philippines","PSEI.PS"
2022-08-08,6425.47021484375,6437.919921875,6370.830078125,6434.240234375,119700,6434.240234375,"Philippines","PSEI.PS"
2022-08-09,6431.60009765625,6468.97021484375,6408.39013671875,6468.97021484375,129400,6468.97021484375,"Philippines","PSEI.PS"
2022-08-10,6464.56005859375,6471.83984375,6413.9599609375,6471.83984375,121600,6471.83984375,"Philippines","PSEI.PS"
2022-08-11,6505.740234375,6680.68017578125,6505.740234375,6680.68017578125,197000,6680.68017578125,"Philippines","PSEI.PS"
2022-08-12,6676.27001953125,6730.52978515625,6646.7900390625,6699.66015625,173900,6699.66015625,"Philippines","PSEI.PS"
2022-08-15,6699.490234375,6745.9599609375,6691.169921875,6737.83984375,110400,6737.83984375,"Philippines","PSEI.PS"
2022-08-16,6735.56005859375,6850.64013671875,6703.08984375,6850.64013671875,207000,6850.64013671875,"Philippines","PSEI.PS"
2022-08-17,6845.64990234375,6883.60009765625,6817,6818.990234375,156000,6818.990234375,"Philippines","PSEI.PS"
2022-08-18,6770.419921875,6844.14013671875,6753.02978515625,6824.6298828125,181200,6824.6298828125,"Philippines","PSEI.PS"
2022-08-19,6834.759765625,6867.89013671875,6819.14990234375,6863.85986328125,102600,6863.85986328125,"Philippines","PSEI.PS"
2022-08-22,6848.9501953125,6848.9501953125,6704.41015625,6704.41015625,120000,6704.41015625,"Philippines","PSEI.PS"
2022-08-23,6680.52001953125,6680.52001953125,6591.830078125,6618.3798828125,126000,6618.3798828125,"Philippines","PSEI.PS"
2022-08-24,6618.85986328125,6677.68994140625,6614.83984375,6643.4501953125,75200,6643.4501953125,"Philippines","PSEI.PS"
2022-08-25,6657.18017578125,6726.68017578125,6656.7001953125,6706.43017578125,61800,6706.43017578125,"Philippines","PSEI.PS"
2022-08-26,6697.0400390625,6752.5,6680.72998046875,6752.5,176300,6752.5,"Philippines","PSEI.PS"
2022-08-29,NA,NA,NA,NA,NA,NA,"Philippines","PSEI.PS"
2022-08-30,6616.43017578125,6690.43994140625,6600.990234375,6690.27001953125,146200,6690.27001953125,"Philippines","PSEI.PS"
2022-08-31,6661.14990234375,6661.14990234375,6583.64990234375,6583.64990234375,247500,6583.64990234375,"Philippines","PSEI.PS"
2022-09-01,6594.669921875,6606.2099609375,6569.169921875,6588.27978515625,125600,6588.27978515625,"Philippines","PSEI.PS"
2022-09-02,6586.080078125,6692.64990234375,6586.080078125,6692.64990234375,97500,6692.64990234375,"Philippines","PSEI.PS"
2022-09-05,6693.83984375,6698.5400390625,6640.02978515625,6676.0400390625,84400,6676.0400390625,"Philippines","PSEI.PS"
2022-09-06,6681.1298828125,6721.41015625,6668.41015625,6709.60009765625,95500,6709.60009765625,"Philippines","PSEI.PS"
2022-09-07,6709.4599609375,6709.4599609375,6554.080078125,6554.080078125,118500,6554.080078125,"Philippines","PSEI.PS"
2022-09-08,6574.47998046875,6600.66015625,6548.080078125,6593.740234375,124000,6593.740234375,"Philippines","PSEI.PS"
2022-09-09,6593.56982421875,6629.2900390625,6586.72021484375,6606,81100,6606,"Philippines","PSEI.PS"
2022-09-12,6625.39990234375,6715.75,6625.39990234375,6715.75,72100,6715.75,"Philippines","PSEI.PS"
2022-09-13,6710.89013671875,6710.89013671875,6666.14013671875,6701.81005859375,85000,6701.81005859375,"Philippines","PSEI.PS"
2022-09-14,6604.47998046875,6618.1298828125,6560.509765625,6582.85986328125,136300,6582.85986328125,"Philippines","PSEI.PS"
2022-09-15,6586.5498046875,6633.6298828125,6575.669921875,6575.669921875,101600,6575.669921875,"Philippines","PSEI.PS"
2022-09-16,6586.91015625,6588.25,6539.25,6548.77001953125,439600,6548.77001953125,"Philippines","PSEI.PS"
2022-09-19,6544.64013671875,6550.02001953125,6433.31982421875,6437.419921875,106900,6437.419921875,"Philippines","PSEI.PS"
2022-09-20,6459.919921875,6500.759765625,6448.4599609375,6448.4599609375,97800,6448.4599609375,"Philippines","PSEI.PS"
2022-09-21,6437.39990234375,6446.97998046875,6315.5400390625,6341.68994140625,128600,6341.68994140625,"Philippines","PSEI.PS"
2022-09-22,6304.18994140625,6304.18994140625,6227.580078125,6301.7099609375,161100,6301.7099609375,"Philippines","PSEI.PS"
2022-09-23,6291.3701171875,6291.3701171875,6235.669921875,6259.5400390625,126400,6259.5400390625,"Philippines","PSEI.PS"
2022-09-26,NA,NA,NA,NA,NA,NA,"Philippines","PSEI.PS"
2022-09-27,6193.0400390625,6193.0400390625,5962.169921875,6020.06982421875,179200,6020.06982421875,"Philippines","PSEI.PS"
2022-09-28,6038.97998046875,6044.169921875,5879.68017578125,5879.68017578125,147000,5879.68017578125,"Philippines","PSEI.PS"
2022-09-29,5967.31982421875,6006.52001953125,5911.64990234375,5934.25,152000,5934.25,"Philippines","PSEI.PS"
2022-09-30,5874.56982421875,5874.56982421875,5741.06982421875,5741.06982421875,180600,5741.06982421875,"Philippines","PSEI.PS"
2022-10-03,5734.33984375,5784.18994140625,5699.2998046875,5783.14990234375,89900,5783.14990234375,"Philippines","PSEI.PS"
2022-10-04,5851.77001953125,5987.72021484375,5850.64990234375,5987.72021484375,103400,5987.72021484375,"Philippines","PSEI.PS"
2022-10-05,6033.43017578125,6033.43017578125,5949.81005859375,5988.58984375,107200,5988.58984375,"Philippines","PSEI.PS"
2022-10-06,5990.27978515625,6021.580078125,5934.27001953125,5934.27001953125,80000,5934.27001953125,"Philippines","PSEI.PS"
2022-10-07,5940.77001953125,5941.7998046875,5869.58984375,5932.18994140625,74000,5932.18994140625,"Philippines","PSEI.PS"
2022-10-10,5898.830078125,5898.830078125,5832.580078125,5832.580078125,66500,5832.580078125,"Philippines","PSEI.PS"
2022-10-11,5849.8701171875,5899.39990234375,5835.22021484375,5847.3701171875,100600,5847.3701171875,"Philippines","PSEI.PS"
2022-10-12,5850.58984375,5873.10986328125,5836.81982421875,5853.6298828125,74900,5853.6298828125,"Philippines","PSEI.PS"
2022-10-13,5869.85009765625,5914.72998046875,5841.56982421875,5895.64013671875,78600,5895.64013671875,"Philippines","PSEI.PS"
2022-10-14,5954.9599609375,5967.68994140625,5904.75,5904.75,103000,5904.75,"Philippines","PSEI.PS"
2022-10-17,5901.5498046875,5977.1298828125,5891.77978515625,5970.330078125,72200,5970.330078125,"Philippines","PSEI.PS"
2022-10-18,5997.77978515625,6128.64013671875,5969.77978515625,6128.64013671875,128000,6128.64013671875,"Philippines","PSEI.PS"
2022-10-19,6130.9501953125,6148.31005859375,6077.3798828125,6148.31005859375,80400,6148.31005859375,"Philippines","PSEI.PS"
2022-10-20,6137.259765625,6181.75,6028.490234375,6055.990234375,257900,6055.990234375,"Philippines","PSEI.PS"
2022-10-21,6067.6298828125,6075.740234375,5983.56005859375,5983.56005859375,80700,5983.56005859375,"Philippines","PSEI.PS"
2022-10-24,6021.5400390625,6071.7001953125,6018.97998046875,6028.7900390625,69300,6028.7900390625,"Philippines","PSEI.PS"
2022-10-25,6038.10986328125,6073.41015625,6020.8798828125,6073.41015625,80800,6073.41015625,"Philippines","PSEI.PS"
2022-10-26,6070.009765625,6121.52978515625,6053.58984375,6121.52978515625,62000,6121.52978515625,"Philippines","PSEI.PS"
2022-10-27,6120.89990234375,6230.580078125,6111.93994140625,6230.580078125,95900,6230.580078125,"Philippines","PSEI.PS"
2022-10-28,6210.83984375,6210.83984375,6153.43017578125,6153.43017578125,93100,6153.43017578125,"Philippines","PSEI.PS"
2022-10-31,NA,NA,NA,NA,NA,NA,"Philippines","PSEI.PS"
2022-11-01,NA,NA,NA,NA,NA,NA,"Philippines","PSEI.PS"
2022-11-02,6258.91015625,6258.91015625,6159.60009765625,6206.240234375,120500,6206.240234375,"Philippines","PSEI.PS"
2022-11-03,6155.7998046875,6157.4599609375,6110.02978515625,6156.10986328125,79100,6156.10986328125,"Philippines","PSEI.PS"
2022-11-04,6148.47021484375,6185.52978515625,6083.5,6185.52978515625,85300,6185.52978515625,"Philippines","PSEI.PS"
2022-11-07,6184.7900390625,6295.580078125,6167.64990234375,6295.580078125,101100,6295.580078125,"Philippines","PSEI.PS"
2022-11-08,6303.580078125,6345.830078125,6260.5,6289.10009765625,92000,6289.10009765625,"Philippines","PSEI.PS"
2022-11-09,6286.25,6320.39013671875,6236.9599609375,6241.68017578125,112200,6241.68017578125,"Philippines","PSEI.PS"
2022-11-10,6230.83984375,6248.91015625,6158.259765625,6167.56982421875,106500,6167.56982421875,"Philippines","PSEI.PS"
2022-11-11,6307.72998046875,6349.259765625,6272.2001953125,6286.77001953125,109700,6286.77001953125,"Philippines","PSEI.PS"
2022-11-14,6296.22021484375,6362.35009765625,6289.0498046875,6354.759765625,140700,6354.759765625,"Philippines","PSEI.PS"
2022-11-15,6334.669921875,6418.93994140625,6320.740234375,6418.93994140625,128900,6418.93994140625,"Philippines","PSEI.PS"
2022-11-16,6423.6298828125,6423.6298828125,6333.9501953125,6392.08984375,174800,6392.08984375,"Philippines","PSEI.PS"
2022-11-17,6380.81005859375,6406.009765625,6366.0498046875,6403.740234375,102800,6403.740234375,"Philippines","PSEI.PS"
2022-11-18,6415.33984375,6451.60986328125,6403.5,6437.3798828125,143000,6437.3798828125,"Philippines","PSEI.PS"
2022-11-21,6451.43994140625,6451.43994140625,6364.2998046875,6403.240234375,115400,6403.240234375,"Philippines","PSEI.PS"
2022-11-22,6401.39990234375,6463.18017578125,6401.39990234375,6429.64990234375,106500,6429.64990234375,"Philippines","PSEI.PS"
2022-11-23,6441.419921875,6510.31982421875,6437.759765625,6510.31982421875,100400,6510.31982421875,"Philippines","PSEI.PS"
2022-11-24,6503.97998046875,6536.169921875,6496.89013671875,6530.509765625,107800,6530.509765625,"Philippines","PSEI.PS"
2022-11-25,6529.10986328125,6606.93994140625,6480.6201171875,6606.93994140625,115000,6606.93994140625,"Philippines","PSEI.PS"
2022-11-28,6589.93017578125,6681.60986328125,6570.6201171875,6681.47021484375,141200,6681.47021484375,"Philippines","PSEI.PS"
2022-11-29,6652,6780.77978515625,6600.02001953125,6780.77978515625,1304800,6780.77978515625,"Philippines","PSEI.PS"
2022-11-30,NA,NA,NA,NA,NA,NA,"Philippines","PSEI.PS"
2022-12-01,6814.14013671875,6814.14013671875,6732.9599609375,6734.08984375,237300,6734.08984375,"Philippines","PSEI.PS"
2022-12-02,6731.169921875,6731.169921875,6489.64990234375,6489.64990234375,115400,6489.64990234375,"Philippines","PSEI.PS"
2022-12-05,6503.56982421875,6541.77001953125,6442.1298828125,6442.1298828125,90800,6442.1298828125,"Philippines","PSEI.PS"
2022-12-06,6463.009765625,6674.3798828125,6456.81005859375,6674.3798828125,132700,6674.3798828125,"Philippines","PSEI.PS"
2022-12-07,6662.75,6662.75,6525.16015625,6525.16015625,143000,6525.16015625,"Philippines","PSEI.PS"
2022-12-08,NA,NA,NA,NA,NA,NA,"Philippines","PSEI.PS"
2022-12-09,6560.1298828125,6580.1201171875,6515.52978515625,6580.1201171875,134500,6580.1201171875,"Philippines","PSEI.PS"
2022-12-12,6602.580078125,6642.39990234375,6566.85986328125,6585.2001953125,106100,6585.2001953125,"Philippines","PSEI.PS"
2022-12-13,6611.16015625,6631.66015625,6566.9501953125,6582.3798828125,136000,6582.3798828125,"Philippines","PSEI.PS"
2022-12-14,6610.4599609375,6632.1201171875,6583.35009765625,6615.06982421875,131100,6615.06982421875,"Philippines","PSEI.PS"
2022-12-15,6618.85009765625,6631.08984375,6537.5400390625,6566.7998046875,120400,6566.7998046875,"Philippines","PSEI.PS"
2022-12-16,6523.06982421875,6552.31982421875,6478.27978515625,6496.5,211700,6496.5,"Philippines","PSEI.PS"
2022-12-19,6474,6477.990234375,6360.97021484375,6414.27001953125,244900,6414.27001953125,"Philippines","PSEI.PS"
2022-12-20,6412.419921875,6458.1201171875,6385.2001953125,6458.1201171875,87800,6458.1201171875,"Philippines","PSEI.PS"
2022-12-21,6464.35009765625,6521.169921875,6449.64013671875,6520.7998046875,158600,6520.7998046875,"Philippines","PSEI.PS"
2022-12-22,6540.93017578125,6580.2099609375,6521.669921875,6576.93994140625,183700,6576.93994140625,"Philippines","PSEI.PS"
2022-12-23,6567.919921875,6567.919921875,6536.669921875,6541.02978515625,56100,6541.02978515625,"Philippines","PSEI.PS"
2022-12-26,NA,NA,NA,NA,NA,NA,"Philippines","PSEI.PS"
2022-12-27,6549.08984375,6579.259765625,6519.89990234375,6564.89990234375,75400,6564.89990234375,"Philippines","PSEI.PS"
2022-12-28,6567.1298828125,6576.7099609375,6530.27001953125,6566.5400390625,88600,6566.5400390625,"Philippines","PSEI.PS"
2022-12-29,6553.669921875,6591.27978515625,6529.68994140625,6566.39013671875,161100,6566.39013671875,"Philippines","PSEI.PS"
2022-12-30,NA,NA,NA,NA,NA,NA,"Philippines","PSEI.PS"
2023-01-02,NA,NA,NA,NA,NA,NA,"Philippines","PSEI.PS"
2023-01-03,6555.39990234375,6624.759765625,6550.169921875,6586.009765625,84400,6586.009765625,"Philippines","PSEI.PS"
2023-01-04,6601.5,6755.27001953125,6601.5,6718.5,209900,6718.5,"Philippines","PSEI.PS"
2023-01-05,6738.93017578125,6767.0498046875,6730.52001953125,6761.330078125,167200,6761.330078125,"Philippines","PSEI.PS"
2023-01-06,6736.64990234375,6736.64990234375,6666.68017578125,6667.97021484375,136700,6667.97021484375,"Philippines","PSEI.PS"
2023-01-09,6692.2998046875,6790.240234375,6685.06982421875,6790.240234375,150100,6790.240234375,"Philippines","PSEI.PS"
2023-01-10,6783.39990234375,6783.39990234375,6740.02978515625,6756.68994140625,153900,6756.68994140625,"Philippines","PSEI.PS"
2023-01-11,6764.68017578125,6774.47021484375,6709.33984375,6709.33984375,209800,6709.33984375,"Philippines","PSEI.PS"
2023-01-12,6723.52978515625,6833.52978515625,6723.52978515625,6833.52978515625,2e+05,6833.52978515625,"Philippines","PSEI.PS"
2023-01-13,6833.759765625,6959.6298828125,6816.419921875,6951.5400390625,238400,6951.5400390625,"Philippines","PSEI.PS"
2023-01-16,6966,7132.10009765625,6966,7045.47998046875,258100,7045.47998046875,"Philippines","PSEI.PS"
2023-01-17,7041.06005859375,7046.4501953125,6952.7900390625,7014.0400390625,192700,7014.0400390625,"Philippines","PSEI.PS"
2023-01-18,7008.06982421875,7094.85986328125,6967.8701171875,7094.85986328125,178900,7094.85986328125,"Philippines","PSEI.PS"
2023-01-19,7049.7998046875,7083.8701171875,7043.89990234375,7062.009765625,194100,7062.009765625,"Philippines","PSEI.PS"
2023-01-20,7056.43017578125,7063.5,7035.64990234375,7056.6201171875,117100,7056.6201171875,"Philippines","PSEI.PS"
2023-01-23,7051.4599609375,7069.68017578125,7003.419921875,7069.68017578125,97900,7069.68017578125,"Philippines","PSEI.PS"
2023-01-24,7065.60009765625,7137.6201171875,7039.0498046875,7041.5,252700,7041.5,"Philippines","PSEI.PS"
2023-01-25,7072.490234375,7085.5400390625,7047.72998046875,7081.35986328125,138900,7081.35986328125,"Philippines","PSEI.PS"
2023-01-26,7088.14013671875,7101.83984375,7042.7001953125,7042.7001953125,128400,7042.7001953125,"Philippines","PSEI.PS"
2023-01-27,7062.6298828125,7080.39990234375,7043.60009765625,7052.16015625,112300,7052.16015625,"Philippines","PSEI.PS"
2023-01-30,7048.759765625,7053.72021484375,6929.18017578125,6970.97021484375,302500,6970.97021484375,"Philippines","PSEI.PS"
2023-01-31,6935.669921875,6935.669921875,6740.18994140625,6793.25,240900,6793.25,"Philippines","PSEI.PS"
2023-02-01,6814.52001953125,7035.759765625,6813.77001953125,7035.759765625,249700,7035.759765625,"Philippines","PSEI.PS"
2023-02-02,7027.919921875,7028.3701171875,6959.77978515625,6986.18994140625,257700,6986.18994140625,"Philippines","PSEI.PS"
2023-02-03,7012.8701171875,7027.3798828125,6901.22021484375,7027.3798828125,875100,7027.3798828125,"Philippines","PSEI.PS"
2023-02-06,6997.4599609375,6997.4599609375,6892,6936.60986328125,252300,6936.60986328125,"Philippines","PSEI.PS"
2023-02-07,6919.009765625,6931.7900390625,6881.259765625,6881.259765625,107900,6881.259765625,"Philippines","PSEI.PS"
2023-02-08,6885.27001953125,6963.4599609375,6884.43017578125,6923.080078125,110300,6923.080078125,"Philippines","PSEI.PS"
2023-02-09,6922.1298828125,6922.1298828125,6840.1201171875,6842.7900390625,115100,6842.7900390625,"Philippines","PSEI.PS"
2023-02-10,6852.169921875,6884.2001953125,6848.7099609375,6876.7900390625,109500,6876.7900390625,"Philippines","PSEI.PS"
2023-02-13,6865.5400390625,6902.8701171875,6834.27001953125,6838.75,178400,6838.75,"Philippines","PSEI.PS"
2023-02-14,6847.990234375,6863.740234375,6791.240234375,6791.240234375,238900,6791.240234375,"Philippines","PSEI.PS"
2023-02-15,6790.52978515625,6829.02978515625,6747.10009765625,6822.08984375,97100,6822.08984375,"Philippines","PSEI.PS"
2023-02-16,6814.259765625,6848.47998046875,6808.52978515625,6815.91015625,146400,6815.91015625,"Philippines","PSEI.PS"
2023-02-17,6805.2099609375,6808.97021484375,6745.5400390625,6779.02001953125,89800,6779.02001953125,"Philippines","PSEI.PS"
2023-02-20,6793.85986328125,6794.97998046875,6735.52978515625,6744.1201171875,74100,6744.1201171875,"Philippines","PSEI.PS"
2023-02-21,6757.9501953125,6800.9599609375,6719.10009765625,6800.9599609375,82300,6800.9599609375,"Philippines","PSEI.PS"
2023-02-22,6778.2001953125,6778.2001953125,6696.72021484375,6699.22998046875,115300,6699.22998046875,"Philippines","PSEI.PS"
2023-02-23,6704.91015625,6704.91015625,6666.41015625,6685.89990234375,129200,6685.89990234375,"Philippines","PSEI.PS"
2023-02-24,6704.91015625,6704.91015625,6666.41015625,6685.89990234375,129200,6685.89990234375,"Philippines","PSEI.PS"
2023-02-27,6684.4501953125,6684.4501953125,6537.52001953125,6599.33984375,165400,6599.33984375,"Philippines","PSEI.PS"
2023-02-28,6609.41015625,6670.490234375,6556.2001953125,6556.2001953125,767400,6556.2001953125,"Philippines","PSEI.PS"
2023-03-01,6602.9599609375,6630.2001953125,6579.47998046875,6607.1298828125,159000,6607.1298828125,"Philippines","PSEI.PS"
2023-03-02,6628.35009765625,6690.6298828125,6598.14990234375,6622.4501953125,149700,6622.4501953125,"Philippines","PSEI.PS"
2023-03-03,6640.330078125,6694.35986328125,6640.330078125,6655.3701171875,204300,6655.3701171875,"Philippines","PSEI.PS"
2023-03-06,6673.18017578125,6737.1298828125,6671.1201171875,6671.1201171875,94800,6671.1201171875,"Philippines","PSEI.PS"
2023-03-07,6707.5498046875,6739.5,6705.1201171875,6705.1201171875,127100,6705.1201171875,"Philippines","PSEI.PS"
2023-03-08,6681.2099609375,6711.490234375,6617.85986328125,6711.490234375,141500,6711.490234375,"Philippines","PSEI.PS"
2023-03-09,6711.10986328125,6711.10986328125,6609.27001953125,6609.27001953125,119500,6609.27001953125,"Philippines","PSEI.PS"
2023-03-10,6596.16015625,6596.16015625,6518.43017578125,6589.8798828125,171100,6589.8798828125,"Philippines","PSEI.PS"
2023-03-13,6529.56982421875,6599.9599609375,6498.39990234375,6544.4501953125,96400,6544.4501953125,"Philippines","PSEI.PS"
2023-03-14,6525.75,6525.75,6393.330078125,6393.330078125,137000,6393.330078125,"Philippines","PSEI.PS"
2023-03-15,6441.669921875,6513.259765625,6434.93017578125,6466.10009765625,127100,6466.10009765625,"Philippines","PSEI.PS"
2023-03-16,6437.669921875,6437.669921875,6330.52978515625,6404.91015625,108400,6404.91015625,"Philippines","PSEI.PS"
2023-03-17,6411.18017578125,6485.60986328125,6409.2900390625,6469.72021484375,143100,6469.72021484375,"Philippines","PSEI.PS"
2023-03-20,6452.02978515625,6452.02978515625,6389.47998046875,6451.02001953125,86400,6451.02001953125,"Philippines","PSEI.PS"
2023-03-21,6459.5400390625,6530.75,6459.5400390625,6530.75,100400,6530.75,"Philippines","PSEI.PS"
2023-03-22,6540.4501953125,6593.22021484375,6540.4501953125,6546.27001953125,84000,6546.27001953125,"Philippines","PSEI.PS"
2023-03-23,6514.14013671875,6536.35986328125,6494.06005859375,6536.35986328125,86400,6536.35986328125,"Philippines","PSEI.PS"
2023-03-24,6523.72998046875,6602.83984375,6523.72998046875,6602.169921875,74400,6602.169921875,"Philippines","PSEI.PS"
2023-03-27,6598.72998046875,6598.72998046875,6568.7001953125,6595.02978515625,73700,6595.02978515625,"Philippines","PSEI.PS"
2023-03-28,6607.35986328125,6627.1298828125,6603.14990234375,6603.14990234375,112700,6603.14990234375,"Philippines","PSEI.PS"
2023-03-29,6622.43994140625,6630.97021484375,6590.10986328125,6630.97021484375,83500,6630.97021484375,"Philippines","PSEI.PS"
2023-03-30,6632.56005859375,6644.75,6610.759765625,6644.75,81500,6644.75,"Philippines","PSEI.PS"
2023-03-31,6635.68994140625,6635.68994140625,6499.68017578125,6499.68017578125,149700,6499.68017578125,"Philippines","PSEI.PS"
2023-04-03,6524.31005859375,6529.990234375,6507.10009765625,6529.990234375,96200,6529.990234375,"Philippines","PSEI.PS"
2023-04-04,6533.93017578125,6538.97021484375,6463.97998046875,6472.0400390625,75200,6472.0400390625,"Philippines","PSEI.PS"
2023-04-05,6470.5400390625,6518.169921875,6470.5400390625,6488.509765625,72000,6488.509765625,"Philippines","PSEI.PS"
2023-04-06,NA,NA,NA,NA,NA,NA,"Philippines","PSEI.PS"
2023-04-07,NA,NA,NA,NA,NA,NA,"Philippines","PSEI.PS"
2023-04-10,NA,NA,NA,NA,NA,NA,"Philippines","PSEI.PS"
2023-04-11,6502.4599609375,6506.58984375,6473.9501953125,6479.6298828125,91200,6479.6298828125,"Philippines","PSEI.PS"
2023-04-12,6473.72998046875,6479.16015625,6428.919921875,6469.419921875,83500,6469.419921875,"Philippines","PSEI.PS"
2023-04-13,6453.2900390625,6453.2900390625,6394.10009765625,6448.8701171875,114400,6448.8701171875,"Philippines","PSEI.PS"
2023-04-14,6445.5498046875,6481.91015625,6445.5498046875,6481.91015625,79000,6481.91015625,"Philippines","PSEI.PS"
2023-04-17,6483.240234375,6505.6201171875,6425.14013671875,6505.6201171875,71300,6505.6201171875,"Philippines","PSEI.PS"
2023-04-18,6499.669921875,6499.669921875,6454.27001953125,6464.72021484375,49100,6464.72021484375,"Philippines","PSEI.PS"
2023-04-19,6456.9599609375,6468.6298828125,6425.89990234375,6446.35009765625,57800,6446.35009765625,"Philippines","PSEI.PS"
2023-04-20,6466.68017578125,6520.43994140625,6453.27001953125,6520.43994140625,69900,6520.43994140625,"Philippines","PSEI.PS"
2023-04-21,NA,NA,NA,NA,NA,NA,"Philippines","PSEI.PS"
2023-04-24,6523.85009765625,6598.3798828125,6522.2001953125,6598.3798828125,99200,6598.3798828125,"Philippines","PSEI.PS"
2023-04-25,6595.509765625,6597.330078125,6575.0400390625,6593.39013671875,112600,6593.39013671875,"Philippines","PSEI.PS"
2023-04-26,6584.85986328125,6584.85986328125,6512.97998046875,6540.240234375,134300,6540.240234375,"Philippines","PSEI.PS"
2023-04-27,6541.35986328125,6597.830078125,6530.89990234375,6583.68017578125,48600,6583.68017578125,"Philippines","PSEI.PS"
2023-04-28,6592.14013671875,6635.39990234375,6587.41015625,6625.080078125,235800,6625.080078125,"Philippines","PSEI.PS"
2023-05-01,NA,NA,NA,NA,NA,NA,"Philippines","PSEI.PS"
2023-05-02,6624.9501953125,6673.43994140625,6616.8798828125,6672.68994140625,105500,6672.68994140625,"Philippines","PSEI.PS"
2023-05-03,6675.7099609375,6675.7099609375,6606.68994140625,6606.68994140625,104300,6606.68994140625,"Philippines","PSEI.PS"
2023-05-04,6612.14013671875,6684.43994140625,6612.14013671875,6684.35009765625,115200,6684.35009765625,"Philippines","PSEI.PS"
2023-05-05,6678.8798828125,6706.22021484375,6673.31982421875,6685.66015625,93700,6685.66015625,"Philippines","PSEI.PS"
2023-05-08,6709.56005859375,6750.06005859375,6600.740234375,6600.740234375,127600,6600.740234375,"Philippines","PSEI.PS"
2023-05-09,6615.72998046875,6646.580078125,6594.4501953125,6622.60986328125,76800,6622.60986328125,"Philippines","PSEI.PS"
2023-05-10,6632.830078125,6660.66015625,6621.580078125,6658.58984375,100400,6658.58984375,"Philippines","PSEI.PS"
2023-05-11,6669.39990234375,6704.52978515625,6657.509765625,6675.4599609375,116400,6675.4599609375,"Philippines","PSEI.PS"
2023-05-12,6661.60009765625,6668.64990234375,6578.14990234375,6578.14990234375,150400,6578.14990234375,"Philippines","PSEI.PS"
2023-05-15,6582.56982421875,6585.72021484375,6523.14990234375,6523.14990234375,78700,6523.14990234375,"Philippines","PSEI.PS"
2023-05-16,6549.33984375,6596.33984375,6549.33984375,6588.89990234375,65700,6588.89990234375,"Philippines","PSEI.PS"
2023-05-17,6595.4599609375,6644.3798828125,6593.66015625,6635.10986328125,103100,6635.10986328125,"Philippines","PSEI.PS"
2023-05-18,6642.52978515625,6658.16015625,6628.64013671875,6628.64013671875,81200,6628.64013671875,"Philippines","PSEI.PS"
2023-05-19,6635.4501953125,6694.08984375,6635.4501953125,6664.5498046875,96200,6664.5498046875,"Philippines","PSEI.PS"
2023-05-22,6651.18994140625,6651.18994140625,6596.7900390625,6620.830078125,83100,6620.830078125,"Philippines","PSEI.PS"
2023-05-23,6601.75,6641.759765625,6592.169921875,6603.56005859375,97300,6603.56005859375,"Philippines","PSEI.PS"
2023-05-24,6596.2998046875,6615.9501953125,6589.81005859375,6615.9501953125,60000,6615.9501953125,"Philippines","PSEI.PS"
2023-05-25,6612.47021484375,6613.85009765625,6560.22021484375,6560.22021484375,60500,6560.22021484375,"Philippines","PSEI.PS"
2023-05-26,6570.9501953125,6570.9501953125,6496.47021484375,6530.2001953125,62300,6530.2001953125,"Philippines","PSEI.PS"
2023-05-29,6543.93017578125,6593.16015625,6532.72021484375,6593.16015625,67000,6593.16015625,"Philippines","PSEI.PS"
2023-05-30,6574.7900390625,6574.7900390625,6510.669921875,6510.669921875,75900,6510.669921875,"Philippines","PSEI.PS"
2023-05-31,6517.06982421875,6522.08984375,6469.91015625,6477.35986328125,982000,6477.35986328125,"Philippines","PSEI.PS"
2023-06-01,6502.759765625,6502.759765625,6430.580078125,6430.580078125,119900,6430.580078125,"Philippines","PSEI.PS"
2023-06-02,6449.97021484375,6512.009765625,6449.97021484375,6512.009765625,149500,6512.009765625,"Philippines","PSEI.PS"
2023-06-05,6525.6298828125,6544.1298828125,6521.06005859375,6521.64013671875,67300,6521.64013671875,"Philippines","PSEI.PS"
2023-06-06,6526.2099609375,6539.490234375,6479.93017578125,6479.93017578125,95600,6479.93017578125,"Philippines","PSEI.PS"
2023-06-07,6490.35009765625,6564.7001953125,6483.8701171875,6564.7001953125,82600,6564.7001953125,"Philippines","PSEI.PS"
2023-06-08,6546.47021484375,6551.97998046875,6520.52978515625,6539.35986328125,65800,6539.35986328125,"Philippines","PSEI.PS"
2023-06-09,6541.0400390625,6553.22998046875,6501.93017578125,6507.14990234375,80100,6507.14990234375,"Philippines","PSEI.PS"
2023-06-12,6541.0400390625,6553.22998046875,6501.93017578125,6507.14990234375,80100,6507.14990234375,"Philippines","PSEI.PS"
2023-06-13,6492.06005859375,6525.419921875,6471.52978515625,6507.259765625,130200,6507.259765625,"Philippines","PSEI.PS"
2023-06-14,6505.33984375,6526.35986328125,6423.68994140625,6434.06005859375,207100,6434.06005859375,"Philippines","PSEI.PS"
2023-06-15,6434.93994140625,6461.419921875,6386.83984375,6461.419921875,111900,6461.419921875,"Philippines","PSEI.PS"
2023-06-16,6450.2998046875,6508.3701171875,6413.56982421875,6508.33984375,216400,6508.33984375,"Philippines","PSEI.PS"
2023-06-19,6491.85009765625,6491.85009765625,6422.10986328125,6450.33984375,96000,6450.33984375,"Philippines","PSEI.PS"
2023-06-20,6434.02978515625,6448.89990234375,6410.330078125,6448.89990234375,116400,6448.89990234375,"Philippines","PSEI.PS"
2023-06-21,6420.7998046875,6437.39990234375,6406.8798828125,6424.2099609375,126300,6424.2099609375,"Philippines","PSEI.PS"
2023-06-22,6423.06005859375,6423.06005859375,6374.06982421875,6404.91015625,130700,6404.91015625,"Philippines","PSEI.PS"
2023-06-23,6404.3798828125,6421.77978515625,6392.6298828125,6393.5498046875,67400,6393.5498046875,"Philippines","PSEI.PS"
2023-06-26,6422.56982421875,6545.4501953125,6419.93017578125,6523.08984375,138700,6523.08984375,"Philippines","PSEI.PS"
2023-06-27,6519.7900390625,6547.330078125,6491.81005859375,6502.85009765625,94600,6502.85009765625,"Philippines","PSEI.PS"
2023-06-28,NA,NA,NA,NA,NA,NA,"Philippines","PSEI.PS"
2023-06-29,6507.419921875,6550.25,6507.419921875,6511.490234375,83200,6511.490234375,"Philippines","PSEI.PS"
2023-06-30,6525.39013671875,6525.39013671875,6468.06982421875,6468.06982421875,118700,6468.06982421875,"Philippines","PSEI.PS"
2023-07-03,6459.52978515625,6508.2099609375,6459.52978515625,6508.2099609375,42900,6508.2099609375,"Philippines","PSEI.PS"
2023-07-04,6501.64990234375,6519.06982421875,6494.509765625,6514.47021484375,37100,6514.47021484375,"Philippines","PSEI.PS"
2023-07-05,6509.2001953125,6512.39013671875,6446.7900390625,6512.39013671875,131000,6512.39013671875,"Philippines","PSEI.PS"
2023-07-06,6491.52978515625,6496.14990234375,6436.5400390625,6474.259765625,117800,6474.259765625,"Philippines","PSEI.PS"
2023-07-07,6459.259765625,6459.259765625,6379.02978515625,6379.02978515625,65000,6379.02978515625,"Philippines","PSEI.PS"
2023-07-10,6386.22998046875,6410.5,6375.259765625,6379.72021484375,67300,6379.72021484375,"Philippines","PSEI.PS"
2023-07-11,6387.97998046875,6430.27978515625,6385.43994140625,6398.64013671875,79000,6398.64013671875,"Philippines","PSEI.PS"
2023-07-12,6424.18994140625,6466.85009765625,6421.0498046875,6466.85009765625,113400,6466.85009765625,"Philippines","PSEI.PS"
2023-07-13,6475.66015625,6579.0400390625,6475.66015625,6578.490234375,92600,6578.490234375,"Philippines","PSEI.PS"
2023-07-14,6581.39990234375,6624.7900390625,6526.43994140625,6624.7900390625,129200,6624.7900390625,"Philippines","PSEI.PS"
2023-07-17,6604.91015625,6610.89013671875,6550.759765625,6550.759765625,63700,6550.759765625,"Philippines","PSEI.PS"
2023-07-18,6560.3701171875,6610.56982421875,6528.7998046875,6528.7998046875,54300,6528.7998046875,"Philippines","PSEI.PS"
2023-07-19,6539.22998046875,6564.169921875,6530.330078125,6541.91015625,62100,6541.91015625,"Philippines","PSEI.PS"
2023-07-20,6547.7998046875,6645.35986328125,6547.7998046875,6613.5,103500,6613.5,"Philippines","PSEI.PS"
2023-07-21,6620.02978515625,6689.0400390625,6620.02978515625,6647.56005859375,88200,6647.56005859375,"Philippines","PSEI.PS"
2023-07-24,6653.5498046875,6677.47998046875,6631.25,6631.25,88500,6631.25,"Philippines","PSEI.PS"
2023-07-25,6650.6201171875,6698.41015625,6650.6201171875,6661.10986328125,103900,6661.10986328125,"Philippines","PSEI.PS"
2023-07-26,6683.22021484375,6683.22021484375,6622.60986328125,6679.1298828125,79500,6679.1298828125,"Philippines","PSEI.PS"
2023-07-27,6660.1201171875,6677.919921875,6627.58984375,6677.919921875,78400,6677.919921875,"Philippines","PSEI.PS"
2023-07-28,6664.6201171875,6671.60986328125,6625.259765625,6625.259765625,65700,6625.259765625,"Philippines","PSEI.PS"
2023-07-31,6632.60009765625,6678.2900390625,6591.47021484375,6591.47021484375,79500,6591.47021484375,"Philippines","PSEI.PS"
2023-08-01,6627.56005859375,6641.919921875,6593.7998046875,6593.7998046875,86200,6593.7998046875,"Philippines","PSEI.PS"
2023-08-02,6607.0498046875,6616.259765625,6475.7998046875,6483.27978515625,92900,6483.27978515625,"Philippines","PSEI.PS"
2023-08-03,6496.85986328125,6576.759765625,6496.85986328125,6576.759765625,75600,6576.759765625,"Philippines","PSEI.PS"
2023-08-04,6580.490234375,6590.64990234375,6450.83984375,6450.83984375,194200,6450.83984375,"Philippines","PSEI.PS"
2023-08-07,6498.58984375,6522.58984375,6485.02978515625,6507.77978515625,77700,6507.77978515625,"Philippines","PSEI.PS"
2023-08-08,6517.1298828125,6541.64013671875,6465.97998046875,6472.97021484375,142800,6472.97021484375,"Philippines","PSEI.PS"
2023-08-09,6490.08984375,6530.4501953125,6478.740234375,6530.4501953125,94700,6530.4501953125,"Philippines","PSEI.PS"
2023-08-10,6508.77978515625,6508.77978515625,6446.7998046875,6449.66015625,112300,6449.66015625,"Philippines","PSEI.PS"
2023-08-11,6457.0498046875,6458.77001953125,6405.91015625,6405.91015625,100800,6405.91015625,"Philippines","PSEI.PS"
2023-08-14,6404.27001953125,6404.27001953125,6306.81005859375,6329.18994140625,187300,6329.18994140625,"Philippines","PSEI.PS"
2023-08-15,6337.669921875,6370.43017578125,6297.169921875,6335.91015625,128600,6335.91015625,"Philippines","PSEI.PS"
2023-08-16,6333.2001953125,6410.08984375,6322.10009765625,6410.08984375,98500,6410.08984375,"Philippines","PSEI.PS"
2023-08-17,6393.52978515625,6409.97998046875,6353.740234375,6364.97021484375,95500,6364.97021484375,"Philippines","PSEI.PS"
2023-08-18,6352.080078125,6366.080078125,6290.27001953125,6290.27001953125,120300,6290.27001953125,"Philippines","PSEI.PS"
2023-08-21,NA,NA,NA,NA,NA,NA,"Philippines","PSEI.PS"
2023-08-22,6286.919921875,6291.0400390625,6212.39013671875,6212.39013671875,107900,6212.39013671875,"Philippines","PSEI.PS"
2023-08-23,6225.2998046875,6225.2998046875,6179.6298828125,6179.6298828125,86000,6179.6298828125,"Philippines","PSEI.PS"
2023-08-24,6204.2998046875,6278.18017578125,6204.2998046875,6225.77978515625,67900,6225.77978515625,"Philippines","PSEI.PS"
2023-08-25,6222.2998046875,6222.2998046875,6155.2001953125,6160.27978515625,39800,6160.27978515625,"Philippines","PSEI.PS"
2023-08-28,NA,NA,NA,NA,NA,NA,"Philippines","PSEI.PS"
2023-08-29,6161.02978515625,6225,6142.14990234375,6225,126400,6225,"Philippines","PSEI.PS"
2023-08-30,6224.81005859375,6300.43994140625,6224.81005859375,6295.2900390625,131500,6295.2900390625,"Philippines","PSEI.PS"
2023-08-31,6291.9501953125,6291.9501953125,6175.25,6175.25,160600,6175.25,"Philippines","PSEI.PS"
2023-09-01,6215.5498046875,6220.25,6179.8798828125,6181.06005859375,616700,6181.06005859375,"Philippines","PSEI.PS"
2023-09-04,6195.3701171875,6217.740234375,6183.740234375,6214.68017578125,1768700,6214.68017578125,"Philippines","PSEI.PS"
2023-09-05,6211.75,6258.5,6193.91015625,6225,63900,6225,"Philippines","PSEI.PS"
2023-09-06,6243.3701171875,6245.740234375,6205.7998046875,6241.68994140625,61600,6241.68994140625,"Philippines","PSEI.PS"
2023-09-07,6223.75,6223.75,6170.06982421875,6183.06982421875,68100,6183.06982421875,"Philippines","PSEI.PS"
2023-09-08,6193.39990234375,6222.93994140625,6173.10009765625,6222.93994140625,48700,6222.93994140625,"Philippines","PSEI.PS"
2023-09-11,6217.56005859375,6233.740234375,6198.5,6233.740234375,75300,6233.740234375,"Philippines","PSEI.PS"
2023-09-12,6238.89013671875,6260.8701171875,6230.2001953125,6230.2001953125,101800,6230.2001953125,"Philippines","PSEI.PS"
2023-09-13,6235.81982421875,6239.39990234375,6149.18017578125,6149.18017578125,92000,6149.18017578125,"Philippines","PSEI.PS"
2023-09-14,6156.64990234375,6208.39990234375,6149.2900390625,6208.39990234375,66600,6208.39990234375,"Philippines","PSEI.PS"
2023-09-15,6202.89013671875,6216.4599609375,6126.33984375,6126.33984375,167200,6126.33984375,"Philippines","PSEI.PS"
2023-09-18,6157.22021484375,6159.68017578125,6085.169921875,6124.56982421875,66700,6124.56982421875,"Philippines","PSEI.PS"
2023-09-19,6121.06982421875,6121.16015625,6034.35986328125,6047.97021484375,66300,6047.97021484375,"Philippines","PSEI.PS"
2023-09-20,6049.02001953125,6061.64990234375,5998.31005859375,6041.0400390625,86900,6041.0400390625,"Philippines","PSEI.PS"
2023-09-21,6053.9599609375,6094.7099609375,6043.1298828125,6094.7099609375,96500,6094.7099609375,"Philippines","PSEI.PS"
2023-09-22,6096.8798828125,6142.7900390625,6086.77978515625,6142.7900390625,76800,6142.7900390625,"Philippines","PSEI.PS"
2023-09-25,6156.8701171875,6191.4599609375,6118.14013671875,6172.83984375,134300,6172.83984375,"Philippines","PSEI.PS"
2023-09-26,6183.5400390625,6280.72021484375,6171.77978515625,6263.93994140625,108400,6263.93994140625,"Philippines","PSEI.PS"
2023-09-27,6254.35009765625,6374.68017578125,6245.72998046875,6374.68017578125,103900,6374.68017578125,"Philippines","PSEI.PS"
2023-09-28,6365.64990234375,6412.93994140625,6335.47021484375,6385.52001953125,73000,6385.52001953125,"Philippines","PSEI.PS"
2023-09-29,6383.41015625,6392.08984375,6321.240234375,6321.240234375,154300,6321.240234375,"Philippines","PSEI.PS"
2023-10-02,6334,6339.2900390625,6304.52978515625,6304.52978515625,68800,6304.52978515625,"Philippines","PSEI.PS"
2023-10-03,6304.08984375,6307.93994140625,6253.330078125,6305.990234375,96700,6305.990234375,"Philippines","PSEI.PS"
2023-10-04,6289.2998046875,6298.2001953125,6270.35986328125,6298.2001953125,68700,6298.2001953125,"Philippines","PSEI.PS"
2023-10-05,6266,6289.669921875,6178.60009765625,6178.60009765625,108600,6178.60009765625,"Philippines","PSEI.PS"
2023-10-06,6196.0498046875,6270.89013671875,6166.68994140625,6259.9501953125,85400,6259.9501953125,"Philippines","PSEI.PS"
2023-10-09,6238.169921875,6271.72021484375,6227.25,6252.16015625,79100,6252.16015625,"Philippines","PSEI.PS"
2023-10-10,6265.85986328125,6303.43994140625,6263.740234375,6264.06982421875,141400,6264.06982421875,"Philippines","PSEI.PS"
2023-10-11,6280.85009765625,6308.0498046875,6253.9599609375,6253.9599609375,121700,6253.9599609375,"Philippines","PSEI.PS"
2023-10-12,6266.0400390625,6283.72021484375,6234.60009765625,6263.06005859375,71100,6263.06005859375,"Philippines","PSEI.PS"
2023-10-13,6264.66015625,6283.5,6260.5,6266.33984375,55500,6266.33984375,"Philippines","PSEI.PS"
2023-10-16,6261.72021484375,6265.85009765625,6198.830078125,6198.830078125,71900,6198.830078125,"Philippines","PSEI.PS"
2023-10-17,6215.1298828125,6286.2099609375,6215.1298828125,6280.89990234375,97800,6280.89990234375,"Philippines","PSEI.PS"
2023-10-18,6278.5,6290.0498046875,6255.02978515625,6268.27001953125,148600,6268.27001953125,"Philippines","PSEI.PS"
2023-10-19,6263.22021484375,6263.22021484375,6216.10009765625,6219.16015625,87200,6219.16015625,"Philippines","PSEI.PS"
2023-10-20,6208.5,6208.5,6142.89990234375,6142.89990234375,77000,6142.89990234375,"Philippines","PSEI.PS"
2023-10-23,6135.7001953125,6139.0498046875,6065.3701171875,6088.43994140625,58000,6088.43994140625,"Philippines","PSEI.PS"
2023-10-24,6086.43994140625,6103.6201171875,6039.72021484375,6039.72021484375,50000,6039.72021484375,"Philippines","PSEI.PS"
2023-10-25,6050.10009765625,6080.490234375,6026.43017578125,6054.5,71300,6054.5,"Philippines","PSEI.PS"
2023-10-26,6051.259765625,6051.259765625,5974.169921875,6018.490234375,85900,6018.490234375,"Philippines","PSEI.PS"
2023-10-27,5996.2001953125,5999.5498046875,5956.85986328125,5961.990234375,82400,5961.990234375,"Philippines","PSEI.PS"
2023-10-30,NA,NA,NA,NA,NA,NA,"Philippines","PSEI.PS"
2023-10-31,5971.740234375,5980.81982421875,5920.47021484375,5973.77978515625,86600,5973.77978515625,"Philippines","PSEI.PS"
2023-11-01,NA,NA,NA,NA,NA,NA,"Philippines","PSEI.PS"
2023-11-02,NA,NA,NA,NA,NA,NA,"Philippines","PSEI.PS"
2023-11-03,6039.3798828125,6083.68994140625,5989.27001953125,5989.27001953125,81700,5989.27001953125,"Philippines","PSEI.PS"
2023-11-06,6006.58984375,6078.02978515625,6006.58984375,6006.58984375,56500,6006.58984375,"Philippines","PSEI.PS"
2023-11-07,6081.43994140625,6131.31982421875,6055.68017578125,6131.31982421875,54600,6131.31982421875,"Philippines","PSEI.PS"
2023-11-08,6133.18994140625,6155.02978515625,6103.64013671875,6155.02978515625,64900,6155.02978515625,"Philippines","PSEI.PS"
2023-11-09,6155.64990234375,6203.72021484375,6155.64990234375,6188.22021484375,85700,6188.22021484375,"Philippines","PSEI.PS"
2023-11-10,6189,6189,6127.9599609375,6161.89013671875,61600,6161.89013671875,"Philippines","PSEI.PS"
2023-11-13,6158.22021484375,6158.759765625,6114.33984375,6116.14013671875,38000,6116.14013671875,"Philippines","PSEI.PS"
2023-11-14,6122.39013671875,6128.06982421875,6079.14990234375,6110.8798828125,62600,6110.8798828125,"Philippines","PSEI.PS"
2023-11-15,6114.580078125,6173.259765625,6106.58984375,6171.1298828125,75500,6171.1298828125,"Philippines","PSEI.PS"
2023-11-16,6177.6298828125,6191.47998046875,6164.2001953125,6191.47998046875,78100,6191.47998046875,"Philippines","PSEI.PS"
2023-11-17,6172.39013671875,6232.1201171875,6171.169921875,6211.89013671875,85000,6211.89013671875,"Philippines","PSEI.PS"
2023-11-20,6206.31005859375,6211.97021484375,6174.52001953125,6183.6298828125,70900,6183.6298828125,"Philippines","PSEI.PS"
2023-11-21,6196.990234375,6219.06005859375,6183.0498046875,6208.830078125,91800,6208.830078125,"Philippines","PSEI.PS"
2023-11-22,6213.68017578125,6253.18017578125,6204.22998046875,6253.18017578125,59600,6253.18017578125,"Philippines","PSEI.PS"
2023-11-23,6249.4599609375,6259.66015625,6233.669921875,6246.2001953125,51300,6246.2001953125,"Philippines","PSEI.PS"
2023-11-24,6249.7900390625,6271.6298828125,6237.66015625,6269.5,57100,6269.5,"Philippines","PSEI.PS"
2023-11-27,NA,NA,NA,NA,NA,NA,"Philippines","PSEI.PS"
2023-11-28,6274.16015625,6310.97021484375,6274.16015625,6309.56982421875,108200,6309.56982421875,"Philippines","PSEI.PS"
2023-11-29,6306.9599609375,6329.419921875,6265.14013671875,6265.14013671875,91200,6265.14013671875,"Philippines","PSEI.PS"
2023-11-30,6258.8701171875,6259.27978515625,6207.06982421875,6223.72998046875,142800,6223.72998046875,"Philippines","PSEI.PS"
2023-12-01,6230.8701171875,6254.02978515625,6221.52001953125,6245.18017578125,57800,6245.18017578125,"Philippines","PSEI.PS"
2023-12-04,6237.8701171875,6284.3701171875,6234.22021484375,6284.3701171875,52600,6284.3701171875,"Philippines","PSEI.PS"
2023-12-05,6288.85986328125,6308.9501953125,6235.580078125,6308.9501953125,70100,6308.9501953125,"Philippines","PSEI.PS"
2023-12-06,6306.39013671875,6306.39013671875,6273.97021484375,6305.85009765625,81900,6305.85009765625,"Philippines","PSEI.PS"
2023-12-07,6304.7099609375,6306.419921875,6227.72021484375,6234.77001953125,72600,6234.77001953125,"Philippines","PSEI.PS"
2023-12-08,NA,NA,NA,NA,NA,NA,"Philippines","PSEI.PS"
2023-12-11,6203.39013671875,6228.2900390625,6167.2099609375,6228.2900390625,107100,6228.2900390625,"Philippines","PSEI.PS"
2023-12-12,6225.75,6292.39013671875,6206.8798828125,6292.39013671875,61800,6292.39013671875,"Philippines","PSEI.PS"
2023-12-13,6256.669921875,6306.009765625,6245.66015625,6255.740234375,54500,6255.740234375,"Philippines","PSEI.PS"
2023-12-14,6280.259765625,6411.240234375,6280.259765625,6410.47998046875,156500,6410.47998046875,"Philippines","PSEI.PS"
2023-12-15,6402.75,6478.43994140625,6396.47998046875,6478.43994140625,238200,6478.43994140625,"Philippines","PSEI.PS"
2023-12-18,6459.91015625,6516.330078125,6452.419921875,6475.5,118400,6475.5,"Philippines","PSEI.PS"
2023-12-19,6455.009765625,6524.580078125,6455.009765625,6521.27001953125,114500,6521.27001953125,"Philippines","PSEI.PS"
2023-12-20,6521.9599609375,6566.41015625,6500.97021484375,6520.75,197400,6520.75,"Philippines","PSEI.PS"
2023-12-21,6486.27001953125,6496.419921875,6428.1201171875,6469.22998046875,204200,6469.22998046875,"Philippines","PSEI.PS"
2023-12-22,6466.93017578125,6501,6459.68017578125,6501,158300,6501,"Philippines","PSEI.PS"
2023-12-25,NA,NA,NA,NA,NA,NA,"Philippines","PSEI.PS"
2023-12-26,NA,NA,NA,NA,NA,NA,"Philippines","PSEI.PS"
2023-12-27,6499.60009765625,6500.5400390625,6462.7998046875,6462.7998046875,86900,6462.7998046875,"Philippines","PSEI.PS"
2023-12-28,6478.60009765625,6519.10986328125,6472.2900390625,6519.10986328125,61000,6519.10986328125,"Philippines","PSEI.PS"
2023-12-29,6514.75,6523.830078125,6450.0400390625,6450.0400390625,78000,6450.0400390625,"Philippines","PSEI.PS"
2024-01-01,NA,NA,NA,NA,NA,NA,"Philippines","PSEI.PS"
2024-01-02,6478.52001953125,6555.60986328125,6464.33984375,6554.0400390625,63600,6554.0400390625,"Philippines","PSEI.PS"
2024-01-03,6539.81005859375,6544.89990234375,6483.7998046875,6498.8798828125,43700,6498.8798828125,"Philippines","PSEI.PS"
2024-01-04,6505.10986328125,6602.919921875,6493.3701171875,6602.52001953125,88800,6602.52001953125,"Philippines","PSEI.PS"
2024-01-05,6606.240234375,6629.64013671875,6583.06005859375,6629.64013671875,99400,6629.64013671875,"Philippines","PSEI.PS"
2024-01-08,6633.2099609375,6661.25,6609.22021484375,6609.22021484375,85300,6609.22021484375,"Philippines","PSEI.PS"
2024-01-09,6628.5498046875,6678.35009765625,6618.52001953125,6618.52001953125,96500,6618.52001953125,"Philippines","PSEI.PS"
2024-01-10,6587.669921875,6593.77001953125,6546.10986328125,6546.10986328125,84000,6546.10986328125,"Philippines","PSEI.PS"
2024-01-11,6562.3701171875,6637.7001953125,6562.3701171875,6613.72998046875,78700,6613.72998046875,"Philippines","PSEI.PS"
2024-01-12,6619.91015625,6676.5400390625,6619.91015625,6643.18017578125,70200,6643.18017578125,"Philippines","PSEI.PS"
2024-01-15,6655.990234375,6695.41015625,6650.41015625,6680.4501953125,70300,6680.4501953125,"Philippines","PSEI.PS"
2024-01-16,6681.669921875,6695.169921875,6637,6637,89800,6637,"Philippines","PSEI.PS"
2024-01-17,6647.080078125,6663.68017578125,6567.759765625,6572.509765625,133300,6572.509765625,"Philippines","PSEI.PS"
2024-01-18,6567.2900390625,6570.2998046875,6500.31005859375,6510.8701171875,86700,6510.8701171875,"Philippines","PSEI.PS"
2024-01-19,6528.68017578125,6528.68017578125,6496.9599609375,6503.5400390625,66000,6503.5400390625,"Philippines","PSEI.PS"
2024-01-22,6532.830078125,6583.47021484375,6532.830078125,6583.47021484375,75000,6583.47021484375,"Philippines","PSEI.PS"
2024-01-23,6594.2900390625,6624.43017578125,6593.06982421875,6621.8798828125,67100,6621.8798828125,"Philippines","PSEI.PS"
2024-01-24,6630.259765625,6679.9599609375,6626.81982421875,6679.9599609375,76600,6679.9599609375,"Philippines","PSEI.PS"
2024-01-25,6676.39990234375,6687.1201171875,6644.58984375,6673.5,88500,6673.5,"Philippines","PSEI.PS"
2024-01-26,6674.43994140625,6686.08984375,6643.830078125,6686.08984375,72500,6686.08984375,"Philippines","PSEI.PS"
2024-01-29,6680.68017578125,6689.18017578125,6630.68017578125,6630.68017578125,54800,6630.68017578125,"Philippines","PSEI.PS"
2024-01-30,6636.0400390625,6662.43994140625,6622.009765625,6622.009765625,83000,6622.009765625,"Philippines","PSEI.PS"
2024-01-31,6633.4501953125,6722.31982421875,6633.4501953125,6646.43994140625,97100,6646.43994140625,"Philippines","PSEI.PS"
2024-02-01,6623.93994140625,6644.10986328125,6601.33984375,6623.009765625,65600,6623.009765625,"Philippines","PSEI.PS"
2024-02-02,6652.47998046875,6765.3798828125,6652.0400390625,6707.25,136900,6707.25,"Philippines","PSEI.PS"
2024-02-05,6702.1201171875,6760.41015625,6702.1201171875,6728.22021484375,69900,6728.22021484375,"Philippines","PSEI.PS"
2024-02-06,6756.72021484375,6774.2099609375,6695.81982421875,6755.259765625,80100,6755.259765625,"Philippines","PSEI.PS"
2024-02-07,6772.93017578125,6877.60986328125,6772.93017578125,6830.0400390625,104600,6830.0400390625,"Philippines","PSEI.PS"
2024-02-08,6844.60986328125,6931.5498046875,6844.60986328125,6850.16015625,112200,6850.16015625,"Philippines","PSEI.PS"
2024-02-09,NA,NA,NA,NA,NA,NA,"Philippines","PSEI.PS"
2024-02-12,6856.4501953125,6891.68994140625,6807.81982421875,6807.81982421875,74900,6807.81982421875,"Philippines","PSEI.PS"
2024-02-13,6824.080078125,6848.56982421875,6824.080078125,6827.919921875,99300,6827.919921875,"Philippines","PSEI.PS"
2024-02-14,6810.64013671875,6854.52978515625,6780.72998046875,6854.52978515625,82300,6854.52978515625,"Philippines","PSEI.PS"
2024-02-15,6862.3798828125,6918.14990234375,6855.72998046875,6882.14990234375,83400,6882.14990234375,"Philippines","PSEI.PS"
2024-02-16,6893.22021484375,6916.43017578125,6873.22998046875,6873.22998046875,93200,6873.22998046875,"Philippines","PSEI.PS"
2024-02-19,6882.31982421875,6901.31005859375,6798.60986328125,6798.60986328125,92800,6798.60986328125,"Philippines","PSEI.PS"
2024-02-20,6818.14013671875,6860.7998046875,6818.14013671875,6854.66015625,73200,6854.66015625,"Philippines","PSEI.PS"
2024-02-21,6846.52978515625,6897.35986328125,6833.919921875,6897.35986328125,84900,6897.35986328125,"Philippines","PSEI.PS"
2024-02-22,6899.60986328125,6922.5,6896.330078125,6903.14990234375,72300,6903.14990234375,"Philippines","PSEI.PS"
2024-02-23,6915.25,6990.64990234375,6913.2099609375,6913.2099609375,71400,6913.2099609375,"Philippines","PSEI.PS"
2024-02-26,6918.72998046875,6941.85009765625,6891.490234375,6891.490234375,59700,6891.490234375,"Philippines","PSEI.PS"
2024-02-27,6887.35986328125,6887.35986328125,6842.330078125,6860.669921875,91400,6860.669921875,"Philippines","PSEI.PS"
2024-02-28,6864.39013671875,6878.22998046875,6845.81005859375,6876.52001953125,68100,6876.52001953125,"Philippines","PSEI.PS"
2024-02-29,6908.72998046875,6944.7099609375,6887.91015625,6944.7099609375,153100,6944.7099609375,"Philippines","PSEI.PS"
2024-03-01,6931.31982421875,7005.2998046875,6919.58984375,6919.58984375,57500,6919.58984375,"Philippines","PSEI.PS"
2024-03-04,6923.240234375,7021.0400390625,6908.81005859375,6951.669921875,80600,6951.669921875,"Philippines","PSEI.PS"
2024-03-05,6969.080078125,6981.83984375,6905.4599609375,6905.4599609375,88800,6905.4599609375,"Philippines","PSEI.PS"
2024-03-06,6882.43017578125,6894.47998046875,6861.5498046875,6878.5400390625,89100,6878.5400390625,"Philippines","PSEI.PS"
2024-03-07,6849.6298828125,6851.85986328125,6807.43994140625,6837.33984375,76900,6837.33984375,"Philippines","PSEI.PS"
2024-03-08,6839.740234375,6942.2099609375,6835.52978515625,6942.2099609375,75800,6942.2099609375,"Philippines","PSEI.PS"
2024-03-11,6939.5400390625,6939.5400390625,6852.2099609375,6872.240234375,79800,6872.240234375,"Philippines","PSEI.PS"
2024-03-12,6885.919921875,6928.41015625,6878.490234375,6879.58984375,101400,6879.58984375,"Philippines","PSEI.PS"
2024-03-13,6890.22998046875,6980.64013671875,6889.56005859375,6965.509765625,122400,6965.509765625,"Philippines","PSEI.PS"
2024-03-14,6962.43994140625,6989.3798828125,6939.009765625,6967.9599609375,118400,6967.9599609375,"Philippines","PSEI.PS"
2024-03-15,6946.7001953125,6946.7001953125,6790.9599609375,6822.31982421875,405500,6822.31982421875,"Philippines","PSEI.PS"
2024-03-18,6838.02978515625,6910.2900390625,6838.02978515625,6853.2900390625,76900,6853.2900390625,"Philippines","PSEI.PS"
2024-03-19,6851.35009765625,6900.58984375,6831.18017578125,6848.43017578125,118500,6848.43017578125,"Philippines","PSEI.PS"
2024-03-20,6856.02001953125,6871.22021484375,6840.7001953125,6856.77001953125,93100,6856.77001953125,"Philippines","PSEI.PS"
2024-03-21,6875.240234375,6963.22021484375,6875.240234375,6963.22021484375,87200,6963.22021484375,"Philippines","PSEI.PS"
2024-03-22,6917.68017578125,6919.759765625,6871.4501953125,6881.97021484375,98100,6881.97021484375,"Philippines","PSEI.PS"
2024-03-25,6879.75,6886.52978515625,6843.5,6853.10009765625,95500,6853.10009765625,"Philippines","PSEI.PS"
2024-03-26,6840.85009765625,6898.169921875,6797.64990234375,6898.169921875,92100,6898.169921875,"Philippines","PSEI.PS"
2024-03-27,6884.4599609375,6925.3701171875,6884.4599609375,6903.52978515625,113000,6903.52978515625,"Philippines","PSEI.PS"
2024-03-28,NA,NA,NA,NA,NA,NA,"Philippines","PSEI.PS"
2024-03-29,NA,NA,NA,NA,NA,NA,"Philippines","PSEI.PS"
2024-04-01,6948.5400390625,6991.77001953125,6947.27001953125,6979.81005859375,85000,6979.81005859375,"Philippines","PSEI.PS"
2024-04-02,7016.93017578125,7070.72021484375,6960.43017578125,6960.43017578125,133000,6960.43017578125,"Philippines","PSEI.PS"
2024-04-03,6960.5498046875,6964.93017578125,6863.81982421875,6863.81982421875,64400,6863.81982421875,"Philippines","PSEI.PS"
2024-04-04,6870.89990234375,6881.580078125,6809.77978515625,6827.06005859375,69400,6827.06005859375,"Philippines","PSEI.PS"
2024-04-05,6819.22998046875,6819.22998046875,6728.83984375,6745.4599609375,84900,6745.4599609375,"Philippines","PSEI.PS"
2024-04-08,6750.740234375,6750.740234375,6686.5,6741.06982421875,81400,6741.06982421875,"Philippines","PSEI.PS"
2024-04-09,NA,NA,NA,NA,NA,NA,"Philippines","PSEI.PS"
2024-04-10,NA,NA,NA,NA,NA,NA,"Philippines","PSEI.PS"
2024-04-11,6727.27001953125,6727.27001953125,6669.68017578125,6677.64990234375,123400,6677.64990234375,"Philippines","PSEI.PS"
2024-04-12,6681.259765625,6719.2001953125,6659.39013671875,6659.39013671875,131000,6659.39013671875,"Philippines","PSEI.PS"
2024-04-15,6630.43017578125,6630.43017578125,6556.93017578125,6562.43017578125,91600,6562.43017578125,"Philippines","PSEI.PS"
2024-04-16,6534.93994140625,6534.93994140625,6404.97021484375,6404.97021484375,122300,6404.97021484375,"Philippines","PSEI.PS"
2024-04-17,6432.10009765625,6497.81982421875,6424.81005859375,6450.0400390625,94500,6450.0400390625,"Philippines","PSEI.PS"
2024-04-18,6481.89990234375,6548.89013671875,6481.009765625,6523.18994140625,101500,6523.18994140625,"Philippines","PSEI.PS"
2024-04-19,6511.5,6540.81005859375,6406.97998046875,6443,103200,6443,"Philippines","PSEI.PS"
2024-04-22,6484.60986328125,6509.66015625,6439.43994140625,6444.080078125,60700,6444.080078125,"Philippines","PSEI.PS"
2024-04-23,6463.64990234375,6515.43017578125,6463.64990234375,6506.7998046875,61600,6506.7998046875,"Philippines","PSEI.PS"
2024-04-24,6538.97998046875,6595.41015625,6538.97998046875,6572.75,66900,6572.75,"Philippines","PSEI.PS"
2024-04-25,6598.14013671875,6598.14013671875,6574.8798828125,6574.8798828125,53900,6574.8798828125,"Philippines","PSEI.PS"
2024-04-26,6557.9501953125,6628.75,6547.759765625,6628.75,58500,6628.75,"Philippines","PSEI.PS"
2024-04-29,6629.56982421875,6769.64013671875,6629.56982421875,6769.64013671875,107600,6769.64013671875,"Philippines","PSEI.PS"
2024-04-30,6756.31982421875,6777.27001953125,6700.490234375,6700.490234375,95600,6700.490234375,"Philippines","PSEI.PS"
2024-05-01,NA,NA,NA,NA,NA,NA,"Philippines","PSEI.PS"
2024-05-02,6654.97021484375,6679.5,6634.83984375,6646.5498046875,80500,6646.5498046875,"Philippines","PSEI.PS"
2024-05-03,6664.490234375,6666.0498046875,6604.509765625,6615.5498046875,83200,6615.5498046875,"Philippines","PSEI.PS"
2024-05-06,6639.27001953125,6683.7099609375,6639.27001953125,6652.490234375,65400,6652.490234375,"Philippines","PSEI.PS"
2024-05-07,6668.240234375,6691.68017578125,6618.580078125,6618.580078125,106400,6618.580078125,"Philippines","PSEI.PS"
2024-05-08,6620.35009765625,6659.18017578125,6573.56982421875,6659.18017578125,109000,6659.18017578125,"Philippines","PSEI.PS"
2024-05-09,6670.85009765625,6719.18994140625,6536.25,6542.4599609375,171700,6542.4599609375,"Philippines","PSEI.PS"
2024-05-10,6574.22021484375,6598.93017578125,6511.93017578125,6511.93017578125,59700,6511.93017578125,"Philippines","PSEI.PS"
2024-05-13,6523.8798828125,6612.72998046875,6523.8798828125,6604.25,72500,6604.25,"Philippines","PSEI.PS"
2024-05-14,6601.93017578125,6608.35986328125,6587.89013671875,6608.35986328125,80900,6608.35986328125,"Philippines","PSEI.PS"
2024-05-15,6578.64990234375,6578.64990234375,6547.7099609375,6558.6298828125,156500,6558.6298828125,"Philippines","PSEI.PS"
2024-05-16,6589.240234375,6628.2001953125,6579.740234375,6628.2001953125,251000,6628.2001953125,"Philippines","PSEI.PS"
2024-05-17,6619.509765625,6649.60986328125,6578.259765625,6618.68994140625,112100,6618.68994140625,"Philippines","PSEI.PS"
2024-05-20,6633.58984375,6703,6617.580078125,6682.77978515625,117900,6682.77978515625,"Philippines","PSEI.PS"
2024-05-21,6704.14013671875,6704.14013671875,6614.509765625,6633.66015625,124200,6633.66015625,"Philippines","PSEI.PS"
2024-05-22,6606.7998046875,6620.56005859375,6578.580078125,6607.22021484375,87200,6607.22021484375,"Philippines","PSEI.PS"
2024-05-23,6612.08984375,6659.990234375,6606.3701171875,6659.990234375,94900,6659.990234375,"Philippines","PSEI.PS"
2024-05-24,6634.60986328125,6634.60986328125,6587.0498046875,6619.89013671875,68400,6619.89013671875,"Philippines","PSEI.PS"
2024-05-27,6590.97021484375,6595.08984375,6552.2998046875,6571.60009765625,98600,6571.60009765625,"Philippines","PSEI.PS"
2024-05-28,6572.9599609375,6572.9599609375,6495.990234375,6501.33984375,110900,6501.33984375,"Philippines","PSEI.PS"
2024-05-29,6506.39990234375,6506.39990234375,6411.41015625,6411.41015625,89500,6411.41015625,"Philippines","PSEI.PS"
2024-05-30,6410.39013671875,6415.60986328125,6341.5400390625,6371.75,111700,6371.75,"Philippines","PSEI.PS"
2024-05-31,6387.89013671875,6433.10009765625,6356.52001953125,6433.10009765625,606500,6433.10009765625,"Philippines","PSEI.PS"
2024-06-03,6433.5400390625,6472.52001953125,6410.47998046875,6470.740234375,96300,6470.740234375,"Philippines","PSEI.PS"
2024-06-04,6498.56005859375,6498.56005859375,6351.18994140625,6386.419921875,85200,6386.419921875,"Philippines","PSEI.PS"
2024-06-05,6400.4599609375,6443.58984375,6367.72998046875,6441.31982421875,73100,6441.31982421875,"Philippines","PSEI.PS"
2024-06-06,6465.1298828125,6511.72998046875,6453.490234375,6509.85986328125,80300,6509.85986328125,"Philippines","PSEI.PS"
2024-06-07,6524.35986328125,6532.93017578125,6512.0498046875,6518.759765625,62700,6518.759765625,"Philippines","PSEI.PS"
2024-06-10,6511.89013671875,6511.89013671875,6443.52001953125,6458.64013671875,45700,6458.64013671875,"Philippines","PSEI.PS"
2024-06-11,6456.85009765625,6464.259765625,6410.06982421875,6410.06982421875,55000,6410.06982421875,"Philippines","PSEI.PS"
2024-06-12,NA,NA,NA,NA,NA,NA,"Philippines","PSEI.PS"
2024-06-13,6428.27978515625,6446.06005859375,6390.830078125,6390.830078125,76800,6390.830078125,"Philippines","PSEI.PS"
2024-06-14,6394.43017578125,6400.33984375,6370.68017578125,6383.7001953125,68400,6383.7001953125,"Philippines","PSEI.PS"
2024-06-17,NA,NA,NA,NA,NA,NA,"Philippines","PSEI.PS"
2024-06-18,6394.330078125,6394.330078125,6343.68994140625,6368.7998046875,60300,6368.7998046875,"Philippines","PSEI.PS"
2024-06-19,6371.52001953125,6382.759765625,6364.39990234375,6366.02978515625,101400,6366.02978515625,"Philippines","PSEI.PS"
2024-06-20,6372.4599609375,6372.75,6313.14990234375,6344.56005859375,85000,6344.56005859375,"Philippines","PSEI.PS"
2024-06-21,6349.669921875,6349.669921875,6158.47998046875,6158.47998046875,168200,6158.47998046875,"Philippines","PSEI.PS"
2024-06-24,6202.64013671875,6272.4599609375,6184.72021484375,6272.4599609375,81800,6272.4599609375,"Philippines","PSEI.PS"
2024-06-25,6291.08984375,6307.509765625,6281.669921875,6299.0498046875,84800,6299.0498046875,"Philippines","PSEI.PS"
2024-06-26,6308.56982421875,6313.10986328125,6277.85986328125,6313.10986328125,113500,6313.10986328125,"Philippines","PSEI.PS"
2024-06-27,6314.83984375,6390.580078125,6301.83984375,6390.580078125,69100,6390.580078125,"Philippines","PSEI.PS"
2024-06-28,6394.72998046875,6442.7900390625,6387.68017578125,6411.91015625,123100,6411.91015625,"Philippines","PSEI.PS"
2024-07-01,6401.9599609375,6436.39990234375,6382.25,6398.77001953125,71800,6398.77001953125,"Philippines","PSEI.PS"
2024-07-02,6399.3701171875,6399.3701171875,6348.06005859375,6358.9599609375,64000,6358.9599609375,"Philippines","PSEI.PS"
2024-07-03,6366.580078125,6451.93994140625,6355.7099609375,6450.02978515625,71700,6450.02978515625,"Philippines","PSEI.PS"
2024-07-04,6447.2900390625,6517.64013671875,6437.580078125,6507.490234375,70100,6507.490234375,"Philippines","PSEI.PS"
2024-07-05,6507.27978515625,6560.2001953125,6492.75,6492.75,82000,6492.75,"Philippines","PSEI.PS"
2024-07-08,6506.419921875,6559.3798828125,6506.419921875,6529.43017578125,94400,6529.43017578125,"Philippines","PSEI.PS"
2024-07-09,6530.0498046875,6557.31982421875,6497.52978515625,6556.66015625,78800,6556.66015625,"Philippines","PSEI.PS"
2024-07-10,6550.0498046875,6561.7099609375,6489.35009765625,6489.35009765625,80900,6489.35009765625,"Philippines","PSEI.PS"
2024-07-11,6492.4599609375,6609.240234375,6492.4599609375,6609.240234375,90700,6609.240234375,"Philippines","PSEI.PS"
2024-07-12,6611.39013671875,6648.22998046875,6589.58984375,6648.22998046875,68100,6648.22998046875,"Philippines","PSEI.PS"
2024-07-15,6635.27001953125,6738.1201171875,6635.27001953125,6689.3701171875,85800,6689.3701171875,"Philippines","PSEI.PS"
2024-07-16,6723.2099609375,6736.81005859375,6667.08984375,6667.08984375,85700,6667.08984375,"Philippines","PSEI.PS"
2024-07-17,6677.85009765625,6700.18017578125,6629.509765625,6687.7099609375,78900,6687.7099609375,"Philippines","PSEI.PS"
2024-07-18,6663.64990234375,6706.2001953125,6649.93017578125,6705.009765625,93200,6705.009765625,"Philippines","PSEI.PS"
2024-07-19,6707.4501953125,6829.97021484375,6707.4501953125,6791.68994140625,121800,6791.68994140625,"Philippines","PSEI.PS"
2024-07-22,6756.759765625,6832.66015625,6712.0498046875,6712.0498046875,109400,6712.0498046875,"Philippines","PSEI.PS"
2024-07-23,6727.580078125,6753.8798828125,6686.7099609375,6753.1201171875,78200,6753.1201171875,"Philippines","PSEI.PS"
2024-07-24,NA,NA,NA,NA,NA,NA,"Philippines","PSEI.PS"
2024-07-25,6698.25,6698.25,6651.68017578125,6670.27001953125,74800,6670.27001953125,"Philippines","PSEI.PS"
2024-07-26,6684.6298828125,6726.009765625,6675.6201171875,6726.009765625,86600,6726.009765625,"Philippines","PSEI.PS"
2024-07-29,6728.330078125,6761.759765625,6649.22998046875,6649.22998046875,121500,6649.22998046875,"Philippines","PSEI.PS"
2024-07-30,6658.9501953125,6671.33984375,6569.85986328125,6606.35986328125,73600,6606.35986328125,"Philippines","PSEI.PS"
2024-07-31,6599.97021484375,6640.169921875,6597.8701171875,6619.08984375,135200,6619.08984375,"Philippines","PSEI.PS"
2024-08-01,6645.10009765625,6693.830078125,6619.7001953125,6693.830078125,89300,6693.830078125,"Philippines","PSEI.PS"
2024-08-02,6672.47021484375,6672.47021484375,6562.91015625,6605.2998046875,80700,6605.2998046875,"Philippines","PSEI.PS"
2024-08-05,6535.56982421875,6535.56982421875,6397.10009765625,6434.72998046875,121300,6434.72998046875,"Philippines","PSEI.PS"
2024-08-06,6439.7998046875,6512.47021484375,6433.240234375,6433.240234375,96000,6433.240234375,"Philippines","PSEI.PS"
2024-08-07,6461.85986328125,6535.169921875,6451.9501953125,6535.169921875,73000,6535.169921875,"Philippines","PSEI.PS"
2024-08-08,6536.5,6570.81982421875,6515.91015625,6549.27001953125,105600,6549.27001953125,"Philippines","PSEI.PS"
2024-08-09,6571.64990234375,6647.7998046875,6571.64990234375,6647.7998046875,157100,6647.7998046875,"Philippines","PSEI.PS"
2024-08-12,6653,6661.85986328125,6594.58984375,6613.35986328125,69600,6613.35986328125,"Philippines","PSEI.PS"
2024-08-13,6624.330078125,6670.0498046875,6615.3798828125,6650.43994140625,101300,6650.43994140625,"Philippines","PSEI.PS"
2024-08-14,6663.7099609375,6723.10986328125,6663.7099609375,6704.9599609375,150500,6704.9599609375,"Philippines","PSEI.PS"
2024-08-15,6714.2001953125,6742.47998046875,6692.91015625,6692.91015625,120500,6692.91015625,"Philippines","PSEI.PS"
2024-08-16,6724.27001953125,6866.66015625,6724.27001953125,6847.3701171875,126000,6847.3701171875,"Philippines","PSEI.PS"
2024-08-19,6863.0498046875,6943.52978515625,6863.0498046875,6889.8701171875,158200,6889.8701171875,"Philippines","PSEI.PS"
2024-08-20,6930.7998046875,7005.27001953125,6930.7998046875,6944.759765625,122400,6944.759765625,"Philippines","PSEI.PS"
2024-08-21,6952.27001953125,6983.81005859375,6900.6201171875,6900.6201171875,77700,6900.6201171875,"Philippines","PSEI.PS"
2024-08-22,6917.2900390625,6987.0400390625,6917.2900390625,6961.9599609375,124600,6961.9599609375,"Philippines","PSEI.PS"
2024-08-23,NA,NA,NA,NA,NA,NA,"Philippines","PSEI.PS"
2024-08-26,NA,NA,NA,NA,NA,NA,"Philippines","PSEI.PS"
2024-08-27,6967.9501953125,7008.8701171875,6967.9501953125,6973.41015625,118000,6973.41015625,"Philippines","PSEI.PS"
2024-08-28,6985.56005859375,7016.0400390625,6958.009765625,6958.009765625,85700,6958.009765625,"Philippines","PSEI.PS"
2024-08-29,6953.009765625,6959.64013671875,6872.5498046875,6891.5498046875,100700,6891.5498046875,"Philippines","PSEI.PS"
2024-08-30,6904.509765625,6930.419921875,6881.39990234375,6897.5400390625,229100,6897.5400390625,"Philippines","PSEI.PS"
2024-09-02,6927.25,6933.509765625,6904.5400390625,6923.41015625,72900,6923.41015625,"Philippines","PSEI.PS"
2024-09-03,6934.7001953125,6950.60986328125,6878.47998046875,6882.919921875,78600,6882.919921875,"Philippines","PSEI.PS"
2024-09-04,6814.7099609375,6882.1201171875,6759.93017578125,6882.1201171875,77200,6882.1201171875,"Philippines","PSEI.PS"
2024-09-05,6876.27001953125,6914.6298828125,6872.7001953125,6907.97021484375,68000,6907.97021484375,"Philippines","PSEI.PS"
2024-09-06,6888.7099609375,6940.47021484375,6886.490234375,6936.08984375,86800,6936.08984375,"Philippines","PSEI.PS"
2024-09-09,6931.2998046875,7025.4599609375,6920.8798828125,6984.25,91700,6984.25,"Philippines","PSEI.PS"
2024-09-10,7004.02001953125,7109.75,6984.6298828125,6984.6298828125,129300,6984.6298828125,"Philippines","PSEI.PS"
2024-09-11,7001.72998046875,7017.740234375,6944.8798828125,6944.8798828125,103700,6944.8798828125,"Philippines","PSEI.PS"
2024-09-12,6979.740234375,7049.81005859375,6975.490234375,7024.669921875,89600,7024.669921875,"Philippines","PSEI.PS"
2024-09-13,7049.7099609375,7090.68017578125,7022.85009765625,7022.85009765625,64900,7022.85009765625,"Philippines","PSEI.PS"
2024-09-16,7032.33984375,7104.2001953125,7031.1298828125,7104.2001953125,61000,7104.2001953125,"Philippines","PSEI.PS"
2024-09-17,7094.35986328125,7180.72021484375,7094.35986328125,7175.35986328125,96800,7175.35986328125,"Philippines","PSEI.PS"
2024-09-18,7161.75,7219.169921875,7147.81982421875,7155.89990234375,77500,7155.89990234375,"Philippines","PSEI.PS"
2024-09-19,7151.27978515625,7248.3798828125,7151.27978515625,7202.16015625,100300,7202.16015625,"Philippines","PSEI.PS"
2024-09-20,7219.6201171875,7338.66015625,7219.6201171875,7252.31982421875,194000,7252.31982421875,"Philippines","PSEI.PS"
2024-09-23,7291.47021484375,7417.25,7291.47021484375,7417.25,105400,7417.25,"Philippines","PSEI.PS"
2024-09-24,7436.330078125,7474.43994140625,7425.3701171875,7432.2099609375,146800,7432.2099609375,"Philippines","PSEI.PS"
2024-09-25,7422.35986328125,7441.990234375,7341.1298828125,7362.6201171875,96500,7362.6201171875,"Philippines","PSEI.PS"
2024-09-26,7374.7099609375,7458.740234375,7369.35009765625,7458.740234375,99300,7458.740234375,"Philippines","PSEI.PS"
2024-09-27,7428.490234375,7436.4599609375,7402.35009765625,7428.2998046875,81600,7428.2998046875,"Philippines","PSEI.PS"
2024-09-30,7417.47998046875,7421.240234375,7272.64990234375,7272.64990234375,91300,7272.64990234375,"Philippines","PSEI.PS"
2024-10-01,7278.14990234375,7388.14990234375,7278.14990234375,7380.31982421875,65700,7380.31982421875,"Philippines","PSEI.PS"
2024-10-02,7351.77001953125,7412.8701171875,7335.18994140625,7402.81005859375,65000,7402.81005859375,"Philippines","PSEI.PS"
2024-10-03,7406.7900390625,7470.39013671875,7388.919921875,7388.919921875,84200,7388.919921875,"Philippines","PSEI.PS"
2024-10-04,7392.490234375,7467.919921875,7392.41015625,7467.919921875,96100,7467.919921875,"Philippines","PSEI.PS"
2024-10-07,7464.81005859375,7604.60986328125,7464.81005859375,7554.68017578125,110500,7554.68017578125,"Philippines","PSEI.PS"
2024-10-08,7535.33984375,7546.2900390625,7488.990234375,7537.25,91700,7537.25,"Philippines","PSEI.PS"
2024-10-09,7518.2099609375,7518.2099609375,7424.52001953125,7424.52001953125,85100,7424.52001953125,"Philippines","PSEI.PS"
2024-10-10,7416.43017578125,7457.41015625,7399.43017578125,7411.47021484375,75000,7411.47021484375,"Philippines","PSEI.PS"
2024-10-11,7415.18994140625,7415.18994140625,7291.0498046875,7310.31982421875,72900,7310.31982421875,"Philippines","PSEI.PS"
2024-10-14,7334.58984375,7404.4599609375,7326.41015625,7326.41015625,56800,7326.41015625,"Philippines","PSEI.PS"
2024-10-15,7359.10009765625,7479.58984375,7359.10009765625,7456.31005859375,76600,7456.31005859375,"Philippines","PSEI.PS"
2024-10-16,7471.8798828125,7483.77978515625,7430.39990234375,7437,115800,7437,"Philippines","PSEI.PS"
2024-10-17,7468.0400390625,7484.669921875,7400.330078125,7400.330078125,91100,7400.330078125,"Philippines","PSEI.PS"
2024-10-18,7427.58984375,7447.93994140625,7393.14990234375,7415.72998046875,64200,7415.72998046875,"Philippines","PSEI.PS"
2024-10-21,7416.81005859375,7428.02001953125,7386.85009765625,7406.6298828125,38300,7406.6298828125,"Philippines","PSEI.PS"
2024-10-22,7414.1298828125,7452.740234375,7398.990234375,7413.16015625,94300,7413.16015625,"Philippines","PSEI.PS"
2024-10-23,7411.31005859375,7415.89990234375,7346.240234375,7367.66015625,101900,7367.66015625,"Philippines","PSEI.PS"
2024-10-24,7354.06982421875,7354.06982421875,7283.7900390625,7283.7900390625,73200,7283.7900390625,"Philippines","PSEI.PS"
2024-10-25,7283.7900390625,7317.43017578125,7272.2099609375,7314.22998046875,57700,7314.22998046875,"Philippines","PSEI.PS"
2024-10-28,7314.419921875,7355.5498046875,7296.02978515625,7343.240234375,48100,7343.240234375,"Philippines","PSEI.PS"
2024-10-29,7331.89013671875,7331.89013671875,7230.97021484375,7239.97998046875,79600,7239.97998046875,"Philippines","PSEI.PS"
2024-10-30,7215.72021484375,7280.240234375,7184.72021484375,7280.240234375,73600,7280.240234375,"Philippines","PSEI.PS"
2024-10-31,7252.10986328125,7252.10986328125,7142.9599609375,7142.9599609375,72100,7142.9599609375,"Philippines","PSEI.PS"
2024-11-01,NA,NA,NA,NA,NA,NA,"Philippines","PSEI.PS"
2024-11-04,7150.56005859375,7150.56005859375,7106.68017578125,7136.10009765625,61600,7136.10009765625,"Philippines","PSEI.PS"
2024-11-05,7131.259765625,7257.93994140625,7131.259765625,7257.93994140625,64900,7257.93994140625,"Philippines","PSEI.PS"
2024-11-06,7252.9501953125,7262.240234375,7154.8798828125,7165.419921875,63100,7165.419921875,"Philippines","PSEI.PS"
2024-11-07,7142.5400390625,7142.5400390625,6923.990234375,7014.43994140625,126600,7014.43994140625,"Philippines","PSEI.PS"
2024-11-08,7010.02001953125,7010.02001953125,6899.2001953125,6977.18017578125,93200,6977.18017578125,"Philippines","PSEI.PS"
2024-11-11,6967.47998046875,6969.169921875,6900.93017578125,6940.009765625,65900,6940.009765625,"Philippines","PSEI.PS"
2024-11-12,6934.10986328125,6953.97021484375,6810.10986328125,6810.10986328125,90500,6810.10986328125,"Philippines","PSEI.PS"
2024-11-13,6815.60986328125,6832.990234375,6714.330078125,6714.330078125,118000,6714.330078125,"Philippines","PSEI.PS"
2024-11-14,6730.3798828125,6730.3798828125,6557.08984375,6557.08984375,127000,6557.08984375,"Philippines","PSEI.PS"
2024-11-15,6567.43994140625,6694.58984375,6565.14990234375,6676.64990234375,97700,6676.64990234375,"Philippines","PSEI.PS"
2024-11-18,6710.669921875,6774.240234375,6693.39013671875,6761.35009765625,91200,6761.35009765625,"Philippines","PSEI.PS"
2024-11-19,6768.93994140625,6835.22998046875,6758.3798828125,6803.18994140625,91500,6803.18994140625,"Philippines","PSEI.PS"
2024-11-20,6829.2099609375,6975.6298828125,6775.72021484375,6975.6298828125,93800,6975.6298828125,"Philippines","PSEI.PS"
2024-11-21,6890.759765625,6919.56982421875,6857.89990234375,6863.009765625,80700,6863.009765625,"Philippines","PSEI.PS"
2024-11-22,6856.27978515625,6856.27978515625,6771.3701171875,6780.1298828125,62600,6780.1298828125,"Philippines","PSEI.PS"
2024-11-25,6803.10009765625,6880.759765625,6794.47021484375,6850,138200,6850,"Philippines","PSEI.PS"
2024-11-26,6852.990234375,6859.16015625,6806.85986328125,6806.85986328125,67800,6806.85986328125,"Philippines","PSEI.PS"
2024-11-27,6820.97998046875,6823.14013671875,6702.58984375,6702.58984375,65000,6702.58984375,"Philippines","PSEI.PS"
2024-11-28,6638.5400390625,6638.5400390625,6638.5400390625,6638.5400390625,0,6638.5400390625,"Philippines","PSEI.PS"
2024-11-29,6634.25,6683.5400390625,6609.56005859375,6613.85009765625,101200,6613.85009765625,"Philippines","PSEI.PS"
2024-12-02,6625.7001953125,6742.89013671875,6625.7001953125,6742.89013671875,69000,6742.89013671875,"Philippines","PSEI.PS"
2024-12-03,6771.919921875,6771.919921875,6707.14990234375,6734.2099609375,77300,6734.2099609375,"Philippines","PSEI.PS"
2024-12-04,6743.85986328125,6762.8798828125,6701.35009765625,6729.9599609375,85000,6729.9599609375,"Philippines","PSEI.PS"
2024-12-05,6730.06005859375,6737.22998046875,6683.669921875,6690.77001953125,81300,6690.77001953125,"Philippines","PSEI.PS"
2024-12-06,6692.9501953125,6729.14013671875,6645.27978515625,6729.14013671875,63600,6729.14013671875,"Philippines","PSEI.PS"
2024-12-09,6729.14013671875,6729.14013671875,6670.22998046875,6680.56982421875,66100,6680.56982421875,"Philippines","PSEI.PS"
2024-12-10,6729.0498046875,6742.009765625,6648.240234375,6724.81982421875,101100,6724.81982421875,"Philippines","PSEI.PS"
2024-12-11,6720.93017578125,6724.89990234375,6642.7099609375,6642.7099609375,75100,6642.7099609375,"Philippines","PSEI.PS"
2024-12-12,6622.330078125,6667.97998046875,6598.5,6641.35009765625,132100,6641.35009765625,"Philippines","PSEI.PS"
2024-12-13,6631.60986328125,6633.60009765625,6583.60986328125,6616.509765625,77800,6616.509765625,"Philippines","PSEI.PS"
2024-12-16,6622.509765625,6633.89013671875,6575.06982421875,6615.16015625,89400,6615.16015625,"Philippines","PSEI.PS"
2024-12-17,6591.240234375,6591.240234375,6462.72021484375,6501.7099609375,134700,6501.7099609375,"Philippines","PSEI.PS"
2024-12-18,6512.490234375,6520.81005859375,6461.18994140625,6469.080078125,71700,6469.080078125,"Philippines","PSEI.PS"
2024-12-19,6439.3798828125,6439.3798828125,6337.830078125,6395.60009765625,113600,6395.60009765625,"Philippines","PSEI.PS"
2024-12-20,6415.81982421875,6476.93017578125,6401.85986328125,6406.3798828125,111700,6406.3798828125,"Philippines","PSEI.PS"
2024-12-23,6422.740234375,6534.91015625,6382.2001953125,6534.91015625,62100,6534.91015625,"Philippines","PSEI.PS"
2024-12-24,NA,NA,NA,NA,NA,NA,"Philippines","PSEI.PS"
2024-12-25,NA,NA,NA,NA,NA,NA,"Philippines","PSEI.PS"
2024-12-26,6523.56005859375,6539.509765625,6489.47021484375,6539.02001953125,38200,6539.02001953125,"Philippines","PSEI.PS"
2024-12-27,6558.81005859375,6560.33984375,6472.75,6528.7900390625,86600,6528.7900390625,"Philippines","PSEI.PS"
2024-12-30,NA,NA,NA,NA,NA,NA,"Philippines","PSEI.PS"
