country,year,month,n_trading_days,realized_vol,log_realized_vol,mean_return,disaster_count,disaster_count_noMMW,people_affected,economic_damage_000usd,total_deaths,n_flood,n_storm,n_drought,n_wildfire,n_extreme_temp,n_mass_movement_wet,disaster_dummy,disaster_dummy_noMMW,vix,oil_price,us_10y_yield,fx_rate,fx_depreciation_pct,population,gdp_current_usd,gdp_growth,inflation,credit_gdp,people_affected_pct_pop,damage_pct_gdp
Brazil,2010,1,18,0.04580768416484269,-3.083303425409955,-0.003810280756264402,0,0,0,0,0,0,0,0,0,0,0,0,0,20.643157758210826,78.40263165925678,3.7110526812703997,1.7777649879455575,NA,193701929,2208837745100.55,7.52822581815364,5.03872690108075,52.764657630443,0,0
Brazil,2010,2,18,0.07038494553680469,-2.653775880492311,9.274566883830104e-4,1,1,0,0,32,0,0,0,0,1,0,1,1,22.540000012046416,76.45263190018504,3.6792631651225847,1.84093000292778,3.5530576544438475,193701929,2208837745100.55,7.52822581815364,5.03872690108075,52.764657630443,0,0
Brazil,2010,3,23,0.04014078179549507,-3.215362459084753,0.0024586259717646686,0,0,0,0,0,0,0,0,0,0,0,0,0,17.767391287762184,81.28999992038894,3.7192608791848887,1.7811416685581207,-3.247724480266656,193701929,2208837745100.55,7.52822581815364,5.03872690108075,52.764657630443,0,0
Brazil,2010,4,20,0.05084486706216915,-2.978976104312832,-0.0020611756595024563,1,1,74938,295285,256,1,0,0,0,0,0,1,1,17.424285661606568,84.57523745582216,3.8193333262488953,1.7540619032723581,-1.5203599895388664,193701929,2208837745100.55,7.52822581815364,5.03872690108075,52.764657630443,0.038687276057018515,0.013368342724809702
Brazil,2010,5,21,0.097342100345488,-2.329523697395523,-0.0032710220758353113,0,0,0,0,0,0,0,0,0,0,0,0,0,31.929500007629393,74.11750144958496,3.412749969959259,1.8133227174932296,3.378490468911921,193701929,2208837745100.55,7.52822581815364,5.03872690108075,52.764657630443,0,0
Brazil,2010,6,21,0.06729276269420185,-2.698702586090276,-0.0016217308058914955,1,1,157000,888809,72,1,0,0,0,0,0,1,1,29.916363716125478,75.40454587069425,3.1940000057220455,1.804077262228186,-0.5098626502526127,193701929,2208837745100.55,7.52822581815364,5.03872690108075,52.764657630443,0.08105236783677049,0.04023876366525691
Brazil,2010,7,21,0.05047217769215724,-2.986333031311226,0.00488217439726279,0,0,0,0,0,0,0,0,0,0,0,0,0,25.565237862723215,76.38285754975817,2.9849047433762324,1.7668190399805705,-2.065223204553801,193701929,2208837745100.55,7.52822581815364,5.03872690108075,52.764657630443,0,0
Brazil,2010,8,22,0.05548113059927253,-2.891712305241477,-0.001624283670823264,0,0,0,0,0,0,0,0,0,0,0,0,0,24.745908997275617,76.66681705821644,2.688545454632153,1.7480391263961796,-1.0629223004409938,193701929,2208837745100.55,7.52822581815364,5.03872690108075,52.764657630443,0,0
Brazil,2010,9,21,0.045432076755342846,-3.09153688695292,0.003033499814775588,0,0,0,0,0,0,0,0,0,0,0,0,0,22.517618996756415,75.54857090541294,2.637190500895183,1.7075454592704769,-2.316519493999314,193701929,2208837745100.55,7.52822581815364,5.03872690108075,52.764657630443,0,0
Brazil,2010,10,20,0.04419875804230653,-3.1190585888836075,8.872276932180513e-4,1,1,62000,0,0,0,0,1,0,0,0,1,1,20.373333249773307,81.97476232619512,2.5141999602317817,1.67239500284195,-2.05853707950735,193701929,2208837745100.55,7.52822581815364,5.03872690108075,52.764657630443,0.03200794143872465,0
Brazil,2010,11,20,0.056578163092192345,-2.8721321793092556,-0.00214517860973773,1,1,13000,0,35,1,0,0,0,0,0,1,1,20.095714387439546,84.31476157052177,2.7383809543791275,1.7042136354879895,1.9025787922093196,193701929,2208837745100.55,7.52822581815364,5.03872690108075,52.764657630443,0.006711342559732588,0
Brazil,2010,12,21,0.04577278895528958,-3.0840654920395107,0.0011122391062156753,0,0,0,0,0,0,0,0,0,0,0,0,0,17.56954552910545,89.23318169333717,3.280363624746149,1.69026522014452,-0.8184663620224741,193701929,2208837745100.55,7.52822581815364,5.03872690108075,52.764657630443,0,0
Brazil,2011,1,20,0.041584183840862446,-3.180035380140908,-0.0020093960982660694,1,1,45000,1431245,900,1,0,0,0,0,0,1,1,17.31549987792969,89.57850036621095,3.36875,1.6542619012650985,-2.1300396204297023,195284734,2616156223917.69,3.97442307944702,6.6364496221309,58.0784911062018,0.02304327587634167,0.05470793322337275
Brazil,2011,2,20,0.055352238354139244,-2.8940381806426503,6.031814442385658e-4,0,0,0,0,0,0,0,0,0,0,0,0,0,17.429999903628694,89.74315763774672,3.5646841902481885,1.656700003147124,0.14738306432378057,195284734,2616156223917.69,3.97442307944702,6.6364496221309,58.0784911062018,0,0
Brazil,2011,3,21,0.045822890219644107,-3.082971526258539,8.43345324555788e-4,1,1,31000,0,10,1,0,0,0,0,0,1,1,20.723478151404343,102.98130466627028,3.406260842862337,1.6560374945402159,-0.039989654472716296,195284734,2616156223917.69,3.97442307944702,6.6364496221309,58.0784911062018,0.01587425671481315,0
Brazil,2011,4,19,0.04260532814762261,-3.155775959640044,-0.0019176392922662401,1,1,31600,0,12,1,0,0,0,0,0,1,1,16.244000005722054,110.0385005950928,3.4328000068664557,1.5836789545259973,-4.369378124153423,195284734,2616156223917.69,3.97442307944702,6.6364496221309,58.0784911062018,0.016181500393164374,0
Brazil,2011,5,22,0.047657713881746513,-3.0437107756935093,-0.0010519957023194166,1,1,13000,0,2,1,0,0,0,0,0,1,1,16.91142858777728,101.35666656494143,3.158333335603986,1.609526095183,1.632094723689681,195284734,2616156223917.69,3.97442307944702,6.6364496221309,58.0784911062018,0.006656946364276483,0
Brazil,2011,6,21,0.043165630438600236,-3.142710692082178,-0.0016616468814928138,0,0,0,0,0,0,0,0,0,0,0,0,0,19.153182029724125,96.2886366410689,2.9914545362645946,1.5851272723891514,-1.515901038626799,195284734,2616156223917.69,3.97442307944702,6.6364496221309,58.0784911062018,0,0
Brazil,2011,7,21,0.052735622695833935,-2.9424640993051843,-0.002814116238075417,2,2,81000,0,18,2,0,0,0,0,0,1,1,19.22749991416931,97.34049987792967,2.9779500007629416,1.560680957067581,-1.5422304408859278,195284734,2616156223917.69,3.97442307944702,6.6364496221309,58.0784911062018,0.041477896577415005,0
Brazil,2011,8,23,0.1408340293539131,-1.9601731787072678,-0.0017556867923569964,0,0,0,0,0,0,0,0,0,0,0,0,0,35.02913035517153,86.34086973770805,2.286434785179471,1.5942869652872504,2.1532913608949933,195284734,2616156223917.69,3.97442307944702,6.6364496221309,58.0784911062018,0,0
Brazil,2011,9,21,0.09087104453416352,-2.398313870522376,-0.0036522372302489675,1,1,1000000,0,3,1,0,0,0,0,0,1,1,36.52999977838426,85.60999915713356,1.96390476113274,1.7387047608693442,9.058456772622069,195284734,2616156223917.69,3.97442307944702,6.6364496221309,58.0784911062018,0.5120727972520371,0
Brazil,2011,10,20,0.09189711441618527,-2.387085649284458,0.005439926261479755,0,0,0,0,0,0,0,0,0,0,0,0,0,32.82904770260767,86.42809513636998,2.127476198332649,1.7726809581120806,1.9541096342169384,195284734,2616156223917.69,3.97442307944702,6.6364496221309,58.0784911062018,0,0
Brazil,2011,11,20,0.06658945419839693,-2.7092090593431606,-0.0012698902392230588,0,0,0,0,0,0,0,0,0,0,0,0,0,31.94190470377603,97.16285705566409,2.005333327111743,1.7801227298649882,0.4198032205881663,195284734,2616156223917.69,3.97442307944702,6.6364496221309,58.0784911062018,0,0
Brazil,2011,12,21,0.06455256455045963,-2.740275432804643,-1.014161339060335e-4,1,1,14000,2862,33,1,0,0,0,0,0,1,1,25.047619047619044,98.57571338471918,1.9693809520630605,1.8351272778077559,3.0899300941424013,195284734,2616156223917.69,3.97442307944702,6.6364496221309,58.0784911062018,0.007169019161528519,1.0939713667841133e-4
Brazil,2012,1,20,0.05678734684080981,-2.868441744958411,0.005277539625561101,0,0,0,0,0,0,0,0,0,0,0,0,0,20.22799987792968,100.31849899292001,1.944050002098083,1.7973181822083208,-2.060298272313943,196876111,2465227802806.76,1.92117598576537,5.40349914036997,62.5192932018235,0,0
Brazil,2012,2,18,0.0505896034266357,-2.984009189676487,0.0023625145307829666,1,1,89000,0,3,1,0,0,0,0,0,1,1,18.42049999237059,102.26249961853036,1.95825001001358,1.7168857029506148,-4.475138573342674,196876111,2465227802806.76,1.92117598576537,5.40349914036997,62.5192932018235,0.04520609410046707,0
Brazil,2012,3,22,0.059735120097524116,-2.817835155209838,-9.075654830800094e-4,0,0,0,0,0,0,0,0,0,0,0,0,0,16.167272871190846,106.20499940352013,2.161181818355213,1.7875909155065364,4.118224785401181,196876111,2465227802806.76,1.92117598576537,5.40349914036997,62.5192932018235,0,0
Brazil,2012,4,20,0.0520379991824653,-2.955781073762104,-0.0021304407596336892,0,0,0,0,0,0,0,0,0,0,0,0,0,17.82299990653992,103.346000289917,2.0283500015735627,1.852559095079249,3.6343986204641743,196876111,2465227802806.76,1.92117598576537,5.40349914036997,62.5192932018235,0,0
Brazil,2012,5,22,0.08265347924847832,-2.4930983594307863,-0.00573680627768008,2,2,4210000,2287034,0,1,0,1,0,0,0,1,1,21.00181813673539,94.71590978449039,1.789999988946048,1.9827478242957077,7.02750749286567,196876111,2465227802806.76,1.92117598576537,5.40349914036997,62.5192932018235,2.138400631044566,0.09277171048436664
Brazil,2012,6,20,0.0764766375795433,-2.570769975908091,-1.2402964695219546e-4,0,0,0,0,0,0,0,0,0,0,0,0,0,21.13095229012627,82.40523819696337,1.6085238172894434,2.051440036296845,3.4644956438440344,196876111,2465227802806.76,1.92117598576537,5.40349914036997,62.5192932018235,0,0
Brazil,2012,7,21,0.08438032692875312,-2.472420997811901,0.0015021775955699939,0,0,0,0,0,0,0,0,0,0,0,0,0,17.565238180614656,87.93142881847564,1.4991428568249652,2.026404365249302,-1.2203949715603901,196876111,2465227802806.76,1.92117598576537,5.40349914036997,62.5192932018235,0,0
Brazil,2012,8,23,0.05956859358587566,-2.8206267970566143,7.408059078564903e-4,0,0,0,0,0,0,0,0,0,0,0,0,0,15.68956511953603,94.16087009595788,1.6691739144532578,2.026122732595964,-0.013898146794766308,196876111,2465227802806.76,1.92117598576537,5.40349914036997,62.5192932018235,0,0
Brazil,2012,9,19,0.06027399760662422,-2.808854485387087,0.001915535960101803,0,0,0,0,0,0,0,0,0,0,0,0,0,15.284736834074321,94.5584218878495,1.712736845016481,2.024052370162237,-0.10218346600722183,196876111,2465227802806.76,1.92117598576537,5.40349914036997,62.5192932018235,0,0
Brazil,2012,10,22,0.04183537469424925,-3.1740130127968724,-0.0016487506833181664,0,0,0,0,0,0,0,0,0,0,0,0,0,16.276190576099218,89.9480954124814,1.7211428540093547,2.026931816881353,0.1422614731497962,196876111,2465227802806.76,1.92117598576537,5.40349914036997,62.5192932018235,0,0
Brazil,2012,11,19,0.06304524002696058,-2.7639027146318913,3.7402796824621257e-4,0,0,0,0,0,0,0,0,0,0,0,0,0,16.701904841831762,86.73238009498233,1.6426190364928472,2.0621818087317725,1.7390812831906244,196876111,2465227802806.76,1.92117598576537,5.40349914036997,62.5192932018235,0,0
Brazil,2012,12,18,0.03509999585197734,-3.349554266687608,0.0032631443623035105,0,0,0,0,0,0,0,0,0,0,0,0,0,17.306999826431277,88.24550018310548,1.7045500040054304,2.079247599556332,0.8275599538459355,196876111,2465227802806.76,1.92117598576537,5.40349914036997,62.5192932018235,0,0
Brazil,2013,1,21,0.04944066929423816,-3.0069819284195156,-9.396854707181671e-4,1,1,200000,2764,4,1,0,0,0,0,0,1,1,13.505238124302462,94.82857077462332,1.8900000084014166,2.0306409109722483,-2.3377056486421077,198478299,2472819535557.21,3.00482266944432,6.20431066640101,64.2305738283777,0.10076668381766009,1.1177524118747214e-4
Brazil,2013,2,18,0.03322908521244564,-3.4043297259609897,-0.0022161633266875535,0,0,0,0,0,0,0,0,0,0,0,0,0,14.072631635163958,95.3215789794922,1.9674210485659147,1.972535002231597,-2.8614566182866286,198478299,2472819535557.21,3.00482266944432,6.20431066640101,64.2305738283777,0,0
Brazil,2013,3,20,0.05120092084628873,-2.971997761819331,-9.42230104572772e-4,1,1,1510,2073,30,1,0,0,0,0,0,1,1,13.03150000572205,92.95699920654297,1.94549999833107,1.9836545532399958,0.5637188184655306,198478299,2472819535557.21,3.00482266944432,6.20431066640101,64.2305738283777,7.607884628233337e-4,8.383143089060411e-5
Brazil,2013,4,22,0.06802161582386328,-2.6879297445564023,-3.579307852383007e-4,0,0,0,0,0,0,0,0,0,0,0,0,0,13.967272715135058,92.06772752241655,1.731181794946843,1.9974817850373014,0.6970584558042558,198478299,2472819535557.21,3.00482266944432,6.20431066640101,64.2305738283777,0,0
Brazil,2013,5,21,0.045495296578103264,-3.0901463302782948,-0.0020928313281985706,0,0,0,0,0,0,0,0,0,0,0,0,0,13.493636304681955,94.79954598166726,1.9180454611778264,2.0314636338840835,1.7012344793996492,198478299,2472819535557.21,3.00482266944432,6.20431066640101,64.2305738283777,0,0
Brazil,2013,6,20,0.07886330327485354,-2.5400392635725755,-0.005998487963091571,0,0,0,0,0,0,0,0,0,0,0,0,0,17.27149991989137,95.80049934387208,2.289049994945526,2.1622237932114388,6.436746252619185,198478299,2472819535557.21,3.00482266944432,6.20431066640101,64.2305738283777,0,0
Brazil,2013,7,22,0.07524984010745114,-2.5869415001733342,7.381876676967017e-4,0,0,0,0,0,0,0,0,0,0,0,0,0,13.974545652216133,104.69863648848099,2.5659090930765323,2.246969575467317,3.9193807098945044,198478299,2472819535557.21,3.00482266944432,6.20431066640101,64.2305738283777,0,0
Brazil,2013,8,22,0.06772208607989294,-2.6923429177041593,0.0016417648207105054,0,0,0,0,0,0,0,0,0,0,0,0,0,14.209999908100468,106.53909128362481,2.7304545424201265,2.340414274306524,4.158698892029866,198478299,2472819535557.21,3.00482266944432,6.20431066640101,64.2305738283777,0,0
Brazil,2013,9,21,0.06708344435228686,-2.7018179964120215,0.0021685567642679192,1,1,13864,124379,2,0,1,0,0,0,0,1,1,14.692000102996825,106.2354995727539,2.8008000254631047,2.267245466058904,-3.12631866293418,198478299,2472819535557.21,3.00482266944432,6.20431066640101,64.2305738283777,0.0069851465222401975,0.005029845413768668
Brazil,2013,10,23,0.05361740630347708,-2.9258815191555962,0.0015648217697454743,0,0,0,0,0,0,0,0,0,0,0,0,0,15.407826050468104,100.55260799242103,2.5997391161711327,2.183852377391997,-3.6781676230173255,198478299,2472819535557.21,3.00482266944432,6.20431066640101,64.2305738283777,0,0
Brazil,2013,11,19,0.05327624072480897,-2.932264812206062,-0.0017496490377636395,0,0,0,0,0,0,0,0,0,0,0,0,0,12.923999977111816,93.93149986267089,2.7084999799728395,2.290523801531111,4.884552877447845,198478299,2472819535557.21,3.00482266944432,6.20431066640101,64.2305738283777,0,0
Brazil,2013,12,19,0.0404284853969064,-3.2082206583881914,-9.869754159257287e-4,3,3,45900,749035,85,3,0,0,0,0,0,1,1,14.192380905151367,97.89428601946148,2.8920000280652722,2.3434545560316593,2.3108580869217077,198478299,2472819535557.21,3.00482266944432,6.20431066640101,64.2305738283777,0.02312595393615299,0.030290726404796745
Brazil,2014,1,22,0.053180023259793145,-2.934072455788774,-0.0035484530572935857,2,2,27000600,6799615,20,1,0,1,0,0,0,1,1,14.240952400934129,94.85666729155041,2.8421428317115423,2.3763217304063877,1.40250956819854,200085127,2456043727198.85,0.503955740242247,6.32904015516139,66.028510394056,13.49455624455285,0.27685235912941375
Brazil,2014,2,20,0.0630954672246153,-2.7631063468073624,-5.753074564997187e-4,1,1,67500,271985,0,1,0,0,0,0,0,1,1,15.470000116448647,100.67526245117193,2.6972631655241317,2.38125,0.20739067149673218,200085127,2456043727198.85,0.503955740242247,6.32904015516139,66.028510394056,0.03373564093047256,0.011074110651531535
Brazil,2014,3,19,0.058494820712786715,-2.838817063487924,0.00358648134065513,0,0,0,0,0,0,0,0,0,0,0,0,0,14.836666742960618,100.50904737200057,2.716666664396014,2.3230499896136196,-2.444094924362439,200085127,2456043727198.85,0.503955740242247,6.32904015516139,66.028510394056,0,0
Brazil,2014,4,20,0.05471142206028877,-2.905682778550206,0.0011868335854230416,0,0,0,0,0,0,0,0,0,0,0,0,0,14.198095321655277,102.03476206461586,2.6912857123783653,2.2270818190141153,-4.131128087151758,200085127,2456043727198.85,0.503955740242247,6.32904015516139,66.028510394056,0,0
Brazil,2014,5,21,0.053842041084208106,-2.921700684182066,-3.583076532699366e-4,0,0,0,0,0,0,0,0,0,0,0,0,0,12.475238028026752,101.79476165771486,2.551809515271868,2.2167762007032126,-0.4627408936176747,200085127,2456043727198.85,0.503955740242247,6.32904015516139,66.028510394056,0,0
Brazil,2014,6,19,0.04948639288549065,-3.0060575383992134,0.0019450395145929934,1,1,500052,0,11,1,0,0,0,0,0,1,1,11.541428565979004,105.14666748046872,2.592571417490641,2.2307000051845205,0.6281105181881186,200085127,2456043727198.85,0.503955740242247,6.32904015516139,66.028510394056,0.24991962546021723,0
Brazil,2014,7,22,0.04881586567036386,-3.019699902765873,0.002219851637841493,1,1,50000,0,10,1,0,0,0,0,0,1,1,12.296363613822255,102.3918176130815,2.5300000039013946,2.2201739290486215,-0.4718732286472682,200085127,2456043727198.85,0.503955740242247,6.32904015516139,66.028510394056,0.024989363652201894,0
Brazil,2014,8,21,0.05638409706703098,-2.875568127134877,0.0044424103604652,0,0,0,0,0,0,0,0,0,0,0,0,0,13.497142927987234,96.07619040352958,2.4121905167897553,2.262442849931262,1.9038562848431084,200085127,2456043727198.85,0.503955740242247,6.32904015516139,66.028510394056,0,0
Brazil,2014,9,22,0.07789301461284243,-2.552419001334836,-0.005657007930609385,0,0,0,0,0,0,0,0,0,0,0,0,0,13.466666630336219,93.03428540910994,2.5284285545349126,2.330004529519514,2.9862270152063664,200085127,2456043727198.85,0.503955740242247,6.32904015516139,66.028510394056,0,0
Brazil,2014,10,23,0.13495401905409019,-2.0028211581602573,4.1021680601438065e-4,0,0,0,0,0,0,0,0,0,0,0,0,0,18.01608711740246,84.33912924061651,2.288304339284482,2.443818146532231,4.884695096974223,200085127,2456043727198.85,0.503955740242247,6.32904015516139,66.028510394056,0,0
Brazil,2014,11,19,0.07238464349952783,-2.6257611084483146,3.3709484159640844e-5,0,0,0,0,0,0,0,0,0,0,0,0,0,13.41315786462081,75.81000077097039,2.322789455714978,2.539760041236878,3.9259015586240897,200085127,2456043727198.85,0.503955740242247,6.32904015516139,66.028510394056,0,0
Brazil,2014,12,20,0.09257016633118344,-2.3797883670894273,-0.004452118092470859,0,0,0,0,0,0,0,0,0,0,0,0,0,16.311818296259105,59.28954488580878,2.2043636278672656,2.639721735664037,3.935871610078445,200085127,2456043727198.85,0.503955740242247,6.32904015516139,66.028510394056,0,0
Brazil,2015,1,21,0.07781583070525978,-2.5534103889948834,-0.003046417096678157,0,0,0,0,0,0,0,0,0,0,0,0,0,19.11949996948241,47.32550010681152,1.8735500037670145,2.6304499886252657,-0.35123956110619803,201675532,1802212206814.5,-3.54576339269425,9.02990102416136,66.8297006475728,0,0
Brazil,2015,2,18,0.05570560738801099,-2.8876744658769313,0.005277995791186521,0,0,0,0,0,0,0,0,0,0,0,0,0,15.904210492184289,50.724736464651016,1.9698947291625173,2.809119999408721,6.792374367734411,201675532,1802212206814.5,-3.54576339269425,9.02990102416136,66.8297006475728,0,0
Brazil,2015,3,22,0.06769883282210529,-2.6926863396541023,-3.8316674738818123e-4,0,0,0,0,0,0,0,0,0,0,0,0,0,14.812727277929119,47.85409060391514,2.0408181710676714,3.128882605096569,11.383016950331527,201675532,1802212206814.5,-3.54576339269425,9.02990102416136,66.8297006475728,0,0
Brazil,2015,4,20,0.05547765219584693,-2.8917750024582114,0.004733507282366033,3,2,12037,2717,22,1,1,0,0,0,1,1,1,13.494761875697547,54.62809553600491,1.9270952542622881,3.0400954159823317,-2.8376644419197294,201675532,1802212206814.5,-3.54576339269425,9.02990102416136,66.8297006475728,0.005968497953435422,1.5075916086499232e-4
Brazil,2015,5,20,0.053864415329522616,-2.9212852170618704,-0.0031839655097921408,0,0,0,0,0,0,0,0,0,0,0,0,0,13.338500070571884,59.371999931335445,2.1918000221252445,3.0542000248318626,0.4639528343544974,201675532,1802212206814.5,-3.54576339269425,9.02990102416136,66.8297006475728,0,0
Brazil,2015,6,21,0.05151845521818142,-2.965815181754721,2.888438535713078e-4,0,0,0,0,0,0,0,0,0,0,0,0,0,14.339545510031959,59.82863651622426,2.3569090799851855,3.107836365699767,1.7561502335086132,201675532,1802212206814.5,-3.54576339269425,9.02990102416136,66.8297006475728,0,0
Brazil,2015,7,22,0.05398798101108758,-2.9189938310598507,-0.0019383629331090973,1,1,283140,0,3,1,0,0,0,0,0,1,1,14.35272723978216,50.93000013178045,2.3152727105400785,3.2121499993584375,3.3564712354211323,201675532,1802212206814.5,-3.54576339269425,9.02990102416136,66.8297006475728,0.14039382824089935,0
Brazil,2015,8,21,0.07852487371262097,-2.544339841802961,-0.004143654228121463,0,0,0,0,0,0,0,0,0,0,0,0,0,19.42809536343529,42.88904771350679,2.1617619083041233,3.506722721186551,9.170578020545372,201675532,1802212206814.5,-3.54576339269425,9.02990102416136,66.8297006475728,0,0
Brazil,2015,9,21,0.07173502856225877,-2.6347761072683618,-0.0016278849204460872,0,0,0,0,0,0,0,0,0,0,0,0,0,24.3771428607759,45.46523829868861,2.1681904679252977,3.8956818255511196,11.09181236413692,201675532,1802212206814.5,-3.54576339269425,9.02990102416136,66.8297006475728,0,0
Brazil,2015,10,21,0.07233816153302812,-2.626403467032887,8.484174049724934e-4,1,1,5370,2717,3,1,0,0,0,0,0,1,1,16.789545449343585,46.28954540599476,2.0591818473555823,3.8719047591799796,-0.6103441563217626,201675532,1802212206814.5,-3.54576339269425,9.02990102416136,66.8297006475728,0.0026626928644968195,1.5075916086499232e-4
Brazil,2015,11,19,0.07628308906725034,-2.5733040026455147,-8.665210758111537e-4,0,0,0,0,0,0,0,0,0,0,0,0,0,16.209999990463267,42.92300014495849,2.264849996566773,3.778652361461095,-2.4084372813610755,201675532,1802212206814.5,-3.54576339269425,9.02990102416136,66.8297006475728,0,0
Brazil,2015,12,20,0.0710511002728935,-2.644355938663176,-0.002000945198162629,1,1,9000,0,0,1,0,0,0,0,0,1,1,18.02545473792337,37.32727258855646,2.2386817823756817,3.8680956674658735,2.3670689295745007,201675532,1802212206814.5,-3.54576339269425,9.02990102416136,66.8297006475728,0.004462613739380145,0
Brazil,2016,1,19,0.08007928832655976,-2.5247380310456338,-0.0037014954965895117,1,1,50500,134139,3,1,0,0,0,0,0,1,1,23.717894805105114,31.775789461637792,2.075210539918197,4.042838073912121,4.517530626659161,203218114,1795693482853.01,-3.27591690782192,8.73914352329393,62.1940069633522,0.024850146970658335,0.007470038805669609
Brazil,2016,2,19,0.09303553552823947,-2.3747737563572455,0.003022085108074143,0,0,0,0,0,0,0,0,0,0,0,0,0,22.516999816894526,30.6164999961853,1.7770000040531155,3.958138091223581,-2.09506245711637,203218114,1795693482853.01,-3.27591690782192,8.73914352329393,62.1940069633522,0,0
Brazil,2016,3,22,0.11590019985140682,-2.1550258042944592,0.007123840683031298,1,1,0,134139,30,1,0,0,0,0,0,1,1,15.849090966311369,37.96090906316584,1.886090912602164,3.7044583459695177,-6.409067581966122,203218114,1795693482853.01,-3.27591690782192,8.73914352329393,62.1940069633522,0,0.007470038805669609
Brazil,2016,4,20,0.08678758033203232,-2.444291751285633,0.0037106068927166727,0,0,0,0,0,0,0,0,0,0,0,0,0,14.300476255870995,41.12476185389927,1.7991428602309452,3.55154001712799,-4.127953794052086,203218114,1795693482853.01,-3.27591690782192,8.73914352329393,62.1940069633522,0,0
Brazil,2016,5,21,0.06637999657864449,-2.712359524232273,-0.005064201289671068,0,0,0,0,0,0,0,0,0,0,0,0,0,14.852857044764919,46.7966666448684,1.802619042850676,3.5308521726857074,-0.5825034870087675,203218114,1795693482853.01,-3.27591690782192,8.73914352329393,62.1940069633522,0,0
Brazil,2016,6,22,0.07830590421773573,-2.5471322737485607,0.0027781650222360454,0,0,0,0,0,0,0,0,0,0,0,0,0,17.77454549616033,48.85318166559393,1.6401363611221305,3.4135454784740107,-3.3223337731091873,203218114,1795693482853.01,-3.27591690782192,8.73914352329393,62.1940069633522,0,0
Brazil,2016,7,21,0.04378384743221964,-3.1284903097021446,0.005063537519011637,0,0,0,0,0,0,0,0,0,0,0,0,0,13.15850005149842,44.79949970245361,1.498950004577638,3.27619997660319,-4.023543929235107,203218114,1795693482853.01,-3.27591690782192,8.73914352329393,62.1940069633522,0,0
Brazil,2016,8,23,0.05030942467436165,-2.9895628501562697,4.475837198194165e-4,0,0,0,0,0,0,0,0,0,0,0,0,0,12.399565240611205,44.79913081293521,1.5546086871105695,3.20576522661292,-2.1498916578131966,203218114,1795693482853.01,-3.27591690782192,8.73914352329393,62.1940069633522,0,0
Brazil,2016,9,21,0.068005918749706,-2.6881605371569766,3.817145734614037e-4,0,0,0,0,0,0,0,0,0,0,0,0,0,14.2195237931751,45.225714365641274,1.6291904790060858,3.2508238043103885,1.4055482704538491,203218114,1795693482853.01,-3.27591690782192,8.73914352329393,62.1940069633522,0,0
Brazil,2016,10,20,0.041452735522045675,-3.1832014038716827,0.005324104795957485,0,0,0,0,0,0,0,0,0,0,0,0,0,14.58523804800851,49.86949996948243,1.7560952334176934,3.188033308301654,-1.9315256620638266,203218114,1795693482853.01,-3.27591690782192,8.73914352329393,62.1940069633522,0,0
Brazil,2016,11,20,0.089966435886535,-2.4083186128033276,-0.0023807826011301714,0,0,0,0,0,0,0,0,0,0,0,0,0,15.236190387180876,45.881999778747556,2.1383000135421755,3.343927285887978,4.889973300478867,203218114,1795693482853.01,-3.27591690782192,8.73914352329393,62.1940069633522,0,0
Brazil,2016,12,21,0.06731056551655713,-2.6984380633225893,-0.001309349941730496,0,0,0,0,0,0,0,0,0,0,0,0,0,12.472380956014,52.16571499052502,2.486571436836605,3.3582363562150443,0.42791212558519476,203218114,1795693482853.01,-3.27591690782192,8.73914352329393,62.1940069633522,0,0
Brazil,2017,1,21,0.05953196708510934,-2.8212418487694624,0.003390101033787541,0,0,0,0,0,0,0,0,0,0,0,0,0,11.60850000381469,52.608499717712405,2.4257999897003177,3.196445432576266,-4.817734860720979,204703445,2063514977365.65,1.32286905404399,3.44637335032669,59.4843092973742,0,0
Brazil,2017,2,18,0.043457633102762426,-3.135968767147234,0.0016845664983558988,0,0,0,0,0,0,0,0,0,0,0,0,0,11.530526361967384,53.46210560045745,2.418421055141248,3.10172997713089,-2.9631494559579363,204703445,2063514977365.65,1.32286905404399,3.44637335032669,59.4843092973742,0,0
Brazil,2017,3,23,0.061696654250865936,-2.7855255756210506,-0.0011084343339634445,0,0,0,0,0,0,0,0,0,0,0,0,0,11.897826111834982,49.67391320933467,2.479043473368106,3.124682633773141,0.7399953191116415,204703445,2063514977365.65,1.32286905404399,3.44637335032669,59.4843092973742,0,0
Brazil,2017,4,18,0.04366483671009523,-3.1312121527296344,3.570579567813644e-4,0,0,0,0,0,0,0,0,0,0,0,0,0,13.136315847698011,51.11736899928044,2.2926315759357663,3.1378999891735253,0.4229983313353003,204703445,2063514977365.65,1.32286905404399,3.44637335032669,59.4843092973742,0,0
Brazil,2017,5,22,0.10851943750226546,-2.2208259745603,-0.001910511732859196,1,1,104140,131341,14,1,0,0,0,0,0,1,1,10.862272782759232,48.539545752785415,2.3024545691230083,3.2031043405118202,2.077961425260999,204703445,2063514977365.65,1.32286905404399,3.44637335032669,59.4843092973742,0.05087359423775208,0.006364916244401297
Brazil,2017,6,21,0.037782964768629516,-3.2758969454342854,1.432996599324062e-4,0,0,0,0,0,0,0,0,0,0,0,0,0,10.513636328957297,45.19590950012207,2.185136372392828,3.2881428627740763,2.6548783062330106,204703445,2063514977365.65,1.32286905404399,3.44637335032669,59.4843092973742,0,0
Brazil,2017,7,21,0.032783890366221737,-3.4178180316157047,0.002233129614039071,0,0,0,0,0,0,0,0,0,0,0,0,0,10.264499998092646,46.67500038146972,2.3130499958992004,3.19447143872579,-2.8487638146372785,204703445,2063514977365.65,1.32286905404399,3.44637335032669,59.4843092973742,0,0
Brazil,2017,8,23,0.039553040331795616,-3.230112714605599,0.0031265801404390704,0,0,0,0,0,0,0,0,0,0,0,0,0,11.975652155668834,48.05782566899839,2.2079130151997446,3.1517174243926998,-1.3383752258603332,204703445,2063514977365.65,1.32286905404399,3.44637335032669,59.4843092973742,0,0
Brazil,2017,9,20,0.038021894215310645,-3.2695931216134415,0.0023838482965215842,0,0,0,0,0,0,0,0,0,0,0,0,0,10.437999963760376,49.87699985504148,2.201450026035309,3.136870002746582,-0.4710898740859837,204703445,2063514977365.65,1.32286905404399,3.44637335032669,59.4843092973742,0,0
Brazil,2017,10,21,0.046993128814993936,-3.0577538833853324,8.972512733896954e-6,0,0,0,0,0,0,0,0,0,0,0,0,0,10.125454512509439,51.59454588456586,2.3578636104410347,3.1871272650632,1.6021467983248883,204703445,2063514977365.65,1.32286905404399,3.44637335032669,59.4843092973742,0,0
Brazil,2017,11,19,0.06285242239457961,-2.7669658022132113,-0.0016818609172440883,0,0,0,0,0,0,0,0,0,0,0,0,0,10.540476163228348,56.662857418968564,2.3540952432723277,3.255647602535429,2.149909048921206,204703445,2063514977365.65,1.32286905404399,3.44637335032669,59.4843092973742,0,0
Brazil,2017,12,20,0.04057614110211081,-3.2045750426963227,0.0029872806869393636,0,0,0,0,0,0,0,0,0,0,0,0,0,10.264500045776375,57.94699993133545,2.4029999732971206,3.2932428405398415,1.1547698828071606,204703445,2063514977365.65,1.32286905404399,3.44637335032669,59.4843092973742,0,0
Brazil,2018,1,21,0.057200557662290714,-2.8611916313031625,0.005029444241634265,0,0,0,0,0,0,0,0,0,0,0,0,0,11.062381017775765,63.65904780796596,2.582904770260765,3.2160391600235645,-2.3443057270450596,206107261,1916933898010.99,1.783666761634,3.66485028376729,60.2183479381776,0,0
Brazil,2018,2,18,0.062087183500433664,-2.7792156961991297,3.7038478393597866e-4,1,1,250,12821,4,1,0,0,0,0,0,1,1,22.464736637316257,62.183684298866666,2.860526335866827,3.2437250256538386,0.8608684239426845,206107261,1916933898010.99,1.783666761634,3.66485028376729,60.2183479381776,1.2129606632344699e-4,6.688284876856247e-4
Brazil,2018,3,21,0.03851089973807107,-3.256813967676727,-6.410637943011179e-5,1,1,1000,55130,3,1,0,0,0,0,0,1,1,19.023809750874843,62.771904899960475,2.843285708200363,3.2749227285385145,0.9617862993299697,206107261,1916933898010.99,1.783666761634,3.66485028376729,60.2183479381776,4.8518426529378796e-4,0.002875946847056274
Brazil,2018,4,21,0.04689130113485296,-3.059923097601672,4.159865347746562e-4,0,0,0,0,0,0,0,0,0,0,0,0,0,18.26761904216949,66.32523781912666,2.866095259076073,3.402686379172585,3.901272219973473,206107261,1916933898010.99,1.783666761634,3.66485028376729,60.2183479381776,0,0
Brazil,2018,5,21,0.07890721893364062,-2.539482560592747,-0.005479909995934205,0,0,0,0,0,0,0,0,0,0,0,0,0,14.124545487490574,69.98318099975587,2.978090903975746,3.6288608571757437,6.646938706650851,206107261,1916933898010.99,1.783666761634,3.66485028376729,60.2183479381776,0,0
Brazil,2018,6,21,0.06914492070848932,-2.6715506768086805,-0.002542758006062619,0,0,0,0,0,0,0,0,0,0,0,0,0,13.678095318022233,67.32285672142392,2.9132857209160212,3.7768449902534487,4.077977605150651,206107261,1916933898010.99,1.783666761634,3.66485028376729,60.2183479381776,0,0
Brazil,2018,7,21,0.04838298715324806,-3.0286070321501293,0.004048628949904485,0,0,0,0,0,0,0,0,0,0,0,0,0,13.147619065784276,70.581905183338,2.8903333118983676,3.825004370316215,1.275121965212933,206107261,1916933898010.99,1.783666761634,3.66485028376729,60.2183479381776,0,0
Brazil,2018,8,23,0.07061242063735575,-2.6505492202491685,-0.0014179981207360546,0,0,0,0,0,0,0,0,0,0,0,0,0,12.546956518422009,67.84521782916526,2.889130447221838,3.923204552043569,2.5673220791440743,206107261,1916933898010.99,1.783666761634,3.66485028376729,60.2183479381776,0,0
Brazil,2018,9,19,0.05695598211294178,-2.865476553113902,0.0017975151219654952,0,0,0,0,0,0,0,0,0,0,0,0,0,12.910526325828153,70.0847372757761,3.0047368501362044,4.10412379673549,4.611516995658094,206107261,1916933898010.99,1.783666761634,3.66485028376729,60.2183479381776,0,0
Brazil,2018,10,22,0.09766949661765797,-2.3261659834455446,0.004409191898821971,0,0,0,0,0,0,0,0,0,0,0,0,0,19.352173639380407,70.75782610022503,3.1558695254118545,3.764249996705489,-8.281275538041621,206107261,1916933898010.99,1.783666761634,3.66485028376729,60.2183479381776,0,0
Brazil,2018,11,19,0.05952229643495872,-2.8214043066249976,0.0012375511848041754,1,0,300,0,15,0,0,0,0,0,1,1,0,19.389047622680668,56.693332853771395,3.1186190446217847,3.772268208590421,0.2130095475048055,206107261,1916933898010.99,1.783666761634,3.66485028376729,60.2183479381776,1.455552795881364e-4,0
Brazil,2018,12,18,0.047725952569232136,-3.042279950025625,-0.0010128565889789465,0,0,0,0,0,0,0,0,0,0,0,0,0,24.953157726087074,48.77736924823962,2.8335263352645086,3.8831619194575717,2.9397090751558386,206107261,1916933898010.99,1.783666761634,3.66485028376729,60.2183479381776,0,0
Brazil,2019,1,21,0.055296768434460984,-2.8950408091512108,0.004891081366209147,2,2,10012195,0,4,1,0,0,1,0,0,1,1,19.57238079252696,51.550476255871,2.707285688036965,3.744713036910348,-3.5653646543423845,207455459,1873288205059.69,1.22077782360842,3.73297621216894,62.790505078946,4.82619018475672,0
Brazil,2019,2,20,0.05911513456013038,-2.8282683034262206,-9.379582537310856e-4,0,0,0,0,0,0,0,0,0,0,0,0,0,15.23473684411299,54.98052597045898,2.6755789330131132,3.713704991340636,-0.8280486452253211,207455459,1873288205059.69,1.22077782360842,3.73297621216894,62.790505078946,0,0
Brazil,2019,3,19,0.07157495307743032,-2.637010083570226,-9.313911762217418e-5,1,1,1306,0,12,1,0,0,0,0,0,1,1,14.485238075256353,58.16809517996651,2.5708571388607937,3.829022710973567,3.10519332854442,207455459,1873288205059.69,1.22077782360842,3.73297621216894,62.790505078946,6.295327229735613e-4,0
Brazil,2019,4,21,0.04854863165172742,-3.025189268952443,4.6584438373075744e-4,1,1,4500,0,10,1,0,0,0,0,0,1,1,12.949047588166739,63.87095260620117,2.529999994096302,3.896022709933194,1.749793720669568,207455459,1873288205059.69,1.22077782360842,3.73297621216894,62.790505078946,0.002169140316524522,0
Brazil,2019,5,22,0.0581327246963558,-2.8450265259029535,3.182580990902613e-4,0,0,0,0,0,0,0,0,0,0,0,0,0,16.721818056973536,60.865454413674094,2.3938636021180586,3.995723849251157,2.55904923407575,207455459,1873288205059.69,1.22077782360842,3.73297621216894,62.790505078946,0,0
Brazil,2019,6,19,0.04369468602250626,-3.130528785590278,0.002093343249580682,1,1,30000,0,7,1,0,0,0,0,0,1,1,15.8359998703003,54.70650024414063,2.0719000101089478,3.860190471013387,-3.391960589648113,207455459,1873288205059.69,1.22077782360842,3.73297621216894,62.790505078946,0.014460935443496813,0
Brazil,2019,7,22,0.03912804813639324,-3.2409157255170182,3.788292992102621e-4,1,1,0,0,12,1,0,0,0,0,0,1,1,13.305909070101654,57.54636383056641,2.0548181750557633,3.7793608748394507,-2.093927664473949,207455459,1873288205059.69,1.22077782360842,3.73297621216894,62.790505078946,0,0
Brazil,2019,8,22,0.07081339537655006,-2.647707095944812,-3.032598798549718e-4,0,0,0,0,0,0,0,0,0,0,0,0,0,18.97909090735696,54.844090548428625,1.6237272782759227,4.0201285907200415,6.370593437728234,207455459,1873288205059.69,1.22077782360842,3.73297621216894,62.790505078946,0,0
Brazil,2019,9,21,0.030744624805502073,-3.4820401030825514,0.001670122236240481,0,0,0,0,0,0,0,0,0,0,0,0,0,15.55899987220764,56.96700000762939,1.6934499919414514,4.121104543859309,2.5117592848238113,207455459,1873288205059.69,1.22077782360842,3.73297621216894,62.790505078946,0,0
Brazil,2019,10,23,0.05275120192177706,-2.9421687216385823,0.001015390149273157,0,0,0,0,0,0,0,0,0,0,0,0,0,15.466521760691766,54.00565255206564,1.7043043478675517,4.086862043900924,-0.8309058795756163,207455459,1873288205059.69,1.22077782360842,3.73297621216894,62.790505078946,0,0
Brazil,2019,11,19,0.03974573850045747,-3.225252651164596,4.949216984536594e-4,2,2,972,0,2,2,0,0,0,0,0,1,1,12.52349996566773,57.07000007629395,1.8174500107765195,4.147523857298351,1.4843127256511268,207455459,1873288205059.69,1.22077782360842,3.73297621216894,62.790505078946,4.685343083692968e-4,0
Brazil,2019,12,19,0.031145107100656814,-3.469098121506638,0.003631236181149782,0,0,0,0,0,0,0,0,0,0,0,0,0,13.75666663760231,59.80476197742282,1.8619523729596814,4.110700954090465,-0.8878286050866047,207455459,1873288205059.69,1.22077782360842,3.73297621216894,62.790505078946,0,0
Brazil,2020,1,22,0.05956996223772105,-2.820603821256111,-8.718200754343733e-4,2,2,11012,4104969,61,1,0,1,0,0,0,1,1,13.940952437264567,57.52857190086728,1.7543333371480294,4.132255906644075,0.5243619712147041,208660842,1476107231310.49,-3.2767587964736,3.21176803803376,68.6961548470609,0.005277463607666262,0.2780942273655555
Brazil,2020,2,18,0.0898526509217966,-2.4095841623280707,-0.004892020958590514,2,2,810,62196,9,2,0,0,0,0,0,1,1,19.628947358382383,50.54210502222964,1.5016315861752147,4.339968609809875,5.026617611746365,208660842,1476107231310.49,-3.2767587964736,3.21176803803376,68.6961548470609,3.8818974956499026e-4,0.004213515026600222
Brazil,2020,3,22,0.3671178386856303,-1.0020723961278857,-0.016150454680462722,1,1,5000,93295,60,1,0,0,0,0,0,1,1,57.73681840029629,30.445454597473148,0.8637727255171,4.872921321703039,12.280105222155324,208660842,1476107231310.49,-3.2767587964736,3.21176803803376,68.6961548470609,0.002396233022006113,0.006320340285656116
Brazil,2020,4,20,0.13325333846077056,-2.0155031621354316,0.004879916979049261,0,0,0,0,0,0,0,0,0,0,0,0,0,41.453809647333046,16.699047678992866,0.6521904723984855,5.31448635188016,9.061608038087465,208660842,1476107231310.49,-3.2767587964736,3.21176803803376,68.6961548470609,0,0
Brazil,2020,5,20,0.08866937955580767,-2.4228406628425394,0.004109894560335903,0,0,0,0,0,0,0,0,0,0,0,0,0,30.897000026702877,28.527499961853025,0.6736000031232834,5.614943754105341,5.6535548749482745,208660842,1476107231310.49,-3.2767587964736,3.21176803803376,68.6961548470609,0,0
Brazil,2020,6,21,0.07674509545792234,-2.5672657973850765,0.003996980218961508,1,1,1119,124393,12,0,1,0,0,0,0,1,1,31.119545503096145,38.31363608620384,0.7235454537651757,5.190213918685913,-7.564275868460635,208660842,1476107231310.49,-3.2767587964736,3.21176803803376,68.6961548470609,5.36276950324968e-4,0.008427097798956227
Brazil,2020,7,23,0.06588920315737484,-2.7197806876585258,0.0034525244566548396,0,0,0,0,0,0,0,0,0,0,0,0,0,26.840454621748496,40.76590919494629,0.6154545491391963,5.284039540724322,1.8077409430200309,208660842,1476107231310.49,-3.2767587964736,3.21176803803376,68.6961548470609,0,0
Brazil,2020,8,21,0.06093776514522309,-2.79790217913244,-0.0016682885868204112,0,0,0,0,0,0,0,0,0,0,0,0,0,22.889523824055985,42.38809512910389,0.6447619057836985,5.447845480658791,3.100013515644795,208660842,1476107231310.49,-3.2767587964736,3.21176803803376,68.6961548470609,0,0
Brazil,2020,9,21,0.0639352606499177,-2.7498842599318563,-0.002340524084030583,0,0,0,0,0,0,0,0,0,0,0,0,0,27.64761906578428,39.625714074997674,0.6734761907940819,5.399122693321922,-0.894349656388882,208660842,1476107231310.49,-3.2767587964736,3.21176803803376,68.6961548470609,0,0
Brazil,2020,10,21,0.07286813286957453,-2.619103870386901,-3.2881783221811627e-4,0,0,0,0,0,0,0,0,0,0,0,0,0,29.438636086203847,39.55454531582919,0.7736818167296323,5.621433348882767,4.117532943561675,208660842,1476107231310.49,-3.2767587964736,3.21176803803376,68.6961548470609,0,0
Brazil,2020,11,19,0.07192572076630135,-2.632121348513035,0.00776504302514618,0,0,0,0,0,0,0,0,0,0,0,0,0,24.99550008773804,41.346500396728516,0.8703500032424928,5.451847553253175,-3.0167714371868604,208660842,1476107231310.49,-3.2767587964736,3.21176803803376,68.6961548470609,0,0
Brazil,2020,12,20,0.0444766474039792,-3.1127910049924843,0.0045685895093733105,1,1,339,93295,21,1,0,0,0,0,0,1,1,22.374090974981137,47.06818147139116,0.9281818162311207,5.153822422027588,-5.466497885615896,208660842,1476107231310.49,-3.2767587964736,3.21176803803376,68.6961548470609,1.6246459889201443e-4,0.006320340285656116
Brazil,2021,1,19,0.06718116836884093,-2.700362303332061,-0.0014758466896823642,2,2,107,3608303,2,1,0,1,0,0,0,1,1,24.909999847412127,52.10210559242651,1.068421056396083,5.338946524120512,3.591976729770474,209550294,1670647398904.9,4.76260437908608,8.30165975585673,68.8052246830253,5.106172745336258e-5,0.2159823193311301
Brazil,2021,2,18,0.07302740714269479,-2.6169204679829368,-0.0029362242839875816,1,1,100000,42772,6,1,0,0,0,0,0,1,1,23.140526219418188,59.061052623548,1.2505789556001363,5.402634477615356,1.192893639355841,209550294,1670647398904.9,4.76260437908608,8.30165975585673,68.8052246830253,0.047721240610619234,0.0025602051054002665
Brazil,2021,3,23,0.07051083860155946,-2.651988841951335,0.002532275200284008,2,2,372,0,1,2,0,0,0,0,0,1,1,21.843043534652047,62.35739135742187,1.608391295308652,5.640379905700684,4.400546234811453,209550294,1670647398904.9,4.76260437908608,8.30165975585673,68.8052246830253,1.7752301507150355e-4,0
Brazil,2021,4,20,0.03775849541694819,-3.2765447844481734,9.595756620917937e-4,2,2,469005,47525,0,2,0,0,0,0,0,1,1,17.416190556117478,61.703809828985314,1.6179047652653287,5.5714143344334195,-1.222711455970571,209550294,1670647398904.9,4.76260437908608,8.30165975585673,68.8052246830253,0.22381500452583475,0.0028447055932420196
Brazil,2021,5,21,0.04655556785852062,-3.0671086721320875,0.002845827862156538,0,0,0,0,0,0,0,0,0,0,0,0,0,19.760499858856203,65.15699977874756,1.6156499922275545,5.301833239468662,-4.8386474023058295,209550294,1670647398904.9,4.76260437908608,8.30165975585673,68.8052246830253,0,0
Brazil,2021,6,21,0.03361423972317221,-3.3928055005064914,2.2057570448781054e-4,1,1,2400,15445,2,1,0,0,0,0,0,1,1,16.95681814713911,71.3527287569913,1.5134090889583935,5.024131861600009,-5.237836901420234,209550294,1670647398904.9,4.76260437908608,8.30165975585673,68.8052246830253,0.0011453097746548617,9.244919071567173e-4
Brazil,2021,7,21,0.05607402319442136,-2.8810826183544926,-0.0019161071107943169,0,0,0,0,0,0,0,0,0,0,0,0,0,17.603333518618637,72.43047659737724,1.3084285656611119,5.160040991646904,2.7051266525399686,209550294,1670647398904.9,4.76260437908608,8.30165975585673,68.8052246830253,0,0
Brazil,2021,8,22,0.04970600414533303,-3.0016295454230435,-0.0011412319974862099,0,0,0,0,0,0,0,0,0,0,0,0,0,17.47772723978215,67.71136318553577,1.2778636379675428,5.248369610827901,1.7117813467758314,209550294,1670647398904.9,4.76260437908608,8.30165975585673,68.8052246830253,0,0
Brazil,2021,9,21,0.0766523279758756,-2.5684753026202927,-0.003235260345400363,0,0,0,0,0,0,0,0,0,0,0,0,0,19.824761799403603,71.54476202101934,1.3711904798235204,5.2760091044686055,0.526630090679614,209550294,1670647398904.9,4.76260437908608,8.30165975585673,68.8052246830253,0,0
Brazil,2021,10,20,0.07113605503248534,-2.6431609675770935,-0.0034879859865057476,0,0,0,0,0,0,0,0,0,0,0,0,0,17.869047573634546,81.22285752069382,1.577190478642782,5.53299994468689,4.870932462959954,209550294,1670647398904.9,4.76260437908608,8.30165975585673,68.8052246830253,0,0
Brazil,2021,11,20,0.06253695582700794,-2.771997603752617,-7.721070979402009e-4,1,1,1036166,495444,51,1,0,0,0,0,0,1,1,18.500476246788384,78.65380932035902,1.5566190424419586,5.556549960916693,0.4256283474648681,209550294,1670647398904.9,4.76260437908608,8.30165975585673,68.8052246830253,0.4944712699854289,0.029655808899278255
Brazil,2021,12,21,0.05605566891161963,-2.8814099943174676,0.0013392638564038255,0,0,0,0,0,0,0,0,0,0,0,0,0,21.354545506564055,71.69000070745295,1.4618636315519173,5.654038118279498,1.7544727942430338,209550294,1670647398904.9,4.76260437908608,8.30165975585673,68.8052246830253,0,0
Brazil,2022,1,21,0.054183097897315284,-2.9153862660838983,0.0033187379368647004,3,3,3044,4578522,50,2,0,1,0,0,0,1,1,23.18100004196167,82.97900009155273,1.7624000012874594,5.537409055800666,-2.062756918843023,210306415,1951923942083.32,3.01669435393015,9.28010608956873,70.6060973782971,0.0014474118633043124,0.23456456992444435
Brazil,2022,2,19,0.03222440689569342,-3.435031135424992,3.5192088307938406e-4,1,1,16083,29702,272,1,0,0,0,0,0,1,1,25.748421116879125,91.62894680625516,1.9378420992901448,5.197917795181275,-6.130868375413945,210306415,1951923942083.32,3.01669435393015,9.28010608956873,70.6060973782971,0.007647412942681753,0.001521678143273276
Brazil,2022,3,22,0.06135924770766167,-2.791009382303678,0.0026745337473249677,1,1,800,0,8,1,0,0,0,0,0,1,1,26.968695682028066,108.26217385996941,2.1286087036132817,4.9768932461738595,-4.252174769141526,210306415,1951923942083.32,3.01669435393015,9.28010608956873,70.6060973782971,3.803973359538272e-4,0
Brazil,2022,4,19,0.053193267768885846,-2.9338234363397553,-0.005605315266576389,1,1,31500,149611,23,1,0,0,0,0,0,1,1,24.373500156402585,101.64049949645995,2.747150003910064,4.732740020751954,-4.9057356335622915,210306415,1951923942083.32,3.01669435393015,9.28010608956873,70.6060973782971,0.014978145103181946,0.007664796602695377
Brazil,2022,5,22,0.05900535933422681,-2.830127003028437,0.0014411343184329481,2,2,68304,607243,119,2,0,0,0,0,0,1,1,29.445714587257022,109.25952293759302,2.899571430115473,4.950854425844939,4.608628492936551,210306415,1951923942083.32,3.01669435393015,9.28010608956873,70.6060973782971,0.032478324543737766,0.031109972417874013
Brazil,2022,6,21,0.05938283193260124,-2.8237501190929097,-0.005819262910397629,0,0,0,0,0,0,0,0,0,0,0,0,0,28.100000018165233,114.33904811314167,3.140523796989804,5.0562920787117696,2.1296859854414985,210306415,1951923942083.32,3.01669435393015,9.28010608956873,70.6060973782971,0,0
Brazil,2022,7,21,0.04676279792184725,-3.062667308371797,0.002183180714332369,1,1,67500,290420,12,1,0,0,0,0,0,1,1,24.86850004196167,99.38449974060059,2.891750001907348,5.367623805999756,6.157312956638106,210306415,1951923942083.32,3.01669435393015,9.28010608956873,70.6060973782971,0.03209602522110417,0.014878653503785092
Brazil,2022,8,23,0.05876147816790933,-2.8342687719699047,0.002600214114128749,0,0,0,0,0,0,0,0,0,0,0,0,0,22.169565366662077,91.48260862930961,2.8993043173914375,5.142997327058213,-4.184840202297013,210306415,1951923942083.32,3.01669435393015,9.28010608956873,70.6060973782971,0,0
Brazil,2022,9,21,0.06632213095808438,-2.7132316372164706,2.2295714328854984e-4,0,0,0,0,0,0,0,0,0,0,0,0,0,27.40619041806175,83.8019049508231,3.5168095316205696,5.2264333225431905,1.6223223575483114,210306415,1951923942083.32,3.01669435393015,9.28010608956873,70.6060973782971,0,0
Brazil,2022,10,20,0.08194449680582686,-2.501713129118224,0.0026546216446853054,0,0,0,0,0,0,0,0,0,0,0,0,0,30.0057144165039,87.0309524536133,3.9708095050993424,5.263059933980307,0.7007955363963925,210306415,1951923942083.32,3.01669435393015,9.28010608956873,70.6060973782971,0,0
Brazil,2022,11,20,0.07728658745869472,-2.5602348512679827,-0.0015540168154370981,2,2,20500,0,42,2,0,0,0,0,0,1,1,23.436190650576634,84.38571457635788,3.8860476471128913,5.2736499526283955,0.20121409941991075,210306415,1951923942083.32,3.01669435393015,9.28010608956873,70.6060973782971,0.009747681733816821,0
Brazil,2022,12,21,0.060488147281073046,-2.8053078458482794,-0.001050791675487076,1,1,16350,0,2,1,0,0,0,0,0,1,1,21.7842856815883,76.51809510730561,3.61857142902556,5.243231773376466,-0.5767955690113458,210306415,1951923942083.32,3.01669435393015,9.28010608956873,70.6060973782971,0.007774370553556343,0
Brazil,2023,1,22,0.06453252151874728,-2.740585972658374,0.0014237541472435142,1,1,180,10566,5,1,0,0,0,0,0,1,1,20.202999973297132,78.16400032043458,3.5390500068664554,5.201767054471103,-0.7908236884722086,211140729,2191131765684.63,3.24165532906981,4.59356282283204,71.0755405509113,8.525119755554126e-5,4.8221654970615613e-4
Brazil,2023,2,18,0.0523339483400731,-2.9501100106498477,-0.004376234122011169,1,1,4025,31698,67,1,0,0,0,0,0,1,1,20.062105379606546,76.86052583393297,3.7481578902194372,5.168007588386536,-0.6489999596492879,211140729,2191131765684.63,3.24165532906981,4.59356282283204,71.0755405509113,0.001906311500894742,0.0014466496491184683
Brazil,2023,3,23,0.05647929604939927,-2.873881149589425,-0.0012824887155293548,6,6,631021,2815796,17,5,0,1,0,0,0,1,1,21.644347895746655,73.37260934580928,3.6646086962326714,5.20908264491869,0.7947948184994447,211140729,2191131765684.63,3.24165532906981,4.59356282283204,71.0755405509113,0.29886275518164,0.12850874804054474
Brazil,2023,4,18,0.05391933663881902,-2.9202661151462896,0.0013733811686628245,2,2,10398,0,0,1,1,0,0,0,0,1,1,17.8178946344476,79.43842155054998,3.462578949175384,5.016633374350412,-3.694494476028476,211140729,2191131765684.63,3.24165532906981,4.59356282283204,71.0755405509113,0.0049246775121251,0
Brazil,2023,5,22,0.05002975451242378,-2.9951373603015017,0.0016678243757185418,0,0,0,0,0,0,0,0,0,0,0,0,0,17.644090999256488,71.62090925736862,3.5740454522046186,4.978230455647345,-0.7655117653089349,211140729,2191131765684.63,3.24165532906981,4.59356282283204,71.0755405509113,0,0
Brazil,2023,6,21,0.04817437424915245,-3.032928053885891,0.004104445846629171,1,1,11100,216600,17,1,0,0,0,0,0,1,1,13.994285628909152,70.27428545270648,3.7471904868171313,4.850006557646251,-2.575692289529008,211140729,2191131765684.63,3.24165532906981,4.59356282283204,71.0755405509113,0.005257157182591711,0.009885302353431139
Brazil,2023,7,21,0.04838652777206341,-3.02853385582348,0.0015300991191697813,1,1,20000,0,14,1,0,0,0,0,0,1,1,13.94399991035461,76.03449974060058,3.8950000286102306,4.7998363321477715,-1.0344362404909435,211140729,2191131765684.63,3.24165532906981,4.59356282283204,71.0755405509113,0.00947235528394903,0
Brazil,2023,8,23,0.04113777754890931,-3.190828417876507,-0.002269136797107052,0,0,0,0,0,0,0,0,0,0,0,0,0,15.853912975477135,81.32086977751358,4.167434816775114,4.907317389612612,2.239265050455308,211140729,2191131765684.63,3.24165532906981,4.59356282283204,71.0755405509113,0,0
Brazil,2023,9,20,0.04369422436489507,-3.130539351178272,3.542740611164769e-4,1,1,341924,744892,46,0,1,0,0,0,0,1,1,15.241000032424925,89.43050003051758,4.375349998474121,4.941924977302551,0.7052241569537099,211140729,2191131765684.63,3.24165532906981,4.59356282283204,71.0755405509113,0.1619412804054494,0.033995764730618785
Brazil,2023,10,21,0.043764412839174344,-3.1289342841067596,-0.0014184625529102745,1,1,26509,1268,0,1,0,0,0,0,0,1,1,18.887727303938444,85.46681837602095,4.79795451597734,5.057842297987505,2.3455904575108377,211140729,2191131765684.63,3.24165532906981,4.59356282283204,71.0755405509113,0.012555133311110241,5.786963704594037e-5
Brazil,2023,11,20,0.04762881338122051,-3.044317377744027,0.005906432572251941,2,2,194363,248297,5,1,1,0,0,0,0,1,1,14.077142897106343,77.37666720435733,4.50476192292713,4.898838910189543,-3.143699989642401,211140729,2191131765684.63,3.24165532906981,4.59356282283204,71.0755405509113,0.09205376950270926,0.011331906364034588
Brazil,2023,12,19,0.037218790475900126,-3.2909415249134653,0.0027594447186733402,0,0,0,0,0,0,0,0,0,0,0,0,0,12.71849999427795,72.12350006103514,4.022749972343445,4.897270929245723,-0.032007195430705515,211140729,2191131765684.63,3.24165532906981,4.59356282283204,71.0755405509113,0,0
Brazil,2024,1,22,0.035119532876447306,-3.3489978110882075,-0.0022331163763393233,4,4,924600,6332351,23,2,1,1,0,0,0,1,1,13.395238149733762,73.86095210484096,4.054714282353719,4.906248196311617,0.18331162795759415,211998573,2185821610689.31,3.41931516501906,4.36746407652337,75.6308730941359,0.43613501115406095,0.2897011800520657
Brazil,2024,2,19,0.038723542964524495,-3.251307518576863,5.19818240291003e-4,3,3,29696,0,9,2,1,0,0,0,0,1,1,13.944000101089475,76.61000022888183,4.211700010299683,4.95659909929548,1.026260820268221,211998573,2185821610689.31,3.41931516501906,4.36746407652337,75.6308730941359,0.014007641457096034,0
Brazil,2024,3,20,0.02901644917533821,-3.5398923968574234,-3.554692445398187e-4,1,1,7708,143684,34,1,0,0,0,0,0,1,1,13.78749990463257,80.40499992370606,4.20809998512268,4.978272156281904,0.43725660583493475,211998573,2185821610689.31,3.41931516501906,4.36746407652337,75.6308730941359,0.003635873530148715,0.006573455001878608
Brazil,2024,4,22,0.03711554360542727,-3.293719432004265,-7.808861749081043e-4,1,1,2323,307894,0,1,0,0,0,0,0,1,1,16.13772708719427,84.39409117265183,4.538318135521629,5.125022758137096,2.9478220002498556,211998573,2185821610689.31,3.41931516501906,4.36746407652337,75.6308730941359,0.0010957620927005013,0.014085961932772
Brazil,2024,5,21,0.028738328640353843,-3.549523554498501,-0.0014692642571045758,1,1,2399061,7184190,209,1,0,0,0,0,0,1,1,13.090454535050823,78.6213642467152,4.481954509561712,5.134007280523126,0.1753069754034886,211998573,2185821610689.31,3.41931516501906,4.36746407652337,75.6308730941359,1.1316401643892198,0.3286722926000548
Brazil,2024,6,20,0.03419374697910104,-3.375712488498666,7.353641624104231e-4,0,0,0,0,0,0,0,0,0,0,0,0,0,12.676842037000158,78.69842127749794,4.305105234447279,5.384107953026181,4.871451457652998,211998573,2185821610689.31,3.41931516501906,4.36746407652337,75.6308730941359,0,0
Brazil,2024,7,23,0.03016831829369115,-3.5009629683759864,0.00129463161705106,0,0,0,0,0,0,0,0,0,0,0,0,0,14.470000050284641,80.4813638166948,4.246090910651467,5.538574094357698,2.868927270388366,211998573,2185821610689.31,3.41931516501906,4.36746407652337,75.6308730941359,0,0
Brazil,2024,8,22,0.0365090971163484,-3.3101938133834996,0.002880749348260588,0,0,0,0,0,0,0,0,0,0,0,0,0,19.31227272207087,75.4336367520419,3.8704091093756947,5.550028573899042,0.20681278874670195,211998573,2185821610689.31,3.41931516501906,4.36746407652337,75.6308730941359,0,0
Brazil,2024,9,21,0.035188219521687596,-3.3470439250728146,-0.0014893945863385446,0,0,0,0,0,0,0,0,0,0,0,0,0,17.768999814987193,69.37249946594238,3.7196500062942506,5.545121366327459,-0.08841769922881548,211998573,2185821610689.31,3.41931516501906,4.36746407652337,75.6308730941359,0,0
Brazil,2024,10,23,0.02917891544643711,-3.5343089042808686,-6.992475283716407e-4,0,0,0,0,0,0,0,0,0,0,0,0,0,19.960869581803042,71.56173838739811,4.092913036761077,5.61185511675748,1.2034678056869863,211998573,2185821610689.31,3.41931516501906,4.36746407652337,75.6308730941359,0,0
Brazil,2024,11,19,0.046453552556857555,-3.0693023353366624,-0.001667410989441757,0,0,0,0,0,0,0,0,0,0,0,0,0,16.12100005149841,69.54399986267089,4.3548500776290915,5.783444086710613,3.0576158219187244,211998573,2185821610689.31,3.41931516501906,4.36746407652337,75.6308730941359,0,0
Brazil,2024,12,19,0.05552236218862244,-2.890969417063626,-0.002305063641654814,1,1,200,0,0,0,1,0,0,0,0,1,1,15.79200010299683,69.59650001525878,4.382350015640259,6.098622690547597,5.449669766172915,211998573,2185821610689.31,3.41931516501906,4.36746407652337,75.6308730941359,9.434025765824376e-5,0
India,2010,1,18,0.04384789310853058,-3.1270286090142685,-0.003935370121672716,1,1,0,0,100,0,0,0,0,1,0,1,1,20.643157758210826,78.40263165925678,3.7110526812703997,45.92376200358073,NA,1243481564,1675615519484.96,8.49758470165625,11.9893899204245,50.5553749785224,0,0
India,2010,2,19,0.05039260211191853,-2.9879108981722453,2.298401930423322e-4,1,0,0,0,17,0,0,0,0,0,1,1,0,22.540000012046416,76.45263190018504,3.6792631651225847,46.24489974975586,0.6992844927427688,1243481564,1675615519484.96,8.49758470165625,11.9893899204245,50.5553749785224,0,0
India,2010,3,21,0.03361015190972347,-3.3929271174777864,0.0030811839666060707,1,1,0,0,250,0,0,0,0,1,0,1,1,17.767391287762184,81.28999992038894,3.7192608791848887,45.365916570027665,-1.9007137748911163,1243481564,1675615519484.96,8.49758470165625,11.9893899204245,50.5553749785224,0,0
India,2010,4,20,0.03703096149306669,-3.2960009191475095,8.818614422834159e-5,2,2,505000,0,142,0,2,0,0,0,0,1,1,17.424285661606568,84.57523745582216,3.8193333262488953,44.39295251028879,-2.1447027488951775,1243481564,1675615519484.96,8.49758470165625,11.9893899204245,50.5553749785224,0.040611780232231894,0
India,2010,5,21,0.06825978513987759,-2.6844344831809943,-0.0016951979189802028,4,4,52080,0,125,1,3,0,0,0,0,1,1,31.929500007629393,74.11750144958496,3.412749969959259,45.83822735873135,3.2556402913448856,1243481564,1675615519484.96,8.49758470165625,11.9893899204245,50.5553749785224,0.0041882406227616575,0
India,2010,6,22,0.05398341493174495,-2.919078410485827,0.0019847494375087853,0,0,0,0,0,0,0,0,0,0,0,0,0,29.916363716125478,75.40454587069425,3.1940000057220455,46.40727303244851,1.2414216397675926,1243481564,1675615519484.96,8.49758470165625,11.9893899204245,50.5553749785224,0,0
India,2010,7,22,0.028318583122001143,-3.564237042410995,4.27821509553894e-4,2,2,400000,659963,64,2,0,0,0,0,0,1,1,25.565237862723215,76.38285754975817,2.9849047433762324,46.6842380705334,0.5968138612480578,1243481564,1675615519484.96,8.49758470165625,11.9893899204245,50.5553749785224,0.032167746718599524,0.03938630266463844
India,2010,8,22,0.030209877319277715,-3.499586344522695,2.608361867979525e-4,2,2,12725,0,221,1,1,0,0,0,0,1,1,24.745908997275617,76.66681705821644,2.688545454632153,46.489347872526764,-0.417464664866507,1243481564,1675615519484.96,8.49758470165625,11.9893899204245,50.5553749785224,0.0010233364424854473,0
India,2010,9,21,0.04178093452767794,-3.1753151552800833,0.00525791882650131,3,3,3309683,2480397,200,3,0,0,0,0,0,1,1,22.517618996756415,75.54857090541294,2.637190500895183,45.878818165172234,-1.313267953399977,1243481564,1675615519484.96,8.49758470165625,11.9893899204245,50.5553749785224,0.2661626111571365,0.1480290061267998
India,2010,10,21,0.04807691662787108,-3.034953120847563,-8.734822246971789e-5,1,1,0,0,22,0,1,0,0,0,0,1,1,20.373333249773307,81.97476232619512,2.5141999602317817,44.320250129699716,-3.397140767361062,1243481564,1675615519484.96,8.49758470165625,11.9893899204245,50.5553749785224,0,0
India,2010,11,20,0.05741142966495233,-2.8575118723961928,-0.0012922171998647868,1,1,0,32481,203,1,0,0,0,0,0,1,1,20.095714387439546,84.31476157052177,2.7383809543791275,44.82536367936568,1.139690205239785,1243481564,1675615519484.96,8.49758470165625,11.9893899204245,50.5553749785224,0,0.0019384518478310468
India,2010,12,22,0.04276349878258283,-3.15207037244529,0.002243844502763633,0,0,0,0,0,0,0,0,0,0,0,0,0,17.56954552910545,89.23318169333717,3.280363624746149,45.04699988987135,0.4944437530747692,1243481564,1675615519484.96,8.49758470165625,11.9893899204245,50.5553749785224,0,0
India,2011,1,20,0.05534880947247219,-2.894100129137908,-0.00562256786608506,1,1,0,0,80,0,0,0,0,1,0,1,1,17.31549987792969,89.57850036621095,3.36875,45.296857379731684,0.5546595566212398,1261224954,1823051829894.55,5.24131620024293,8.9117933648336,51.2892331325447,0,0
India,2011,2,20,0.06494085226514237,-2.7342783885077773,-0.00139523074709409,0,0,0,0,0,0,0,0,0,0,0,0,0,17.429999903628694,89.74315763774672,3.5646841902481885,45.35160045623779,0.12085402757013863,1261224954,1823051829894.55,5.24131620024293,8.9117933648336,51.2892331325447,0,0
India,2011,3,22,0.061205770127714804,-2.793513810775637,0.003958595229468287,0,0,0,0,0,0,0,0,0,0,0,0,0,20.723478151404343,102.98130466627028,3.406260842862337,44.87425009409587,-1.052554611832368,1261224954,1823051829894.55,5.24131620024293,8.9117933648336,51.2892331325447,0,0
India,2011,4,18,0.04349775165212164,-3.1350460283813972,-8.906656227151267e-4,1,1,0,0,17,0,1,0,0,0,0,1,1,16.244000005722054,110.0385005950928,3.4328000068664557,44.28568388286389,-1.3115900767095234,1261224954,1823051829894.55,5.24131620024293,8.9117933648336,51.2892331325447,0,0
India,2011,5,22,0.05225171515832485,-2.95168256267933,-0.0015282436722871297,1,1,50,0,42,0,1,0,0,0,0,1,1,16.91142858777728,101.35666656494143,3.158333335603986,44.813391312308944,1.191598239378755,1261224954,1823051829894.55,5.24131620024293,8.9117933648336,51.2892331325447,3.964399835368307e-6,0
India,2011,6,22,0.04525603815677703,-3.095419177809743,8.338986581297326e-4,1,1,0,28625,50,1,0,0,0,0,0,1,1,19.153182029724125,96.2886366410689,2.9914545362645946,44.76722647927024,-0.10301570956094963,1261224954,1823051829894.55,5.24131620024293,8.9117933648336,51.2892331325447,0,0.0015701692914378493
India,2011,7,21,0.04405061163392564,-3.1224160417037075,-0.001667907284960061,1,1,200000,0,19,1,0,0,0,0,0,1,1,19.22749991416931,97.34049987792967,2.9779500007629416,44.34333310808454,-0.9468832548337192,1261224954,1823051829894.55,5.24131620024293,8.9117933648336,51.2892331325447,0.015857599341473225,0
India,2011,8,21,0.071300082228745107,-2.640857798284219,-0.004154864730458266,3,3,6260080,393592,258,3,0,0,0,0,0,1,1,35.02913035517153,86.34086973770805,2.286434785179471,45.30521724535072,2.169174191127299,1261224954,1823051829894.55,5.24131620024293,8.9117933648336,51.2892331325447,0.4963492024278486,0.02158973176438798
India,2011,9,21,0.07307579508483275,-2.6162580876494546,-6.410250259190065e-4,2,2,5543989,1949355,281,2,0,0,0,0,0,1,1,36.52999977838426,85.60999915713356,1.96390476113274,47.504952566964285,4.855368664718873,1261224954,1823051829894.55,5.24131620024293,8.9117933648336,51.2892331325447,0.43957178157767407,0.1069281173488499
India,2011,10,18,0.06999497202880409,-2.6593318676724853,0.004071868270061685,0,0,0,0,0,0,0,0,0,0,0,0,0,32.82904770260767,86.42809513636998,2.127476198332649,49.19814318702334,3.5642402077389557,1261224954,1823051829894.55,5.24131620024293,8.9117933648336,51.2892331325447,0,0
India,2011,11,20,0.05977808304805953,-2.8171161894176864,-0.004678614265787928,0,0,0,0,0,0,0,0,0,0,0,0,0,31.94190470377603,97.16285705566409,2.005333327111743,50.55290933088823,2.7536936479794383,1261224954,1823051829894.55,5.24131620024293,8.9117933648336,51.2892331325447,0,0
India,2011,12,21,0.06936788980949593,-2.66833120140041,-0.0020165694107169545,2,2,250000,537611,179,0,1,0,0,1,0,1,1,25.047619047619044,98.57571338471918,1.9693809520630605,52.334999951449326,3.5251989334513567,1261224954,1823051829894.55,5.24131620024293,8.9117933648336,51.2892331325447,0.019821999176841534,0.029489616871238203
India,2012,1,20,0.056675418015552786,-2.8704147069553514,0.005330348236528071,1,1,0,0,15,0,0,0,0,1,0,1,1,20.22799987792968,100.31849899292001,1.944050002098083,51.517363634976476,-1.562312634434626,1278674502,1827637590410.41,5.45638755164772,9.47899691419793,51.8885076473464,0,0
India,2012,2,20,0.04680074625686313,-3.061856130526198,0.001600105695442,0,0,0,0,0,0,0,0,0,0,0,0,0,18.42049999237059,102.26249961853036,1.95825001001358,49.175666627429784,-4.545451945364787,1278674502,1827637590410.41,5.45638755164772,9.47899691419793,51.8885076473464,0,0
India,2012,3,21,0.0584724414085425,-2.8391997227741452,-9.440457772275041e-4,0,0,0,0,0,0,0,0,0,0,0,0,0,16.167272871190846,106.20499940352013,2.161181818355213,50.25340912558817,2.1916174646369413,1278674502,1827637590410.41,5.45638755164772,9.47899691419793,51.8885076473464,0,0
India,2012,4,19,0.03573348043023381,-3.331667202504281,-2.588571506096459e-4,0,0,0,0,0,0,0,0,0,0,0,0,0,17.82299990653992,103.346000289917,2.0283500015735627,51.652272657914594,2.783619174632568,1278674502,1827637590410.41,5.45638755164772,9.47899691419793,51.8885076473464,0,0
India,2012,5,22,0.04608994602402973,-3.0771604433497823,-0.002983581503037478,0,0,0,0,0,0,0,0,0,0,0,0,0,21.00181813673539,94.71590978449039,1.789999988946048,54.38621703438137,5.292979835704981,1278674502,1827637590410.41,5.45638755164772,9.47899691419793,51.8885076473464,0,0
India,2012,6,21,0.05243046433330304,-2.948267476184708,0.003430347923387108,1,1,2200000,0,120,1,0,0,0,0,0,1,1,21.13095229012627,82.40523819696337,1.6085238172894434,55.996850013732924,2.9614727171286104,1278674502,1827637590410.41,5.45638755164772,9.47899691419793,51.8885076473464,0.172053168852506,0
India,2012,7,22,0.04009657408939898,-3.2164643824988977,-5.082315523077054e-4,0,0,0,0,0,0,0,0,0,0,0,0,0,17.565238180614656,87.93142881847564,1.4991428568249652,55.39060907778533,-1.0826339978033062,1278674502,1827637590410.41,5.45638755164772,9.47899691419793,51.8885076473464,0,0
India,2012,8,21,0.026226809000206998,-3.6409731470899587,3.977441489891614e-4,3,3,48160,176681,93,3,0,0,0,0,0,1,1,15.68956511953603,94.16087009595788,1.6691739144532578,55.513227289373226,0.22137003659898902,1278674502,1827637590410.41,5.45638755164772,9.47899691419793,51.8885076473464,0.00376640027815304,0.00966717914574765
India,2012,9,19,0.042883161034099525,-3.149276046790662,0.004026827836103776,2,2,2000200,165463,66,2,0,0,0,0,0,1,1,15.284736834074321,94.5584218878495,1.712736845016481,54.53157170613608,-1.768327353983734,1278674502,1827637590410.41,5.45638755164772,9.47899691419793,51.8885076473464,0.15642761288126475,0.009053381308645771
India,2012,10,20,0.031062211373989405,-3.4717632669514957,-6.905726892306947e-4,0,0,0,0,0,0,0,0,0,0,0,0,0,16.276190576099218,89.9480954124814,1.7211428540093547,53.023227171464406,-2.7660023129352562,1278674502,1827637590410.41,5.45638755164772,9.47899691419793,51.8885076473464,0,0
India,2012,11,19,0.03364200004920484,-3.391979991149945,0.002321515395885553,1,1,70000,0,40,0,1,0,0,0,0,1,1,16.701904841831762,86.73238009498233,1.6426190364928472,54.79290944879706,3.3375604838421724,1278674502,1827637590410.41,5.45638755164772,9.47899691419793,51.8885076473464,0.005474419008943372,0
India,2012,12,20,0.02137680983604614,-3.845448597051457,2.239315973351807e-4,1,1,0,0,249,0,0,0,0,1,0,1,1,17.306999826431277,88.24550018310548,1.7045500040054304,54.633666628883,-0.2906266915117417,1278674502,1827637590410.41,5.45638755164772,9.47899691419793,51.8885076473464,0,0
India,2013,1,22,0.028190676008587205,-3.5687639937042235,0.0010826586652886209,0,0,0,0,0,0,0,0,0,0,0,0,0,13.505238124302462,94.82857077462332,1.8900000084014166,54.31917389579441,-0.5756390747574835,1295829511,1856721507621.58,6.3861064009171304,10.0178784746104,52.385709516972,0,0
India,2013,2,20,0.03215685352805347,-3.4371296775158653,-0.002667129184981665,0,0,0,0,0,0,0,0,0,0,0,0,0,14.072631635163958,95.3215789794922,1.9674210485659147,53.77849998474121,-0.9953647529515552,1295829511,1856721507621.58,6.3861064009171304,10.0178784746104,52.385709516972,0,0
India,2013,3,19,0.03465878497634151,-3.3622040508099573,-7.195693168978511e-5,1,1,0,0,9,0,1,0,0,0,0,1,1,13.03150000572205,92.95699920654297,1.94549999833107,54.40622693842107,1.1672451887984492,1295829511,1856721507621.58,6.3861064009171304,10.0178784746104,52.385709516972,0,0
India,2013,4,20,0.04544833837219216,-3.091179018494682,0.0017435544395046243,1,1,0,0,557,0,0,0,0,1,0,1,1,13.967272715135058,92.06772752241655,1.731181794946843,54.34127252752131,-0.11938782480409582,1295829511,1856721507621.58,6.3861064009171304,10.0178784746104,52.385709516972,0,0
India,2013,5,22,0.05200331846268799,-2.956447745846748,5.930058353090078e-4,1,1,4,0,8,0,1,0,0,0,0,1,1,13.493636304681955,94.79954598166726,1.9180454611778264,54.948409167203046,1.1172661431037456,1295829511,1856721507621.58,6.3861064009171304,10.0178784746104,52.385709516972,3.086825825500126e-7,0
India,2013,6,20,0.054167126231359705,-2.91568108164519,-9.308911185296861e-4,2,2,2504473,1520182,6134,2,0,0,0,0,0,1,1,17.27149991989137,95.80049934387208,2.289049994945526,58.164810180664055,5.853492507260394,1295829511,1856721507621.58,6.3861064009171304,10.0178784746104,52.385709516972,0.19327179839169445,0.08187452958130054
India,2013,7,23,0.04538106180079611,-3.092660401913952,-1.1247649485027795e-4,1,1,500000,2764,174,1,0,0,0,0,0,1,1,13.974545652216133,104.69863648848099,2.5659090930765323,59.77786934894064,2.7732561376308196,1295829511,1856721507621.58,6.3861064009171304,10.0178784746104,52.385709516972,0.03858532281875158,1.4886454369458045e-4
India,2013,8,20,0.07482622383561958,-2.5925868694049354,-0.0019124430135323502,1,1,40000,0,73,1,0,0,0,0,0,1,1,14.209999908100468,106.53909128362481,2.7304545424201265,62.85347620646159,5.145059352262549,1295829511,1856721507621.58,6.3861064009171304,10.0178784746104,52.385709516972,0.0030868258255001262,0
India,2013,9,20,0.07910230027348474,-2.5370133240563324,0.002000422119764612,0,0,0,0,0,0,0,0,0,0,0,0,0,14.692000102996825,106.2354995727539,2.8008000254631047,63.95390909368342,1.7507908132353922,1295829511,1856721507621.58,6.3861064009171304,10.0178784746104,52.385709516972,0,0
India,2013,10,21,0.04227542271686873,-3.1635493850311933,0.0041950694436741365,3,3,13605000,1234763,151,1,2,0,0,0,0,1,1,15.407826050468104,100.55260799242103,2.5997391161711327,61.52190489996048,-3.8027451772500664,1295829511,1856721507621.58,6.3861064009171304,10.0178784746104,52.385709516972,1.0499066338982304,0.0665023265433977
India,2013,11,19,0.046352878495791686,-3.071471885429537,-9.348029996074294e-4,1,1,0,362080,10,0,1,0,0,0,0,1,1,12.923999977111816,93.93149986267089,2.7084999799728395,62.666476113455644,1.8604287616846849,1295829511,1856721507621.58,6.3861064009171304,10.0178784746104,52.385709516972,0,0.019501039790496992
India,2013,12,21,0.03622651139679625,-3.317964069166902,8.596321510288317e-4,0,0,0,0,0,0,0,0,0,0,0,0,0,14.192380905151367,97.89428601946148,2.8920000280652722,61.8216816295277,-1.3480804033060179,1295829511,1856721507621.58,6.3861064009171304,10.0178784746104,52.385709516972,0,0
India,2014,1,23,0.03795162553007052,-3.271442942590881,-0.001370301828645591,1,1,0,0,24,0,0,0,0,1,0,1,1,14.240952400934129,94.85666729155041,2.8421428317115423,61.998652416726806,0.2862600669124804,1312277191,2039126479154.52,7.41022760516977,6.66565671867899,51.8821873589628,0,0
India,2014,2,19,0.029478657453582975,-3.5240887536212573,0.0015329395375426377,0,0,0,0,0,0,0,0,0,0,0,0,0,15.470000116448647,100.67526245117193,2.6972631655241317,62.14020023345947,0.2283078925348958,1312277191,2039126479154.52,7.41022760516977,6.66565671867899,51.8821873589628,0,0
India,2014,3,20,0.03204691959061762,-3.4405542128518065,0.002911085180728091,2,2,11538,0,24,0,2,0,0,0,0,1,1,14.836666742960618,100.50904737200057,2.716666664396014,60.95077289234508,-1.914102845896426,1312277191,2039126479154.52,7.41022760516977,6.66565671867899,51.8821873589628,8.792349725447602e-4,0
India,2014,4,18,0.030237716711654983,-3.4986652360884585,7.819541341182044e-5,1,1,0,0,27,0,1,0,0,0,0,1,1,14.198095321655277,102.03476206461586,2.6912857123783653,60.32113595442338,-1.0330253547954138,1312277191,2039126479154.52,7.41022760516977,6.66565671867899,51.8821873589628,0,0
India,2014,5,21,0.04763746129422463,-3.044135825288925,0.0036768370497989892,1,1,26,0,15,0,1,0,0,0,0,1,1,12.475238028026752,101.79476165771486,2.551809515271868,59.22347640991211,-1.8196930928831123,1312277191,2039126479154.52,7.41022760516977,6.66565671867899,51.8821873589628,1.981288723016447e-6,0
India,2014,6,21,0.041799084527298025,-3.1748808409520755,0.002296315232374893,1,1,18500,2720,27,1,0,0,0,0,0,1,1,11.541428565979004,105.14666748046872,2.592571417490641,59.67331799593839,0.7595663295965949,1312277191,2039126479154.52,7.41022760516977,6.66565671867899,51.8821873589628,0.0014097631298386256,1.3339045065648844e-4
India,2014,7,22,0.037875710346459764,-3.273445260306437,8.526022532488007e-4,2,1,200,0,177,1,0,0,0,0,1,1,1,12.296363613822255,102.3918176130815,2.5300000039013946,60.04978279445483,0.6308762628919995,1312277191,2039126479154.52,7.41022760516977,6.66565671867899,51.8821873589628,1.52406824847419e-5,0
India,2014,8,19,0.03291054495770059,-3.41396215713328,0.0014891634338687924,3,3,4279000,407977,176,3,0,0,0,0,0,1,1,13.497142927987234,96.07619040352958,2.4121905167897553,60.80333346412296,1.254876595053589,1312277191,2039126479154.52,7.41022760516977,6.66565671867899,51.8821873589628,0.32607440176105296,0.020007439664515507
India,2014,9,22,0.03637442057531665,-3.313889482818268,-1.2969616922330145e-5,2,2,925000,21980434,393,2,0,0,0,0,0,1,1,13.466666630336219,93.03428540910994,2.5284285545349126,60.865545793013126,0.10231729963765535,1312277191,2039126479154.52,7.41022760516977,6.66565671867899,51.8821873589628,0.07048815649193128,1.077933822384265
India,2014,10,17,0.03864215269794214,-3.2534115595451905,0.0026672745692613536,1,1,920000,9519461,53,0,1,0,0,0,0,1,1,18.01608711740246,84.33912924061651,2.288304339284482,61.27990913391114,0.6807847288631041,1312277191,2039126479154.52,7.41022760516977,6.66565671867899,51.8821873589628,0.07010713942981274,0.4668401444106125
India,2014,11,18,0.018115324388776437,-4.010997047603795,0.0016270273048513634,0,0,0,0,0,0,0,0,0,0,0,0,0,13.41315786462081,75.81000077097039,2.322789455714978,61.63299961090089,0.576192886021043,1312277191,2039126479154.52,7.41022760516977,6.66565671867899,51.8821873589628,0,0
India,2014,12,20,0.03999288147493063,-3.219053803832251,-0.002126139531963034,2,2,0,0,156,0,0,0,0,2,0,1,1,16.311818296259105,59.28954488580878,2.2043636278672656,62.73634786191194,1.7901907386897786,1312277191,2039126479154.52,7.41022760516977,6.66565671867899,51.8821873589628,0,0
India,2015,1,20,0.0551923003896476,-2.8969318211229114,0.002970984857771697,1,1,330000000,4074935,0,0,0,1,0,0,0,1,1,19.11949996948241,47.32550010681152,1.8735500037670145,62.20327273282138,-0.8497069836833626,1328024498,2103588360044.94,7.99625378567987,4.90697344127249,51.8675240772049,24.848939194794884,0.19371351721650262
India,2015,2,19,0.034083349225253044,-3.3789463064608514,6.699346444377933e-5,0,0,0,0,0,0,0,0,0,0,0,0,0,15.904210492184289,50.724736464651016,1.9698947291625173,62.033850479125974,-0.2723687134969843,1328024498,2103588360044.94,7.99625378567987,4.90697344127249,51.8675240772049,0,0
India,2015,3,21,0.045120600086986463,-3.098416372080543,-0.002103444431537294,2,2,2122,1333862,71,1,1,0,0,0,0,1,1,14.812727277929119,47.85409060391514,2.0408181710676714,62.453217713729195,0.6760296698724799,1328024498,2103588360044.94,7.99625378567987,4.90697344127249,51.8675240772049,1.597862090041053e-4,0.0634088886083922
India,2015,4,19,0.037026232284326194,-3.2961286368885068,-0.0018120770098802108,2,2,135100,221405,101,0,2,0,0,0,0,1,1,13.494761875697547,54.62809553600491,1.9270952542622881,62.65568161010742,0.3241848919719015,1328024498,2103588360044.94,7.99625378567987,4.90697344127249,51.8675240772049,0.010173005106717542,0.010525110530430488
India,2015,5,20,0.05389165098666692,-2.9207797112717024,0.0014901406133897232,3,3,200,0,2279,1,1,0,0,1,0,1,1,13.338500070571884,59.371999931335445,2.1918000221252445,63.72628548031762,1.7087099568596775,1328024498,2103588360044.94,7.99625378567987,4.90697344127249,51.8675240772049,1.5059963148360537e-5,0
India,2015,6,22,0.04387530919619148,-3.1264035500142953,-7.78310179931907e-5,3,2,19000,820420,124,2,0,0,0,0,1,1,1,14.339545510031959,59.82863651622426,2.3569090799851855,63.78681841763584,0.09498896234414467,1328024498,2103588360044.94,7.99625378567987,4.90697344127249,51.8675240772049,0.001430696499094251,0.03900097640692749
India,2015,7,23,0.04133254366960239,-3.1861051069953925,5.191910331575089e-4,3,3,13795137,0,318,3,0,0,0,0,0,1,1,14.35272723978216,50.93000013178045,2.3152727105400785,63.623363668268375,-0.2562516103206014,1328024498,2103588360044.94,7.99625378567987,4.90697344127249,51.8675240772049,1.0387712742329245,0
India,2015,8,21,0.07359837973290517,-2.6091322679882003,-0.0032077071617263326,2,2,805000,0,23,2,0,0,0,0,0,1,1,19.42809536343529,42.88904771350679,2.1617619083041233,65.07104526866566,2.2753930583511384,1328024498,2103588360044.94,7.99625378567987,4.90697344127249,51.8675240772049,0.06061635167215115,0
India,2015,9,20,0.05550142007008482,-2.891346671708711,-2.44594029650003e-4,1,1,0,0,32,0,1,0,0,0,0,1,1,24.3771428607759,45.46523829868861,2.1681904679252977,66.21077312122692,1.7515130544707658,1328024498,2103588360044.94,7.99625378567987,4.90697344127249,51.8675240772049,0,0
India,2015,10,20,0.03299532533487926,-3.4113893840686993,9.505762905099857e-4,1,1,0,0,29,0,1,0,0,0,0,1,1,16.789545449343585,46.28954540599476,2.0591818473555823,65.02761913481213,-1.7869508701378933,1328024498,2103588360044.94,7.99625378567987,4.90697344127249,51.8675240772049,0,0
India,2015,11,18,0.030745323435013648,-3.4820173797096556,-0.001075656402608871,1,1,1801000,2988286,325,1,0,0,0,0,0,1,1,16.209999990463267,42.92300014495849,2.264849996566773,66.07347724551246,1.6083290832655583,1328024498,2103588360044.94,7.99625378567987,4.90697344127249,51.8675240772049,0.13561496815098661,0.14205659513804117
India,2015,12,22,0.035101995465528814,-3.3494972992564995,-4.8932148426010664e-5,0,0,0,0,0,0,0,0,0,0,0,0,0,18.02545473792337,37.32727258855646,2.2386817823756817,66.51682646378227,0.6709942275664238,1328024498,2103588360044.94,7.99625378567987,4.90697344127249,51.8675240772049,0,0
India,2016,1,19,0.04919776079717194,-3.0119071687721917,-0.0025745844032195554,0,0,0,0,0,0,0,0,0,0,0,0,0,23.717894805105114,31.775789461637792,2.075210539918197,67.25199890136717,1.1052428034659778,1343944296,2294796885663.16,8.25630550176662,4.94821634062134,38.2036507912231,0,0
India,2016,2,21,0.0608475230627349,-2.7993841660018317,-0.003719467192453778,2,1,0,0,17,0,0,0,1,0,1,1,1,22.516999816894526,30.6164999961853,1.7770000040531155,68.22361937023345,1.4447458584707196,1343944296,2294796885663.16,8.25630550176662,4.94821634062134,38.2036507912231,0,0
India,2016,3,20,0.05264176828353684,-2.944245400516796,0.004843819030123074,0,0,0,0,0,0,0,0,0,0,0,0,0,15.849090966311369,37.96090906316584,1.886090912602164,66.9765412012736,-1.8279273079785607,1343944296,2294796885663.16,8.25630550176662,4.94821634062134,38.2036507912231,0,0
India,2016,4,18,0.04116930101956419,-3.1900624212515623,5.774071651337333e-4,2,2,100000,201208,318,1,0,0,0,1,0,1,1,14.300476255870995,41.12476185389927,1.7991428602309452,66.45950088500977,-0.7719722562412601,1343944296,2294796885663.16,8.25630550176662,4.94821634062134,38.2036507912231,0.007440784584422984,0.008768009110394711
India,2016,5,22,0.04452413291736734,-3.11172392405853,0.0018460000790441384,1,0,5,0,10,0,0,0,0,0,1,1,0,14.852857044764919,46.7966666448684,1.802619042850676,66.92930503513502,0.7069029166170138,1343944296,2294796885663.16,8.25630550176662,4.94821634062134,38.2036507912231,3.720392292211492e-7,0
India,2016,6,22,0.037244205825721965,-3.2902588945582263,5.61983710813346e-4,3,3,0,134139,165,1,2,0,0,0,0,1,1,17.77454549616033,48.85318166559393,1.6401363611221305,67.23581764914772,0.4579647343593285,1343944296,2294796885663.16,8.25630550176662,4.94821634062134,38.2036507912231,0,0.005845353932543618
India,2016,7,20,0.028176904241409333,-3.56925263513218,0.00191141980142131,4,4,3700000,885316,522,4,0,0,0,0,0,1,1,13.15850005149842,44.79949970245361,1.498950004577638,67.14681025913784,-0.132380914104957,1343944296,2294796885663.16,8.25630550176662,4.94821634062134,38.2036507912231,0.2753090296236504,0.03857927494720988
India,2016,8,22,0.030729679713757185,-3.4825263254857552,6.440687014740735e-4,1,1,3000,0,37,1,0,0,0,0,0,1,1,12.399565240611205,44.79913081293521,1.5546086871105695,66.9224564925484,-0.3341242357210894,1343944296,2294796885663.16,8.25630550176662,4.94821634062134,38.2036507912231,2.2322353753268952e-4,0
India,2016,9,20,0.03483901180768258,-3.3570174911290662,-0.0010409261595225594,1,1,3000,790078,28,1,0,0,0,0,0,1,1,14.2195237931751,45.225714365641274,1.6291904790060858,66.68474796840124,-0.35519993826531593,1343944296,2294796885663.16,8.25630550176662,4.94821634062134,38.2036507912231,2.2322353753268952e-4,0.03442910372312449
India,2016,10,18,0.03172186970920723,-3.450748939778379,1.5041569270568544e-4,0,0,0,0,0,0,0,0,0,0,0,0,0,14.58523804800851,49.86949996948243,1.7560952334176934,66.71483394077846,0.04511672202986983,1343944296,2294796885663.16,8.25630550176662,4.94821634062134,38.2036507912231,0,0
India,2016,11,21,0.04823411484980983,-3.031688731314567,-0.0022485134232781328,0,0,0,0,0,0,0,0,0,0,0,0,0,15.236190387180876,45.881999778747556,2.1383000135421755,67.60415371981534,1.3330165519505277,1343944296,2294796885663.16,8.25630550176662,4.94821634062134,38.2036507912231,0,0
India,2016,12,22,0.0356442797422292,-3.334166601034731,-4.495968436972325e-5,1,1,0,1341389,24,0,1,0,0,0,0,1,1,12.472380956014,52.16571499052502,2.486571436836605,67.83011384443803,0.3342400018187863,1343944296,2294796885663.16,8.25630550176662,4.94821634062134,38.2036507912231,0,0.05845349574859475
India,2017,1,21,0.02634057676694052,-3.636644685908237,0.0018064665123773693,1,0,0,0,28,0,0,0,0,0,1,1,0,11.60850000381469,52.608499717712405,2.4257999897003177,68.07183629816228,0.3563645113122238,1359657400,2651474262755.45,6.79538341902422,3.32817337461305,38.1707138624147,0,0
India,2017,2,19,0.023852818054325393,-3.7358529112137617,0.002029690164012958,0,0,0,0,0,0,0,0,0,0,0,0,0,11.530526361967384,53.46210560045745,2.418421055141248,67.0025604248047,-1.5708050957726982,1359657400,2651474262755.45,6.79538341902422,3.32817337461305,38.1707138624147,0,0
India,2017,3,22,0.028082653380027602,-3.572603210698038,0.0013664220859504928,1,1,60020,0,4,0,1,0,0,0,0,1,1,11.897826111834982,49.67391320933467,2.479043473368106,65.89516084090522,-1.6527720386779632,1359657400,2651474262755.45,6.79538341902422,3.32817337461305,38.1707138624147,0.004414347320141089,0
India,2017,4,18,0.023883151752474283,-3.734582016232283,5.559444229759809e-4,1,1,0,0,264,0,0,0,0,1,0,1,1,13.136315847698011,51.11736899928044,2.2926315759357663,64.53410448346818,-2.0654875715731547,1359657400,2651474262755.45,6.79538341902422,3.32817337461305,38.1707138624147,0,0
India,2017,5,22,0.02794585730327112,-3.577486308496256,0.001827533680406516,2,2,3220,0,29,0,2,0,0,0,0,1,1,10.862272782759232,48.539545752785415,2.3024545691230083,64.40802599036176,-0.1953672311958976,1359657400,2651474262755.45,6.79538341902422,3.32817337461305,38.1707138624147,2.3682436472599643e-4,0
India,2017,6,21,0.015217944188223486,-4.18528000871886,-3.4400751223425833e-4,4,4,2355000,328353,396,4,0,0,0,0,0,1,1,10.513636328957297,45.19590950012207,2.185136372392828,64.44858151390439,0.06296656809305912,1359657400,2651474262755.45,6.79538341902422,3.32817337461305,38.1707138624147,0.17320539718314334,0.0123837898263727
India,2017,7,21,0.024863047965213818,-3.6943725952173154,0.0023925898661487856,3,2,12843,0,45,1,1,0,0,0,1,1,1,10.264499998092646,46.67500038146972,2.3130499958992004,64.44090343656994,-0.011913493135284892,1359657400,2651474262755.45,6.79538341902422,3.32817337461305,38.1707138624147,9.445761851478174e-4,0
India,2017,8,21,0.031241420841450977,-3.466010473564398,-0.0011629335017688492,4,3,19900112,2452139,675,3,0,0,0,0,1,1,1,11.975652155668834,48.05782566899839,2.2079130151997446,63.97722211091415,-0.7195450419347438,1359657400,2651474262755.45,6.79538341902422,3.32817337461305,38.1707138624147,1.4636122305516082,0.09248209701465109
India,2017,9,21,0.026987562957897823,-3.612379150289914,-6.752475594268329e-4,0,0,0,0,0,0,0,0,0,0,0,0,0,10.437999963760376,49.87699985504148,2.201450026035309,64.41933460235596,0.6910467145249566,1359657400,2651474262755.45,6.79538341902422,3.32817337461305,38.1707138624147,0,0
India,2017,10,20,0.02494957221099399,-3.6908986027835455,0.0029923694911795804,1,1,4000,0,21,1,0,0,0,0,0,1,1,10.125454512509439,51.59454588456586,2.3578636104410347,65.06690840287641,1.005247577482371,1359657400,2651474262755.45,6.79538341902422,3.32817337461305,38.1707138624147,2.9419175742359803e-4,0
India,2017,11,22,0.027986217385671343,-3.576043126220978,-8.736777294887147e-5,0,0,0,0,0,0,0,0,0,0,0,0,0,10.540476163228348,56.662857418968564,2.3540952432723277,64.81807091122582,-0.38243324872584417,1359657400,2651474262755.45,6.79538341902422,3.32817337461305,38.1707138624147,0,0
India,2017,12,20,0.026009387779997936,-3.6492977376687263,0.0013503694532689184,1,1,60000,0,884,0,1,0,0,0,0,1,1,10.264500045776375,57.94699993133545,2.4029999732971206,64.2504997253418,-0.8756372689050829,1359657400,2651474262755.45,6.79538341902422,3.32817337461305,38.1707138624147,0.004412876361353971,0
India,2018,1,22,0.025086943365231724,-3.6854077528394953,0.002478010981128794,1,1,0,0,44,0,0,0,0,1,0,1,1,11.062381017775765,63.65904780796596,2.582904770260765,63.65921302463698,-0.9202834269499083,1374659064,2702929641648.74,6.45385134495295,3.93882646691643,38.8975254010362,0,0
India,2018,2,19,0.04003295048005741,-3.2180524019724674,-0.0026730497540965914,0,0,0,0,0,0,0,0,0,0,0,0,0,22.464736637316257,62.183684298866666,2.860526335866827,64.36792469024658,1.1132900203075335,1374659064,2702929641648.74,6.45385134495295,3.93882646691643,38.8975254010362,0,0
India,2018,3,19,0.038971692257389154,-3.244919735955681,-0.0019053068761732783,1,1,0,0,17,0,0,0,1,0,0,1,1,19.023809750874843,62.771904899960475,2.843285708200363,65.02543154629794,1.0214821422555254,1374659064,2702929641648.74,6.45385134495295,3.93882646691643,38.8975254010362,0,0
India,2018,4,21,0.027370395187002988,-3.5982933173416787,0.0030648230233316113,2,2,22250,256420,60,0,2,0,0,0,0,1,1,18.26761904216949,66.32523781912666,2.866095259076073,65.66458719426934,0.982931804945153,1374659064,2702929641648.74,6.45385134495295,3.93882646691643,38.8975254010362,0.0016185831514656931,0.009486743422725138
India,2018,5,22,0.028563018059001122,-3.5556424727591196,2.0897420556947397e-4,6,6,37873,142953,351,2,4,0,0,0,0,1,1,14.124545487490574,69.98318099975587,2.978090903975746,67.66023055366848,3.039147042065471,1374659064,2702929641648.74,6.45385134495295,3.93882646691643,38.8975254010362,0.0027550831323802337,0.0052888169117417776
India,2018,6,21,0.025579363428994462,-3.6659693686377874,1.3610304373978273e-4,3,3,0,64105,155,1,2,0,0,0,0,1,1,13.678095318022233,67.32285672142392,2.9132857209160212,67.85108489990235,0.28207758778249215,1374659064,2702929641648.74,6.45385134495295,3.93882646691643,38.8975254010362,0,0.0023716858556812846
India,2018,7,22,0.0236642938847482,-3.743787954026061,0.002718367949502966,2,2,42975,0,53,2,0,0,0,0,0,1,1,13.147619065784276,70.581905183338,2.8903333118983676,68.73121709408967,1.2971527212656042,1374659064,2702929641648.74,6.45385134495295,3.93882646691643,38.8975254010362,0.0031262297049095803,0
India,2018,8,21,0.026342342742848808,-3.6365776442208975,0.0012971540369801423,2,2,23245000,3657154,507,2,0,0,0,0,0,1,1,12.546956518422009,67.84521782916526,2.889130447221838,69.63648605346681,1.3171146935138323,1374659064,2702929641648.74,6.45385134495295,3.93882646691643,38.8975254010362,1.6909647350930355,0.1353033369292291
India,2018,9,18,0.03640261757177247,-3.313114595612506,-0.0035894800591663844,3,3,8203050,1410306,71,2,0,1,0,0,0,1,1,12.910526325828153,70.0847372757761,3.0047368501362044,72.2755428495861,3.7897615828762943,1374659064,2702929641648.74,6.45385134495295,3.93882646691643,38.8975254010362,0.5967334166575575,0.05217694083741439
India,2018,10,21,0.06284800160326535,-2.7670361407399318,-0.002406207364657829,1,1,300200,1179529,85,0,1,0,0,0,0,1,1,19.352173639380407,70.75782610022503,3.1558695254118545,73.75961789217861,2.053357171845871,1374659064,2702929641648.74,6.45385134495295,3.93882646691643,38.8975254010362,0.021838142115505665,0.04363890875385523
India,2018,11,20,0.03379212167793638,-3.3875275901136193,0.0024811722587283922,1,1,500000,993625,45,0,1,0,0,0,0,1,1,19.389047622680668,56.693332853771395,3.1186190446217847,72.00166806307706,-2.3833499675544823,1374659064,2702929641648.74,6.45385134495295,3.93882646691643,38.8975254010362,0.036372655089116704,0.03676103827082624
India,2018,12,20,0.0425341957184232,-3.1574469214335856,-1.7432632297715897e-4,1,1,10000,128210,8,0,1,0,0,0,0,1,1,24.953157726087074,48.77736924823962,2.8335263352645086,70.88785734630765,-1.5469234904303186,1374659064,2702929641648.74,6.45385134495295,3.93882646691643,38.8975254010362,7.274531017823341e-4,0.004743371711362569
India,2019,1,22,0.032336005709582796,-3.431573941750415,2.367641721616342e-4,0,0,0,0,0,0,0,0,0,0,0,0,0,19.57238079252696,51.550476255871,2.707285688036965,70.7161221711532,-0.24226317677437104,1389030312,2835606256558.19,3.87143694070524,3.72950573539123,38.73794497616,0,0
India,2019,2,19,0.027824815635075585,-3.581827007715774,-5.681050216264083e-4,0,0,0,0,0,0,0,0,0,0,0,0,0,15.23473684411299,54.98052597045898,2.6755789330131132,71.28241424560548,0.8007962782259126,1389030312,2835606256558.19,3.87143694070524,3.72950573539123,38.73794497616,0,0
India,2019,3,18,0.030907498530165674,-3.4767564536391045,0.0040008376333896655,0,0,0,0,0,0,0,0,0,0,0,0,0,14.485238075256353,58.16809517996651,2.5708571388607937,69.7018866105513,-2.2172756798169435,1389030312,2835606256558.19,3.87143694070524,3.72950573539123,38.73794497616,0,0
India,2019,4,19,0.030017939280731463,-3.5059601000120204,6.592250888309192e-4,1,1,0,0,50,0,1,0,0,0,0,1,1,12.949047588166739,63.87095260620117,2.529999994096302,69.48884131691673,-0.3056521193248618,1389030312,2835606256558.19,3.87143694070524,3.72950573539123,38.73794497616,0,0
India,2019,5,22,0.05224858531146347,-2.951742463882451,7.881124193962277e-4,1,1,20000000,2279287,50,0,1,0,0,0,0,1,1,16.721818056973536,60.865454413674094,2.3938636021180586,69.92013404482887,0.6206647279455302,1389030312,2835606256558.19,3.87143694070524,3.72950573539123,38.73794497616,1.4398533874471704,0.08038094127943417
India,2019,6,19,0.03248057217981455,-3.4271131474702257,-4.252107569640589e-4,5,5,510,0,224,1,2,0,0,2,0,1,1,15.8359998703003,54.70650024414063,2.0719000101089478,69.57178097679501,-0.4982156753454037,1389030312,2835606256558.19,3.87143694070524,3.72950573539123,38.73794497616,3.671626137990285e-5,0
India,2019,7,23,0.0340209746028889,-3.380778044485645,-0.0021648875476666237,1,1,3000000,12592748,1900,1,0,0,0,0,0,1,1,13.305909070101654,57.54636383056641,2.0548181750557633,68.89421247399372,-0.973912832599888,1389030312,2835606256558.19,3.87143694070524,3.72950573539123,38.73794497616,0.21597800811707557,0.4440936738263817
India,2019,8,20,0.0461163848574697,-3.0765869722244967,-1.9826824357398426e-4,1,1,17500,0,32,1,0,0,0,0,0,1,1,18.97909090735696,54.844090548428625,1.6237272782759227,71.31658208937873,3.516071275652366,1389030312,2835606256558.19,3.87143694070524,3.72950573539123,38.73794497616,0.0012598717140162741,0
India,2019,9,19,0.07036635477180192,-2.6540400452292636,0.001848579217646935,0,0,0,0,0,0,0,0,0,0,0,0,0,15.55899987220764,56.96700000762939,1.6934499919414514,71.53393138538709,0.30476684333520243,1389030312,2835606256558.19,3.87143694070524,3.72950573539123,38.73794497616,0,0
India,2019,10,19,0.03740887046197791,-3.285847424556185,0.001952922180607187,1,1,27500,0,12,1,0,0,0,0,0,1,1,15.466521760691766,54.00565255206564,1.7043043478675517,71.12546400590377,-0.5710120659840667,1389030312,2835606256558.19,3.87143694070524,3.72950573539123,38.73794497616,0.0019797984077398593,0
India,2019,11,20,0.023078352961198933,-3.768860202055063,8.214894668601147e-4,2,2,155000,0,39,1,1,0,0,0,0,1,1,12.52349996566773,57.07000007629395,1.8174500107765195,71.48800041562036,0.5097139467329148,1389030312,2835606256558.19,3.87143694070524,3.72950573539123,38.73794497616,0.01115886375271557,0
India,2019,12,21,0.025393137098324668,-3.6732763344456894,5.338768539420277e-4,0,0,0,0,0,0,0,0,0,0,0,0,0,13.75666663760231,59.80476197742282,1.8619523729596814,71.22342751242898,-0.3700941439866767,1389030312,2835606256558.19,3.87143694070524,3.72950573539123,38.73794497616,0,0
India,2020,1,22,0.03544466432041957,-3.3397825501553355,-5.88031820050022e-4,1,1,0,0,11,0,1,0,0,0,0,1,1,13.940952437264567,57.52857190086728,1.7543333371480294,71.25003582498302,0.03735893298506543,1402617695,2674851578587.27,-5.77772470687303,6.6234367762853,40.7867848551821,0,0
India,2020,2,19,0.05713520515209981,-2.8623347997344446,-0.003232943242625999,0,0,0,0,0,0,0,0,0,0,0,0,0,19.628947358382383,50.54210502222964,1.5016315861752147,71.54847526550293,0.41886216205280213,1402617695,2674851578587.27,-5.77772470687303,6.6234367762853,40.7867848551821,0,0
India,2020,3,21,0.24043499089494033,-1.4253055341052945,-0.012478930818138018,0,0,0,0,0,0,0,0,0,0,0,0,0,57.73681840029629,30.445454597473148,0.8637727255171,74.70622618302056,4.413442642627685,1402617695,2674851578587.27,-5.77772470687303,6.6234367762853,40.7867848551821,0,0
India,2020,4,18,0.1287144953789535,-2.050158541515151,0.007483278721177576,0,0,0,0,0,0,0,0,0,0,0,0,0,41.453809647333046,16.699047678992866,0.6521904723984855,76.5194136879661,2.4270902140116846,1402617695,2674851578587.27,-5.77772470687303,6.6234367762853,40.7867848551821,0,0
India,2020,5,19,0.09157733844155509,-2.390571434835975,-0.002058874758668482,4,3,18185852,16805492,141,2,1,0,0,0,1,1,1,30.897000026702877,28.527499961853025,0.6736000031232834,75.83910914829801,-0.8890613595685104,1402617695,2674851578587.27,-5.77772470687303,6.6234367762853,40.7867848551821,1.2965651342363822,0.6282775513427128
India,2020,6,22,0.05940221474204678,-2.8234237680889716,0.0033653413540848187,3,3,1312500,10349497,1928,2,1,0,0,0,0,1,1,31.119545503096145,38.31363608620384,0.7235454537651757,75.84175942160866,0.003494599739384263,1402617695,2674851578587.27,-5.77772470687303,6.6234367762853,40.7867848551821,0.09357503507040812,0.3869185521488304
India,2020,7,23,0.047843640335830065,-3.0398170782583795,0.003228166248251193,0,0,0,0,0,0,0,0,0,0,0,0,0,26.840454621748496,40.76590919494629,0.6154545491391963,75.01391740278764,-1.0915385206440087,1402617695,2674851578587.27,-5.77772470687303,6.6234367762853,40.7867848551821,0,0
India,2020,8,21,0.04453058563014118,-3.1115790083731993,0.0012760757335943396,1,0,0,0,70,0,0,0,0,0,1,1,0,22.889523824055985,42.38809512910389,0.6447619057836985,74.69810936667702,-0.42099925859743204,1402617695,2674851578587.27,-5.77772470687303,6.6234367762853,40.7867848551821,0,0
India,2020,9,22,0.05491299792001857,-2.902005202204507,-6.642135513443229e-4,0,0,0,0,0,0,0,0,0,0,0,0,0,27.64761906578428,39.625714074997674,0.6734761907940819,73.59551793878728,-1.4760633665804712,1402617695,2674851578587.27,-5.77772470687303,6.6234367762853,40.7867848551821,0,0
India,2020,10,21,0.04679657171330938,-3.0619453327308563,0.0018958180423585846,1,1,150000,4975720,152,1,0,0,0,0,0,1,1,29.438636086203847,39.55454531582919,0.7736818167296323,73.58507247198195,-0.014193074657109506,1402617695,2674851578587.27,-5.77772470687303,6.6234367762853,40.7867848551821,0.010694289722332356,0.18601854547114496
India,2020,11,19,0.046929211754465565,-3.059114945514065,0.00570537845405676,1,1,0,746358,14,0,1,0,0,0,0,1,1,24.99550008773804,41.346500396728516,0.8703500032424928,74.27882385253905,0.9427882004481969,1402617695,2674851578587.27,-5.77772470687303,6.6234367762853,40.7867848551821,0,0.027902781820671747
India,2020,12,22,0.043533484025709446,-3.1342248892738738,0.003564560180672981,0,0,0,0,0,0,0,0,0,0,0,0,0,22.374090974981137,47.06818147139116,0.9281818162311207,73.73644754161006,-0.7301896863710855,1402617695,2674851578587.27,-5.77772470687303,6.6234367762853,40.7867848551821,0,0
India,2021,1,20,0.04518254121320538,-3.0970445231051618,-0.0015586160181682903,0,0,0,0,0,0,0,0,0,0,0,0,0,24.909999847412127,52.10210559242651,1.068421056396083,73.15517134893507,-0.7883159713477861,1414203896,3167270623260.47,9.68959249191741,5.13140747176364,36.8920885102897,0,0
India,2021,2,20,0.07790106494978037,-2.55231565546999,0.0029512117908336855,1,1,0,249504,234,0,0,0,0,0,0,1,1,23.140526219418188,59.061052623548,1.2505789556001363,72.76644515991211,-0.5313721256544057,1414203896,3167270623260.47,9.68959249191741,5.13140747176364,36.8920885102897,0,0.00787757124912661
India,2021,3,21,0.056225095445701756,-2.878392083571249,3.951749184726975e-4,0,0,0,0,0,0,0,0,0,0,0,0,0,21.843043534652047,62.35739135742187,1.608391295308652,72.83132870992024,0.08916685412561076,1414203896,3167270623260.47,9.68959249191741,5.13140747176364,36.8920885102897,0,0
India,2021,4,19,0.057428237760353974,-2.8572191495783983,-7.783531646326178e-4,1,1,24,0,16,0,0,0,0,0,0,1,1,17.416190556117478,61.703809828985314,1.6179047652653287,74.52960459391275,2.3317930814588994,1414203896,3167270623260.47,9.68959249191741,5.13140747176364,36.8920885102897,1.6970678745747141e-6,0
India,2021,5,19,0.039704551312327106,-3.2262894552320693,0.0032984834298375176,2,2,2325153,5227703,217,0,2,0,0,0,0,1,1,19.760499858856203,65.15699977874756,1.6156499922275545,73.23303604125977,-1.739669168671376,1414203896,3167270623260.47,9.68959249191741,5.13140747176364,36.8920885102897,0.16441426915712584,0.16505387830164217
India,2021,6,22,0.01976763986381056,-3.9237090286016754,4.747207013160448e-4,2,2,376000,3801965,1341,2,0,0,0,0,0,1,1,16.95681814713911,71.3527287569913,1.5134090889583935,73.61804095181552,0.5257257262130111,1414203896,3167270623260.47,9.68959249191741,5.13140747176364,36.8920885102897,0.02658739670167052,0.12003915838698238
India,2021,7,21,0.025564462790553497,-3.6665520641443226,9.438549859112982e-5,3,2,7709,0,70,2,0,0,0,0,1,1,1,17.603333518618637,72.43047659737724,1.3084285656611119,74.53691900344121,1.248169660242815,1414203896,3167270623260.47,9.68959249191741,5.13140747176364,36.8920885102897,5.451123435456863e-4,0
India,2021,8,21,0.03249044441267203,-3.4268092509498627,0.004296656138801274,1,0,13,0,35,0,0,0,0,0,1,1,0,17.47772723978215,67.71136318553577,1.2778636379675428,74.133730017620593,-0.5409252102330786,1414203896,3167270623260.47,9.68959249191741,5.13140747176364,36.8920885102897,9.192450987279701e-7,0
India,2021,9,21,0.02770988308444973,-3.5859661393709423,0.0012848173247979574,2,2,850000,0,27,1,1,0,0,0,0,1,1,19.824761799403603,71.54476202101934,1.3711904798235204,73.62821405584162,-0.6818973787759197,1414203896,3167270623260.47,9.68959249191741,5.13140747176364,36.8920885102897,0.06010448722452112,0
India,2021,10,20,0.0348870538056102,-3.3556394697217926,1.5246596108777825e-4,3,3,184352,0,103,2,1,0,0,0,0,1,1,17.869047573634546,81.22285752069382,1.577190478642782,74.9613754272461,1.8106664523919624,1414203896,3167270623260.47,9.68959249191741,5.13140747176364,36.8920885102897,0.013035744033899904,0
India,2021,11,20,0.04464352647456447,-3.1090459659431446,-0.0019268723623528494,2,2,85500,0,76,2,0,0,0,0,0,1,1,18.500476246788384,78.65380932035902,1.5566190424419586,74.4731726212935,-0.6512724762186672,1414203896,3167270623260.47,9.68959249191741,5.13140747176364,36.8920885102897,0.006045804303172419,0
India,2021,12,23,0.050118515821600026,-2.9933647618907324,8.965636953624347e-4,1,1,2050,0,5,0,1,0,0,0,0,1,1,21.354545506564055,71.69000070745295,1.4618636315519173,75.39349995488706,1.2357837073405653,1414203896,3167270623260.47,9.68959249191741,5.13140747176364,36.8920885102897,1.4495788095325682e-4,0
India,2022,1,20,0.04639942092443312,-3.0704682999046766,-2.0611758435737823e-4,0,0,0,0,0,0,0,0,0,0,0,0,0,23.18100004196167,82.97900009155273,1.7624000012874594,74.445313226609,-1.257650498843299,1425423212,3249938492013.47,7.6093649776932,6.69903414079858,38.1859763563586,0,0
India,2022,2,20,0.07802540024315333,-2.5507208611600998,-0.001546480839446041,0,0,0,0,0,0,0,0,0,0,0,0,0,25.748421116879125,91.62894680625516,1.9378420992901448,74.91742553710938,0.6341733146629114,1425423212,3249938492013.47,7.6093649776932,6.69903414079858,38.1859763563586,0,0
India,2022,3,21,0.060723496679475235,-2.8014245606049477,0.0019256906140999572,1,1,0,0,25,0,0,0,0,1,0,1,1,26.968695682028066,108.26217385996941,2.1286087036132817,76.16376272837321,1.66361454939008,1425423212,3249938492013.47,7.6093649776932,6.69903414079858,38.1859763563586,0,0
India,2022,4,19,0.05207195443586564,-2.955128777734218,-0.0013725577649290031,1,1,95000,0,20,0,1,0,0,0,0,1,1,24.373500156402585,101.64049949645995,2.747150003910064,76.1790687561035,0.020096207411501865,1425423212,3249938492013.47,7.6093649776932,6.69903414079858,38.1859763563586,0.006664687315334669,0
India,2022,5,21,0.06456626574756592,-2.7400632066386206,-0.0012637965300863797,1,1,1301260,4620325,2035,1,0,0,0,0,0,1,1,29.445714587257022,109.25952293759302,2.899571430115473,77.26883034084155,1.4305262620458725,1425423212,3249938492013.47,7.6093649776932,6.69903414079858,38.1859763563586,0.09128937911528832,0.14216653673151577
India,2022,6,22,0.05021878395843068,-2.9913661398343856,-0.0021331659129475832,1,0,0,0,67,0,0,0,0,0,1,1,0,28.100000018165233,114.33904811314167,3.140523796989804,78.08494013006037,1.0561953450296535,1425423212,3249938492013.47,7.6093649776932,6.69903414079858,38.1859763563586,0,0
India,2022,7,21,0.03980437854276089,-3.223778359105593,0.003921747928043626,0,0,0,0,0,0,0,0,0,0,0,0,0,24.86850004196167,99.38449974060059,2.891750001907348,79.56836736769904,1.89976099766207,1425423212,3249938492013.47,7.6093649776932,6.69903414079858,38.1859763563586,0,0
India,2022,8,20,0.04061541376084018,-3.203607635141226,0.0016796603896530368,1,1,800000,0,63,1,0,0,0,0,0,1,1,22.169565366662077,91.48260862930961,2.8993043173914375,79.52534783404806,-0.054066125866547576,1425423212,3249938492013.47,7.6093649776932,6.69903414079858,38.1859763563586,0.05612368265544984,0
India,2022,9,22,0.04481142217235116,-3.105292212853505,-0.0016402697013336756,1,1,0,0,0,1,0,0,0,0,0,1,1,27.40619041806175,83.8019049508231,3.5168095316205696,80.19851902553013,0.8464863214264984,1425423212,3249938492013.47,7.6093649776932,6.69903414079858,38.1859763563586,0,0
India,2022,10,19,0.03970320143980651,-3.2263234537391154,0.0029577753054887148,0,0,0,0,0,0,0,0,0,0,0,0,0,30.0057144165039,87.0309524536133,3.9708095050993424,82.26640937441871,2.5784645078424706,1425423212,3249938492013.47,7.6093649776932,6.69903414079858,38.1859763563586,0,0
India,2022,11,21,0.02911882611417454,-3.53637036847944,0.0018097262682077984,0,0,0,0,0,0,0,0,0,0,0,0,0,23.436190650576634,84.38571457635788,3.8860476471128913,81.6726812882857,-0.7217138691817504,1425423212,3249938492013.47,7.6093649776932,6.69903414079858,38.1859763563586,0,0
India,2022,12,22,0.032969771302428535,-3.412164158457935,-0.0016570725409278905,1,1,0,0,0,0,1,0,0,0,0,1,1,21.7842856815883,76.51809510730561,3.61857142902556,82.41765941273084,0.9121509330831667,1425423212,3249938492013.47,7.6093649776932,6.69903414079858,38.1859763563586,0,0
India,2023,1,21,0.033708733984779325,-3.38999830651441,-0.0010211910389279703,0,0,0,0,0,0,0,0,0,0,0,0,0,20.202999973297132,78.16400032043458,3.5390500068664554,81.8011360168457,-0.7480476881753129,1438069596,3500906030644.76,7.210224629335,5.64914318907925,40.8940758962907,0,0
India,2023,2,20,0.028504742196637324,-3.5576848126848217,-4.959683967419079e-4,0,0,0,0,0,0,0,0,0,0,0,0,0,20.062105379606546,76.86052583393297,3.7481578902194372,82.55955429077149,0.9271488280671258,1438069596,3500906030644.76,7.210224629335,5.64914318907925,40.8940758962907,0,0
India,2023,3,21,0.03862223843173625,-3.2539270432332312,2.373687860431585e-5,1,1,14,0,16,0,1,0,0,0,0,1,1,21.644347895746655,73.37260934580928,3.6646086962326714,82.28949107294498,-0.32711322165736023,1438069596,3500906030644.76,7.210224629335,5.64914318907925,40.8940758962907,9.73527292346705e-7,0
India,2023,4,17,0.0196613168043667,-3.9291021876471635,0.0020777513119499503,2,2,790,0,190,0,0,0,0,2,0,1,1,17.8178946344476,79.43842155054998,3.462578949175384,81.97213381812686,-0.3856595182206157,1438069596,3500906030644.76,7.210224629335,5.64914318907925,40.8940758962907,5.4934754353849784e-5,0
India,2023,5,22,0.02661554121757675,-3.626259977505867,0.0011093177278160029,1,1,1000,0,0,0,1,0,0,0,0,1,1,17.644090999256488,71.62090925736862,3.5740454522046186,82.31353925622028,0.4164896315263622,1438069596,3500906030644.76,7.210224629335,5.64914318907925,40.8940758962907,6.953766373905036e-5,0
India,2023,6,21,0.023508519292644237,-3.7503924004363984,0.0015679781881811966,4,4,10760005,3170,1598,3,1,0,0,0,0,1,1,13.994285628909152,70.27428545270648,3.7471904868171313,82.17579905192058,-0.16733602460095032,1438069596,3500906030644.76,7.210224629335,5.64914318907925,40.8940758962907,0.7482256095205005,9.054798878495413e-5
India,2023,7,21,0.026424922850609413,-3.6334476667907634,0.0013128561165032357,2,1,200,0,51,1,0,0,0,0,1,1,1,13.94399991035461,76.03449974060058,3.8950000286102306,82.16991424560547,-0.007161240149777814,1438069596,3500906030644.76,7.210224629335,5.64914318907925,40.8940758962907,1.3907532747810072e-5,0
India,2023,8,22,0.02094928266734519,-3.865650873422387,-0.0011739894990418645,2,0,607,0,36,0,0,0,0,0,2,1,0,15.853912975477135,81.32086977751358,4.167434816775114,82.83536496369734,0.8098471614596647,1438069596,3500906030644.76,7.210224629335,5.64914318907925,40.8940758962907,4.2209361889603566e-5,0
India,2023,9,20,0.02469292682556493,-3.7012384396954676,7.630620274724724e-4,1,1,1074,0,12,0,1,0,0,0,0,1,1,15.241000032424925,89.43050003051758,4.375349998474121,83.05153923034668,0.26096856909372246,1438069596,3500906030644.76,7.210224629335,5.64914318907925,40.8940758962907,7.468345085574009e-5,0
India,2023,10,20,0.031028291145315533,-3.4728558730884096,-0.001506225167982311,1,1,88400,0,178,0,0,0,0,0,0,1,1,18.887727303938444,85.46681837602095,4.79795451597734,83.22280432961203,0.20621544266667957,1438069596,3500906030644.76,7.210224629335,5.64914318907925,40.8940758962907,0.006147129474532052,0
India,2023,11,20,0.022441864250131168,-3.796827124678033,0.0023796541065451036,1,1,25,0,24,0,1,0,0,0,0,1,1,14.077142897106343,77.37666720435733,4.50476192292713,83.36060402610084,0.1655792515030452,1438069596,3500906030644.76,7.210224629335,5.64914318907925,40.8940758962907,1.738441593476259e-6,0
India,2023,12,20,0.03611609835777514,-3.321016575155544,0.003773872403201662,2,2,4390000,132073,30,1,1,0,0,0,0,1,1,12.71849999427795,72.12350006103514,4.022749972343445,83.211090087890625,-0.17935803123908522,1438069596,3500906030644.76,7.210224629335,5.64914318907925,40.8940758962907,0.3052703438144311,0.003772537704351813
India,2024,1,20,0.04503167006038639,-3.1003892576285104,-3.3901123865627303e-4,0,0,0,0,0,0,0,0,0,0,0,0,0,13.395238149733762,73.86095210484096,4.054714282353719,83.12909565801205,-0.0985378629122291,1450935791,3760813470500.86,7.09927893176518,4.95303550973661,41.6079694330613,0,0
India,2024,2,21,0.025606504298210514,-3.6649088856191425,4.939715960732812e-4,0,0,0,0,0,0,0,0,0,0,0,0,0,13.944000101089475,76.61000022888183,4.211700010299683,82.97882806687127,-0.18076413553079762,1450935791,3760813470500.86,7.09927893176518,4.95303550973661,41.6079694330613,0,0
India,2024,3,18,0.03074339712436729,-3.482080035449748,8.751020674741104e-4,2,2,47932,0,737,0,1,0,0,1,0,1,1,13.78749990463257,80.40499992370606,4.20809998512268,83.03821737116034,0.0715716354070528,1450935791,3760813470500.86,7.09927893176518,4.95303550973661,41.6079694330613,0.0033035231674149253,0
India,2024,4,20,0.029089880295564773,-3.537364921452047,5.612740308384546e-4,0,0,0,0,0,0,0,0,0,0,0,0,0,16.13772708719427,84.39409117265183,4.538318135521629,83.41537232832475,0.4541944289081057,1450935791,3760813470500.86,7.09927893176518,4.95303550973661,41.6079694330613,0,0
India,2024,5,21,0.03004759979374313,-3.5049724949433068,-3.3456295574804245e-4,4,4,4286718,0,116,1,3,0,0,0,0,1,1,13.090454535050823,78.6213642467152,4.481954509561712,83.36660939996892,-0.05845796403556314,1450935791,3760813470500.86,7.09927893176518,4.95303550973661,41.6079694330613,0.2954450518479215,0
India,2024,6,19,0.08000662432574515,-2.525645843664509,0.0034905197120686368,0,0,0,0,0,0,0,0,0,0,0,0,0,12.676842037000158,78.69842127749794,4.305105234447279,83.47769092378164,0.13324462229209466,1450935791,3760813470500.86,7.09927893176518,4.95303550973661,41.6079694330613,0,0
India,2024,7,22,0.02501825491418974,-3.688149524010154,0.0015317222886850536,3,2,1003111,143684,549,2,0,0,0,0,1,1,1,14.470000050284641,80.4813638166948,4.246090910651467,83.59783106264861,0.14391885728686216,1450935791,3760813470500.86,7.09927893176518,4.95303550973661,41.6079694330613,0.06913545080507287,0.0038205564069324705
India,2024,8,21,0.04064939388032409,-3.2027713537926172,3.6238392381465995e-4,3,2,9707263,0,61,2,0,0,0,0,1,1,1,19.31227272207087,75.4336367520419,3.8704091093756947,83.89630453927175,0.357034952736357,1450935791,3760813470500.86,7.09927893176518,4.95303550973661,41.6079694330613,0.669034636833216,0
India,2024,9,21,0.03379352896478629,-3.3874859455681654,0.0011052043040172981,0,0,0,0,0,0,0,0,0,0,0,0,0,17.768999814987193,69.37249946594238,3.7196500062942506,83.81024586070667,-0.10257743656014728,1450935791,3760813470500.86,7.09927893176518,4.95303550973661,41.6079694330613,0,0
India,2024,10,22,0.0339391953191166,-3.3831847283812015,-0.0027281210559097443,2,2,3810012,75229,24,1,1,0,0,0,0,1,1,19.960869581803042,71.56173838739811,4.092913036761077,84.03275923295456,0.26549662271329044,1450935791,3760813470500.86,7.09927893176518,4.95303550973661,41.6079694330613,0.26258997976568627,0.0020003385062854796
India,2024,11,19,0.04359865399516679,-3.132729000774175,2.735709277705253e-4,0,0,0,0,0,0,0,0,0,0,0,0,0,16.12100005149841,69.54399986267089,4.3548500776290915,84.34821392240978,0.3753948963888254,1450935791,3760813470500.86,7.09927893176518,4.95303550973661,41.6079694330613,0,0
India,2024,12,20,0.03152588888949476,-3.456946201192588,-9.836743594210159e-4,1,1,0,0,20,0,1,0,0,0,0,1,1,15.79200010299683,69.59650001525878,4.382350015640259,84.98197728937323,0.751365485398936,1450935791,3760813470500.86,7.09927893176518,4.95303550973661,41.6079694330613,0,0
Indonesia,2010,1,19,0.03803423293664077,-3.2692686580389623,7.181652354547419e-4,2,2,28855,0,15,2,0,0,0,0,0,1,1,20.643157758210826,78.40263165925678,3.7110526812703997,9254.904761904761,NA,246305322,755094157621.936,6.22385418062366,5.13420639015885,27.2530411349395,0.011715134600299056,0
Indonesia,2010,2,19,0.04748692801938356,-3.047300805407823,-0.0012600550577349134,1,1,100,0,44,1,0,0,0,0,0,1,1,22.540000012046416,76.45263190018504,3.6792631651225847,9353.15,1.0615478021949842,246305322,755094157621.936,6.22385418062366,5.13420639015885,27.2530411349395,4.060001594281426e-5,0
Indonesia,2010,3,22,0.05061913272593067,-2.9834256570437234,0.003898431363659618,0,0,0,0,0,0,0,0,0,0,0,0,0,17.767391287762184,81.28999992038894,3.7192608791848887,9140.3167724609375,-2.2755245830448745,246305322,755094157621.936,6.22385418062366,5.13420639015885,27.2530411349395,0,0
Indonesia,2010,4,21,0.0488790454539208,-3.0184064926662537,0.003214470097731194,0,0,0,0,0,0,0,0,0,0,0,0,0,17.424285661606568,84.57523745582216,3.8193333262488953,9028.8857421875,-1.2191156285652038,246305322,755094157621.936,6.22385418062366,5.13420639015885,27.2530411349395,0,0
Indonesia,2010,5,19,0.11857820583602377,-2.132182571227031,-0.0031816531855890155,0,0,0,0,0,0,0,0,0,0,0,0,0,31.929500007629393,74.11750144958496,3.412749969959259,9196.75,1.8591912956452017,246305322,755094157621.936,6.22385418062366,5.13420639015885,27.2530411349395,0,0
Indonesia,2010,6,22,0.06020199876521572,-2.8100497251385432,0.0018584676256135813,0,0,0,0,0,0,0,0,0,0,0,0,0,29.916363716125478,75.40454587069425,3.1940000057220455,9138.004527698864,-0.6387633925151404,246305322,755094157621.936,6.22385418062366,5.13420639015885,27.2530411349395,0,0
Indonesia,2010,7,22,0.03315121255802714,-3.4066759850998505,0.0023647595583469994,1,1,15007,0,21,1,0,0,0,0,0,1,1,25.565237862723215,76.38285754975817,2.9849047433762324,9018.566592261905,-1.30704613983198,246305322,755094157621.936,6.22385418062366,5.13420639015885,27.2530411349395,0.006092844392538136,0
Indonesia,2010,8,21,0.04471567121009971,-3.1074312524479524,1.9514354922294064e-4,0,0,0,0,0,0,0,0,0,0,0,0,0,24.745908997275617,76.66681705821644,2.688545454632153,8923.919497282608,-1.049469380871515,246305322,755094157621.936,6.22385418062366,5.13420639015885,27.2530411349395,0,0
Indonesia,2010,9,17,0.057375786589902986,-2.858132901067465,0.007505422587805994,1,1,0,0,24,1,0,0,0,0,0,1,1,22.517618996756415,75.54857090541294,2.637190500895183,8968.98193359375,0.5049623803180081,246305322,755094157621.936,6.22385418062366,5.13420639015885,27.2530411349395,0,0
Indonesia,2010,10,21,0.03420635787330492,-3.375343749463134,0.0017888078131387585,2,1,12446,115161,304,1,0,0,0,0,1,1,1,20.373333249773307,81.97476232619512,2.5141999602317817,8908.899951171876,-0.6698863133711375,246305322,755094157621.936,6.22385418062366,5.13420639015885,27.2530411349395,0.005053077984242663,0.015251210572557407
Indonesia,2010,11,21,0.051082775481771064,-2.9743079133156543,-0.0013836834589719428,1,1,200,0,16,1,0,0,0,0,0,1,1,20.095714387439546,84.31476157052177,2.7383809543791275,8523.568697842684,-4.325239428449357,246305322,755094157621.936,6.22385418062366,5.13420639015885,27.2530411349395,8.120003188562852e-5,0
Indonesia,2010,12,20,0.05352036301386171,-2.9276930804149557,0.0023820362880980104,0,0,0,0,0,0,0,0,0,0,0,0,0,17.56954552910545,89.23318169333717,3.280363624746149,9000.713145380434,5.597942181876414,246305322,755094157621.936,6.22385418062366,5.13420639015885,27.2530411349395,0,0
Indonesia,2011,1,21,0.08187835943137373,-2.5025205546455935,-0.003943503010587943,1,1,12000,0,0,1,0,0,0,0,0,1,1,17.31549987792969,89.57850036621095,3.36875,8989.61193266369,-0.12333703493750958,249470032,892969104563.171,6.16978420771008,5.35604849112582,30.0821993577662,0.004810197001938894,0
Indonesia,2011,2,18,0.038707381632383756,-3.251724957280057,9.88158489535805e-4,1,1,1060,0,0,1,0,0,0,0,0,1,1,17.429999903628694,89.74315763774672,3.5646841902481885,8865.700048828125,-1.3783896876052415,249470032,892969104563.171,6.16978420771008,5.35604849112582,30.0821993577662,4.24900735171269e-4,0
Indonesia,2011,3,23,0.042217105824695976,-3.1649297887767003,0.0025346758892904366,2,2,3750,0,34,2,0,0,0,0,0,1,1,20.723478151404343,102.98130466627028,3.406260842862337,8738.750081380209,-1.4319226541472774,249470032,892969104563.171,6.16978420771008,5.35604849112582,30.0821993577662,0.0015031865631059045,0
Indonesia,2011,4,20,0.02732064041037984,-3.600112803471568,0.0018798990405542784,1,1,3000,0,18,1,0,0,0,0,0,1,1,16.244000005722054,110.0385005950928,3.4328000068664557,8632.7421875,-1.2130784482105916,249470032,892969104563.171,6.16978420771008,5.35604849112582,30.0821993577662,0.0012025492504847235,0
Indonesia,2011,5,21,0.036694505316309606,-3.3051282540322515,2.158035021744908e-4,1,0,4,0,19,0,0,0,0,0,1,1,0,16.91142858777728,101.35666656494143,3.158333335603986,8541.584876019022,-1.055948498183712,249470032,892969104563.171,6.16978420771008,5.35604849112582,30.0821993577662,1.6033990006462982e-6,0
Indonesia,2011,6,20,0.03500497503621868,-3.352265083702247,6.679488315874063e-4,0,0,0,0,0,0,0,0,0,0,0,0,0,19.153182029724125,96.2886366410689,2.9914545362645946,8552.595481178978,0.1289058801121179,249470032,892969104563.171,6.16978420771008,5.35604849112582,30.0821993577662,0,0
Indonesia,2011,7,21,0.03735496112805344,-3.287289548163843,0.0028776111925263963,0,0,0,0,0,0,0,0,0,0,0,0,0,19.22749991416931,97.34049987792967,2.9779500007629416,8520.235770089286,-0.3783612958300542,249470032,892969104563.171,6.16978420771008,5.35604849112582,30.0821993577662,0,0
Indonesia,2011,8,19,0.09011211542311796,-2.406700657002337,-0.0038183164931867627,0,0,0,0,0,0,0,0,0,0,0,0,0,35.02913035517153,86.34086973770805,2.286434785179471,8479.81742527174,-0.474380591197221,249470032,892969104563.171,6.16978420771008,5.35604849112582,30.0821993577662,0,0
Indonesia,2011,9,20,0.12360414164335473,-2.0906712260785607,-0.003962409649622511,0,0,0,0,0,0,0,0,0,0,0,0,0,36.52999977838426,85.60999915713356,1.96390476113274,8702.985816592261,2.6317593897178693,249470032,892969104563.171,6.16978420771008,5.35604849112582,30.0821993577662,0,0
Indonesia,2011,10,21,0.10214712820539655,-2.281341071619361,0.0031387908549715526,0,0,0,0,0,0,0,0,0,0,0,0,0,32.82904770260767,86.42809513636998,2.127476198332649,8826.442894345239,1.4185600247400787,249470032,892969104563.171,6.16978420771008,5.35604849112582,30.0821993577662,0,0
Indonesia,2011,11,22,0.06422713416680727,-2.7453295070044947,-9.176951839107966e-4,1,0,0,0,34,0,0,0,0,0,1,1,0,31.94190470377603,97.16285705566409,2.005333327111743,8975.89786044034,1.6932638423441393,249470032,892969104563.171,6.16978420771008,5.35604849112582,30.0821993577662,0,0
Indonesia,2011,12,21,0.03831634138625234,-3.261878805744102,0.0013510272672321933,1,1,54,0,10,1,0,0,0,0,0,1,1,25.047619047619044,98.57571338471918,1.9693809520630605,9043.009144176136,0.7476832377023568,249470032,892969104563.171,6.16978420771008,5.35604849112582,30.0821993577662,2.1645886508725024e-5,0
Indonesia,2012,1,21,0.03778890605008124,-3.275739710172022,0.0014685058272668702,1,1,10060,1402,16,0,1,0,0,0,0,1,1,20.22799987792968,100.31849899292001,1.944050002098083,9050.613636363636,0.08409249693612786,252698525,917869913332.649,6.03005065305615,4.2795142691943,33.4341714348422,0.003981028381546747,1.5274495651671887e-4
Indonesia,2012,2,21,0.04543641768727083,-3.0914413437845667,5.228399472643831e-4,1,1,490,0,5,0,1,0,0,0,0,1,1,18.42049999237059,102.26249961853036,1.95825001001358,8594.404761904761,-5.040640256986717,252698525,917869913332.649,6.03005065305615,4.2795142691943,33.4341714348422,1.939069490017799e-4,0
Indonesia,2012,3,21,0.026107142565753385,-3.6455463405688557,0.0016018772155343337,0,0,0,0,0,0,0,0,0,0,0,0,0,16.167272871190846,106.20499940352013,2.161181818355213,9125.111372514204,6.175024627206671,252698525,917869913332.649,6.03005065305615,4.2795142691943,33.4341714348422,0,0
Indonesia,2012,4,20,0.029932672122051796,-3.508804682049817,7.128461877783821e-4,0,0,0,0,0,0,0,0,0,0,0,0,0,17.82299990653992,103.346000289917,2.0283500015735627,9144.218217329546,0.20938752455004206,252698525,917869913332.649,6.03005065305615,4.2795142691943,33.4341714348422,0,0
Indonesia,2012,5,21,0.04989926139675149,-2.9977490780025167,-0.004137357150924172,3,1,1235,0,37,1,0,0,0,0,2,1,1,21.00181813673539,94.71590978449039,1.789999988946048,9219.11086107337,0.8190163660124927,252698525,917869913332.649,6.03005065305615,4.2795142691943,33.4341714348422,4.887246571779555e-4,0
Indonesia,2012,6,21,0.06889119460324872,-2.67522690879217,0.0015011699683208,0,0,0,0,0,0,0,0,0,0,0,0,0,21.13095229012627,82.40523819696337,1.6085238172894434,9381.642529296874,1.7629863733364504,252698525,917869913332.649,6.03005065305615,4.2795142691943,33.4341714348422,0,0
Indonesia,2012,7,22,0.04287933552732526,-3.1493652584374816,0.0020969858915234466,2,2,4395,0,16,2,0,0,0,0,0,1,1,17.565238180614656,87.93142881847564,1.4991428568249652,9407.784816576086,0.27865362805685745,252698525,917869913332.649,6.03005065305615,4.2795142691943,33.4341714348422,0.0017392266140057605,0
Indonesia,2012,8,19,0.029898500070390095,-3.509946964713692,-0.0010524028329662188,1,1,1045,0,4,1,0,0,0,0,0,1,1,15.68956511953603,94.16087009595788,1.6691739144532578,9463.590864701704,0.5931900996214434,252698525,917869913332.649,6.03005065305615,4.2795142691943,33.4341714348422,4.135362483813469e-4,0
Indonesia,2012,9,20,0.038554789442854065,-3.2556749469271673,0.002430283323675298,1,1,1150,0,0,1,0,0,0,0,0,1,1,15.284736834074321,94.5584218878495,1.712736845016481,9526.752418154761,0.667416357660211,252698525,917869913332.649,6.03005065305615,4.2795142691943,33.4341714348422,4.550877374531569e-4,0
Indonesia,2012,10,22,0.021864922650422555,-3.822871631721381,9.260264156761944e-4,0,0,0,0,0,0,0,0,0,0,0,0,0,16.276190576099218,89.9480954124814,1.7211428540093547,9561.025035511364,0.35975131768188895,252698525,917869913332.649,6.03005065305615,4.2795142691943,33.4341714348422,0,0
Indonesia,2012,11,20,0.02475458683425947,-3.698744480501551,-8.5958696977837e-4,1,1,15210,0,13,1,0,0,0,0,0,1,1,16.701904841831762,86.73238009498233,1.6426190364928472,9579.440962357954,0.19261456567878366,252698525,917869913332.649,6.03005065305615,4.2795142691943,33.4341714348422,0.006019029988402188,0
Indonesia,2012,12,18,0.018841662597265434,-3.9716847654650724,5.24285112594293e-4,1,1,10500,0,3,1,0,0,0,0,0,1,1,17.306999826431277,88.24550018310548,1.7045500040054304,9607.8224609375,0.29627510301559745,252698525,917869913332.649,6.03005065305615,4.2795142691943,33.4341714348422,0.004155148907180998,0
Indonesia,2013,1,21,0.033208619454641146,-3.404945814627941,0.0014879906984446515,3,2,249849,4145952,63,2,0,0,0,0,1,1,1,13.505238124302462,94.82857077462332,1.8900000084014166,9630.395635190218,0.2349457886476891,255852467,912524136718.018,5.5572636889101,6.41249457900391,36.0581396070456,0.09765354343837537,0.45433888630182656
Indonesia,2013,2,20,0.029400651217961354,-3.5267384546120204,0.0037001133294327637,2,2,71900,2764,20,2,0,0,0,0,0,1,1,14.072631635163958,95.3215789794922,1.9674210485659147,9649.655029296875,0.19998549214614858,255852467,912524136718.018,5.5572636889101,6.41249457900391,36.0581396070456,0.028102132781076525,3.0289609762444155e-4
Indonesia,2013,3,19,0.039888183281927156,-3.2216751572975535,0.0015698303932293854,1,0,0,0,13,0,0,0,0,0,1,1,0,13.03150000572205,92.95699920654297,1.94549999833107,9665.8818359375,0.168159448097982,255852467,912524136718.018,5.5572636889101,6.41249457900391,36.0581396070456,0,0
Indonesia,2013,4,22,0.028375159491268776,-3.5622411823587012,8.483649679958653e-4,1,1,115000,0,11,1,0,0,0,0,0,1,1,13.967272715135058,92.06772752241655,1.731181794946843,9691.025079900568,0.26012364303467095,255852467,912524136718.018,5.5572636889101,6.41249457900391,36.0581396070456,0.044947778439830326,0
Indonesia,2013,5,22,0.04982439324848668,-2.9992505906094755,3.109623052512137e-4,0,0,0,0,0,0,0,0,0,0,0,0,0,13.493636304681955,94.79954598166726,1.9180454611778264,9722.334117542614,0.32307250661214315,255852467,912524136718.018,5.5572636889101,6.41249457900391,36.0581396070456,0,0
Indonesia,2013,6,19,0.09993275902003058,-2.3032577289626004,-0.0026592364917365,0,0,0,0,0,0,0,0,0,0,0,0,0,17.27149991989137,95.80049934387208,2.289049994945526,9790.657180059523,0.7027434121362752,255852467,912524136718.018,5.5572636889101,6.41249457900391,36.0581396070456,0,0
Indonesia,2013,7,23,0.07006726448178865,-2.658299577153566,-0.0019232650316558136,1,1,8140,0,12,1,0,0,0,0,0,1,1,13.974545652216133,104.69863648848099,2.5659090930765323,10014.269616168478,2.2839369410705412,255852467,912524136718.018,5.5572636889101,6.41249457900391,36.0581396070456,0.0031815210130453813,0
Indonesia,2013,8,17,0.09069205862209424,-2.4002854822313417,-0.005552647019500553,0,0,0,0,0,0,0,0,0,0,0,0,0,14.209999908100468,106.53909128362481,2.7304545424201265,10512,4.97021153722399,255852467,912524136718.018,5.5572636889101,6.41249457900391,36.0581396070456,0,0
Indonesia,2013,9,21,0.0928498813767917,-2.3767712687632185,0.0013550046103414464,1,1,23640,0,0,1,0,0,0,0,0,1,1,14.692000102996825,106.2354995727539,2.8008000254631047,11276.863636363636,7.276100041511002,255852467,912524136718.018,5.5572636889101,6.41249457900391,36.0581396070456,0.009239699846239903,0
Indonesia,2013,10,21,0.03650560691167976,-3.310289416172493,0.002098448406350091,1,1,16000,0,0,1,0,0,0,0,0,1,1,15.407826050468104,100.55260799242103,2.5997391161711327,11194.307152157739,-0.7320872794779887,255852467,912524136718.018,5.5572636889101,6.41249457900391,36.0581396070456,0.006253603956845958,0
Indonesia,2013,11,20,0.047190266966534763,-3.0535676159906173,-0.0029002425867039605,0,0,0,0,0,0,0,0,0,0,0,0,0,12.923999977111816,93.93149986267089,2.7084999799728395,11162.800037202382,-0.2814565879522446,255852467,912524136718.018,5.5572636889101,6.41249457900391,36.0581396070456,0,0
Indonesia,2013,12,19,0.042193005620231525,-3.165500815273568,2.1890772862236577e-4,2,2,106750,5528,4,2,0,0,0,0,0,1,1,14.192380905151367,97.89428601946148,2.8920000280652722,11590.970481178978,3.8356903514317864,255852467,912524136718.018,5.5572636889101,6.41249457900391,36.0581396070456,0.04172326389958163,6.057921952488831e-4
Indonesia,2014,1,20,0.05699901817581977,-2.864721236281557,0.0016633416856008058,5,4,412532,1262009,82,4,0,0,0,0,1,1,1,14.240952400934129,94.85666729155041,2.8421428317115423,12035.478260869566,3.8349487682016292,258877399,890814755533.537,5.006668425755,6.39492882396559,36.4235451552096,0.15935419684898797,0.14166907229148254
Indonesia,2014,2,20,0.03335041908104389,-3.400684940551215,0.0022291568138146367,1,1,275,0,13,1,0,0,0,0,0,1,1,15.470000116448647,100.67526245117193,2.6972631655241317,11834.6,-1.6690509219120298,258877399,890814755533.537,5.006668425755,6.39492882396559,36.4235451552096,1.062278905235756e-4,0
Indonesia,2014,3,20,0.04948568248798961,-3.0060718939130973,0.0015771776926923663,0,0,0,0,0,0,0,0,0,0,0,0,0,14.836666742960618,100.50904737200057,2.716666664396014,11417.045454545454,-3.5282522895116575,258877399,890814755533.537,5.006668425755,6.39492882396559,36.4235451552096,0,0
Indonesia,2014,4,20,0.04765835473197853,-3.0436973288478444,7.47993193083563e-4,0,0,0,0,0,0,0,0,0,0,0,0,0,14.198095321655277,102.03476206461586,2.6912857123783653,11435.40909090909,0.16084403304468253,258877399,890814755533.537,5.006668425755,6.39492882396559,36.4235451552096,0,0
Indonesia,2014,5,18,0.03846838315176218,-3.257918591909014,6.136862084768305e-4,0,0,0,0,0,0,0,0,0,0,0,0,0,12.475238028026752,101.79476165771486,2.551809515271868,11505.238095238095,0.6106384456723735,258877399,890814755533.537,5.006668425755,6.39492882396559,36.4235451552096,0,0
Indonesia,2014,6,21,0.026942913271544803,-3.6140349745909863,-1.493628429047346e-4,0,0,0,0,0,0,0,0,0,0,0,0,0,11.541428565979004,105.14666748046872,2.592571417490641,11879.454545454546,3.2525745848869914,258877399,890814755533.537,5.006668425755,6.39492882396559,36.4235451552096,0,0
Indonesia,2014,7,18,0.03406139416360898,-3.379590672007242,0.002343769703693531,0,0,0,0,0,0,0,0,0,0,0,0,0,12.296363613822255,102.3918176130815,2.5300000039013946,11660.739130434782,-1.8411233797215987,258877399,890814755533.537,5.006668425755,6.39492882396559,36.4235451552096,0,0
Indonesia,2014,8,20,0.023889977285877717,-3.734296268424372,4.700019030940972e-4,0,0,0,0,0,0,0,0,0,0,0,0,0,13.497142927987234,96.07619040352958,2.4121905167897553,11706.42857142857,0.3918228551613723,258877399,890814755533.537,5.006668425755,6.39492882396559,36.4235451552096,0,0
Indonesia,2014,9,22,0.027865788975871497,-3.5803555441367694,6.3382032424928e-6,0,0,0,0,0,0,0,0,0,0,0,0,0,13.466666630336219,93.03428540910994,2.5284285545349126,11895.863636363636,1.6182139905368986,258877399,890814755533.537,5.006668425755,6.39492882396559,36.4235451552096,0,0
Indonesia,2014,10,23,0.047673563954539866,-3.043378249511145,-4.083939411949039e-4,0,0,0,0,0,0,0,0,0,0,0,0,0,18.01608711740246,84.33912924061651,2.288304339284482,12131.272727272728,1.978915513031665,258877399,890814755533.537,5.006668425755,6.39492882396559,36.4235451552096,0,0
Indonesia,2014,11,20,0.02430260470479977,-3.7171717448820853,5.893089851542578e-4,1,1,10420,0,1,1,0,0,0,0,0,1,1,13.41315786462081,75.81000077097039,2.322789455714978,12146.9,0.12881808099276526,258877399,890814755533.537,5.006668425755,6.39492882396559,36.4235451552096,0.0040250713427478465,0
Indonesia,2014,12,20,0.03127354330351108,-3.4649828007399304,7.426117043919154e-4,1,0,3900,0,108,0,0,0,0,0,1,1,0,16.311818296259105,59.28954488580878,2.2043636278672656,12422.739130434782,2.27086030538477,258877399,890814755533.537,5.006668425755,6.39492882396559,36.4235451552096,0.0015065046292434359,0
Indonesia,2015,1,21,0.030888176032227977,-3.4773818209873615,5.656294721636321e-4,2,2,33259,0,3,2,0,0,0,0,0,1,1,19.11949996948241,47.32550010681152,1.8735500037670145,12527.772727272728,0.8454946669581132,261799249,860854232686.214,4.87632230022123,6.36312061196646,39.1187982955119,0.012704008940835426,0
Indonesia,2015,2,19,0.02259932646200538,-3.7898351757141358,0.0015770567959765048,2,2,300,319203,6,2,0,0,0,0,0,1,1,15.904210492184289,50.724736464651016,1.9698947291625173,12735.15,1.6553403166056357,261799249,860854232686.214,4.87632230022123,6.36312061196646,39.1187982955119,1.145916197796274e-4,0.0370797967739506
Indonesia,2015,3,22,0.03068831094445937,-3.483873447887859,5.667349369165625e-4,2,1,8055,0,12,1,0,0,0,0,1,1,1,14.812727277929119,47.85409060391514,2.0408181710676714,13035.173913043478,2.3558726284612197,261799249,860854232686.214,4.87632230022123,6.36312061196646,39.1187982955119,0.003076784991082996,0
Indonesia,2015,4,21,0.04943686902812692,-3.0070587965571653,-0.0038839295460721106,0,0,0,0,0,0,0,0,0,0,0,0,0,13.494761875697547,54.62809553600491,1.9270952542622881,12933.454545454546,-0.7803453046924647,261799249,860854232686.214,4.87632230022123,6.36312061196646,39.1187982955119,0,0
Indonesia,2015,5,19,0.026027379986849772,-3.648606218639357,0.0013278008493417866,1,0,0,0,13,0,0,0,0,0,1,1,0,13.338500070571884,59.371999931335445,2.1918000221252445,13094.333333333334,1.2438964958153997,261799249,860854232686.214,4.87632230022123,6.36312061196646,39.1187982955119,0,0
Indonesia,2015,6,21,0.0460925223052948,-3.0771045480952415,-0.0028759769769231736,0,0,0,0,0,0,0,0,0,0,0,0,0,14.339545510031959,59.82863651622426,2.3569090799851855,13288.954545454546,1.486301036997273,261799249,860854232686.214,4.87632230022123,6.36312061196646,39.1187982955119,0,0
Indonesia,2015,7,19,0.0386127841394729,-3.254171862021284,-0.0011718597180701363,2,2,25750,0,11,1,0,1,0,0,0,1,1,14.35272723978216,50.93000013178045,2.3152727105400785,13352.045454545454,0.47476202040654947,261799249,860854232686.214,4.87632230022123,6.36312061196646,39.1187982955119,0.009835780697751352,0
Indonesia,2015,8,20,0.08771148902894566,-2.433702384433436,-0.003146627487601617,0,0,0,0,0,0,0,0,0,0,0,0,0,19.42809536343529,42.88904771350679,2.1617619083041233,13704.09090909091,2.6366406236701945,261799249,860854232686.214,4.87632230022123,6.36312061196646,39.1187982955119,0,0
Indonesia,2015,9,21,0.05482444454543876,-2.903619116139654,-0.003116626273243892,1,1,409664,1358312,19,0,0,0,1,0,0,1,1,24.3771428607759,45.46523829868861,2.1681904679252977,14369.045454545454,4.852233904938785,261799249,860854232686.214,4.87632230022123,6.36312061196646,39.1187982955119,0.15648020441800428,0.1577865274311908
Indonesia,2015,10,21,0.07093677861378889,-2.6459662406791606,0.002538410645837156,0,0,0,0,0,0,0,0,0,0,0,0,0,16.789545449343585,46.28954540599476,2.0591818473555823,13723.333333333334,-4.493771860175011,261799249,860854232686.214,4.87632230022123,6.36312061196646,39.1187982955119,0,0
Indonesia,2015,11,21,0.04568954099657025,-3.0858858694944016,-9.331638904340253e-5,0,0,0,0,0,0,0,0,0,0,0,0,0,16.209999990463267,42.92300014495849,2.264849996566773,13612.095238095239,-0.8105763558763357,261799249,860854232686.214,4.87632230022123,6.36312061196646,39.1187982955119,0,0
Indonesia,2015,12,19,0.04741402467920182,-3.048837214736701,0.0017066971053831587,1,0,105,0,20,0,0,0,0,0,1,1,0,18.02545473792337,37.32727258855646,2.2386817823756817,13813.521739130434,1.4797611793919696,261799249,860854232686.214,4.87632230022123,6.36312061196646,39.1187982955119,4.010706692286959e-5,0
Indonesia,2016,1,20,0.0447123724852887,-3.107505026281667,2.4060372238796592e-4,0,0,0,0,0,0,0,0,0,0,0,0,0,23.717894805105114,31.775789461637792,2.075210539918197,13840.714285714286,0.19685455380160644,264627418,931877364037.698,5.03306918280177,3.52580452815451,39.4024246939414,0,0
Indonesia,2016,2,20,0.04745080076386786,-3.048061878117747,0.0016599776624078182,2,2,110313,2683,8,2,0,0,0,0,0,1,1,22.516999816894526,30.6164999961853,1.7770000040531155,13499.952380952382,-2.462025425332437,264627418,931877364037.698,5.03306918280177,3.52580452815451,39.4024246939414,0.041686156647607844,2.879134211796846e-4
Indonesia,2016,3,21,0.027028480187025687,-3.610864147169663,7.37000564295476e-4,2,2,36500,0,11,2,0,0,0,0,0,1,1,15.849090966311369,37.96090906316584,1.886090912602164,13124.416666666666,-2.7817558439359624,264627418,931877364037.698,5.03306918280177,3.52580452815451,39.4024246939414,0.01379297741551482,0
Indonesia,2016,4,21,0.027395503675777498,-3.5973763784780752,-6.675611714342041e-5,0,0,0,0,0,0,0,0,0,0,0,0,0,14.300476255870995,41.12476185389927,1.7991428602309452,13147.45,0.1754998634860172,264627418,931877364037.698,5.03306918280177,3.52580452815451,39.4024246939414,0,0
Indonesia,2016,5,20,0.030081698113009134,-3.5038383282688836,-4.329250758629223e-4,1,0,0,0,15,0,0,0,0,0,1,1,0,14.852857044764919,46.7966666448684,1.802619042850676,13406.217391304348,1.9681945267283618,264627418,931877364037.698,5.03306918280177,3.52580452815451,39.4024246939414,0,0
Indonesia,2016,6,22,0.033626594505187714,-3.3924380219558063,0.0020362947608743424,1,0,0,33535,62,0,0,0,0,0,1,1,0,17.77454549616033,48.85318166559393,1.6401363611221305,13313.09090909091,-0.694651440411842,264627418,931877364037.698,5.03306918280177,3.52580452815451,39.4024246939414,0,0.0035986494891020212
Indonesia,2016,7,16,0.036830603332995836,-3.30142616709551,0.002435488580948997,1,1,1354,0,0,1,0,0,0,0,0,1,1,13.15850005149842,44.79949970245361,1.498950004577638,13094.142857142857,-1.6446072023630798,264627418,931877364037.698,5.03306918280177,3.52580452815451,39.4024246939414,5.11662778646769e-4,0
Indonesia,2016,8,22,0.04285606586499798,-3.149908083513722,0.0014585715775125119,0,0,0,0,0,0,0,0,0,0,0,0,0,12.399565240611205,44.79913081293521,1.5546086871105695,13156.695652173914,0.4777158437440976,264627418,931877364037.698,5.03306918280177,3.52580452815451,39.4024246939414,0,0
Indonesia,2016,9,21,0.04309364886285642,-3.1443796509011017,-1.884956430892933e-4,1,1,8920,29511,53,1,0,0,0,0,0,1,1,14.2195237931751,45.225714365641274,1.6291904790060858,13106.142857142857,-0.38423625785326543,264627418,931877364037.698,5.03306918280177,3.52580452815451,39.4024246939414,0.0033707769464764985,0.0031668330124613015
Indonesia,2016,10,21,0.02682527540556879,-3.618410723768076,5.116087501771157e-4,1,1,4500,0,2,1,0,0,0,0,0,1,1,14.58523804800851,49.86949996948243,1.7560952334176934,13015.238095238095,-0.6936042350188409,264627418,931877364037.698,5.03306918280177,3.52580452815451,39.4024246939414,0.0017005040649264846,0
Indonesia,2016,11,22,0.06264273509583201,-2.7703075645262576,-0.0023536198008036794,2,2,124669,13414,15,2,0,0,0,0,0,1,1,15.236190387180876,45.881999778747556,2.1383000135421755,13317.045454545454,2.3188769740430715,264627418,931877364037.698,5.03306918280177,3.52580452815451,39.4024246939414,0.047111142504515535,0.0014394597956408084
Indonesia,2016,12,20,0.040678375492895304,-3.2020586424021205,0.0014150488977226598,1,1,105753,99263,0,1,0,0,0,0,0,1,1,12.472380956014,52.16571499052502,2.486571436836605,13414.545454545454,0.7321443809198636,264627418,931877364037.698,5.03306918280177,3.52580452815451,39.4024246939414,0.03996297919514901,0.010651938101587414
Indonesia,2017,1,21,0.017844299201555353,-4.02607119422862,-2.345168196501608e-5,0,0,0,0,0,0,0,0,0,0,0,0,0,11.60850000381469,52.608499717712405,2.4257999897003177,13352.227272727272,-0.46455679045811493,267346658,1015618744159.73,5.06978590134916,3.80879857691949,38.7323495613041,0,0
Indonesia,2017,2,19,0.01662773148009012,-4.0966834063816195,9.125201597934607e-4,2,1,50900,2627,14,1,0,0,0,0,1,1,1,11.530526361967384,53.46210560045745,2.418421055141248,13330.6,-0.16197501948942428,267346658,1015618744159.73,5.06978590134916,3.80879857691949,38.7323495613041,0.019038951292968846,2.586600547800487e-4
Indonesia,2017,3,22,0.024007367949629047,-3.7293944978471942,0.0015056138493506923,1,1,17410,24955,8,1,0,0,0,0,0,1,1,11.897826111834982,49.67391320933467,2.479043473368106,13332.391304347826,0.013437537303828684,267346658,1015618744159.73,5.06978590134916,3.80879857691949,38.7323495613041,0.006512144243822939,0.0024571228271930397
Indonesia,2017,4,17,0.022957523646098894,-3.7741095684826202,0.001225209757349913,2,1,536,14448,40,1,0,0,0,0,1,1,1,13.136315847698011,51.11736899928044,2.2926315759357663,13292.142857142857,-0.30188468284638725,267346658,1015618744159.73,5.06978590134916,3.80879857691949,38.7323495613041,2.0048876017743225e-4,0.0014225810702177934
Indonesia,2017,5,20,0.0329938004626657,-3.4114355999321586,4.627087142155873e-4,1,1,25011,2627,7,1,0,0,0,0,0,1,1,10.862272782759232,48.539545752785415,2.3024545691230083,13315.91304347826,0.17882885093001288,267346658,1015618744159.73,5.06978590134916,3.80879857691949,38.7323495613041,0.009355269367159996,2.586600547800487e-4
Indonesia,2017,6,15,0.022836919750700187,-3.779376765342439,0.001055281469022873,1,1,282420,0,4,1,0,0,0,0,0,1,1,10.513636328957297,45.19590950012207,2.185136372392828,13294.809523809523,-0.1584834596007889,267346658,1015618744159.73,5.06978590134916,3.80879857691949,38.7323495613041,0.10563812621140004,0
Indonesia,2017,7,21,0.025934267320897608,-3.6521901221697854,9.165004202781362e-5,0,0,0,0,0,0,0,0,0,0,0,0,0,10.264499998092646,46.67500038146972,2.3130499958992004,13332.095238095239,0.28045316647027363,267346658,1015618744159.73,5.06978590134916,3.80879857691949,38.7323495613041,0,0
Indonesia,2017,8,22,0.025247416567106874,-3.6790314426692055,1.7956701575530808e-4,0,0,0,0,0,0,0,0,0,0,0,0,0,11.975652155668834,48.05782566899839,2.2079130151997446,13332.304347826086,0.0015684686248684798,267346658,1015618744159.73,5.06978590134916,3.80879857691949,38.7323495613041,0,0
Indonesia,2017,9,19,0.01762624975814828,-4.0383660245339446,3.2921299724289607e-4,0,0,0,0,0,0,0,0,0,0,0,0,0,10.437999963760376,49.87699985504148,2.201450026035309,13299.65,-0.2449265106328813,267346658,1015618744159.73,5.06978590134916,3.80879857691949,38.7323495613041,0,0
Indonesia,2017,10,22,0.0211335945537242,-3.8568913456971394,8.011794516280739e-4,0,0,0,0,0,0,0,0,0,0,0,0,0,10.125454512509439,51.59454588456586,2.3578636104410347,13517.90909090909,1.6410889828611275,267346658,1015618744159.73,5.06978590134916,3.80879857691949,38.7323495613041,0,0
Indonesia,2017,11,22,0.024586737605098472,-3.7055481031661652,-4.0784187302887146e-4,3,3,16315,0,22,2,1,0,0,0,0,1,1,10.540476163228348,56.662857418968564,2.3540952432723277,13515.52380952381,-0.017645342702332645,267346658,1015618744159.73,5.06978590134916,3.80879857691949,38.7323495613041,0.006102563660997775,0
Indonesia,2017,12,19,0.026595548231234223,-3.6270114369287225,0.003452329828066705,0,0,0,0,0,0,0,0,0,0,0,0,0,10.264500045776375,57.94699993133545,2.4029999732971206,13548,0.2402880638137539,267346658,1015618744159.73,5.06978590134916,3.80879857691949,38.7323495613041,0,0
Indonesia,2018,1,22,0.03506773369604713,-3.3504738392150775,0.001753530249319255,0,0,0,0,0,0,0,0,0,0,0,0,0,11.062381017775765,63.65904780796596,2.582904770260765,13384.739130434782,-1.205055134080435,269951846,1042271532988.63,5.17429153955024,3.19834755924996,38.8054496665639,0,0
Indonesia,2018,2,19,0.0316448220169918,-3.4531807451349827,-6.70755333120652e-5,2,1,150014,0,35,1,0,0,0,0,1,1,1,22.464736637316257,62.183684298866666,2.860526335866827,13579.65,1.4562171714054717,269951846,1042271532988.63,5.17429153955024,3.19834755924996,38.8054496665639,0.05557065166355632,0
Indonesia,2018,3,21,0.03971617265011832,-3.225996802702746,-0.0030417437184149026,2,2,15001,0,3,2,0,0,0,0,0,1,1,19.023809750874843,62.771904899960475,2.843285708200363,13749.045454545454,1.2474213587644334,269951846,1042271532988.63,5.17429153955024,3.19834755924996,38.8054496665639,0.005556916991780823,0
Indonesia,2018,4,21,0.04974304509382613,-3.0008846222590844,-0.00151967270711571,0,0,0,0,0,0,0,0,0,0,0,0,0,18.26761904216949,66.32523781912666,2.866095259076073,13803.981800426136,0.39956479933318523,269951846,1042271532988.63,5.17429153955024,3.19834755924996,38.8054496665639,0,0
Indonesia,2018,5,20,0.06000204598031111,-2.813376617669565,-9.190295958134711e-5,0,0,0,0,0,0,0,0,0,0,0,0,0,14.124545487490574,69.98318099975587,2.978090903975746,14070.291270380434,1.929222117245022,269951846,1042271532988.63,5.17429153955024,3.19834755924996,38.8054496665639,0,0
Indonesia,2018,6,13,0.04594493710808306,-3.0803116188824826,-0.0024072216178611197,0,0,0,0,0,0,0,0,0,0,0,0,0,13.678095318022233,67.32285672142392,2.9132857209160212,13994.17001953125,-0.5410069300372466,269951846,1042271532988.63,5.17429153955024,3.19834755924996,38.8054496665639,0,0
Indonesia,2018,7,22,0.04430814161000109,-3.1165868352957005,0.0010628993286280904,0,0,0,0,0,0,0,0,0,0,0,0,0,13.147619065784276,70.581905183338,2.8903333118983676,14407.534774116848,2.953835447251807,269951846,1042271532988.63,5.17429153955024,3.19834755924996,38.8054496665639,0,0
Indonesia,2018,8,21,0.05328321832114166,-2.9321338506489156,6.53395019272196e-4,0,0,0,0,0,0,0,0,0,0,0,0,0,12.546956518422009,67.84521782916526,2.889130447221838,14557.57723721591,1.0414166299193228,269951846,1042271532988.63,5.17429153955024,3.19834755924996,38.8054496665639,0,0
Indonesia,2018,9,19,0.0571149729804016,-2.862688972869934,-3.6775729119426203e-4,0,0,0,0,0,0,0,0,0,0,0,0,0,12.910526325828153,70.0847372757761,3.0047368501362044,14866.323800223214,2.120865017415152,269951846,1042271532988.63,5.17429153955024,3.19834755924996,38.8054496665639,0,0
Indonesia,2018,10,23,0.044458287642249364,-3.113203885757082,-0.0010671328337389524,1,1,20000,0,35,1,0,0,0,0,0,1,1,19.352173639380407,70.75782610022503,3.1558695254118545,15229.299982244318,2.4416001353048333,269951846,1042271532988.63,5.17429153955024,3.19834755924996,38.8054496665639,0.0074087287404584,0
Indonesia,2018,11,21,0.04317397766782866,-3.1425173340293098,0.0017985729959459798,1,1,3000,0,13,1,0,0,0,0,0,1,1,19.389047622680668,56.693332853771395,3.1186190446217847,14706.372736150568,-3.43369194055817,269951846,1042271532988.63,5.17429153955024,3.19834755924996,38.8054496665639,0.00111130931106876,0
Indonesia,2018,12,18,0.03028732765261314,-3.4970258832357692,0.0012550828287078986,2,1,5463,0,42,1,0,0,0,0,1,1,1,24.953157726087074,48.77736924823962,2.8335263352645086,14525.519019717261,-1.2297642639557238,269951846,1042271532988.63,5.17429153955024,3.19834755924996,38.8054496665639,0.002023694255456212,0
Indonesia,2019,1,22,0.024380617165624365,-3.71396684082676,0.0024181845866912154,2,1,9293,0,86,1,0,0,0,0,1,1,1,19.57238079252696,51.550476255871,2.707285688036965,14182.652216372282,-2.36044442115676,272489381,1119099871350.2,5.01928768046282,3.03058460941661,38.3726939516609,0.0034104081288951218,0
Indonesia,2019,2,19,0.029478039888516713,-3.5241097034062396,-7.270128392529745e-4,1,1,0,0,0,0,0,0,1,0,0,1,1,15.23473684411299,54.98052597045898,2.6755789330131132,14027.035009765625,-1.0972362872087804,272489381,1119099871350.2,5.01928768046282,3.03058460941661,38.3726939516609,0,0
Indonesia,2019,3,20,0.03046016346269378,-3.4913355650589435,1.9676710305658335e-4,3,2,228797,129705,220,2,0,0,0,0,1,1,1,14.485238075256353,58.16809517996651,2.5708571388607937,14214.672718394886,1.3376861788583883,272489381,1119099871350.2,5.01928768046282,3.03058460941661,38.3726939516609,0.08396547386923676,0.01159011839073042
Indonesia,2019,4,19,0.028916649432683624,-3.543337744811342,-1.0916227615195082e-4,2,2,15260,18889,20,2,0,0,0,0,0,1,1,12.949047588166739,63.87095260620117,2.529999994096302,14146.386363636364,-0.48039343649575184,272489381,1119099871350.2,5.01928768046282,3.03058460941661,38.3726939516609,0.005600218233825413,0.0016878743786477538
Indonesia,2019,5,21,0.049487439543685785,-3.0060363881988126,-0.0018519445729777333,0,0,0,0,0,0,0,0,0,0,0,0,0,16.721818056973536,60.865454413674094,2.3938636021180586,14394.5,1.7539011729625686,272489381,1119099871350.2,5.01928768046282,3.03058460941661,38.3726939516609,0,0
Indonesia,2019,6,15,0.026225457304034666,-3.641024687138383,0.001586269821066466,2,2,107495,0,3,2,0,0,0,0,0,1,1,15.8359998703003,54.70650024414063,2.0719000101089478,14242.261904761905,-1.0576129440973636,272489381,1119099871350.2,5.01928768046282,3.03058460941661,38.3726939516609,0.03944924371199625,0
Indonesia,2019,7,23,0.025014738309697818,-3.688290095431975,2.1741318826568783e-4,0,0,0,0,0,0,0,0,0,0,0,0,0,13.305909070101654,57.54636383056641,2.0548181750557633,14075.00437330163,-1.1743747768347967,272489381,1119099871350.2,5.01928768046282,3.03058460941661,38.3726939516609,0,0
Indonesia,2019,8,22,0.039456799583317506,-3.232548887016024,-4.433973606769603e-4,0,0,0,0,0,0,0,0,0,0,0,0,0,18.97909090735696,54.844090548428625,1.6237272782759227,14261.29041108631,1.3235238359004642,272489381,1119099871350.2,5.01928768046282,3.03058460941661,38.3726939516609,0,0
Indonesia,2019,9,21,0.031429456486042236,-3.4600097211620744,-0.0012145353391137428,0,0,0,0,0,0,0,0,0,0,0,0,0,15.55899987220764,56.96700000762939,1.6934499919414514,14135.77725497159,-0.8800967689231554,272489381,1119099871350.2,5.01928768046282,3.03058460941661,38.3726939516609,0,0
Indonesia,2019,10,23,0.0339025464670477,-3.384265150394819,4.1534096961146923e-4,1,1,9435,0,0,1,0,0,0,0,0,1,1,15.466521760691766,54.00565255206564,1.7043043478675517,14131.704545454546,-0.028811358891578376,272489381,1119099871350.2,5.01928768046282,3.03058460941661,38.3726939516609,0.0034625202513855024,0
Indonesia,2019,11,21,0.02975734390102786,-3.514679323637826,-0.0016846155810179243,0,0,0,0,0,0,0,0,0,0,0,0,0,12.52349996566773,57.07000007629395,1.8174500107765195,14019.369419642857,-0.7949156129776425,272489381,1119099871350.2,5.01928768046282,3.03058460941661,38.3726939516609,0,0
Indonesia,2019,12,19,0.02804826455157285,-3.5738285187465975,0.0024603820174690623,3,3,566110,1511130,86,3,0,0,0,0,0,1,1,13.75666663760231,59.80476197742282,1.8619523729596814,13989.823109019886,-0.21075349210480931,272489381,1119099871350.2,5.01928768046282,3.03058460941661,38.3726939516609,0.20775488495091116,0.1350308438671174
Indonesia,2020,1,22,0.03531513646667981,-3.3434436118591493,-0.0026708762217078886,4,4,84335,0,29,4,0,0,0,0,0,1,1,13.940952437264567,57.52857190086728,1.7543333371480294,13679.382218070652,-2.2190480074696484,274814866,1059054842698.48,-2.06551182934165,1.91983527270793,38.6795390891453,0.03068793228966005,0
Indonesia,2020,2,20,0.04474592514530572,-3.1067548966127814,-0.004280276905530389,3,3,237905,12439,16,3,0,0,0,0,0,1,1,19.628947358382383,50.54210502222964,1.5016315861752147,13758.868310546875,0.5810649282920188,274814866,1059054842698.48,-2.06551182934165,1.91983527270793,38.6795390891453,0.08656918872794894,0.0011745378519119303
Indonesia,2020,3,21,0.18635065856530583,-1.6801251190394715,-0.008734300517444026,3,3,181097,8956,3,3,0,0,0,0,0,1,1,57.73681840029629,30.445454597473148,0.8637727255171,15169.642408288044,10.253562036492037,274814866,1059054842698.48,-2.06551182934165,1.91983527270793,38.6795390891453,0.06589781791498864,8.456596994712797e-4
Indonesia,2020,4,21,0.09301380825990573,-2.3750073209373737,0.0018264312857631986,4,4,137100,0,6,4,0,0,0,0,0,1,1,41.453809647333046,16.699047678992866,0.6521904723984855,15736.181507457386,3.7346898754832214,274814866,1059054842698.48,-2.06551182934165,1.91983527270793,38.6795390891453,0.049888130869892605,0
Indonesia,2020,5,16,0.040851477566665725,-3.197812287787651,4.91144644926722e-4,2,2,45642,0,11,2,0,0,0,0,0,1,1,30.897000026702877,28.527499961853025,0.6736000031232834,14854.482328869048,-5.603005901847924,274814866,1059054842698.48,-2.06551182934165,1.91983527270793,38.6795390891453,0.01660827183926797,0
Indonesia,2020,6,21,0.06583179202966712,-2.7206523957907285,0.001496681670773844,3,3,23838,2612,7,3,0,0,0,0,0,1,1,31.119545503096145,38.31363608620384,0.7235454537651757,14165.987615411932,-4.634929028250657,274814866,1059054842698.48,-2.06551182934165,1.91983527270793,38.6795390891453,0.008674203236152443,2.4663500837639375e-4
Indonesia,2020,7,22,0.03229267114897151,-3.432914973911739,0.002208602235260073,1,1,14534,12439,105,1,0,0,0,0,0,1,1,26.840454621748496,40.76590919494629,0.6154545491391963,14531.126109730114,2.577571746010343,274814866,1059054842698.48,-2.06551182934165,1.91983527270793,38.6795390891453,0.005288651306075996,0.0011745378519119303
Indonesia,2020,8,18,0.04537460673892954,-3.092802653345324,9.504669649269297e-4,1,1,23461,0,0,1,0,0,0,0,0,1,1,22.889523824055985,42.38809512910389,0.6447619057836985,14639.995294744318,0.7492136823539441,274814866,1059054842698.48,-2.06551182934165,1.91983527270793,38.6795390891453,0.008537019973293584,0
Indonesia,2020,9,22,0.07788247763911452,-2.552554285436226,-0.0033150328647604255,1,0,170,0,11,0,0,0,0,0,1,1,0,27.64761906578428,39.625714074997674,0.6734761907940819,14815.829145951704,1.2010512822398844,274814866,1059054842698.48,-2.06551182934165,1.91983527270793,38.6795390891453,6.185982675333146e-5,0
Indonesia,2020,10,19,0.0339107894637225,-3.3840220419677736,0.0027188240181167684,1,1,10000,0,15,1,0,0,0,0,0,1,1,29.438636086203847,39.55454531582919,0.7736818167296323,14709.775111607143,-0.7158157218189798,274814866,1059054842698.48,-2.06551182934165,1.91983527270793,38.6795390891453,0.0036388133384312625,0
Indonesia,2020,11,21,0.058539548582622475,-2.8380527090118384,0.004296261937799105,0,0,0,0,0,0,0,0,0,0,0,0,0,24.99550008773804,41.346500396728516,0.8703500032424928,14187.21763392857,-3.5524504876096596,274814866,1059054842698.48,-2.06551182934165,1.91983527270793,38.6795390891453,0,0
Indonesia,2020,12,19,0.05070999206978973,-2.9816323055587803,0.0033307612937947496,3,3,130052,0,7,3,0,0,0,0,0,1,1,22.374090974981137,47.06818147139116,0.9281818162311207,14101.688688858696,-0.6028591882973111,274814866,1059054842698.48,-2.06551182934165,1.91983527270793,38.6795390891453,0.047323495228966256,0
Indonesia,2021,1,20,0.05995565121264489,-2.814150136519379,-9.857341408109992e-4,2,2,136025,0,24,2,0,0,0,0,0,1,1,24.909999847412127,52.10210559242651,1.068421056396083,14015.51939174107,-0.6110565834977266,276758053,1186509691086.73,3.7028856282775102,1.56007882983334,36.9908270556254,0.049149428002371445,0
Indonesia,2021,2,19,0.04225919768560838,-3.1639332521706525,0.003300897278788507,4,3,344831,59406,29,3,0,0,0,0,1,1,1,23.140526219418188,59.061052623548,1.2505789556001363,13999.608935546876,-0.11352027527121722,276758053,1186509691086.73,3.7028856282775102,1.56007882983334,36.9908270556254,0.12459655510006062,0.0050067859071247665
Indonesia,2021,3,22,0.045373871777529266,-3.0928188511133152,-0.0019056543875890313,2,2,77480,0,0,2,0,0,0,0,0,1,1,21.843043534652047,62.35739135742187,1.608391295308652,14388.931030273438,2.780949785947384,276758053,1186509691086.73,3.7028856282775102,1.56007882983334,36.9908270556254,0.02799557200238,0
Indonesia,2021,4,21,0.035596658107604165,-3.3355035189124393,8.023914251879898e-5,2,1,511095,950491,239,0,1,0,0,0,1,1,1,17.416190556117478,61.703809828985314,1.6179047652653287,14558.93810453869,1.1815128858952084,276758053,1186509691086.73,3.7028856282775102,1.56007882983334,36.9908270556254,0.18467213309959224,0.08010815310993716
Indonesia,2021,5,17,0.03369737652805627,-3.3903352924862786,-4.7434394071936336e-4,1,1,59800,0,0,1,0,0,0,0,0,1,1,19.760499858856203,65.15699977874756,1.6156499922275545,14330.022682883522,-1.5723359767825684,276758053,1186509691086.73,3.7028856282775102,1.56007882983334,36.9908270556254,0.021607320672977853,0
Indonesia,2021,6,21,0.03595860925863525,-3.3253867448030414,3.034894163936504e-4,0,0,0,0,0,0,0,0,0,0,0,0,0,16.95681814713911,71.3527287569913,1.5134090889583935,14380.32723721591,0.3510430893628236,276758053,1186509691086.73,3.7028856282775102,1.56007882983334,36.9908270556254,0,0
Indonesia,2021,7,21,0.030801843256924054,-3.480180744789281,6.679542361920045e-4,1,1,6408,0,0,1,0,0,0,0,0,1,1,17.603333518618637,72.43047659737724,1.3084285656611119,14540.614304315477,1.1146273965501274,276758053,1186509691086.73,3.7028856282775102,1.56007882983334,36.9908270556254,0.00231537978047562,0
Indonesia,2021,8,20,0.03917184164323012,-3.23979711573285,6.567815094285835e-4,1,1,62900,0,9,1,0,0,0,0,0,1,1,17.47772723978215,67.71136318553577,1.2778636379675428,14399.134765625,-0.9729956089165159,276758053,1186509691086.73,3.7028856282775102,1.56007882983334,36.9908270556254,0.022727432614219178,0
Indonesia,2021,9,22,0.03426989953960673,-3.373487874538296,9.988296341673186e-4,1,1,11839,0,0,1,0,0,0,0,0,1,1,19.824761799403603,71.54476202101934,1.3711904798235204,14273.754572088068,-0.8707481079783475,276758053,1186509691086.73,3.7028856282775102,1.56007882983334,36.9908270556254,0.004277743636243893,0
Indonesia,2021,10,20,0.04066859232640065,-3.2022991717495337,0.0023641341515356906,2,2,81321,0,0,2,0,0,0,0,0,1,1,17.869047573634546,81.22285752069382,1.577190478642782,14187.360009765625,-0.6052686550417796,276758053,1186509691086.73,3.7028856282775102,1.56007882983334,36.9908270556254,0.029383426830221267,0
Indonesia,2021,11,22,0.035838609856358665,-3.328729479117654,-3.9766726396563726e-4,2,2,12303,0,9,2,0,0,0,0,0,1,1,18.500476246788384,78.65380932035902,1.5566190424419586,14285.522771661932,0.6919029462052029,276758053,1186509691086.73,3.7028856282775102,1.56007882983334,36.9908270556254,0.0044453991009974336,0
Indonesia,2021,12,22,0.022721126189037467,-3.784460118178182,3.2959145903322816e-4,3,3,149238,0,8,3,0,0,0,0,0,1,1,21.354545506564055,71.69000070745295,1.4618636315519173,14323.856572690218,0.2683402045624117,276758053,1186509691086.73,3.7028856282775102,1.56007882983334,36.9908270556254,0.053923634157088104,0
Indonesia,2022,1,21,0.03183602692532344,-3.447156708288061,3.5802084973883097e-4,1,1,6500,0,10,1,0,0,0,0,0,1,1,23.18100004196167,82.97900009155273,1.7624000012874594,14339.842866443452,0.11160607251341492,278830529,1319101183380.15,5.30719722664799,4.20946463714784,35.2884329632689,0.002331165107103462,0
Indonesia,2022,2,18,0.03428151486610415,-3.3731489952690854,0.002112622342298426,2,2,46500,81406,14,2,0,0,0,0,0,1,1,25.748421116879125,91.62894680625516,1.9378420992901448,14352.955029296874,0.09143867876060252,278830529,1319101183380.15,5.30719722664799,4.20946463714784,35.2884329632689,0.01667679653543246,0.006171323400029103
Indonesia,2022,3,22,0.029337317122473592,-3.5288949514001002,0.00119358303345071,1,1,16003,0,4,1,0,0,0,0,0,1,1,26.968695682028066,108.26217385996941,2.1286087036132817,14343.912516276041,-0.06300105450324223,278830529,1319101183380.15,5.30719722664799,4.20946463714784,35.2884329632689,0.005739328493688724,0
Indonesia,2022,4,19,0.02439962424908732,-3.713187546429125,0.0011591800775092357,0,0,0,0,0,0,0,0,0,0,0,0,0,24.373500156402585,101.64049949645995,2.747150003910064,14383.600048828124,0.2766855452237982,278830529,1319101183380.15,5.30719722664799,4.20946463714784,35.2884329632689,0,0
Indonesia,2022,5,15,0.07023295365787852,-2.655937652770066,-7.41367041876375e-4,1,1,17201,0,0,1,0,0,0,0,0,1,1,29.445714587257022,109.25952293759302,2.899571430115473,14569.900008491848,1.295224832665598,278830529,1319101183380.15,5.30719722664799,4.20946463714784,35.2884329632689,0.006168980154967177,0
Indonesia,2022,6,21,0.03682107299002004,-3.301684962102081,-0.0016080838466550904,0,0,0,0,0,0,0,0,0,0,0,0,0,28.100000018165233,114.33904811314167,3.140523796989804,14698.972700639204,0.885885915978335,278830529,1319101183380.15,5.30719722664799,4.20946463714784,35.2884329632689,0,0
Indonesia,2022,7,21,0.04540296479128244,-3.0921778722942923,2.7165125445187524e-4,1,1,3126,0,7,1,0,0,0,0,0,1,1,24.86850004196167,99.38449974060059,2.891750001907348,14976.109468005952,1.885415892735809,278830529,1319101183380.15,5.30719722664799,4.20946463714784,35.2884329632689,0.001121111096123911,0
Indonesia,2022,8,22,0.023994997658487494,-3.729909901255284,0.0014636239626428995,0,0,0,0,0,0,0,0,0,0,0,0,0,22.169565366662077,91.48260862930961,2.8993043173914375,14826.330460258152,-1.0001196109562294,278830529,1319101183380.15,5.30719722664799,4.20946463714784,35.2884329632689,0,0
Indonesia,2022,9,22,0.028695255411509066,-3.5510234865550268,-8.809758292170598e-4,0,0,0,0,0,0,0,0,0,0,0,0,0,27.40619041806175,83.8019049508231,3.5168095316205696,14979.042782738095,1.0300075456249003,278830529,1319101183380.15,5.30719722664799,4.20946463714784,35.2884329632689,0,0
Indonesia,2022,10,21,0.029091423347848536,-3.5373118785606885,3.9128371999510507e-4,2,2,40205,0,15,2,0,0,0,0,0,1,1,30.0057144165039,87.0309524536133,3.9708095050993424,15409.561941964286,2.8741433312569287,278830529,1319101183380.15,5.30719722664799,4.20946463714784,35.2884329632689,0.014419152789399184,0
Indonesia,2022,11,22,0.03282609344084272,-3.4165315481266756,-1.126869191889152e-4,3,3,24080,0,4,3,0,0,0,0,0,1,1,23.436190650576634,84.38571457635788,3.8860476471128913,15649.072709517046,1.5542996514424479,278830529,1319101183380.15,5.30719722664799,4.20946463714784,35.2884329632689,0.008636070119854056,0
Indonesia,2022,12,22,0.03526814885676421,-3.3447750210346032,-0.0015054685068973872,2,2,199955,0,1,2,0,0,0,0,0,1,1,21.7842856815883,76.51809510730561,3.61857142902556,15576.140935724432,-0.46604533793405123,278830529,1319101183380.15,5.30719722664799,4.20946463714784,35.2884329632689,0.07171201830628812,0
Indonesia,2023,1,21,0.03665534063400008,-3.306196141374727,-7.845405738858888e-5,2,2,116700,0,0,2,0,0,0,0,0,1,1,20.202999973297132,78.16400032043458,3.5390500068664554,15253.118208451704,-2.073830280591926,281190067,1371166925749.88,5.04883117855516,3.66938654859761,36.0129512588691,0.04150217724440458,0
Indonesia,2023,2,20,0.01957085840085315,-3.9337136354368174,2.8481270347402163e-5,0,0,0,0,0,0,0,0,0,0,0,0,0,20.062105379606546,76.86052583393297,3.7481578902194372,15137.84501953125,-0.7557352361996394,281190067,1371166925749.88,5.04883117855516,3.66938654859761,36.0129512588691,0,0
Indonesia,2023,3,21,0.04007975008690504,-3.216884057581628,-2.648954515963215e-4,2,1,1861,0,56,0,1,0,0,0,1,1,1,21.644347895746655,73.37260934580928,3.6646086962326714,15287.443444293478,0.9882412230354465,281190067,1371166925749.88,5.04883117855516,3.66938654859761,36.0129512588691,6.61829921609571e-4,0
Indonesia,2023,4,14,0.019033088879755532,-3.9615762945161785,0.001149868385418909,1,0,130,0,5,0,0,0,0,0,1,1,0,17.8178946344476,79.43842155054998,3.462578949175384,14874.666666666666,-2.7001033830865495,281190067,1371166925749.88,5.04883117855516,3.66938654859761,36.0129512588691,4.6232074051179055e-5,0
Indonesia,2023,5,21,0.022995455374787657,-3.7724586749774742,-0.0019857096938933763,0,0,0,0,0,0,0,0,0,0,0,0,0,17.644090999256488,71.62090925736862,3.5740454522046186,14832.713060461956,-0.28204737050495643,281190067,1371166925749.88,5.04883117855516,3.66938654859761,36.0129512588691,0,0
Indonesia,2023,6,17,0.015486109141674005,-4.167811841278395,2.532346820798806e-4,2,2,18750337,0,0,0,1,1,0,0,0,1,1,13.994285628909152,70.27428545270648,3.7471904868171313,14933.309523809523,0.6782067645852097,281190067,1371166925749.88,5.04883117855516,3.66938654859761,36.0129512588691,6.6682074512966345,0
Indonesia,2023,7,20,0.021899450277650948,-3.821293743951855,0.001982715935436286,1,1,517,0,6,1,0,0,0,0,0,1,1,13.94399991035461,76.03449974060058,3.8950000286102306,15046.799982244318,0.759981960153211,281190067,1371166925749.88,5.04883117855516,3.66938654859761,36.0129512588691,1.8386140218815055e-4,0
Indonesia,2023,8,22,0.01898144013656066,-3.9642936121477135,1.4339541420211254e-4,0,0,0,0,0,0,0,0,0,0,0,0,0,15.853912975477135,81.32086977751358,4.167434816775114,15257.13913892663,1.3978995994531562,281190067,1371166925749.88,5.04883117855516,3.66938654859761,36.0129512588691,0,0
Indonesia,2023,9,20,0.019977353747916003,-3.913155959582599,-9.621776286268249e-5,1,1,14500,0,0,1,0,0,0,0,0,1,1,15.241000032424925,89.43050003051758,4.375349998474121,15368.464990234375,0.7296639972543151,281190067,1371166925749.88,5.04883117855516,3.66938654859761,36.0129512588691,0.005156654413400741,0
Indonesia,2023,10,22,0.03229030648325665,-3.4329882026727105,-0.0012461921743090315,0,0,0,0,0,0,0,0,0,0,0,0,0,18.887727303938444,85.46681837602095,4.79795451597734,15734.050026633522,2.3787999428144024,281190067,1371166925749.88,5.04883117855516,3.66938654859761,36.0129512588691,0,0
Indonesia,2023,11,22,0.037633404136262066,-3.279863215107683,0.0021594816130523498,1,1,17750,0,0,1,0,0,0,0,0,1,1,14.077142897106343,77.37666720435733,4.50476192292713,15558.590864701704,-1.1151557395255085,281190067,1371166925749.88,5.04883117855516,3.66938654859761,36.0129512588691,0.006312456264680217,0
Indonesia,2023,12,19,0.027953459357863305,-3.577214317527739,0.0014085441634687237,0,0,0,0,0,0,0,0,0,0,0,0,0,12.71849999427795,72.12350006103514,4.022749972343445,15460.961960565477,-0.627491943102132,281190067,1371166925749.88,5.04883117855516,3.66938654859761,36.0129512588691,0,0
Indonesia,2024,1,22,0.026493555411816794,-3.6308537675728454,-4.071640272712463e-4,0,0,0,0,0,0,0,0,0,0,0,0,0,13.395238149733762,73.86095210484096,4.054714282353719,15597.17387058424,0.8810054016443747,283487931,1396301788461.69,5.03257477088519,2.18151273615189,36.3924067095141,0,0
Indonesia,2024,2,18,0.02605807271986635,-3.6474276655127458,8.275309558685412e-4,1,1,25502,0,2,1,0,0,0,0,0,1,1,13.944000101089475,76.61000022888183,4.211700010299683,15656.26185825893,0.37883778282505887,283487931,1396301788461.69,5.03257477088519,2.18151273615189,36.3924067095141,0.008995797426028695,0
Indonesia,2024,3,18,0.023662193177812166,-3.743876729131411,-2.07676410077598e-4,1,0,500012,20526,59,0,0,0,0,0,1,1,0,13.78749990463257,80.40499992370606,4.20809998512268,15706.095436789772,0.31829806490208945,283487931,1396301788461.69,5.03257477088519,2.18151273615189,36.3924067095141,0.17637858452605518,0.0014700260480661246
Indonesia,2024,4,16,0.04094436829102125,-3.1955410046114783,-4.700856545337695e-4,4,2,54952,0,38,2,0,0,0,0,2,1,1,16.13772708719427,84.39409117265183,4.538318135521629,16097.386363636364,2.4913316515958295,283487931,1396301788461.69,5.03257477088519,2.18151273615189,36.3924067095141,0.019384246731830004,0
Indonesia,2024,5,18,0.039668267160821245,-3.2272037267605675,-0.0020610301812741872,3,1,22482,0,103,1,0,0,0,0,2,1,1,13.090454535050823,78.6213642467152,4.481954509561712,16068.045454545454,-0.1822712608625099,283487931,1396301788461.69,5.03257477088519,2.18151273615189,36.3924067095141,0.00793049634271732,0
Indonesia,2024,6,18,0.04040087951961932,-3.208903723964395,7.350449891664709e-4,1,1,15400,0,6,1,0,0,0,0,0,1,1,12.676842037000158,78.69842127749794,4.305105234447279,16346.776274181548,1.7346902610189119,283487931,1396301788461.69,5.03257477088519,2.18151273615189,36.3924067095141,0.0054323300274818406,0
Indonesia,2024,7,23,0.02710489651514305,-3.608040884202117,0.0011671451709229007,0,0,0,0,0,0,0,0,0,0,0,0,0,14.470000050284641,80.4813638166948,4.246090910651467,16249.995669157608,-0.5920470397383304,283487931,1396301788461.69,5.03257477088519,2.18151273615189,36.3924067095141,0,0
Indonesia,2024,8,22,0.047525589185513535,-3.0464869933038803,0.00252801026717566,1,1,615,0,21,1,0,0,0,0,0,1,1,19.31227272207087,75.4336367520419,3.8704091093756947,15747.528506324405,-3.092106441522835,283487931,1396301788461.69,5.03257477088519,2.18151273615189,36.3924067095141,2.1694045239619038e-4,0
Indonesia,2024,9,20,0.03728730625398513,-3.289102325159191,-9.396084499220687e-4,1,0,36,0,17,0,0,0,0,0,1,1,0,17.768999814987193,69.37249946594238,3.7196500062942506,15330.727228338068,-2.6467726527305113,283487931,1396301788461.69,5.03257477088519,2.18151273615189,36.3924067095141,1.269895331099651e-5,0
Indonesia,2024,10,23,0.031165074191042245,-3.468457228135604,2.6538462978125055e-4,0,0,0,0,0,0,0,0,0,0,0,0,0,19.960869581803042,71.56173838739811,4.092913036761077,15592.549982244318,1.707829967924046,283487931,1396301788461.69,5.03257477088519,2.18151273615189,36.3924067095141,0,0
Indonesia,2024,11,20,0.04150818592993626,-3.1818646198732035,-0.0031310881960697756,1,1,1000,0,20,1,0,0,0,0,0,1,1,16.12100005149841,69.54399986267089,4.3548500776290915,15815.471447172618,1.4296665085707483,283487931,1396301788461.69,5.03257477088519,2.18151273615189,36.3924067095141,3.527487030832364e-4,0
Indonesia,2024,12,19,0.04677138820887968,-3.0624836260752604,-2.5482213785737074e-4,1,1,10160,0,12,1,0,0,0,0,0,1,1,15.79200010299683,69.59650001525878,4.382350015640259,15948.040838068182,0.8382259823134453,283487931,1396301788461.69,5.03257477088519,2.18151273615189,36.3924067095141,0.0035839268233256814,0
Mexico,2010,1,19,0.042392747505569275,-3.1607779807717926,-0.003947200095028691,1,1,20000,23623,41,1,0,0,0,0,0,1,1,20.643157758210826,78.40263165925678,3.7110526812703997,12.823733329772947,NA,113623895,1105424238651.95,4.9713345832195,4.15672722680174,22.3237750273616,0.01760193135431592,0.002137007600702508
Mexico,2010,2,19,0.03966948858087068,-3.2271729363748776,0.0021096299519655485,0,0,0,0,0,0,0,0,0,0,0,0,0,22.540000012046416,76.45263190018504,3.6792631651225847,12.93047699928284,0.8323915256570835,113623895,1105424238651.95,4.9713345832195,4.15672722680174,22.3237750273616,0,0
Mexico,2010,3,22,0.02248129243502741,-3.795071762947925,0.0022863290454789758,0,0,0,0,0,0,0,0,0,0,0,0,0,17.767391287762184,81.28999992038894,3.7192608791848887,12.545596122741692,-2.976540436694597,113623895,1105424238651.95,4.9713345832195,4.15672722680174,22.3237750273616,0,0
Mexico,2010,4,20,0.04499813416079232,-3.1011342531649393,-8.780763161794882e-4,0,0,0,0,0,0,0,0,0,0,0,0,0,17.424285661606568,84.57523745582216,3.8193333262488953,12.223129090808682,-2.570360378080938,113623895,1105424238651.95,4.9713345832195,4.15672722680174,22.3237750273616,0,0
Mexico,2010,5,20,0.06308475275637387,-2.763276174824286,-0.001002401281325671,0,0,0,0,0,0,0,0,0,0,0,0,0,31.929500007629393,74.11750144958496,3.412749969959259,12.752762664448136,4.333044097830219,113623895,1105424238651.95,4.9713345832195,4.15672722680174,22.3237750273616,0,0
Mexico,2010,6,22,0.05834695028307314,-2.8413481875439643,-0.0012682372846057888,1,1,170000,2952854,22,0,1,0,0,0,0,1,1,29.916363716125478,75.40454587069425,3.1940000057220455,12.733286380767822,-0.15272207436753948,113623895,1105424238651.95,4.9713345832195,4.15672722680174,22.3237750273616,0.14961641651168534,0.2671240503646786
Mexico,2010,7,22,0.03669353539547298,-3.30515468669968,0.0016499904693399717,0,0,0,0,0,0,0,0,0,0,0,0,0,25.565237862723215,76.38285754975817,2.9849047433762324,12.795439038957866,0.48811168092408597,113623895,1105424238651.95,4.9713345832195,4.15672722680174,22.3237750273616,0,0
Mexico,2010,8,22,0.04466978244386175,-3.1084580139263265,-8.93498607254628e-4,1,1,154000,0,6,0,1,0,0,0,0,1,1,24.745908997275617,76.66681705821644,2.688545454632153,12.784003962641183,-0.0893683779186305,113623895,1105424238651.95,4.9713345832195,4.15672722680174,22.3237750273616,0.1355348714282326,0
Mexico,2010,9,20,0.029143944349216255,-3.5355081287885315,0.0025393634421830846,5,3,1231075,5758064,111,1,2,0,0,0,2,1,1,22.517618996756415,75.54857090541294,2.637190500895183,12.772322698072955,-0.0913740687374931,113623895,1105424238651.95,4.9713345832195,4.15672722680174,22.3237750273616,1.0834648821007236,0.5208917806092149
Mexico,2010,10,21,0.03044299312640579,-3.4918994220970525,0.0030944961330624785,0,0,0,0,0,0,0,0,0,0,0,0,0,20.373333249773307,81.97476232619512,2.5141999602317817,12.42654995918274,-2.7072032790275813,113623895,1105424238651.95,4.9713345832195,4.15672722680174,22.3237750273616,0,0
Mexico,2010,11,20,0.03753284862488612,-3.282538766107455,0.0017257943860272465,0,0,0,0,0,0,0,0,0,0,0,0,0,20.095714387439546,84.31476157052177,2.7383809543791275,12.325336282903491,-0.8144953877923022,113623895,1105424238651.95,4.9713345832195,4.15672722680174,22.3237750273616,0,0
Mexico,2010,12,21,0.021986059357157296,-3.8173466920584693,0.0018093247148080812,0,0,0,0,0,0,0,0,0,0,0,0,0,17.56954552910545,89.23318169333717,3.280363624746149,12.382323472396179,0.4623580905596336,113623895,1105424238651.95,4.9713345832195,4.15672722680174,22.3237750273616,0,0
Mexico,2011,1,21,0.029004814232501706,-3.540293454756169,-0.001596498247299529,0,0,0,0,0,0,0,0,0,0,0,0,0,17.31549987792969,89.57850036621095,3.36875,12.113176254999072,-2.1736406579679013,115243504,1229013703416.76,3.44404505297089,3.40737824605742,23.5848328387345,0,0
Mexico,2011,2,19,0.037645484812545496,-3.2795422572254442,5.328586046509951e-5,1,1,120000,715622,3,0,0,0,0,1,0,1,1,17.429999903628694,89.74315763774672,3.5646841902481885,12.05859999656678,-0.45055283010323466,115243504,1229013703416.76,3.44404505297089,3.40737824605742,23.5848328387345,0.10412734413212565,0.05822734099794913
Mexico,2011,3,22,0.038006088237020834,-3.27000891532538,5.13778951657848e-4,1,1,0,0,0,0,0,0,1,0,0,1,1,20.723478151404343,102.98130466627028,3.406260842862337,11.985625068346659,-0.6051691592796726,115243504,1229013703416.76,3.44404505297089,3.40737824605742,23.5848328387345,0,0
Mexico,2011,4,19,0.028552479895020588,-3.5560114851805324,-6.761135747350825e-4,0,0,0,0,0,0,0,0,0,0,0,0,0,16.244000005722054,110.0385005950928,3.4328000068664557,11.67817001342773,-2.5651983368885745,115243504,1229013703416.76,3.44404505297089,3.40737824605742,23.5848328387345,0,0
Mexico,2011,5,22,0.03628271606416601,-3.316413792585713,-0.0014110814303141788,0,0,0,0,0,0,0,0,0,0,0,0,0,16.91142858777728,101.35666656494143,3.158333335603986,11.644265091937513,-0.29032734967235907,115243504,1229013703416.76,3.44404505297089,3.40737824605742,23.5848328387345,0,0
Mexico,2011,6,22,0.03565685346003623,-3.333813907679867,9.108451807015336e-4,2,2,300450,100187,25,0,2,0,0,0,0,1,1,19.153182029724125,96.2886366410689,2.9914545362645946,11.79803631522439,1.3205747384894995,115243504,1229013703416.76,3.44404505297089,3.40737824605742,23.5848328387345,0.2607088378708096,0.008151821230428256
Mexico,2011,7,21,0.026224558705992447,-3.641058952067573,-7.333982472303882e-4,2,2,390000,0,6,1,1,0,0,0,0,1,1,19.22749991416931,97.34049987792967,2.9779500007629416,11.662485622224358,-1.1489258837516503,115243504,1229013703416.76,3.44404505297089,3.40737824605742,23.5848328387345,0.3384138684294084,0
Mexico,2011,8,23,0.10727365526546817,-2.232372183578427,-3.373480985122091e-4,1,1,40000,0,74,1,0,0,0,0,0,1,1,35.02913035517153,86.34086973770805,2.286434785179471,12.259308690610144,5.1174602714918915,115243504,1229013703416.76,3.44404505297089,3.40737824605742,23.5848328387345,0.034709114710708554,0
Mexico,2011,9,21,0.08794842869115932,-2.4310046738915467,-0.003052295835854038,2,2,2500000,0,10,0,1,1,0,0,0,1,1,36.52999977838426,85.60999915713356,1.96390476113274,13.111776306515642,6.953635293957761,115243504,1229013703416.76,3.44404505297089,3.40737824605742,23.5848328387345,2.1693196694192847,0
Mexico,2011,10,21,0.06270196356479395,-2.7693625150107537,0.003633801411800063,2,2,300000,39645,5,1,1,0,0,0,0,1,1,32.82904770260767,86.42809513636998,2.127476198332649,13.436933290390733,2.479885076391297,115243504,1229013703416.76,3.44404505297089,3.40737824605742,23.5848328387345,0.26031836033031414,0.003225757360539074
Mexico,2011,11,20,0.07264982333337139,-2.6221043207186794,9.168198654946569e-4,0,0,0,0,0,0,0,0,0,0,0,0,0,31.94190470377603,97.16285705566409,2.005333327111743,13.707881797443727,2.0164460237869886,115243504,1229013703416.76,3.44404505297089,3.40737824605742,23.5848328387345,0,0
Mexico,2011,12,20,0.04747042306201283,-3.0476484342611765,3.360617324378088e-4,0,0,0,0,0,0,0,0,0,0,0,0,0,25.047619047619044,98.57571338471918,1.9693809520630605,13.780781789259482,0.5318107705695851,115243504,1229013703416.76,3.44404505297089,3.40737824605742,23.5848328387345,0,0
Mexico,2012,1,20,0.04315419017671524,-3.14297575894331,4.633042991790681e-4,0,0,0,0,0,0,0,0,0,0,0,0,0,20.22799987792968,100.31849899292001,1.944050002098083,13.389122746207496,-2.8420669381561403,116818208,1255110424741.85,3.55321076010608,4.11150981070289,24.9270563825252,0,0
Mexico,2012,2,20,0.02747508837890241,-3.5944755619950812,5.236823684866112e-4,0,0,0,0,0,0,0,0,0,0,0,0,0,18.42049999237059,102.26249961853036,1.95825001001358,12.778928529648557,-4.557387575909544,116818208,1255110424741.85,3.55321076010608,4.11150981070289,24.9270563825252,0,0
Mexico,2012,3,21,0.03339909900042247,-3.3992263553985973,0.00209941088861752,0,0,0,0,0,0,0,0,0,0,0,0,0,16.167272871190846,106.20499940352013,2.161181818355213,12.725286267020483,-0.4197712077629867,116818208,1255110424741.85,3.55321076010608,4.11150981070289,24.9270563825252,0,0
Mexico,2012,4,19,0.03803751793092084,-3.2691822923580194,-8.028226444289322e-5,0,0,0,0,0,0,0,0,0,0,0,0,0,17.82299990653992,103.346000289917,2.0283500015735627,13.039445486935705,2.4687791953994287,116818208,1255110424741.85,3.55321076010608,4.11150981070289,24.9270563825252,0,0
Mexico,2012,5,22,0.04359810582877181,-3.1327415738651037,-0.0018670784576356233,0,0,0,0,0,0,0,0,0,0,0,0,0,21.00181813673539,94.71590978449039,1.789999988946048,13.711560746897831,5.154477317578587,116818208,1255110424741.85,3.55321076010608,4.11150981070289,24.9270563825252,0,0
Mexico,2012,6,21,0.040128842641223836,-3.215659935357828,0.0028389859353708186,1,1,87000,778236,7,0,1,0,0,0,0,1,1,21.13095229012627,82.40523819696337,1.6085238172894434,13.86887502670289,1.1473112558732623,116818208,1255110424741.85,3.55321076010608,4.11150981070289,24.9270563825252,0.07447469147960221,0.06200538093371879
Mexico,2012,7,21,0.03467216209255361,-3.361818159171558,5.941645889213323e-4,0,0,0,0,0,0,0,0,0,0,0,0,0,17.565238180614656,87.93142881847564,1.4991428568249652,13.346234736235251,-3.768440406747886,116818208,1255110424741.85,3.55321076010608,4.11150981070289,24.9270563825252,0,0
Mexico,2012,8,23,0.0261361393297029,-3.6444362737478184,-0.0013920938780731047,1,1,0,420668,12,0,1,0,0,0,0,1,1,15.68956511953603,94.16087009595788,1.6691739144532578,13.168990828774186,-1.3280442833801254,116818208,1255110424741.85,3.55321076010608,4.11150981070289,24.9270563825252,0,0.033516413512900474
Mexico,2012,9,19,0.028753521258714596,-3.5489950406746784,0.001807804922115683,0,0,0,0,0,0,0,0,0,0,0,0,0,15.284736834074321,94.5584218878495,1.712736845016481,12.923395293099542,-1.864953350396592,116818208,1255110424741.85,3.55321076010608,4.11150981070289,24.9270563825252,0,0
Mexico,2012,10,23,0.028152724390658215,-3.570111147883762,8.659335110973702e-4,0,0,0,0,0,0,0,0,0,0,0,0,0,16.276190576099218,89.9480954124814,1.7211428540093547,12.897154547951427,-0.20304838282031445,116818208,1255110424741.85,3.55321076010608,4.11150981070289,24.9270563825252,0,0
Mexico,2012,11,19,0.029569864011622038,-3.520999543991294,2.693704434824549e-4,0,0,0,0,0,0,0,0,0,0,0,0,0,16.701904841831762,86.73238009498233,1.6426190364928472,13.066649957136669,1.314207785562771,116818208,1255110424741.85,3.55321076010608,4.11150981070289,24.9270563825252,0,0
Mexico,2012,12,19,0.02203068111937427,-3.8153192008349244,0.00230439679335594,0,0,0,0,0,0,0,0,0,0,0,0,0,17.306999826431277,88.24550018310548,1.7045500040054304,12.858252389090405,-1.594881386812097,116818208,1255110424741.85,3.55321076010608,4.11150981070289,24.9270563825252,0,0
Mexico,2013,1,22,0.022395121611380214,-3.798912129046025,0.0016064135219189455,0,0,0,0,0,0,0,0,0,0,0,0,0,13.505238124302462,94.82857077462332,1.8900000084014166,12.693343494249426,-1.2825140606269048,118343573,1327436290439.27,0.852101550164704,3.80639069747204,27.8590593255176,0,0
Mexico,2013,2,19,0.032812497839886615,-3.4169458044623235,-0.0013624717586621035,0,0,0,0,0,0,0,0,0,0,0,0,0,14.072631635163958,95.3215789794922,1.9674210485659147,12.70731501579284,0.11006967194848727,118343573,1327436290439.27,0.852101550164704,3.80639069747204,27.8590593255176,0,0
Mexico,2013,3,18,0.03784541975745059,-3.2742453167922116,-5.530284415645792e-5,0,0,0,0,0,0,0,0,0,0,0,0,0,13.03150000572205,92.95699920654297,1.94549999833107,12.48177719116211,-1.7748660857972665,118343573,1327436290439.27,0.852101550164704,3.80639069747204,27.8590593255176,0,0
Mexico,2013,4,22,0.046042065704046994,-3.0781998285405576,-0.0019098534329332717,0,0,0,0,0,0,0,0,0,0,0,0,0,13.967272715135058,92.06772752241655,1.731181794946843,12.193427259271791,-2.310167274052033,118343573,1327436290439.27,0.852101550164704,3.80639069747204,27.8590593255176,0,0
Mexico,2013,5,22,0.04194620998008382,-3.1713671962747214,-7.320000515714494e-4,1,1,12000,0,4,0,1,0,0,0,0,1,1,13.493636304681955,94.79954598166726,1.9180454611778264,12.309785972942004,0.9542740625424706,118343573,1327436290439.27,0.852101550164704,3.80639069747204,27.8590593255176,0.010139967634744305,0
Mexico,2013,6,20,0.07131790940747562,-2.640607799267702,-0.0011738776637731274,0,0,0,0,0,0,0,0,0,0,0,0,0,17.27149991989137,95.80049934387208,2.289049994945526,12.949985549563447,5.200736861133559,118343573,1327436290439.27,0.852101550164704,3.80639069747204,27.8590593255176,0,0
Mexico,2013,7,23,0.049004138971658305,-3.015850515629446,2.2905401834998236e-4,0,0,0,0,0,0,0,0,0,0,0,0,0,13.974545652216133,104.69863648848099,2.5659090930765323,12.730963416721517,-1.691292488348095,118343573,1327436290439.27,0.852101550164704,3.80639069747204,27.8590593255176,0,0
Mexico,2013,8,22,0.047100230278168065,-3.0554773888386366,-0.001522842676701977,1,1,5000,2764,14,0,1,0,0,0,0,1,1,14.209999908100468,106.53909128362481,2.7304545424201265,12.924849010649176,1.5229451816113126,118343573,1327436290439.27,0.852101550164704,3.80639069747204,27.8590593255176,0.004224986514476794,2.0822091575373067e-4
Mexico,2013,9,20,0.0570314462732294,-2.864152474267993,8.696005227527326e-4,3,3,155000,7877309,205,1,2,0,0,0,0,1,1,14.692000102996825,106.2354995727539,2.8008000254631047,13.051943648945205,0.9833355746849515,118343573,1327436290439.27,0.852101550164704,3.80639069747204,27.8590593255176,0.13097458194878062,0.5934227545785472
Mexico,2013,10,23,0.049554300871541994,-3.0046862233545166,9.136843769150895e-4,0,0,0,0,0,0,0,0,0,0,0,0,0,15.407826050468104,100.55260799242103,2.5997391161711327,12.993004495447332,-0.4515737662002195,118343573,1327436290439.27,0.852101550164704,3.80639069747204,27.8590593255176,0,0
Mexico,2013,11,20,0.04071697651849895,-3.201110160024599,0.0017484655943013302,0,0,0,0,0,0,0,0,0,0,0,0,0,12.923999977111816,93.93149986267089,2.7084999799728395,13.061455272492905,0.5268279332125037,118343573,1327436290439.27,0.852101550164704,3.80639069747204,27.8590593255176,0,0
Mexico,2013,12,18,0.024107701581811504,-3.725223921826392,5.976894605247786e-4,0,0,0,0,0,0,0,0,0,0,0,0,0,14.192380905151367,97.89428601946148,2.8920000280652722,12.990899216045031,-0.5401852624834502,118343573,1327436290439.27,0.852101550164704,3.80639069747204,27.8590593255176,0,0
Mexico,2014,1,22,0.04122438940179376,-3.188725222003501,-0.0022548708758804176,0,0,0,0,0,0,0,0,0,0,0,0,0,14.240952400934129,94.85666729155041,2.8421428317115423,13.2022648272307,1.627028334763847,119784261,1364507717689.36,2.50376350783593,4.01861608078679,28.1836821060935,0,0
Mexico,2014,2,19,0.04378518662526856,-3.128459723706457,-0.002771349700722587,0,0,0,0,0,0,0,0,0,0,0,0,0,15.470000116448647,100.67526245117193,2.6972631655241317,13.280224466323855,0.5905020094155056,119784261,1364507717689.36,2.50376350783593,4.01861608078679,28.1836821060935,0,0
Mexico,2014,3,20,0.04222686472156691,-3.1646986557105676,0.0021187114350643913,0,0,0,0,0,0,0,0,0,0,0,0,0,14.836666742960618,100.50904737200057,2.716666664396014,13.185582724484531,-0.7126516730143861,119784261,1364507717689.36,2.50376350783593,4.01861608078679,28.1836821060935,0,0
Mexico,2014,4,20,0.028457410108191174,-3.5593466915789516,3.079316128814293e-4,0,0,0,0,0,0,0,0,0,0,0,0,0,14.198095321655277,102.03476206461586,2.6912857123783653,13.059543652967978,-0.9558854860658439,119784261,1364507717689.36,2.50376350783593,4.01861608078679,28.1836821060935,0,0
Mexico,2014,5,21,0.029539245174853936,-3.52203555485081,7.553766430409126e-4,1,1,0,0,0,0,1,0,0,0,0,1,1,12.475238028026752,101.79476165771486,2.551809515271868,12.9171670732044,-1.0902109870525312,119784261,1364507717689.36,2.50376350783593,4.01861608078679,28.1836821060935,0,0
Mexico,2014,6,21,0.026076018624521878,-3.646739213680113,0.0015568628898333394,0,0,0,0,0,0,0,0,0,0,0,0,0,11.541428565979004,105.14666748046872,2.592571417490641,12.986318241466178,0.535343143507272,119784261,1364507717689.36,2.50376350783593,4.01861608078679,28.1836821060935,0,0
Mexico,2014,7,23,0.025572709243179975,-3.666229541315234,0.001085590085375589,0,0,0,0,0,0,0,0,0,0,0,0,0,12.296363613822255,102.3918176130815,2.5300000039013946,12.997369102809735,0.08509618460041946,119784261,1364507717689.36,2.50376350783593,4.01861608078679,28.1836821060935,0,0
Mexico,2014,8,21,0.023653976584930073,-3.744224035052659,0.0019278991902986656,1,1,30000,19039,3,0,1,0,0,0,0,1,1,13.497142927987234,96.07619040352958,2.4121905167897553,13.137600444612048,1.0789209777230857,119784261,1364507717689.36,2.50376350783593,4.01861608078679,28.1836821060935,0.025045026574902023,0.0013953017453239766
Mexico,2014,9,21,0.02439592897575563,-3.713339005859116,-6.752264962072627e-4,3,3,84135,3434485,10,0,3,0,0,0,0,1,1,13.466666630336219,93.03428540910994,2.5284285545349126,13.252107230099758,0.8715958897552945,119784261,1364507717689.36,2.50376350783593,4.01861608078679,28.1836821060935,0.07023877702931272,0.2517013979089772
Mexico,2014,10,23,0.03415043719869569,-3.376979890742874,4.0437921726584454e-5,1,1,30000,2720,6,0,1,0,0,0,0,1,1,18.01608711740246,84.33912924061651,2.288304339284482,13.482639182697636,1.739587135804821,119784261,1364507717689.36,2.50376350783593,4.01861608078679,28.1836821060935,0.025045026574902023,1.99339290261107e-4
Mexico,2014,11,19,0.029408233311762424,-3.5264805992249064,-9.87616910619163e-4,0,0,0,0,0,0,0,0,0,0,0,0,0,13.41315786462081,75.81000077097039,2.322789455714978,13.628841495513925,1.0843745859780318,119784261,1364507717689.36,2.50376350783593,4.01861608078679,28.1836821060935,0,0
Mexico,2014,12,20,0.06559999136262878,-2.7241797146993467,-0.0011963644985874215,0,0,0,0,0,0,0,0,0,0,0,0,0,16.311818296259105,59.28954488580878,2.2043636278672656,14.546029546986466,6.729758004555575,119784261,1364507717689.36,2.50376350783593,4.01861608078679,28.1836821060935,0,0
Mexico,2015,1,21,0.05905075681250962,-2.829357919951639,-0.0024864718424823756,0,0,0,0,0,0,0,0,0,0,0,0,0,19.11949996948241,47.32550010681152,1.8735500037670145,14.6944013075395,1.0200155312057202,121072306,1213294467653.78,2.70232343024026,2.72064064964023,30.8304978690131,0,0
Mexico,2015,2,19,0.04452974352504168,-3.111597919264446,0.004007183187561704,0,0,0,0,0,0,0,0,0,0,0,0,0,15.904210492184289,50.724736464651016,1.9698947291625173,14.911954021453864,1.4805143085532935,121072306,1213294467653.78,2.70232343024026,2.72064064964023,30.8304978690131,0,0
Mexico,2015,3,21,0.03500804711839387,-3.3521773262513435,-5.041614550636541e-4,2,2,4471,2717,14,1,1,0,0,0,0,1,1,14.812727277929119,47.85409060391514,2.0408181710676714,15.230226972828744,2.13434772476484,121072306,1213294467653.78,2.70232343024026,2.72064064964023,30.8304978690131,0.0036928345942299967,2.2393574457271078e-4
Mexico,2015,4,20,0.028367931377869214,-3.562495948651053,9.711966995631371e-4,0,0,0,0,0,0,0,0,0,0,0,0,0,13.494761875697547,54.62809553600491,1.9270952542622881,15.229165510697795,-0.006969443940940678,121072306,1213294467653.78,2.70232343024026,2.72064064964023,30.8304978690131,0,0
Mexico,2015,5,20,0.024146349946543837,-3.7236220512363585,1.357777561286968e-4,1,1,2320,0,14,0,1,0,0,0,0,1,1,13.338500070571884,59.371999931335445,2.1918000221252445,15.263580549330934,0.22598111898490814,121072306,1213294467653.78,2.70232343024026,2.72064064964023,30.8304978690131,0.0019162103016357845,0
Mexico,2015,6,22,0.02673172761672237,-3.621904118794085,3.545721436248267e-4,0,0,0,0,0,0,0,0,0,0,0,0,0,14.339545510031959,59.82863651622426,2.3569090799851855,15.492950439453132,1.5027266333799583,121072306,1213294467653.78,2.70232343024026,2.72064064964023,30.8304978690131,0,0
Mexico,2015,7,23,0.03506522270178128,-3.350545445900319,-2.91225384866415e-4,0,0,0,0,0,0,0,0,0,0,0,0,0,14.35272723978216,50.93000013178045,2.3152727105400785,15.95460462570189,2.979769334788207,121072306,1213294467653.78,2.70232343024026,2.72064064964023,30.8304978690131,0,0
Mexico,2015,8,21,0.05135937907018832,-2.9689077094284135,-0.0011098283794365009,0,0,0,0,0,0,0,0,0,0,0,0,0,19.42809536343529,42.88904771350679,2.1617619083041233,16.581423932855788,3.9287674114100612,121072306,1213294467653.78,2.70232343024026,2.72064064964023,30.8304978690131,0,0
Mexico,2015,9,21,0.039186941696468906,-3.2394117076705466,-0.0012015583343468067,0,0,0,0,0,0,0,0,0,0,0,0,0,24.3771428607759,45.46523829868861,2.1681904679252977,16.840859499844637,1.5646157292606322,121072306,1213294467653.78,2.70232343024026,2.72064064964023,30.8304978690131,0,0
Mexico,2015,10,22,0.027792889083786833,-3.582975079357958,0.001992357990988079,1,1,15000,1117891,14,0,1,0,0,0,0,1,1,16.789545449343585,46.28954540599476,2.0591818473555823,16.550331115722653,-1.7251398844854937,121072306,1213294467653.78,2.70232343024026,2.72064064964023,30.8304978690131,0.012389290743334813,0.09213682496729196
Mexico,2015,11,19,0.03976272795583194,-3.224825288988207,-0.001345414638436462,0,0,0,0,0,0,0,0,0,0,0,0,0,16.209999990463267,42.92300014495849,2.264849996566773,16.623611359369185,0.4427720698404469,121072306,1213294467653.78,2.70232343024026,2.72064064964023,30.8304978690131,0,0
Mexico,2015,12,22,0.041934561290953444,-3.1716449402446147,-4.6409382743247004e-4,0,0,0,0,0,0,0,0,0,0,0,0,0,18.02545473792337,37.32727258855646,2.2386817823756817,17.0721669404403,2.6983040650689016,121072306,1213294467653.78,2.70232343024026,2.72064064964023,30.8304978690131,0,0
Mexico,2016,1,20,0.05359702086837413,-2.9262617932639667,7.542950854884563e-4,0,0,0,0,0,0,0,0,0,0,0,0,0,23.717894805105114,31.775789461637792,2.075210539918197,18.049467904227125,5.724527924289502,122251351,1112233497452.7,1.7724932254128,2.8217078474766,32.9508423866166,0,0
Mexico,2016,2,20,0.040336807440562714,-3.2104908908729177,9.635297793391075e-5,1,1,3000,0,2,1,0,0,0,0,0,1,1,22.516999816894526,30.6164999961853,1.7770000040531155,18.45779618762788,2.2622732457676875,122251351,1112233497452.7,1.7724932254128,2.8217078474766,32.9508423866166,0.0024539606110365194,0
Mexico,2016,3,20,0.03198084988583598,-3.442617996387364,0.002418155329216897,0,0,0,0,0,0,0,0,0,0,0,0,0,15.849090966311369,37.96090906316584,1.886090912602164,17.601337114969898,-4.6400938874385345,122251351,1112233497452.7,1.7724932254128,2.8217078474766,32.9508423866166,0,0
Mexico,2016,4,21,0.032389201257675033,-3.4299302062550177,-1.0006180745931902e-4,0,0,0,0,0,0,0,0,0,0,0,0,0,14.300476255870995,41.12476185389927,1.7991428602309452,17.47793140411376,-0.7011155462227969,122251351,1112233497452.7,1.7724932254128,2.8217078474766,32.9508423866166,0,0
Mexico,2016,5,22,0.02762436427806883,-3.5890571319676075,-3.241268278300877e-4,0,0,0,0,0,0,0,0,0,0,0,0,0,14.852857044764919,46.7966666448684,1.802619042850676,18.181189910225253,4.023694165237246,122251351,1112233497452.7,1.7724932254128,2.8217078474766,32.9508423866166,0,0
Mexico,2016,6,22,0.04743415286337337,-3.0484127851905525,5.041778522838087e-4,0,0,0,0,0,0,0,0,0,0,0,0,0,17.77454549616033,48.85318166559393,1.6401363611221305,18.628236857327554,2.4588431742351258,122251351,1112233497452.7,1.7724932254128,2.8217078474766,32.9508423866166,0,0
Mexico,2016,7,21,0.026831850994919398,-3.618165627177012,7.137643095458282e-4,0,0,0,0,0,0,0,0,0,0,0,0,0,13.15850005149842,44.79949970245361,1.498950004577638,18.616750898815333,-0.06165886014973809,122251351,1112233497452.7,1.7724932254128,2.8217078474766,32.9508423866166,0,0
Mexico,2016,8,23,0.026038269353868795,-3.6481879249153493,8.129377540618872e-4,1,1,11000,0,54,0,1,0,0,0,0,1,1,12.399565240611205,44.79913081293521,1.5546086871105695,18.486320412677266,-0.7006082148650727,122251351,1112233497452.7,1.7724932254128,2.8217078474766,32.9508423866166,0.00899785557380057,0
Mexico,2016,9,21,0.04385010511408887,-3.1269781630382236,-2.969265036022301e-4,4,4,25500,100604,32,3,1,0,0,0,0,1,1,14.2195237931751,45.225714365641274,1.6291904790060858,19.222622099376856,3.982954261653182,122251351,1112233497452.7,1.7724932254128,2.8217078474766,32.9508423866166,0.020858665193810414,0.009045222988734737
Mexico,2016,10,21,0.027284872046257503,-3.6014228678818756,7.633606645478201e-4,0,0,0,0,0,0,0,0,0,0,0,0,0,14.58523804800851,49.86949996948243,1.7560952334176934,18.88469750540597,-1.7579526467507267,122251351,1112233497452.7,1.7724932254128,2.8217078474766,32.9508423866166,0,0
Mexico,2016,11,20,0.06679430193087202,-2.7061375025138736,-0.0028867521291444653,1,1,35000,0,2,1,0,0,0,0,0,1,1,15.236190387180876,45.881999778747556,2.1383000135421755,20.08052054318516,6.332232949121219,122251351,1112233497452.7,1.7724932254128,2.8217078474766,32.9508423866166,0.028629540462092727,0
Mexico,2016,12,21,0.03897090950586823,-3.244939821287791,3.423200232065919e-4,0,0,0,0,0,0,0,0,0,0,0,0,0,12.472380956014,52.16571499052502,2.486571436836605,20.51237808574329,2.1506292211368683,122251351,1112233497452.7,1.7724932254128,2.8217078474766,32.9508423866166,0,0
Mexico,2017,1,22,0.0424272279457449,-3.159964954314487,0.001332822510539263,0,0,0,0,0,0,0,0,0,0,0,0,0,11.60850000381469,52.608499717712405,2.4257999897003177,21.38129225644198,4.236047946593824,123400057,1190721475853.16,1.87172854648381,6.04145724018986,34.3431256738601,0,0
Mexico,2017,2,19,0.027786357081463754,-3.583210131209281,-1.618008380416081e-4,0,0,0,0,0,0,0,0,0,0,0,0,0,11.530526361967384,53.46210560045745,2.418421055141248,20.27083835601807,-5.193577109865,123400057,1190721475853.16,1.87172854648381,6.04145724018986,34.3431256738601,0,0
Mexico,2017,3,22,0.0312664065266231,-3.465211031716717,0.0016056545658921933,0,0,0,0,0,0,0,0,0,0,0,0,0,11.897826111834982,49.67391320933467,2.479043473368106,19.26749171381411,-4.94970471660875,123400057,1190721475853.16,1.87172854648381,6.04145724018986,34.3431256738601,0,0
Mexico,2017,4,18,0.02628763149511223,-3.6386567357742092,8.177247002812355e-4,0,0,0,0,0,0,0,0,0,0,0,0,0,13.136315847698011,51.11736899928044,2.2926315759357663,18.750282469249907,-2.684362096771431,123400057,1190721475853.16,1.87172854648381,6.04145724018986,34.3431256738601,0,0
Mexico,2017,5,22,0.03493349004578052,-3.3543093097300316,-4.384511583956718e-4,0,0,0,0,0,0,0,0,0,0,0,0,0,10.862272782759232,48.539545752785415,2.3024545691230083,18.76700782775878,0.08920056823837896,123400057,1190721475853.16,1.87172854648381,6.04145724018986,34.3431256738601,0,0
Mexico,2017,6,22,0.021212941482994664,-3.853143836240269,9.852396829749762e-4,1,1,600,0,6,0,1,0,0,0,0,1,1,10.513636328957297,45.19590950012207,2.185136372392828,18.109131858462362,-3.5054920599720485,123400057,1190721475853.16,1.87172854648381,6.04145724018986,34.3431256738601,4.8622343829225295e-4,0
Mexico,2017,7,21,0.021058888329914364,-3.8604325595235487,0.001089984322961003,0,0,0,0,0,0,0,0,0,0,0,0,0,10.264499998092646,46.67500038146972,2.3130499958992004,17.815086538141433,-1.623740567019627,123400057,1190721475853.16,1.87172854648381,6.04145724018986,34.3431256738601,0,0
Mexico,2017,8,23,0.016603245757841802,-4.098157075151834,1.6894937263994597e-4,2,2,1300,2627,20,0,2,0,0,0,0,1,1,11.975652155668834,48.05782566899839,2.2079130151997446,17.800828684931222,-0.08003246675050146,123400057,1190721475853.16,1.87172854648381,6.04145724018986,34.3431256738601,0.0010534841162998815,2.20622542993754e-4
Mexico,2017,9,21,0.02007229522392587,-3.9084147617795755,-8.106605626936857e-4,2,2,1910,0,5,1,1,0,0,0,0,1,1,10.437999963760376,49.87699985504148,2.201450026035309,17.833979511260974,0.18623192726872073,123400057,1190721475853.16,1.87172854648381,6.04145724018986,34.3431256738601,0.001547811278563672,0
Mexico,2017,10,22,0.03449901783698815,-3.366824423843155,-0.0015805276639939692,0,0,0,0,0,0,0,0,0,0,0,0,0,10.125454512509439,51.59454588456586,2.3578636104410347,18.828037608753554,5.573955587786217,123400057,1190721475853.16,1.87172854648381,6.04145724018986,34.3431256738601,0,0
Mexico,2017,11,20,0.02891786389563578,-3.5432957469494273,-0.0016018109441062304,0,0,0,0,0,0,0,0,0,0,0,0,0,10.540476163228348,56.662857418968564,2.3540952432723277,18.909670222889297,0.43356942360148754,123400057,1190721475853.16,1.87172854648381,6.04145724018986,34.3431256738601,0,0
Mexico,2017,12,19,0.028006143918676323,-3.5753313672102123,0.0024692029341610625,0,0,0,0,0,0,0,0,0,0,0,0,0,10.264500045776375,57.94699993133545,2.4029999732971206,19.215998967488613,1.6199581536251229,123400057,1190721475853.16,1.87172854648381,6.04145724018986,34.3431256738601,0,0
Mexico,2018,1,22,0.03205598431691025,-3.4402713948887973,0.0010035323451427819,0,0,0,0,0,0,0,0,0,0,0,0,0,11.062381017775765,63.65904780796596,2.582904770260765,18.931172329446547,-1.4822369553826542,124573711,1256300182983.65,1.97208211101069,4.89935015356551,33.6152178109833,0,0
Mexico,2018,2,19,0.04065914094384805,-3.20253159880031,-0.0032464717212124547,0,0,0,0,0,0,0,0,0,0,0,0,0,22.464736637316257,62.183684298866666,2.860526335866827,18.64848289489746,-1.493248435065897,124573711,1256300182983.65,1.97208211101069,4.89935015356551,33.6152178109833,0,0
Mexico,2018,3,19,0.034453195719897536,-3.3681535218219523,-0.0014773804677635607,0,0,0,0,0,0,0,0,0,0,0,0,0,19.023809750874843,62.771904899960475,2.843285708200363,18.579713648015808,-0.3687659058875359,124573711,1256300182983.65,1.97208211101069,4.89935015356551,33.6152178109833,0,0
Mexico,2018,4,21,0.034572727262945045,-3.36469013712924,0.002251576003904059,0,0,0,0,0,0,0,0,0,0,0,0,0,18.26761904216949,66.32523781912666,2.866095259076073,18.364395575089883,-1.1588880055151907,124573711,1256300182983.65,1.97208211101069,4.89935015356551,33.6152178109833,0,0
Mexico,2018,5,22,0.034452142929377226,-3.368184079411278,-0.0036136190878052294,0,0,0,0,0,0,0,0,0,0,0,0,0,14.124545487490574,69.98318099975587,2.978090903975746,19.535588471785836,6.377519433771073,124573711,1256300182983.65,1.97208211101069,4.89935015356551,33.6152178109833,0,0
Mexico,2018,6,21,0.029070656456714524,-3.5380259827359963,0.0030963921397456893,0,0,0,0,0,0,0,0,0,0,0,0,0,13.678095318022233,67.32285672142392,2.9132857209160212,20.31694965362549,3.9996808029004516,124573711,1256300182983.65,1.97208211101069,4.89935015356551,33.6152178109833,0,0
Mexico,2018,7,22,0.041720182692158395,-3.1767702698524802,0.0019002423345509034,0,0,0,0,0,0,0,0,0,0,0,0,0,13.147619065784276,70.581905183338,2.8903333118983676,19.026943123858903,-6.349410476273876,124573711,1256300182983.65,1.97208211101069,4.89935015356551,33.6152178109833,0,0
Mexico,2018,8,23,0.0439393205132667,-3.124945676112772,-1.3171715926651098e-4,0,0,0,0,0,0,0,0,0,0,0,0,0,12.546956518422009,67.84521782916526,2.889130447221838,18.83956085551869,-0.9848259235359924,124573711,1256300182983.65,1.97208211101069,4.89935015356551,33.6152178109833,0,0
Mexico,2018,9,20,0.021459306908400838,-3.8415968392069733,-4.393611882314019e-5,1,1,120,0,20,1,0,0,0,0,0,1,1,12.910526325828153,70.0847372757761,3.0047368501362044,19.006068002609986,0.8838164985279784,124573711,1256300182983.65,1.97208211101069,4.89935015356551,33.6152178109833,9.632851027453136e-5,0
Mexico,2018,10,23,0.06113947242822466,-2.7945975914702426,-0.005181460559566307,2,2,10000,697210,20,0,2,0,0,0,0,1,1,19.352173639380407,70.75782610022503,3.1558695254118545,19.15641585263339,0.791051836722656,124573711,1256300182983.65,1.97208211101069,4.89935015356551,33.6152178109833,0.008027375856210946,0.055497086559691586
Mexico,2018,11,20,0.10579748518824231,-2.2462285293277495,-0.0025798087828621703,0,0,0,0,0,0,0,0,0,0,0,0,0,19.389047622680668,56.693332853771395,3.1186190446217847,20.22700916637073,5.588693218884,124573711,1256300182983.65,1.97208211101069,4.89935015356551,33.6152178109833,0,0
Mexico,2018,12,19,0.040845234406252026,-3.1979651252831895,-1.1680128726581898e-4,0,0,0,0,0,0,0,0,0,0,0,0,0,24.953157726087074,48.77736924823962,2.8335263352645086,20.100410824730297,-0.6258875971189903,124573711,1256300182983.65,1.97208211101069,4.89935015356551,33.6152178109833,0,0
Mexico,2019,1,22,0.031149226750123108,-3.468965857487821,0.002493082763177783,0,0,0,0,0,0,0,0,0,0,0,0,0,19.57238079252696,51.550476255871,2.707285688036965,19.19532294895338,-4.50283272152504,125762982,1304106204006.27,-0.392690513290532,3.63596142127046,35.5851864842603,0,0
Mexico,2019,2,19,0.0363936512564544,-3.3133609355831597,-0.0014116481015586707,0,0,0,0,0,0,0,0,0,0,0,0,0,15.23473684411299,54.98052597045898,2.6755789330131132,19.174780559539794,-0.10701768065175532,125762982,1304106204006.27,-0.392690513290532,3.63596142127046,35.5851864842603,0,0
Mexico,2019,3,20,0.037931801119509674,-3.2719654390538677,5.3130071821732e-4,0,0,0,0,0,0,0,0,0,0,0,0,0,14.485238075256353,58.16809517996651,2.5708571388607937,19.224382573908027,0.2586836089947031,125762982,1304106204006.27,-0.392690513290532,3.63596142127046,35.5851864842603,0,0
Mexico,2019,4,20,0.0378304102312439,-3.274641996323992,0.0014976768349248106,0,0,0,0,0,0,0,0,0,0,0,0,0,12.949047588166739,63.87095260620117,2.529999994096302,18.947604699568316,-1.4397230874679035,125762982,1304106204006.27,-0.392690513290532,3.63596142127046,35.5851864842603,0,0
Mexico,2019,5,22,0.03284873916524396,-3.4158419163636355,-0.001923828400893173,0,0,0,0,0,0,0,0,0,0,0,0,0,16.721818056973536,60.865454413674094,2.3938636021180586,19.106947490147192,0.8409653521139093,125762982,1304106204006.27,-0.392690513290532,3.63596142127046,35.5851864842603,0,0
Mexico,2019,6,20,0.024360862935223465,-3.7147774124976083,4.7958710880537927e-4,2,2,3142,0,9,2,0,0,0,0,0,1,1,15.8359998703003,54.70650024414063,2.0719000101089478,19.27210862295968,0.8644035521511606,125762982,1304106204006.27,-0.392690513290532,3.63596142127046,35.5851864842603,0.0024983504287453997,0
Mexico,2019,7,23,0.04030000095719066,-3.2114037862778706,-0.00237887326562868,0,0,0,0,0,0,0,0,0,0,0,0,0,13.305909070101654,57.54636383056641,2.0548181750557633,19.046440207439936,-1.170958611404349,125762982,1304106204006.27,-0.392690513290532,3.63596142127046,35.5851864842603,0,0
Mexico,2019,8,22,0.05578349254668957,-2.8862772858585397,0.0019161398213019187,0,0,0,0,0,0,0,0,0,0,0,0,0,18.97909090735696,54.844090548428625,1.6237272782759227,19.68661181131998,3.3611089364089297,125762982,1304106204006.27,-0.392690513290532,3.63596142127046,35.5851864842603,0,0
Mexico,2019,9,20,0.031807512289581584,-3.4480527815737894,4.539940310443135e-4,3,3,1200,482302,4,0,3,0,0,0,0,1,1,15.55899987220764,56.96700000762939,1.6934499919414514,19.593374252319336,-0.4736089678317956,125762982,1304106204006.27,-0.392690513290532,3.63596142127046,35.5851864842603,9.541758480249776e-4,0.03698333759308465
Mexico,2019,10,23,0.040084933078806666,-3.2167547489707995,3.2830869255168443e-4,0,0,0,0,0,0,0,0,0,0,0,0,0,15.466521760691766,54.00565255206564,1.7043043478675517,19.323143872347735,-1.3791926622317874,125762982,1304106204006.27,-0.392690513290532,3.63596142127046,35.5851864842603,0,0
Mexico,2019,11,20,0.030048541177591478,-3.5049411656821197,-6.001891954463545e-4,1,1,500,0,3,1,0,0,0,0,0,1,1,12.52349996566773,57.07000007629395,1.8174500107765195,19.29633549281529,-0.1387371522436731,125762982,1304106204006.27,-0.392690513290532,3.63596142127046,35.5851864842603,3.9757327001040734e-4,0
Mexico,2019,12,20,0.041879095896582993,-3.17296848116452,8.346996001215251e-4,0,0,0,0,0,0,0,0,0,0,0,0,0,13.75666663760231,59.80476197742282,1.8619523729596814,19.11402901736173,-0.944772521816073,125762982,1304106204006.27,-0.392690513290532,3.63596142127046,35.5851864842603,0,0
Mexico,2020,1,22,0.048027969179169336,-3.03597174654017,5.883953042345098e-4,0,0,0,0,0,0,0,0,0,0,0,0,0,13.940952437264567,57.52857190086728,1.7543333371480294,18.80144301704738,-1.6353747293698317,126799054,1121064767168.8,-8.35403459379062,3.39683415570006,36.9325897654775,0,0
Mexico,2020,2,19,0.05042814132646175,-2.9872059000775444,-0.0034314345036895503,0,0,0,0,0,0,0,0,0,0,0,0,0,19.628947358382383,50.54210502222964,1.5016315861752147,18.79445972442626,-0.03714232261208261,126799054,1121064767168.8,-8.35403459379062,3.39683415570006,36.9325897654775,0,0
Mexico,2020,3,21,0.1506714163346819,-1.8926538639696635,-0.008519629547746228,0,0,0,0,0,0,0,0,0,0,0,0,0,57.73681840029629,30.445454597473148,0.8637727255171,22.277171010556422,18.530520893898572,126799054,1121064767168.8,-8.35403459379062,3.39683415570006,36.9325897654775,0,0
Mexico,2020,4,20,0.07828634062376207,-2.5473821404529464,0.0026977155867841775,0,0,0,0,0,0,0,0,0,0,0,0,0,41.453809647333046,16.699047678992866,0.6521904723984855,24.19310639121315,8.600442936622542,126799054,1121064767168.8,-8.35403459379062,3.39683415570006,36.9325897654775,0,0
Mexico,2020,5,20,0.07308648986199207,-2.61611174651662,-4.7853418959000767e-4,0,0,0,0,0,0,0,0,0,0,0,0,0,30.897000026702877,28.527499961853025,0.6736000031232834,23.466830299014138,-3.001996025044529,126799054,1121064767168.8,-8.35403459379062,3.39683415570006,36.9325897654775,0,0
Mexico,2020,6,22,0.08154688020001057,-2.506577206931263,0.0019624309175114893,1,1,606,0,0,0,1,0,0,0,0,1,1,31.119545503096145,38.31363608620384,0.7235454537651757,22.318303194912996,-4.8942575092870255,126799054,1121064767168.8,-8.35403459379062,3.39683415570006,36.9325897654775,4.7792154663866816e-4,0
Mexico,2020,7,23,0.0398537582766458,-3.222538567612053,-8.107019808497157e-4,1,1,0,167931,5,0,1,0,0,0,0,1,1,26.840454621748496,40.76590919494629,0.6154545491391963,22.38762872869318,0.3106218836384622,126799054,1121064767168.8,-8.35403459379062,3.39683415570006,36.9325897654775,0,0.014979598406620376
Mexico,2020,8,21,0.043563188415927,-3.1335427876381505,-2.3074358846716508e-4,1,1,5100,0,3,1,0,0,0,0,0,1,1,22.889523824055985,42.38809512910389,0.6447619057836985,22.185490348122336,-0.9029021475229881,126799054,1121064767168.8,-8.35403459379062,3.39683415570006,36.9325897654775,0.004022112026167009,0
Mexico,2020,9,21,0.04932431608528375,-3.0093380926478663,7.921297132366156e-4,0,0,0,0,0,0,0,0,0,0,0,0,0,27.64761906578428,39.625714074997674,0.6734761907940819,21.642444870688706,-2.4477506194925724,126799054,1121064767168.8,-8.35403459379062,3.39683415570006,36.9325897654775,0,0
Mexico,2020,10,22,0.05044492983407611,-2.986873036061881,-5.749558868649073e-4,2,2,3500,248786,6,0,2,0,0,0,0,1,1,29.438636086203847,39.55454531582919,0.7736818167296323,21.2641415368943,-1.7479694926092137,126799054,1121064767168.8,-8.35403459379062,3.39683415570006,36.9325897654775,0.002760272959134222,0.022191938172162716
Mexico,2020,11,19,0.06305999323107753,-2.7636687322062126,0.006410579037316939,2,2,90000,0,58,1,1,0,0,0,0,1,1,24.99550008773804,41.346500396728516,0.8703500032424928,20.442178181239523,-3.865490427763718,126799054,1121064767168.8,-8.35403459379062,3.39683415570006,36.9325897654775,0.07097844752059428,0
Mexico,2020,12,22,0.05956765125131577,-2.820642616500331,0.002423532707220118,0,0,0,0,0,0,0,0,0,0,0,0,0,22.374090974981137,47.06818147139116,0.9281818162311207,19.96185742253842,-2.3496554742973075,126799054,1121064767168.8,-8.35403459379062,3.39683415570006,36.9325897654775,0,0
Mexico,2021,1,20,0.05475826843104073,-2.9048269001166163,-0.0012420122005972105,0,0,0,0,0,0,0,0,0,0,0,0,0,24.909999847412127,52.10210559242651,1.068421056396083,19.895567121959857,-0.33208483146319745,127648148,1316569466833.94,6.04848347173572,5.68920847683753,35.0570605465604,0,0
Mexico,2021,2,19,0.04404434064709348,-3.1225584105155493,0.001931930011992983,1,1,0,118811,12,0,1,0,0,0,0,1,1,23.140526219418188,59.061052623548,1.2505789556001363,20.277643299102774,1.920408575441912,127648148,1316569466833.94,6.04848347173572,5.68920847683753,35.0570605465604,0,0.009024286449974746
Mexico,2021,3,22,0.04444139621016188,-3.113583896833809,0.00262721147559612,0,0,0,0,0,0,0,0,0,0,0,0,0,21.843043534652047,62.35739135742187,1.608391295308652,20.761234362920124,2.3848484593806285,127648148,1316569466833.94,6.04848347173572,5.68920847683753,35.0570605465604,0,0
Mexico,2021,4,20,0.04276276831504337,-3.1520874541574764,8.014965312399974e-4,0,0,0,0,0,0,0,0,0,0,0,0,0,17.416190556117478,61.703809828985314,1.6179047652653287,20.04473331996373,-3.4511485706075207,127648148,1316569466833.94,6.04848347173572,5.68920847683753,35.0570605465604,0,0
Mexico,2021,5,21,0.04272633755247918,-3.152939744385565,0.0027706368711668755,0,0,0,0,0,0,0,0,0,0,0,0,0,19.760499858856203,65.15699977874756,1.6156499922275545,19.975453983653676,-0.3456236369134169,127648148,1316569466833.94,6.04848347173572,5.68920847683753,35.0570605465604,0,0
Mexico,2021,6,22,0.027854686266349463,-3.5807540586727886,-5.357072573344076e-4,2,2,1221,118812,5,0,2,0,0,0,0,1,1,16.95681814713911,71.3527287569913,1.5134090889583935,20.018861683932215,0.21730520024256794,127648148,1316569466833.94,6.04848347173572,5.68920847683753,35.0570605465604,9.565356169523117e-4,0.009024362404949032
Mexico,2021,7,22,0.043335237697532315,-3.138789171294169,5.199572758905937e-4,0,0,0,0,0,0,0,0,0,0,0,0,0,17.603333518618637,72.43047659737724,1.3084285656611119,19.965097427368157,-0.2685680005832247,127648148,1316569466833.94,6.04848347173572,5.68920847683753,35.0570605465604,0,0
Mexico,2021,8,22,0.03548469785970327,-3.3386537216334293,0.002126585749163306,2,2,1503,712868,15,0,2,0,0,0,0,1,1,17.47772723978215,67.71136318553577,1.2778636379675428,20.060982662698493,0.48026429963170525,127648148,1316569466833.94,6.04848347173572,5.68920847683753,35.0570605465604,0.0011774553908921576,0.05414587060979705
Mexico,2021,9,21,0.04191669147127872,-3.1720711669104444,-0.001746105039015722,2,2,2020,59406,24,2,0,0,0,0,0,1,1,19.824761799403603,71.54476202101934,1.3711904798235204,20.042682647705092,-0.09122192716625177,127648148,1316569466833.94,6.04848347173572,5.68920847683753,35.0570605465604,0.001582474976448542,0.004512181202474516
Mexico,2021,10,21,0.026624994897790338,-3.625904846584854,-7.021314918487752e-5,2,2,10650,23762,6,1,1,0,0,0,0,1,1,17.869047573634546,81.22285752069382,1.577190478642782,20.443404579162596,1.9993427950793174,127648148,1316569466833.94,6.04848347173572,5.68920847683753,35.0570605465604,0.008343246781770779,0.0018048420990000918
Mexico,2021,11,20,0.032098021328995884,-3.4389608915872913,-0.0015951695255523644,0,0,0,0,0,0,0,0,0,0,0,0,0,18.500476246788384,78.65380932035902,1.5566190424419586,20.83415742353959,1.9113883055236203,127648148,1316569466833.94,6.04848347173572,5.68920847683753,35.0570605465604,0,0
Mexico,2021,12,23,0.0440751487290061,-3.1218591762511205,0.0030191303294673623,0,0,0,0,0,0,0,0,0,0,0,0,0,21.354545506564055,71.69000070745295,1.4618636315519173,20.92167456253714,0.42006565093277715,127648148,1316569466833.94,6.04848347173572,5.68920847683753,35.0570605465604,0,0
Mexico,2022,1,21,0.03920228124088709,-3.23902033895839,-0.0017679611561058478,0,0,0,0,0,0,0,0,0,0,0,0,0,23.18100004196167,82.97900009155273,1.7624000012874594,20.492542902628582,-2.0511343804045845,128613117,1466934724243.38,3.70975708309098,7.8962761916855,34.2487696122269,0,0
Mexico,2022,2,19,0.05901929945632575,-2.829890779135793,0.0020805363697974895,0,0,0,0,0,0,0,0,0,0,0,0,0,25.748421116879125,91.62894680625516,1.9378420992901448,20.468826580047605,-0.11573147702393927,128613117,1466934724243.38,3.70975708309098,7.8962761916855,34.2487696122269,0,0
Mexico,2022,3,22,0.04967202688891034,-3.0023133435903646,0.0025939758229765924,0,0,0,0,0,0,0,0,0,0,0,0,0,26.968695682028066,108.26217385996941,2.1286087036132817,20.531405687332153,0.3057288459590968,128613117,1466934724243.38,3.70975708309098,7.8962761916855,34.2487696122269,0,0
Mexico,2022,4,19,0.03980239833942126,-3.2238281087228393,-0.004994838293554281,0,0,0,0,0,0,0,0,0,0,0,0,0,24.373500156402585,101.64049949645995,2.747150003910064,20.052022838592524,-2.3348759263736474,128613117,1466934724243.38,3.70975708309098,7.8962761916855,34.2487696122269,0,0
Mexico,2022,5,22,0.0545324827712424,-2.908958740707593,2.9480209304127476e-4,1,1,0,56104,31,0,1,0,0,0,0,1,1,29.445714587257022,109.25952293759302,2.899571430115473,20.031908201134726,-0.10031226086121281,128613117,1466934724243.38,3.70975708309098,7.8962761916855,34.2487696122269,0,0.003824573723206225
Mexico,2022,6,22,0.05102430605434567,-2.975453170489526,-0.0038740474991147368,0,0,0,0,0,0,0,0,0,0,0,0,0,28.100000018165233,114.33904811314167,3.140523796989804,19.990110310641203,-0.2086565596938761,128613117,1466934724243.38,3.70975708309098,7.8962761916855,34.2487696122269,0,0
Mexico,2022,7,21,0.04005535437692365,-3.217492922096082,6.170969687267255e-4,0,0,0,0,0,0,0,0,0,0,0,0,0,24.86850004196167,99.38449974060059,2.891750001907348,20.52153678167434,2.658446915874424,128613117,1466934724243.38,3.70975708309098,7.8962761916855,34.2487696122269,0,0
Mexico,2022,8,23,0.048227458803183416,-3.0318267354209674,-0.003014678159424641,1,1,2100,0,8,1,0,0,0,0,0,1,1,22.169565366662077,91.48260862930961,2.8993043173914375,20.131088339764148,-1.9026276933551078,128613117,1466934724243.38,3.70975708309098,7.8962761916855,34.2487696122269,0.0016328039075516692,0
Mexico,2022,9,21,0.04778495099742115,-3.0410445217448765,-3.110068934119282e-4,1,1,1050,0,5,1,0,0,0,0,0,1,1,27.40619041806175,83.8019049508231,3.5168095316205696,20.049356188092908,-0.4059996672400312,128613117,1466934724243.38,3.70975708309098,7.8962761916855,34.2487696122269,8.164019537758346e-4,0
Mexico,2022,10,21,0.05131482489372122,-2.9697755842702636,0.00533967711619075,2,2,16000,0,7,0,2,0,0,0,0,1,1,30.0057144165039,87.0309524536133,3.9708095050993424,19.985488164992567,-0.3185539849816732,128613117,1466934724243.38,3.70975708309098,7.8962761916855,34.2487696122269,0.012440410724203193,0
Mexico,2022,11,20,0.05346802636177465,-2.928671441834679,0.0017348535420460994,0,0,0,0,0,0,0,0,0,0,0,0,0,23.436190650576634,84.38571457635788,3.8860476471128913,19.46460810574618,-2.606291399770677,128613117,1466934724243.38,3.70975708309098,7.8962761916855,34.2487696122269,0,0
Mexico,2022,12,21,0.04025987285847013,-3.212400016786652,-0.003064120503126639,0,0,0,0,0,0,0,0,0,0,0,0,0,21.7842856815883,76.51809510730561,3.61857142902556,19.57616710662843,0.5731376674843691,128613117,1466934724243.38,3.70975708309098,7.8962761916855,34.2487696122269,0,0
Mexico,2023,1,22,0.044759066173994805,-3.1064612587141616,0.005389132350139744,0,0,0,0,0,0,0,0,0,0,0,0,0,20.202999973297132,78.16400032043458,3.5390500068664554,18.987213741649278,-3.0085223617637213,129739759,1794410347718.25,3.1067964131456,5.52796087314389,33.2256099210698,0,0
Mexico,2023,2,19,0.039819074518252576,-3.223409222247203,-0.001771722847766137,0,0,0,0,0,0,0,0,0,0,0,0,0,20.062105379606546,76.86052583393297,3.7481578902194372,18.61878700256346,-1.9403939098112999,129739759,1794410347718.25,3.1067964131456,5.52796087314389,33.2256099210698,0,0
Mexico,2023,3,22,0.042057954023670685,-3.1687067541211213,9.767343830153763e-4,0,0,0,0,0,0,0,0,0,0,0,0,0,21.644347895746655,73.37260934580928,3.6646086962326714,18.395292282104478,-1.2003720780962346,129739759,1794410347718.25,3.1067964131456,5.52796087314389,33.2256099210698,0,0
Mexico,2023,4,18,0.031524208975838686,-3.456999489409842,0.00124055836921233,0,0,0,0,0,0,0,0,0,0,0,0,0,17.8178946344476,79.43842155054998,3.462578949175384,18.07476615905761,-1.742435608694759,129739759,1794410347718.25,3.1067964131456,5.52796087314389,33.2256099210698,0,0
Mexico,2023,5,22,0.03693604715079412,-3.298567317224384,-0.002010520010240572,0,0,0,0,0,0,0,0,0,0,0,0,0,17.644090999256488,71.62090925736862,3.5740454522046186,17.72923751499343,-1.9116631497388958,129739759,1794410347718.25,3.1067964131456,5.52796087314389,33.2256099210698,0,0
Mexico,2023,6,22,0.033439639512986494,-3.398013270937782,6.757326143426475e-4,0,0,0,0,0,0,0,0,0,0,0,0,0,13.994285628909152,70.27428545270648,3.7471904868171313,17.230169932047524,-2.8149410403230712,129739759,1794410347718.25,3.1067964131456,5.52796087314389,33.2256099210698,0,0
Mexico,2023,7,21,0.03336408368396467,-3.4002752963945317,0.001136588615897203,0,0,0,0,0,0,0,0,0,0,0,0,0,13.94399991035461,76.03449974060058,3.8950000286102306,16.911071343855422,-1.8519758624004568,129739759,1794410347718.25,3.1067964131456,5.52796087314389,33.2256099210698,0,0
Mexico,2023,8,23,0.046509621185844945,-3.0680960805687016,-0.0014500035831351214,0,0,0,0,0,0,0,0,0,0,0,0,0,15.853912975477135,81.32086977751358,4.167434816775114,16.981889310090427,0.4187668823284696,129739759,1794410347718.25,3.1067964131456,5.52796087314389,33.2256099210698,0,0
Mexico,2023,9,21,0.03013619437034077,-3.502028358840806,-0.001967449203140366,1,1,0,0,11,1,0,0,0,0,0,1,1,15.241000032424925,89.43050003051758,4.375349998474121,17.2961898803711,1.850798603980519,129739759,1794410347718.25,3.1067964131456,5.52796087314389,33.2256099210698,0,0
Mexico,2023,10,22,0.04855603183037651,-3.0250368524072835,-0.0016494965286009947,1,1,988000,12679009,84,0,1,0,0,0,0,1,1,18.887727303938444,85.46681837602095,4.79795451597734,18.055147084322847,4.388002266401259,129739759,1794410347718.25,3.1067964131456,5.52796087314389,33.2256099210698,0.7615244606705336,0.7065835869773305
Mexico,2023,11,20,0.05452651735586971,-2.9090681386549737,0.004850621069723981,0,0,0,0,0,0,0,0,0,0,0,0,0,14.077142897106343,77.37666720435733,4.50476192292713,17.400780937888406,-3.6242637258968813,129739759,1794410347718.25,3.1067964131456,5.52796087314389,33.2256099210698,0,0
Mexico,2023,12,19,0.04282528761085569,-3.1506265188375715,0.0031426299984163375,0,0,0,0,0,0,0,0,0,0,0,0,0,12.71849999427795,72.12350006103514,4.022749972343445,17.19097537086124,-1.2057250061135893,129739759,1794410347718.25,3.1067964131456,5.52796087314389,33.2256099210698,0,0
Mexico,2024,1,22,0.0480321334564666,-3.0358850450442185,-1.0685064062955678e-5,0,0,0,0,0,0,0,0,0,0,0,0,0,13.395238149733762,73.86095210484096,4.054714282353719,17.060078662374735,-0.7614268862741413,130861007,1830489311088.89,1.35057631384696,4.72225588452932,35.0748199517549,0,0
Mexico,2024,2,20,0.03293134431073151,-3.413330360143434,-0.001736869338627578,0,0,0,0,0,0,0,0,0,0,0,0,0,13.944000101089475,76.61000022888183,4.211700010299683,17.087511789231076,0.16080305020422792,130861007,1830489311088.89,1.35057631384696,4.72225588452932,35.0748199517549,0,0
Mexico,2024,3,18,0.0321092521523432,-3.4386110613312186,0.0019262234782983806,1,1,2567,0,155,0,0,0,0,1,0,1,1,13.78749990463257,80.40499992370606,4.20809998512268,16.770565119656645,-1.8548438970159342,130861007,1830489311088.89,1.35057631384696,4.72225588452932,35.0748199517549,0.001961623296999388,0
Mexico,2024,4,22,0.038286118228017176,-3.2626678968504605,-5.107600142492627e-4,0,0,0,0,0,0,0,0,0,0,0,0,0,16.13772708719427,84.39409117265183,4.538318135521629,16.79240062020042,0.1302013401932589,130861007,1830489311088.89,1.35057631384696,4.72225588452932,35.0748199517549,0,0
Mexico,2024,5,22,0.027074552054140444,-3.609161030862032,-0.0012582185120712877,0,0,0,0,0,0,0,0,0,0,0,0,0,13.090454535050823,78.6213642467152,4.481954509561712,16.79025823419744,-0.012758068673057732,130861007,1830489311088.89,1.35057631384696,4.72225588452932,35.0748199517549,0,0
Mexico,2024,6,20,0.08162093048655447,-2.505669548842132,-0.0025458366547352895,2,2,20000,143684,10,0,2,0,0,0,0,1,1,12.676842037000158,78.69842127749794,4.305105234447279,18.183042889549608,8.295194963204455,130861007,1830489311088.89,1.35057631384696,4.72225588452932,35.0748199517549,0.01528339148421806,0.007849485879517523
Mexico,2024,7,23,0.04858276866980999,-3.0244863650639973,5.73932118062622e-4,0,0,0,0,0,0,0,0,0,0,0,0,0,14.470000050284641,80.4813638166948,4.246090910651467,18.10824543496836,-0.41135829154446135,130861007,1830489311088.89,1.35057631384696,4.72225588452932,35.0748199517549,0,0
Mexico,2024,8,22,0.03547422529542643,-3.338948894217432,-1.9145296663475805e-4,0,0,0,0,0,0,0,0,0,0,0,0,0,19.31227272207087,75.4336367520419,3.8704091093756947,19.175156093779066,5.891850000831234,130861007,1830489311088.89,1.35057631384696,4.72225588452932,35.0748199517549,0,0
Mexico,2024,9,20,0.04515581981482865,-3.0976361078727392,-4.1388973826910207e-4,3,2,3282,2514467,39,0,2,0,0,0,1,1,1,17.768999814987193,69.37249946594238,3.7196500062942506,19.593763438138087,2.1830713779421584,130861007,1830489311088.89,1.35057631384696,4.72225588452932,35.0748199517549,0.0025080045425601837,0.137365839000952
Mexico,2024,10,22,0.03595447715236558,-3.3255016642559654,-0.0016010601744437347,2,2,3900,0,12,0,2,0,0,0,0,1,1,19.960869581803042,71.56173838739811,4.092913036761077,19.678595022721723,0.43295196888268883,130861007,1830489311088.89,1.35057631384696,4.72225588452932,35.0748199517549,0.002980261339422522,0
Mexico,2024,11,20,0.029893690076123167,-3.510107855099728,-8.444303279101284e-4,0,0,0,0,0,0,0,0,0,0,0,0,0,16.12100005149841,69.54399986267089,4.3548500776290915,20.301023210797986,3.1629706661353785,130861007,1830489311088.89,1.35057631384696,4.72225588452932,35.0748199517549,0,0
Mexico,2024,12,19,0.04216486471381622,-3.1661679944554924,-0.0010403073748348124,0,0,0,0,0,0,0,0,0,0,0,0,0,15.79200010299683,69.59650001525878,4.382350015640259,20.240351676940914,-0.29885948716515953,130861007,1830489311088.89,1.35057631384696,4.72225588452932,35.0748199517549,0,0
Philippines,2010,1,19,0.03941287805362473,-3.2336626619305187,-9.155275407328745e-4,3,2,56605,147,5,2,0,0,0,0,1,1,1,20.643157758210826,78.40263165925678,3.7110526812703997,45.86909961700439,NA,96337125,208368893151.144,7.33449996034538,3.78983634797591,28.3324788107778,0.05875720289556077,7.054795837177624e-5
Philippines,2010,2,19,0.058445249796248454,-2.8396648638918682,0.0015897060646444755,0,0,0,0,0,0,0,0,0,0,0,0,0,22.540000012046416,76.45263190018504,3.6792631651225847,46.17224941253662,0.6609019973434327,96337125,208368893151.144,7.33449996034538,3.78983634797591,28.3324788107778,0,0
Philippines,2010,3,23,0.039675782232203194,-3.227014296766462,0.001654400728549586,0,0,0,0,0,0,0,0,0,0,0,0,0,17.767391287762184,81.28999992038894,3.7192608791848887,45.57000017166139,-1.3043532609691488,96337125,208368893151.144,7.33449996034538,3.78983634797591,28.3324788107778,0,0
Philippines,2010,4,19,0.04637528511300002,-3.0709886100842176,0.0020933395327681877,0,0,0,0,0,0,0,0,0,0,0,0,0,17.424285661606568,84.57523745582216,3.8193333262488953,44.56819062005906,-2.198397076648073,96337125,208368893151.144,7.33449996034538,3.78983634797591,28.3324788107778,0,0
Philippines,2010,5,20,0.07389656378788263,-2.6050889502432524,-2.645237220720621e-4,1,1,40000,0,27,1,0,0,0,0,0,1,1,31.929500007629393,74.11750144958496,3.412749969959259,45.585545453158296,2.282692698413813,96337125,208368893151.144,7.33449996034538,3.78983634797591,28.3324788107778,0.04152085709429257,0
Philippines,2010,6,20,0.0415918232750673,-3.179851686922365,0.0015046045345098234,1,1,200000,0,0,1,0,0,0,0,0,1,1,29.916363716125478,75.40454587069425,3.1940000057220455,46.24613640525125,1.4491237200874307,96337125,208368893151.144,7.33449996034538,3.78983634797591,28.3324788107778,0.20760428547146284,0
Philippines,2010,7,21,0.032653015154149964,-3.421818079770044,7.597148083036976e-4,2,2,666394,12808,146,1,1,0,0,0,0,1,1,25.565237862723215,76.38285754975817,2.9849047433762324,46.192857106526695,-0.11520810788964164,96337125,208368893151.144,7.33449996034538,3.78983634797591,28.3324788107778,0.69173125106235,0.006146790821943606
Philippines,2010,8,20,0.03496705374486317,-3.3533489823894427,0.001991920895015298,2,2,1550,0,31,1,1,0,0,0,0,1,1,24.745908997275617,76.66681705821644,2.688545454632153,45.076521500297225,-2.416684474950437,96337125,208368893151.144,7.33449996034538,3.78983634797591,28.3324788107778,0.001608933212403837,0
Philippines,2010,9,21,0.0513852338918745,-2.968404426161553,0.006642616199134432,1,1,46713,4660,6,1,0,0,0,0,0,1,1,22.517618996756415,75.54857090541294,2.637190500895183,44.10477256774902,-2.1557762227544464,96337125,208368893151.144,7.33449996034538,3.78983634797591,28.3324788107778,0.04848909493614222,0.0022364182721937233
Philippines,2010,10,20,0.034461265875013816,-3.367919313936803,0.0020157423172713074,1,1,2009026,407117,35,0,1,0,0,0,0,1,1,20.373333249773307,81.97476232619512,2.5141999602317817,43.30175018310547,-1.8207153962987555,96337125,208368893151.144,7.33449996034538,3.78983634797591,28.3324788107778,2.0854120361179556,0.1953828106696764
Philippines,2010,11,18,0.058932957846887894,-2.8313547888433375,-0.00425927559507539,1,1,450673,0,16,1,0,0,0,0,0,1,1,20.095714387439546,84.31476157052177,2.7383809543791275,43.40613642605868,0.24106702965076554,96337125,208368893151.144,7.33449996034538,3.78983634797591,28.3324788107778,0.4678082307314029,0
Philippines,2010,12,20,0.05240298527078645,-2.9487917184613806,0.0030352042898957876,1,1,1972446,69999,110,1,0,0,0,0,0,1,1,17.56954552910545,89.23318169333717,3.280363624746149,43.87956536334493,1.090695869909375,96337125,208368893151.144,7.33449996034538,3.78983634797591,28.3324788107778,2.047441212305225,0.03359378597323786
Philippines,2011,1,21,0.05510459348846579,-2.898522199901215,-0.0037686659926473944,1,1,638418,17763,23,1,0,0,0,0,0,1,1,17.31549987792969,89.57850036621095,3.36875,44.01971471877326,0.3193954959850309,98248614,234216730291.32,3.85823282795663,4.7184170471842,30.497639750655,0.649798479599926,0.007584001355456669
Philippines,2011,2,20,0.04566720712585833,-3.086374807019343,-0.0015003341240413803,1,1,2000,0,11,1,0,0,0,0,0,1,1,17.429999903628694,89.74315763774672,3.5646841902481885,43.610249519348145,-0.9301859451862571,98248614,234216730291.32,3.85823282795663,4.7184170471842,30.497639750655,0.002035652126349589,0
Philippines,2011,3,23,0.046035949125493573,-3.0783326849791712,0.003207735645912233,2,2,242648,401,18,2,0,0,0,0,0,1,1,20.723478151404343,102.98130466627028,3.406260842862337,43.40554205576579,-0.4694021837493345,98248614,234216730291.32,3.85823282795663,4.7184170471842,30.497639750655,0.24697345857723754,1.7120894801205452e-4
Philippines,2011,4,19,0.03973528866429833,-3.225515602880046,0.0033240395376757407,1,0,574,0,24,0,0,0,0,0,1,1,0,16.244000005722054,110.0385005950928,3.4328000068664557,43.12984225624485,-0.6351718846564158,98248614,234216730291.32,3.85823282795663,4.7184170471842,30.497639750655,5.84232160262332e-4,0
Philippines,2011,5,22,0.03518828444165596,-3.347042080139784,-7.947691212452794e-4,4,4,1852638,60622,49,2,2,0,0,0,0,1,1,16.91142858777728,101.35666656494143,3.158333335603986,43.01113045733908,-0.2752428311712185,98248614,234216730291.32,3.85823282795663,4.7184170471842,30.497639750655,1.885663242028025,0.025882864953582965
Philippines,2011,6,21,0.03819709942714651,-3.26499569747906,5.196072354588785e-4,4,4,1822246,18778,60,1,3,0,0,0,0,1,1,19.153182029724125,96.2886366410689,2.9914545362645946,43.30095481872559,0.6738357218347923,98248614,234216730291.32,3.85823282795663,4.7184170471842,30.497639750655,1.8547294723160166,0.008017360662768976
Philippines,2011,7,21,0.0316025211181578,-3.4545183793515193,0.0023007122720133605,3,2,1108698,90538,89,1,1,0,0,0,1,1,1,19.22749991416931,97.34049987792967,2.9779500007629416,42.6692384992327,-1.458896973836954,98248614,234216730291.32,3.85823282795663,4.7184170471842,30.497639750655,1.1284617205897682,0.038655650212257836
Philippines,2011,8,21,0.07098059015553682,-2.6453488174064543,-0.001669177007950345,4,3,414023,49393,54,1,2,0,0,0,1,1,1,35.02913035517153,86.34086973770805,2.286434785179471,42.347434831702195,-0.7541818857074056,98248614,234216730291.32,3.85823282795663,4.7184170471842,30.497639750655,0.42140340015381794,0.021088587454262862
Philippines,2011,9,21,0.09574436839212888,-2.346073468399097,-0.003982104865823457,2,2,3031120,492761,103,1,1,0,0,0,0,1,1,36.52999977838426,85.60999915713356,1.96390476113274,42.98857098533994,1.5139905313881652,98248614,234216730291.32,3.85823282795663,4.7184170471842,30.497639750655,3.085152936610383,0.21038676416799998
Philippines,2011,10,20,0.062199755506412706,-2.7774042100097978,0.004010975069818912,3,3,1189598,3800,36,1,2,0,0,0,0,1,1,32.82904770260767,86.42809513636998,2.127476198332649,43.24666631789436,0.6003812795787766,98248614,234216730291.32,3.85823282795663,4.7184170471842,30.497639750655,1.2108038491006092,0.0016224289337800678
Philippines,2011,11,19,0.03774238614626194,-3.276971515119317,-0.0015114021770290416,2,2,24801,256284,5,2,0,0,0,0,0,1,1,31.94190470377603,97.16285705566409,2.005333327111743,43.14854535189542,-0.22688677383286837,98248614,234216730291.32,3.85823282795663,4.7184170471842,30.497639750655,0.02524310419279808,0.10942173075391864
Philippines,2011,12,21,0.026473663765360624,-3.6316048603317372,0.001785796361376176,3,3,1361629,54505,1461,2,1,0,0,0,0,1,1,25.047619047619044,98.57571338471918,1.9693809520630605,43.538045362992726,0.9026955785432778,98248614,234216730291.32,3.85823282795663,4.7184170471842,30.497639750655,1.3859014845746322,0.023271181325179628
Philippines,2012,1,20,0.04636181831612917,-3.0712790396203484,0.0034303983429361477,2,1,88593,0,79,1,0,0,0,0,1,1,1,20.22799987792968,100.31849899292001,1.944050002098083,43.5961816961115,0.13352995669435597,100175512,261920540962.63,6.89695171050985,3.02696391124796,31.9053759841345,0.08843778108166794,0
Philippines,2012,2,21,0.053020843963616025,-2.9370701604128633,0.0021398132774763552,2,2,25569,0,0,2,0,0,0,0,0,1,1,18.42049999237059,102.26249961853036,1.95825001001358,42.542952401297434,-2.4158750923547245,100175512,261920540962.63,6.89695171050985,3.02696391124796,31.9053759841345,0.025524201962651313,0
Philippines,2012,3,22,0.04014936932664179,-3.215148546641958,0.0019090752742916676,1,1,4835,2804,11,1,0,0,0,0,0,1,1,16.167272871190846,106.20499940352013,2.161181818355213,42.74563667990944,0.47642269088457034,100175512,261920540962.63,6.89695171050985,3.02696391124796,31.9053759841345,0.004826528862662564,0.0010705536838365288
Philippines,2012,4,18,0.024227150375962635,-3.720281358335244,0.001023482457927333,0,0,0,0,0,0,0,0,0,0,0,0,0,17.82299990653992,103.346000289917,2.0283500015735627,42.52200005271218,-0.5231800122007968,100175512,261920540962.63,6.89695171050985,3.02696391124796,31.9053759841345,0,0
Philippines,2012,5,22,0.06432503398716632,-2.7438063924481053,-9.844673196289279e-4,0,0,0,0,0,0,0,0,0,0,0,0,0,21.00181813673539,94.71590978449039,1.789999988946048,42.79508690212084,0.6422248461270152,100175512,261920540962.63,6.89695171050985,3.02696391124796,31.9053759841345,0,0
Philippines,2012,6,20,0.05958986773397929,-2.8202697238266645,0.0015012292955081988,3,3,43929,1402,30,3,0,0,0,0,0,1,1,21.13095229012627,82.40523819696337,1.6085238172894434,42.62200031280517,-0.4044543470879014,100175512,261920540962.63,6.89695171050985,3.02696391124796,31.9053759841345,0.043852034417353414,5.352768419182644e-4
Philippines,2012,7,22,0.040834968007734535,-3.1982165056242797,5.275931464320358e-4,1,1,949086,13771,58,0,1,0,0,0,0,1,1,17.565238180614656,87.93142881847564,1.4991428568249652,41.73639131628949,-2.0778212895128045,100175512,261920540962.63,6.89695171050985,3.02696391124796,31.9053759841345,0.9474231586657625,0.005257701419441098
Philippines,2012,8,19,0.027803323410215252,-3.5825997183006892,-0.0011171315768533185,3,3,4457332,105769,127,1,2,0,0,0,0,1,1,15.68956511953603,94.16087009595788,1.6691739144532578,41.96286374872381,0.5426258123709227,100175512,261920540962.63,6.89695171050985,3.02696391124796,31.9053759841345,4.449522553975068,0.0403820943600948
Philippines,2012,9,20,0.027022326307419103,-3.611091854396707,0.0014220840933594657,2,2,9155,0,5,0,2,0,0,0,0,1,1,15.284736834074321,94.5584218878495,1.712736845016481,41.617761702764604,-0.8223987000165245,100175512,261920540962.63,6.89695171050985,3.02696391124796,31.9053759841345,0.009138960028474823,0
Philippines,2012,10,22,0.022962249644713773,-3.7739037312890593,6.618279089596742e-4,2,2,108362,1878,36,0,2,0,0,0,0,1,1,16.276190576099218,89.9480954124814,1.7211428540093547,41.256863854148165,-0.8671726538154179,100175512,261920540962.63,6.89695171050985,3.02696391124796,31.9053759841345,0.10817214490503428,7.170113474482886e-4
Philippines,2012,11,19,0.021716737907712107,-3.829671983606856,0.002054543578875281,0,0,0,0,0,0,0,0,0,0,0,0,0,16.701904841831762,86.73238009498233,1.6426190364928472,40.92863620411266,-0.7955710138217609,100175512,261920540962.63,6.89695171050985,3.02696391124796,31.9053759841345,0,0
Philippines,2012,12,18,0.03857378497713306,-3.2551823789053698,0.0016714729174841147,2,2,6488270,1267443,1925,0,2,0,0,0,0,1,1,17.306999826431277,88.24550018310548,1.7045500040054304,40.906950187683115,-0.052984947559431284,100175512,261920540962.63,6.89695171050985,3.02696391124796,31.9053759841345,6.476902259306645,0.4839036279254
Philippines,2013,1,22,0.03485992565614617,-3.356417371533208,0.0032440381913525296,2,2,518366,3870,11,1,1,0,0,0,0,1,1,13.505238124302462,94.82857077462332,1.8900000084014166,40.601391004479446,-0.7469615353912995,102076336,283902828588.718,6.75053130142255,2.58268766141795,34.3357279070115,0.5078219108491512,0.0013631424594245094
Philippines,2013,2,20,0.036550731258467334,-3.3090540859148785,0.003694235603929297,1,1,262884,2322,6,0,1,0,0,0,0,1,1,14.072631635163958,95.3215789794922,1.9674210485659147,40.57539958953857,-0.06401607013416521,102076336,283902828588.718,6.75053130142255,2.58268766141795,34.3357279070115,0.257536673338275,8.178854756547057e-4
Philippines,2013,3,19,0.055082374280759065,-2.8989255000093443,9.776507038974259e-4,0,0,0,0,0,0,0,0,0,0,0,0,0,13.03150000572205,92.95699920654297,1.94549999833107,40.61781813881613,0.10454252997300628,102076336,283902828588.718,6.75053130142255,2.58268766141795,34.3357279070115,0,0
Philippines,2013,4,21,0.04482898135743638,-3.1049004434143153,0.0015295827080375128,0,0,0,0,0,0,0,0,0,0,0,0,0,13.967272715135058,92.06772752241655,1.731181794946843,41.07336373762651,1.121541283319294,102076336,283902828588.718,6.75053130142255,2.58268766141795,34.3357279070115,0,0
Philippines,2013,5,21,0.05874542469142886,-2.834542006583186,-3.314063806528511e-4,0,0,0,0,0,0,0,0,0,0,0,0,0,13.493636304681955,94.79954598166726,1.9180454611778264,41.20704546841707,0.32547061800078936,102076336,283902828588.718,6.75053130142255,2.58268766141795,34.3357279070115,0,0
Philippines,2013,6,19,0.1399783601681099,-1.9662674385478278,-0.004347089636838265,1,1,3596,1382,7,0,1,0,0,0,0,1,1,17.27149991989137,95.80049934387208,2.289049994945526,42.66276168823242,3.5326876830591436,102076336,283902828588.718,6.75053130142255,2.58268766141795,34.3357279070115,0.00352285371998462,4.8678627362394627e-4
Philippines,2013,7,23,0.05359842318361096,-2.9262356295543186,0.0011536170814195651,0,0,0,0,0,0,0,0,0,0,0,0,0,13.974545652216133,104.69863648848099,2.5659090930765323,43.260260540506124,1.4005161143576528,102076336,283902828588.718,6.75053130142255,2.58268766141795,34.3357279070115,0,0
Philippines,2013,8,17,0.0972611201590054,-2.3303559569125745,-0.0052217384278771305,3,3,3592173,3121115,60,2,1,0,0,0,0,1,1,14.209999908100468,106.53909128362481,2.7304545424201265,43.80557160150437,1.2605357762180969,102076336,283902828588.718,6.75053130142255,2.58268766141795,34.3357279070115,3.519104565038463,1.0993603041981208
Philippines,2013,9,21,0.06276823634562866,-2.7683061241379376,9.055179810856613e-4,2,2,660851,5528,38,1,1,0,0,0,0,1,1,14.692000102996825,106.2354995727539,2.8008000254631047,43.6609998182817,-0.33003058272547126,102076336,283902828588.718,6.75053130142255,2.58268766141795,34.3357279070115,0.6474086217201213,0.001947145094495785
Philippines,2013,10,21,0.03944248369767437,-3.232911777151522,0.002934582597913725,3,3,1300169,142952,44,1,2,0,0,0,0,1,1,15.407826050468104,100.55260799242103,2.5997391161711327,43.07323782784598,-1.3461945280273113,102076336,283902828588.718,6.75053130142255,2.58268766141795,34.3357279070115,1.2737222464568085,0.05035243949861821
Philippines,2013,11,20,0.04182865623028858,-3.1741736185888927,-0.002944060431106443,1,1,16106870,13819840,7354,0,1,0,0,0,0,1,1,12.923999977111816,93.93149986267089,2.7084999799728395,43.46347609020414,0.9059877595407384,102076336,283902828588.718,6.75053130142255,2.58268766141795,34.3357279070115,15.779239960180389,4.867806378928479
Philippines,2013,12,18,0.04512607718465989,-3.098294991485806,-0.0029302045210752355,0,0,0,0,0,0,0,0,0,0,0,0,0,14.192380905151367,97.89428601946148,2.8920000280652722,44.08086395263671,1.4204751160520335,102076336,283902828588.718,6.75053130142255,2.58268766141795,34.3357279070115,0,0
Philippines,2014,1,21,0.044610843560205324,-3.1097783203546356,0.00120827760485831,2,2,1196447,21475,85,0,2,0,0,0,0,1,1,14.240952400934129,94.85666729155041,2.8421428317115423,44.869913018268086,1.790003631687398,103767130,297483555338.044,6.34798748260867,3.59782343864211,37.5782838049623,1.1530115557787906,0.007218886427384864
Philippines,2014,2,18,0.040551116475170124,-3.2051919655033223,0.003421895279401571,0,0,0,0,0,0,0,0,0,0,0,0,0,15.470000116448647,100.67526245117193,2.6972631655241317,44.78954963684083,-0.17910304705635038,103767130,297483555338.044,6.34798748260867,3.59782343864211,37.5782838049623,0,0
Philippines,2014,3,21,0.03361537231271282,-3.3927718073315223,2.7560760782664595e-5,0,0,0,0,0,0,0,0,0,0,0,0,0,14.836666742960618,100.50904737200057,2.716666664396014,44.734681909734554,-0.12250118063510396,103767130,297483555338.044,6.34798748260867,3.59782343864211,37.5782838049623,0,0
Philippines,2014,4,19,0.03408587319206874,-3.378872256421043,0.0022375558529182183,0,0,0,0,0,0,0,0,0,0,0,0,0,14.198095321655277,102.03476206461586,2.6912857123783653,44.562181819568984,-0.38560705654203664,103767130,297483555338.044,6.34798748260867,3.59782343864211,37.5782838049623,0,0
Philippines,2014,5,21,0.033287024820597096,-3.4025876029542017,-4.2971601985981785e-4,0,0,0,0,0,0,0,0,0,0,0,0,0,12.475238028026752,101.79476165771486,2.551809515271868,43.835952577136815,-1.6296985757399685,103767130,297483555338.044,6.34798748260867,3.59782343864211,37.5782838049623,0,0
Philippines,2014,6,20,0.02611087935473097,-3.645403217989848,0.0014577151661187672,1,1,99185,1076,0,1,0,0,0,0,0,1,1,11.541428565979004,105.14666748046872,2.592571417490641,43.743136492642485,-0.21173506913304552,103767130,297483555338.044,6.34798748260867,3.59782343864211,37.5782838049623,0.0955842182394367,3.617006656980728e-4
Philippines,2014,7,21,0.022793852189520233,-3.7812644201918775,1.4248191157719607e-4,2,2,4655649,1115920,113,0,2,0,0,0,0,1,1,12.296363613822255,102.3918176130815,2.5300000039013946,43.38060860011889,-0.8287651997349821,103767130,297483555338.044,6.34798748260867,3.59782343864211,37.5782838049623,4.486631749379597,0.37511989485668534
Philippines,2014,8,19,0.03029203457030199,-3.496870486495837,0.0014075827946710081,2,2,45945,0,5,2,0,0,0,0,0,1,1,13.497142927987234,96.07619040352958,2.4121905167897553,43.6946663629441,0.7239588677055764,103767130,297483555338.044,6.34798748260867,3.59782343864211,37.5782838049623,0.04427702683884579,0
Philippines,2014,9,21,0.02872540577677863,-3.5499733290884805,0.0015427904151037028,2,2,2483243,129146,26,0,2,0,0,0,0,1,1,13.466666630336219,93.03428540910994,2.5284285545349126,44.0556359724565,0.8261182417873547,103767130,297483555338.044,6.34798748260867,3.59782343864211,37.5782838049623,2.393092109225725,0.043412819862679655
Philippines,2014,10,22,0.03955020295281913,-3.23018445323122,-4.222327453967363e-4,0,0,0,0,0,0,0,0,0,0,0,0,0,18.01608711740246,84.33912924061651,2.288304339284482,44.71059088273482,1.486654081416039,103767130,297483555338.044,6.34798748260867,3.59782343864211,37.5782838049623,0,0
Philippines,2014,11,20,0.028324939781176436,-3.564012598065863,5.420418706766129e-4,1,1,4695,0,12,0,1,0,0,0,0,1,1,13.41315786462081,75.81000077097039,2.322789455714978,44.81300010681153,0.22904914038219815,103767130,297483555338.044,6.34798748260867,3.59782343864211,37.5782838049623,0.004524554162768113,0
Philippines,2014,12,17,0.04807680275377298,-3.034955489431926,-5.168450364605973e-4,2,2,4728949,178919,90,0,2,0,0,0,0,1,1,16.311818296259105,59.28954488580878,2.2043636278672656,44.578130639117695,-0.5241101178988794,103767130,297483555338.044,6.34798748260867,3.59782343864211,37.5782838049623,4.557270688704603,0.06014416487549581
Philippines,2015,1,18,0.031023002552782477,-3.4730263318244226,0.0034217357645779005,1,1,21687,1358,2,0,1,0,0,0,0,1,1,19.11949996948241,47.32550010681152,1.8735500037670145,44.47309077869761,-0.23563092241447592,105312992,306445871242.322,6.34830971672761,0.674192536845408,39.9037835751424,0.020592900826519107,4.431451448488147e-4
Philippines,2015,2,19,0.025778568091035414,-3.658211826418055,2.77552704587747e-4,0,0,0,0,0,0,0,0,0,0,0,0,0,15.904210492184289,50.724736464651016,1.9698947291625173,44.09485015869141,-0.850493215972703,105312992,306445871242.322,6.34830971672761,0.674192536845408,39.9037835751424,0,0
Philippines,2015,3,22,0.023685980105331236,-3.7428719626168503,0.0012178368326858776,0,0,0,0,0,0,0,0,0,0,0,0,0,14.812727277929119,47.85409060391514,2.0408181710676714,44.38113088193147,0.6492384534923623,105312992,306445871242.322,6.34830971672761,0.674192536845408,39.9037835751424,0,0
Philippines,2015,4,19,0.03530634903626897,-3.3436924718312557,-0.001517467002510255,1,1,2761,0,0,0,1,0,0,0,0,1,1,13.494761875697547,54.62809553600491,1.9270952542622881,44.27163661609996,-0.2467135551881272,105312992,306445871242.322,6.34830971672761,0.674192536845408,39.9037835751424,0.002621708820123542,0
Philippines,2015,5,20,0.03491722275662499,-3.354775082770763,-8.784618176537867e-4,1,1,523,473,2,0,1,0,0,0,0,1,1,13.338500070571884,59.371999931335445,2.1918000221252445,44.483571188790464,0.47871411334594605,105312992,306445871242.322,6.34830971672761,0.674192536845408,39.9037835751424,4.966148905920364e-4,1.543502603192116e-4
Philippines,2015,6,21,0.04203347892772527,-3.1692888609012653,-1.003644510709938e-4,0,0,0,0,0,0,0,0,0,0,0,0,0,14.339545510031959,59.82863651622426,2.3569090799851855,44.919500350952156,0.9799778896159017,105312992,306445871242.322,6.34830971672761,0.674192536845408,39.9037835751424,0,0
Philippines,2015,7,22,0.03422777314234648,-3.3747178842867154,-8.721201443789362e-5,6,6,300096,2040753,49,4,2,0,0,0,0,1,1,14.35272723978216,50.93000013178045,2.3152727105400785,45.157999905672945,0.5309488147851482,105312992,306445871242.322,6.34830971672761,0.674192536845408,39.9037835751424,0.28495629485106644,0.6659424033767696
Philippines,2015,8,19,0.0781168745125396,-2.5495491825740886,-0.0032431768144950235,4,4,504793,155795,49,1,2,1,0,0,0,1,1,19.42809536343529,42.88904771350679,2.1617619083041233,46.11590905623001,2.1212390995127395,105312992,306445871242.322,6.34830971672761,0.674192536845408,39.9037835751424,0.47932642536639736,0.05083932094382996
Philippines,2015,9,21,0.041584406955949026,-3.180030014771976,-0.0013942222424396054,0,0,0,0,0,0,0,0,0,0,0,0,0,24.3771428607759,45.46523829868861,2.1681904679252977,46.618817762895056,1.0905319161156335,105312992,306445871242.322,6.34830971672761,0.674192536845408,39.9037835751424,0,0
Philippines,2015,10,22,0.04599548853197404,-3.0792119626946164,0.0015572713600430724,2,2,2902090,288349,53,0,2,0,0,0,0,1,1,16.789545449343585,46.28954540599476,2.0591818473555823,46.19280969528925,-0.9138113921560609,105312992,306445871242.322,6.34830971672761,0.674192536845408,39.9037835751424,2.7556808945281888,0.09409459453019946
Philippines,2015,11,17,0.04113579872759064,-3.1908765213237764,-0.0017336238387413686,0,0,0,0,0,0,0,0,0,0,0,0,0,16.209999990463267,42.92300014495849,2.264849996566773,46.93104734874909,1.5981657282369888,105312992,306445871242.322,6.34830971672761,0.674192536845408,39.9037835751424,0,0
Philippines,2015,12,19,0.0389378350862226,-3.2457888767258094,1.896852308285297e-4,1,1,287251,183667,46,0,1,0,0,0,0,1,1,18.02545473792337,37.32727258855646,2.2386817823756817,47.073564778203554,0.303674086783956,105312992,306445871242.322,6.34830971672761,0.674192536845408,39.9037835751424,0.2727593191920708,0.05993456503604362
Philippines,2016,1,20,0.0942706553550739,-2.361585321703961,-0.001939142487414357,0,0,0,0,0,0,0,0,0,0,0,0,0,23.717894805105114,31.775789461637792,2.075210539918197,47.375857035319015,0.6421698856667657,106735719,318627003016.731,7.14945675000752,1.25369880080982,42.8645179928199,0,0
Philippines,2016,2,19,0.04617751180475578,-3.075262356872138,-1.30646211869546e-4,0,0,0,0,0,0,0,0,0,0,0,0,0,22.516999816894526,30.6164999961853,1.7770000040531155,47.453666868663966,0.16423942111896128,106735719,318627003016.731,7.14945675000752,1.25369880080982,42.8645179928199,0,0
Philippines,2016,3,21,0.0456357029272424,-3.087064909883489,0.0040438443578190795,0,0,0,0,0,0,0,0,0,0,0,0,0,15.849090966311369,37.96090906316584,1.886090912602164,46.479249477386475,-2.05340799895265,106735719,318627003016.731,7.14945675000752,1.25369880080982,42.8645179928199,0,0
Philippines,2016,4,21,0.021391104314766263,-3.844780129601676,-6.802707072024885e-4,0,0,0,0,0,0,0,0,0,0,0,0,0,14.300476255870995,41.12476185389927,1.7991428602309452,46.24899997711182,-0.49538127844915847,106735719,318627003016.731,7.14945675000752,1.25369880080982,42.8645179928199,0,0
Philippines,2016,5,21,0.05876947161389481,-2.8341327491433614,0.0015850170461064637,0,0,0,0,0,0,0,0,0,0,0,0,0,14.852857044764919,46.7966666448684,1.802619042850676,46.703521728515625,0.9827709823536646,106735719,318627003016.731,7.14945675000752,1.25369880080982,42.8645179928199,0,0
Philippines,2016,6,22,0.04890939642391503,-3.0177857450526098,0.0023612104190051464,0,0,0,0,0,0,0,0,0,0,0,0,0,17.77454549616033,48.85318166559393,1.6401363611221305,46.324409138072625,-0.8117430472304732,106735719,318627003016.731,7.14945675000752,1.25369880080982,42.8645179928199,0,0
Philippines,2016,7,20,0.02959322591073388,-3.5202097982103777,0.0010588406820547294,2,2,12168,0,2,0,2,0,0,0,0,1,1,13.15850005149842,44.79949970245361,1.498950004577638,46.93966674804687,1.328149935254297,106735719,318627003016.731,7.14945675000752,1.25369880080982,42.8645179928199,0.011400119954220762,0
Philippines,2016,8,22,0.032620601070808344,-3.4228112555087478,-0.001014383479459127,2,2,2563098,12502,45,2,0,0,0,0,0,1,1,12.399565240611205,44.79913081293521,1.5546086871105695,46.49756555971893,-0.941849865916089,106735719,318627003016.731,7.14945675000752,1.25369880080982,42.8645179928199,2.401349823670556,0.003923710131794298
Philippines,2016,9,21,0.047740927770721274,-3.0419662244370516,-9.738452334193681e-4,2,2,18207,6590,0,0,2,0,0,0,0,1,1,14.2195237931751,45.225714365641274,1.6291904790060858,47.40004766555061,1.9409233472074572,106735719,318627003016.731,7.14945675000752,1.25369880080982,42.8645179928199,0.017058019724399853,0.002068249061632093
Philippines,2016,10,20,0.047910448210640486,-3.038421672868072,-0.0014962035628032664,2,2,1033424,83408,8,0,2,0,0,0,0,1,1,14.58523804800851,49.86949996948243,1.7560952334176934,48.224571228027344,1.739499437415093,106735719,318627003016.731,7.14945675000752,1.25369880080982,42.8645179928199,0.9682082152835828,0.026177316803127407
Philippines,2016,11,20,0.06461656508048785,-2.7392844756704045,-0.004398712980842845,1,1,14309,0,0,0,1,0,0,0,0,1,1,15.236190387180876,45.881999778747556,2.1383000135421755,48.79922693425958,1.1916242935888555,106735719,318627003016.731,7.14945675000752,1.25369880080982,42.8645179928199,0.013406008910662794,0
Philippines,2016,12,20,0.05942028263700978,-2.823119652361718,4.3635788680651544e-4,1,1,1893404,139050,24,0,1,0,0,0,0,1,1,12.472380956014,52.16571499052502,2.486571436836605,49.69290854714134,1.8313437917483855,106735719,318627003016.731,7.14945675000752,1.25369880080982,42.8645179928199,1.7739178765451518,0.04364036904703225
Philippines,2017,1,21,0.05102392730722699,-2.9754605933935037,0.002633846322954778,1,1,1500000,10639,9,1,0,0,0,0,0,1,1,11.60850000381469,52.608499717712405,2.4257999897003177,49.61990911310369,-0.14690110957865654,108119693,328480736802.76,6.9309883258402,2.85318772590947,45.6051977878358,1.3873513310845231,0.0032388505041585766
Philippines,2017,2,20,0.0283852772572788,-3.561884674667895,-1.2166422560593296e-4,1,1,334000,0,13,1,0,0,0,0,0,1,1,11.530526361967384,53.46210560045745,2.418421055141248,49.86449966430664,0.4929282531441759,108119693,328480736802.76,6.9309883258402,2.85318772590947,45.6051977878358,0.30891689638815384,0
Philippines,2017,3,23,0.03480851399050925,-3.3578932672251467,5.965117502044663e-4,0,0,0,0,0,0,0,0,0,0,0,0,0,11.897826111834982,49.67391320933467,2.479043473368106,50.065956281579055,0.40400809920613234,108119693,328480736802.76,6.9309883258402,2.85318772590947,45.6051977878358,0,0
Philippines,2017,4,17,0.03226695319189115,-3.4337116934931595,0.0027450168976731666,1,1,860,2627,10,0,1,0,0,0,0,1,1,13.136315847698011,51.11736899928044,2.2926315759357663,49.681809743245445,-0.7672809367169742,108119693,328480736802.76,6.9309883258402,2.85318772590947,45.6051977878358,7.954147631551266e-4,7.997424827920463e-4
Philippines,2017,5,22,0.0316341224583254,-3.4535189163499767,0.0010330735713109235,0,0,0,0,0,0,0,0,0,0,0,0,0,10.862272782759232,48.539545752785415,2.3024545691230083,49.745260321575664,0.12771390305250652,108119693,328480736802.76,6.9309883258402,2.85318772590947,45.6051977878358,0,0
Philippines,2017,6,20,0.03085757138522506,-3.47837313296557,3.852053077428816e-5,0,0,0,0,0,0,0,0,0,0,0,0,0,10.513636328957297,45.19590950012207,2.185136372392828,49.77176193963914,0.05327465951963095,108119693,328480736802.76,6.9309883258402,2.85318772590947,45.6051977878358,0,0
Philippines,2017,7,21,0.02500238666070931,-3.6887839922421932,0.001050161703353613,1,1,7339,230,0,0,1,0,0,0,0,1,1,10.264499998092646,46.67500038146972,2.3130499958992004,50.50333313714891,1.4698519180353253,108119693,328480736802.76,6.9309883258402,2.85318772590947,45.6051977878358,0.006787847612552877,7.001932662435122e-5
Philippines,2017,8,22,0.023697519356245006,-3.7423849048320514,-3.3845143626131226e-4,1,1,3400,0,0,0,1,0,0,0,0,1,1,11.975652155668834,48.05782566899839,2.2079130151997446,50.85143445885699,0.689264054637273,108119693,328480736802.76,6.9309883258402,2.85318772590947,45.6051977878358,0.0031446630171249193,0
Philippines,2017,9,18,0.03384879428752308,-3.385851899533771,0.0014663686789523956,2,2,17110,6961,26,1,1,0,0,0,0,1,1,10.437999963760376,49.87699985504148,2.201450026035309,50.88165016174317,0.059419568410845613,108119693,328480736802.76,6.9309883258402,2.85318772590947,45.6051977878358,0.01582505418323746,0.0021191501418787342
Philippines,2017,10,20,0.02821391922870511,-3.567939833142987,0.001172172239813829,1,1,163349,4466,9,0,1,0,0,0,0,1,1,10.125454512509439,51.59454588456586,2.3578636104410347,51.284136512062766,0.7910245619789702,108119693,328480736802.76,6.9309883258402,2.85318772590947,45.6051977878358,0.15108163505421718,0.0013595926639319675
Philippines,2017,11,21,0.0423271913247822,-3.162325578533934,-6.374200859358244e-4,1,1,305,0,6,0,1,0,0,0,0,1,1,10.540476163228348,56.662857418968564,2.3540952432723277,50.85123825073242,-0.844117286109558,108119693,328480736802.76,6.9309883258402,2.85318772590947,45.6051977878358,2.8209477065385306e-4,0
Philippines,2017,12,19,0.03514531129586293,-3.3482640609212257,0.001906000049044802,2,2,2785085,160107,149,0,2,0,0,0,0,1,1,10.264500045776375,57.94699993133545,2.4029999732971206,50.21514274960473,-1.2508948120226515,108119693,328480736802.76,6.9309883258402,2.85318772590947,45.6051977878358,2.5759275879556927,0.04874167099063044
Philippines,2018,1,21,0.04324279881486167,-3.1409245608576257,0.0011303792860128201,2,2,263917,15760,14,1,1,0,0,0,0,1,1,11.062381017775765,63.65904780796596,2.582904770260765,50.42065214074176,0.40925780528353606,109465287,346841896587.313,6.34148557153473,5.30934661627707,47.5627907969006,0.24109652222443814,0.004543857058523673
Philippines,2018,2,19,0.04447434908318695,-3.112842681103681,-0.00176308739976016,1,1,254859,3936,0,0,1,0,0,0,0,1,1,22.464736637316257,62.183684298866666,2.860526335866827,51.75675010681152,2.6499021915469267,109465287,346841896587.313,6.34148557153473,5.30934661627707,47.5627907969006,0.23282175289048482,0.001134811001418095
Philippines,2018,3,20,0.05397460304535949,-2.9192416570249935,-0.0030118874181888516,0,0,0,0,0,0,0,0,0,0,0,0,0,19.023809750874843,62.771904899960475,2.843285708200363,52.0179093100808,0.5045896481721046,109465287,346841896587.313,6.34148557153473,5.30934661627707,47.5627907969006,0,0
Philippines,2018,4,20,0.045212041943872947,-3.096391812938588,-0.0010164254663403759,0,0,0,0,0,0,0,0,0,0,0,0,0,18.26761904216949,66.32523781912666,2.866095259076073,51.99736369739879,-0.03949719039945121,109465287,346841896587.313,6.34148557153473,5.30934661627707,47.5627907969006,0,0
Philippines,2018,5,21,0.05349547749880522,-2.928158161385882,-0.0020030004388220026,0,0,0,0,0,0,0,0,0,0,0,0,0,14.124545487490574,69.98318099975587,2.978090903975746,52.183478479800016,0.35793118952016645,109465287,346841896587.313,6.34148557153473,5.30934661627707,47.5627907969006,0,0
Philippines,2018,6,19,0.0607537140806227,-2.8009270615006856,-0.0021748791168912174,0,0,0,0,0,0,0,0,0,0,0,0,0,13.678095318022233,67.32285672142392,2.9132857209160212,53.07929992675781,1.7166763754634884,109465287,346841896587.313,6.34148557153473,5.30934661627707,47.5627907969006,0,0
Philippines,2018,7,22,0.042298208476492107,-3.163010546628415,0.002926110813362389,1,1,2231101,112824,16,0,1,0,0,0,0,1,1,13.147619065784276,70.581905183338,2.8903333118983676,53.32273947674295,0.45863368642964364,109465287,346841896587.313,6.34148557153473,5.30934661627707,47.5627907969006,2.0381812912069557,0.032528942180893076
Philippines,2018,8,21,0.05353913698174155,-2.9273423601505595,0.0011268236045219506,0,0,0,0,0,0,0,0,0,0,0,0,0,12.546956518422009,67.84521782916526,2.889130447221838,53.20245448025791,-0.2255791762865167,109465287,346841896587.313,6.34148557153473,5.30934661627707,47.5627907969006,0,0
Philippines,2018,9,20,0.05597828778263755,-2.882791381596297,-0.003827335348107663,2,2,5509649,65429,89,0,2,0,0,0,0,1,1,12.910526325828153,70.0847372757761,3.0047368501362044,53.87818999517532,1.2701209399430091,109465287,346841896587.313,6.34148557153473,5.30934661627707,47.5627907969006,5.033238527936258,0.01886421468795339
Philippines,2018,10,23,0.05722014683375699,-2.860849225236989,-8.235010377395291e-4,1,1,253300,391039,12,0,1,0,0,0,0,1,1,19.352173639380407,70.75782610022503,3.1558695254118545,53.84659056230026,-0.058649766961160754,109465287,346841896587.313,6.34148557153473,5.30934661627707,47.5627907969006,0.23139755710867502,0.1127427233697994
Philippines,2018,11,19,0.0459198080367912,-3.080858707363031,0.0016511864796579013,0,0,0,0,0,0,0,0,0,0,0,0,0,19.389047622680668,56.693332853771395,3.1186190446217847,52.70963616804643,-2.1114696072323746,109465287,346841896587.313,6.34148557153473,5.30934661627707,47.5627907969006,0,0
Philippines,2018,12,18,0.05111396090205878,-2.9736976116101563,7.353381977737901e-4,1,1,1016063,136868,182,0,1,0,0,0,0,1,1,24.953157726087074,48.77736924823962,2.8335263352645086,52.74161911010742,0.060677599744818345,109465287,346841896587.313,6.34148557153473,5.30934661627707,47.5627907969006,0.928205669437472,0.03946120735317374
Philippines,2019,1,22,0.05223329826955916,-2.952035089579643,0.00318245663203291,1,1,13160,0,0,0,1,0,0,0,0,1,1,19.57238079252696,51.550476255871,2.707285688036965,52.404913031536594,-0.6384067919263048,110804683,376823402239.136,6.11852566221303,2.39206534422404,47.9736686643137,0.011876754342593986,0
Philippines,2019,2,18,0.04220035273409561,-3.165326699347246,-0.002135722786744035,0,0,0,0,0,0,0,0,0,0,0,0,0,15.23473684411299,54.98052597045898,2.6755789330131132,52.12674980163573,-0.5307960910715837,110804683,376823402239.136,6.11852566221303,2.39206534422404,47.9736686643137,0,0
Philippines,2019,3,21,0.040222361039584695,-3.213332193238148,0.0013131228426154166,1,1,16000,32237,0,0,0,1,0,0,0,1,1,14.485238075256353,58.16809517996651,2.5708571388607937,52.420181794600055,0.5629201783747373,110804683,376823402239.136,6.11852566221303,2.39206534422404,47.9736686643137,0.014439822908928859,0.008554935762599497
Philippines,2019,4,19,0.027502839693921186,-3.593466018043589,2.108091551637344e-4,0,0,0,0,0,0,0,0,0,0,0,0,0,12.949047588166739,63.87095260620117,2.529999994096302,51.98709123784846,-0.8261904898548167,110804683,376823402239.136,6.11852566221303,2.39206534422404,47.9736686643137,0,0
Philippines,2019,5,21,0.04593054457269887,-3.0806249241351704,1.0347503595086863e-4,0,0,0,0,0,0,0,0,0,0,0,0,0,16.721818056973536,60.865454413674094,2.3938636021180586,52.21890440441313,0.44590524502341466,110804683,376823402239.136,6.11852566221303,2.39206534422404,47.9736686643137,0,0
Philippines,2019,6,18,0.031844251063857174,-3.446898413605967,2.0656994157697284e-4,1,1,45000,0,0,1,0,0,0,0,0,1,1,15.8359998703003,54.70650024414063,2.0719000101089478,51.68033381870814,-1.0313709026409046,110804683,376823402239.136,6.11852566221303,2.39206534422404,47.9736686643137,0.04061200193136241,0
Philippines,2019,7,23,0.042706357611417424,-3.1534074796334743,2.497792152521791e-4,1,1,2000,475301,4,0,1,0,0,0,0,1,1,13.305909070101654,57.54636383056641,2.0548181750557633,51.106912861699634,-1.1095535083423425,110804683,376823402239.136,6.11852566221303,2.39206534422404,47.9736686643137,0.0018049778636161074,0.12613362046404145
Philippines,2019,8,19,0.05367102995452041,-2.924881902470354,-4.344398596407207e-4,1,1,61502,0,2,0,1,0,0,0,0,1,1,18.97909090735696,54.844090548428625,1.6237272782759227,52.181476229713084,2.1025792947449773,110804683,376823402239.136,6.11852566221303,2.39206534422404,47.9736686643137,0.05550487428405892,0
Philippines,2019,9,21,0.026251076420241052,-3.640048284299874,-0.0012123376350250186,0,0,0,0,0,0,0,0,0,0,0,0,0,15.55899987220764,56.96700000762939,1.6934499919414514,52.02663647044789,-0.29673319049763336,110804683,376823402239.136,6.11852566221303,2.39206534422404,47.9736686643137,0,0
Philippines,2019,10,23,0.039982221836686024,-3.2193203777500417,0.0010930741228118213,0,0,0,0,0,0,0,0,0,0,0,0,0,15.466521760691766,54.00565255206564,1.7043043478675517,51.441818063909366,-1.1240749858405952,110804683,376823402239.136,6.11852566221303,2.39206534422404,47.9736686643137,0,0
Philippines,2019,11,20,0.03198915025589087,-3.4423584881777947,-0.0015155056914024634,2,2,3673,45334,19,0,2,0,0,0,0,1,1,12.52349996566773,57.07000007629395,1.8174500107765195,50.65706380208333,-1.5255181316707889,110804683,376823402239.136,6.11852566221303,2.39206534422404,47.9736686643137,0.003314841846530981,0.01203056915537071
Philippines,2019,12,18,0.04288814733963192,-3.149159777011582,5.450468879058966e-4,2,2,5944804,157249,67,0,2,0,0,0,0,1,1,13.75666663760231,59.80476197742282,1.8619523729596814,50.71190851384944,0.10826666144800878,110804683,376823402239.136,6.11852566221303,2.39206534422404,47.9736686643137,5.365119811768245,0.04173015769870051
Philippines,2020,1,21,0.05458940518601852,-2.907915459272407,-0.003899401132388629,0,0,0,0,0,0,0,0,0,0,0,0,0,13.940952437264567,57.52857190086728,1.7543333371480294,50.78114766659944,0.13653430679125833,112081264,361751145451.597,-9.51829474045297,2.3931623931624,52.0356914003601,0,0
Philippines,2020,2,19,0.06719264970235592,-2.7001914168646266,-0.003107771714753732,0,0,0,0,0,0,0,0,0,0,0,0,0,19.628947358382383,50.54210502222964,1.5016315861752147,50.7360252380371,-0.08885665376959784,112081264,361751145451.597,-9.51829474045297,2.3931623931624,52.0356914003601,0,0
Philippines,2020,3,20,0.2343393273227219,-1.4509850972646314,-0.012171932896592262,0,0,0,0,0,0,0,0,0,0,0,0,0,57.73681840029629,30.445454597473148,0.8637727255171,51.095226951267406,0.7079815802381928,112081264,361751145451.597,-9.51829474045297,2.3931623931624,52.0356914003601,0,0
Philippines,2020,4,20,0.12084042102482731,-2.113284438318566,0.0034443158078892645,0,0,0,0,0,0,0,0,0,0,0,0,0,41.453809647333046,16.699047678992866,0.6521904723984855,50.70787880637429,-0.7580906632679296,112081264,361751145451.597,-9.51829474045297,2.3931623931624,52.0356914003601,0,0
Philippines,2020,5,19,0.0702540741194987,-2.6556369778662914,0.001260072355178017,1,1,578740,38686,5,0,1,0,0,0,0,1,1,30.897000026702877,28.527499961853025,0.6736000031232834,50.60584095546178,-0.20122681783265595,112081264,361751145451.597,-9.51829474045297,2.3931623931624,52.0356914003601,0.5163574886164738,0.01069409191550888
Philippines,2020,6,21,0.0919009369210876,-2.3870440546660707,0.002917219494363484,0,0,0,0,0,0,0,0,0,0,0,0,0,31.119545503096145,38.31363608620384,0.7235454537651757,50.01151691783558,-1.1744178664064964,112081264,361751145451.597,-9.51829474045297,2.3931623931624,52.0356914003601,0,0
Philippines,2020,7,22,0.05740094691852241,-2.857694478954318,-0.002092312998993393,0,0,0,0,0,0,0,0,0,0,0,0,0,26.840454621748496,40.76590919494629,0.6154545491391963,49.39124072681774,-1.24026670104187,112081264,361751145451.597,-9.51829474045297,2.3931623931624,52.0356914003601,0,0
Philippines,2020,8,19,0.0557206152463585,-2.8874050883806213,-3.944963570751191e-4,0,0,0,0,0,0,0,0,0,0,0,0,0,22.889523824055985,42.38809512910389,0.6447619057836985,48.762813394719906,-1.2723457091788015,112081264,361751145451.597,-9.51829474045297,2.3931623931624,52.0356914003601,0,0
Philippines,2020,9,22,0.045339879555284054,-3.093568290384358,-1.5437269939462702e-4,0,0,0,0,0,0,0,0,0,0,0,0,0,27.64761906578428,39.625714074997674,0.6734761907940819,48.48679681257769,-0.5660390837336493,112081264,361751145451.597,-9.51829474045297,2.3931623931624,52.0356914003601,0,0
Philippines,2020,10,22,0.05783062950005964,-2.8502367215166013,0.00343093915679676,3,3,4245059,734641,65,0,3,0,0,0,0,1,1,29.438636086203847,39.55454531582919,0.7736818167296323,48.46014694940476,-0.05496313414132814,112081264,361751145451.597,-9.51829474045297,2.3931623931624,52.0356914003601,3.7874831604325947,0.2030791081761195
Philippines,2020,11,18,0.07491786164857704,-2.5913629436104637,0.003976175586189989,1,1,514909,523694,111,0,1,0,0,0,0,1,1,24.99550008773804,41.346500396728516,0.8703500032424928,48.208328610374814,-0.5196400648410315,112081264,361751145451.597,-9.51829474045297,2.3931623931624,52.0356914003601,0.4594068460898157,0.1447663695290417
Philippines,2020,12,19,0.048058054100994535,-3.0353455384449384,0.0026319062638263716,2,1,36043,2852,19,0,1,0,0,0,1,1,1,22.374090974981137,47.06818147139116,0.9281818162311207,48.059910649838635,-0.30786788261362164,112081264,361751145451.597,-9.51829474045297,2.3931623931624,52.0356914003601,0.03215791713412511,7.883872755785381e-4
Philippines,2021,1,20,0.05506223004557874,-2.899291277988722,-0.0038346095809703067,3,3,337570,29703,10,2,1,0,0,0,0,1,1,24.909999847412127,52.10210559242651,1.068421056396083,48.038781483968094,-0.04396422212368245,113100950,394087359848.11,5.71473313185116,3.92718022100332,49.9413249106511,0.29846787316994244,0.007537161306429162
Philippines,2021,2,18,0.05086308864493467,-2.978617792461339,0.0015103589830855024,2,2,290623,3700,6,1,1,0,0,0,0,1,1,23.140526219418188,59.061052623548,1.2505789556001363,48.24029178619386,0.4194742164578269,113100950,394087359848.11,5.71473313185116,3.92718022100332,49.9413249106511,0.2569589380106887,9.388781211927381e-4
Philippines,2021,3,23,0.05737664199274629,-2.858117992400975,-0.0023112264969044013,0,0,0,0,0,0,0,0,0,0,0,0,0,21.843043534652047,62.35739135742187,1.608391295308652,48.56355158487956,0.6701033238323495,113100950,394087359848.11,5.71473313185116,3.92718022100332,49.9413249106511,0,0
Philippines,2021,4,19,0.04200877056828975,-3.16987685944475,-5.93271478728534e-4,2,2,18280,23762,9,1,1,0,0,0,0,1,1,17.416190556117478,61.703809828985314,1.6179047652653287,48.56176031203498,-0.003688512858157633,113100950,394087359848.11,5.71473313185116,3.92718022100332,49.9413249106511,0.01616255212710415,0.006029627544805904
Philippines,2021,5,20,0.06050685538585811,-2.8049986082017355,0.0019820502308475867,0,0,0,0,0,0,0,0,0,0,0,0,0,19.760499858856203,65.15699977874756,1.6156499922275545,47.95339514992454,-1.2527658762807814,113100950,394087359848.11,5.71473313185116,3.92718022100332,49.9413249106511,0,0
Philippines,2021,6,22,0.04350509184509112,-3.1348772938276324,0.0018373248433364805,1,1,21000,13069,11,0,1,0,0,0,0,1,1,16.95681814713911,71.3527287569913,1.5134090889583935,48.18019329417835,0.47295534246269977,113100950,394087359848.11,5.71473313185116,3.92718022100332,49.9413249106511,0.018567483297001485,0.0033162697745588903
Philippines,2021,7,21,0.06632585898760386,-2.7131754278532987,-0.004570722574193553,0,0,0,0,0,0,0,0,0,0,0,0,0,17.603333518618637,72.43047659737724,1.3084285656611119,50.15103912353516,4.090572690987826,113100950,394087359848.11,5.71473313185116,3.92718022100332,49.9413249106511,0,0
Philippines,2021,8,21,0.07253812205287552,-2.6236430338981758,0.004249021698077135,0,0,0,0,0,0,0,0,0,0,0,0,0,17.47772723978215,67.71136318553577,1.2778636379675428,50.20329632966415,0.10419964778847213,113100950,394087359848.11,5.71473313185116,3.92718022100332,49.9413249106511,0,0
Philippines,2021,9,22,0.03076532208671721,-3.4813671295866535,6.415207383551968e-4,1,1,313397,0,17,0,1,0,0,0,0,1,1,19.824761799403603,71.54476202101934,1.3711904798235204,50.238392569802016,0.06990823850969718,113100950,394087359848.11,5.71473313185116,3.92718022100332,49.9413249106511,0.27709493156335113,0
Philippines,2021,10,21,0.04746752841995891,-3.047709413922305,6.922925560283756e-4,3,3,1172753,90118,62,1,2,0,0,0,0,1,1,17.869047573634546,81.22285752069382,1.577190478642782,50.78119945526124,1.0804622872935932,113100950,394087359848.11,5.71473313185116,3.92718022100332,49.9413249106511,1.0369081780480183,0.022867518520445183
Philippines,2021,11,20,0.03841689314302719,-3.259257990527685,0.0010254567724435229,0,0,0,0,0,0,0,0,0,0,0,0,0,18.500476246788384,78.65380932035902,1.5566190424419586,50.312932101163,-0.9221273997491619,113100950,394087359848.11,5.71473313185116,3.92718022100332,49.9413249106511,0,0
Philippines,2021,12,21,0.06272356751855647,-2.76901802447857,-5.20295319660981e-4,1,1,10608996,1087447,457,0,1,0,0,0,0,1,1,21.354545506564055,71.69000070745295,1.4618636315519173,50.25502047331437,-0.11510286805028747,113100950,394087359848.11,5.71473313185116,3.92718022100332,49.9413249106511,9.380112191807408,0.27594059358288636
Philippines,2022,1,20,0.04507396813902214,-3.0994504022452523,0.0016503528171715406,0,0,0,0,0,0,0,0,0,0,0,0,0,23.18100004196167,82.97900009155273,1.7624000012874594,51.2863426208496,2.052177350286577,113964338,404353369604.631,7.58098212785563,5.82115811213955,48.8730299164324,0,0
Philippines,2022,2,18,0.051406733226732865,-2.967986118471283,-3.834822265461491e-4,0,0,0,0,0,0,0,0,0,0,0,0,0,25.748421116879125,91.62894680625516,1.9378420992901448,51.320658874511736,0.06691109544665341,113964338,404353369604.631,7.58098212785563,5.82115811213955,48.8730299164324,0,0
Philippines,2022,3,23,0.07928892118235553,-2.534656867763963,-6.442832548175943e-4,0,0,0,0,0,0,0,0,0,0,0,0,0,26.968695682028066,108.26217385996941,2.1286087036132817,52.18800004323324,1.6900429334750111,113964338,404353369604.631,7.58098212785563,5.82115811213955,48.8730299164324,0,0
Philippines,2022,4,19,0.05322585147578006,-2.9332110706644197,-0.0035685274879476304,2,2,2300743,45715,349,1,1,0,0,0,0,1,1,24.373500156402585,101.64049949645995,2.747150003910064,52.11729965209961,-0.13547250531742439,113964338,404353369604.631,7.58098212785563,5.82115811213955,48.8730299164324,2.018827152753697,0.01130570521638023
Philippines,2022,5,20,0.05953230821237417,-2.821236118633131,3.21564860109369e-4,0,0,0,0,0,0,0,0,0,0,0,0,0,29.445714587257022,109.25952293759302,2.899571430115473,52.42913055419922,0.5983251323095962,113964338,404353369604.631,7.58098212785563,5.82115811213955,48.8730299164324,0,0
Philippines,2022,6,22,0.06730282712956251,-2.6985530353450757,-0.004357159612298374,0,0,0,0,0,0,0,0,0,0,0,0,0,28.100000018165233,114.33904811314167,3.140523796989804,53.77754523537375,2.57188068335521,113964338,404353369604.631,7.58098212785563,5.82115811213955,48.8730299164324,0,0
Philippines,2022,7,21,0.04784075666751267,-3.039877352836233,0.0012257330259668464,0,0,0,0,0,0,0,0,0,0,0,0,0,24.86850004196167,99.38449974060059,2.891750001907348,55.91261872791108,3.970195149653133,113964338,404353369604.631,7.58098212785563,5.82115811213955,48.8730299164324,0,0
Philippines,2022,8,22,0.055047219928665056,-2.899563917930347,0.0018870112161536346,1,1,7616,0,0,0,1,0,0,0,0,1,1,22.169565366662077,91.48260862930961,2.8993043173914375,55.880086981731914,-0.05818319177193221,113964338,404353369604.631,7.58098212785563,5.82115811213955,48.8730299164324,0.006682792295954898,0
Philippines,2022,9,21,0.073505881644897,-2.610389853585415,-0.00652112926019866,1,1,913945,62645,17,0,1,0,0,0,0,1,1,27.40619041806175,83.8019049508231,3.5168095316205696,57.63838086809431,3.14654822734477,113964338,404353369604.631,7.58098212785563,5.82115811213955,48.8730299164324,0.8019570122014836,0.015492637061798962
Philippines,2022,10,20,0.05936321340601304,-2.824080547389882,0.0034682052500679458,4,3,3445605,69930,163,0,3,0,0,0,1,1,1,30.0057144165039,87.0309524536133,3.9708095050993424,58.8335712977818,2.073601672508274,113964338,404353369604.631,7.58098212785563,5.82115811213955,48.8730299164324,3.0234063220724363,0.017294279028359828
Philippines,2022,11,20,0.04465618816685042,-3.108762388500111,0.004854121470336458,0,0,0,0,0,0,0,0,0,0,0,0,0,23.436190650576634,84.38571457635788,3.8860476471128913,57.494817907159984,-2.2754923100721136,113964338,404353369604.631,7.58098212785563,5.82115811213955,48.8730299164324,0,0
Philippines,2022,12,19,0.06259694433448944,-2.7710388146155474,-0.0016909406773280011,1,1,600016,12101,70,1,0,0,0,0,0,1,1,21.7842856815883,76.51809510730561,3.61857142902556,55.549136595292524,-3.3840985721691585,113964338,404353369604.631,7.58098212785563,5.82115811213955,48.8730299164324,0.5264945249802618,0.002992679401146608
Philippines,2023,1,21,0.053949914648228195,-2.9196991693324756,0.0016173922425388515,1,1,2143358,32090,52,1,0,0,0,0,0,1,1,20.202999973297132,78.16400032043458,3.5390500068664554,54.953409194946296,-1.0724332309365092,114891199,437055627245.138,5.51894967856043,5.97802515541409,48.3110407107995,1.8655545582738675,0.007342314799210032
Philippines,2023,2,20,0.04915937195701862,-3.0126877698537333,-0.001775913775487403,2,2,247764,10566,17,2,0,0,0,0,0,1,1,20.062105379606546,76.86052583393297,3.7481578902194372,54.77775001525879,-0.3196511049284645,114891199,437055627245.138,5.51894967856043,5.97802515541409,48.3110407107995,0.21565098297912272,0.00241754123304622
Philippines,2023,3,23,0.0453800561914317,-3.0926825613889934,-3.764445499145222e-4,0,0,0,0,0,0,0,0,0,0,0,0,0,21.644347895746655,73.37260934580928,3.6646086962326714,54.74930423239004,-0.05192944737749672,114891199,437055627245.138,5.51894967856043,5.97802515541409,48.3110407107995,0,0
Philippines,2023,4,16,0.02510680196633072,-3.6846164748822927,0.0011943429436437336,1,1,136149,235,0,0,1,0,0,0,0,1,1,17.8178946344476,79.43842155054998,3.462578949175384,55.24033337547666,0.8968682798276006,114891199,437055627245.138,5.51894967856043,5.97802515541409,48.3110407107995,0.11850254952949008,5.376889927748076e-5
Philippines,2023,5,22,0.037224242542824755,-3.290795048696329,-0.0010249754648512521,1,1,30501,0,1,0,1,0,0,0,0,1,1,17.644090999256488,71.62090925736862,3.5740454522046186,55.78439132027004,0.9848925803820574,114891199,437055627245.138,5.51894967856043,5.97802515541409,48.3110407107995,0.026547725383212338,0
Philippines,2023,6,21,0.0350207655452858,-3.351814092132472,-6.834580220518752e-5,0,0,0,0,0,0,0,0,0,0,0,0,0,13.994285628909152,70.27428545270648,3.7471904868171313,55.78790483020601,0.00629837460410787,114891199,437055627245.138,5.51894967856043,5.97802515541409,48.3110407107995,0,0
Philippines,2023,7,21,0.03413996997105932,-3.3772864411985575,8.999373568237835e-4,2,2,5385687,300340,41,0,2,0,0,0,0,1,1,13.94399991035461,76.03449974060058,3.8950000286102306,54.86504554748535,-1.6542282516782802,114891199,437055627245.138,5.51894967856043,5.97802515541409,48.3110407107995,4.687641043766981,0.06871894131488754
Philippines,2023,8,21,0.051743052228967225,-2.9614651122949396,-0.0031060501885323156,1,1,900003,34867,4,0,1,0,0,0,0,1,1,15.853912975477135,81.32086977751358,4.167434816775114,56.28352156929348,2.5853911313724165,114891199,437055627245.138,5.51894967856043,5.97802515541409,48.3110407107995,0.7833524306766091,0.007977703025991156
Philippines,2023,9,21,0.03955687146166836,-3.2300158587303014,0.0011126695713389472,0,0,0,0,0,0,0,0,0,0,0,0,0,15.241000032424925,89.43050003051758,4.375349998474121,56.759300041198735,0.8453246325738517,114891199,437055627245.138,5.51894967856043,5.97802515541409,48.3110407107995,0,0
Philippines,2023,10,21,0.03666291824414565,-3.3059894367887614,-0.00269217007706197,1,1,275,0,0,0,1,0,0,0,0,1,1,18.887727303938444,85.46681837602095,4.79795451597734,56.73163656754927,-0.048738221981914354,114891199,437055627245.138,5.51894967856043,5.97802515541409,48.3110407107995,2.3935688929488846e-4,0
Philippines,2023,11,19,0.030187366776349454,-3.500331760784899,0.002157344496312026,1,1,1157488,2282,2,1,0,0,0,0,0,1,1,14.077142897106343,77.37666720435733,4.50476192292713,55.668595574118875,-1.8738063235046232,114891199,437055627245.138,5.51894967856043,5.97802515541409,48.3110407107995,1.007464462095134,5.221303325583451e-4
Philippines,2023,12,18,0.037462685504706425,-3.2844098946077,0.0019842742255992752,1,1,425867,44,1,0,1,0,0,0,0,1,1,12.71849999427795,72.12350006103514,4.022749972343445,55.430856795538055,-0.42706085204590183,114891199,437055627245.138,5.51894967856043,5.97802515541409,48.3110407107995,0.37066981953944095,1.0067368375358099e-5
Philippines,2024,1,22,0.03820836189692232,-3.2647008894990495,0.001363410262106916,2,1,2795364,97612,43,1,0,0,0,0,1,1,1,13.395238149733762,73.86095210484096,4.054714282353719,55.897652169932485,0.8421218818901677,115843670,461671157904.74,5.71474526128652,3.21260487006347,49.8449977717705,2.413048550689045,0.021143187814245266
Philippines,2024,2,20,0.027724790391514265,-3.585428306044285,0.00219494244444336,1,0,1400032,51316,128,0,0,0,0,0,1,1,0,13.944000101089475,76.61000022888183,4.211700010299683,55.987476167224706,0.16069368534326056,115843670,461671157904.74,5.71474526128652,3.21260487006347,49.8449977717705,1.208552871296291,0.01111527092853143
Philippines,2024,3,19,0.03905117736133295,-3.2428822530527923,-3.1301943077170145e-4,0,0,0,0,0,0,0,0,0,0,0,0,0,13.78749990463257,80.40499992370606,4.20809998512268,55.86963601545854,-0.21047591324566683,115843670,461671157904.74,5.71474526128652,3.21260487006347,49.8449977717705,0,0
Philippines,2024,4,20,0.05038677317195519,-2.988026575411828,-0.001492607541784086,1,1,34,0,0,0,0,0,0,1,0,1,1,16.13772708719427,84.39409117265183,4.538318135521629,56.99463636224922,2.0136167460969467,115843670,461671157904.74,5.71474526128652,3.21260487006347,49.8449977717705,2.9349898876649884e-5,0
Philippines,2024,5,22,0.04051890437506531,-3.205986639082092,-0.0018510973043033086,1,1,52008,20526,6,0,1,0,0,0,0,1,1,13.090454535050823,78.6213642467152,4.481954509561712,57.72500003467907,1.2814603602131491,115843670,461671157904.74,5.71474526128652,3.21260487006347,49.8449977717705,0.044894986493435506,0.004446021729656173
Philippines,2024,6,18,0.044368593358965085,-3.1152234166188695,-1.8329608332508707e-4,0,0,0,0,0,0,0,0,0,0,0,0,0,12.676842037000158,78.69842127749794,4.305105234447279,58.68661898658389,1.6658621937238882,115843670,461671157904.74,5.71474526128652,3.21260487006347,49.8449977717705,0,0
Philippines,2024,7,22,0.04074488762238545,-3.2004249042850437,0.0014454841737795731,1,1,6498934,216552,53,0,1,0,0,0,0,1,1,14.470000050284641,80.4813638166948,4.246090910651467,58.4244789455248,-0.4466777019801027,115843670,461671157904.74,5.71474526128652,3.21260487006347,49.8449977717705,5.610089873706522,0.04690611407972832
Philippines,2024,8,20,0.049315129077122155,-3.0095243671787713,0.002060347864992274,0,0,0,0,0,0,0,0,0,0,0,0,0,19.31227272207087,75.4336367520419,3.8704091093756947,56.8970478602818,-2.6143683483547675,115843670,461671157904.74,5.71474526128652,3.21260487006347,49.8449977717705,0,0
Philippines,2024,9,21,0.0430194737519947,-3.146102387853479,0.0025217091158494112,4,4,3517054,45157,87,0,4,0,0,0,0,1,1,17.768999814987193,69.37249946594238,3.7196500062942506,55.96918227455833,-1.6307798394074369,115843670,461671157904.74,5.71474526128652,3.21260487006347,49.8449977717705,3.036034683638735,0.00978120448436538
Philippines,2024,10,23,0.045242223802270505,-3.095724473277629,-7.823248952480405e-4,2,2,9652739,382815,181,0,2,0,0,0,0,1,1,19.960869581803042,71.56173838739811,4.092913036761077,57.397499951449305,2.5519716723469754,115843670,461671157904.74,5.71474526128652,3.21260487006347,49.8449977717705,8.33255628037337,0.08291940994048172
Philippines,2024,11,20,0.06429399462495707,-2.7442890482906623,-0.0038480650449024267,3,3,4652017,123157,16,0,3,0,0,0,0,1,1,16.12100005149841,69.54399986267089,4.3548500776290915,58.62738073439824,2.1427427744923566,115843670,461671157904.74,5.71474526128652,3.21260487006347,49.8449977717705,4.015771427131064,0.026676346982328035
Philippines,2024,12,18,0.03948007714284093,-3.2319591104460974,-7.191286901464784e-4,0,0,0,0,0,0,0,0,0,0,0,0,0,15.79200010299683,69.59650001525878,4.382350015640259,58.290681318803266,-0.5743040391320453,115843670,461671157904.74,5.71474526128652,3.21260487006347,49.8449977717705,0,0
SouthAfrica,2012,2,15,0.025329792692340876,-3.6757739992759935,1.3478652387230255e-4,0,0,0,0,0,0,0,0,0,0,0,0,0,18.42049999237059,102.26249961853036,1.95825001001358,7.644738560631162,-4.60965315348828,53782567,434400545085.811,2.39623238465745,5.73797139141739,125.167785450237,0,0
SouthAfrica,2012,3,22,0.030717643801593243,-3.4829180728110836,-9.9392552085971e-4,0,0,0,0,0,0,0,0,0,0,0,0,0,16.167272871190846,106.20499940352013,2.161181818355213,7.586149063977328,-0.7664028820495994,53782567,434400545085.811,2.39623238465745,5.73797139141739,125.167785450237,0,0
SouthAfrica,2012,4,19,0.036299542524879234,-3.3159501404111524,0.0013087506275142554,0,0,0,0,0,0,0,0,0,0,0,0,0,17.82299990653992,103.346000289917,2.0283500015735627,7.820622769269077,3.0908133140323146,53782567,434400545085.811,2.39623238465745,5.73797139141739,125.167785450237,0,0
SouthAfrica,2012,5,23,0.04235104232008907,-3.161762246142339,-0.0016177775187300552,0,0,0,0,0,0,0,0,0,0,0,0,0,21.00181813673539,94.71590978449039,1.789999988946048,8.162621809088664,4.373040995705146,53782567,434400545085.811,2.39623238465745,5.73797139141739,125.167785450237,0,0
SouthAfrica,2012,6,19,0.03798115177821025,-3.27066524814391,8.907687342503023e-4,0,0,0,0,0,0,0,0,0,0,0,0,0,21.13095229012627,82.40523819696337,1.6085238172894434,8.375457048416138,2.6074372218310105,53782567,434400545085.811,2.39623238465745,5.73797139141739,125.167785450237,0,0
SouthAfrica,2012,7,22,0.034578217389006224,-3.364531350402599,0.0011827129423429966,0,0,0,0,0,0,0,0,0,0,0,0,0,17.565238180614656,87.93142881847564,1.4991428568249652,8.233443384585174,-1.6955930047760193,53782567,434400545085.811,2.39623238465745,5.73797139141739,125.167785450237,0,0
SouthAfrica,2012,8,22,0.02657032705973718,-3.6279602099245944,0.0010295315243848563,0,0,0,0,0,0,0,0,0,0,0,0,0,15.68956511953603,94.16087009595788,1.6691739144532578,8.261191281405361,0.33701448499832143,53782567,434400545085.811,2.39623238465745,5.73797139141739,125.167785450237,0,0
SouthAfrica,2012,9,20,0.03633159698540247,-3.315067475955645,5.179871537762002e-4,0,0,0,0,0,0,0,0,0,0,0,0,0,15.284736834074321,94.5584218878495,1.712736845016481,8.273671785990398,0.15107390883357663,53782567,434400545085.811,2.39623238465745,5.73797139141739,125.167785450237,0,0
SouthAfrica,2012,10,23,0.031065927151859046,-3.4716436503667327,0.0016677982961113003,1,1,125000,280446,13,1,0,0,0,0,0,1,1,16.276190576099218,89.9480954124814,1.7211428540093547,8.656350005756726,4.625252604464047,53782567,434400545085.811,2.39623238465745,5.73797139141739,125.167785450237,0.23241731842215713,0.06455931125606691
SouthAfrica,2012,11,22,0.028017759350204875,-3.5749167073590686,0.0011455645842082453,0,0,0,0,0,0,0,0,0,0,0,0,0,16.701904841831762,86.73238009498233,1.6426190364928472,8.788962190801447,1.5319642222938024,53782567,434400545085.811,2.39623238465745,5.73797139141739,125.167785450237,0,0
SouthAfrica,2012,12,19,0.016284335417429182,-4.117551650578277,0.001559066278088731,0,0,0,0,0,0,0,0,0,0,0,0,0,17.306999826431277,88.24550018310548,1.7045500040054304,8.611155033111572,-2.023073416745025,53782567,434400545085.811,2.39623238465745,5.73797139141739,125.167785450237,0,0
SouthAfrica,2013,1,22,0.027393695799948835,-3.597442372354482,0.0014055767277712568,0,0,0,0,0,0,0,0,0,0,0,0,0,13.505238124302462,94.82857077462332,1.8900000084014166,8.760019177975861,1.728736090476568,54678791,400886013595.573,2.48546800826588,5.78016910069176,127.029272479725,0,0
SouthAfrica,2013,2,20,0.027544488189838384,-3.5919528291036222,-9.644136872426931e-4,0,0,0,0,0,0,0,0,0,0,0,0,0,14.072631635163958,95.3215789794922,1.9674210485659147,8.871946907043457,1.277711004891402,54678791,400886013595.573,2.48546800826588,5.78016910069176,127.029272479725,0,0
SouthAfrica,2013,3,20,0.02843821596673668,-3.5600214057356205,1.901227532445487e-4,0,0,0,0,0,0,0,0,0,0,0,0,0,13.03150000572205,92.95699920654297,1.94549999833107,9.186340375380082,3.543680678330352,54678791,400886013595.573,2.48546800826588,5.78016910069176,127.029272479725,0,0
SouthAfrica,2013,4,21,0.046899747558054095,-3.0597429861018712,-0.0013643238246190937,0,0,0,0,0,0,0,0,0,0,0,0,0,13.967272715135058,92.06772752241655,1.731181794946843,9.096197388388894,-0.9812720115703111,54678791,400886013595.573,2.48546800826588,5.78016910069176,127.029272479725,0,0
SouthAfrica,2013,5,21,0.05376672138268504,-2.923100564862719,0.003872266932899681,0,0,0,0,0,0,0,0,0,0,0,0,0,13.493636304681955,94.79954598166726,1.9180454611778264,9.331125042655252,2.582701806429988,54678791,400886013595.573,2.48546800826588,5.78016910069176,127.029272479725,0,0
SouthAfrica,2013,6,20,0.06813214210226719,-2.6863061932954513,-0.002989260760805657,1,1,2870,0,3,0,1,0,0,0,0,1,1,17.27149991989137,95.80049934387208,2.289049994945526,10.016232808430994,7.342177525688687,54678791,400886013595.573,2.48546800826588,5.78016910069176,127.029272479725,0.005248835878613337,0
SouthAfrica,2013,7,23,0.05163921486443722,-2.963473917138696,0.0018440496120609568,0,0,0,0,0,0,0,0,0,0,0,0,0,13.974545652216133,104.69863648848099,2.5659090930765323,9.895224322443426,-1.2081237357593255,54678791,400886013595.573,2.48546800826588,5.78016910069176,127.029272479725,0,0
SouthAfrica,2013,8,22,0.03836132202054463,-3.2607055660429056,0.0010182927449388598,0,0,0,0,0,0,0,0,0,0,0,0,0,14.209999908100468,106.53909128362481,2.7304545424201265,10.07020287286668,1.768313124810983,54678791,400886013595.573,2.48546800826588,5.78016910069176,127.029272479725,0,0
SouthAfrica,2013,9,21,0.037466539326789984,-3.284307028947589,0.0019914849032096078,0,0,0,0,0,0,0,0,0,0,0,0,0,14.692000102996825,106.2354995727539,2.8008000254631047,9.974579160863701,-0.9495708597949792,54678791,400886013595.573,2.48546800826588,5.78016910069176,127.029272479725,0,0
SouthAfrica,2013,10,23,0.03009142325048327,-3.5035150896753575,0.0014428441644637627,0,0,0,0,0,0,0,0,0,0,0,0,0,15.407826050468104,100.55260799242103,2.5997391161711327,9.89330523354667,-0.8148105900639746,54678791,400886013595.573,2.48546800826588,5.78016910069176,127.029272479725,0,0
SouthAfrica,2013,11,21,0.03706761029098423,-3.2950117286672196,-5.703064807066244e-4,0,0,0,0,0,0,0,0,0,0,0,0,0,12.923999977111816,93.93149986267089,2.7084999799728395,10.19327613285609,3.032059480913052,54678791,400886013595.573,2.48546800826588,5.78016910069176,127.029272479725,0,0
SouthAfrica,2013,12,19,0.04417790347221849,-3.1195305363438925,0.001477602586493706,0,0,0,0,0,0,0,0,0,0,0,0,0,14.192380905151367,97.89428601946148,2.8920000280652722,10.346354181116283,1.5017551400062112,54678791,400886013595.573,2.48546800826588,5.78016910069176,127.029272479725,0,0
SouthAfrica,2014,1,22,0.03135491190530021,-3.4623843445812703,-0.0011182903684640133,0,0,0,0,0,0,0,0,0,0,0,0,0,14.240952400934129,94.85666729155041,2.8421428317115423,10.835425897078077,4.7269956875671815,55594838,381198869776.106,1.41382645223793,6.13282953059149,128.838374779653,0,0
SouthAfrica,2014,2,20,0.032405919273664756,-3.429414179238674,0.00237638925743644,0,0,0,0,0,0,0,0,0,0,0,0,0,15.470000116448647,100.67526245117193,2.6972631655241317,10.964510393142705,1.1913190795706408,55594838,381198869776.106,1.41382645223793,6.13282953059149,128.838374779653,0,0
SouthAfrica,2014,3,21,0.03238990363130799,-3.4299085210639615,4.426457452159768e-4,1,1,7185,115593,32,1,0,0,0,0,0,1,1,14.836666742960618,100.50904737200057,2.716666664396014,10.7453458959406,-1.9988534767514277,55594838,381198869776.106,1.41382645223793,6.13282953059149,128.838374779653,0.012923861744142505,0.03032354216262304
SouthAfrica,2014,4,20,0.024858533990070025,-3.6945541652711507,0.0011374332041127922,0,0,0,0,0,0,0,0,0,0,0,0,0,14.198095321655277,102.03476206461586,2.6912857123783653,10.536815946752368,-1.9406536672496588,55594838,381198869776.106,1.41382645223793,6.13282953059149,128.838374779653,0,0
SouthAfrica,2014,5,20,0.018185427133990018,-4.007134712560024,7.742042730206402e-4,0,0,0,0,0,0,0,0,0,0,0,0,0,12.475238028026752,101.79476165771486,2.551809515271868,10.394721894037152,-1.3485483037122936,55594838,381198869776.106,1.41382645223793,6.13282953059149,128.838374779653,0,0
SouthAfrica,2014,6,21,0.02556859182182521,-3.6663905626923956,0.001242946749305521,0,0,0,0,0,0,0,0,0,0,0,0,0,11.541428565979004,105.14666748046872,2.592571417490641,10.674232656305477,2.688968162088723,55594838,381198869776.106,1.41382645223793,6.13282953059149,128.838374779653,0,0
SouthAfrica,2014,7,23,0.028933823279115294,-3.5427440125173386,3.8304172959907395e-4,0,0,0,0,0,0,0,0,0,0,0,0,0,12.296363613822255,102.3918176130815,2.5300000039013946,10.659085149350378,-0.1419072212760053,55594838,381198869776.106,1.41382645223793,6.13282953059149,128.838374779653,0,0
SouthAfrica,2014,8,21,0.02794755196366711,-3.5774256694900215,-4.0666406490650416e-4,0,0,0,0,0,0,0,0,0,0,0,0,0,13.497142927987234,96.07619040352958,2.4121905167897553,10.656535239446738,-0.02392240861117667,55594838,381198869776.106,1.41382645223793,6.13282953059149,128.838374779653,0,0
SouthAfrica,2014,9,22,0.03567293724535494,-3.3333629380237877,-0.0014709762954979214,0,0,0,0,0,0,0,0,0,0,0,0,0,13.466666630336219,93.03428540910994,2.5284285545349126,10.981132724068392,3.0459945688548817,55594838,381198869776.106,1.41382645223793,6.13282953059149,128.838374779653,0,0
SouthAfrica,2014,10,23,0.05930598447371634,-2.8250450594579806,3.393423797526091e-4,0,0,0,0,0,0,0,0,0,0,0,0,0,18.01608711740246,84.33912924061651,2.288304339284482,11.060593995180987,0.7236163436804111,55594838,381198869776.106,1.41382645223793,6.13282953059149,128.838374779653,0,0
SouthAfrica,2014,11,20,0.04256937098925466,-3.1566202751672696,1.891843541509175e-4,0,0,0,0,0,0,0,0,0,0,0,0,0,13.41315786462081,75.81000077097039,2.322789455714978,11.0868586063385,0.23746112703311173,55594838,381198869776.106,1.41382645223793,6.13282953059149,128.838374779653,0,0
SouthAfrica,2014,12,21,0.06445537327221472,-2.741782181897342,-1.3449403717353536e-4,0,0,0,0,0,0,0,0,0,0,0,0,0,16.311818296259105,59.28954488580878,2.2043636278672656,11.474686166514518,3.4980833971697933,55594838,381198869776.106,1.41382645223793,6.13282953059149,128.838374779653,0,0
SouthAfrica,2015,1,21,0.06182547368412732,-2.7834398039116937,0.0014104312933964208,1,1,2700000,339578,0,0,0,1,0,0,0,1,1,19.11949996948241,47.32550010681152,1.8735500037670145,11.54963770779696,0.6531903373633519,56723537,346709790458.563,1.32186223678229,4.51869094892506,127.203244242731,4.759928845762915,0.09794300863291736
SouthAfrica,2015,2,20,0.0219389261501573,-3.819492770175311,0.001986085217890032,0,0,0,0,0,0,0,0,0,0,0,0,0,15.904210492184289,50.724736464651016,1.9698947291625173,11.57180614471436,0.1919405394199991,56723537,346709790458.563,1.32186223678229,4.51869094892506,127.203244242731,0,0
SouthAfrica,2015,3,22,0.03650523400408562,-3.310299631301903,-0.0010013002948769537,0,0,0,0,0,0,0,0,0,0,0,0,0,14.812727277929119,47.85409060391514,2.0408181710676714,12.054719966390852,4.173193152713428,56723537,346709790458.563,1.32186223678229,4.51869094892506,127.203244242731,0,0
SouthAfrica,2015,4,21,0.02861716093509131,-3.5537487084084685,0.002017639806526784,0,0,0,0,0,0,0,0,0,0,0,0,0,13.494761875697547,54.62809553600491,1.9270952542622881,11.97927193208174,-0.625879609974056,56723537,346709790458.563,1.32186223678229,4.51869094892506,127.203244242731,0,0
SouthAfrica,2015,5,21,0.03243984557699037,-3.4283678100116566,-0.001936573188140773,0,0,0,0,0,0,0,0,0,0,0,0,0,13.338500070571884,59.371999931335445,2.1918000221252445,11.966464133489696,-0.10691633568934433,56723537,346709790458.563,1.32186223678229,4.51869094892506,127.203244242731,0,0
SouthAfrica,2015,6,22,0.034823062916664656,-3.357475384218231,-4.0521539069333055e-4,0,0,0,0,0,0,0,0,0,0,0,0,0,14.339545510031959,59.82863651622426,2.3569090799851855,12.291242772882628,2.7140735623315537,56723537,346709790458.563,1.32186223678229,4.51869094892506,127.203244242731,0,0
SouthAfrica,2015,7,23,0.05457530744781433,-2.9081737430702095,2.062310095784481e-4,0,0,0,0,0,0,0,0,0,0,0,0,0,14.35272723978216,50.93000013178045,2.3152727105400785,12.444558663801704,1.2473587394866703,56723537,346709790458.563,1.32186223678229,4.51869094892506,127.203244242731,0,0
SouthAfrica,2015,8,21,0.06957175594486296,-2.665396599392953,-0.0019427711221347858,0,0,0,0,0,0,0,0,0,0,0,0,0,19.42809536343529,42.88904771350679,2.1617619083041233,12.918325077403678,3.807016595775692,56723537,346709790458.563,1.32186223678229,4.51869094892506,127.203244242731,0,0
SouthAfrica,2015,9,22,0.07175722700392471,-2.634466704621432,1.0587276699481764e-4,0,0,0,0,0,0,0,0,0,0,0,0,0,24.3771428607759,45.46523829868861,2.1681904679252977,13.65161219510166,5.6763327544731235,56723537,346709790458.563,1.32186223678229,4.51869094892506,127.203244242731,0,0
SouthAfrica,2015,10,22,0.039491459802843104,-3.231670837974236,0.0032435661804869854,0,0,0,0,0,0,0,0,0,0,0,0,0,16.789545449343585,46.28954540599476,2.0591818473555823,13.483017149425681,-1.23498267652572,56723537,346709790458.563,1.32186223678229,4.51869094892506,127.203244242731,0,0
SouthAfrica,2015,11,21,0.042157750592969834,-3.166336730229101,-0.0019754144161810406,0,0,0,0,0,0,0,0,0,0,0,0,0,16.209999990463267,42.92300014495849,2.264849996566773,14.108499481564472,4.639038319145317,56723537,346709790458.563,1.32186223678229,4.51869094892506,127.203244242731,0,0
SouthAfrica,2015,12,22,0.06440268537403222,-2.7425999483866437,-8.122958557200183e-4,0,0,0,0,0,0,0,0,0,0,0,0,0,18.02545473792337,37.32727258855646,2.2386817823756817,14.951790809631344,5.977186512065291,56723537,346709790458.563,1.32186223678229,4.51869094892506,127.203244242731,0,0
SouthAfrica,2016,1,20,0.06532109795090651,-2.7284402022197534,-0.001554499301736012,1,1,20,0,11,0,0,0,0,1,0,1,1,23.717894805105114,31.775789461637792,2.075210539918197,16.326696032569522,9.19558894612489,57259551,323585509674.481,0.664552307858116,6.60290842394872,124.360496111764,3.492867067714171e-5,0
SouthAfrica,2016,2,21,0.06797413836852809,-2.688627964255186,2.6416156095874913e-4,0,0,0,0,0,0,0,0,0,0,0,0,0,22.516999816894526,30.6164999961853,1.7770000040531155,15.764750117347367,-3.44188385758607,57259551,323585509674.481,0.664552307858116,6.60290842394872,124.360496111764,0,0
SouthAfrica,2016,3,21,0.049342027493951515,-3.008979076427836,0.0026564288979094345,0,0,0,0,0,0,0,0,0,0,0,0,0,15.849090966311369,37.96090906316584,1.886090912602164,15.363163709640505,-2.547369319003412,57259551,323585509674.481,0.664552307858116,6.60290842394872,124.360496111764,0,0
SouthAfrica,2016,4,21,0.0332811678812622,-3.402763571058856,6.400494482920275e-4,0,0,0,0,0,0,0,0,0,0,0,0,0,14.300476255870995,41.12476185389927,1.7991428602309452,14.604221534728994,-4.9400122868915926,57259551,323585509674.481,0.664552307858116,6.60290842394872,124.360496111764,0,0
SouthAfrica,2016,5,22,0.0427203642146196,-3.1530795587434226,8.064017771798724e-4,0,0,0,0,0,0,0,0,0,0,0,0,0,14.852857044764919,46.7966666448684,1.802619042850676,15.295865639396343,4.735919015078016,57259551,323585509674.481,0.664552307858116,6.60290842394872,124.360496111764,0,0
SouthAfrica,2016,6,21,0.06762975534114966,-2.693707225010147,-0.0015145368652611409,0,0,0,0,0,0,0,0,0,0,0,0,0,17.77454549616033,48.85318166559393,1.6401363611221305,15.033898266879005,-1.7126678456341193,57259551,323585509674.481,0.664552307858116,6.60290842394872,124.360496111764,0,0
SouthAfrica,2016,7,21,0.03491503153626088,-3.3548378394549636,5.258782794453642e-4,1,1,6900,241450,7,1,0,0,0,0,0,1,1,13.15850005149842,44.79949970245361,1.498950004577638,14.389554750351671,-4.285937719472798,57259551,323585509674.481,0.664552307858116,6.60290842394872,124.360496111764,0.012050391383613888,0.07461706188354747
SouthAfrica,2016,8,21,0.029561426298967894,-3.521284933086208,-5.817042519174457e-5,0,0,0,0,0,0,0,0,0,0,0,0,0,12.399565240611205,44.79913081293521,1.5546086871105695,13.778302068295678,-4.247891562044714,57259551,323585509674.481,0.664552307858116,6.60290842394872,124.360496111764,0,0
SouthAfrica,2016,9,22,0.04855022781656667,-3.0251563918445523,-6.802424007456311e-4,0,0,0,0,0,0,0,0,0,0,0,0,0,14.2195237931751,45.225714365641274,1.6291904790060858,14.03775573912122,1.8830598250749064,57259551,323585509674.481,0.664552307858116,6.60290842394872,124.360496111764,0,0
SouthAfrica,2016,10,21,0.033162997130555455,-3.4063205688864113,-0.0012629969757097248,0,0,0,0,0,0,0,0,0,0,0,0,0,14.58523804800851,49.86949996948243,1.7560952334176934,13.916614850362137,-0.8629647858986456,57259551,323585509674.481,0.664552307858116,6.60290842394872,124.360496111764,0,0
SouthAfrica,2016,11,22,0.044747101518419034,-3.1067286068970965,-3.433009610085007e-4,1,1,600,134139,6,1,0,0,0,0,0,1,1,15.236190387180876,45.881999778747556,2.1383000135421755,13.896324547854332,-0.1457991237522549,57259551,323585509674.481,0.664552307858116,6.60290842394872,124.360496111764,0.0010478601203142513,0.04145395760611793
SouthAfrica,2016,12,19,0.048102182675654796,-3.034427725027725,4.6348682726189184e-4,0,0,0,0,0,0,0,0,0,0,0,0,0,12.472380956014,52.16571499052502,2.486571436836605,13.856798605485391,-0.28443450808036674,57259551,323585509674.481,0.664552307858116,6.60290842394872,124.360496111764,0,0
SouthAfrica,2017,1,21,0.03351103987949286,-3.395880345798765,0.0019655754742655364,0,0,0,0,0,0,0,0,0,0,0,0,0,11.60850000381469,52.608499717712405,2.4257999897003177,13.570056698539036,-2.06932290141566,57635162,381448814653.456,1.15794695181735,5.18618655524149,127.030283858454,0,0
SouthAfrica,2017,2,20,0.030374994659358476,-3.4941355531450293,-0.0015800452638177198,0,0,0,0,0,0,0,0,0,0,0,0,0,11.530526361967384,53.46210560045745,2.418421055141248,13.189264440536505,-2.8061213483620007,57635162,381448814653.456,1.15794695181735,5.18618655524149,127.030283858454,0,0
SouthAfrica,2017,3,22,0.03432539388402952,-3.3718698522583397,8.016321337986909e-4,0,0,0,0,0,0,0,0,0,0,0,0,0,11.897826111834982,49.67391320933467,2.479043473368106,12.927194719729226,-1.9869926938595683,57635162,381448814653.456,1.15794695181735,5.18618655524149,127.030283858454,0,0
SouthAfrica,2017,4,17,0.028112927437883455,-3.571525757263302,0.001957291101015958,0,0,0,0,0,0,0,0,0,0,0,0,0,13.136315847698011,51.11736899928044,2.2926315759357663,13.424375170753123,3.8460041935092892,57635162,381448814653.456,1.15794695181735,5.18618655524149,127.030283858454,0,0
SouthAfrica,2017,5,22,0.019369579625259897,-3.944051504160121,-2.1566488291399377e-4,2,2,200,1576094,3,1,0,1,0,0,0,1,1,10.862272782759232,48.539545752785415,2.3024545691230083,13.257138293722395,-1.2457702865387499,57635162,381448814653.456,1.15794695181735,5.18618655524149,127.030283858454,3.470103892481468e-4,0.4131862361223673
SouthAfrica,2017,6,21,0.034996272040692326,-3.352513736288725,-0.0017674025692365602,2,2,12418,923328,18,0,1,0,1,0,0,1,1,10.513636328957297,45.19590950012207,2.185136372392828,12.880114782424199,-2.8439283271015303,57635162,381448814653.456,1.15794695181735,5.18618655524149,127.030283858454,0.021545875068417437,0.24205816469474103
SouthAfrica,2017,7,21,0.031117730107694617,-3.4699775223163023,0.0032077205291666513,0,0,0,0,0,0,0,0,0,0,0,0,0,10.264499998092646,46.67500038146972,2.3130499958992004,13.112507638477148,1.8042762815286828,57635162,381448814653.456,1.15794695181735,5.18618655524149,127.030283858454,0,0
SouthAfrica,2017,8,22,0.027068885324957458,-3.609370353708086,0.0010697587156971852,0,0,0,0,0,0,0,0,0,0,0,0,0,11.975652155668834,48.05782566899839,2.2079130151997446,13.22077444325323,0.8256758185473778,57635162,381448814653.456,1.15794695181735,5.18618655524149,127.030283858454,0,0
SouthAfrica,2017,9,20,0.027068794877371204,-3.6093736950993653,-8.40492964897255e-4,0,0,0,0,0,0,0,0,0,0,0,0,0,10.437999963760376,49.87699985504148,2.201450026035309,13.14168753623963,-0.5982017721659294,57635162,381448814653.456,1.15794695181735,5.18618655524149,127.030283858454,0,0
SouthAfrica,2017,10,22,0.020702980897299165,-3.8774775843780525,0.0026990108702612437,1,1,518,420292,11,0,1,0,0,0,0,1,1,10.125454512509439,51.59454588456586,2.3578636104410347,13.673237280412168,4.044760177920326,57635162,381448814653.456,1.15794695181735,5.18618655524149,127.030283858454,8.987569081527003e-4,0.11018306620819698
SouthAfrica,2017,11,22,0.028489137225331692,-3.5582324143520134,6.068600312221633e-4,0,0,0,0,0,0,0,0,0,0,0,0,0,10.540476163228348,56.662857418968564,2.3540952432723277,14.055973325456886,2.7991618750960567,57635162,381448814653.456,1.15794695181735,5.18618655524149,127.030283858454,0,0
SouthAfrica,2017,12,19,0.03129069715537917,-3.4644344410963988,-2.3665000725175064e-4,0,0,0,0,0,0,0,0,0,0,0,0,0,10.264500045776375,57.94699993133545,2.4029999732971206,13.136806170145672,-6.539334801144669,57635162,381448814653.456,1.15794695181735,5.18618655524149,127.030283858454,0,0
SouthAfrica,2018,1,22,0.030287447109781936,-3.4970219391131785,1.1070185804809523e-6,0,0,0,0,0,0,0,0,0,0,0,0,0,11.062381017775765,63.65904780796596,2.582904770260765,12.199651303498648,-7.133810566351928,58613001,405260723892.517,1.55678384721676,4.50987264867388,118.380857963487,0,0
SouthAfrica,2018,2,20,0.06061391842287002,-2.80323073533353,-0.0010023412240267144,0,0,0,0,0,0,0,0,0,0,0,0,0,22.464736637316257,62.183684298866666,2.860526335866827,11.8164605140686,-3.1409978850801656,58613001,405260723892.517,1.55678384721676,4.50987264867388,118.380857963487,0,0
SouthAfrica,2018,3,20,0.04533863857435287,-3.093595661385933,-0.002505427525986458,0,0,0,0,0,0,0,0,0,0,0,0,0,19.023809750874843,62.771904899960475,2.843285708200363,11.828688188032668,0.10348000528168644,58613001,405260723892.517,1.55678384721676,4.50987264867388,118.380857963487,0,0
SouthAfrica,2018,4,19,0.03928905516637314,-3.2368092933880366,0.002571405138118546,0,0,0,0,0,0,0,0,0,0,0,0,0,18.26761904216949,66.32523781912666,2.866095259076073,12.080575899644336,2.1294644647620986,58613001,405260723892.517,1.55678384721676,4.50987264867388,118.380857963487,0,0
SouthAfrica,2018,5,22,0.04269671928081893,-3.153633193530213,-0.0016642412042479774,0,0,0,0,0,0,0,0,0,0,0,0,0,14.124545487490574,69.98318099975587,2.978090903975746,12.532613049382752,3.741850996952256,58613001,405260723892.517,1.55678384721676,4.50987264867388,118.380857963487,0,0
SouthAfrica,2018,6,21,0.05370236212371173,-2.924298291028558,0.0012164754169369202,0,0,0,0,0,0,0,0,0,0,0,0,0,13.678095318022233,67.32285672142392,2.9132857209160212,13.29857559204102,6.111754505146827,58613001,405260723892.517,1.55678384721676,4.50987264867388,118.380857963487,0,0
SouthAfrica,2018,7,22,0.040464835933212935,-3.2073219305783907,-1.4106898336270634e-4,0,0,0,0,0,0,0,0,0,0,0,0,0,13.147619065784276,70.581905183338,2.8903333118983676,13.391654387764309,0.6999155291412817,58613001,405260723892.517,1.55678384721676,4.50987264867388,118.380857963487,0,0
SouthAfrica,2018,8,22,0.05808716581379958,-2.845810537739308,9.678617243356864e-4,0,0,0,0,0,0,0,0,0,0,0,0,0,12.546956518422009,67.84521782916526,2.889130447221838,14.081671844829213,5.152593078382894,58613001,405260723892.517,1.55678384721676,4.50987264867388,118.380857963487,0,0
SouthAfrica,2018,9,19,0.03065305949011391,-3.485022801349523,-0.0027247602845675203,0,0,0,0,0,0,0,0,0,0,0,0,0,12.910526325828153,70.0847372757761,3.0047368501362044,14.755396207173657,4.78440606888475,58613001,405260723892.517,1.55678384721676,4.50987264867388,118.380857963487,0,0
SouthAfrica,2018,10,23,0.06716014505175044,-2.7006752869813466,-0.0026712170653469167,0,0,0,0,0,0,0,0,0,0,0,0,0,19.352173639380407,70.75782610022503,3.1558695254118545,14.510801878842427,-1.6576601868021346,58613001,405260723892.517,1.55678384721676,4.50987264867388,118.380857963487,0,0
SouthAfrica,2018,11,22,0.058965933572003436,-2.8307953989189953,-0.0015218064711964947,0,0,0,0,0,0,0,0,0,0,0,0,0,19.389047622680668,56.693332853771395,3.1186190446217847,14.102142290635541,-2.8162440064923966,58613001,405260723892.517,1.55678384721676,4.50987264867388,118.380857963487,0,0
SouthAfrica,2018,12,18,0.04835355583895032,-3.029215516065214,0.002227788180631999,0,0,0,0,0,0,0,0,0,0,0,0,0,24.953157726087074,48.77736924823962,2.8335263352645086,14.24621432168142,1.021632232015901,58613001,405260723892.517,1.55678384721676,4.50987264867388,118.380857963487,0,0
SouthAfrica,2019,1,22,0.04360902600876444,-3.132491131502888,0.0012076358849820424,1,1,750000,170002,0,0,0,1,0,0,0,1,1,19.57238079252696,51.550476255871,2.707285688036965,13.864856429721996,-2.676906884511987,59587885,389330032224.269,0.25993557687633,4.10285075461156,117.185556861489,1.258645108817002,0.04366526749266349
SouthAfrica,2019,2,20,0.03632139364410262,-3.3153483547268703,0.0016753090001816245,0,0,0,0,0,0,0,0,0,0,0,0,0,15.23473684411299,54.98052597045898,2.6755789330131132,13.77444853782655,-0.6520651140796474,59587885,389330032224.269,0.25993557687633,4.10285075461156,117.185556861489,0,0
SouthAfrica,2019,3,20,0.028993969775662595,-3.540667409388182,4.0944004694125596e-4,1,1,0,0,10,1,0,0,0,0,0,1,1,14.485238075256353,58.16809517996651,2.5708571388607937,14.353754520416254,4.20565644424058,59587885,389330032224.269,0.25993557687633,4.10285075461156,117.185556861489,0,0
SouthAfrica,2019,4,20,0.027616941413632825,-3.5893258752345427,0.0017967239731961904,1,1,1000,62964,73,1,0,0,0,0,0,1,1,12.949047588166739,63.87095260620117,2.529999994096302,14.14005452936345,-1.4888090133410414,59587885,389330032224.269,0.25993557687633,4.10285075461156,117.185556861489,0.0016781934784226692,0.016172397397725108
SouthAfrica,2019,5,21,0.04493253325630937,-3.1025931751990523,-0.002401077706997579,1,1,0,0,13,1,0,0,0,0,0,1,1,16.721818056973536,60.865454413674094,2.3938636021180586,14.419277191162104,1.974692963303748,59587885,389330032224.269,0.25993557687633,4.10285075461156,117.185556861489,0,0
SouthAfrica,2019,6,19,0.030068774063308927,-3.5042680522404996,0.0023611516463341686,0,0,0,0,0,0,0,0,0,0,0,0,0,15.8359998703003,54.70650024414063,2.0719000101089478,14.562094824654714,0.9904631945084397,59587885,389330032224.269,0.25993557687633,4.10285075461156,117.185556861489,0,0
SouthAfrica,2019,7,23,0.033325755644972595,-3.4014247381565066,-0.0010733044328329862,0,0,0,0,0,0,0,0,0,0,0,0,0,13.305909070101654,57.54636383056641,2.0548181750557633,14.042866997096853,-3.5656121856779133,59587885,389330032224.269,0.25993557687633,4.10285075461156,117.185556861489,0,0
SouthAfrica,2019,8,21,0.043989514378817644,-3.1238039830364404,-0.001296370646643331,0,0,0,0,0,0,0,0,0,0,0,0,0,18.97909090735696,54.844090548428625,1.6237272782759227,15.179067611694347,8.090944782375175,59587885,389330032224.269,0.25993557687633,4.10285075461156,117.185556861489,0,0
SouthAfrica,2019,9,20,0.041108013058386295,-3.191552211558898,-3.9479097073718004e-4,0,0,0,0,0,0,0,0,0,0,0,0,0,15.55899987220764,56.96700000762939,1.6934499919414514,14.864876270294191,-2.0698988201231394,59587885,389330032224.269,0.25993557687633,4.10285075461156,117.185556861489,0,0
SouthAfrica,2019,10,23,0.036895287295436466,-3.299671451662811,0.0012508059481389341,0,0,0,0,0,0,0,0,0,0,0,0,0,15.466521760691766,54.00565255206564,1.7043043478675517,14.900233658877282,0.23785861341980574,59587885,389330032224.269,0.25993557687633,4.10285075461156,117.185556861489,0,0
SouthAfrica,2019,11,21,0.035032599675287275,-3.3514762317005915,-9.16926535560541e-4,1,1,20,0,4,0,1,0,0,0,0,1,1,12.52349996566773,57.07000007629395,1.8174500107765195,14.798705736796066,-0.6813847648672766,59587885,389330032224.269,0.25993557687633,4.10285075461156,117.185556861489,3.3563869568453387e-5,0
SouthAfrica,2019,12,19,0.032014279797353336,-3.4415732320522134,0.001624570660215316,1,1,3500,0,2,1,0,0,0,0,0,1,1,13.75666663760231,59.80476197742282,1.8619523729596814,14.409676811911845,-2.6288037062384695,59587885,389330032224.269,0.25993557687633,4.10285075461156,117.185556861489,0.005873677174479342,0
SouthAfrica,2020,1,22,0.04398304758086075,-3.1239510015573173,-8.070283184208227e-4,0,0,0,0,0,0,0,0,0,0,0,0,0,13.940952437264567,57.52857190086728,1.7543333371480294,14.35927088364311,-0.3498060985453022,60562381,337974655408.055,-6.1689177146757,3.23238831615113,109.054691372725,0,0
SouthAfrica,2020,2,20,0.07629113910085666,-2.5731984797965977,-0.004709852471846077,1,1,200,0,3,1,0,0,0,0,0,1,1,19.628947358382383,50.54210502222964,1.5016315861752147,14.99732308387756,4.443486061407675,60562381,337974655408.055,-6.1689177146757,3.23238831615113,109.054691372725,3.302380069898507e-4,0
SouthAfrica,2020,3,22,0.2199204589710937,-1.5144893481361745,-0.0062410269512305034,0,0,0,0,0,0,0,0,0,0,0,0,0,57.73681840029629,30.445454597473148,0.8637727255171,16.65796118197233,11.072896735017924,60562381,337974655408.055,-6.1689177146757,3.23238831615113,109.054691372725,0,0
SouthAfrica,2020,4,19,0.09692629382625623,-2.3338044467780374,0.0064980749881646364,0,0,0,0,0,0,0,0,0,0,0,0,0,41.453809647333046,16.699047678992866,0.6521904723984855,18.560814077203915,11.423083980354697,60562381,337974655408.055,-6.1689177146757,3.23238831615113,109.054691372725,0,0
SouthAfrica,2020,5,20,0.06902870292726361,-2.6732328764293274,1.4509200626875354e-4,0,0,0,0,0,0,0,0,0,0,0,0,0,30.897000026702877,28.527499961853025,0.6736000031232834,18.136390686035167,-2.286663663583688,60562381,337974655408.055,-6.1689177146757,3.23238831615113,109.054691372725,0,0
SouthAfrica,2020,6,21,0.07437694020625542,-2.5986093286498027,0.0035254926273680953,0,0,0,0,0,0,0,0,0,0,0,0,0,31.119545503096145,38.31363608620384,0.7235454537651757,17.09864191575484,-5.721914510142212,60562381,337974655408.055,-6.1689177146757,3.23238831615113,109.054691372725,0,0
SouthAfrica,2020,7,23,0.04094077259241063,-3.1956288275931364,0.0010738902465463516,0,0,0,0,0,0,0,0,0,0,0,0,0,26.840454621748496,40.76590919494629,0.6154545491391963,16.72955660386519,-2.1585650703028647,60562381,337974655408.055,-6.1689177146757,3.23238831615113,109.054691372725,0,0
SouthAfrica,2020,8,20,0.04554529125048509,-3.0890480360207606,-2.20950021198707e-4,0,0,0,0,0,0,0,0,0,0,0,0,0,22.889523824055985,42.38809512910389,0.6447619057836985,17.225570938803937,2.964898273658645,60562381,337974655408.055,-6.1689177146757,3.23238831615113,109.054691372725,0,0
SouthAfrica,2020,9,21,0.05674761572009584,-2.8691416372460314,-0.0010511302054650531,0,0,0,0,0,0,0,0,0,0,0,0,0,27.64761906578428,39.625714074997674,0.6734761907940819,16.708283944563426,-3.003017990394863,60562381,337974655408.055,-6.1689177146757,3.23238831615113,109.054691372725,0,0
SouthAfrica,2020,10,22,0.04794506162206293,-3.0376994731116405,-0.0022144067070341716,0,0,0,0,0,0,0,0,0,0,0,0,0,29.438636086203847,39.55454531582919,0.7736818167296323,16.43558520362491,-1.6321169896519883,60562381,337974655408.055,-6.1689177146757,3.23238831615113,109.054691372725,0,0
SouthAfrica,2020,11,21,0.05205969450579388,-2.9553642475506092,0.0047381095953443805,1,1,210,0,10,0,1,0,0,0,0,1,1,24.99550008773804,41.346500396728516,0.8703500032424928,15.539817492167158,-5.450172296026235,60562381,337974655408.055,-6.1689177146757,3.23238831615113,109.054691372725,3.4674990733934324e-4,0
SouthAfrica,2020,12,21,0.03759700678719407,-3.2808308384786335,0.0018942024943214796,0,0,0,0,0,0,0,0,0,0,0,0,0,22.374090974981137,47.06818147139116,0.9281818162311207,14.889127441074535,-4.187243842603705,60562381,337974655408.055,-6.1689177146757,3.23238831615113,109.054691372725,0,0
SouthAfrica,2021,1,20,0.0433873097693013,-3.1375882822624717,0.0025139871854237042,1,1,3200,0,4,0,1,0,0,0,0,1,1,24.909999847412127,52.10210559242651,1.068421056396083,15.074235779898505,1.2432450427773967,61502603,419986284375.368,4.85864865060148,4.61874544887136,93.1963897397387,0.005203031813141307,0
SouthAfrica,2021,2,20,0.04888335074932147,-3.018318415950243,0.0028512047433477683,1,1,400,89109,31,1,0,0,0,0,0,1,1,23.140526219418188,59.061052623548,1.2505789556001363,14.75065407752992,-2.1465877746192685,61502603,419986284375.368,4.85864865060148,4.61874544887136,93.1963897397387,6.503789766426634e-4,0.021217121443032106
SouthAfrica,2021,3,22,0.050789093870245286,-2.980073635039978,2.3802405136809035e-4,1,1,12000000,0,0,0,0,1,0,0,0,1,1,21.843043534652047,62.35739135742187,1.608391295308652,14.964212536811829,1.447789760097673,61502603,419986284375.368,4.85864865060148,4.61874544887136,93.1963897397387,19.511369299279902,0
SouthAfrica,2021,4,19,0.03959428148152943,-3.229070578181487,3.5637749690047536e-4,0,0,0,0,0,0,0,0,0,0,0,0,0,17.416190556117478,61.703809828985314,1.6179047652653287,14.39174093518938,-3.82560458971144,61502603,419986284375.368,4.85864865060148,4.61874544887136,93.1963897397387,0,0
SouthAfrica,2021,5,21,0.04569697538152479,-3.085723167483961,7.250880690769853e-4,0,0,0,0,0,0,0,0,0,0,0,0,0,19.760499858856203,65.15699977874756,1.6156499922275545,14.053139123049645,-2.3527508844452427,61502603,419986284375.368,4.85864865060148,4.61874544887136,93.1963897397387,0,0
SouthAfrica,2021,6,21,0.03509889200480245,-3.3495857158233044,-0.001217249959005496,0,0,0,0,0,0,0,0,0,0,0,0,0,16.95681814713911,71.3527287569913,1.5134090889583935,13.919457739049736,-0.9512563906853178,61502603,419986284375.368,4.85864865060148,4.61874544887136,93.1963897397387,0,0
SouthAfrica,2021,7,22,0.06116047231427627,-2.794254175350109,0.0018302943604874182,0,0,0,0,0,0,0,0,0,0,0,0,0,17.603333518618637,72.43047659737724,1.3084285656611119,14.492279007321304,4.1152556299989485,61502603,419986284375.368,4.85864865060148,4.61874544887136,93.1963897397387,0,0
SouthAfrica,2021,8,21,0.04178283807368057,-3.1752695961593376,-0.001077315982343375,0,0,0,0,0,0,0,0,0,0,0,0,0,17.47772723978215,67.71136318553577,1.2778636379675428,14.748217002205235,1.766029999523444,61502603,419986284375.368,4.85864865060148,4.61874544887136,93.1963897397387,0,0
SouthAfrica,2021,9,21,0.048875697708870215,-3.0184749854051955,-0.0022753928647381446,0,0,0,0,0,0,0,0,0,0,0,0,0,19.824761799403603,71.54476202101934,1.3711904798235204,14.566004189577964,-1.2354904501339137,61502603,419986284375.368,4.85864865060148,4.61874544887136,93.1963897397387,0,0
SouthAfrica,2021,10,21,0.038227086526792006,-3.264210943259957,0.0023013449457878936,0,0,0,0,0,0,0,0,0,0,0,0,0,17.869047573634546,81.22285752069382,1.577190478642782,14.82091951370239,1.7500703748720703,61502603,419986284375.368,4.85864865060148,4.61874544887136,93.1963897397387,0,0
SouthAfrica,2021,11,21,0.045363084152787544,-3.0930566290877235,0.0020787646059171865,0,0,0,0,0,0,0,0,0,0,0,0,0,18.500476246788384,78.65380932035902,1.5566190424419586,15.48515367507936,4.481733813903133,61502603,419986284375.368,4.85864865060148,4.61874544887136,93.1963897397387,0,0
SouthAfrica,2021,12,21,0.04249978759859965,-3.1582562007442627,0.0021367542098284426,1,1,8837,0,23,0,1,0,0,0,0,1,1,21.354545506564055,71.69000070745295,1.4618636315519173,15.845161728236986,2.3248594150989677,61502603,419986284375.368,4.85864865060148,4.61874544887136,93.1963897397387,0.01436849754147804,0
SouthAfrica,2022,1,21,0.061871749234469864,-2.7826915970981614,3.829594441644329e-4,2,2,100,192513,11,2,0,0,0,0,0,1,1,23.18100004196167,82.97900009155273,1.7624000012874594,15.485313279288162,-2.2710304578813734,62378410,407596043067.885,2.05813661692193,7.03987272546482,91.5697287634873,1.6031187713825987e-4,0.04723132210779019
SouthAfrica,2022,2,20,0.0397190907346807,-3.2259233319433034,0.0011875583853820256,2,2,325,0,7,2,0,0,0,0,0,1,1,25.748421116879125,91.62894680625516,1.9378420992901448,15.20772094726563,-1.7926168299986278,62378410,407596043067.885,2.05813661692193,7.03987272546482,91.5697287634873,5.210136006993445e-4,0
SouthAfrica,2022,3,22,0.0734071911487373,-2.6117333761069736,-3.5584715928975246e-4,0,0,0,0,0,0,0,0,0,0,0,0,0,26.968695682028066,108.26217385996941,2.1286087036132817,14.947350462277738,-1.7120940467723833,62378410,407596043067.885,2.05813661692193,7.03987272546482,91.5697287634873,0,0
SouthAfrica,2022,4,18,0.051338162301300234,-2.969320898856448,-0.0022978006501316196,1,1,142290,3850271,544,1,0,0,0,0,0,1,1,24.373500156402585,101.64049949645995,2.747150003910064,14.98503103256226,0.2520886252022736,62378410,407596043067.885,2.05813661692193,7.03987272546482,91.5697287634873,0.22810776998002996,0.9446291409062424
SouthAfrica,2022,5,21,0.06870136978015544,-2.6779861413768336,-2.2626777286119135e-4,1,1,200,0,0,1,0,0,0,0,0,1,1,29.445714587257022,109.25952293759302,2.899571430115473,15.867641656295126,5.8899485881274805,62378410,407596043067.885,2.05813661692193,7.03987272546482,91.5697287634873,3.2062375427651974e-4,0
SouthAfrica,2022,6,21,0.07144554324506605,-2.6388197524080335,-0.004045252288083136,1,1,204,0,0,1,0,0,0,0,0,1,1,28.100000018165233,114.33904811314167,3.140523796989804,15.804883046583692,-0.39551315230600403,62378410,407596043067.885,2.05813661692193,7.03987272546482,91.5697287634873,3.270362293620501e-4,0
SouthAfrica,2022,7,21,0.06929872772828821,-2.669328731853966,0.0019103373767877705,0,0,0,0,0,0,0,0,0,0,0,0,0,24.86850004196167,99.38449974060059,2.891750001907348,16.822510310581745,6.438688986173924,62378410,407596043067.885,2.05813661692193,7.03987272546482,91.5697287634873,0,0
SouthAfrica,2022,8,22,0.048562556140844294,-3.0249024948015175,-0.0011193838768046185,0,0,0,0,0,0,0,0,0,0,0,0,0,22.169565366662077,91.48260862930961,2.8993043173914375,16.68908492378566,-0.7931360084360128,62378410,407596043067.885,2.05813661692193,7.03987272546482,91.5697287634873,0,0
SouthAfrica,2022,9,22,0.060631403757295636,-2.8029423063165186,-0.0024511239691542962,0,0,0,0,0,0,0,0,0,0,0,0,0,27.40619041806175,83.8019049508231,3.5168095316205696,17.546334766206286,5.13658985100407,62378410,407596043067.885,2.05813661692193,7.03987272546482,91.5697287634873,0,0
SouthAfrica,2022,10,21,0.056341103083657855,-2.8763309376759176,0.0021514921823482885,0,0,0,0,0,0,0,0,0,0,0,0,0,30.0057144165039,87.0309524536133,3.9708095050993424,18.062031791323708,2.9390583958915473,62378410,407596043067.885,2.05813661692193,7.03987272546482,91.5697287634873,0,0
SouthAfrica,2022,11,22,0.07018670422536649,-2.6565963843875853,0.00524601567436916,0,0,0,0,0,0,0,0,0,0,0,0,0,23.436190650576634,84.38571457635788,3.8860476471128913,17.493890415538445,-3.1455009178877447,62378410,407596043067.885,2.05813661692193,7.03987272546482,91.5697287634873,0,0
SouthAfrica,2022,12,19,0.04248722199891829,-3.1585519071076806,-0.0012667147282477448,1,1,56177,0,17,1,0,0,0,0,0,1,1,21.7842856815883,76.51809510730561,3.61857142902556,17.24647253209895,-1.4143102395321683,62378410,407596043067.885,2.05813661692193,7.03987272546482,91.5697287634873,0.09005840321996024,0
SouthAfrica,2023,1,21,0.042606640492811536,-3.155745157741908,0.004016099605769494,0,0,0,0,0,0,0,0,0,0,0,0,0,20.202999973297132,78.16400032043458,3.5390500068664554,17.026025772094723,-1.2782136149518841,63212384,381440724491.232,0.80610455095804,6.0752438457966,89.7117995863871,0,0
SouthAfrica,2023,2,20,0.042876609877582274,-3.1494288260357637,-0.0011085812411372406,1,1,1000,0,17,1,0,0,0,0,0,1,1,20.062105379606546,76.86052583393297,3.7481578902194372,17.838816356658935,4.773812723203785,63212384,381440724491.232,0.80610455095804,6.0752438457966,89.7117995863871,0.0015819684952872526,0
SouthAfrica,2023,3,22,0.05483549414968575,-2.9034175912361047,-0.00096547773372195945,1,1,500,0,3,1,0,0,0,0,0,1,1,21.644347895746655,73.37260934580928,3.6646086962326714,18.247003140656844,2.288194327677684,63212384,381440724491.232,0.80610455095804,6.0752438457966,89.7117995863871,7.909842476436263e-4,0
SouthAfrica,2023,4,17,0.028917869367240497,-3.5432955577375194,0.0016149394756788508,0,0,0,0,0,0,0,0,0,0,0,0,0,17.8178946344476,79.43842155054998,3.462578949175384,18.149695441836403,-0.533280441014583,63212384,381440724491.232,0.80610455095804,6.0752438457966,89.7117995863871,0,0
SouthAfrica,2023,5,22,0.04353210380324282,-3.1342565946238556,-0.0018689637275439708,0,0,0,0,0,0,0,0,0,0,0,0,0,17.644090999256488,71.62090925736862,3.5740454522046186,19.036814399387534,4.887789772528395,63212384,381440724491.232,0.80610455095804,6.0752438457966,89.7117995863871,0,0
SouthAfrica,2023,6,21,0.043749042895477,-3.129285543092623,6.053400151764145e-4,1,1,150,0,5,0,1,0,0,0,0,1,1,13.994285628909152,70.27428545270648,3.7471904868171313,18.690842128935316,-1.8173853208515278,63212384,381440724491.232,0.80610455095804,6.0752438457966,89.7117995863871,2.372952742930879e-4,0
SouthAfrica,2023,7,21,0.040966016489866794,-3.1950124220780793,0.0018127864278701473,0,0,0,0,0,0,0,0,0,0,0,0,0,13.94399991035461,76.03449974060058,3.8950000286102306,18.174666144631136,-2.761651833253076,63212384,381440724491.232,0.80610455095804,6.0752438457966,89.7117995863871,0,0
SouthAfrica,2023,8,22,0.04806705346340007,-3.0351582957430088,-0.0023771365377890674,0,0,0,0,0,0,0,0,0,0,0,0,0,15.853912975477135,81.32086977751358,4.167434816775114,18.76329305897588,3.238722019213691,63212384,381440724491.232,0.80610455095804,6.0752438457966,89.7117995863871,0,0
SouthAfrica,2023,9,20,0.041770723067932815,-3.17555958992303,-0.0017450494914799108,1,1,5000,0,11,1,0,0,0,0,0,1,1,15.241000032424925,89.43050003051758,4.375349998474121,18.97184686660766,1.111498962235813,63212384,381440724491.232,0.80610455095804,6.0752438457966,89.7117995863871,0.007909842476436262,0
SouthAfrica,2023,10,22,0.045717555021569704,-3.085272918703995,-0.0017471773277139104,0,0,0,0,0,0,0,0,0,0,0,0,0,18.887727303938444,85.46681837602095,4.79795451597734,19.02901805530895,0.3013475129926224,63212384,381440724491.232,0.80610455095804,6.0752438457966,89.7117995863871,0,0
SouthAfrica,2023,11,22,0.05721618931081718,-2.8609183907324027,0.0036843450396218847,0,0,0,0,0,0,0,0,0,0,0,0,0,14.077142897106343,77.37666720435733,4.50476192292713,18.51478082483464,-2.702384479218256,63212384,381440724491.232,0.80610455095804,6.0752438457966,89.7117995863871,0,0
SouthAfrica,2023,12,18,0.057922342061568,-2.848652095576339,9.90507317142095e-4,2,2,3017,0,35,1,1,0,0,0,0,1,1,12.71849999427795,72.12350006103514,4.022749972343445,18.613678069341756,0.5341529313404481,63212384,381440724491.232,0.80610455095804,6.0752438457966,89.7117995863871,0.004772798950281641,0
SouthAfrica,2024,1,22,0.043032642997385684,-3.1457963118151135,-0.0014030925459879873,3,3,8819,10263,59,1,1,0,1,0,0,1,1,13.395238149733762,73.86095210484096,4.054714282353719,18.74089556154998,0.6834624072378448,64007187,401144998373.585,0.534843531905139,4.36115246518962,89.4476360173443,0.013778140257905726,0.002558426514504888
SouthAfrica,2024,2,21,0.030358789427130425,-3.49466920119138,-0.0011808830930538268,0,0,0,0,0,0,0,0,0,0,0,0,0,13.944000101089475,76.61000022888183,4.211700010299683,18.96513475690568,1.1965233711443535,64007187,401144998373.585,0.534843531905139,4.36115246518962,89.4476360173443,0,0
SouthAfrica,2024,3,19,0.03297274639745068,-3.4120739254753936,0.001291154252539597,0,0,0,0,0,0,0,0,0,0,0,0,0,13.78749990463257,80.40499992370606,4.20809998512268,18.84759738228538,-0.6197550195497725,64007187,401144998373.585,0.534843531905139,4.36115246518962,89.4476360173443,0,0
SouthAfrica,2024,4,21,0.0389506984794758,-3.2454585741053528,9.739511684652466e-4,1,1,13895,0,1,0,1,0,0,0,0,1,1,16.13772708719427,84.39409117265183,4.538318135521629,18.867315379056073,0.10461809200799088,64007187,401144998373.585,0.534843531905139,4.36115246518962,89.4476360173443,0.02170849970332238,0
SouthAfrica,2024,5,21,0.02894129946536428,-3.542485656735578,3.915295005034307e-4,0,0,0,0,0,0,0,0,0,0,0,0,0,13.090454535050823,78.6213642467152,4.481954509561712,18.37987856431441,-2.583498526148287,64007187,401144998373.585,0.534843531905139,4.36115246518962,89.4476360173443,0,0
SouthAfrica,2024,6,19,0.04871502762531048,-3.0217677210248235,0.0020211349542341773,1,1,46620,51316,21,1,0,0,0,0,0,1,1,12.676842037000158,78.69842127749794,4.305105234447279,18.392367862519766,0.06795092884674947,64007187,401144998373.585,0.534843531905139,4.36115246518962,89.4476360173443,0.0728355707930111,0.012792381858943078
SouthAfrica,2024,7,23,0.03507208188633442,-3.350349852852788,0.001636865178513942,0,0,0,0,0,0,0,0,0,0,0,0,0,14.470000050284641,80.4813638166948,4.246090910651467,18.23055549289869,-0.8797799762955916,64007187,401144998373.585,0.534843531905139,4.36115246518962,89.4476360173443,0,0
SouthAfrica,2024,8,21,0.03540112314965786,-3.3410117319542465,5.632289991276242e-4,0,0,0,0,0,0,0,0,0,0,0,0,0,19.31227272207087,75.4336367520419,3.8704091093756947,18.038671856834775,-1.052538613750198,64007187,401144998373.585,0.534843531905139,4.36115246518962,89.4476360173443,0,0
SouthAfrica,2024,9,20,0.04056590368741241,-3.204827375867844,0.0016434778088370897,0,0,0,0,0,0,0,0,0,0,0,0,0,17.768999814987193,69.37249946594238,3.7196500062942506,17.59378285841508,-2.466306843156685,64007187,401144998373.585,0.534843531905139,4.36115246518962,89.4476360173443,0,0
SouthAfrica,2024,10,23,0.028290318165770205,-3.5652356471511255,-5.885091685983123e-4,1,1,3090,0,10,1,0,0,0,0,0,1,1,19.960869581803042,71.56173838739811,4.092913036761077,17.56858799674294,-0.14320320919549712,64007187,401144998373.585,0.534843531905139,4.36115246518962,89.4476360173443,0.00482758287752905,0
SouthAfrica,2024,11,21,0.02961807101662323,-3.519370596617548,-4.901566406255243e-4,0,0,0,0,0,0,0,0,0,0,0,0,0,16.12100005149841,69.54399986267089,4.3548500776290915,17.735225995381676,0.9484996669602896,64007187,401144998373.585,0.534843531905139,4.36115246518962,89.4476360173443,0,0
SouthAfrica,2024,12,18,0.030224569518468265,-3.4991001251478595,-3.725950164310786e-4,0,0,0,0,0,0,0,0,0,0,0,0,0,15.79200010299683,69.59650001525878,4.382350015640259,18.200034748424184,2.620822272936052,64007187,401144998373.585,0.534843531905139,4.36115246518962,89.4476360173443,0,0
